topic,paper_ID,sentence_ID,info-unit,sub,pred,obj,triplets,pred_weights
MT2022_2025,W4392343318,0,auto,NF,-,κB in biology,NF - κB in biology,0.56179374
MT2022_2025,W4392343318,1,auto,Initially,",",NF - κB,"Initially , NF - κB",0.55640817
MT2022_2025,W4392343318,2,auto,However,",",with extensive and,"However , with extensive and",0.6130972
MT2022_2025,W4392343318,3,auto,In,this,"review , we","In this review , we",0.7411143
MT2022_2025,W4392343318,4,auto,We,investigate,the interaction of,We investigate the interaction of,0.6753594
MT2022_2025,W4392343318,5,auto,The,physiological,and pathological states,The physiological and pathological states,0.7580496
MT2022_2025,W4392343318,6,auto,Additionally,",",we illustrate how,"Additionally , we illustrate how",0.56520987
MT2022_2025,W4392343318,7,auto,Further,",",we discuss the,"Further , we discuss the",0.6482988
MT2022_2025,W4392343318,8,auto,We,hope,to present a,We hope to present a,0.7114594
MT2022_2025,W4392343318,10,auto,In,1986,", Ranjan Sen","In 1986 , Ranjan Sen",0.69020015
MT2022_2025,W4392343318,11,auto,THE,HISTORY,AND DEVELOPMENT OF,THE HISTORY AND DEVELOPMENT OF,0.59297264
MT2022_2025,W4392343318,12,auto,The,mammalian,NF - κB,The mammalian NF - κB,0.6328094
MT2022_2025,W4392343318,13,auto,Due,to,the sharing of,Due to the sharing of,0.6338199
MT2022_2025,W4392343318,14,auto,6,7,"8 , 9","6 7 8 , 9",0.6830066
MT2022_2025,W4392343318,15,auto,10,10,"1 11 ,","10 10 1 11 ,",0.7099142
MT2022_2025,W4392343318,16,auto,13,IκBα,", IκBβ ,","13 IκBα , IκBβ ,",0.7750031
MT2022_2025,W4392343318,17,auto,8,8,7 Phosphorylation of,8 8 7 Phosphorylation of,0.6580466
MT2022_2025,W4392343318,18,auto,IκB,is,phosphorylated by the,IκB is phosphorylated by the,0.5497058
MT2022_2025,W4392343318,19,auto,Therefore,",",IKK is a,"Therefore , IKK is a",0.65973973
MT2022_2025,W4392343318,20,auto,In,addition,", IKKα and","In addition , IKKα and",0.6065139
MT2022_2025,W4392343318,21,auto,38,38,39 Activation and,38 38 39 Activation and,0.5967334
MT2022_2025,W4392343318,22,auto,NF,-,κB signaling may,NF - κB signaling may,0.57148427
MT2022_2025,W4392343318,23,auto,6,",",40 41 41,"6 , 40 41 41",0.58274645
MT2022_2025,W4392343318,24,auto,When,Notch,signaling is transmitted,When Notch signaling is transmitted,0.7372514
MT2022_2025,W4392343318,25,auto,The,network,of interactions between,The network of interactions between,0.7598201
MT2022_2025,W4392343318,26,auto,158,",",159 160 161,"158 , 159 160 161",0.40132082
MT2022_2025,W4392343318,27,auto,Mammalian,TLRs,are expressed in,Mammalian TLRs are expressed in,0.74498516
MT2022_2025,W4392343318,28,auto,TLR,recognizes,and interacts with,TLR recognizes and interacts with,0.5663847
MT2022_2025,W4392343318,29,auto,175,176,177 178 179,175 176 177 178 179,0.5874598
MT2022_2025,W4392343318,30,auto,In,response,to inflammatory stimuli,In response to inflammatory stimuli,0.7284977
MT2022_2025,W4392343318,31,auto,Drosophila,studies,revealed that NF,Drosophila studies revealed that NF,0.6088109
MT2022_2025,W4392343318,32,auto,184,[,185 ] [,184 [ 185 ] [,0.8305019
MT2022_2025,W4392343318,33,auto,Due,to,the key regulatory,Due to the key regulatory,0.64007103
MT2022_2025,W4392343318,34,auto,Innate,immune,"cells , such","Innate immune cells , such",0.7121102
MT2022_2025,W4392343318,35,auto,These,cells,express pattern recognition,These cells express pattern recognition,0.5566049
MT2022_2025,W4392343318,36,auto,One,crucial,signaling pathway activated,One crucial signaling pathway activated,0.6904304
MT2022_2025,W4392343318,37,auto,These,inflammatory,mediators can directly,These inflammatory mediators can directly,0.6922043
MT2022_2025,W4392343318,38,auto,One,common,signaling transduction event,One common signaling transduction event,0.6473321
MT2022_2025,W4392343318,39,auto,217,218,"219 , 220","217 218 219 , 220",0.73497087
MT2022_2025,W4392343318,40,auto,In,addition,to regulating T,In addition to regulating T,0.6424207
MT2022_2025,W4392343318,41,auto,In,conclusion,", NF -","In conclusion , NF -",0.6195076
MT2022_2025,W4392343318,42,auto,It,regulates,T and B,It regulates T and B,0.69965744
MT2022_2025,W4392343318,43,auto,Additionally,",",it controls the,"Additionally , it controls the",0.6292
MT2022_2025,W4392343318,44,auto,Further,research,into the mechanisms,Further research into the mechanisms,0.6819011
MT2022_2025,W4392343318,45,auto,NF,-,κB signaling and,NF - κB signaling and,0.52277666
MT2022_2025,W4392343318,46,auto,The,tumor,microenvironment comprises immune,The tumor microenvironment comprises immune,0.69092894
MT2022_2025,W4392343318,47,auto,230,231,", 232 233","230 231 , 232 233",0.7085038
MT2022_2025,W4392343318,48,auto,Tumor,-,induced chronic inflammatory,Tumor - induced chronic inflammatory,0.59605545
MT2022_2025,W4392343318,49,auto,191,244,"245 246 ,","191 244 245 246 ,",0.7658393
MT2022_2025,W4392343318,50,auto,In,normal,"cells , NF","In normal cells , NF",0.75903505
MT2022_2025,W4392343318,51,auto,Upon,degradation,"of IκB ,","Upon degradation of IκB ,",0.67840445
MT2022_2025,W4392343318,52,auto,Constitutive,activation,of NF -,Constitutive activation of NF -,0.59107834
MT2022_2025,W4392343318,53,auto,The,target,genes transcriptionally regulated,The target genes transcriptionally regulated,0.6192991
MT2022_2025,W4392343318,54,auto,However,",",these responses can,"However , these responses can",0.66589874
MT2022_2025,W4392343318,55,auto,Although,the,targets of NF,Although the targets of NF,0.7276461
MT2022_2025,W4392343318,56,auto,251,1,Proliferation .,251 1 Proliferation .,0.643523
MT2022_2025,W4392343318,57,auto,NF,-,κB plays a,NF - κB plays a,0.5582292
MT2022_2025,W4392343318,58,auto,Major,mechanisms,include inducing the,Major mechanisms include inducing the,0.7434401
MT2022_2025,W4392343318,59,auto,Early,in,"1999 , Guttridge","Early in 1999 , Guttridge",0.5972524
MT2022_2025,W4392343318,60,auto,252,253,4 254 255,252 253 4 254 255,0.7777052
MT2022_2025,W4392343318,61,auto,Inducing,angiogenesis,is an essential,Inducing angiogenesis is an essential,0.71052015
MT2022_2025,W4392343318,62,auto,Growth,factors,are major regulators,Growth factors are major regulators,0.69976103
MT2022_2025,W4392343318,63,auto,These,proangiogenic,factors can be,These proangiogenic factors can be,0.6760554
MT2022_2025,W4392343318,66,auto,285,RelA,was a key,285 RelA was a key,0.65744567
MT2022_2025,W4392343318,67,auto,In,wild,- type p53,In wild - type p53,0.6951507
MT2022_2025,W4392343318,68,auto,The,inhibition,of RelA leads,The inhibition of RelA leads,0.71787703
MT2022_2025,W4392343318,69,auto,286,287,"189 , [","286 287 189 , [",0.6809222
MT2022_2025,W4392343318,70,auto,Chemotherapy,and,radiotherapy largely act,Chemotherapy and radiotherapy largely act,0.5713238
MT2022_2025,W4392343318,71,auto,However,",",as mentioned above,"However , as mentioned above",0.60724473
MT2022_2025,W4392343318,72,auto,Cells,of,innate immunity :,Cells of innate immunity :,0.591604
MT2022_2025,W4392343318,73,auto,Depending,on,"specific conditions ,","Depending on specific conditions ,",0.6669722
MT2022_2025,W4392343318,74,auto,NF,-,κB serves as,NF - κB serves as,0.56988424
MT2022_2025,W4392343318,75,auto,Rheumatoid,arthritis,( RA ),Rheumatoid arthritis ( RA ),0.77418464
MT2022_2025,W4392343318,76,auto,Its,main,pathological features include,Its main pathological features include,0.59477025
MT2022_2025,W4392343318,77,auto,312,313,314 315 316,312 313 314 315 316,0.47306293
MT2022_2025,W4392343318,78,auto,Osteoarthritis,(,OA ) is,Osteoarthritis ( OA ) is,0.5924885
MT2022_2025,W4392343318,79,auto,322,323,323 4 d,322 323 323 4 d,0.7702384
MT2022_2025,W4392343318,80,auto,Multiple,sclerosis,( MS ),Multiple sclerosis ( MS ),0.7452706
MT2022_2025,W4392343318,81,auto,329,330,"190 , 331","329 330 190 , 331",0.723811
MT2022_2025,W4392343318,82,auto,In,the,context of SLE,In the context of SLE,0.69043815
MT2022_2025,W4392343318,83,auto,349,350,"351 , 352","349 350 351 , 352",0.6582935
MT2022_2025,W4392343318,84,auto,Asthma,is,characterized by variable,Asthma is characterized by variable,0.552785
MT2022_2025,W4392343318,85,auto,376,377,378 379 4,376 377 378 379 4,0.7638844
MT2022_2025,W4392343318,86,auto,Previous,studies,have shown that,Previous studies have shown that,0.6225451
MT2022_2025,W4392343318,87,auto,Acute,kidney,injury ( AKI,Acute kidney injury ( AKI,0.6929586
MT2022_2025,W4392343318,88,auto,Inflammation,induced,by AKI contributes,Inflammation induced by AKI contributes,0.61622715
MT2022_2025,W4392343318,89,auto,389,390,Cardiovascular diseases Atherosclerosis,389 390 Cardiovascular diseases Atherosclerosis,0.68363345
MT2022_2025,W4392343318,90,auto,Atherosclerosis,is,a chronic inflammatory,Atherosclerosis is a chronic inflammatory,0.60583013
MT2022_2025,W4392343318,91,auto,Among,them,", the prominent","Among them , the prominent",0.64523727
MT2022_2025,W4392343318,92,auto,391,[,392 ] [,391 [ 392 ] [,0.82416916
MT2022_2025,W4392343318,93,auto,The,majority,of myocardial infarction,The majority of myocardial infarction,0.6857221
MT2022_2025,W4392343318,94,auto,Spontaneous,or,therapeutic revascularization leads,Spontaneous or therapeutic revascularization leads,0.5870624
MT2022_2025,W4392343318,95,auto,410,411,[ 412 ],410 411 [ 412 ],0.7489887
MT2022_2025,W4392343318,96,auto,Insulin,resistance,", characterized by","Insulin resistance , characterized by",0.6853462
MT2022_2025,W4392343318,97,auto,416,417,"182 , 418","416 417 182 , 418",0.7322355
MT2022_2025,W4392343318,98,auto,Over,30,% of the,Over 30 % of the,0.56628
MT2022_2025,W4392343318,99,auto,444,445,446 447 448,444 445 446 447 448,0.5965965
MT2022_2025,W4392343318,100,auto,Inflammation,in,the central nervous,Inflammation in the central nervous,0.5282991
MT2022_2025,W4392343318,101,auto,465,466,4i Inhibiting excessive,465 466 4i Inhibiting excessive,0.77971995
MT2022_2025,W4392343318,102,auto,Research,has,shown that geniposide,Research has shown that geniposide,0.6086761
MT2022_2025,W4392343318,103,auto,467,468,469 470 Valproic,467 468 469 470 Valproic,0.6874946
MT2022_2025,W4392343318,104,auto,This,promotes,the transition of,This promotes the transition of,0.7291655
MT2022_2025,W4392343318,105,auto,Consequently,",",VPA reduces SCI,"Consequently , VPA reduces SCI",0.6259197
MT2022_2025,W4392343318,106,auto,471,472,473 474,471 472 473 474,0.70013213
MT2022_2025,W4392343318,107,auto,During,the,initial stages of,During the initial stages of,0.7291089
MT2022_2025,W4392343318,108,auto,Studies,have,highlighted that upon,Studies have highlighted that upon,0.6098371
MT2022_2025,W4392343318,109,auto,475,",","476 476 ,","475 , 476 476 ,",0.7276188
MT2022_2025,W4392343318,110,auto,Although,NF,- κB activation,Although NF - κB activation,0.43029052
MT2022_2025,W4392343318,111,auto,479,STRATEGIES,FOR TARGETING NF,479 STRATEGIES FOR TARGETING NF,0.7185839
MT2022_2025,W4392343318,112,auto,Aspirin,",",a nonsteroidal anti-inflammatory,"Aspirin , a nonsteroidal anti-inflammatory",0.5536838
MT2022_2025,W4392343318,113,auto,Elizabeth,Kopp,et al. first,Elizabeth Kopp et al. first,0.6780893
MT2022_2025,W4392343318,114,auto,480,481,"5 Furthermore ,","480 481 5 Furthermore ,",0.7029596
MT2022_2025,W4392343318,115,auto,Mechanistically,",",aspirin reduces the,"Mechanistically , aspirin reduces the",0.5992765
MT2022_2025,W4392343318,116,auto,482,483,484 2 Sodium,482 483 484 2 Sodium,0.81671655
MT2022_2025,W4392343318,117,auto,Sodium,salicylate,", similar to","Sodium salicylate , similar to",0.68596196
MT2022_2025,W4392343318,118,auto,It,has,been discovered that,It has been discovered that,0.62979513
MT2022_2025,W4392343318,119,auto,In,the,context of anti,In the context of anti,0.7501302
MT2022_2025,W4392343318,120,auto,This,neuroprotective,effect is achieved,This neuroprotective effect is achieved,0.6336176
MT2022_2025,W4392343318,121,auto,Studies,have,demonstrated that dexamethasone,Studies have demonstrated that dexamethasone,0.5512223
MT2022_2025,W4392343318,122,auto,496,5,497 498 Thalidomide,496 5 497 498 Thalidomide,0.6108315
MT2022_2025,W4392343318,123,auto,Thalidomide,",",initially developed as,"Thalidomide , initially developed as",0.504988
MT2022_2025,W4392343318,124,auto,Its,mechanism,of action involves,Its mechanism of action involves,0.74629694
MT2022_2025,W4392343318,125,auto,Multiple,studies,have indicated that,Multiple studies have indicated that,0.66419834
MT2022_2025,W4392343318,126,auto,499,",",500 501,"499 , 500 501",0.4668638
MT2022_2025,W4392343318,127,auto,It,can,inhibit tumor necrosis,It can inhibit tumor necrosis,0.6152088
MT2022_2025,W4392343318,128,auto,502,503,504 505 506,502 503 504 505 506,0.64456016
MT2022_2025,W4392343318,129,auto,518,",",519 520 521,"518 , 519 520 521",0.41473207
MT2022_2025,W4392343318,130,auto,Proteasome,inhibitors,Proteasome inhibitors mainly,Proteasome inhibitors Proteasome inhibitors mainly,0.8469515
MT2022_2025,W4392343318,131,auto,544,545,"546 , 547","544 545 546 , 547",0.81321335
MT2022_2025,W4392343318,132,auto,554,545,[ 555 ],554 545 [ 555 ],0.81552434
MT2022_2025,W4392343318,133,auto,Tacrolimus,(,FK506 ) is,Tacrolimus ( FK506 ) is,0.54558766
MT2022_2025,W4392343318,134,auto,560,",","561 562 ,","560 , 561 562 ,",0.7821362
MT2022_2025,W4392343318,135,auto,The,IκBα,super - repressor,The IκBα super - repressor,0.514108
MT2022_2025,W4392343318,136,auto,As,a,"result , the","As a result , the",0.62445426
MT2022_2025,W4392343318,137,auto,Emerging,preclinical,evidence has addressed,Emerging preclinical evidence has addressed,0.6741746
MT2022_2025,W4392343318,138,auto,Glucocorticoids,exert,their effects by,Glucocorticoids exert their effects by,0.71117514
MT2022_2025,W4392343318,139,auto,The,precise,effect of glucocorticoids,The precise effect of glucocorticoids,0.57339925
MT2022_2025,W4392343318,140,auto,On,one,"hand , glucocorticoid","On one hand , glucocorticoid",0.76307935
MT2022_2025,W4392343318,141,auto,This,activation,of gene expression,This activation of gene expression,0.7771673
MT2022_2025,W4392343318,142,auto,On,the,"other hand ,","On the other hand ,",0.72280556
MT2022_2025,W4392343318,143,auto,GR,activation,can cause genome,GR activation can cause genome,0.7134802
MT2022_2025,W4392343318,144,auto,Due,to,their potent anti-inflammatory,Due to their potent anti-inflammatory,0.5493754
MT2022_2025,W4392343318,146,auto,PPAR,(,peroxisome proliferator -,PPAR ( peroxisome proliferator -,0.39822412
MT2022_2025,W4392343318,147,auto,There,are,three main isoforms,There are three main isoforms,0.63682723
MT2022_2025,W4392343318,149,auto,Immunotherapy,Scientists,have developed an,Immunotherapy Scientists have developed an,0.6491578
MT2022_2025,W4392343318,150,auto,In,a,mouse model of,In a mouse model of,0.62504977
MT2022_2025,W4392343318,151,auto,591,592,593 594 595,591 592 593 594 595,0.7024436
MT2022_2025,W4392343318,152,auto,Inhibitors,of,NF - κB,Inhibitors of NF - κB,0.5104685
MT2022_2025,W4392343318,153,auto,The,clinical,implications of RIG,The clinical implications of RIG,0.6822242
MT2022_2025,W4392343318,154,auto,597,598,599 600 601,597 598 599 600 601,0.7385432
MT2022_2025,W4392343318,156,auto,In,summary,", NF -","In summary , NF -",0.5974525
MT2022_2025,W4392343318,157,auto,Therefore,",",developing therapeutic approaches,"Therefore , developing therapeutic approaches",0.5996219
MT2022_2025,W4392343318,158,auto,However,",",the NF -,"However , the NF -",0.6507063
MT2022_2025,W4392343318,159,auto,Hence,",",the future research,"Hence , the future research",0.5849413
MT2022_2025,W4392343318,160,auto,Prospectively,",",strategies targeting NF,"Prospectively , strategies targeting NF",0.5869117
MT2022_2025,W4392343318,162,auto,In,the,field of NF,In the field of NF,0.7851136
MT2022_2025,W4392343318,163,auto,More,is,known about NF,More is known about NF,0.6406157
MT2022_2025,W4392343318,164,auto,The,timing,of activation can,The timing of activation can,0.70617557
MT2022_2025,W4392343318,165,auto,Oscillatory,activation,of NF -,Oscillatory activation of NF -,0.7071232
MT2022_2025,W4392343318,166,auto,610,611,612 613 614,610 611 612 613 614,0.7068069
MT2022_2025,W4392343318,167,auto,The,crosstalk,between NF -,The crosstalk between NF -,0.6495768
MT2022_2025,W4392343318,168,auto,(,1,) The activation,( 1 ) The activation,0.59841985
MT2022_2025,W4392343318,169,auto,JAK,-,STAT3 can act,JAK - STAT3 can act,0.6051141
MT2022_2025,W4392343318,170,auto,Dvl,inhibits,NF - κB,Dvl inhibits NF - κB,0.5776567
MT2022_2025,W4392343318,171,auto,APC,adenomatosis,polyposis coli protein,APC adenomatosis polyposis coli protein,0.7731756
MT2022_2025,W4392343318,172,auto,Furthermore,",",NF - κB,"Furthermore , NF - κB",0.5694909
MT2022_2025,W4392343318,173,auto,BAFF,TNF,superfamily member 13b,BAFF TNF superfamily member 13b,0.6646724
MT2022_2025,W4392343318,174,auto,b,NF,- κB plays,b NF - κB plays,0.5220591
MT2022_2025,W4392343318,175,auto,In,the,context of innate,In the context of innate,0.73053014
MT2022_2025,W4392343318,176,auto,Additionally,",",NF - κB,"Additionally , NF - κB",0.5415932
MT2022_2025,W4392343318,177,auto,Concerning,adaptive,"immunity , NF","Concerning adaptive immunity , NF",0.7886433
MT2022_2025,W4392343318,178,auto,Moreover,",",under the stimulation,"Moreover , under the stimulation",0.60942745
MT2022_2025,W4392343318,179,auto,TH,helper,"T cell ,","TH helper T cell ,",0.6853446
MT2022_2025,W4392343318,180,auto,c,Tumor,occurrence and progression,c Tumor occurrence and progression,0.6645266
MT2022_2025,W4392343318,181,auto,Overactivation,of,NF - κB,Overactivation of NF - κB,0.48369658
MT2022_2025,W4392343318,182,auto,CAF,cancer,- associated fibroblasts,CAF cancer - associated fibroblasts,0.68026835
MT2022_2025,W4392343318,183,auto,Table,1,. 1 Overview,Table 1 . 1 Overview,0.5694225
MT2022_2025,W4392343318,184,auto,.,.,Guo et al.,. . Guo et al.,0.62883383
MT2022_2025,W4392343318,185,auto,Xia,et,al. reported increased,Xia et al. reported increased,0.5756977
MT2022_2025,W4392343318,186,auto,Vreka,et,al. further confirmed,Vreka et al. further confirmed,0.5430927
MT2022_2025,W4392343318,187,auto,Disease,Mechanism,Table 2 .,Disease Mechanism Table 2 .,0.72389424
MT2022_2025,W4392343318,188,auto,Inflammation,",","infection , cancer","Inflammation , infection , cancer",0.5440322
MT2022_2025,W4392343318,189,auto,Multiple,myeloma,pathway to inhibit,Multiple myeloma pathway to inhibit,0.7181127
MT2022_2025,W4392343318,190,auto,Non-coding,RNAs,Cancer Engage in,Non-coding RNAs Cancer Engage in,0.6320349
MT2022_2025,W4392343318,191,auto,.,.,Guo et al.,. . Guo et al.,0.62883383
MT2022_2025,W4392343318,193,auto,This,study,was supported by,This study was supported by,0.4810544
MT2022_2025,W4392343318,194,auto,Q.G.,",","Y.J. , X.C.","Q.G. , Y.J. , X.C.",0.4993048
MT2022_2025,W4392343318,195,auto,Manuscripts,and,figures were further,Manuscripts and figures were further,0.67131734
MT2022_2025,W4392343318,196,auto,All,authors,have read and,All authors have read and,0.58490103
MT2022_2025,W4392343318,198,auto,Competing,interests,: The authors,Competing interests : The authors,0.60459435
MT2022_2025,W4392343318,199,auto,Multiple,nuclear,factors interact with,Multiple nuclear factors interact with,0.79004925
MT2022_2025,W4392343318,200,auto,A,nuclear,factor that binds,A nuclear factor that binds,0.6764514
MT2022_2025,W4392343318,201,auto,The,involvement,of NFkappa B,The involvement of NFkappa B,0.66005355
MT2022_2025,W4392343318,202,auto,Cancer,Biol,85 2022 NF,Cancer Biol 85 2022 NF,0.69005764
MT2022_2025,W4392343318,203,auto,The,tumor,suppressor functions of,The tumor suppressor functions of,0.65326667
MT2022_2025,W4392343318,205,auto,Biol,2,158 2010,Biol 2 158 2010,0.6611706
MT2022_2025,W4392343318,206,auto,Intramolecular,masking,of the nuclear,Intramolecular masking of the nuclear,0.7466723
MT2022_2025,W4392343318,207,auto,The,ubiquitinproteasome,pathway is required,The ubiquitinproteasome pathway is required,0.6739995
MT2022_2025,W4392343318,208,auto,The,Bcl,- 3 oncoprotein,The Bcl - 3 oncoprotein,0.6120013
MT2022_2025,W4392343318,209,auto,The,bcl,- 3 proto,The bcl - 3 proto,0.7627986
MT2022_2025,W4392343318,210,auto,The,NF,- κB regulator,The NF - κB regulator,0.53169507
MT2022_2025,W4392343318,211,auto,The,oncoprotein,Bcl - 3,The oncoprotein Bcl - 3,0.70453835
MT2022_2025,W4392343318,212,auto,The,putative,oncoprotein Bcl -,The putative oncoprotein Bcl -,0.60583246
MT2022_2025,W4392343318,213,auto,Shaping,the,nuclear action of,Shaping the nuclear action of,0.7514099
MT2022_2025,W4392343318,214,auto,Immunol,87,2009 IkappaB kinases,Immunol 87 2009 IkappaB kinases,0.53571606
MT2022_2025,W4392343318,215,auto,Chem,274,1999 Tumor necrosis,Chem 274 1999 Tumor necrosis,0.67292356
MT2022_2025,W4392343318,216,auto,Chem,278,2003 Targeting NF,Chem 278 2003 Targeting NF,0.6454922
MT2022_2025,W4392343318,217,auto,Target,Ther,5 209 2020,Target Ther 5 209 2020,0.65539736
MT2022_2025,W4392343318,219,auto,Dimerization,of,the I kappa,Dimerization of the I kappa,0.65399283
MT2022_2025,W4392343318,220,auto,Chem,275,2000 NEMO ensures,Chem 275 2000 NEMO ensures,0.6828206
MT2022_2025,W4392343318,221,auto,The,TNF,receptor 1 -,The TNF receptor 1 -,0.6830867
MT2022_2025,W4392343318,222,auto,A,novel,mechanism of TRAF,A novel mechanism of TRAF,0.65648586
MT2022_2025,W4392343318,223,auto,Immunol,9,2008 A20 and,Immunol 9 2008 A20 and,0.6405788
MT2022_2025,W4392343318,224,auto,De-ubiquitination,and,ubiquitin ligase domains,De-ubiquitination and ubiquitin ligase domains,0.526558
MT2022_2025,W4392343318,225,auto,The,tumour,suppressor CYLD negatively,The tumour suppressor CYLD negatively,0.62310857
MT2022_2025,W4392343318,226,auto,The,many,roles of ubiquitin,The many roles of ubiquitin,0.6383155
MT2022_2025,W4392343318,227,auto,Sci.,USA,119 2123097119 2022,Sci. USA 119 2123097119 2022,0.6199709
MT2022_2025,W4392343318,228,auto,Chem,270,1995 TRAF6 is,Chem 270 1995 TRAF6 is,0.64914066
MT2022_2025,W4392343318,229,auto,The,interleukin,- 1 receptor,The interleukin - 1 receptor,0.6790995
MT2022_2025,W4392343318,231,auto,Intracellular,toll,- like receptors,Intracellular toll - like receptors,0.67209935
MT2022_2025,W4392343318,232,auto,Sequential,control,of Toll -,Sequential control of Toll -,0.7497507
MT2022_2025,W4392343318,234,auto,Biol,2,2485 2010 Regulatory,Biol 2 2485 2010 Regulatory,0.67336833
MT2022_2025,W4392343318,235,auto,Shared,principles,in NF -,Shared principles in NF -,0.6889659
MT2022_2025,W4392343318,236,auto,Regulation,of,the NF -,Regulation of the NF -,0.58236593
MT2022_2025,W4392343318,237,auto,Chem,279,2004 Induction of,Chem 279 2004 Induction of,0.62910086
MT2022_2025,W4392343318,238,auto,Chem,279,2004 RelB cellular,Chem 279 2004 RelB cellular,0.6347859
MT2022_2025,W4392343318,240,auto,Nonredundant,and,complementary functions of,Nonredundant and complementary functions of,0.5839646
MT2022_2025,W4392343318,241,auto,Immunol,9,2008 IAP antagonists,Immunol 9 2008 IAP antagonists,0.58540386
MT2022_2025,W4392343318,242,auto,The,lymphotoxin,- beta receptor,The lymphotoxin - beta receptor,0.765601
MT2022_2025,W4392343318,243,auto,An,atypical,tumor necrosis factor,An atypical tumor necrosis factor,0.6360547
MT2022_2025,W4392343318,244,auto,Chem,280,2005 BAFF -,Chem 280 2005 BAFF -,0.6433397
MT2022_2025,W4392343318,245,auto,Rev.,Immunol,20 2002 RelB,Rev. Immunol 20 2002 RelB,0.647574
MT2022_2025,W4392343318,246,auto,Sci.,USA,105 2008 The,Sci. USA 105 2008 The,0.63331264
MT2022_2025,W4392343318,247,auto,Target,Ther,6 425 2021,Target Ther 6 425 2021,0.68242097
MT2022_2025,W4392343318,248,auto,The,emerging,mechanisms of isoform,The emerging mechanisms of isoform,0.6692306
MT2022_2025,W4392343318,249,auto,The,evolution,of phosphatidylinositol 3,The evolution of phosphatidylinositol 3,0.6574059
MT2022_2025,W4392343318,250,auto,Rev.,Cancer,15 2015,Rev. Cancer 15 2015,0.60029876
MT2022_2025,W4392343318,251,auto,Challenges,for,the clinical development,Challenges for the clinical development,0.6181424
MT2022_2025,W4392343318,252,auto,Oncol,10,19 2021 Interleukin,Oncol 10 19 2021 Interleukin,0.6658431
MT2022_2025,W4392343318,253,auto,Heart,J,33 2012 Melatonin,Heart J 33 2012 Melatonin,0.61437577
MT2022_2025,W4392343318,254,auto,Aerobic,glycolysis,enhances HBx -,Aerobic glycolysis enhances HBx -,0.79407704
MT2022_2025,W4392343318,255,auto,Loss,of,somatostatin receptor subtype,Loss of somatostatin receptor subtype,0.5696642
MT2022_2025,W4392343318,256,auto,Signal,integration,by JNK and,Signal integration by JNK and,0.68924713
MT2022_2025,W4392343318,257,auto,Reactive,oxygen,species mediate crosstalk,Reactive oxygen species mediate crosstalk,0.690786
MT2022_2025,W4392343318,258,auto,Erythropoietin,-,mediated neuroprotection involves,Erythropoietin - mediated neuroprotection involves,0.5473402
MT2022_2025,W4392343318,259,auto,Evolving,cognition,of the JAK,Evolving cognition of the JAK,0.62269765
MT2022_2025,W4392343318,260,auto,Target,Ther,8 2023 STATs,Target Ther 8 2023 STATs,0.70565903
MT2022_2025,W4392343318,261,auto,Rev.,Cancer,9 2009 IL,Rev. Cancer 9 2009 IL,0.5882949
MT2022_2025,W4392343318,262,auto,Rev.,Immunol,3 2003 Persistently,Rev. Immunol 3 2003 Persistently,0.6438532
MT2022_2025,W4392343318,263,auto,Bone,marrow,- specific loss,Bone marrow - specific loss,0.7324148
MT2022_2025,W4392343318,264,auto,A,novel,model of alternative,A novel model of alternative,0.6727195
MT2022_2025,W4392343318,265,auto,Sci.,USA,103 2006 STAT3,Sci. USA 103 2006 STAT3,0.64794177
MT2022_2025,W4392343318,266,auto,T,cell,receptor - regulated,T cell receptor - regulated,0.66889274
MT2022_2025,W4392343318,267,auto,Immunol,8,2007 NF -,Immunol 8 2007 NF -,0.6485065
MT2022_2025,W4392343318,268,auto,Invest,122,2012 p38 maintains,Invest 122 2012 p38 maintains,0.5587382
MT2022_2025,W4392343318,269,auto,B,during,epithelial - to,B during epithelial - to,0.7541493
MT2022_2025,W4392343318,270,auto,Invest,124,2014 TAK1 negatively,Invest 124 2014 TAK1 negatively,0.5835016
MT2022_2025,W4392343318,271,auto,Tenascin,-,C provokes cardiac,Tenascin - C provokes cardiac,0.5298895
MT2022_2025,W4392343318,272,auto,Requirement,for,glycogen synthase kinase,Requirement for glycogen synthase kinase,0.52380055
MT2022_2025,W4392343318,273,auto,Wnt/,β-,catenin signalling :,Wnt/ β- catenin signalling :,0.58242977
MT2022_2025,W4392343318,274,auto,Target,Ther,7 3 2022,Target Ther 7 3 2022,0.6743621
MT2022_2025,W4392343318,275,auto,Wnt,/,β- catenin signaling,Wnt / β- catenin signaling,0.4984928
MT2022_2025,W4392343318,276,auto,Notch,signaling,pathway : architecture,Notch signaling pathway : architecture,0.79452085
MT2022_2025,W4392343318,277,auto,Target,Ther,7 95 2022,Target Ther 7 95 2022,0.6839908
MT2022_2025,W4392343318,278,auto,I,Screpanti,D Bellavia A,I Screpanti D Bellavia A,0.792917
MT2022_2025,W4392343318,279,auto,Targeting,the,NF - kappaB,Targeting the NF - kappaB,0.50497687
MT2022_2025,W4392343318,280,auto,Med,13,2007 Notch1 augments,Med 13 2007 Notch1 augments,0.49671215
MT2022_2025,W4392343318,281,auto,The,Notch,/ Hes1 pathway,The Notch / Hes1 pathway,0.67547953
MT2022_2025,W4392343318,282,auto,npj,Precis,F Shah Oncol,npj Precis F Shah Oncol,0.7838074
MT2022_2025,W4392343318,283,auto,Invest,124,2014 Notch is,Invest 124 2014 Notch is,0.52524215
MT2022_2025,W4392343318,284,auto,Target,Ther,8 315 2023,Target Ther 8 315 2023,0.7025848
MT2022_2025,W4392343318,285,auto,Toll,-,like receptors :,Toll - like receptors :,0.61253905
MT2022_2025,W4392343318,286,auto,Toll,-,like receptor signaling,Toll - like receptor signaling,0.54488385
MT2022_2025,W4392343318,287,auto,A,negative,feedback loop of,A negative feedback loop of,0.75218767
MT2022_2025,W4392343318,288,auto,The,kinases,MSK1 and MSK2,The kinases MSK1 and MSK2,0.72142905
MT2022_2025,W4392343318,289,auto,Immunol,9,2008 Role of,Immunol 9 2008 Role of,0.5829121
MT2022_2025,W4392343318,290,auto,Immunol,146,2020 NF -,Immunol 146 2020 NF -,0.6136988
MT2022_2025,W4392343318,291,auto,Tyrosine,phosphorylation,of I kappa,Tyrosine phosphorylation of I kappa,0.7363023
MT2022_2025,W4392343318,292,auto,Chem,278,2003 S -,Chem 278 2003 S -,0.65176386
MT2022_2025,W4392343318,293,auto,Fast,regulation,of the NF,Fast regulation of the NF,0.70425874
MT2022_2025,W4392343318,294,auto,Targeting,NF,- κB pathway,Targeting NF - κB pathway,0.5282258
MT2022_2025,W4392343318,295,auto,An,inducible,transcription factor activates,An inducible transcription factor activates,0.7165328
MT2022_2025,W4392343318,296,auto,Rev.,Cancer,13 2013 IKKβ,Rev. Cancer 13 2013 IKKβ,0.655255
MT2022_2025,W4392343318,297,auto,Enhanced,triacylglycerol,catabolism by carboxylesterase,Enhanced triacylglycerol catabolism by carboxylesterase,0.7394475
MT2022_2025,W4392343318,298,auto,Invest,131,137845 2021 c,Invest 131 137845 2021 c,0.5852201
MT2022_2025,W4392343318,299,auto,Immunol,22,2021 X -,Immunol 22 2021 X -,0.69151
MT2022_2025,W4392343318,301,auto,Rare,mendelian,primary immunodeficiency diseases,Rare mendelian primary immunodeficiency diseases,0.6975587
MT2022_2025,W4392343318,303,auto,The,alternative,NF - kappaB,The alternative NF - kappaB,0.6123456
MT2022_2025,W4392343318,304,auto,Pharm,72,2006 Promiscuous mutations,Pharm 72 2006 Promiscuous mutations,0.5777764
MT2022_2025,W4392343318,305,auto,Invest,119,2009 Osteoimmunology :,Invest 119 2009 Osteoimmunology :,0.55884916
MT2022_2025,W4392343318,306,auto,Chem,282,2007 NF -,Chem 282 2007 NF -,0.6816526
MT2022_2025,W4392343318,308,auto,Sci.,USA,110 2013,Sci. USA 110 2013,0.65879375
MT2022_2025,W4392343318,309,auto,Signaling,in,innate immunity and,Signaling in innate immunity and,0.5646834
MT2022_2025,W4392343318,311,auto,Biol,4,6049 2012,Biol 4 6049 2012,0.6370438
MT2022_2025,W4392343318,312,auto,Pathogen,recognition,and inflammatory signaling,Pathogen recognition and inflammatory signaling,0.6682016
MT2022_2025,W4392343318,314,auto,Rev,22,2009 NF -,Rev 22 2009 NF -,0.6453278
MT2022_2025,W4392343318,315,auto,Target,Ther,2 2017 Turning,Target Ther 2 2017 Turning,0.66655666
MT2022_2025,W4392343318,317,auto,Recent,insights,of T cell,Recent insights of T cell,0.7116994
MT2022_2025,W4392343318,318,auto,Octamer,-,dependent transcription in,Octamer - dependent transcription in,0.53813756
MT2022_2025,W4392343318,319,auto,Cancer,Res,38 86 2019,Cancer Res 38 86 2019,0.5762757
MT2022_2025,W4392343318,320,auto,Macrophage,IL,- 1 β,Macrophage IL - 1 β,0.6020527
MT2022_2025,W4392343318,321,auto,Macrophages,at,the interface of,Macrophages at the interface of,0.6336943
MT2022_2025,W4392343318,322,auto,Oncol,19,2022 PIM2 expression,Oncol 19 2022 PIM2 expression,0.5241383
MT2022_2025,W4392343318,323,auto,Direct,signaling,between platelets and,Direct signaling between platelets and,0.79352313
MT2022_2025,W4392343318,324,auto,Environment,drives,selection and function,Environment drives selection and function,0.6474365
MT2022_2025,W4392343318,326,auto,Pleiotrophin,drives,a prometastatic immune,Pleiotrophin drives a prometastatic immune,0.58883625
MT2022_2025,W4392343318,327,auto,Immunol,18,2021 PD -,Immunol 18 2021 PD -,0.5243416
MT2022_2025,W4392343318,328,auto,A,view,on drug resistance,A view on drug resistance,0.6940933
MT2022_2025,W4392343318,329,auto,The,extracellular,matrix and the,The extracellular matrix and the,0.7192264
MT2022_2025,W4392343318,330,auto,Matrix,compliance,permits NF -,Matrix compliance permits NF -,0.70664144
MT2022_2025,W4392343318,331,auto,The,diverse,and complex roles,The diverse and complex roles,0.63719547
MT2022_2025,W4392343318,332,auto,IκB,kinase,α is required,IκB kinase α is required,0.65088034
MT2022_2025,W4392343318,333,auto,Shedding,light,on NF -,Shedding light on NF -,0.58519554
MT2022_2025,W4392343318,334,auto,Cell,Dev.,Biol 10 841646,Cell Dev. Biol 10 841646,0.52703196
MT2022_2025,W4392343318,335,auto,Repression,of,PTEN phosphatase by,Repression of PTEN phosphatase by,0.6100822
MT2022_2025,W4392343318,336,auto,Dual,role,of ERK2 /,Dual role of ERK2 /,0.5989838
MT2022_2025,W4392343318,337,auto,The,role,of NF -,The role of NF -,0.63121974
MT2022_2025,W4392343318,338,auto,Pharmacother,163,114822 2023 NF,Pharmacother 163 114822 2023 NF,0.669296
MT2022_2025,W4392343318,339,auto,Activation,of,GPER suppresses migration,Activation of GPER suppresses migration,0.54635376
MT2022_2025,W4392343318,340,auto,Sin,34,2013 Downregulation of,Sin 34 2013 Downregulation of,0.56350595
MT2022_2025,W4392343318,341,auto,Developmental,and,tumor angiogenesis requires,Developmental and tumor angiogenesis requires,0.57027906
MT2022_2025,W4392343318,342,auto,The,role,of matrix metalloproteinases,The role of matrix metalloproteinases,0.6494763
MT2022_2025,W4392343318,343,auto,Oncol.,Res,7 2001 Cancer,Oncol. Res 7 2001 Cancer,0.62017715
MT2022_2025,W4392343318,344,auto,Are,90,% of deaths,Are 90 % of deaths,0.53302526
MT2022_2025,W4392343318,345,auto,Invest,114,2004 Inhibition of,Invest 114 2004 Inhibition of,0.5662243
MT2022_2025,W4392343318,346,auto,B,pathway,leads to deregulation,B pathway leads to deregulation,0.6500852
MT2022_2025,W4392343318,347,auto,B,and,cytokine - inducible,B and cytokine - inducible,0.5704655
MT2022_2025,W4392343318,348,auto,The,Mincle,/ Syk /,The Mincle / Syk /,0.67174804
MT2022_2025,W4392343318,350,auto,The,emerging,hallmarks of cancer,The emerging hallmarks of cancer,0.5724922
MT2022_2025,W4392343318,351,auto,Signal,17,24 2019,Signal 17 24 2019,0.63517934
MT2022_2025,W4392343318,352,auto,Germinal,center,B cell maintenance,Germinal center B cell maintenance,0.63653684
MT2022_2025,W4392343318,353,auto,Switching,off,MDSCs by targeting,Switching off MDSCs by targeting,0.55077386
MT2022_2025,W4392343318,354,auto,Tumor,-,derived exosomes drive,Tumor - derived exosomes drive,0.5258872
MT2022_2025,W4392343318,355,auto,Targeting,transcription,factor NF -,Targeting transcription factor NF -,0.65942776
MT2022_2025,W4392343318,358,auto,The,fire,within : NF,The fire within : NF,0.7211101
MT2022_2025,W4392343318,359,auto,Sustained,activation,of non-canonical NF,Sustained activation of non-canonical NF,0.74133384
MT2022_2025,W4392343318,360,auto,Gut,dysbiosis,promotes prostate cancer,Gut dysbiosis promotes prostate cancer,0.6975319
MT2022_2025,W4392343318,362,auto,Sci.,USA,118 2100784118 2021,Sci. USA 118 2100784118 2021,0.64816123
MT2022_2025,W4392343318,363,auto,Ther,211,107538 2020 Genome,Ther 211 107538 2020 Genome,0.6675386
MT2022_2025,W4392343318,364,auto,Hesperetin,reverses,P - glycoprotein,Hesperetin reverses P - glycoprotein,0.5877235
MT2022_2025,W4392343318,365,auto,Proteasome,inhibition,sensitizes non-small -,Proteasome inhibition sensitizes non-small -,0.62848324
MT2022_2025,W4392343318,368,auto,Triptolide,reverses,the Taxol resistance,Triptolide reverses the Taxol resistance,0.61986643
MT2022_2025,W4392343318,369,auto,Molecular,mechanisms,that influence the,Molecular mechanisms that influence the,0.760655
MT2022_2025,W4392343318,370,auto,Immunol,5,614 2014 NF,Immunol 5 614 2014 NF,0.5730549
MT2022_2025,W4392343318,372,auto,Gene,expression,profiles identify both,Gene expression profiles identify both,0.7482157
MT2022_2025,W4392343318,374,auto,Immunother,10,2014 NF -,Immunother 10 2014 NF -,0.62307686
MT2022_2025,W4392343318,375,auto,Immunol,2,2001 T cell,Immunol 2 2001 T cell,0.6030198
MT2022_2025,W4392343318,376,auto,An,Overview,of the NF,An Overview of the NF,0.6747171
MT2022_2025,W4392343318,377,auto,Pharmacother,106,"2018 BAFF ,","Pharmacother 106 2018 BAFF ,",0.61985224
MT2022_2025,W4392343318,379,auto,Tertiary,lymphoid,structures in rheumatoid,Tertiary lymphoid structures in rheumatoid,0.6684686
MT2022_2025,W4392343318,380,auto,The,role,of cytokines in,The role of cytokines in,0.63132316
MT2022_2025,W4392343318,381,auto,Rev,283,2018 NF -,Rev 283 2018 NF -,0.66088116
MT2022_2025,W4392343318,382,auto,B,in,rheumatoid arthritis :,B in rheumatoid arthritis :,0.58074623
MT2022_2025,W4392343318,384,auto,Dis,59,"2000 REL ,","Dis 59 2000 REL ,",0.46636754
MT2022_2025,W4392343318,385,auto,Target,Ther,8 56 2023,Target Ther 8 56 2023,0.6862892
MT2022_2025,W4392343318,386,auto,A,R,Noort P P,A R Noort P P,0.804036
MT2022_2025,W4392343318,387,auto,Dis,67,2008 Suppression of,Dis 67 2008 Suppression of,0.57753617
MT2022_2025,W4392343318,388,auto,Pharm,73,2007 NF -,Pharm 73 2007 NF -,0.6264756
MT2022_2025,W4392343318,389,auto,T,cell,receptor signals into,T cell receptor signals into,0.6786492
MT2022_2025,W4392343318,390,auto,Targeting,Th17,cells in autoimmune,Targeting Th17 cells in autoimmune,0.6852296
MT2022_2025,W4392343318,391,auto,Nuclear,factor,kappa B (,Nuclear factor kappa B (,0.6653228
MT2022_2025,W4392343318,392,auto,Multiple,sclerosis,: neuroimmune crosstalk,Multiple sclerosis : neuroimmune crosstalk,0.7041887
MT2022_2025,W4392343318,393,auto,Astrocyte,crosstalk,in CNS inflammation,Astrocyte crosstalk in CNS inflammation,0.7217972
MT2022_2025,W4392343318,394,auto,Pharm,13,900337 2022 Sustained,Pharm 13 900337 2022 Sustained,0.5884782
MT2022_2025,W4392343318,395,auto,Serological,biomarker,- based machine,Serological biomarker - based machine,0.69842625
MT2022_2025,W4392343318,396,auto,Res,16,2023 NF -,Res 16 2023 NF -,0.56822133
MT2022_2025,W4392343318,397,auto,Med,263,2008 Artemisinin analogue,Med 263 2008 Artemisinin analogue,0.62157667
MT2022_2025,W4392343318,398,auto,Sin,39,2018 NEK7 interacts,Sin 39 2018 NEK7 interacts,0.53759503
MT2022_2025,W4392343318,399,auto,Immunopharmacol,77,105900 2019 Systemic,Immunopharmacol 77 105900 2019 Systemic,0.65281385
MT2022_2025,W4392343318,400,auto,Med,172,2020 NF -,Med 172 2020 NF -,0.6759401
MT2022_2025,W4392343318,401,auto,Immunol,88,22 2016 MyD,Immunol 88 22 2016 MyD,0.6007932
MT2022_2025,W4392343318,402,auto,The,KDM4A,/ KDM4C /,The KDM4A / KDM4C /,0.8119565
MT2022_2025,W4392343318,403,auto,Immunol,58,101649 2021,Immunol 58 101649 2021,0.5646307
MT2022_2025,W4392343318,404,auto,Type,I,interferons promote the,Type I interferons promote the,0.5874357
MT2022_2025,W4392343318,405,auto,Immunol,16,2019 Celiac disease,Immunol 16 2019 Celiac disease,0.50372165
MT2022_2025,W4392343318,406,auto,Effect,and,mechanism of peanut,Effect and mechanism of peanut,0.5748212
MT2022_2025,W4392343318,407,auto,Immunol,245,109100 2022,Immunol 245 109100 2022,0.62240267
MT2022_2025,W4392343318,408,auto,Gliadin,stimulates,human monocytes to,Gliadin stimulates human monocytes to,0.6558106
MT2022_2025,W4392343318,409,auto,Modulatory,effect,of gliadin peptide,Modulatory effect of gliadin peptide,0.6474423
MT2022_2025,W4392343318,410,auto,Uric,acid,produces an inflammatory,Uric acid produces an inflammatory,0.7263377
MT2022_2025,W4392343318,411,auto,Cutting,edge,: NF -,Cutting edge : NF -,0.75685626
MT2022_2025,W4392343318,412,auto,Uncoupling,the,mechanisms of obesity,Uncoupling the mechanisms of obesity,0.6025987
MT2022_2025,W4392343318,413,auto,The,effect,of periodontal treatment,The effect of periodontal treatment,0.66619235
MT2022_2025,W4392343318,414,auto,Res.,Public,Health 19 1789,Res. Public Health 19 1789,0.6228421
MT2022_2025,W4392343318,415,auto,Res,132,2018 Differential expression,Res 132 2018 Differential expression,0.5490224
MT2022_2025,W4392343318,416,auto,Toll,-,like receptor activation,Toll - like receptor activation,0.5536373
MT2022_2025,W4392343318,418,auto,Biol,58,2013 Peripheral blood,Biol 58 2013 Peripheral blood,0.49943537
MT2022_2025,W4392343318,419,auto,Tim,-,3 regulates sepsis,Tim - 3 regulates sepsis,0.50338376
MT2022_2025,W4392343318,420,auto,Ther,30,2022 Sepsis and,Ther 30 2022 Sepsis and,0.5792944
MT2022_2025,W4392343318,421,auto,Nuclear,factor,- kappaB and,Nuclear factor - kappaB and,0.65782577
MT2022_2025,W4392343318,422,auto,Dis,187,2003 Activation of,Dis 187 2003 Activation of,0.600833
MT2022_2025,W4392343318,423,auto,What,is,asthma ?,What is asthma ?,0.5799711
MT2022_2025,W4392343318,424,auto,M,Sockrider,L Fussner Am.,M Sockrider L Fussner Am.,0.70443
MT2022_2025,W4392343318,425,auto,Abnormal,glucocorticoid,receptor - activator,Abnormal glucocorticoid receptor - activator,0.79652417
MT2022_2025,W4392343318,426,auto,Propofol,inhibits,NF - κB,Propofol inhibits NF - κB,0.66294503
MT2022_2025,W4392343318,428,auto,Th2,cytokines,impair innate immune,Th2 cytokines impair innate immune,0.72732323
MT2022_2025,W4392343318,429,auto,Med,20,130 2022 S,Med 20 130 2022 S,0.61791617
MT2022_2025,W4392343318,430,auto,Th1,polarization,in murine IgA,Th1 polarization in murine IgA,0.7366597
MT2022_2025,W4392343318,431,auto,The,Th17,immune response is,The Th17 immune response is,0.64921606
MT2022_2025,W4392343318,432,auto,T,transcriptional,axis Q Ruan,T transcriptional axis Q Ruan,0.69124466
MT2022_2025,W4392343318,433,auto,Acute,kidney,injury R Bellomo,Acute kidney injury R Bellomo,0.6656085
MT2022_2025,W4392343318,434,auto,Ren.,Physiol,292 2007,Ren. Physiol 292 2007,0.6758947
MT2022_2025,W4392343318,435,auto,Embryological,-,origin - dependent,Embryological - origin - dependent,0.6006148
MT2022_2025,W4392343318,437,auto,Vasc.,Biol,33 2013,Vasc. Biol 33 2013,0.6308306
MT2022_2025,W4392343318,438,auto,Importance,of,endothelial NF -,Importance of endothelial NF -,0.6187515
MT2022_2025,W4392343318,439,auto,Res,97,2013 NRF2 and,Res 97 2013 NRF2 and,0.60741305
MT2022_2025,W4392343318,440,auto,Shengyu,decoction,treating vascular cognitive,Shengyu decoction treating vascular cognitive,0.7216662
MT2022_2025,W4392343318,441,auto,The,role,of NLRP3 inflammasome,The role of NLRP3 inflammasome,0.6125086
MT2022_2025,W4392343318,442,auto,Inflammation,and,cardiovascular disease :,Inflammation and cardiovascular disease :,0.60696435
MT2022_2025,W4392343318,443,auto,Flow,-,induced reprogramming of,Flow - induced reprogramming of,0.6011684
MT2022_2025,W4392343318,444,auto,Vascular,smooth,muscle cells in,Vascular smooth muscle cells in,0.5814392
MT2022_2025,W4392343318,445,auto,Atherosclerosis,and,the arterial smooth,Atherosclerosis and the arterial smooth,0.5447732
MT2022_2025,W4392343318,446,auto,The,greatly,under - represented,The greatly under - represented,0.65247184
MT2022_2025,W4392343318,447,auto,Atheroscler,.,Rep 25 2023,Atheroscler . Rep 25 2023,0.58489347
MT2022_2025,W4392343318,448,auto,Cytokines,",",macrophage lipid metabolism,"Cytokines , macrophage lipid metabolism",0.48095575
MT2022_2025,W4392343318,449,auto,Lipid,Res,50 2011,Lipid Res 50 2011,0.65985787
MT2022_2025,W4392343318,450,auto,Lipid,metabolism,in macrophages :,Lipid metabolism in macrophages :,0.7350941
MT2022_2025,W4392343318,452,auto,Acta,Mol.,Basis Dis 1865,Acta Mol. Basis Dis 1865,0.5372404
MT2022_2025,W4392343318,453,auto,Macrophage,expression,of active MMP,Macrophage expression of active MMP,0.7637042
MT2022_2025,W4392343318,454,auto,Invest,116,2006 Combination of,Invest 116 2006 Combination of,0.60865784
MT2022_2025,W4392343318,457,auto,Delayed,apoptosis,of human monocytes,Delayed apoptosis of human monocytes,0.7008311
MT2022_2025,W4392343318,458,auto,The,biological,basis for cardiac,The biological basis for cardiac,0.68767375
MT2022_2025,W4392343318,459,auto,In,vivo,delivery of nucleic,In vivo delivery of nucleic,0.649658
MT2022_2025,W4392343318,460,auto,Ther,20,2012 Cardioprotective effect,Ther 20 2012 Cardioprotective effect,0.47423303
MT2022_2025,W4392343318,461,auto,Biol,59,2021 Panax quinquefolius,Biol 59 2021 Panax quinquefolius,0.40311554
MT2022_2025,W4392343318,462,auto,Nutrient,sensing,and inflammation in,Nutrient sensing and inflammation in,0.7284907
MT2022_2025,W4392343318,463,auto,Med,53,2021 IKK -β,Med 53 2021 IKK -β,0.5707301
MT2022_2025,W4392343318,464,auto,The,protein,kinase IKK ɛ,The protein kinase IKK ɛ,0.6349225
MT2022_2025,W4392343318,465,auto,Sci.,USA,114 2017,Sci. USA 114 2017,0.6177055
MT2022_2025,W4392343318,466,auto,The,role,of TBK1 in,The role of TBK1 in,0.62947696
MT2022_2025,W4392343318,467,auto,Cancer,Res,41 135 2022,Cancer Res 41 135 2022,0.5733884
MT2022_2025,W4392343318,468,auto,An,inhibitor,of the protein,An inhibitor of the protein,0.7505644
MT2022_2025,W4392343318,469,auto,Sci.,USA,119 2107742119 2022,Sci. USA 119 2107742119 2022,0.6351578
MT2022_2025,W4392343318,470,auto,Oxidative,stress,and inflammation in,Oxidative stress and inflammation in,0.7747003
MT2022_2025,W4392343318,473,auto,Exposure,to,fine particulate air,Exposure to fine particulate air,0.553822
MT2022_2025,W4392343318,474,auto,Health,Perspect,124 2016 Spatiotemporal,Health Perspect 124 2016 Spatiotemporal,0.71810764
MT2022_2025,W4392343318,475,auto,Res,163,105234 2021,Res 163 105234 2021,0.7274004
MT2022_2025,W4392343318,476,auto,Receptor,activator,of NF -,Receptor activator of NF -,0.6050999
MT2022_2025,W4392343318,477,auto,Odd,-,numbered agaro -,Odd - numbered agaro -,0.7513276
MT2022_2025,W4392343318,480,auto,Genetic,targeting,or pharmacologic inhibition,Genetic targeting or pharmacologic inhibition,0.8223093
MT2022_2025,W4392343318,481,auto,A,signature,of circulating inflammatory,A signature of circulating inflammatory,0.664919
MT2022_2025,W4392343318,482,auto,Med,25,2019 Mitochondrial damage,Med 25 2019 Mitochondrial damage,0.5671801
MT2022_2025,W4392343318,483,auto,Dual,stimulus,responsive borosilicate glass,Dual stimulus responsive borosilicate glass,0.4903022
MT2022_2025,W4392343318,485,auto,An,overview,of the inflammatory,An overview of the inflammatory,0.6848539
MT2022_2025,W4392343318,486,auto,Res,113,2017 Hyperglycemia induces,Res 113 2017 Hyperglycemia induces,0.51895475
MT2022_2025,W4392343318,487,auto,Res,127,2020 Salusin -β,Res 127 2020 Salusin -β,0.575818
MT2022_2025,W4392343318,488,auto,The,non-canonical,NF - κB,The non-canonical NF - κB,0.68425894
MT2022_2025,W4392343318,489,auto,The,non-canonical,NF - κB,The non-canonical NF - κB,0.68425894
MT2022_2025,W4392343318,490,auto,The,epidemiology,of obesity Y,The epidemiology of obesity Y,0.74807984
MT2022_2025,W4392343318,491,auto,Inflammation,and,the metabolic syndrome,Inflammation and the metabolic syndrome,0.5333159
MT2022_2025,W4392343318,492,auto,Impaired,adipogenesis,and dysfunctional adipose,Impaired adipogenesis and dysfunctional adipose,0.70051885
MT2022_2025,W4392343318,494,auto,Metabolically,activated,adipose tissue macrophages,Metabolically activated adipose tissue macrophages,0.70550704
MT2022_2025,W4392343318,495,auto,The,physiology,", pathology ,","The physiology , pathology ,",0.71621025
MT2022_2025,W4392343318,496,auto,Metab,2,2020 Obesity accelerates,Metab 2 2020 Obesity accelerates,0.509132
MT2022_2025,W4392343318,497,auto,The,major,pre-and postmenopausal estrogens,The major pre-and postmenopausal estrogens,0.67900705
MT2022_2025,W4392343318,498,auto,The,inhibitory,innate immune sensor,The inhibitory innate immune sensor,0.6457981
MT2022_2025,W4392343318,499,auto,Determinants,of,dopaminergic neuron loss,Determinants of dopaminergic neuron loss,0.6262656
MT2022_2025,W4392343318,500,auto,Selective,targeting,of the TLR2,Selective targeting of the TLR2,0.72355664
MT2022_2025,W4392343318,501,auto,Commun,12,5382 2021,Commun 12 5382 2021,0.6575016
MT2022_2025,W4392343318,502,auto,Mechanisms,underlying,inflammation in neurodegeneration,Mechanisms underlying inflammation in neurodegeneration,0.66544557
MT2022_2025,W4392343318,503,auto,Protective,role,of chrysin on,Protective role of chrysin on,0.57817906
MT2022_2025,W4392343318,505,auto,Interact,279,2018 Oxidative stress,Interact 279 2018 Oxidative stress,0.62465256
MT2022_2025,W4392343318,506,auto,K,Hassanzadeh,A Rahimmi J.,K Hassanzadeh A Rahimmi J.,0.58171165
MT2022_2025,W4392343318,507,auto,Moderate,and,severe traumatic brain,Moderate and severe traumatic brain,0.5921342
MT2022_2025,W4392343318,508,auto,Safflower,yellow,B protects brain,Safflower yellow B protects brain,0.60726994
MT2022_2025,W4392343318,509,auto,Based,Complement,Altern . Med,Based Complement Altern . Med,0.4900424
MT2022_2025,W4392343318,511,auto,Traumatic,spinal,cord injury C,Traumatic spinal cord injury C,0.771855
MT2022_2025,W4392343318,512,auto,Inhibition,of,astroglial nuclear factor,Inhibition of astroglial nuclear factor,0.5705439
MT2022_2025,W4392343318,513,auto,Med,202,2005 Valproic acid,Med 202 2005 Valproic acid,0.61725885
MT2022_2025,W4392343318,514,auto,Persistent,symptoms,in patients after,Persistent symptoms in patients after,0.67661744
MT2022_2025,W4392343318,515,auto,Immunol,13,940756 2022 Inhibition,Immunol 13 940756 2022 Inhibition,0.59191006
MT2022_2025,W4392343318,516,auto,The,anti,- inflammatory agents,The anti - inflammatory agents,0.62883687
MT2022_2025,W4392343318,517,auto,Cancer,Res,21 2015,Cancer Res 21 2015,0.6151234
MT2022_2025,W4392343318,518,auto,Hydrogen,sulfide,- releasing aspirin,Hydrogen sulfide - releasing aspirin,0.6827563
MT2022_2025,W4392343318,520,auto,Overexpression,of,the wild -,Overexpression of the wild -,0.6144594
MT2022_2025,W4392343318,521,auto,The,effect,of sodium salicylate,The effect of sodium salicylate,0.7188645
MT2022_2025,W4392343318,522,auto,Drug,therapy,: sulfasalazine P,Drug therapy : sulfasalazine P,0.7599032
MT2022_2025,W4392343318,523,auto,Atorvastatin,attenuates,TNBS - induced,Atorvastatin attenuates TNBS - induced,0.56012005
MT2022_2025,W4392343318,525,auto,Biotechnol,11,1199785 2023 p62,Biotechnol 11 1199785 2023 p62,0.62456137
MT2022_2025,W4392343318,526,auto,Rep,34,2015 Microenvironmental IL1,Rep 34 2015 Microenvironmental IL1,0.50627685
MT2022_2025,W4392343318,527,auto,Commun,10,5016 2019 Therapeutic,Commun 10 5016 2019 Therapeutic,0.6470557
MT2022_2025,W4392343318,528,auto,A,general,introduction to glucocorticoid,A general introduction to glucocorticoid,0.7421458
MT2022_2025,W4392343318,529,auto,Immunol,10,1545 2019,Immunol 10 1545 2019,0.6224033
MT2022_2025,W4392343318,530,auto,Influence,of,dexamethasone on inflammatory,Influence of dexamethasone on inflammatory,0.5749911
MT2022_2025,W4392343318,531,auto,The,molecular,mechanisms of the,The molecular mechanisms of the,0.7052737
MT2022_2025,W4392343318,533,auto,B,94,2009 Inhibition of,B 94 2009 Inhibition of,0.5963965
MT2022_2025,W4392343318,534,auto,B,activity,by thalidomide through,B activity by thalidomide through,0.63135576
MT2022_2025,W4392343318,536,auto,Thalidomide,suppresses,the interleukin 1,Thalidomide suppresses the interleukin 1,0.59353524
MT2022_2025,W4392343318,537,auto,N.,Y,Acad .,N. Y Acad .,0.55785245
MT2022_2025,W4392343318,539,auto,Thalidomide,ameliorates,rosacea - like,Thalidomide ameliorates rosacea - like,0.6541756
MT2022_2025,W4392343318,540,auto,Pharmacother,116,109011 2019,Pharmacother 116 109011 2019,0.62077796
MT2022_2025,W4392343318,541,auto,A,novel,anticancer effect of,A novel anticancer effect of,0.7101679
MT2022_2025,W4392343318,542,auto,A,novel,hypothesis for thalidomide,A novel hypothesis for thalidomide,0.6473143
MT2022_2025,W4392343318,543,auto,Redox,Signal,6 2004,Redox Signal 6 2004,0.6476168
MT2022_2025,W4392343318,544,auto,Cancer,therapies,based on targeted,Cancer therapies based on targeted,0.7253621
MT2022_2025,W4392343318,545,auto,Oncol,18,2021 Mechanism of,Oncol 18 2021 Mechanism of,0.51924896
MT2022_2025,W4392343318,546,auto,Oncol,2,36 2009,Oncol 2 36 2009,0.653615
MT2022_2025,W4392343318,547,auto,Lenalidomide,inhibits,"osteoclastogenesis , survival","Lenalidomide inhibits osteoclastogenesis , survival",0.57854706
MT2022_2025,W4392343318,549,auto,Emerging,immunotherapies,in multiple myeloma,Emerging immunotherapies in multiple myeloma,0.7382252
MT2022_2025,W4392343318,550,auto,Olmesartan,prevents,oligomerized amyloid β,Olmesartan prevents oligomerized amyloid β,0.60653037
MT2022_2025,W4392343318,551,auto,Pyridine,compounds,with antimicrobial and,Pyridine compounds with antimicrobial and,0.7410844
MT2022_2025,W4392343318,552,auto,Imatinib,treatment,inhibit IL -,Imatinib treatment inhibit IL -,0.63239413
MT2022_2025,W4392343318,553,auto,Therapeutic,modulation,of the immune,Therapeutic modulation of the immune,0.6623965
MT2022_2025,W4392343318,554,auto,Cancer,Res,18 2012 Andrographolide,Cancer Res 18 2012 Andrographolide,0.60178053
MT2022_2025,W4392343318,555,auto,Deubiquitination,and,stabilization of PD,Deubiquitination and stabilization of PD,0.51385236
MT2022_2025,W4392343318,556,auto,High,expression,of MHC class,High expression of MHC class,0.7449953
MT2022_2025,W4392343318,557,auto,Res,11,2023 USP8 inhibition,Res 11 2023 USP8 inhibition,0.59599274
MT2022_2025,W4392343318,558,auto,Context,-,dependent activation of,Context - dependent activation of,0.583337
MT2022_2025,W4392343318,559,auto,Adjuvant,atezolizumab,versus placebo for,Adjuvant atezolizumab versus placebo for,0.7085327
MT2022_2025,W4392343318,560,auto,Successful,anti,-PD - 1,Successful anti -PD - 1,0.69271016
MT2022_2025,W4392343318,561,auto,Blocking,the,effects of IL,Blocking the effects of IL,0.6244082
MT2022_2025,W4392343318,562,auto,Discovery,of,a novel missense,Discovery of a novel missense,0.58217216
MT2022_2025,W4392343318,563,auto,Adult,onset,Still's disease -,Adult onset Still's disease -,0.618955
MT2022_2025,W4392343318,564,auto,Arthritis,Rheum,47 2017 Canakinumab,Arthritis Rheum 47 2017 Canakinumab,0.6771118
MT2022_2025,W4392343318,566,auto,Targeting,beta2,- microglobulin for,Targeting beta2 - microglobulin for,0.6485766
MT2022_2025,W4392343318,567,auto,Cancer,Res,15 2009,Cancer Res 15 2009,0.5977479
MT2022_2025,W4392343318,568,auto,The,impact,of NF -,The impact of NF -,0.6433179
MT2022_2025,W4392343318,570,auto,Oncol,14,2017 Bortezomib advanced,Oncol 14 2017 Bortezomib advanced,0.468121
MT2022_2025,W4392343318,571,auto,Current,trends,of renal impairment,Current trends of renal impairment,0.69437164
MT2022_2025,W4392343318,573,auto,A,phase,1 dose escalation,A phase 1 dose escalation,0.7389611
MT2022_2025,W4392343318,574,auto,Cancer,Res,15 2009 K,Cancer Res 15 2009 K,0.6136239
MT2022_2025,W4392343318,575,auto,Carfilzomib,and,pomalidomide in patients,Carfilzomib and pomalidomide in patients,0.509919
MT2022_2025,W4392343318,576,auto,In,vitro,and in vivo,In vitro and in vivo,0.7859243
MT2022_2025,W4392343318,577,auto,Cancer,Res,17 2011,Cancer Res 17 2011,0.5971044
MT2022_2025,W4392343318,578,auto,A,novel,orally active proteasome,A novel orally active proteasome,0.6996664
MT2022_2025,W4392343318,579,auto,Phase,I,clinical trial of,Phase I clinical trial of,0.6451043
MT2022_2025,W4392343318,580,auto,Marizomib,suppresses,triple - negative,Marizomib suppresses triple - negative,0.5387137
MT2022_2025,W4392343318,582,auto,Treatment,of,atopic dermatitis :,Treatment of atopic dermatitis :,0.58656514
MT2022_2025,W4392343318,583,auto,Immunol,104,1999 Optimization of,Immunol 104 1999 Optimization of,0.5577448
MT2022_2025,W4392343318,584,auto,Tacrolimus,for,the treatment of,Tacrolimus for the treatment of,0.57918084
MT2022_2025,W4392343318,585,auto,Adv,6,6980 2020 Exosome,Adv 6 6980 2020 Exosome,0.61227065
MT2022_2025,W4392343318,586,auto,Exosomal,delivery,of NF -,Exosomal delivery of NF -,0.66244054
MT2022_2025,W4392343318,587,auto,Exosome,engineering,for efficient intracellular,Exosome engineering for efficient intracellular,0.6207245
MT2022_2025,W4392343318,588,auto,The,interplay,between the glucocorticoid,The interplay between the glucocorticoid,0.6584019
MT2022_2025,W4392343318,589,auto,Insights,into,negative regulation by,Insights into negative regulation by,0.62361455
MT2022_2025,W4392343318,590,auto,W,Ahmed,J. Intern .,W Ahmed J. Intern .,0.54347503
MT2022_2025,W4392343318,592,auto,Influence,of,single - nucleotide,Influence of single - nucleotide,0.596803
MT2022_2025,W4392343318,593,auto,Peroxisome,proliferator,- activated receptor,Peroxisome proliferator - activated receptor,0.7629885
MT2022_2025,W4392343318,594,auto,Ther,111,2006 Growth inhibition,Ther 111 2006 Growth inhibition,0.6073458
MT2022_2025,W4392343318,595,auto,A,novel,therapy for colitis,A novel therapy for colitis,0.61512274
MT2022_2025,W4392343318,596,auto,Invest,104,1999 Tyrosine kinase,Invest 104 1999 Tyrosine kinase,0.5740864
MT2022_2025,W4392343318,597,auto,Oncol,13,143 2001-2020 .,Oncol 13 143 2001-2020 .,0.5009913
MT2022_2025,W4392343318,599,auto,Imatinib,enhances,docetaxel - induced,Imatinib enhances docetaxel - induced,0.5912697
MT2022_2025,W4392343318,600,auto,Cancer,Res,41 82 2022,Cancer Res 41 82 2022,0.5753113
MT2022_2025,W4392343318,601,auto,The,transcription,factor nuclear factor,The transcription factor nuclear factor,0.74250114
MT2022_2025,W4392343318,602,auto,Nuclear,factor,κB signaling and,Nuclear factor κB signaling and,0.62098026
MT2022_2025,W4392343318,604,auto,Nucleic,Acids,19 2020 Aptamer,Nucleic Acids 19 2020 Aptamer,0.77558136
MT2022_2025,W4392343318,605,auto,A,novel,IRAK4 / PIM1,A novel IRAK4 / PIM1,0.6349312
MT2022_2025,W4392343318,606,auto,Sin.,B,13 2023,Sin. B 13 2023,0.61201376
MT2022_2025,W4392343318,607,auto,Perillyl,alcohol,attenuates rheumatoid arthritis,Perillyl alcohol attenuates rheumatoid arthritis,0.6427206
MT2022_2025,W4392343318,608,auto,Anti,-inflammatory,/ anti -,Anti -inflammatory / anti -,0.75540733
MT2022_2025,W4392343318,610,auto,Pharm,88,103750 2021,Pharm 88 103750 2021,0.656879
MT2022_2025,W4392343318,611,auto,Pathogenesis,of,systemic lupus erythematosus,Pathogenesis of systemic lupus erythematosus,0.5429832
MT2022_2025,W4392343318,612,auto,Dis,82,2023 NFAT and,Dis 82 2023 NFAT and,0.56722796
MT2022_2025,W4392343318,613,auto,The,pharmacology,of secondgeneration chimeric,The pharmacology of secondgeneration chimeric,0.7097271
MT2022_2025,W4392343318,614,auto,Ther,29,2021 30 years,Ther 29 2021 30 years,0.55872333
MT2022_2025,W4392343318,615,auto,The,complexity,of NF -,The complexity of NF -,0.6209129
MT2022_2025,W4392343318,616,auto,The,noncanonical,NF - κB,The noncanonical NF - κB,0.64612526
MT2022_2025,W4392343318,617,auto,Rev,246,2012 NF -,Rev 246 2012 NF -,0.65951073
MT2022_2025,W4392343318,618,auto,Rev,246,2012 NF -,Rev 246 2012 NF -,0.65951073
MT2022_2025,W4392343318,620,auto,Reduced,cell,proliferation by IKK2,Reduced cell proliferation by IKK2,0.6507714
MT2022_2025,W4392343318,621,auto,Cell,Biol,14 2012,Cell Biol 14 2012,0.6427145
MT2022_2025,W4392343318,622,auto,Requirement,for,NF - kappaB,Requirement for NF - kappaB,0.53061306
MT2022_2025,W4387230320,0,auto,Multifaceted,role,of mTOR (,Multifaceted role of mTOR (,0.6808771
MT2022_2025,W4387230320,1,auto,The,mammalian,target of rapamycin,The mammalian target of rapamycin,0.6252795
MT2022_2025,W4387230320,2,auto,The,mTOR,signaling cascade consists,The mTOR signaling cascade consists,0.67944205
MT2022_2025,W4387230320,3,auto,mTOR,catalyzes,the phosphorylation of,mTOR catalyzes the phosphorylation of,0.63659674
MT2022_2025,W4387230320,4,auto,mTOR,signaling,plays a central,mTOR signaling plays a central,0.7016157
MT2022_2025,W4387230320,5,auto,The,emerging,pieces of evidence,The emerging pieces of evidence,0.62288934
MT2022_2025,W4387230320,6,auto,Here,",",we provide the,"Here , we provide the",0.6846427
MT2022_2025,W4387230320,7,auto,Additionally,",",we summarize the,"Additionally , we summarize the",0.6314699
MT2022_2025,W4387230320,8,auto,Importantly,",",we have highlighted,"Importantly , we have highlighted",0.5446631
MT2022_2025,W4387230320,9,auto,Here,",",we discuss the,"Here , we discuss the",0.6798995
MT2022_2025,W4387230320,11,auto,The,mTOR,belongs to the,The mTOR belongs to the,0.66685116
MT2022_2025,W4387230320,12,auto,Mechanobiology,of,mTOR unfolds it,Mechanobiology of mTOR unfolds it,0.5034877
MT2022_2025,W4387230320,13,auto,The,cryo,- electron microscopic,The cryo - electron microscopic,0.67627084
MT2022_2025,W4387230320,14,auto,The,E26,transformation - specific,The E26 transformation - specific,0.5973832
MT2022_2025,W4387230320,15,auto,The,mTORC3,displayed bimodal mTORC,The mTORC3 displayed bimodal mTORC,0.7317206
MT2022_2025,W4387230320,16,auto,This,was,noticed that mTORC3,This was noticed that mTORC3,0.6554566
MT2022_2025,W4387230320,17,auto,The,loss,of mTORC3 expression,The loss of mTORC3 expression,0.653813
MT2022_2025,W4387230320,18,auto,Interestingly,",",this study also,"Interestingly , this study also",0.6161271
MT2022_2025,W4387230320,19,auto,Interestingly,",",the transgenic ETV7,"Interestingly , the transgenic ETV7",0.5810126
MT2022_2025,W4387230320,20,auto,37,2,UPSTREAM REGULATORS OF,37 2 UPSTREAM REGULATORS OF,0.5790646
MT2022_2025,W4387230320,21,auto,The,mTOR,signaling cascades control,The mTOR signaling cascades control,0.6755146
MT2022_2025,W4387230320,22,auto,38,3,"1 , 38","38 3 1 , 38",0.69990516
MT2022_2025,W4387230320,23,auto,The,energy,requirement of the,The energy requirement of the,0.6752517
MT2022_2025,W4387230320,24,auto,Augmented,glucose,metabolism promotes mitochondrial,Augmented glucose metabolism promotes mitochondrial,0.76134694
MT2022_2025,W4387230320,25,auto,68,41,69 [ 69,68 41 69 [ 69,0.6249302
MT2022_2025,W4387230320,26,auto,This,has,been confirmed that,This has been confirmed that,0.6482649
MT2022_2025,W4387230320,27,auto,Moreover,",",mTORC1 was displayed,"Moreover , mTORC1 was displayed",0.57722914
MT2022_2025,W4387230320,28,auto,Ben,-,Sahra and colleagues,Ben - Sahra and colleagues,0.5881153
MT2022_2025,W4387230320,29,auto,74,75,2 3 75,74 75 2 3 75,0.8006992
MT2022_2025,W4387230320,30,auto,The,deregulation,of mTOR signaling,The deregulation of mTOR signaling,0.6529721
MT2022_2025,W4387230320,31,auto,The,emerging,data has suggested,The emerging data has suggested,0.66506046
MT2022_2025,W4387230320,32,auto,Long,noncoding,RNAs ( lncRNAs,Long noncoding RNAs ( lncRNAs,0.6926359
MT2022_2025,W4387230320,33,auto,102,",","128 129 ,","102 , 128 129 ,",0.74626404
MT2022_2025,W4387230320,34,auto,Resistance,to,mTOR inhibitors in,Resistance to mTOR inhibitors in,0.57677835
MT2022_2025,W4387230320,35,auto,Several,reasons,for drug resistance,Several reasons for drug resistance,0.72195786
MT2022_2025,W4387230320,36,auto,Autophagy,is,one of the,Autophagy is one of the,0.67770326
MT2022_2025,W4387230320,37,auto,150,",","151 150 ,","150 , 151 150 ,",0.7761761
MT2022_2025,W4387230320,38,auto,The,emerging,research studies displayed,The emerging research studies displayed,0.70770144
MT2022_2025,W4387230320,39,auto,186,187,"187 188 ,","186 187 187 188 ,",0.74767023
MT2022_2025,W4387230320,40,auto,Recent,reports,have uncovered a,Recent reports have uncovered a,0.6486302
MT2022_2025,W4387230320,41,auto,196,197,5 198 198,196 197 5 198 198,0.7241865
MT2022_2025,W4387230320,42,auto,225,",",226 227 5,"225 , 226 227 5",0.5262782
MT2022_2025,W4387230320,43,auto,Rapamycin,is,a natural macrocyclic,Rapamycin is a natural macrocyclic,0.5831799
MT2022_2025,W4387230320,44,auto,The,discovery,of mTOR was,The discovery of mTOR was,0.7268984
MT2022_2025,W4387230320,45,auto,The,mTOR,signaling was noticed,The mTOR signaling was noticed,0.7012213
MT2022_2025,W4387230320,46,auto,The,emerging,pieces of evidence,The emerging pieces of evidence,0.6228892
MT2022_2025,W4387230320,47,auto,This,has,been noticed that,This has been noticed that,0.66519016
MT2022_2025,W4387230320,48,auto,Given,the,fact that mTORC1,Given the fact that mTORC1,0.710389
MT2022_2025,W4387230320,49,auto,Also,",",the duration of,"Also , the duration of",0.62835896
MT2022_2025,W4387230320,50,auto,During,the,"last decade ,","During the last decade ,",0.76228434
MT2022_2025,W4387230320,51,auto,Also,",",mTOR signaling cascade,"Also , mTOR signaling cascade",0.5585038
MT2022_2025,W4387230320,52,auto,Hence,",",targeting the mTOR,"Hence , targeting the mTOR",0.61745733
MT2022_2025,W4387230320,53,auto,In,this,"direction , several","In this direction , several",0.76752114
MT2022_2025,W4387230320,54,auto,However,",",clinical efficacy of,"However , clinical efficacy of",0.6274706
MT2022_2025,W4387230320,55,auto,Several,mTORC1,inhibitors which include,Several mTORC1 inhibitors which include,0.6424712
MT2022_2025,W4387230320,56,auto,Hence,",",several groups and,"Hence , several groups and",0.662083
MT2022_2025,W4387230320,57,auto,Furthermore,",",the dual inhibitors,"Furthermore , the dual inhibitors",0.6214538
MT2022_2025,W4387230320,58,auto,results,of,these combinations were,results of these combinations were,0.64677763
MT2022_2025,W4387230320,59,auto,Currently,",",the development of,"Currently , the development of",0.6229383
MT2022_2025,W4387230320,60,auto,During,the,"past decade ,","During the past decade ,",0.75071466
MT2022_2025,W4387230320,61,auto,Apart,from,these various small,Apart from these various small,0.68685025
MT2022_2025,W4387230320,62,auto,In,the,"future , we","In the future , we",0.755775
MT2022_2025,W4387230320,63,auto,Recently,",",Nab - sirolimus,"Recently , Nab - sirolimus",0.5594933
MT2022_2025,W4387230320,64,auto,Therefore,",",the nanoformulation of,"Therefore , the nanoformulation of",0.6624388
MT2022_2025,W4387230320,65,auto,Moreover,",",preclinical and clinical,"Moreover , preclinical and clinical",0.60165715
MT2022_2025,W4387230320,66,auto,This,could,lead to the,This could lead to the,0.6316951
MT2022_2025,W4387230320,67,auto,Fig.,6,6 Fig. 6,Fig. 6 6 Fig. 6,0.70051193
MT2022_2025,W4387230320,68,auto,The,mTOR,signaling is crucial,The mTOR signaling is crucial,0.69823605
MT2022_2025,W4387230320,69,auto,The,activated,dendritic cells can,The activated dendritic cells can,0.71942496
MT2022_2025,W4387230320,70,auto,The,higher,levels of mTOR,The higher levels of mTOR,0.6305889
MT2022_2025,W4387230320,71,auto,The,absence,of mTOR signaling,The absence of mTOR signaling,0.7193217
MT2022_2025,W4387230320,72,auto,The,high,mTOR activity during,The high mTOR activity during,0.6439054
MT2022_2025,W4387230320,73,auto,T,-,follicular helper cells,T - follicular helper cells,0.56565285
MT2022_2025,W4387230320,74,auto,Created,with,BioRender.com Fig. 7,Created with BioRender.com Fig. 7,0.55490285
MT2022_2025,W4387230320,75,auto,The,mTOR,pathway can be,The mTOR pathway can be,0.6736211
MT2022_2025,W4387230320,76,auto,Created,with,BioRender.com Table 1,Created with BioRender.com Table 1,0.5804312
MT2022_2025,W4387230320,77,auto,50,in,cancer cell lines,50 in cancer cell lines,0.5129886
MT2022_2025,W4387230320,78,auto,Renal,cell,carcinoma cells including,Renal cell carcinoma cells including,0.6853846
MT2022_2025,W4387230320,79,auto,Breast,cancer,cell lines include,Breast cancer cell lines include,0.748206
MT2022_2025,W4387230320,80,auto,Sarcoma,cell,lines RH30 =,Sarcoma cell lines RH30 =,0.64349043
MT2022_2025,W4387230320,81,auto,Advantage,(s,") Potent ,","Advantage (s ) Potent ,",0.6795906
MT2022_2025,W4387230320,82,auto,Enhanced,radiosensitivity,of HNSCC .,Enhanced radiosensitivity of HNSCC .,0.73582506
MT2022_2025,W4387230320,83,auto,The,ORR,of the drug,The ORR of the drug,0.6933693
MT2022_2025,W4387230320,84,auto,Promising,anticancer,"efficacy , high","Promising anticancer efficacy , high",0.74575627
MT2022_2025,W4387230320,85,auto,The,broad,range of clinical,The broad range of clinical,0.6395166
MT2022_2025,W4387230320,86,auto,Nab,-,sirolimus was FDA,Nab - sirolimus was FDA,0.57981247
MT2022_2025,W4387230320,87,auto,NCT05103358,",","Phase II ,","NCT05103358 , Phase II ,",0.54848236
MT2022_2025,W4387230320,88,auto,Everolimus,received,FDA approval in,Everolimus received FDA approval in,0.46539527
MT2022_2025,W4387230320,89,auto,NCT00411619,",","Year-2007 NCT01523977 ,","NCT00411619 , Year-2007 NCT01523977 ,",0.59947413
MT2022_2025,W4387230320,90,auto,Ridaforolimus,received,FDA approval in,Ridaforolimus received FDA approval in,0.48329464
MT2022_2025,W4387230320,91,auto,NCT00086125,",","Phase II ,","NCT00086125 , Phase II ,",0.5547018
MT2022_2025,W4387230320,92,auto,Advanced,unresectable,/ metastatic malignant,Advanced unresectable / metastatic malignant,0.83437395
MT2022_2025,W4387230320,93,auto,Malignant,solid,tumors harboring inactivating,Malignant solid tumors harboring inactivating,0.63616395
MT2022_2025,W4387230320,94,auto,Renal,cell,carcinoma Relapsed /,Renal cell carcinoma Relapsed /,0.64545256
MT2022_2025,W4387230320,95,auto,SEGA,Pediatric,ALL Metastatic soft,SEGA Pediatric ALL Metastatic soft,0.75716054
MT2022_2025,W4387230320,96,auto,Refractory,hematologic,"malignancies , endometrial","Refractory hematologic malignancies , endometrial",0.7769112
MT2022_2025,W4387230320,97,auto,Bind,with,FKBP12 to form,Bind with FKBP12 to form,0.61485624
MT2022_2025,W4387230320,98,auto,FKBP12,subunit,of mTORC1 FKBP12,FKBP12 subunit of mTORC1 FKBP12,0.60621953
MT2022_2025,W4387230320,99,auto,.,.,Panwar et al.,. . Panwar et al.,0.61333156
MT2022_2025,W4387230320,100,auto,Year,-,"2019 nausea ,","Year - 2019 nausea ,",0.66931397
MT2022_2025,W4387230320,101,auto,The,NCT01437566,", Phase II","The NCT01437566 , Phase II",0.5417866
MT2022_2025,W4387230320,102,auto,Voxtalisib,(,XL765 PI3 K,Voxtalisib ( XL765 PI3 K,0.51054025
MT2022_2025,W4387230320,103,auto,Year,2011,"efficacy pyrexia ,","Year 2011 efficacy pyrexia ,",0.6495423
MT2022_2025,W4387230320,104,auto,Refractory,lymphoma,", primary CNS","Refractory lymphoma , primary CNS",0.67549735
MT2022_2025,W4387230320,105,auto,Year,-,2015 with high,Year - 2015 with high,0.62937015
MT2022_2025,W4387230320,106,auto,Year,2012,PI3 K as,Year 2012 PI3 K as,0.67800915
MT2022_2025,W4387230320,107,auto,HuCCT1,=,"0.52 , OZ","HuCCT1 = 0.52 , OZ",0.67390686
MT2022_2025,W4387230320,108,auto,Highly,effective,NCC - BD1,Highly effective NCC - BD1,0.7115757
MT2022_2025,W4387230320,109,auto,NCC,-,CC6 - 1,NCC - CC6 - 1,0.7133837
MT2022_2025,W4387230320,110,auto,Year,-,2019 the tumor,Year - 2019 the tumor,0.57599056
MT2022_2025,W4387230320,111,auto,Gedatolisib,profiles,", thrombocytopenia ,","Gedatolisib profiles , thrombocytopenia ,",0.6345381
MT2022_2025,W4387230320,112,auto,IC,50,value was 0.41,IC 50 value was 0.41,0.5305114
MT2022_2025,W4387230320,113,auto,and,3.9,μM in LS180,and 3.9 μM in LS180,0.5967957
MT2022_2025,W4387230320,114,auto,NCT01420081,",",Year 2011 displayed,"NCT01420081 , Year 2011 displayed",0.46352637
MT2022_2025,W4387230320,115,auto,The,following,cell lines have,The following cell lines have,0.62074435
MT2022_2025,W4387230320,116,auto,Year,2011,refractory cancer MIAPaCa,Year 2011 refractory cancer MIAPaCa,0.66464067
MT2022_2025,W4387230320,118,auto,Panwar,et,al. ACKNOWLEDGEMENTS,Panwar et al. ACKNOWLEDGEMENTS,0.47503716
MT2022_2025,W4387230320,119,auto,We,would,like to acknowledge,We would like to acknowledge,0.43467337
MT2022_2025,W4387230320,120,auto,Atul,Khosla,Vice - Chancellor,Atul Khosla Vice - Chancellor,0.7035067
MT2022_2025,W4387230320,121,auto,S.S.,",","D.K. , and","S.S. , D.K. , and",0.600512
MT2022_2025,W4387230320,122,auto,V.P.,",","A.S. , M.B.","V.P. , A.S. , M.B.",0.52054983
MT2022_2025,W4387230320,123,auto,A.S.,",","S.S. , D.K.","A.S. , S.S. , D.K.",0.56616694
MT2022_2025,W4387230320,124,auto,A.S.,",","S.S. , and","A.S. , S.S. , and",0.62631565
MT2022_2025,W4387230320,125,auto,All,authors,have read and,All authors have read and,0.58490103
MT2022_2025,W4387230320,127,auto,Competing,interests,: The authors,Competing interests : The authors,0.6045944
MT2022_2025,W4387230320,128,auto,mTOR,signaling,"in growth ,","mTOR signaling in growth ,",0.7708991
MT2022_2025,W4387230320,130,auto,Fermentation,",",isolation and characterization,"Fermentation , isolation and characterization",0.48811746
MT2022_2025,W4387230320,131,auto,Two,TOR,"complexes , only","Two TOR complexes , only",0.6634194
MT2022_2025,W4387230320,132,auto,The,role,of mTOR signaling,The role of mTOR signaling,0.66045356
MT2022_2025,W4387230320,133,auto,Raptor,",",a binding partner,"Raptor , a binding partner",0.5397052
MT2022_2025,W4387230320,134,auto,Oncol,12,71 2019 Role,Oncol 12 71 2019 Role,0.6181344
MT2022_2025,W4387230320,135,auto,Cell,11,2003 Identification of,Cell 11 2003 Identification of,0.55334425
MT2022_2025,W4387230320,136,auto,Biol,14,2004 Identification of,Biol 14 2004 Identification of,0.5000801
MT2022_2025,W4387230320,138,auto,Signaling,pathways,in cancer metabolism,Signaling pathways in cancer metabolism,0.7460513
MT2022_2025,W4387230320,139,auto,Target,Ther,8 196 2023,Target Ther 8 196 2023,0.6942569
MT2022_2025,W4387230320,140,auto,Dissecting,the,role of mTOR,Dissecting the role of mTOR,0.62196165
MT2022_2025,W4387230320,142,auto,Acta,1804,2010 mTORC1 as,Acta 1804 2010 mTORC1 as,0.5867991
MT2022_2025,W4387230320,143,auto,Rapamycin,passes,the torch :,Rapamycin passes the torch :,0.6670605
MT2022_2025,W4387230320,144,auto,Hallmarks,of,cancer : the,Hallmarks of cancer : the,0.492751
MT2022_2025,W4387230320,147,auto,18,2014,Establishment and characterization,18 2014 Establishment and characterization,0.56984395
MT2022_2025,W4387230320,150,auto,The,mTOR,signalling pathway in,The mTOR signalling pathway in,0.6455659
MT2022_2025,W4387230320,151,auto,Overexpression,of,laminin - 5,Overexpression of laminin - 5,0.6049744
MT2022_2025,W4387230320,152,auto,Target,Ther,4 20 2019,Target Ther 4 20 2019,0.67464584
MT2022_2025,W4387230320,153,auto,Target,Ther,7 198 2022,Target Ther 7 198 2022,0.67243737
MT2022_2025,W4387230320,154,auto,A,resolution,Cryo - EM,A resolution Cryo - EM,0.7069877
MT2022_2025,W4387230320,155,auto,Is,dual,mTORC1 and mTORC2,Is dual mTORC1 and mTORC2,0.649131
MT2022_2025,W4387230320,156,auto,N,Unni,C L Arteaga,N Unni C L Arteaga,0.66701114
MT2022_2025,W4387230320,157,auto,Tor,forms,a dimer through,Tor forms a dimer through,0.6939264
MT2022_2025,W4387230320,158,auto,Defining,the,role of mTOR,Defining the role of mTOR,0.6653736
MT2022_2025,W4387230320,159,auto,The,3.2,- A resolution,The 3.2 - A resolution,0.6176335
MT2022_2025,W4387230320,160,auto,J,436,2011 ETV7 is,J 436 2011 ETV7 is,0.6752728
MT2022_2025,W4387230320,161,auto,Adv,2018,mTOR signaling at,Adv 2018 mTOR signaling at,0.641484
MT2022_2025,W4387230320,162,auto,Cell,40,2010 AMPK phosphorylation,Cell 40 2010 AMPK phosphorylation,0.51794195
MT2022_2025,W4387230320,163,auto,The,central,role of mTORC1,The central role of mTORC1,0.5432363
MT2022_2025,W4387230320,164,auto,Cell,Biol,10 2008,Cell Biol 10 2008,0.67277426
MT2022_2025,W4387230320,165,auto,The,Rag,GTPases bind raptor,The Rag GTPases bind raptor,0.60057336
MT2022_2025,W4387230320,166,auto,Soc.,Trans,51 2023,Soc. Trans 51 2023,0.6344797
MT2022_2025,W4387230320,167,auto,Ragulator,is,a GEF for,Ragulator is a GEF for,0.7417601
MT2022_2025,W4387230320,170,auto,Biol,79,102544 2023,Biol 79 102544 2023,0.5748664
MT2022_2025,W4387230320,171,auto,Amino,acid,- dependent mTORC1,Amino acid - dependent mTORC1,0.65868413
MT2022_2025,W4387230320,172,auto,Differential,regulation,of mTORC1 by,Differential regulation of mTORC1 by,0.7181563
MT2022_2025,W4387230320,173,auto,A,positive,feedback loop between,A positive feedback loop between,0.66551906
MT2022_2025,W4387230320,174,auto,The,TSC1,- 2 tumor,The TSC1 - 2 tumor,0.6789763
MT2022_2025,W4387230320,175,auto,The,mTOR,- regulated phosphoproteome,The mTOR - regulated phosphoproteome,0.65744555
MT2022_2025,W4387230320,176,auto,Transcriptional,control,of cellular metabolism,Transcriptional control of cellular metabolism,0.77401584
MT2022_2025,W4387230320,177,auto,Targeting,mTOR,and metabolism in,Targeting mTOR and metabolism in,0.68043745
MT2022_2025,W4387230320,178,auto,Transporter,engineering,for the development,Transporter engineering for the development,0.64089996
MT2022_2025,W4387230320,179,auto,Adv,54,107816 2022 mTOR,Adv 54 107816 2022 mTOR,0.4967263
MT2022_2025,W4387230320,180,auto,The,translational,landscape of mTOR,The translational landscape of mTOR,0.6830667
MT2022_2025,W4387230320,181,auto,An,ATP,- competitive mammalian,An ATP - competitive mammalian,0.7755915
MT2022_2025,W4387230320,183,auto,A,unifying,model for mTORC1,A unifying model for mTORC1,0.68852246
MT2022_2025,W4387230320,184,auto,A,diverse,array of cancer,A diverse array of cancer,0.6942671
MT2022_2025,W4387230320,185,auto,Maxillofac.,Surg,52 1994,Maxillofac. Surg 52 1994,0.69173336
MT2022_2025,W4387230320,186,auto,A,pan,- cancer proteogenomic,A pan - cancer proteogenomic,0.65014976
MT2022_2025,W4387230320,187,auto,Oncol,9,36 2016,Oncol 9 36 2016,0.5671218
MT2022_2025,W4387230320,188,auto,Point,mutations,of the mTOR,Point mutations of the mTOR,0.6199788
MT2022_2025,W4387230320,190,auto,Enhanced,sensitivity,of multiple myeloma,Enhanced sensitivity of multiple myeloma,0.6596331
MT2022_2025,W4387230320,191,auto,Reduced,progression,of endometrial hyperplasia,Reduced progression of endometrial hyperplasia,0.7649094
MT2022_2025,W4387230320,192,auto,Gynecol,196,2007 DAXX /,Gynecol 196 2007 DAXX /,0.68316203
MT2022_2025,W4387230320,193,auto,A,systematic,study of gene,A systematic study of gene,0.68382853
MT2022_2025,W4387230320,194,auto,Cancer,Res,15 2009,Cancer Res 15 2009,0.5977479
MT2022_2025,W4387230320,195,auto,Long,non-coding,RNAs : Fundamental,Long non-coding RNAs : Fundamental,0.5937115
MT2022_2025,W4387230320,196,auto,Rev.,Cancer,1878 188899 2023,Rev. Cancer 1878 188899 2023,0.60582495
MT2022_2025,W4387230320,197,auto,Long,non-coding,RNAs orchestrate various,Long non-coding RNAs orchestrate various,0.57412857
MT2022_2025,W4387230320,199,auto,Acta,Mol.,Basis Dis 1867,Acta Mol. Basis Dis 1867,0.5391925
MT2022_2025,W4387230320,200,auto,Emerging,role,of long non-coding,Emerging role of long non-coding,0.59470135
MT2022_2025,W4387230320,201,auto,Target,Ther,7 121 2022,Target Ther 7 121 2022,0.67480546
MT2022_2025,W4387230320,202,auto,Transcriptome,analysis,identifies TODL as,Transcriptome analysis identifies TODL as,0.6430744
MT2022_2025,W4387230320,204,auto,2022,LncRNAs,associated with glioblastoma,2022 LncRNAs associated with glioblastoma,0.7174293
MT2022_2025,W4387230320,206,auto,Nucleic,Acids,24 2021,Nucleic Acids 24 2021,0.76851803
MT2022_2025,W4387230320,207,auto,The,implication,of long non-coding,The implication of long non-coding,0.6964533
MT2022_2025,W4387230320,209,auto,Acta,Rev.,Cancer 1874 188423,Acta Rev. Cancer 1874 188423,0.51390725
MT2022_2025,W4387230320,210,auto,Long,noncoding,RNAs : a,Long noncoding RNAs : a,0.6129598
MT2022_2025,W4387230320,211,auto,Acta,Gene,Regul. Mech 1863,Acta Gene Regul. Mech 1863,0.66580564
MT2022_2025,W4387230320,212,auto,Long,noncoding,RNA MALAT1 promotes,Long noncoding RNA MALAT1 promotes,0.64841795
MT2022_2025,W4387230320,213,auto,The,double,- edged sword,The double - edged sword,0.62216836
MT2022_2025,W4387230320,214,auto,Long,noncoding,RNA growth arrest,Long noncoding RNA growth arrest,0.6796714
MT2022_2025,W4387230320,215,auto,Increased,expression,of lncRNA CASC9,Increased expression of lncRNA CASC9,0.7013907
MT2022_2025,W4387230320,216,auto,Target,Ther,5 2020,Target Ther 5 2020,0.6469497
MT2022_2025,W4387230320,217,auto,The,hedgehog,pathway regulates cancer,The hedgehog pathway regulates cancer,0.6920639
MT2022_2025,W4387230320,218,auto,Activation,of,the PTEN /,Activation of the PTEN /,0.5842867
MT2022_2025,W4387230320,220,auto,Sci.,USA,104 2007,Sci. USA 104 2007,0.66889304
MT2022_2025,W4387230320,221,auto,Branched,chain,amino acid suppresses,Branched chain amino acid suppresses,0.76394534
MT2022_2025,W4387230320,222,auto,Dual,blocking,of mTor and,Dual blocking of mTor and,0.7476975
MT2022_2025,W4387230320,223,auto,The,role,of PTEN /,The role of PTEN /,0.6692407
MT2022_2025,W4387230320,225,auto,Sci.,USA,106 2009 Upregulation,Sci. USA 106 2009 Upregulation,0.6151537
MT2022_2025,W4387230320,226,auto,The,expression,and significance of,The expression and significance of,0.6974424
MT2022_2025,W4387230320,227,auto,Investig,122,2012 PI3K /,Investig 122 2012 PI3K /,0.48221818
MT2022_2025,W4387230320,228,auto,Cancer,Res,23 2017,Cancer Res 23 2017,0.5934573
MT2022_2025,W4387230320,229,auto,In,vitro,activity of the,In vitro activity of the,0.6551015
MT2022_2025,W4387230320,230,auto,Treat,149,2015 Synergistic antitumor,Treat 149 2015 Synergistic antitumor,0.60122216
MT2022_2025,W4387230320,231,auto,Overexpression,of,ATP - binding,Overexpression of ATP - binding,0.58607286
MT2022_2025,W4387230320,232,auto,Pharm,180,114137 2020,Pharm 180 114137 2020,0.73066854
MT2022_2025,W4387230320,233,auto,Overcoming,mTOR,resistance mutations with,Overcoming mTOR resistance mutations with,0.5846181
MT2022_2025,W4387230320,234,auto,J.,Med,371 2014,J. Med 371 2014,0.7113841
MT2022_2025,W4387230320,235,auto,Autophagy,fights,disease through cellular,Autophagy fights disease through cellular,0.69513994
MT2022_2025,W4387230320,237,auto,Sci.,USA,114 2017,Sci. USA 114 2017,0.61770535
MT2022_2025,W4387230320,238,auto,The,mTOR,- autophagy axis,The mTOR - autophagy axis,0.6732786
MT2022_2025,W4387230320,239,auto,Cell,Dev.,Biol 9 655731,Cell Dev. Biol 9 655731,0.5319963
MT2022_2025,W4387230320,240,auto,Cellular,differentiation,in the kidneys,Cellular differentiation in the kidneys,0.6771931
MT2022_2025,W4387230320,243,auto,Regulation,of,autophagy by amino,Regulation of autophagy by amino,0.5357695
MT2022_2025,W4387230320,244,auto,Investig,125,2015 ULK1.ATG13.FIP200 complex,Investig 125 2015 ULK1.ATG13.FIP200 complex,0.49275014
MT2022_2025,W4387230320,245,auto,Chem,284,2009 AMPK inhibits,Chem 284 2009 AMPK inhibits,0.61838424
MT2022_2025,W4387230320,246,auto,Cell,19,2008 mTOR regulation,Cell 19 2008 mTOR regulation,0.5026543
MT2022_2025,W4387230320,247,auto,Repurposing,of,drugs : An,Repurposing of drugs : An,0.58189726
MT2022_2025,W4387230320,248,auto,Cancer,Biol,68 2021,Cancer Biol 68 2021,0.6907348
MT2022_2025,W4387230320,249,auto,Autophagy,",",cancer stem cells,"Autophagy , cancer stem cells",0.40459272
MT2022_2025,W4387230320,250,auto,The,TOR,pathway interacts with,The TOR pathway interacts with,0.6109108
MT2022_2025,W4387230320,252,auto,Regulation,of,yeast replicative life,Regulation of yeast replicative life,0.54246646
MT2022_2025,W4387230320,254,auto,Sci.,Med.,Sci 69 2014,Sci. Med. Sci 69 2014,0.6609374
MT2022_2025,W4387230320,255,auto,Lifespan,extension,by conditions that,Lifespan extension by conditions that,0.72467595
MT2022_2025,W4387230320,256,auto,Signal,2,75 2009 ER,Signal 2 75 2009 ER,0.67032015
MT2022_2025,W4387230320,257,auto,Preprint,at,Loss of foxo,Preprint at Loss of foxo,0.59454036
MT2022_2025,W4387230320,258,auto,Med,6,179 2014 TORC1,Med 6 179 2014 TORC1,0.61130244
MT2022_2025,W4387230320,259,auto,Med,10,1564 2018,Med 10 1564 2018,0.644871
MT2022_2025,W4387230320,260,auto,Alternative,rapamycin,treatment regimens mitigate,Alternative rapamycin treatment regimens mitigate,0.5844257
MT2022_2025,W4387230320,261,auto,The,neurology,of mTOR J,The neurology of mTOR J,0.67297775
MT2022_2025,W4387230320,262,auto,Behavioral,symptoms,may correlate with,Behavioral symptoms may correlate with,0.7367014
MT2022_2025,W4387230320,263,auto,Neurol,12,673583 2021,Neurol 12 673583 2021,0.60869384
MT2022_2025,W4387230320,264,auto,Rapamycin,prevents,epilepsy in a,Rapamycin prevents epilepsy in a,0.7121329
MT2022_2025,W4387230320,265,auto,Neurol,63,2008 Effect of,Neurol 63 2008 Effect of,0.5609537
MT2022_2025,W4387230320,266,auto,Ther,12,2023 mTOR -,Ther 12 2023 mTOR -,0.58843994
MT2022_2025,W4387230320,267,auto,Pharm,10,1345 2019 mTOR,Pharm 10 1345 2019 mTOR,0.66086304
MT2022_2025,W4387230320,268,auto,Immunol,12,774103 2021,Immunol 12 774103 2021,0.6067948
MT2022_2025,W4387230320,269,auto,Roles,of,the immune system,Roles of the immune system,0.52535176
MT2022_2025,W4387230320,270,auto,Rev.,Immunol,12 2012,Rev. Immunol 12 2012,0.64635926
MT2022_2025,W4387230320,271,auto,The,tumor,suppressor Tsc1 enforces,The tumor suppressor Tsc1 enforces,0.59132534
MT2022_2025,W4387230320,272,auto,The,tuberous,sclerosis complex -,The tuberous sclerosis complex -,0.67255527
MT2022_2025,W4387230320,273,auto,Med,206,2009 LKB1 is,Med 206 2009 LKB1 is,0.59885484
MT2022_2025,W4387230320,274,auto,The,liver,kinase B1 is,The liver kinase B1 is,0.68756133
MT2022_2025,W4387230320,275,auto,The,multifunctional,role of mTOR,The multifunctional role of mTOR,0.6345214
MT2022_2025,W4387230320,277,auto,The,role,of mTOR in,The role of mTOR in,0.65525013
MT2022_2025,W4387230320,278,auto,T,cell,differentiation K N,T cell differentiation K N,0.6251705
MT2022_2025,W4387230320,279,auto,Investig,125,2015 Constitutive reductions,Investig 125 2015 Constitutive reductions,0.60898864
MT2022_2025,W4387230320,280,auto,The,emerging,role of microRNA,The emerging role of microRNA,0.5974652
MT2022_2025,W4387230320,281,auto,Cell,Biol,99 2021 Metabolic,Cell Biol 99 2021 Metabolic,0.6956312
MT2022_2025,W4387230320,282,auto,Immunol,10,410 2019,Immunol 10 410 2019,0.6272053
MT2022_2025,W4387230320,283,auto,Engineering,anti,- cancer nanovaccine,Engineering anti - cancer nanovaccine,0.61050266
MT2022_2025,W4387230320,284,auto,Rep,39,2019 BSR,Rep 39 2019 BSR,0.5943535
MT2022_2025,W4387230320,285,auto,Plant,lectins,and their usage,Plant lectins and their usage,0.7213614
MT2022_2025,W4387230320,286,auto,Cancer,Biol,80 2022,Cancer Biol 80 2022,0.6741129
MT2022_2025,W4387230320,287,auto,Bringing,natural,killer cells to,Bringing natural killer cells to,0.5331012
MT2022_2025,W4387230320,288,auto,Crosstalks,between,mTORC1 and mTORC2,Crosstalks between mTORC1 and mTORC2,0.6015957
MT2022_2025,W4387230320,290,auto,Med,8,1029 2020 Macrophages,Med 8 1029 2020 Macrophages,0.63891566
MT2022_2025,W4387230320,291,auto,Target,Ther,8 207 2023,Target Ther 8 207 2023,0.6770937
MT2022_2025,W4387230320,292,auto,Target,Ther,6 75 2021,Target Ther 6 75 2021,0.679909
MT2022_2025,W4387230320,293,auto,The,TSC,- mTOR pathway,The TSC - mTOR pathway,0.65174955
MT2022_2025,W4387230320,294,auto,A,treasure,from a barren,A treasure from a barren,0.71220213
MT2022_2025,W4387230320,295,auto,Kidney,J,15 1971-1972 (,Kidney J 15 1971-1972 (,0.6477761
MT2022_2025,W4387230320,296,auto,Biol,1,2008 Rapamycin -,Biol 1 2008 Rapamycin -,0.62200916
MT2022_2025,W4387230320,297,auto,Exploring,new,frontiers : sirolimus,Exploring new frontiers : sirolimus,0.67088485
MT2022_2025,W4387230320,298,auto,The,mTOR,pathway in hepatic,The mTOR pathway in hepatic,0.69180363
MT2022_2025,W4387230320,299,auto,Cold,Spring,Harb D W,Cold Spring Harb D W,0.61350876
MT2022_2025,W4387230320,300,auto,Sirolimus,induces,apoptosis and reverses,Sirolimus induces apoptosis and reverses,0.53661144
MT2022_2025,W4387230320,302,auto,Phase,I,studies of sirolimus,Phase I studies of sirolimus,0.5609393
MT2022_2025,W4387230320,303,auto,Cancer,Res,18 2012 Requirements,Cancer Res 18 2012 Requirements,0.64840704
MT2022_2025,W4387230320,304,auto,Ther,22,2000 Suppl B,Ther 22 2000 Suppl B,0.5864138
MT2022_2025,W4387230320,305,auto,Sirolimus,for,angiomyolipoma in tuberous,Sirolimus for angiomyolipoma in tuberous,0.51371586
MT2022_2025,W4387230320,306,auto,J.,Med,358 2008 nab,J. Med 358 2008 nab,0.7332599
MT2022_2025,W4387230320,307,auto,A,phase,I / II,A phase I / II,0.7129303
MT2022_2025,W4387230320,308,auto,Cancer,Ther,9 2010 Synthesis,Cancer Ther 9 2010 Synthesis,0.6651001
MT2022_2025,W4387230320,309,auto,Adv.,Urol,7 2015 FDA,Adv. Urol 7 2015 FDA,0.6424439
MT2022_2025,W4387230320,310,auto,J.,Med,356 2007,J. Med 356 2007,0.72421294
MT2022_2025,W4387230320,311,auto,Randomized,phase,II study of,Randomized phase II study of,0.7181154
MT2022_2025,W4387230320,313,auto,Recent,advances,and limitations of,Recent advances and limitations of,0.776017
MT2022_2025,W4387230320,314,auto,A,phase,II study of,A phase II study of,0.74990016
MT2022_2025,W4387230320,315,auto,Phase,II,study of temsirolimus,Phase II study of temsirolimus,0.44558546
MT2022_2025,W4387230320,316,auto,A,trial,of the NCIC,A trial of the NCIC,0.69896007
MT2022_2025,W4387230320,318,auto,A,phase,1 trial of,A phase 1 trial of,0.76073885
MT2022_2025,W4387230320,319,auto,Temsirolimus,combined,with cyclophosphamide and,Temsirolimus combined with cyclophosphamide and,0.54818153
MT2022_2025,W4387230320,320,auto,Phase,I,/ II study,Phase I / II study,0.62827927
MT2022_2025,W4387230320,321,auto,N.,Drugs,37 2019 SDZ,N. Drugs 37 2019 SDZ,0.6482905
MT2022_2025,W4387230320,322,auto,Pharmacother,19,2018 Everolimus -,Pharmacother 19 2018 Everolimus -,0.5502983
MT2022_2025,W4387230320,323,auto,A,single,- arm phase,A single - arm phase,0.67241657
MT2022_2025,W4387230320,326,auto,Phase,1,trial of everolimus,Phase 1 trial of everolimus,0.53275764
MT2022_2025,W4387230320,327,auto,A,randomised,phase 2 study,A randomised phase 2 study,0.6044601
MT2022_2025,W4387230320,329,auto,Metab,102,2017 mTOR inhibition,Metab 102 2017 mTOR inhibition,0.50965387
MT2022_2025,W4387230320,330,auto,Phase,2,trial of everolimus,Phase 2 trial of everolimus,0.5722163
MT2022_2025,W4387230320,332,auto,Everolimus,in,combination with rituximab,Everolimus in combination with rituximab,0.47113246
MT2022_2025,W4387230320,333,auto,J.,Med,363 2010 Everolimus,J. Med 363 2010 Everolimus,0.6893128
MT2022_2025,W4387230320,334,auto,Everolimus,for,the treatment of,Everolimus for the treatment of,0.58645386
MT2022_2025,W4387230320,335,auto,Phase,II,study of the,Phase II study of the,0.55936456
MT2022_2025,W4387230320,336,auto,Oncol,30,2012 Results of,Oncol 30 2012 Results of,0.5152349
MT2022_2025,W4387230320,338,auto,Randomized,phase,II trial of,Randomized phase II trial of,0.7006249
MT2022_2025,W4387230320,339,auto,Oncol,33,2015 Oral ridaforolimus,Oncol 33 2015 Oral ridaforolimus,0.5347908
MT2022_2025,W4387230320,340,auto,Cancer,Res,14 2008,Cancer Res 14 2008,0.57611835
MT2022_2025,W4387230320,341,auto,Phase,1,study of dalotuzumab,Phase 1 study of dalotuzumab,0.54432076
MT2022_2025,W4387230320,342,auto,A,phase,1 study of,A phase 1 study of,0.7716809
MT2022_2025,W4387230320,343,auto,The,dual,mTORC1 and mTORC2,The dual mTORC1 and mTORC2,0.64356947
MT2022_2025,W4387230320,344,auto,Res.,Commun,440 2013,Res. Commun 440 2013,0.6366187
MT2022_2025,W4387230320,345,auto,Anti,-tumor,effect of AZD8055,Anti -tumor effect of AZD8055,0.5798024
MT2022_2025,W4387230320,346,auto,The,dual,mTORC1 and mTORC2,The dual mTORC1 and mTORC2,0.64356947
MT2022_2025,W4387230320,347,auto,Investig,118,2008 Emerging role,Investig 118 2008 Emerging role,0.55691373
MT2022_2025,W4387230320,348,auto,Recent,advances,in dual PI3K,Recent advances in dual PI3K,0.7501771
MT2022_2025,W4387230320,349,auto,Pharm,13,875372 2022,Pharm 13 875372 2022,0.60169727
MT2022_2025,W4387230320,350,auto,Kinase,profiling,of liposarcomas using,Kinase profiling of liposarcomas using,0.7436657
MT2022_2025,W4387230320,351,auto,Oncol,10,173 2017,Oncol 10 173 2017,0.6234785
MT2022_2025,W4387230320,352,auto,Catalytic,mTOR,inhibitors can overcome,Catalytic mTOR inhibitors can overcome,0.67590314
MT2022_2025,W4387230320,353,auto,Oncol,34,2016 mTOR controls,Oncol 34 2016 mTOR controls,0.53460026
MT2022_2025,W4387230320,354,auto,Cell,Biol,24 2004 mTOR,Cell Biol 24 2004 mTOR,0.63570523
MT2022_2025,W4387230320,355,auto,A,kinase,inhibitor targeted to,A kinase inhibitor targeted to,0.68556744
MT2022_2025,W4387230320,356,auto,Cancer,Ther,14 2015 Investigational,Cancer Ther 14 2015 Investigational,0.6882548
MT2022_2025,W4387230320,357,auto,Novel,oral,mTORC 1 /,Novel oral mTORC 1 /,0.67647535
MT2022_2025,W4387230320,358,auto,Phase,I,study of the,Phase I study of the,0.6123069
MT2022_2025,W4387230320,359,auto,A,phase,II study of,A phase II study of,0.7498999
MT2022_2025,W4387230320,360,auto,N.,Drugs,36 2018 Phase,N. Drugs 36 2018 Phase,0.6213471
MT2022_2025,W4387230320,361,auto,Lung,Cancer,22 2021 Pan-mTOR,Lung Cancer 22 2021 Pan-mTOR,0.74382937
MT2022_2025,W4387230320,362,auto,Targeting,mTOR,with MLN0128 overcomes,Targeting mTOR with MLN0128 overcomes,0.6089405
MT2022_2025,W4387230320,363,auto,A,patient,- derived xenograft,A patient - derived xenograft,0.6107026
MT2022_2025,W4387230320,364,auto,Cancer,Ther,17 2018 DICE,Cancer Ther 17 2018 DICE,0.7045868
MT2022_2025,W4387230320,366,auto,Res,Commun,496 2018 CC,Res Commun 496 2018 CC,0.6547996
MT2022_2025,W4387230320,367,auto,Preclinical,study,of CC223 as,Preclinical study of CC223 as,0.56323373
MT2022_2025,W4387230320,368,auto,Int,46,2022 OSI -,Int 46 2022 OSI -,0.57437414
MT2022_2025,W4387230320,369,auto,Mol.,Med,21 2021 OSI,Mol. Med 21 2021 OSI,0.7384039
MT2022_2025,W4387230320,370,auto,The,antipancreatic,cancer activity of,The antipancreatic cancer activity of,0.6739501
MT2022_2025,W4387230320,371,auto,Target,Ther,6 425 2021,Target Ther 6 425 2021,0.68242115
MT2022_2025,W4387230320,373,auto,The,dual,PI3K / mTOR,The dual PI3K / mTOR,0.66113573
MT2022_2025,W4387230320,374,auto,Cancer,Res,24 2018 PF,Cancer Res 24 2018 PF,0.63182056
MT2022_2025,W4387230320,375,auto,Cancer,Res,26 2020 Multiparametric,Cancer Res 26 2020 Multiparametric,0.5951137
MT2022_2025,W4387230320,376,auto,Cancer,Res,26 2020 GDC,Cancer Res 26 2020 GDC,0.6140707
MT2022_2025,W4387230320,377,auto,Akt,/,mTOR pathway D,Akt / mTOR pathway D,0.5525106
MT2022_2025,W4387230320,379,auto,Res.,Commun,529 2020,Res. Commun 529 2020,0.66535395
MT2022_2025,W4387230320,380,auto,Novel,dual,PI3K / mTOR,Novel dual PI3K / mTOR,0.68219054
MT2022_2025,W4387230320,381,auto,Phase,I,study of apitolisib,Phase I study of apitolisib,0.54168546
MT2022_2025,W4387230320,382,auto,Cancer,Res,22 2016,Cancer Res 22 2016,0.61080873
MT2022_2025,W4387230320,383,auto,A,phase,I dose -,A phase I dose -,0.71893907
MT2022_2025,W4387230320,384,auto,N.,Drugs,36 2018 Voxtalisib,N. Drugs 36 2018 Voxtalisib,0.5654424
MT2022_2025,W4387230320,385,auto,Res.,Pr,239 154145 2022,Res. Pr 239 154145 2022,0.5272361
MT2022_2025,W4387230320,387,auto,Phase,I,dose - escalation,Phase I dose - escalation,0.56975734
MT2022_2025,W4387230320,388,auto,The,PI3K,/ mTOR inhibitor,The PI3K / mTOR inhibitor,0.74657685
MT2022_2025,W4387230320,389,auto,A,randomised,", placebo -","A randomised , placebo -",0.69844836
MT2022_2025,W4387230320,392,auto,Radiation,enhancement,of head and,Radiation enhancement of head and,0.6168617
MT2022_2025,W4387230320,393,auto,Phase,I,dose - escalation,Phase I dose - escalation,0.56975734
MT2022_2025,W4387230320,394,auto,Cancer,Res,27 2021 A,Cancer Res 27 2021 A,0.63243103
MT2022_2025,W4387230320,395,auto,A,randomized,phase II non-comparative,A randomized phase II non-comparative,0.77371395
MT2022_2025,W4387230320,397,auto,A,multi,- arm phase,A multi - arm phase,0.5895812
MT2022_2025,W4387230320,398,auto,Cancer,Res,21 2015 ABCB1,Cancer Res 21 2015 ABCB1,0.5368483
MT2022_2025,W4387230320,399,auto,Cancer,Res,17 2011 Metformin,Cancer Res 17 2011 Metformin,0.5900813
MT2022_2025,W4387230320,400,auto,Metformin,inhibits,mammalian target of,Metformin inhibits mammalian target of,0.51708204
MT2022_2025,W3163465952,0,auto,ResMLP,:,Feedforward networks for,ResMLP : Feedforward networks for,0.64244455
MT2022_2025,W3163465952,1,auto,We,present,"ResMLP , an","We present ResMLP , an",0.6226622
MT2022_2025,W3163465952,2,auto,It,is,a simple residual,It is a simple residual,0.64885277
MT2022_2025,W3163465952,3,auto,When,trained,with a modern,When trained with a modern,0.670479
MT2022_2025,W3163465952,4,auto,We,also,train ResMLP models,We also train ResMLP models,0.5570368
MT2022_2025,W3163465952,5,auto,Finally,",",by adapting our,"Finally , by adapting our",0.6234796
MT2022_2025,W3163465952,6,auto,We,share,pre-trained models and,We share pre-trained models and,0.6539747
MT2022_2025,W3163465952,7,auto,Recently,",",the transformer architecture,"Recently , the transformer architecture",0.57692915
MT2022_2025,W3163465952,8,auto,This,evolution,toward less hard,This evolution toward less hard,0.6945725
MT2022_2025,W3163465952,9,auto,Introduction,ResMLP,Layer Cross -,Introduction ResMLP Layer Cross -,0.66817176
MT2022_2025,W3163465952,10,auto,We,further,investigate if our,We further investigate if our,0.6668955
MT2022_2025,W3163465952,11,auto,In,particular,", we adapt","In particular , we adapt",0.7429056
MT2022_2025,W3163465952,12,auto,To,do,"so , we","To do so , we",0.6260779
MT2022_2025,W3163465952,13,auto,In,summary,", in this","In summary , in this",0.57025397
MT2022_2025,W3163465952,15,auto,In,this,"section , we","In this section , we",0.72041583
MT2022_2025,W3163465952,16,auto,The,overall,ResMLP architecture .,The overall ResMLP architecture .,0.59182376
MT2022_2025,W3163465952,17,auto,Our,model,", denoted by","Our model , denoted by",0.66446656
MT2022_2025,W3163465952,18,auto,The,patches,are then independently,The patches are then independently,0.62418944
MT2022_2025,W3163465952,19,auto,The,resulting,set of N,The resulting set of N,0.6736033
MT2022_2025,W3163465952,20,auto,These,output,embeddings are then,These output embeddings are then,0.6901403
MT2022_2025,W3163465952,21,auto,Training,uses,the cross-entropy loss,Training uses the cross-entropy loss,0.5303636
MT2022_2025,W3163465952,22,auto,The,Residual,Multi - Perceptron,The Residual Multi - Perceptron,0.65984714
MT2022_2025,W3163465952,23,auto,Our,network,is a sequence,Our network is a sequence,0.7073424
MT2022_2025,W3163465952,24,auto,Similar,to,the Transformer layer,Similar to the Transformer layer,0.62798065
MT2022_2025,W3163465952,25,auto,The,absence,of self -,The absence of self -,0.7056872
MT2022_2025,W3163465952,26,auto,Aff,α,", β (","Aff α , β (",0.72663164
MT2022_2025,W3163465952,27,auto,This,operation,only rescales and,This operation only rescales and,0.6471262
MT2022_2025,W3163465952,28,auto,This,operation,has several advantages,This operation has several advantages,0.61109567
MT2022_2025,W3163465952,29,auto,Second,",",as opposed to,"Second , as opposed to",0.65037465
MT2022_2025,W3163465952,30,auto,We,apply,the Aff operator,We apply the Aff operator,0.6412943
MT2022_2025,W3163465952,31,auto,As,a,"pre-normalization , Aff","As a pre-normalization , Aff",0.63552505
MT2022_2025,W3163465952,32,auto,Here,",",we initialize α,"Here , we initialize α",0.5851741
MT2022_2025,W3163465952,33,auto,As,a,post - normalization,As a post - normalization,0.66494614
MT2022_2025,W3163465952,34,auto,Overall,",",our Multi -,"Overall , our Multi -",0.6283406
MT2022_2025,W3163465952,35,auto,Note,that,Eq ( 3,Note that Eq ( 3,0.7330012
MT2022_2025,W3163465952,36,auto,Differences,with,the Vision Transformer,Differences with the Vision Transformer,0.6775404
MT2022_2025,W3163465952,37,auto,Our,architecture,is closely related,Our architecture is closely related,0.67104435
MT2022_2025,W3163465952,38,auto,Class,-,MLP as an,Class - MLP as an,0.5864543
MT2022_2025,W3163465952,39,auto,We,propose,an adaptation of,We propose an adaptation of,0.6940328
MT2022_2025,W3163465952,40,auto,Similar,to,"Transformer , the","Similar to Transformer , the",0.6351998
MT2022_2025,W3163465952,41,auto,First,",",we follow the,"First , we follow the",0.62691873
MT2022_2025,W3163465952,43,auto,In,this,"section , we","In this section , we",0.72041583
MT2022_2025,W3163465952,44,auto,We,also,study the impact,We also study the impact,0.6165378
MT2022_2025,W3163465952,45,auto,We,consider,three training paradigms,We consider three training paradigms,0.7178844
MT2022_2025,W3163465952,46,auto,This,paradigm,is the main,This paradigm is the main,0.5660403
MT2022_2025,W3163465952,47,auto,•,Self,- supervised learning,• Self - supervised learning,0.7070972
MT2022_2025,W3163465952,48,auto,Experimental,setting,Datasets .,Experimental setting Datasets .,0.5431205
MT2022_2025,W3163465952,49,auto,We,train,our models on,We train our models on,0.70141715
MT2022_2025,W3163465952,50,auto,In,the,case of supervised,In the case of supervised,0.7550668
MT2022_2025,W3163465952,52,auto,In,this,"section , we","In this section , we",0.72041583
MT2022_2025,W3163465952,54,auto,In,Table,1 2 trained,In Table 1 2 trained,0.5877697
MT2022_2025,W3163465952,55,auto,While,the,trade - off,While the trade - off,0.7221953
MT2022_2025,W3163465952,56,auto,Self,-,supervised setting .,Self - supervised setting .,0.67842907
MT2022_2025,W3163465952,57,auto,We,pre-train,ResMLP - S12,We pre-train ResMLP - S12,0.70495206
MT2022_2025,W3163465952,58,auto,We,study,our model when,We study our model when,0.58426684
MT2022_2025,W3163465952,59,auto,Visualization,&,analysis of the,Visualization & analysis of the,0.5545998
MT2022_2025,W3163465952,60,auto,In,Figure,2 Measuring sparsity,In Figure 2 Measuring sparsity,0.634221
MT2022_2025,W3163465952,61,auto,The,visualizations,described above suggest,The visualizations described above suggest,0.73922956
MT2022_2025,W3163465952,62,auto,We,analyze,this quantitatively in,We analyze this quantitatively in,0.6846981
MT2022_2025,W3163465952,63,auto,Communication,across,patches if we,Communication across patches if we,0.6745834
MT2022_2025,W3163465952,64,auto,We,have,tried several alternatives,We have tried several alternatives,0.57034093
MT2022_2025,W3163465952,65,auto,Since,MLPs,are subject to,Since MLPs are subject to,0.6501076
MT2022_2025,W3163465952,66,auto,Our,network,configuration does not,Our network configuration does not,0.7212017
MT2022_2025,W3163465952,67,auto,Instead,",",we use the,"Instead , we use the",0.6259945
MT2022_2025,W3163465952,68,auto,This,is,akin to Layer,This is akin to Layer,0.67909247
MT2022_2025,W3163465952,69,auto,We,choose,to use a,We choose to use a,0.7618329
MT2022_2025,W3163465952,71,auto,Replacing,average,pooling with Class,Replacing average pooling with Class,0.6797082
MT2022_2025,W3163465952,72,auto,We,do,not include it,We do not include it,0.63065314
MT2022_2025,W3163465952,74,auto,Smaller,patches,significantly increase the,Smaller patches significantly increase the,0.71660537
MT2022_2025,W3163465952,75,auto,Consider,the,"Block "" Training","Consider the Block "" Training",0.7232212
MT2022_2025,W3163465952,77,auto,We,evaluate,the quality of,We evaluate the quality of,0.6819484
MT2022_2025,W3163465952,78,auto,The,goal,is to assess,The goal is to assess,0.7167804
MT2022_2025,W3163465952,79,auto,We,adopt,the typical setting,We adopt the typical setting,0.64664245
MT2022_2025,W3163465952,80,auto,We,report,the performance with,We report the performance with,0.5954863
MT2022_2025,W3163465952,81,auto,We,observe,that the performance,We observe that the performance,0.6087052
MT2022_2025,W3163465952,82,auto,Interestingly,",",this regularization also,"Interestingly , this regularization also",0.5997503
MT2022_2025,W3163465952,84,auto,We,also,evaluate the ResMLP,We also evaluate the ResMLP,0.6044945
MT2022_2025,W3163465952,85,auto,We,train,models on the,We train models on the,0.7056893
MT2022_2025,W3163465952,86,auto,5,Related,work We review,5 Related work We review,0.641049
MT2022_2025,W3163465952,87,auto,Fully,-,connected network for,Fully - connected network for,0.64506066
MT2022_2025,W3163465952,88,auto,Many,studies,have shown that,Many studies have shown that,0.6408101
MT2022_2025,W3163465952,89,auto,Finally,",",the application of,"Finally , the application of",0.658819
MT2022_2025,W3163465952,90,auto,Other,architectures,with similar components,Other architectures with similar components,0.72748154
MT2022_2025,W3163465952,91,auto,Our,FCN,architecture shares several,Our FCN architecture shares several,0.73488045
MT2022_2025,W3163465952,92,auto,More,recently,", transformers have","More recently , transformers have",0.6958022
MT2022_2025,W3163465952,93,auto,Similar,observations,have been made,Similar observations have been made,0.704205
MT2022_2025,W3163465952,94,auto,Notably,",",Synthesizer [ 54,"Notably , Synthesizer [ 54",0.6157231
MT2022_2025,W3163465952,95,auto,In,this,paper we have,In this paper we have,0.6526953
MT2022_2025,W3163465952,96,auto,Thanks,to,their simple structure,Thanks to their simple structure,0.543939
MT2022_2025,W3163465952,97,auto,While,some,of the layers,While some of the layers,0.74351597
MT2022_2025,W3163465952,98,auto,We,hope,that our model,We hope that our model,0.73688245
MT2022_2025,W3163465952,99,auto,SA,→,MLP .,SA → MLP .,0.6787862
MT2022_2025,W3163465952,100,auto,The,self,- attention can,The self - attention can,0.71155494
MT2022_2025,W3163465952,101,auto,Therefore,",",our first design,"Therefore , our first design",0.6145006
MT2022_2025,W3163465952,102,auto,In,other,"terms , in","In other terms , in",0.6623221
MT2022_2025,W3163465952,103,auto,In,that,"case , the","In that case , the",0.7585496
MT2022_2025,W3163465952,104,auto,By,keeping,the other elements,By keeping the other elements,0.6531165
MT2022_2025,W3163465952,105,auto,Class,-,attention → class,Class - attention → class,0.6091141
MT2022_2025,W3163465952,106,auto,If,we,further replace the,If we further replace the,0.7582332
MT2022_2025,W3163465952,107,auto,This,network,has served as,This network has served as,0.5872699
MT2022_2025,W3163465952,108,auto,Note,that,", at this","Note that , at this",0.7202236
MT2022_2025,W3163465952,110,auto,The,same,model trained with,The same model trained with,0.68054754
MT2022_2025,W3163465952,111,auto,Activation,:,LayerNorm → X,Activation : LayerNorm → X,0.543568
MT2022_2025,W3163465952,112,auto,We,have,tried different activations,We have tried different activations,0.5988188
MT2022_2025,W3163465952,113,auto,Figure,1,: 1 Figure,Figure 1 : 1 Figure,0.7326365
MT2022_2025,W3163465952,114,auto,After,linearly,projecting the image,After linearly projecting the image,0.6972359
MT2022_2025,W3163465952,115,auto,The,MLP,is the same,The MLP is the same,0.6015266
MT2022_2025,W3163465952,116,auto,Each,sublayer,has a residual,Each sublayer has a residual,0.6640397
MT2022_2025,W3163465952,117,auto,Figure,3,: 3 Figure3,Figure 3 : 3 Figure3,0.77416986
MT2022_2025,W3163465952,118,auto,For,each,layer ( linear,For each layer ( linear,0.7777289
MT2022_2025,W3163465952,119,auto,Linear,interaction,layers are sparser,Linear interaction layers are sparser,0.6696644
MT2022_2025,W3163465952,120,auto,Figure,4,: 4 Figure,Figure 4 : 4 Figure,0.75553
MT2022_2025,W3163465952,121,auto,ResMLPs,tend,to overfit slightly,ResMLPs tend to overfit slightly,0.64637834
MT2022_2025,W3163465952,122,auto,This,is,partially alleviated with,This is partially alleviated with,0.6537241
MT2022_2025,W3163465952,123,auto,For,each,layer we visualise,For each layer we visualise,0.6098062
MT2022_2025,W3163465952,124,auto,Table,1,: 1 Comparison,Table 1 : 1 Comparison,0.6642835
MT2022_2025,W3163465952,125,auto,We,compare,different architectures based,We compare different architectures based,0.6651828
MT2022_2025,W3163465952,126,auto,We,report,Top - 1,We report Top - 1,0.63219637
MT2022_2025,W3163465952,127,auto,All,the,models use 224×,All the models use 224×,0.6790244
MT2022_2025,W3163465952,128,auto,By,default,the Transformers and,By default the Transformers and,0.6849776
MT2022_2025,W3163465952,129,auto,The,throughput,is measured on,The throughput is measured on,0.6836481
MT2022_2025,W3163465952,130,auto,For,reference,", we include","For reference , we include",0.549792
MT2022_2025,W3163465952,131,auto,Arch.,#params,throughput FLOPS Peak,Arch. #params throughput FLOPS Peak,0.72022545
MT2022_2025,W3163465952,132,auto,Table,3,: 3 Ablation,Table 3 : 3 Ablation,0.7559055
MT2022_2025,W3163465952,133,auto,Our,default,configurations are presented,Our default configurations are presented,0.6793488
MT2022_2025,W3163465952,134,auto,By,default,we train during,By default we train during,0.67863715
MT2022_2025,W3163465952,135,auto,The,"""",old - fashioned,"The "" old - fashioned",0.72785926
MT2022_2025,W3163465952,136,auto,Baseline,models,ResMLP - S24,Baseline models ResMLP - S24,0.7224197
MT2022_2025,W3163465952,137,auto,Training,ResMLP,- S24 16,Training ResMLP - S24 16,0.7668475
MT2022_2025,W3163465952,138,auto,Classification,accuracy,( top -,Classification accuracy ( top -,0.66706216
MT2022_2025,W3163465952,139,auto,The,ResMLP,architecture takes 224×,The ResMLP architecture takes 224×,0.6894077
MT2022_2025,W3163465952,140,auto,EfficientNet,-,B7 [ 53,EfficientNet - B7 [ 53,0.65673375
MT2022_2025,W3163465952,141,auto,Table,5,: 5 Machine,Table 5 : 5 Machine,0.69738567
MT2022_2025,W3163465952,142,auto,We,report,tokenized BLEU on,We report tokenized BLEU on,0.6078174
MT2022_2025,W3163465952,143,auto,Models,GNMT,[ 62 ],Models GNMT [ 62 ],0.74361134
MT2022_2025,W3163465952,144,auto,As,discussed,in the main,As discussed in the main,0.6108479
MT2022_2025,W3163465952,145,auto,For,our,"exploration , we","For our exploration , we",0.6538422
MT2022_2025,W3163465952,146,auto,In,contrast,", we focus","In contrast , we focus",0.63783795
MT2022_2025,W3163465952,147,auto,Other,concurrent,related work includes,Other concurrent related work includes,0.58283085
MT2022_2025,W3163465952,148,auto,Interestingly,",",if trained with,"Interestingly , if trained with",0.61689097
MT2022_2025,W3163465952,150,auto,We,would,like to thank,We would like to thank,0.46415654
MT2022_2025,W3163465952,151,auto,For,the,MLP that replaced,For the MLP that replaced,0.7409603
MT2022_2025,W3163465952,152,auto,For,this,experiment we used,For this experiment we used,0.6067833
MT2022_2025,W3163465952,153,auto,expansion,factor,×e ×0. 25,expansion factor ×e ×0. 25,0.700412
MT2022_2025,W3163465952,154,auto,On,top,of our MLP,On top of our MLP,0.66897374
MT2022_2025,W3163465952,155,auto,We,report,the variation in,We report the variation in,0.6613578
MT2022_2025,W3163465952,156,auto,Pre-normalization,top,- 1 acc,Pre-normalization top - 1 acc,0.703901
MT2022_2025,W3163465952,157,auto,For,the,sake of simplicity,For the sake of simplicity,0.5989619
MT2022_2025,W3163465952,159,auto,In,our,"experiments , removing","In our experiments , removing",0.6759803
MT2022_2025,W3163465952,160,auto,This,is,not surprising considering,This is not surprising considering,0.6764336
MT2022_2025,W3163465952,161,auto,B,Analysis,of interaction layers,B Analysis of interaction layers,0.7112656
MT2022_2025,W3163465952,162,auto,In,this,section we further,In this section we further,0.7210573
MT2022_2025,W3163465952,163,auto,In,Figure,B.1 we consider,In Figure B.1 we consider,0.545389
MT2022_2025,W3163465952,164,auto,The,linear,interaction layers in,The linear interaction layers in,0.7163726
MT2022_2025,W3163465952,165,auto,B,",","C , H","B , C , H",0.68987095
MT2022_2025,W3163465952,167,auto,Table,D,DeiT - style,Table D DeiT - style,0.67756355
MT2022_2025,W3163465952,168,auto,Jimmy,Lei,Ba Jamie Ryan,Jimmy Lei Ba Jamie Ryan,0.59898686
MT2022_2025,W3163465952,169,auto,arXiv,preprint,Neural machine translation,arXiv preprint Neural machine translation,0.69619656
MT2022_2025,W3163465952,170,auto,Revisiting,ResNets,: Improved training,Revisiting ResNets : Improved training,0.6708553
MT2022_2025,W3163465952,171,auto,Are,we,done with ImageNet,Are we done with ImageNet,0.6405075
MT2022_2025,W3163465952,172,auto,arXiv,preprint,2020 4 7,arXiv preprint 2020 4 7,0.73563933
MT2022_2025,W3163465952,173,auto,The,best,of both worlds,The best of both worlds,0.63584065
MT2022_2025,W3163465952,174,auto,Practical,automated,data augmentation with,Practical automated data augmentation with,0.7434561
MT2022_2025,W3163465952,175,auto,An,image,is worth 16x16,An image is worth 16x16,0.7380374
MT2022_2025,W3163465952,176,auto,How,many,samples are needed,How many samples are needed,0.65213674
MT2022_2025,W3163465952,177,auto,In,NeurIPS,Yining Simon S,In NeurIPS Yining Simon S,0.6960549
MT2022_2025,W3163465952,178,auto,Differentiable,model,compression via pseudo,Differentiable model compression via pseudo,0.68111247
MT2022_2025,W3163465952,179,auto,Convolutional,sequence,to sequence learning,Convolutional sequence to sequence learning,0.6495081
MT2022_2025,W3163465952,180,auto,Proceedings,of,the 34th International,Proceedings of the 34th International,0.5264737
MT2022_2025,W3163465952,181,auto,Identity,mappings,in deep residual,Identity mappings in deep residual,0.7478334
MT2022_2025,W3163465952,182,auto,The,iNaturalist,species classification and,The iNaturalist species classification and,0.710644
MT2022_2025,W3163465952,183,auto,International,Conference,on Computer Vision,International Conference on Computer Vision,0.658025
MT2022_2025,W3163465952,184,auto,On,large,- batch training,On large - batch training,0.6393154
MT2022_2025,W3163465952,185,auto,Switchnet,:,a neural network,Switchnet : a neural network,0.61899644
MT2022_2025,W3163465952,186,auto,Pay,attention,to MLPs 2021,Pay attention to MLPs 2021,0.7193024
MT2022_2025,W3163465952,187,auto,Do,you,even need attention,Do you even need attention,0.79207605
MT2022_2025,W3163465952,188,auto,A,stack,of feed -,A stack of feed -,0.7275479
MT2022_2025,W3163465952,189,auto,Tensorizing,neural,networks Alexander Novikov,Tensorizing neural networks Alexander Novikov,0.5454733
MT2022_2025,W3163465952,190,auto,In,Neurips,Scaling neural machine,In Neurips Scaling neural machine,0.7464191
MT2022_2025,W3163465952,191,auto,Fine,-,tuning CNN image,Fine - tuning CNN image,0.60004884
MT2022_2025,W3163465952,192,auto,B,Recht,Rebecca Roelofs L,B Recht Rebecca Roelofs L,0.6030764
MT2022_2025,W3163465952,193,auto,Best,practices,for convolutional neural,Best practices for convolutional neural,0.639189
MT2022_2025,W3163465952,194,auto,Very,deep,convolutional networks for,Very deep convolutional networks for,0.69943976
MT2022_2025,W3163465952,195,auto,An,all,- MLP architecture,An all - MLP architecture,0.61624134
MT2022_2025,W3163465952,196,auto,Going,deeper,with image transformers,Going deeper with image transformers,0.6632314
MT2022_2025,W3163465952,197,auto,Do,deep,convolutional nets really,Do deep convolutional nets really,0.6408811
MT2022_2025,W3163465952,198,auto,Attention,is,all you need,Attention is all you need,0.5281249
MT2022_2025,W3163465952,199,auto,Google's,neural,machine translation system,Google's neural machine translation system,0.6230477
MT2022_2025,W3163465952,200,auto,Regularization,strategy,to train strong,Regularization strategy to train strong,0.62387496
MT2022_2025,W4315865958,0,auto,Control,of,protein stability by,Control of protein stability by,0.54461503
MT2022_2025,W4315865958,1,auto,Post,-,translational modifications (,Post - translational modifications (,0.57787704
MT2022_2025,W4315865958,2,auto,These,regions,", called degrons","These regions , called degrons",0.6563275
MT2022_2025,W4315865958,3,auto,We,summarize,current knowledge of,We summarize current knowledge of,0.65290946
MT2022_2025,W4315865958,4,auto,We,aim,to display the,We aim to display the,0.35724849
MT2022_2025,W4315865958,5,auto,Out,of,the different biological,Out of the different biological,0.64562297
MT2022_2025,W4315865958,6,auto,Most,cellular,and physiological processes,Most cellular and physiological processes,0.73125774
MT2022_2025,W4315865958,7,auto,While,the,foundation of the,While the foundation of the,0.85785156
MT2022_2025,W4315865958,8,auto,The,number,of human protein,The number of human protein,0.6371089
MT2022_2025,W4315865958,9,auto,4,6,7 PTMs can,4 6 7 PTMs can,0.6780266
MT2022_2025,W4315865958,10,auto,The,primary,PTM involved int,The primary PTM involved int,0.69606453
MT2022_2025,W4315865958,11,auto,The,UPS,is broadly implicated,The UPS is broadly implicated,0.7212216
MT2022_2025,W4315865958,12,auto,In,this,"review , we","In this review , we",0.7411143
MT2022_2025,W4315865958,13,auto,We,aim,to highlight different,We aim to highlight different,0.377581
MT2022_2025,W4315865958,14,auto,These,mechanisms,range from the,These mechanisms range from the,0.7249213
MT2022_2025,W4315865958,15,auto,Although,we,are focusing on,Although we are focusing on,0.73904324
MT2022_2025,W4315865958,16,auto,PTM,-,control of protein,PTM - control of protein,0.6072938
MT2022_2025,W4315865958,17,auto,SETD7,is,responsible for methylation,SETD7 is responsible for methylation,0.54052055
MT2022_2025,W4315865958,18,auto,The,forkhead,transcription factor (,The forkhead transcription factor (,0.6480171
MT2022_2025,W4315865958,19,auto,Recent,evidence,indicates that FOXO1,Recent evidence indicates that FOXO1,0.62078416
MT2022_2025,W4315865958,20,auto,It,remains,to be seen,It remains to be seen,0.72393775
MT2022_2025,W4315865958,21,auto,Compared,to,lysine methyl -,Compared to lysine methyl -,0.6658398
MT2022_2025,W4315865958,22,auto,In,contrast,to the methyl,In contrast to the methyl,0.7050358
MT2022_2025,W4315865958,23,auto,Experiments,with,murine Axin in,Experiments with murine Axin in,0.6748915
MT2022_2025,W4315865958,24,auto,In,contrast,", for methyl","In contrast , for methyl",0.68062
MT2022_2025,W4315865958,25,auto,There,are,erasers that can,There are erasers that can,0.6241493
MT2022_2025,W4315865958,26,auto,Among,them,", LSD1 is","Among them , LSD1 is",0.6493831
MT2022_2025,W4315865958,27,auto,The,majority,of currently known,The majority of currently known,0.7142956
MT2022_2025,W4315865958,28,auto,Protein,kinases,and phosphatases are,Protein kinases and phosphatases are,0.75866014
MT2022_2025,W4315865958,29,auto,CDKs,in,cell cycle regulation,CDKs in cell cycle regulation,0.4369202
MT2022_2025,W4315865958,30,auto,The,coupling,networks of these,The coupling networks of these,0.6793284
MT2022_2025,W4315865958,31,auto,Herein,we,focus on four,Herein we focus on four,0.7122246
MT2022_2025,W4315865958,32,auto,Phospho,-,activated degrons in,Phospho - activated degrons in,0.58057356
MT2022_2025,W4315865958,33,auto,Especially,the,substrate - recognizing,Especially the substrate - recognizing,0.6473846
MT2022_2025,W4315865958,34,auto,An,example,of phosphorylation directly,An example of phosphorylation directly,0.6567118
MT2022_2025,W4315865958,35,auto,The,regulation,of substrate specificity,The regulation of substrate specificity,0.78521687
MT2022_2025,W4315865958,36,auto,Complicating,understanding,is the fact,Complicating understanding is the fact,0.6223511
MT2022_2025,W4315865958,37,auto,A,classical,SCF substrate initially,A classical SCF substrate initially,0.69544226
MT2022_2025,W4315865958,38,auto,Cyclin,D1,degradation has been,Cyclin D1 degradation has been,0.65809256
MT2022_2025,W4315865958,39,auto,The,β,- catenin phospho,The β - catenin phospho,0.584613
MT2022_2025,W4315865958,40,auto,Wnt,signaling,is one of,Wnt signaling is one of,0.7045005
MT2022_2025,W4315865958,41,auto,DTL,is,phosphorylated at T464,DTL is phosphorylated at T464,0.5872302
MT2022_2025,W4315865958,42,auto,As,a,major pathway controlling,As a major pathway controlling,0.66067827
MT2022_2025,W4315865958,43,auto,Often,",",this includes targeted,"Often , this includes targeted",0.6544119
MT2022_2025,W4315865958,44,auto,In,the,case of cell,In the case of cell,0.75626034
MT2022_2025,W4315865958,45,auto,An,example,of deregulation involving,An example of deregulation involving,0.7096364
MT2022_2025,W4315865958,46,auto,PTM,-,regulated protein degradation,PTM - regulated protein degradation,0.5169126
MT2022_2025,W4315865958,47,auto,One,mechanism,for the formation,One mechanism for the formation,0.72191596
MT2022_2025,W4315865958,48,auto,The,transfer,of acetyl groups,The transfer of acetyl groups,0.73152554
MT2022_2025,W4315865958,49,auto,99,4a,Control of protein,99 4a Control of protein,0.7379432
MT2022_2025,W4315865958,50,auto,The,addition,of hydroxyl groups,The addition of hydroxyl groups,0.6665123
MT2022_2025,W4315865958,51,auto,Hydroxylation,of,proteins is catalyzed,Hydroxylation of proteins is catalyzed,0.6433471
MT2022_2025,W4315865958,52,auto,The,archetypal,example of this,The archetypal example of this,0.679847
MT2022_2025,W4315865958,53,auto,Control,of,protein stability by,Control of protein stability by,0.54461503
MT2022_2025,W4315865958,54,auto,Glycosylation,influences,cell surface receptors,Glycosylation influences cell surface receptors,0.6648742
MT2022_2025,W4315865958,55,auto,For,example,", asparagine -","For example , asparagine -",0.605443
MT2022_2025,W4315865958,56,auto,A,famous,example is the,A famous example is the,0.5621054
MT2022_2025,W4315865958,57,auto,Crosstalk,between,PTMs at degrons,Crosstalk between PTMs at degrons,0.6556088
MT2022_2025,W4315865958,58,auto,This,phospho,- degron pathway,This phospho - degron pathway,0.655692
MT2022_2025,W4315865958,59,auto,For,instance,", SUMOylation at","For instance , SUMOylation at",0.6528251
MT2022_2025,W4315865958,60,auto,Simultaneously,",",PIAS1 suppresses phosphorylation,"Simultaneously , PIAS1 suppresses phosphorylation",0.5250898
MT2022_2025,W4315865958,61,auto,For,example,", MYC has","For example , MYC has",0.6715797
MT2022_2025,W4315865958,62,auto,Examples,in,the regulation of,Examples in the regulation of,0.5557642
MT2022_2025,W4315865958,63,auto,The,tumor,suppressor p53 is,The tumor suppressor p53 is,0.6814172
MT2022_2025,W4315865958,64,auto,Over,30,different E3 ligases,Over 30 different E3 ligases,0.5122259
MT2022_2025,W4315865958,65,auto,In,addition,"to acetylation ,","In addition to acetylation ,",0.6528441
MT2022_2025,W4315865958,66,auto,For,instance,", K370 and","For instance , K370 and",0.6345514
MT2022_2025,W4315865958,67,auto,Applying,protein,stability proteomics for,Applying protein stability proteomics for,0.6722206
MT2022_2025,W4315865958,68,auto,Many,were,found individually and,Many were found individually and,0.6801827
MT2022_2025,W4315865958,69,auto,Just,out,of the estimated,Just out of the estimated,0.6539626
MT2022_2025,W4315865958,70,auto,In,the,case of phosphorylation,In the case of phosphorylation,0.7262281
MT2022_2025,W4315865958,71,auto,These,approaches,can also be,These approaches can also be,0.70076084
MT2022_2025,W4315865958,72,auto,An,alternative,", complementary strategy","An alternative , complementary strategy",0.75548214
MT2022_2025,W4315865958,73,auto,The,large,variety of molecular,The large variety of molecular,0.73595434
MT2022_2025,W4315865958,74,auto,Given,the,relatively recent descriptions,Given the relatively recent descriptions,0.7025712
MT2022_2025,W4315865958,75,auto,Furthermore,",",additional mechanisms of,"Furthermore , additional mechanisms of",0.6062314
MT2022_2025,W4315865958,76,auto,The,increasing,knowledge about the,The increasing knowledge about the,0.7047171
MT2022_2025,W4315865958,77,auto,Many,prominent,oncogenes such as,Many prominent oncogenes such as,0.5689497
MT2022_2025,W4315865958,78,auto,Given,the,pervasive nature of,Given the pervasive nature of,0.7652985
MT2022_2025,W4315865958,79,auto,Encouragingly,",",the expansion of,"Encouragingly , the expansion of",0.64194685
MT2022_2025,W4315865958,80,auto,The,occurrence,of diverse PTMs,The occurrence of diverse PTMs,0.7894843
MT2022_2025,W4315865958,81,auto,The,diverse,types of PTMs,The diverse types of PTMs,0.6324766
MT2022_2025,W4315865958,82,auto,Notably,",",especially lysine residues,"Notably , especially lysine residues",0.58609706
MT2022_2025,W4315865958,83,auto,These,different,types of modifications,These different types of modifications,0.7003964
MT2022_2025,W4315865958,84,auto,Direct,competition,between Fig. 6,Direct competition between Fig. 6,0.7468657
MT2022_2025,W4315865958,85,auto,The,field,of PTM -,The field of PTM -,0.7151705
MT2022_2025,W4315865958,86,auto,Similarly,",",significant challenges for,"Similarly , significant challenges for",0.6286942
MT2022_2025,W4315865958,87,auto,Furthermore,",",identification and molecular,"Furthermore , identification and molecular",0.6096456
MT2022_2025,W4315865958,88,auto,We,believe,", however ,","We believe , however ,",0.6081722
MT2022_2025,W4315865958,89,auto,This,expansion,of our knowledge,This expansion of our knowledge,0.5232654
MT2022_2025,W4315865958,90,auto,Fig.,1,| 1 Fig.1,Fig. 1 | 1 Fig.1,0.6844824
MT2022_2025,W4315865958,91,auto,a,PTM,- activated degron,a PTM - activated degron,0.6639277
MT2022_2025,W4315865958,92,auto,PTMactivated,degron,is a natively,PTMactivated degron is a natively,0.7149421
MT2022_2025,W4315865958,93,auto,b,PTM,- inactivated degron,b PTM - inactivated degron,0.70445395
MT2022_2025,W4315865958,94,auto,PTM,-,inactivated degron is,PTM - inactivated degron is,0.6919818
MT2022_2025,W4315865958,95,auto,Fig.,2,| 2 Fig.,Fig. 2 | 2 Fig.,0.62535465
MT2022_2025,W4315865958,96,auto,Lysine,and,arginine methylation regulates,Lysine and arginine methylation regulates,0.5476881
MT2022_2025,W4315865958,97,auto,Of,note,", lysine methylation","Of note , lysine methylation",0.66355836
MT2022_2025,W4315865958,98,auto,Methyltransferase,EZH2,", G9a ,","Methyltransferase EZH2 , G9a ,",0.72431904
MT2022_2025,W4315865958,99,auto,Fig.,3,| 3 Fig.,Fig. 3 | 3 Fig.,0.6455504
MT2022_2025,W4315865958,100,auto,Various,different,molecular mechanisms for,Various different molecular mechanisms for,0.61774063
MT2022_2025,W4315865958,101,auto,DTL,(,for Denticleless protein,DTL ( for Denticleless protein,0.4611923
MT2022_2025,W4315865958,102,auto,a,HIF,- 1 α,a HIF - 1 α,0.74419355
MT2022_2025,W4315865958,103,auto,p300,acetyltransferase,generates acetyl -,p300 acetyltransferase generates acetyl -,0.7259442
MT2022_2025,W4315865958,104,auto,Because,hydroxylation,stimulates methyl -,Because hydroxylation stimulates methyl -,0.6816752
MT2022_2025,W4315865958,105,auto,b,Examples,of the regulation,b Examples of the regulation,0.70475674
MT2022_2025,W4315865958,106,auto,SUMOylation,of,PML - RAR,SUMOylation of PML - RAR,0.50299996
MT2022_2025,W4315865958,107,auto,In,contrast,", SUMOylation and","In contrast , SUMOylation and",0.64340866
MT2022_2025,W4315865958,108,auto,a,Examples,of the regulation,a Examples of the regulation,0.6760202
MT2022_2025,W4315865958,109,auto,In,many,"cases , PTM","In many cases , PTM",0.7069004
MT2022_2025,W4315865958,110,auto,b,Examples,of the regulation,b Examples of the regulation,0.70475674
MT2022_2025,W4315865958,111,auto,Note,",",multiple other PTMs,"Note , multiple other PTMs",0.63572073
MT2022_2025,W4315865958,112,auto,Table,1,| 1 List,Table 1 | 1 List,0.6116066
MT2022_2025,W4315865958,113,auto,Inactivated,Lys,K302 me1 SETD7,Inactivated Lys K302 me1 SETD7,0.73909026
MT2022_2025,W4315865958,114,auto,This,work,was supported by,This work was supported by,0.5489808
MT2022_2025,W4315865958,115,auto,The,authors,declare no competing,The authors declare no competing,0.57001376
MT2022_2025,W4315865958,116,auto,Deep,surveying,of alternative splicing,Deep surveying of alternative splicing,0.68402183
MT2022_2025,W4315865958,117,auto,The,next,level of complexity,The next level of complexity,0.57498986
MT2022_2025,W4315865958,118,auto,Interpreting,the,protein language using,Interpreting the protein language using,0.6463524
MT2022_2025,W4315865958,119,auto,Mass,spectrometry,- based detection,Mass spectrometry - based detection,0.7600599
MT2022_2025,W4315865958,120,auto,The,regulation,", functions and","The regulation , functions and",0.62552977
MT2022_2025,W4315865958,121,auto,Sci.,Signal,10 2017,Sci. Signal 10 2017,0.592027
MT2022_2025,W4315865958,122,auto,Ubiquitylation,at,the crossroads of,Ubiquitylation at the crossroads of,0.53773403
MT2022_2025,W4315865958,123,auto,Coordinated,methyl,readers : Functional,Coordinated methyl readers : Functional,0.6969357
MT2022_2025,W4315865958,124,auto,Cancer,Biol,83 2022,Cancer Biol 83 2022,0.6707804
MT2022_2025,W4315865958,125,auto,The,conserved,SOCS box motif,The conserved SOCS box motif,0.61685187
MT2022_2025,W4315865958,127,auto,Sci.,USA,96 1999,Sci. USA 96 1999,0.64942145
MT2022_2025,W4315865958,128,auto,Transforming,growth,factor - beta,Transforming growth factor - beta,0.6074669
MT2022_2025,W4315865958,129,auto,Chem,279,2004 Tripartite degrons,Chem 279 2004 Tripartite degrons,0.62051076
MT2022_2025,W4315865958,130,auto,Proteome,complexity,and the forces,Proteome complexity and the forces,0.6687647
MT2022_2025,W4315865958,131,auto,Compromised,autophagy,and neurodegenerative diseases,Compromised autophagy and neurodegenerative diseases,0.75365657
MT2022_2025,W4315865958,132,auto,Naming,a,targeting signal A,Naming a targeting signal A,0.75946045
MT2022_2025,W4315865958,133,auto,Building,a,regulatory network with,Building a regulatory network with,0.66540164
MT2022_2025,W4315865958,134,auto,Cell,64,2016 N -,Cell 64 2016 N -,0.5566439
MT2022_2025,W4315865958,135,auto,Chem,245,1970 Isolation and,Chem 245 1970 Isolation and,0.58471006
MT2022_2025,W4315865958,136,auto,Writing,",",erasing and reading,"Writing , erasing and reading",0.50545925
MT2022_2025,W4315865958,137,auto,Titivated,for,destruction : the,Titivated for destruction : the,0.6976345
MT2022_2025,W4315865958,138,auto,2015,Regulation,of DNMT1 stability,2015 Regulation of DNMT1 stability,0.78296226
MT2022_2025,W4315865958,139,auto,Sci.,USA,106 2009 DNMT1,Sci. USA 106 2009 DNMT1,0.6503891
MT2022_2025,W4315865958,140,auto,Lysine,methylation,regulates E2F1induced cell,Lysine methylation regulates E2F1induced cell,0.61902905
MT2022_2025,W4315865958,141,auto,The,activity,and stability of,The activity and stability of,0.6789542
MT2022_2025,W4315865958,142,auto,Rev.,Cancer,4 2006,Rev. Cancer 4 2006,0.58113444
MT2022_2025,W4315865958,143,auto,Folding,of,an intrinsically disordered,Folding of an intrinsically disordered,0.5862072
MT2022_2025,W4315865958,144,auto,The,novel,human protein arginine,The novel human protein arginine,0.6822396
MT2022_2025,W4315865958,145,auto,Chem,277,2002 Arginine methylation,Chem 277 2002 Arginine methylation,0.6130023
MT2022_2025,W4315865958,146,auto,Chem,274,1999 Estrogen receptor,Chem 274 1999 Estrogen receptor,0.69365406
MT2022_2025,W4315865958,147,auto,Genet,39,2007 LSD1 :,Genet 39 2007 LSD1 :,0.53087044
MT2022_2025,W4315865958,148,auto,Pervasive,protein,thermal stability variation,Pervasive protein thermal stability variation,0.6413045
MT2022_2025,W4315865958,149,auto,Rev.,Cancer,9 2009 Mechanisms,Rev. Cancer 9 2009 Mechanisms,0.58916414
MT2022_2025,W4315865958,150,auto,Degradation,of,the SCF component,Degradation of the SCF component,0.6476035
MT2022_2025,W4315865958,151,auto,Sci.,USA,95 1998,Sci. USA 95 1998,0.64442265
MT2022_2025,W4315865958,152,auto,A,critical,role for FBXW8,A critical role for FBXW8,0.54207486
MT2022_2025,W4315865958,153,auto,Sci.,USA,115 2018 Functional,Sci. USA 115 2018 Functional,0.58200973
MT2022_2025,W4315865958,154,auto,An,F,- box protein,An F - box protein,0.6057558
MT2022_2025,W4315865958,156,auto,Wnt,signaling,through inhibition of,Wnt signaling through inhibition of,0.8020081
MT2022_2025,W4315865958,157,auto,Cell,21,2006 c -,Cell 21 2006 c -,0.584381
MT2022_2025,W4315865958,158,auto,Chem,278,2003 Pathogenic huntingtin,Chem 278 2003 Pathogenic huntingtin,0.6312574
MT2022_2025,W4315865958,159,auto,Proteom,11,13680 2012 MCP,Proteom 11 13680 2012 MCP,0.65913427
MT2022_2025,W4315865958,160,auto,Adenylyl,cyclase,activating polypeptide reduces,Adenylyl cyclase activating polypeptide reduces,0.6259151
MT2022_2025,W4315865958,162,auto,Med,8,181 2016,Med 8 181 2016,0.59026325
MT2022_2025,W4315865958,163,auto,Phosphorylation,of,huntingtin at residue,Phosphorylation of huntingtin at residue,0.5577682
MT2022_2025,W4315865958,164,auto,Sci.,USA,114 2017 IKK,Sci. USA 114 2017 IKK,0.6419261
MT2022_2025,W4315865958,165,auto,An,N,- terminal nuclear,An N - terminal nuclear,0.6276996
MT2022_2025,W4315865958,166,auto,Chem,288,2013 dbPTM in,Chem 288 2013 dbPTM in,0.56467164
MT2022_2025,W4315865958,168,auto,Acetylation,targets,mutant huntingtin to,Acetylation targets mutant huntingtin to,0.69971275
MT2022_2025,W4315865958,169,auto,The,structural,basis of protein,The structural basis of protein,0.66929215
MT2022_2025,W4315865958,170,auto,Chem,286,2011 HIF1alpha protein,Chem 286 2011 HIF1alpha protein,0.5255097
MT2022_2025,W4315865958,172,auto,Methylation,by,protein arginine methyltransferase,Methylation by protein arginine methyltransferase,0.5382414
MT2022_2025,W4315865958,173,auto,Cell,Biol,6 2004 HIF,Cell Biol 6 2004 HIF,0.6595218
MT2022_2025,W4315865958,175,auto,Sci.,USA,98 2001 HIFalpha,Sci. USA 98 2001 HIFalpha,0.651365
MT2022_2025,W4315865958,176,auto,Independent,function,of two destruction,Independent function of two destruction,0.6631563
MT2022_2025,W4315865958,177,auto,The,influence,of glycosylation on,The influence of glycosylation on,0.7197937
MT2022_2025,W4315865958,178,auto,Immunol,37,2000 Identification of,Immunol 37 2000 Identification of,0.48950893
MT2022_2025,W4315865958,179,auto,Chem,274,1999 Mycobacterial disease,Chem 274 1999 Mycobacterial disease,0.6648947
MT2022_2025,W4315865958,180,auto,An,acetylation,/ deacetylation -,An acetylation / deacetylation -,0.77852154
MT2022_2025,W4315865958,181,auto,A,calcium,- regulated MEF2,A calcium - regulated MEF2,0.6936409
MT2022_2025,W4315865958,182,auto,Chem,274,1999 Arsenic degrades,Chem 274 1999 Arsenic degrades,0.70736134
MT2022_2025,W4315865958,183,auto,Uncovering,global,SUMOylation signaling networks,Uncovering global SUMOylation signaling networks,0.574731
MT2022_2025,W4315865958,184,auto,Mol.,Biol,21 2014 SUMOylation,Mol. Biol 21 2014 SUMOylation,0.65586644
MT2022_2025,W4315865958,185,auto,Sci.,USA,111 2014,Sci. USA 111 2014,0.6346607
MT2022_2025,W4315865958,186,auto,Integration,of,"protein phosphorylation ,","Integration of protein phosphorylation ,",0.60546774
MT2022_2025,W4315865958,187,auto,Deciphering,a,global network of,Deciphering a global network of,0.6516462
MT2022_2025,W4315865958,188,auto,The,Myc,oncoprotein : a,The Myc oncoprotein : a,0.57172894
MT2022_2025,W4315865958,189,auto,The,protein,arginine methyltransferases 1,The protein arginine methyltransferases 1,0.6430066
MT2022_2025,W4315865958,190,auto,The,c,- MYC oncoprotein,The c - MYC oncoprotein,0.62935317
MT2022_2025,W4315865958,191,auto,The,multiple,mechanisms that regulate,The multiple mechanisms that regulate,0.6428563
MT2022_2025,W4315865958,192,auto,The,role,of ubiquitin modification,The role of ubiquitin modification,0.6487314
MT2022_2025,W4315865958,194,auto,Structure,of,the MDM2 oncoprotein,Structure of the MDM2 oncoprotein,0.53546643
MT2022_2025,W4315865958,195,auto,Effect,on,Mdm2 binding K,Effect on Mdm2 binding K,0.6018355
MT2022_2025,W4315865958,196,auto,Chem,275,2000 Phosphorylation of,Chem 275 2000 Phosphorylation of,0.6546326
MT2022_2025,W4315865958,197,auto,Chem,273,1998 Graded enhancement,Chem 273 1998 Graded enhancement,0.6556655
MT2022_2025,W4315865958,198,auto,Sci.,USA,107 2010,Sci. USA 107 2010,0.6509641
MT2022_2025,W4315865958,199,auto,Unraveling,the,physiological roles of,Unraveling the physiological roles of,0.6771007
MT2022_2025,W4315865958,200,auto,Lysine,methylation,represses p53 activity,Lysine methylation represses p53 activity,0.7122586
MT2022_2025,W4315865958,201,auto,Sci.,USA,113 2016 Regulation,Sci. USA 113 2016 Regulation,0.57104236
MT2022_2025,W4315865958,202,auto,Cell,Illuminating,the dark phosphoproteome,Cell Illuminating the dark phosphoproteome,0.71056175
MT2022_2025,W4315865958,203,auto,The,functional,landscape of the,The functional landscape of the,0.69037783
MT2022_2025,W4315865958,204,auto,Towards,a,systematic map of,Towards a systematic map of,0.6598285
MT2022_2025,W4315865958,207,auto,Preprint,at,bioRxiv Global quantification,Preprint at bioRxiv Global quantification,0.5973409
MT2022_2025,W4315865958,208,auto,Dynamic,profiling,of the protein,Dynamic profiling of the protein,0.7197377
MT2022_2025,W4315865958,209,auto,Tracking,cancer,drugs in living,Tracking cancer drugs in living,0.6429352
MT2022_2025,W4315865958,210,auto,Turnover,of,the human proteome,Turnover of the human proteome,0.5505026
MT2022_2025,W4315865958,211,auto,Integrated,proteomic,analysis of posttranslational,Integrated proteomic analysis of posttranslational,0.7166867
MT2022_2025,W4315865958,212,auto,Widespread,bacterial,protein histidine phosphorylation,Widespread bacterial protein histidine phosphorylation,0.7116289
MT2022_2025,W4315865958,213,auto,15,2018,Global subcellular characterization,15 2018 Global subcellular characterization,0.60014117
MT2022_2025,W4315865958,214,auto,Chem,91,2019 CRISPR -,Chem 91 2019 CRISPR -,0.6823159
MT2022_2025,W4315865958,215,auto,Phase,separation,directs ubiquitination of,Phase separation directs ubiquitination of,0.72139025
MT2022_2025,W4315865958,216,auto,The,control,centers of biomolecular,The control centers of biomolecular,0.71256393
MT2022_2025,W4315865958,218,auto,Targeting,the,post - translational,Targeting the post - translational,0.66034293
MT2022_2025,W4315865958,219,auto,Acta,Mol.,Cell Res 1866,Acta Mol. Cell Res 1866,0.6397419
MT2022_2025,W4315865958,220,auto,Biol,11,2015 Protacs :,Biol 11 2015 Protacs :,0.60759807
MT2022_2025,W4315865958,222,auto,Sci.,USA,98 2001 PROTAC,Sci. USA 98 2001 PROTAC,0.6580115
MT2022_2025,W4315865958,223,auto,The,importance,of non-histone protein,The importance of non-histone protein,0.65002835
MT2022_2025,W4315865958,224,auto,Site,-,specific acetylation of,Site - specific acetylation of,0.6035241
MT2022_2025,W4315865958,225,auto,Chem,279,2004 Control of,Chem 279 2004 Control of,0.5908688
MT2022_2025,W4385614625,0,auto,Nanomedicine,in,cancer therapy National,Nanomedicine in cancer therapy National,0.6116553
MT2022_2025,W4385614625,1,auto,Currently,",",either conventional cancer,"Currently , either conventional cancer",0.5668942
MT2022_2025,W4385614625,2,auto,Recent,advances,"in nanotechnology ,","Recent advances in nanotechnology ,",0.6826101
MT2022_2025,W4385614625,3,auto,However,",",the vast majority,"However , the vast majority",0.5951603
MT2022_2025,W4385614625,4,auto,This,Review,outlines current and,This Review outlines current and,0.70611995
MT2022_2025,W4385614625,5,auto,Finally,",",we briefly discuss,"Finally , we briefly discuss",0.62495136
MT2022_2025,W4385614625,7,auto,Cancer,remains,a highly fatal,Cancer remains a highly fatal,0.64136595
MT2022_2025,W4385614625,8,auto,According,to,the latest Global,According to the latest Global,0.58713377
MT2022_2025,W4385614625,9,auto,TUMOR,TISSUE,TARGETING STRATEGIES,TUMOR TISSUE TARGETING STRATEGIES,0.6663457
MT2022_2025,W4385614625,10,auto,Over,the,past few decades,Over the past few decades,0.6834649
MT2022_2025,W4385614625,11,auto,In,1986,", Matsumura and","In 1986 , Matsumura and",0.6114423
MT2022_2025,W4385614625,12,auto,In,normal,"tissues , the","In normal tissues , the",0.70517105
MT2022_2025,W4385614625,13,auto,However,",",in solid tumors,"However , in solid tumors",0.6431016
MT2022_2025,W4385614625,14,auto,51,",",52 53 Moreover,"51 , 52 53 Moreover",0.4589228
MT2022_2025,W4385614625,15,auto,To,overcome,the heterogeneity of,To overcome the heterogeneity of,0.72337675
MT2022_2025,W4385614625,16,auto,The,most,commonly used pharmacological,The most commonly used pharmacological,0.71166545
MT2022_2025,W4385614625,17,auto,Physical,approaches,that include hyperthermia,Physical approaches that include hyperthermia,0.7217668
MT2022_2025,W4385614625,18,auto,28,",","29 , 60","28 , 29 , 60",0.65124947
MT2022_2025,W4385614625,19,auto,80,81,82 83 83,80 81 82 83 83,0.64644134
MT2022_2025,W4385614625,20,auto,The,majority,of solid tumors,The majority of solid tumors,0.7171776
MT2022_2025,W4385614625,21,auto,Other,leukocytes,", such as","Other leukocytes , such as",0.68665737
MT2022_2025,W4385614625,22,auto,Neutrophils,are,the most abundant,Neutrophils are the most abundant,0.5359971
MT2022_2025,W4385614625,23,auto,113,114,", 115 116","113 114 , 115 116",0.6868341
MT2022_2025,W4385614625,24,auto,Monoclonal,antibodies,are typically made,Monoclonal antibodies are typically made,0.63704395
MT2022_2025,W4385614625,25,auto,164,162,", 163 ,","164 162 , 163 ,",0.64060235
MT2022_2025,W4385614625,26,auto,Independent,endocytosis,Membrane fusion Caveolin,Independent endocytosis Membrane fusion Caveolin,0.80905855
MT2022_2025,W4385614625,27,auto,It,was,also reported that,It was also reported that,0.6398694
MT2022_2025,W4385614625,28,auto,It,should,be emphasized that,It should be emphasized that,0.62364805
MT2022_2025,W4385614625,29,auto,169,[,170 ] [,169 [ 170 ] [,0.8316387
MT2022_2025,W4385614625,30,auto,189,Based,on this phase,189 Based on this phase,0.6167691
MT2022_2025,W4385614625,31,auto,189,201,", 202 201","189 201 , 202 201",0.72893244
MT2022_2025,W4385614625,32,auto,Fibroblasts,are,connective - tissue,Fibroblasts are connective - tissue,0.5690547
MT2022_2025,W4385614625,33,auto,353,353,", 354 355","353 353 , 354 355",0.76374733
MT2022_2025,W4385614625,34,auto,Moving,beyond,tumor tissue and,Moving beyond tumor tissue and,0.7016012
MT2022_2025,W4385614625,35,auto,Mitochondrial,targeting,signal / sequence,Mitochondrial targeting signal / sequence,0.66496354
MT2022_2025,W4385614625,36,auto,Although,mitochondria,maintain their own,Although mitochondria maintain their own,0.6311491
MT2022_2025,W4385614625,37,auto,394,395,396 397 398,394 395 396 397 398,0.71496135
MT2022_2025,W4385614625,38,auto,The,morpholine,moiety is one,The morpholine moiety is one,0.7066799
MT2022_2025,W4385614625,39,auto,To,deliver,NO and ROS,To deliver NO and ROS,0.6038678
MT2022_2025,W4385614625,40,auto,The,resulting,nanoparticles are preferentially,The resulting nanoparticles are preferentially,0.6860352
MT2022_2025,W4385614625,41,auto,The,nanoparticles,demonstrated the most,The nanoparticles demonstrated the most,0.56990254
MT2022_2025,W4385614625,42,auto,441,442,443 444 ER,441 442 443 444 ER,0.7995104
MT2022_2025,W4385614625,43,auto,The,endoplasmic,reticulum ( ER,The endoplasmic reticulum ( ER,0.6125507
MT2022_2025,W4385614625,44,auto,This,organelle,is attached to,This organelle is attached to,0.5248622
MT2022_2025,W4385614625,45,auto,It,is,responsible for the,It is responsible for the,0.6143329
MT2022_2025,W4385614625,46,auto,While,the,"processing , modification","While the processing , modification",0.69088465
MT2022_2025,W4385614625,47,auto,Therefore,",",ER dysfunction will,"Therefore , ER dysfunction will",0.5537925
MT2022_2025,W4385614625,48,auto,The,excessive,ER stress may,The excessive ER stress may,0.69235295
MT2022_2025,W4385614625,49,auto,445,446,ER retrieval signal,445 446 ER retrieval signal,0.7199011
MT2022_2025,W4385614625,50,auto,The,Lys,- Asp -,The Lys - Asp -,0.76637214
MT2022_2025,W4385614625,51,auto,Therefore,",","KDEL , an","Therefore , KDEL , an",0.6712771
MT2022_2025,W4385614625,52,auto,Hill,et,al. developed gold,Hill et al. developed gold,0.5277485
MT2022_2025,W4385614625,53,auto,The,resulting,AuNP - KDEL,The resulting AuNP - KDEL,0.62516284
MT2022_2025,W4385614625,54,auto,Thus,",",the results suggested,"Thus , the results suggested",0.6412078
MT2022_2025,W4385614625,55,auto,447,448,449 450 451,447 448 449 450 451,0.7000676
MT2022_2025,W4385614625,56,auto,Chondroitin,sulfate,( CS ),Chondroitin sulfate ( CS ),0.7605036
MT2022_2025,W4385614625,57,auto,Recently,",",Gong et al.,"Recently , Gong et al.",0.5597763
MT2022_2025,W4385614625,59,auto,To,improve,cellular internalization and,To improve cellular internalization and,0.6852429
MT2022_2025,W4385614625,60,auto,Besides,tumor,"acidity , enzymes","Besides tumor acidity , enzymes",0.68913573
MT2022_2025,W4385614625,61,auto,When,the,liposomal nanoparticles were,When the liposomal nanoparticles were,0.7474594
MT2022_2025,W4385614625,62,auto,503,CONCLUSIONS,AND PERSPECTIVES,503 CONCLUSIONS AND PERSPECTIVES,0.6802784
MT2022_2025,W4385614625,63,auto,Although,it,is widely believed,Although it is widely believed,0.6019702
MT2022_2025,W4385614625,64,auto,A,great,many nanoparticles that,A great many nanoparticles that,0.7362281
MT2022_2025,W4385614625,65,auto,23,27,"27 Classically ,","23 27 27 Classically ,",0.62527305
MT2022_2025,W4385614625,66,auto,However,",",our current understanding,"However , our current understanding",0.6141785
MT2022_2025,W4385614625,67,auto,Tumor,cell,- specific targeting,Tumor cell - specific targeting,0.64889544
MT2022_2025,W4385614625,68,auto,Following,functionalization,with targeting ligands,Following functionalization with targeting ligands,0.7918335
MT2022_2025,W4385614625,69,auto,Nonetheless,",",there are still,"Nonetheless , there are still",0.626898
MT2022_2025,W4385614625,70,auto,For,instance,", it can","For instance , it can",0.65917146
MT2022_2025,W4385614625,71,auto,Moreover,",",even if the,"Moreover , even if the",0.6333209
MT2022_2025,W4385614625,72,auto,510,511,", 512 511","510 511 , 512 511",0.75759494
MT2022_2025,W4385614625,73,auto,Most,importantly,", the paradoxical","Most importantly , the paradoxical",0.6633682
MT2022_2025,W4385614625,74,auto,Fortunately,",",the past few,"Fortunately , the past few",0.5891496
MT2022_2025,W4385614625,75,auto,In,addition,", the explosive","In addition , the explosive",0.6561099
MT2022_2025,W4385614625,76,auto,After,internalization,by tumor cells,After internalization by tumor cells,0.6974792
MT2022_2025,W4385614625,77,auto,Nanocargos,that,are functionalized with,Nanocargos that are functionalized with,0.6771034
MT2022_2025,W4385614625,78,auto,Finally,",",they will be,"Finally , they will be",0.6630284
MT2022_2025,W4385614625,79,auto,C,6,"Sixcysteine peptide ,","C 6 Sixcysteine peptide ,",0.6166182
MT2022_2025,W4385614625,80,auto,Either,endogenous,( changes in,Either endogenous ( changes in,0.70059896
MT2022_2025,W4385614625,81,auto,Nanomedicine,in,cancer therapy Fan,Nanomedicine in cancer therapy Fan,0.60098803
MT2022_2025,W4385614625,82,auto,Nanomedicine,in,cancer therapy Fan,Nanomedicine in cancer therapy Fan,0.60098803
MT2022_2025,W4385614625,83,auto,This,work,was supported by,This work was supported by,0.5489807
MT2022_2025,W4385614625,84,auto,Competing,interests,: The authors,Competing interests : The authors,0.60459423
MT2022_2025,W4385614625,85,auto,Global,cancer,statistics 2020 :,Global cancer statistics 2020 :,0.59913933
MT2022_2025,W4385614625,86,auto,Prospects,for,combining targeted and,Prospects for combining targeted and,0.6635946
MT2022_2025,W4385614625,87,auto,Cancer,nanomedicine,for combination cancer,Cancer nanomedicine for combination cancer,0.5687273
MT2022_2025,W4385614625,88,auto,Negative,staining,of phospholipids and,Negative staining of phospholipids and,0.7533802
MT2022_2025,W4385614625,89,auto,The,use,of silicone rubber,The use of silicone rubber,0.6949578
MT2022_2025,W4385614625,91,auto,Targeting,to,cells of fluorescent,Targeting to cells of fluorescent,0.5968206
MT2022_2025,W4385614625,92,auto,A,new,concept for macromolecular,A new concept for macromolecular,0.69125974
MT2022_2025,W4385614625,93,auto,V,Weissig,Pharm .,V Weissig Pharm .,0.59348416
MT2022_2025,W4385614625,94,auto,Res,15,1998 Nanotechnologists seek,Res 15 1998 Nanotechnologists seek,0.46529248
MT2022_2025,W4385614625,96,auto,Acta,Biomembr,1778 2008,Acta Biomembr 1778 2008,0.6205947
MT2022_2025,W4385614625,97,auto,Erythrocyte,membrane,- camouflaged polymeric,Erythrocyte membrane - camouflaged polymeric,0.7237556
MT2022_2025,W4385614625,98,auto,A,study,of BIND -,A study of BIND -,0.58403546
MT2022_2025,W4385614625,101,auto,A,phase,I multicenter study,A phase I multicenter study,0.73226494
MT2022_2025,W4385614625,103,auto,Massively,parallel,pooled screening reveals,Massively parallel pooled screening reveals,0.62236375
MT2022_2025,W4385614625,104,auto,Cancer,nanomedicine,": progress ,","Cancer nanomedicine : progress ,",0.6332116
MT2022_2025,W4385614625,105,auto,Targeted,drug,delivery strategies for,Targeted drug delivery strategies for,0.65408397
MT2022_2025,W4385614625,106,auto,Engineering,precision,nanoparticles for drug,Engineering precision nanoparticles for drug,0.6109249
MT2022_2025,W4385614625,107,auto,Nanocarriers,as,an emerging platform,Nanocarriers as an emerging platform,0.5355629
MT2022_2025,W4385614625,109,auto,Survey,of,clinical translation of,Survey of clinical translation of,0.65083385
MT2022_2025,W4385614625,111,auto,Tumor,targeting,via EPR :,Tumor targeting via EPR :,0.7925205
MT2022_2025,W4385614625,112,auto,Progress,and,challenges towards targeted,Progress and challenges towards targeted,0.6408588
MT2022_2025,W4385614625,113,auto,Tumor,penetrating,peptides for improved,Tumor penetrating peptides for improved,0.6099074
MT2022_2025,W4385614625,114,auto,Targeting,strategies,for tissue -,Targeting strategies for tissue -,0.6439115
MT2022_2025,W4385614625,115,auto,Cancer,nanotechnology,: the impact,Cancer nanotechnology : the impact,0.64667416
MT2022_2025,W4385614625,116,auto,Cell,membrane,coating nanotechnology R,Cell membrane coating nanotechnology R,0.76122236
MT2022_2025,W4385614625,117,auto,Recent,progress,in targeted delivery,Recent progress in targeted delivery,0.76869196
MT2022_2025,W4385614625,119,auto,Ther,6,225 2021 Subcellular,Ther 6 225 2021 Subcellular,0.6930251
MT2022_2025,W4385614625,120,auto,Cancer,cell,nucleus - targeting,Cancer cell nucleus - targeting,0.70027417
MT2022_2025,W4385614625,121,auto,Soc.,Rev,47 2018,Soc. Rev 47 2018,0.6384653
MT2022_2025,W4385614625,122,auto,A,framework,for designing delivery,A framework for designing delivery,0.7417104
MT2022_2025,W4385614625,123,auto,Organelle,targeting,: third level,Organelle targeting : third level,0.70066434
MT2022_2025,W4385614625,124,auto,Multistage,nanovehicle,delivery system based,Multistage nanovehicle delivery system based,0.7589634
MT2022_2025,W4385614625,125,auto,Surface,charge,switchable nanoparticles based,Surface charge switchable nanoparticles based,0.6195031
MT2022_2025,W4385614625,126,auto,Acidity,-,triggered ligand -,Acidity - triggered ligand -,0.58476156
MT2022_2025,W4385614625,127,auto,Design,of,"smart size- ,","Design of smart size- ,",0.670047
MT2022_2025,W4385614625,128,auto,Stimuli,-,responsive size -,Stimuli - responsive size -,0.6155711
MT2022_2025,W4385614625,129,auto,Stimuli,-,responsive clustered nanoparticles,Stimuli - responsive clustered nanoparticles,0.5070155
MT2022_2025,W4385614625,130,auto,Toward,a,full understanding of,Toward a full understanding of,0.6489159
MT2022_2025,W4385614625,131,auto,The,35th,anniversary of the,The 35th anniversary of the,0.6431594
MT2022_2025,W4385614625,132,auto,Med,11,229 2021,Med 11 229 2021,0.6642943
MT2022_2025,W4385614625,133,auto,Cancer,stromal,targeting therapy to,Cancer stromal targeting therapy to,0.7175114
MT2022_2025,W4385614625,134,auto,Early,phase,tumor accumulation of,Early phase tumor accumulation of,0.667731
MT2022_2025,W4385614625,135,auto,Renal,clearance,of quantum dots,Renal clearance of quantum dots,0.6895251
MT2022_2025,W4385614625,136,auto,Nanoparticle,therapeutics,: an emerging,Nanoparticle therapeutics : an emerging,0.6831529
MT2022_2025,W4385614625,137,auto,Form,follows,function : nanoparticle,Form follows function : nanoparticle,0.70368123
MT2022_2025,W4385614625,139,auto,Exploiting,the,dynamics of the,Exploiting the dynamics of the,0.80906326
MT2022_2025,W4385614625,140,auto,Use,of,oily contrast medium,Use of oily contrast medium,0.58512884
MT2022_2025,W4385614625,141,auto,Elevating,blood,pressure as a,Elevating blood pressure as a,0.62930113
MT2022_2025,W4385614625,143,auto,Analyses,of,repeated failures in,Analyses of repeated failures in,0.60941726
MT2022_2025,W4385614625,145,auto,Med,7,11 2018 Employment,Med 7 11 2018 Employment,0.6251514
MT2022_2025,W4385614625,146,auto,Sci.,Eng.,C 98 2019,Sci. Eng. C 98 2019,0.5907826
MT2022_2025,W4385614625,147,auto,Soc.,Rev,48 2019,Soc. Rev 48 2019,0.65516317
MT2022_2025,W4385614625,148,auto,Vascular,bursts,enhance permeability of,Vascular bursts enhance permeability of,0.6982832
MT2022_2025,W4385614625,149,auto,Angiotensin,II,signaling in vascular,Angiotensin II signaling in vascular,0.51983213
MT2022_2025,W4385614625,150,auto,A,new,approach to cancer,A new approach to cancer,0.63914984
MT2022_2025,W4385614625,151,auto,Rev.,Allergy,Immunol 51 2016,Rev. Allergy Immunol 51 2016,0.5937654
MT2022_2025,W4385614625,152,auto,Chem,263,1988 Vascular permeability,Chem 263 1988 Vascular permeability,0.5629189
MT2022_2025,W4385614625,153,auto,Release,337,2021 TNF -,Release 337 2021 TNF -,0.6305935
MT2022_2025,W4385614625,155,auto,A,robust,approach to enhance,A robust approach to enhance,0.71296877
MT2022_2025,W4385614625,156,auto,Hyperthermia,enables,tumor - specific,Hyperthermia enables tumor - specific,0.6505458
MT2022_2025,W4385614625,157,auto,Characterization,of,the effect of,Characterization of the effect of,0.64519024
MT2022_2025,W4385614625,159,auto,Radiation,effects,on the tumor,Radiation effects on the tumor,0.6669769
MT2022_2025,W4385614625,160,auto,Effect,of,radiotherapy and hyperthermia,Effect of radiotherapy and hyperthermia,0.61720955
MT2022_2025,W4385614625,162,auto,Ionizing,radiation,increases systemic nanoparticle,Ionizing radiation increases systemic nanoparticle,0.7860974
MT2022_2025,W4385614625,166,auto,Radiation,therapy,primes tumors for,Radiation therapy primes tumors for,0.79042196
MT2022_2025,W4385614625,167,auto,Med,9,225 2017,Med 9 225 2017,0.59347826
MT2022_2025,W4385614625,168,auto,Understanding,ultrasound,induced sonoporation :,Understanding ultrasound induced sonoporation :,0.7146128
MT2022_2025,W4385614625,169,auto,Improved,anti-tumor,effect of liposomal,Improved anti-tumor effect of liposomal,0.7545464
MT2022_2025,W4385614625,171,auto,Tumor,vasculature,targeting : a,Tumor vasculature targeting : a,0.72105414
MT2022_2025,W4385614625,172,auto,Interfaces,6,2014 VEGFR targeting,Interfaces 6 2014 VEGFR targeting,0.5703966
MT2022_2025,W4385614625,173,auto,In,vivo,biodistribution and highly,In vivo biodistribution and highly,0.7172375
MT2022_2025,W4385614625,175,auto,Peptides,as,targeting probes against,Peptides as targeting probes against,0.589263
MT2022_2025,W4385614625,176,auto,Med,10,1 2012,Med 10 1 2012,0.61921144
MT2022_2025,W4385614625,177,auto,Nanoparticle,-,mediated drug delivery,Nanoparticle - mediated drug delivery,0.57343537
MT2022_2025,W4385614625,179,auto,Targeting,of,tumor endothelium by,Targeting of tumor endothelium by,0.5044557
MT2022_2025,W4385614625,181,auto,Hollow,mesoporous,silica nanoparticles for,Hollow mesoporous silica nanoparticles for,0.75097847
MT2022_2025,W4385614625,182,auto,Cancer,Res,14 2008 Targeting,Cancer Res 14 2008 Targeting,0.6123594
MT2022_2025,W4385614625,183,auto,Res,86,2009 Endoglin (,Res 86 2009 Endoglin (,0.5133238
MT2022_2025,W4385614625,184,auto,In,vivo,tumor targeting and,In vivo tumor targeting and,0.7421478
MT2022_2025,W4385614625,185,auto,In,vivo,targeting and imaging,In vivo targeting and imaging,0.70973384
MT2022_2025,W4385614625,186,auto,Rep,4,5080 2014,Rep 4 5080 2014,0.6079529
MT2022_2025,W4385614625,187,auto,In,vivo,tumor vasculature targeting,In vivo tumor vasculature targeting,0.7684718
MT2022_2025,W4385614625,188,auto,Drug,Deliv,12 2015 PLGA,Drug Deliv 12 2015 PLGA,0.77921647
MT2022_2025,W4385614625,190,auto,A,novel,macrophage - mediated,A novel macrophage - mediated,0.7433896
MT2022_2025,W4385614625,191,auto,Use,of,macrophages to deliver,Use of macrophages to deliver,0.5605036
MT2022_2025,W4385614625,192,auto,Polym,229,115435 2020,Polym 229 115435 2020,0.6201243
MT2022_2025,W4385614625,193,auto,Neutrophils,in,cancer : neutral,Neutrophils in cancer : neutral,0.55032825
MT2022_2025,W4385614625,194,auto,Modulation,of,blood - brain,Modulation of blood - brain,0.576148
MT2022_2025,W4385614625,195,auto,Neutrophil,-,mediated transport is,Neutrophil - mediated transport is,0.6001366
MT2022_2025,W4385614625,196,auto,A,guide,to cancer immunotherapy,A guide to cancer immunotherapy,0.6984058
MT2022_2025,W4385614625,197,auto,Rev.,Immunol,20 2020 Nanomaterials,Rev. Immunol 20 2020 Nanomaterials,0.6543307
MT2022_2025,W4385614625,198,auto,Enhancing,T,cell therapy through,Enhancing T cell therapy through,0.6315729
MT2022_2025,W4385614625,199,auto,Enhancing,cancer,immunotherapy with nanomedicine,Enhancing cancer immunotherapy with nanomedicine,0.6304366
MT2022_2025,W4385614625,200,auto,Targeted,delivery,of doxorubicin by,Targeted delivery of doxorubicin by,0.75544
MT2022_2025,W4385614625,201,auto,Efficient,lung,cancer - targeted,Efficient lung cancer - targeted,0.65193284
MT2022_2025,W4385614625,202,auto,Sin.,B,9 2019,Sin. B 9 2019,0.6221636
MT2022_2025,W4385614625,203,auto,Stem,cell,- mediated delivery,Stem cell - mediated delivery,0.656378
MT2022_2025,W4385614625,204,auto,Release,191,2014 Erythrocyte leveraged,Release 191 2014 Erythrocyte leveraged,0.65712863
MT2022_2025,W4385614625,205,auto,Remotely,controlled,red blood cell,Remotely controlled red blood cell,0.7183437
MT2022_2025,W4385614625,206,auto,Mater,25,2015 Fabrication of,Mater 25 2015 Fabrication of,0.57681423
MT2022_2025,W4385614625,208,auto,Access,granted,: iRGD helps,Access granted : iRGD helps,0.69664514
MT2022_2025,W4385614625,210,auto,In,vivo,cation exchange in,In vivo cation exchange in,0.7332179
MT2022_2025,W4385614625,211,auto,Commun,8,343 2017,Commun 8 343 2017,0.53750056
MT2022_2025,W4385614625,212,auto,Coadministration,of,iRGD with multistage,Coadministration of iRGD with multistage,0.5415717
MT2022_2025,W4385614625,213,auto,Interfaces,10,2018 Tumor -,Interfaces 10 2018 Tumor -,0.6096783
MT2022_2025,W4385614625,215,auto,Int.,Ed,55 2016 ROS,Int. Ed 55 2016 ROS,0.58541733
MT2022_2025,W4385614625,216,auto,Radiation,-,induced targeted nanoparticle,Radiation - induced targeted nanoparticle,0.5864352
MT2022_2025,W4385614625,218,auto,Loco,-,regional drug delivery,Loco - regional drug delivery,0.6215851
MT2022_2025,W4385614625,219,auto,Designing,hydrogels,for controlled drug,Designing hydrogels for controlled drug,0.7019747
MT2022_2025,W4385614625,220,auto,Enhanced,tumor,synergistic therapy by,Enhanced tumor synergistic therapy by,0.63605297
MT2022_2025,W4385614625,222,auto,Direct,site,- specific treatment,Direct site - specific treatment,0.7364705
MT2022_2025,W4385614625,223,auto,Nanospheres,-,incorporated implantable hydrogel,Nanospheres - incorporated implantable hydrogel,0.5374653
MT2022_2025,W4385614625,224,auto,A,nanoparticle,- containing polycaprolactone,A nanoparticle - containing polycaprolactone,0.6753598
MT2022_2025,W4385614625,225,auto,Innov,1,2012 Film -,Innov 1 2012 Film -,0.6623554
MT2022_2025,W4385614625,226,auto,Sprayable,adhesive,nanotherapeutics : mussel,Sprayable adhesive nanotherapeutics : mussel,0.6023004
MT2022_2025,W4385614625,227,auto,In,situ,sprayed bioresponsive immunotherapeutic,In situ sprayed bioresponsive immunotherapeutic,0.6601536
MT2022_2025,W4385614625,228,auto,Antibody,fragments,as nanoparticle targeting,Antibody fragments as nanoparticle targeting,0.6811223
MT2022_2025,W4385614625,230,auto,Recent,advances,in the generation,Recent advances in the generation,0.7320713
MT2022_2025,W4385614625,231,auto,Production,of,monoclonal antibodies W,Production of monoclonal antibodies W,0.6403561
MT2022_2025,W4385614625,233,auto,Safety,and,activity of microRNA,Safety and activity of microRNA,0.5715718
MT2022_2025,W4385614625,234,auto,Targeted,epidermal,growth factor receptor,Targeted epidermal growth factor receptor,0.69595397
MT2022_2025,W4385614625,235,auto,Nanotechnol,7,2011 Cetuximab -,Nanotechnol 7 2011 Cetuximab -,0.5886617
MT2022_2025,W4385614625,236,auto,Targeted,delivery,of monoclonal antibody,Targeted delivery of monoclonal antibody,0.7387244
MT2022_2025,W4385614625,237,auto,Towards,personalized,treatment for early,Towards personalized treatment for early,0.6806733
MT2022_2025,W4385614625,238,auto,Recent,advances,in HER2 -,Recent advances in HER2 -,0.7371076
MT2022_2025,W4385614625,240,auto,A,strategy,for precision engineering,A strategy for precision engineering,0.68751264
MT2022_2025,W4385614625,241,auto,Cancer,Res,3 1997,Cancer Res 3 1997,0.5746901
MT2022_2025,W4385614625,242,auto,New,strategies,in prostate cancer,New strategies in prostate cancer,0.71146655
MT2022_2025,W4385614625,243,auto,Cancer,Res,22 2016,Cancer Res 22 2016,0.61080873
MT2022_2025,W4385614625,244,auto,Development,and,screening of a,Development and screening of a,0.6492685
MT2022_2025,W4385614625,245,auto,B,144,2016 Design and,B 144 2016 Design and,0.5026872
MT2022_2025,W4385614625,247,auto,Efficient,drug,delivery and induction,Efficient drug delivery and induction,0.6990359
MT2022_2025,W4385614625,248,auto,Ther,22,2014 Prostate stem,Ther 22 2014 Prostate stem,0.52742416
MT2022_2025,W4385614625,249,auto,Functionalizing,nanoparticles,with cancer -,Functionalizing nanoparticles with cancer -,0.6457889
MT2022_2025,W4385614625,251,auto,Tolerability,",","safety , pharmacokinetics","Tolerability , safety , pharmacokinetics",0.583776
MT2022_2025,W4385614625,252,auto,Phase,I,study of a,Phase I study of a,0.65237504
MT2022_2025,W4385614625,253,auto,Ther,21,2013 A phase,Ther 21 2013 A phase,0.5334904
MT2022_2025,W4385614625,254,auto,Immunother,67,2018 Epidermal growth,Immunother 67 2018 Epidermal growth,0.5352404
MT2022_2025,W4385614625,255,auto,1,.,Gram - scale,1 . Gram - scale,0.60590863
MT2022_2025,W4385614625,256,auto,Prog,21,2005 Preclinical manufacture,Prog 21 2005 Preclinical manufacture,0.5919924
MT2022_2025,W4385614625,257,auto,2,.,conjugate micelle identity,2 . conjugate micelle identity,0.58497524
MT2022_2025,W4385614625,258,auto,Prog,21,2005 HERMIONE :,Prog 21 2005 HERMIONE :,0.6104219
MT2022_2025,W4385614625,259,auto,Phase,2,trial of MM,Phase 2 trial of MM,0.61397356
MT2022_2025,W4385614625,260,auto,The,transferrin,receptor and the,The transferrin receptor and the,0.7137222
MT2022_2025,W4385614625,262,auto,Acta,1820,2012 Gen. Subj,Acta 1820 2012 Gen. Subj,0.68795526
MT2022_2025,W4385614625,263,auto,Systemic,tumor,- targeted gene,Systemic tumor - targeted gene,0.6941474
MT2022_2025,W4385614625,264,auto,Cancer,Res,14 2008,Cancer Res 14 2008,0.57611835
MT2022_2025,W4385614625,265,auto,Tuned,density,of anti -tissue,Tuned density of anti -tissue,0.76029044
MT2022_2025,W4385614625,266,auto,In,vivo,tumor targeting and,In vivo tumor targeting and,0.7421479
MT2022_2025,W4385614625,268,auto,T,cell,- targeting nanoparticles,T cell - targeting nanoparticles,0.6703213
MT2022_2025,W4385614625,269,auto,A,modular,platform for targeted,A modular platform for targeted,0.6873013
MT2022_2025,W4385614625,270,auto,Targeted,cancer,therapy through antibody,Targeted cancer therapy through antibody,0.709565
MT2022_2025,W4385614625,272,auto,Aptamer,-,based detection of,Aptamer - based detection of,0.5970004
MT2022_2025,W4385614625,274,auto,Aptamers,as,targeted therapeutics :,Aptamers as targeted therapeutics :,0.55492353
MT2022_2025,W4385614625,275,auto,Analysis,of,aptamer discovery and,Analysis of aptamer discovery and,0.5753814
MT2022_2025,W4385614625,276,auto,Nucleic,acid,aptamers for molecular,Nucleic acid aptamers for molecular,0.6356804
MT2022_2025,W4385614625,278,auto,Int.,Ed,60 2021 Aptamers,Int. Ed 60 2021 Aptamers,0.62517893
MT2022_2025,W4385614625,279,auto,Aptamer,-,guided nanomedicines for,Aptamer - guided nanomedicines for,0.5254868
MT2022_2025,W4385614625,280,auto,Identification,and,characterization of nuclease,Identification and characterization of nuclease,0.5545624
MT2022_2025,W4385614625,283,auto,Targeted,delivery,of cisplatin to,Targeted delivery of cisplatin to,0.7745925
MT2022_2025,W4385614625,285,auto,Natural,killer,cell membrane infused,Natural killer cell membrane infused,0.73978657
MT2022_2025,W4385614625,287,auto,Acta.,Rev.,Cancer 1874 188436,Acta. Rev. Cancer 1874 188436,0.58631283
MT2022_2025,W4385614625,289,auto,Expression,and,function of epithelial,Expression and function of epithelial,0.53434384
MT2022_2025,W4385614625,290,auto,O,Gires,M Pan H,O Gires M Pan H,0.67577004
MT2022_2025,W4385614625,291,auto,Shedding,light,on the EpCAM,Shedding light on the EpCAM,0.6877715
MT2022_2025,W4385614625,292,auto,Crit.,Rev.,Oncol .,Crit. Rev. Oncol .,0.863419
MT2022_2025,W4385614625,293,auto,Hematol,126,2018 EpCAM aptamer,Hematol 126 2018 EpCAM aptamer,0.5755179
MT2022_2025,W4385614625,294,auto,Sci,83,2016 EpCAM aptamer,Sci 83 2016 EpCAM aptamer,0.57151264
MT2022_2025,W4385614625,295,auto,Sci,22,4 2015,Sci 22 4 2015,0.6115447
MT2022_2025,W4385614625,296,auto,Neovasculature,and,circulating tumor cells,Neovasculature and circulating tumor cells,0.49102446
MT2022_2025,W4385614625,297,auto,Aptamer,-,conjugated DNA icosahedral,Aptamer - conjugated DNA icosahedral,0.5949721
MT2022_2025,W4385614625,298,auto,Bioinspired,fluorescent,dipeptide nanoparticles for,Bioinspired fluorescent dipeptide nanoparticles for,0.5723927
MT2022_2025,W4385614625,299,auto,Aptamers,generated,from Cell -,Aptamers generated from Cell -,0.5415899
MT2022_2025,W4385614625,300,auto,Aptamers,evolved,from live cells,Aptamers evolved from live cells,0.6135559
MT2022_2025,W4385614625,303,auto,Cell,-,specific aptamer probes,Cell - specific aptamer probes,0.58167684
MT2022_2025,W4385614625,305,auto,Smart,multifunctional,nanostructure for targeted,Smart multifunctional nanostructure for targeted,0.6300664
MT2022_2025,W4385614625,306,auto,Soc,141,2019 Discovery and,Soc 141 2019 Discovery and,0.5559412
MT2022_2025,W4385614625,308,auto,Acta,Gen.,Subj 1861 2017,Acta Gen. Subj 1861 2017,0.621903
MT2022_2025,W4385614625,310,auto,The,roles,of nucleolin subcellular,The roles of nucleolin subcellular,0.6072011
MT2022_2025,W4385614625,311,auto,32,2011,Nucleolin - targeting,32 2011 Nucleolin - targeting,0.67648095
MT2022_2025,W4385614625,313,auto,Int.,Ed,60 2021 Transferrin,Int. Ed 60 2021 Transferrin,0.6456637
MT2022_2025,W4385614625,314,auto,Free,Radic,H Kawabata Biol,Free Radic H Kawabata Biol,0.622042
MT2022_2025,W4385614625,316,auto,Mechanism,of,active targeting in,Mechanism of active targeting in,0.69573116
MT2022_2025,W4385614625,318,auto,Sci,107,2010 Transcytosis and,Sci 107 2010 Transcytosis and,0.6202774
MT2022_2025,W4385614625,319,auto,Natl,Acad.,Sci 110 2013,Natl Acad. Sci 110 2013,0.7047968
MT2022_2025,W4385614625,320,auto,Low,-,toxicity transferrin -,Low - toxicity transferrin -,0.6695683
MT2022_2025,W4385614625,321,auto,Phase,I,results of a,Phase I results of a,0.6559205
MT2022_2025,W4385614625,322,auto,Oncol,27,2009 MBP -,Oncol 27 2009 MBP -,0.59558064
MT2022_2025,W4385614625,323,auto,Phase,I,results of a,Phase I results of a,0.6559205
MT2022_2025,W4385614625,324,auto,Cancer,Ther,36 2009 Abstract,Cancer Ther 36 2009 Abstract,0.64217967
MT2022_2025,W4385614625,325,auto,Pharm,6,2009 Correlating animal,Pharm 6 2009 Correlating animal,0.6227931
MT2022_2025,W4385614625,328,auto,Evidence,of,RNAi in humans,Evidence of RNAi in humans,0.59746665
MT2022_2025,W4385614625,329,auto,Release,157,2012 Lactoferrin -,Release 157 2012 Lactoferrin -,0.5508352
MT2022_2025,W4385614625,330,auto,Pharm,11,"2014 Biomimetic ,","Pharm 11 2014 Biomimetic ,",0.5063104
MT2022_2025,W4385614625,332,auto,Cell,adhesion,molecules for targeted,Cell adhesion molecules for targeted,0.6558592
MT2022_2025,W4385614625,333,auto,Sci,95,2006 E -,Sci 95 2006 E -,0.6707677
MT2022_2025,W4385614625,335,auto,Peptide,-,based targeted therapeutics,Peptide - based targeted therapeutics,0.55993927
MT2022_2025,W4385614625,337,auto,Phase,I,/II and phase,Phase I /II and phase,0.6682404
MT2022_2025,W4385614625,338,auto,Ther,17,2009 A phase,Ther 17 2009 A phase,0.5403841
MT2022_2025,W4385614625,339,auto,Oncolytics,12,2019 RGD -,Oncolytics 12 2019 RGD -,0.5775796
MT2022_2025,W4385614625,340,auto,Pharm,9,2012 Cancer siRNA,Pharm 9 2012 Cancer siRNA,0.561071
MT2022_2025,W4385614625,341,auto,Small,-,sized gadolinium oxide,Small - sized gadolinium oxide,0.5434444
MT2022_2025,W4385614625,343,auto,Melanin,-,like nanoparticles decorated,Melanin - like nanoparticles decorated,0.52100444
MT2022_2025,W4385614625,344,auto,Cancer,Ther,7 2008 Site,Cancer Ther 7 2008 Site,0.66616774
MT2022_2025,W4385614625,345,auto,Advancement,in,integrin facilitated drug,Advancement in integrin facilitated drug,0.579935
MT2022_2025,W4385614625,346,auto,A,comprehensive,evaluation of the,A comprehensive evaluation of the,0.6851596
MT2022_2025,W4385614625,347,auto,Rep,7,39805 2017 cRGD,Rep 7 39805 2017 cRGD,0.65289843
MT2022_2025,W4385614625,348,auto,Release,301,2019 Cilengitide :,Release 301 2019 Cilengitide :,0.5757611
MT2022_2025,W4385614625,349,auto,design,",",synthesis and clinical,"design , synthesis and clinical",0.5670363
MT2022_2025,W4385614625,350,auto,Interfaces,9,2017 Doxorubicin -,Interfaces 9 2017 Doxorubicin -,0.6066192
MT2022_2025,W4385614625,351,auto,33,2012,Glioma therapy using,33 2012 Glioma therapy using,0.69883746
MT2022_2025,W4385614625,352,auto,Chem,21,2010 Dendron -,Chem 21 2010 Dendron -,0.5868131
MT2022_2025,W4385614625,353,auto,Active,targeting,of tumors through,Active targeting of tumors through,0.8076864
MT2022_2025,W4385614625,354,auto,Chem.,Int.,Ed 54 2015,Chem. Int. Ed 54 2015,0.6197178
MT2022_2025,W4385614625,355,auto,Nanoparticles,and,targeted drug delivery,Nanoparticles and targeted drug delivery,0.56180656
MT2022_2025,W4385614625,356,auto,Lett,190,2017 Carbohydrate -,Lett 190 2017 Carbohydrate -,0.6830239
MT2022_2025,W4385614625,358,auto,Polymer,conjugates,as anticancer nanomedicines,Polymer conjugates as anticancer nanomedicines,0.75455
MT2022_2025,W4385614625,359,auto,The,mannose,receptor L Martinez,The mannose receptor L Martinez,0.7135434
MT2022_2025,W4385614625,360,auto,Biol,92,2012 Mannosylated solid,Biol 92 2012 Mannosylated solid,0.55808055
MT2022_2025,W4385614625,361,auto,Release,148,2010 Mannosylated solid,Release 148 2010 Mannosylated solid,0.5671436
MT2022_2025,W4385614625,362,auto,The,clinical,impact of glycobiology,The clinical impact of glycobiology,0.6059295
MT2022_2025,W4385614625,363,auto,Polyethylene,glycol,- coated ultrasmall,Polyethylene glycol - coated ultrasmall,0.72753
MT2022_2025,W4385614625,364,auto,A,potential,carrier for anti-tumor,A potential carrier for anti-tumor,0.6299484
MT2022_2025,W4385614625,365,auto,Polym,208,2019 CD44 -,Polym 208 2019 CD44 -,0.6016638
MT2022_2025,W4385614625,366,auto,Single,-,versus dual -,Single - versus dual -,0.6714061
MT2022_2025,W4385614625,367,auto,Med,4,139 2012,Med 4 139 2012,0.6783873
MT2022_2025,W4385614625,368,auto,Discovery,and,development of folic,Discovery and development of folic,0.51359534
MT2022_2025,W4385614625,369,auto,An,implantable,active - targeting,An implantable active - targeting,0.73113275
MT2022_2025,W4385614625,370,auto,Release,270,2018 Biotin in,Release 270 2018 Biotin in,0.67559975
MT2022_2025,W4385614625,371,auto,Nanoparticle,-,mediated simultaneous and,Nanoparticle - mediated simultaneous and,0.6040246
MT2022_2025,W4385614625,373,auto,The,use,of nanoparticle -,The use of nanoparticle -,0.68399423
MT2022_2025,W4385614625,374,auto,Ther,7,2008 Phase I,Ther 7 2008 Phase I,0.5597957
MT2022_2025,W4385614625,375,auto,Cancer,Res,22 2016,Cancer Res 22 2016,0.61080885
MT2022_2025,W4385614625,376,auto,Safety,and,efficacy of BIND,Safety and efficacy of BIND,0.5931387
MT2022_2025,W4385614625,377,auto,Interfaces,9,2017 AMP -,Interfaces 9 2017 AMP -,0.6818947
MT2022_2025,W4385614625,378,auto,Erythrocyte,membrane,- cloaked polymeric,Erythrocyte membrane - cloaked polymeric,0.7177928
MT2022_2025,W4385614625,379,auto,A,facile,approach to functionalizing,A facile approach to functionalizing,0.7082188
MT2022_2025,W4385614625,381,auto,Light,-,triggered biomimetic nanoerythrocyte,Light - triggered biomimetic nanoerythrocyte,0.5119149
MT2022_2025,W4385614625,382,auto,Contribution,of,platelets to tumour,Contribution of platelets to tumour,0.5398475
MT2022_2025,W4385614625,383,auto,The,platelet,lifeline to cancer,The platelet lifeline to cancer,0.5756527
MT2022_2025,W4385614625,384,auto,Patrolling,the,vascular borders :,Patrolling the vascular borders :,0.66615397
MT2022_2025,W4385614625,385,auto,Anticancer,platelet,- mimicking nanovehicles,Anticancer platelet - mimicking nanovehicles,0.65326405
MT2022_2025,W4385614625,386,auto,Targeted,drug,delivery to circulating,Targeted drug delivery to circulating,0.73487514
MT2022_2025,W4385614625,387,auto,White,blood,cells 1 :,White blood cells 1 :,0.6914017
MT2022_2025,W4385614625,388,auto,Biol,80,2006 Synthetic nanoparticles,Biol 80 2006 Synthetic nanoparticles,0.50410026
MT2022_2025,W4385614625,389,auto,Nanotechnol,8,2013 VCAM -,Nanotechnol 8 2013 VCAM -,0.4408899
MT2022_2025,W4385614625,390,auto,Mater,4,2015 Nanoparticles coated,Mater 4 2015 Nanoparticles coated,0.5884802
MT2022_2025,W4385614625,391,auto,Liposomes,coated,with isolated macrophage,Liposomes coated with isolated macrophage,0.6721651
MT2022_2025,W4385614625,393,auto,Programming,selforganizing,multicellular structures with,Programming selforganizing multicellular structures with,0.7776835
MT2022_2025,W4385614625,394,auto,Rev.,Cancer,4 2004,Rev. Cancer 4 2004,0.58333534
MT2022_2025,W4385614625,395,auto,Cancer,cell,membrane - coated,Cancer cell membrane - coated,0.6765581
MT2022_2025,W4385614625,396,auto,Cancer,-,cell - biomimetic,Cancer - cell - biomimetic,0.59295297
MT2022_2025,W4385614625,397,auto,Cancer,cell,membrane - biomimetic,Cancer cell membrane - biomimetic,0.72243375
MT2022_2025,W4385614625,398,auto,Cell,Biol,21 2019 Neural,Cell Biol 21 2019 Neural,0.6714832
MT2022_2025,W4385614625,401,auto,Direct,evidence,of mesenchymal stem,Direct evidence of mesenchymal stem,0.65929395
MT2022_2025,W4385614625,403,auto,Acta,Rev.,Cancer 1866 2016,Acta Rev. Cancer 1866 2016,0.6335937
MT2022_2025,W4385614625,404,auto,Engineered,mesenchymal,stem cells for,Engineered mesenchymal stem cells for,0.61267716
MT2022_2025,W4385614625,406,auto,Ther,370,2019 Mesenchymal stem,Ther 370 2019 Mesenchymal stem,0.48795405
MT2022_2025,W4385614625,408,auto,Recent,advances,in mesenchymal stem,Recent advances in mesenchymal stem,0.74563
MT2022_2025,W4385614625,410,auto,Stem,cell,membrane - coated,Stem cell membrane - coated,0.7180696
MT2022_2025,W4385614625,411,auto,Interfaces,8,2016 Scaffold -,Interfaces 8 2016 Scaffold -,0.5688053
MT2022_2025,W4385614625,412,auto,A,framework,for advancing our,A framework for advancing our,0.7461853
MT2022_2025,W4385614625,413,auto,Cell,membrane,coated semiconducting polymer,Cell membrane coated semiconducting polymer,0.7592828
MT2022_2025,W4385614625,415,auto,Immune,modulation,by bacterial outer,Immune modulation by bacterial outer,0.7121766
MT2022_2025,W4385614625,416,auto,Cancer,stem,cell - platelet,Cancer stem cell - platelet,0.7702199
MT2022_2025,W4385614625,417,auto,Expandable,immunotherapeutic,nanoplatforms engineered from,Expandable immunotherapeutic nanoplatforms engineered from,0.6107198
MT2022_2025,W4385614625,418,auto,Bacterial,vesicle,- cancer cell,Bacterial vesicle - cancer cell,0.72454256
MT2022_2025,W4385614625,419,auto,Interfaces,12,2020 Boosting cancer,Interfaces 12 2020 Boosting cancer,0.55663574
MT2022_2025,W4385614625,420,auto,Interfaces,11,2019 Recent advances,Interfaces 11 2019 Recent advances,0.52816343
MT2022_2025,W4385614625,421,auto,Endocytosis,and,organelle targeting of,Endocytosis and organelle targeting of,0.52490085
MT2022_2025,W4385614625,422,auto,The,nuclear,pore complex :,The nuclear pore complex :,0.66056633
MT2022_2025,W4385614625,423,auto,The,nuclear,pore complex :,The nuclear pore complex :,0.66056633
MT2022_2025,W4385614625,425,auto,Organelle,-,specific targeting of,Organelle - specific targeting of,0.53950137
MT2022_2025,W4385614625,426,auto,Sci,Natl.,Acad .,Sci Natl. Acad .,0.89938444
MT2022_2025,W4385614625,428,auto,In,situ,programming of leukaemia,In situ programming of leukaemia,0.6369779
MT2022_2025,W4385614625,429,auto,Chimeric,peptide,engineered exosomes for,Chimeric peptide engineered exosomes for,0.68567955
MT2022_2025,W4385614625,430,auto,Construction,of,nucleus - targeting,Construction of nucleus - targeting,0.5891871
MT2022_2025,W4385614625,432,auto,Direct,nucleus,- targeted drug,Direct nucleus - targeted drug,0.7243821
MT2022_2025,W4385614625,433,auto,Overcoming,multidrug,resistance of cancer,Overcoming multidrug resistance of cancer,0.58715516
MT2022_2025,W4385614625,434,auto,Direct,observation,of nanoparticle -,Direct observation of nanoparticle -,0.7681544
MT2022_2025,W4385614625,435,auto,A,dual,- targeting DNA,A dual - targeting DNA,0.7077886
MT2022_2025,W4385614625,436,auto,Commun,54,2018 Modulation of,Commun 54 2018 Modulation of,0.515213
MT2022_2025,W4385614625,437,auto,Rev.,Immunol,20 2020,Rev. Immunol 20 2020,0.661901
MT2022_2025,W4385614625,438,auto,Steroids,dilate,nuclear pores imaged,Steroids dilate nuclear pores imaged,0.6293706
MT2022_2025,W4385614625,440,auto,Nuclear,envelope,barrier leak induced,Nuclear envelope barrier leak induced,0.7545365
MT2022_2025,W4385614625,441,auto,Interfaces,6,2014 Nucleus -,Interfaces 6 2014 Nucleus -,0.6273779
MT2022_2025,W4385614625,442,auto,Cancer,-,cell - specific,Cancer - cell - specific,0.5530041
MT2022_2025,W4385614625,443,auto,A,cooperative,dimensional strategy for,A cooperative dimensional strategy for,0.7446534
MT2022_2025,W4385614625,444,auto,The,multifaceted,contributions of mitochondria,The multifaceted contributions of mitochondria,0.7117624
MT2022_2025,W4385614625,445,auto,Targeting,mitochondria,for cancer therapy,Targeting mitochondria for cancer therapy,0.695491
MT2022_2025,W4385614625,446,auto,Peptide,-,based carbon nanotubes,Peptide - based carbon nanotubes,0.5211971
MT2022_2025,W4385614625,447,auto,Peptide,-,mediated delivery of,Peptide - mediated delivery of,0.5781077
MT2022_2025,W4385614625,448,auto,Targeted,delivery,of doxorubicin to,Targeted delivery of doxorubicin to,0.78740525
MT2022_2025,W4385614625,450,auto,Engineering,of,blended nanoparticle platform,Engineering of blended nanoparticle platform,0.587498
MT2022_2025,W4385614625,452,auto,Sci,109,2012 Mitochondria -,Sci 109 2012 Mitochondria -,0.5903657
MT2022_2025,W4385614625,454,auto,Int.,Ed,58 2019 Carbon,Int. Ed 58 2019 Carbon,0.6611352
MT2022_2025,W4385614625,455,auto,Nanotechnol,14,2019 Functional nanosome,Nanotechnol 14 2019 Functional nanosome,0.4227429
MT2022_2025,W4385614625,456,auto,Biopharm,124,2018 Mitochondria -,Biopharm 124 2018 Mitochondria -,0.6170346
MT2022_2025,W4385614625,457,auto,Mitochondrial,drug,delivery systems for,Mitochondrial drug delivery systems for,0.6090695
MT2022_2025,W4385614625,458,auto,Validation,of,a strategy for,Validation of a strategy for,0.60091347
MT2022_2025,W4385614625,460,auto,Mitochondrial,delivery,of doxorubicin using,Mitochondrial delivery of doxorubicin using,0.7451638
MT2022_2025,W4385614625,462,auto,Mitochondrial,delivery,of an anticancer,Mitochondrial delivery of an anticancer,0.72526115
MT2022_2025,W4385614625,464,auto,The,optimization,of cancer photodynamic,The optimization of cancer photodynamic,0.68367374
MT2022_2025,W4385614625,465,auto,Commun,56,2020 Mitochondrial nanomedicine,Commun 56 2020 Mitochondrial nanomedicine,0.5259641
MT2022_2025,W4385614625,468,auto,Med,37,102422 2021,Med 37 102422 2021,0.5719584
MT2022_2025,W4385614625,469,auto,Cell,-,"permeable , mitochondrial","Cell - permeable , mitochondrial",0.57588977
MT2022_2025,W4385614625,470,auto,Dye,-,anchored MnO nanoparticles,Dye - anchored MnO nanoparticles,0.5117098
MT2022_2025,W4385614625,472,auto,A,pyroptosis,nanotuner for cancer,A pyroptosis nanotuner for cancer,0.7096844
MT2022_2025,W4385614625,473,auto,The,molecular,machinery of regulated,The molecular machinery of regulated,0.7389118
MT2022_2025,W4385614625,474,auto,Rev.,Drug,Discov 18 2019,Rev. Drug Discov 18 2019,0.63420415
MT2022_2025,W4385614625,475,auto,Peptides,for,specifically targeting nanoparticles,Peptides for specifically targeting nanoparticles,0.62009037
MT2022_2025,W4385614625,476,auto,L,D,Field J B,L D Field J B,0.77594775
MT2022_2025,W4385614625,477,auto,Targeting,lysosomes,in human disease,Targeting lysosomes in human disease,0.7423564
MT2022_2025,W4385614625,479,auto,Ther,6,379 2021 Targeting,Ther 6 379 2021 Targeting,0.61661613
MT2022_2025,W4385614625,480,auto,Commun,50,2014 Lysosome -,Commun 50 2014 Lysosome -,0.5479579
MT2022_2025,W4385614625,483,auto,Engineering,lysosome,- targeting BODIPY,Engineering lysosome - targeting BODIPY,0.75239974
MT2022_2025,W4385614625,484,auto,Interfaces,8,2016 Folate receptor,Interfaces 8 2016 Folate receptor,0.61460805
MT2022_2025,W4385614625,485,auto,Chem,87,2015 Intracellular condensates,Chem 87 2015 Intracellular condensates,0.5725452
MT2022_2025,W4385614625,486,auto,Cell,-,penetrating peptides with,Cell - penetrating peptides with,0.5513493
MT2022_2025,W4385614625,487,auto,Drug,Deliv,14 2017 Ü,Drug Deliv 14 2017 Ü,0.7283701
MT2022_2025,W4385614625,488,auto,Rev.,Biochem,72 2003,Rev. Biochem 72 2003,0.6134214
MT2022_2025,W4385614625,489,auto,Peptide,-,mediated cell penetration,Peptide - mediated cell penetration,0.55108535
MT2022_2025,W4385614625,490,auto,A,fibrinogen,- derived peptide,A fibrinogen - derived peptide,0.6764903
MT2022_2025,W4385614625,492,auto,Ther,340,2012 Simultaneous single,Ther 340 2012 Simultaneous single,0.59423727
MT2022_2025,W4385614625,493,auto,Interfaces,12,2020 HIP1R targets,Interfaces 12 2020 HIP1R targets,0.5816536
MT2022_2025,W4385614625,495,auto,Tumor,cell,specific and lysosome,Tumor cell specific and lysosome,0.75820035
MT2022_2025,W4385614625,497,auto,A,multifunctional,nanoplatform for lysosome,A multifunctional nanoplatform for lysosome,0.6177001
MT2022_2025,W4385614625,498,auto,Chem,.,B 4 2016,Chem . B 4 2016,0.5174524
MT2022_2025,W4385614625,500,auto,B,4,2016 Curcumin -,B 4 2016 Curcumin -,0.730517
MT2022_2025,W4385614625,501,auto,The,impact,of the endoplasmic,The impact of the endoplasmic,0.6486282
MT2022_2025,W4385614625,502,auto,Research,on,endoplasmic reticulum -,Research on endoplasmic reticulum -,0.612547
MT2022_2025,W4385614625,506,auto,Intracellular,targeting,of PLGA nanoparticles,Intracellular targeting of PLGA nanoparticles,0.6937282
MT2022_2025,W4385614625,507,auto,Commun,10,3349 2019,Commun 10 3349 2019,0.6638504
MT2022_2025,W4385614625,508,auto,Endoplasmic,reticulum,targeting to amplify,Endoplasmic reticulum targeting to amplify,0.7214161
MT2022_2025,W4385614625,509,auto,Chem,9,2018 Can the,Chem 9 2018 Can the,0.5326618
MT2022_2025,W4385614625,510,auto,B,S,Glick Nat. Rev.,B S Glick Nat. Rev.,0.57914966
MT2022_2025,W4385614625,511,auto,Membrane,traffic,within the golgi,Membrane traffic within the golgi,0.6818346
MT2022_2025,W4385614625,512,auto,Rev.,Cell,Dev. Biol 25,Rev. Cell Dev. Biol 25,0.50490016
MT2022_2025,W4385614625,515,auto,Structural,basis,for target protein,Structural basis for target protein,0.7647137
MT2022_2025,W4385614625,517,auto,Transformable,helical,self - assembly,Transformable helical self - assembly,0.5106982
MT2022_2025,W4385614625,518,auto,The,effect,of nanoparticle size,The effect of nanoparticle size,0.6978903
MT2022_2025,W4385614625,521,auto,The,effect,of nanoparticle size,The effect of nanoparticle size,0.6978903
MT2022_2025,W4385614625,522,auto,The,role,of surface charge,The role of surface charge,0.67379004
MT2022_2025,W4385614625,524,auto,Multifunctional,and,stimuli - responsive,Multifunctional and stimuli - responsive,0.46095678
MT2022_2025,W4385614625,525,auto,Drug,Deliv,18 2021,Drug Deliv 18 2021,0.76045984
MT2022_2025,W4385614625,526,auto,Enhanced,primary,tumor penetration facilitates,Enhanced primary tumor penetration facilitates,0.6127771
MT2022_2025,W4385614625,527,auto,Natl,Acad.,Sci 108 2011,Natl Acad. Sci 108 2011,0.70534253
MT2022_2025,W4385614625,528,auto,Enzyme,-,triggered size shrink,Enzyme - triggered size shrink,0.5756403
MT2022_2025,W4385614625,530,auto,A,hypoxia,- responsive albumin,A hypoxia - responsive albumin,0.74890155
MT2022_2025,W4385614625,531,auto,Size,switchable,nanoclusters fueled by,Size switchable nanoclusters fueled by,0.58825797
MT2022_2025,W4385614625,532,auto,Mater,29,1904144 2019,Mater 29 1904144 2019,0.6210311
MT2022_2025,W4385614625,533,auto,Size,changeable,nanocarriers with nuclear,Size changeable nanocarriers with nuclear,0.61795795
MT2022_2025,W4385614625,534,auto,Adv,5,6264 2019 Multifunctional,Adv 5 6264 2019 Multifunctional,0.6298361
MT2022_2025,W4385614625,536,auto,Tumor,-,microenvironment - adaptive,Tumor - microenvironment - adaptive,0.6220204
MT2022_2025,W4385614625,537,auto,Enzyme,-,activatable polymer -,Enzyme - activatable polymer -,0.61177725
MT2022_2025,W4385614625,538,auto,Tumor,acidity,- sensitive polymeric,Tumor acidity - sensitive polymeric,0.5814231
MT2022_2025,W4385614625,540,auto,Tumor,microenvironment,cascade - responsive,Tumor microenvironment cascade - responsive,0.75595576
MT2022_2025,W4385614625,541,auto,Matrix,metalloprotease,2 - responsive,Matrix metalloprotease 2 - responsive,0.68244565
MT2022_2025,W4385614625,544,auto,Multifunctional,mesoporous,silica nanoparticles with,Multifunctional mesoporous silica nanoparticles with,0.73409086
MT2022_2025,W4385614625,545,auto,Release,129,2008 Steric shielding,Release 129 2008 Steric shielding,0.5491442
MT2022_2025,W4385614625,547,auto,Ligand,-,switchable micellar nanocarriers,Ligand - switchable micellar nanocarriers,0.44321066
MT2022_2025,W4385614625,548,auto,Interfaces,10,2018 TAT peptide,Interfaces 10 2018 TAT peptide,0.5643996
MT2022_2025,W4385614625,550,auto,Acid,-,active cell -,Acid - active cell -,0.70233554
MT2022_2025,W4385614625,552,auto,Dimeric,drug,polymeric micelles with,Dimeric drug polymeric micelles with,0.60369307
MT2022_2025,W4385614625,553,auto,Dual,-,pH sensitive charge,Dual - pH sensitive charge,0.60949045
MT2022_2025,W4385614625,554,auto,Influence,of,lung cancer model,Influence of lung cancer model,0.55494374
MT2022_2025,W4385614625,556,auto,The,tumor,- on -,The tumor - on -,0.6286669
MT2022_2025,W4385614625,557,auto,Advances,on,colorectal cancer 3,Advances on colorectal cancer 3,0.5772315
MT2022_2025,W4385614625,558,auto,D,bioprinted,cancer models :,D bioprinted cancer models :,0.6597206
MT2022_2025,W4385614625,559,auto,Ligand,density,on nanoparticles :,Ligand density on nanoparticles :,0.65878624
MT2022_2025,W4385614625,560,auto,A,decade,of the protein,A decade of the protein,0.65701205
MT2022_2025,W4385614625,561,auto,The,nanoparticle,biomolecule corona :,The nanoparticle biomolecule corona :,0.71104866
MT2022_2025,W4385614625,562,auto,D,Docter,Chem. Soc. Rev,D Docter Chem. Soc. Rev,0.5895863
MT2022_2025,W4385614625,564,auto,Res,9,2019 Effect of,Res 9 2019 Effect of,0.6582036
MT2022_2025,W4385614625,565,auto,Biopharm,141,2019 Effect of,Biopharm 141 2019 Effect of,0.5494829
MT2022_2025,W4385614625,566,auto,Sci.,:,Nano 7 2020,Sci. : Nano 7 2020,0.5530306
MT2022_2025,W4385614625,567,auto,Organelle,-,level precision with,Organelle - level precision with,0.62010264
MT2022_2025,W4385614625,568,auto,The,role,of mitochondrial fission,The role of mitochondrial fission,0.63050526
MT2022_2025,W4385614625,569,auto,How,can,we use the,How can we use the,0.6291438
MT2022_2025,W4385614625,570,auto,V,T,Cong Chem. Soc.,V T Cong Chem. Soc.,0.6013042
MT2022_2025,W4385614625,571,auto,Controlling,endosomal,escape using nanoparticle,Controlling endosomal escape using nanoparticle,0.61743563
MT2022_2025,W4385614625,572,auto,A,combinational,chemo - immune,A combinational chemo - immune,0.7818697
MT2022_2025,W4385614625,573,auto,Adv,7,776 2021,Adv 7 776 2021,0.6860539
MT2022_2025,W4385614625,574,auto,Multistage,targeting,strategy using magnetic,Multistage targeting strategy using magnetic,0.693925
MT2022_2025,W4385614625,575,auto,A,smart,nanoassembly for multistage,A smart nanoassembly for multistage,0.57472116
MT2022_2025,W4385614625,576,auto,Tumor,microenvironment,- responsive multistaged,Tumor microenvironment - responsive multistaged,0.725876
MT2022_2025,W4385614625,577,auto,Predicting,nanoparticle,delivery to tumors,Predicting nanoparticle delivery to tumors,0.7422121
MT2022_2025,W4315642941,0,auto,An,atlas,of substrate specificities,An atlas of substrate specificities,0.68081826
MT2022_2025,W4315642941,1,auto,Department,of,Pharmacology Yale School,Department of Pharmacology Yale School,0.4855672
MT2022_2025,W4315642941,2,auto,Department,of,Medicine Weill Cornell,Department of Medicine Weill Cornell,0.39135206
MT2022_2025,W4315642941,3,auto,An,atlas,of substrate specificities,An atlas of substrate specificities,0.68081826
MT2022_2025,W4315642941,4,auto,Misregulation,of,protein kinase signalling,Misregulation of protein kinase signalling,0.5887649
MT2022_2025,W4315642941,5,auto,Deciphering,the,cellular roles of,Deciphering the cellular roles of,0.6681317
MT2022_2025,W4315642941,6,auto,However,",",the majority of,"However , the majority of",0.6356888
MT2022_2025,W4315642941,7,auto,Well,-,studied Ser /,Well - studied Ser /,0.6974863
MT2022_2025,W4315642941,8,auto,Article,based,on phosphorylation of,Article based on phosphorylation of,0.5983787
MT2022_2025,W4315642941,9,auto,We,used,a previously reported,We used a previously reported,0.6551291
MT2022_2025,W4315642941,10,auto,Thr,or,a phosphorylated Tyr,Thr or a phosphorylated Tyr,0.6418577
MT2022_2025,W4315642941,11,auto,For,example,", phosphorylase kinases","For example , phosphorylase kinases",0.65886194
MT2022_2025,W4315642941,12,auto,For,example,", we correctly","For example , we correctly",0.65529823
MT2022_2025,W4315642941,13,auto,We,found,that most phosphorylation,We found that most phosphorylation,0.7107209
MT2022_2025,W4315642941,14,auto,Motif,-,enrichment analysis Cell,Motif - enrichment analysis Cell,0.5930091
MT2022_2025,W4315642941,15,auto,Perturbation,of,kinase signalling pathways,Perturbation of kinase signalling pathways,0.5992165
MT2022_2025,W4315642941,16,auto,We,reasoned,that kinases underlying,We reasoned that kinases underlying,0.6973671
MT2022_2025,W4315642941,17,auto,To,test,"this idea ,","To test this idea ,",0.7315453
MT2022_2025,W4315642941,18,auto,Kinase,motifs,that were significantly,Kinase motifs that were significantly,0.6740831
MT2022_2025,W4315642941,19,auto,For,example,", we examined","For example , we examined",0.6155073
MT2022_2025,W4315642941,20,auto,The,full,collection of Ser,The full collection of Ser,0.7028494
MT2022_2025,W4315642941,21,auto,For,example,", motif -","For example , motif -",0.67794216
MT2022_2025,W4315642941,22,auto,Here,we,present the full,Here we present the full,0.67928237
MT2022_2025,W4315642941,23,auto,Globally,",",these motifs are,"Globally , these motifs are",0.6198137
MT2022_2025,W4315642941,24,auto,Hierarchical,clustering,of this dataset,Hierarchical clustering of this dataset,0.7976153
MT2022_2025,W4315642941,25,auto,These,findings,suggest that fidelity,These findings suggest that fidelity,0.6494478
MT2022_2025,W4315642941,26,auto,As,this,negative selection contributes,As this negative selection contributes,0.7446508
MT2022_2025,W4315642941,27,auto,When,this,kinome - wide,When this kinome - wide,0.72357297
MT2022_2025,W4315642941,28,auto,Including,such,additional information will,Including such additional information will,0.65270555
MT2022_2025,W4315642941,29,auto,In,summary,", we foresee","In summary , we foresee",0.6223639
MT2022_2025,W4315642941,31,auto,Any,methods,", additional references","Any methods , additional references",0.39821452
MT2022_2025,W4315642941,32,auto,Sf9,insect,cells were obtained,Sf9 insect cells were obtained,0.5921154
MT2022_2025,W4315642941,34,auto,For,expression,and purification from,For expression and purification from,0.6562012
MT2022_2025,W4315642941,35,auto,Optimized,coding,sequences were synthesized,Optimized coding sequences were synthesized,0.72311187
MT2022_2025,W4315642941,36,auto,pCDFDuet1,constructs,were as follows,pCDFDuet1 constructs were as follows,0.6359025
MT2022_2025,W4315642941,37,auto,pET,28a,constructs were as,pET 28a constructs were as,0.6211088
MT2022_2025,W4315642941,38,auto,pETDuet1,constructs,were as follows,pETDuet1 constructs were as follows,0.6530116
MT2022_2025,W4315642941,39,auto,The,pACY,- Duet1 construct,The pACY - Duet1 construct,0.6854842
MT2022_2025,W4315642941,40,auto,For,enhanced,expression in mammalian,For enhanced expression in mammalian,0.662015
MT2022_2025,W4315642941,41,auto,To,generate,a mammalian expression,To generate a mammalian expression,0.6636906
MT2022_2025,W4315642941,42,auto,Expression,constructs,purchased or obtained,Expression constructs purchased or obtained,0.57363385
MT2022_2025,W4315642941,43,auto,Antibiotic,concentrations,used were as,Antibiotic concentrations used were as,0.71725786
MT2022_2025,W4315642941,44,auto,Transformed,cells,were grown in,Transformed cells were grown in,0.66728014
MT2022_2025,W4315642941,45,auto,The,cells,were then transferred,The cells were then transferred,0.6036084
MT2022_2025,W4315642941,46,auto,Cells,were,"centrifuged at 6,000g","Cells were centrifuged at 6,000g",0.49578455
MT2022_2025,W4315642941,47,auto,All,of,the steps for,All of the steps for,0.5917128
MT2022_2025,W4315642941,48,auto,Cell,pellets,were solubilized in,Cell pellets were solubilized in,0.65650946
MT2022_2025,W4315642941,49,auto,The,lysate,was centrifuged at,The lysate was centrifuged at,0.524113
MT2022_2025,W4315642941,50,auto,The,supernatant,- bead slurry,The supernatant - bead slurry,0.7412065
MT2022_2025,W4315642941,51,auto,Resin,was,washed with 1,Resin was washed with 1,0.4855952
MT2022_2025,W4315642941,52,auto,Eluted,protein,was concentrated using,Eluted protein was concentrated using,0.5916852
MT2022_2025,W4315642941,53,auto,The,buffers,were as follows,The buffers were as follows,0.66977537
MT2022_2025,W4315642941,54,auto,Standard,lysis,buffer : 50,Standard lysis buffer : 50,0.71055317
MT2022_2025,W4315642941,55,auto,Standard,base,buffer : 50,Standard base buffer : 50,0.6850456
MT2022_2025,W4315642941,56,auto,Standard,wash,buffer : 50,Standard wash buffer : 50,0.68591446
MT2022_2025,W4315642941,57,auto,Polyhistidine,-,tag elution buffer,Polyhistidine - tag elution buffer,0.5525675
MT2022_2025,W4315642941,58,auto,GST,-,tag elution buffer,GST - tag elution buffer,0.55618155
MT2022_2025,W4315642941,59,auto,CDK8,was,co-purified with CCNC,CDK8 was co-purified with CCNC,0.5402588
MT2022_2025,W4315642941,60,auto,CDK19,was,co-purified with CCNC,CDK19 was co-purified with CCNC,0.54966474
MT2022_2025,W4315642941,61,auto,CK2A1,and,CK2A2 were co-purified,CK2A1 and CK2A2 were co-purified,0.5379226
MT2022_2025,W4315642941,62,auto,The,kinases,BRAF and NIK,The kinases BRAF and NIK,0.7509005
MT2022_2025,W4315642941,63,auto,ALPHAK3,N,- and C,ALPHAK3 N - and C,0.63053066
MT2022_2025,W4315642941,64,auto,DMPK1,",","CAMK1G , CAMK2G","DMPK1 , CAMK1G , CAMK2G",0.5802635
MT2022_2025,W4315642941,65,auto,PDHK1,",",PDHK4 and BCKDK,"PDHK1 , PDHK4 and BCKDK",0.5544561
MT2022_2025,W4315642941,66,auto,BCKDK,was,purified by its,BCKDK was purified by its,0.61906105
MT2022_2025,W4315642941,67,auto,CDKL5,was,expressed in BL21,CDKL5 was expressed in BL21,0.56321806
MT2022_2025,W4315642941,68,auto,KIS,(,full length ),KIS ( full length ),0.6002302
MT2022_2025,W4315642941,69,auto,For,transfection,", 500 μg","For transfection , 500 μg",0.6706074
MT2022_2025,W4315642941,70,auto,ExpiFectamine,293,Reagent ( Thermo,ExpiFectamine 293 Reagent ( Thermo,0.5589322
MT2022_2025,W4315642941,71,auto,The,mixture,was then transferred,The mixture was then transferred,0.7035754
MT2022_2025,W4315642941,72,auto,Then,",",20 h after,"Then , 20 h after",0.5536604
MT2022_2025,W4315642941,73,auto,Two,days,"later , the","Two days later , the",0.59894997
MT2022_2025,W4315642941,74,auto,All,of,the steps for,All of the steps for,0.59171295
MT2022_2025,W4315642941,75,auto,Cell,pellets,were solubilized in,Cell pellets were solubilized in,0.65650946
MT2022_2025,W4315642941,76,auto,The,lysate,was centrifuged at,The lysate was centrifuged at,0.52411294
MT2022_2025,W4315642941,77,auto,Resin,was,washed with 1,Resin was washed with 1,0.48559517
MT2022_2025,W4315642941,78,auto,For,elution,of Flag tagged,For elution of Flag tagged,0.77423245
MT2022_2025,W4315642941,79,auto,Eluted,protein,was concentrated using,Eluted protein was concentrated using,0.5916852
MT2022_2025,W4315642941,80,auto,Buffers,were,as follows .,Buffers were as follows .,0.55520576
MT2022_2025,W4315642941,81,auto,Standard,lysis,buffer : 50,Standard lysis buffer : 50,0.71055317
MT2022_2025,W4315642941,82,auto,Standard,base,buffer : 50,Standard base buffer : 50,0.6850457
MT2022_2025,W4315642941,83,auto,Standard,wash,buffer : 50,Standard wash buffer : 50,0.68591446
MT2022_2025,W4315642941,84,auto,His,6,- GST -,His 6 - GST -,0.5403755
MT2022_2025,W4315642941,85,auto,The,buffers,were as follows,The buffers were as follows,0.6697753
MT2022_2025,W4315642941,86,auto,SBK1,elution,buffer for polyhistidine,SBK1 elution buffer for polyhistidine,0.70481926
MT2022_2025,W4315642941,87,auto,SBK1,elution,buffer for GST,SBK1 elution buffer for GST,0.7126006
MT2022_2025,W4315642941,88,auto,Flag-TAK1,-,TAB1 elution buffer,Flag-TAK1 - TAB1 elution buffer,0.5502261
MT2022_2025,W4315642941,89,auto,Flag,-,His 6 -,Flag - His 6 -,0.75188196
MT2022_2025,W4315642941,90,auto,The,buffers,were as follows,The buffers were as follows,0.6697753
MT2022_2025,W4315642941,91,auto,Flag,-,tag elution buffer,Flag - tag elution buffer,0.5568774
MT2022_2025,W4315642941,92,auto,Flag,-,ATR( S 1333A,Flag - ATR( S 1333A,0.62726134
MT2022_2025,W4315642941,93,auto,The,buffers,were as follows,The buffers were as follows,0.6697753
MT2022_2025,W4315642941,94,auto,ATR,lysis,buffer : 50,ATR lysis buffer : 50,0.708859
MT2022_2025,W4315642941,95,auto,ATR,wash,buffer : 50,ATR wash buffer : 50,0.6917516
MT2022_2025,W4315642941,96,auto,ATR,elution,buffer : 20,ATR elution buffer : 20,0.7138443
MT2022_2025,W4315642941,97,auto,Eluates,were,concentrated to 1,Eluates were concentrated to 1,0.5347047
MT2022_2025,W4315642941,98,auto,A,total,of 1 ml,A total of 1 ml,0.6425237
MT2022_2025,W4315642941,99,auto,Fractions,1,- 4 were,Fractions 1 - 4 were,0.60792696
MT2022_2025,W4315642941,100,auto,A,total,of 1 ml,A total of 1 ml,0.6425237
MT2022_2025,W4315642941,101,auto,Fractions,11,- 14 were,Fractions 11 - 14 were,0.5974784
MT2022_2025,W4315642941,102,auto,SMG1,-,SMG9 complexes were,SMG1 - SMG9 complexes were,0.5145242
MT2022_2025,W4315642941,103,auto,The,reaction,was initiated with,The reaction was initiated with,0.733342
MT2022_2025,W4315642941,104,auto,The,assay,conditions for each,The assay conditions for each,0.72279763
MT2022_2025,W4315642941,105,auto,In,total,", 283 human","In total , 283 human",0.6902461
MT2022_2025,W4315642941,106,auto,For,the,zero - control,For the zero - control,0.739883
MT2022_2025,W4315642941,108,auto,The,densitometry,matrices were column,The densitometry matrices were column,0.68328035
MT2022_2025,W4315642941,109,auto,2,Substrate,scoring For scoring,2 Substrate scoring For scoring,0.5888839
MT2022_2025,W4315642941,110,auto,For,the,percentile score of,For the percentile score of,0.7833922
MT2022_2025,W4315642941,111,auto,The,single,phosphorylation sites (,The single phosphorylation sites (,0.5909328
MT2022_2025,W4315642941,112,auto,For,every,"non-duplicate , singly","For every non-duplicate , singly",0.698521
MT2022_2025,W4315642941,113,auto,For,assessing,kinase motif enrichment,For assessing kinase motif enrichment,0.6732372
MT2022_2025,W4315642941,114,auto,The,log,- transformed fold,The log - transformed fold,0.7524127
MT2022_2025,W4315642941,115,auto,4,4e,Sequence logos Sequence,4 4e Sequence logos Sequence,0.7463695
MT2022_2025,W4315642941,116,auto,The,number,of reports for,The number of reports for,0.637269
MT2022_2025,W4315642941,117,auto,Illustrations,Experimental,schema and illustrative,Illustrations Experimental schema and illustrative,0.7099458
MT2022_2025,W4315642941,118,auto,Kinome,tree,images were generated,Kinome tree images were generated,0.76997244
MT2022_2025,W4315642941,119,auto,Structural,illustrations,were generated using,Structural illustrations were generated using,0.6067125
MT2022_2025,W4315642941,120,auto,Generic,kinase,domains in Figs.,Generic kinase domains in Figs.,0.6689103
MT2022_2025,W4315642941,121,auto,Fig.,1,| 1 Fig.,Fig. 1 | 1 Fig.,0.6076808
MT2022_2025,W4315642941,122,auto,a,",",Experimental workflow for,"a , Experimental workflow for",0.55288917
MT2022_2025,W4315642941,123,auto,The,schematic,was created using,The schematic was created using,0.68119544
MT2022_2025,W4315642941,124,auto,Z,denotes,fixed positions containing,Z denotes fixed positions containing,0.75367457
MT2022_2025,W4315642941,125,auto,X,denotes,unfixed positions containing,X denotes unfixed positions containing,0.7354307
MT2022_2025,W4315642941,126,auto,Darker,spots,indicate preferred residues,Darker spots indicate preferred residues,0.7368439
MT2022_2025,W4315642941,127,auto,b,",",Dendrogram of the,"b , Dendrogram of the",0.64049095
MT2022_2025,W4315642941,128,auto,Fig.,2,| 2 Fig.,Fig. 2 | 2 Fig.,0.6253546
MT2022_2025,W4315642941,129,auto,Hierarchical,clustering,of 303 Ser,Hierarchical clustering of 303 Ser,0.7480213
MT2022_2025,W4315642941,130,auto,Kinase,names,are colour labelled,Kinase names are colour labelled,0.63828564
MT2022_2025,W4315642941,131,auto,a,",",Schematic of the,"a , Schematic of the",0.62228805
MT2022_2025,W4315642941,132,auto,c,",",The results for,"c , The results for",0.64192903
MT2022_2025,W4315642941,133,auto,d,",",Annotation of the,"d , Annotation of the",0.6194035
MT2022_2025,W4315642941,134,auto,a,",",Workflow of the,"a , Workflow of the",0.617264
MT2022_2025,W4315642941,135,auto,The,schematic,was created using,The schematic was created using,0.68119544
MT2022_2025,W4315642941,136,auto,b-g,",",Results from published,"b-g , Results from published",0.61227244
MT2022_2025,W4315642941,137,auto,b,",",Conditioned medium of,"b , Conditioned medium of",0.54588854
MT2022_2025,W4315642941,138,auto,a,",",Synthetic peptide from,"a , Synthetic peptide from",0.61015844
MT2022_2025,W4315642941,139,auto,Dotted,circle,highlights a shallow,Dotted circle highlights a shallow,0.76153266
MT2022_2025,W4315642941,140,auto,b,",",GSK3 peptide from,"b , GSK3 peptide from",0.60450697
MT2022_2025,W4315642941,141,auto,Circle,indicates,a hydrophobic pocket,Circle indicates a hydrophobic pocket,0.669355
MT2022_2025,W4315642941,142,auto,c,",",Monophosphorylated peptide from,"c , Monophosphorylated peptide from",0.59546304
MT2022_2025,W4315642941,143,auto,Circle,shows,positive surface potential,Circle shows positive surface potential,0.6674763
MT2022_2025,W4315642941,144,auto,d,",",p63 peptide bound,"d , p63 peptide bound",0.5956484
MT2022_2025,W4315642941,145,auto,Surface,electrostatics,are represented with,Surface electrostatics are represented with,0.71313596
MT2022_2025,W4315642941,146,auto,Profiling,phospho,- acceptor specificity,Profiling phospho - acceptor specificity,0.6362287
MT2022_2025,W4315642941,147,auto,Results,shown,for .,Results shown for .,0.73553914
MT2022_2025,W4315642941,148,auto,10,|,Motif - based,10 | Motif - based,0.60796773
MT2022_2025,W4315642941,149,auto,a,",",Illustration of the,"a , Illustration of the",0.6432406
MT2022_2025,W4315642941,150,auto,Scoring,results,for PDHA1 Ser293,Scoring results for PDHA1 Ser293,0.5353202
MT2022_2025,W4315642941,151,auto,b,",",Illustration of docking,"b , Illustration of docking",0.60993123
MT2022_2025,W4315642941,152,auto,Scoring,results,for ERK1 Thr202,Scoring results for ERK1 Thr202,0.5326596
MT2022_2025,W4315642941,153,auto,Illustration,of,the phosphoregulation of,Illustration of the phosphoregulation of,0.62507135
MT2022_2025,W4315642941,154,auto,Links,between,kinases and substrates,Links between kinases and substrates,0.63645625
MT2022_2025,W4315642941,155,auto,recombinant,Ser,/ Thr kinases,recombinant Ser / Thr kinases,0.6695935
MT2022_2025,W4315642941,156,auto,b,",",Correlation plot of,"b , Correlation plot of",0.6468337
MT2022_2025,W4315642941,158,auto,We,thank,M. Begley T.,We thank M. Begley T.,0.5382951
MT2022_2025,W4315642941,160,auto,The,data,generated ( RAW,The data generated ( RAW,0.6433884
MT2022_2025,W4315642941,161,auto,All,plasmids,generated in this,All plasmids generated in this,0.56578743
MT2022_2025,W4315642941,163,auto,The,analytical,tools used in,The analytical tools used in,0.66075456
MT2022_2025,W4315642941,164,auto,Competing,interests,L.C.C. is a,Competing interests L.C.C. is a,0.4978239
MT2022_2025,W4315642941,165,auto,M.B.Y,receives,research support from,M.B.Y receives research support from,0.5728577
MT2022_2025,W4315642941,166,auto,T.M.Y.,is,a co-founder and,T.M.Y. is a co-founder and,0.48032928
MT2022_2025,W4315642941,167,auto,J.L.J,has,received consulting fees,J.L.J has received consulting fees,0.4595797
MT2022_2025,W4315642941,168,auto,O.E.,is,a founder and,O.E. is a founder and,0.5226456
MT2022_2025,W4315642941,169,auto,D.J.T.,is,a member of,D.J.T. is a member of,0.50429404
MT2022_2025,W4315642941,170,auto,A.D.,is,an equity holder,A.D. is an equity holder,0.50514597
MT2022_2025,W4315642941,171,auto,N.V.,reports,consulting activities for,N.V. reports consulting activities for,0.606526
MT2022_2025,W4315642941,172,auto,M.D.G.,is,a co-founder and,M.D.G. is a co-founder and,0.45450377
MT2022_2025,W4315642941,173,auto,Additional,information,Supplementary information,Additional information Supplementary information,0.66420984
MT2022_2025,W4315642941,174,auto,The,origins,of protein phosphorylation,The origins of protein phosphorylation,0.7193815
MT2022_2025,W4315642941,175,auto,The,protein,kinase complement of,The protein kinase complement of,0.70455563
MT2022_2025,W4315642941,176,auto,The,functional,landscape of the,The functional landscape of the,0.6903774
MT2022_2025,W4315642941,177,auto,Cell,Biol,45 2017,Cell Biol 45 2017,0.6232207
MT2022_2025,W4315642941,178,auto,Why,nature,chose phosphate to,Why nature chose phosphate to,0.63778687
MT2022_2025,W4315642941,180,auto,R.,Soc.,B 367 2012,R. Soc. B 367 2012,0.695189
MT2022_2025,W4315642941,181,auto,Kinase,mutations,in human disease,Kinase mutations in human disease,0.77073157
MT2022_2025,W4315642941,182,auto,The,Dark,Kinase Knowledgebase :,The Dark Kinase Knowledgebase :,0.6387537
MT2022_2025,W4315642941,183,auto,Too,many,roads not taken,Too many roads not taken,0.74160767
MT2022_2025,W4315642941,184,auto,The,phosphoproteomics,data explosion S,The phosphoproteomics data explosion S,0.6663262
MT2022_2025,W4315642941,186,auto,Biol,13,2009 Mass -,Biol 13 2009 Mass -,0.59000283
MT2022_2025,W4315642941,187,auto,Chem,88,2016 Role of,Chem 88 2016 Role of,0.57527363
MT2022_2025,W4315642941,188,auto,Chem,252,1977 Protein kinase,Chem 252 1977 Protein kinase,0.58675086
MT2022_2025,W4315642941,189,auto,Site,specificity,of casein kinase,Site specificity of casein kinase,0.6463957
MT2022_2025,W4315642941,190,auto,Definition,of,a consensus sequence,Definition of a consensus sequence,0.58125603
MT2022_2025,W4315642941,192,auto,Use,of,an oriented peptide,Use of an oriented peptide,0.63722134
MT2022_2025,W4315642941,194,auto,A,rapid,method for determining,A rapid method for determining,0.71365213
MT2022_2025,W4315642941,195,auto,The,nuts,and bolts of,The nuts and bolts of,0.73453367
MT2022_2025,W4315642941,196,auto,Substrate,specificities,and identification of,Substrate specificities and identification of,0.7116102
MT2022_2025,W4315642941,197,auto,Chem,274,1999 Utilization of,Chem 274 1999 Utilization of,0.6956467
MT2022_2025,W4315642941,199,auto,An,electrostatic,selection mechanism controls,An electrostatic selection mechanism controls,0.7183095
MT2022_2025,W4315642941,200,auto,Chem,280,2005 Spatial exclusivity,Chem 280 2005 Spatial exclusivity,0.56772554
MT2022_2025,W4315642941,201,auto,Metab,17,2006 Regulation of,Metab 17 2006 Regulation of,0.48676038
MT2022_2025,W4315642941,202,auto,Sequence,and,structure - based,Sequence and structure - based,0.5688709
MT2022_2025,W4315642941,204,auto,Unmasking,determinants,of specificity in,Unmasking determinants of specificity in,0.6260636
MT2022_2025,W4315642941,205,auto,A,motif,- based profile,A motif - based profile,0.71677464
MT2022_2025,W4315642941,206,auto,Host,protein,kinases required for,Host protein kinases required for,0.60354155
MT2022_2025,W4315642941,207,auto,Structure,of,the site phosphorylated,Structure of the site phosphorylated,0.6246823
MT2022_2025,W4315642941,209,auto,The,N,- terminal ERK,The N - terminal ERK,0.629807
MT2022_2025,W4315642941,210,auto,Chem,274,1999 Cyclin -,Chem 274 1999 Cyclin -,0.7338722
MT2022_2025,W4315642941,211,auto,The,RNA,polymerase II carboxy,The RNA polymerase II carboxy,0.7098104
MT2022_2025,W4315642941,212,auto,The,renaissance,of GSK3 P,The renaissance of GSK3 P,0.6050735
MT2022_2025,W4315642941,213,auto,Rev.,Biochem,68 1999 Quantitative,Rev. Biochem 68 1999 Quantitative,0.64824945
MT2022_2025,W4315642941,214,auto,Cell,Dev.,Biol 23 2012,Cell Dev. Biol 23 2012,0.69082785
MT2022_2025,W4315642941,215,auto,A,single,kinase generates the,A single kinase generates the,0.7073334
MT2022_2025,W4315642941,216,auto,A,mitotic,phosphorylation feedback network,A mitotic phosphorylation feedback network,0.6578967
MT2022_2025,W4315642941,217,auto,Polo,-,like kinase -,Polo - like kinase -,0.6284251
MT2022_2025,W4315642941,218,auto,Proteom,16,2017 p53 -,Proteom 16 2017 p53 -,0.5445594
MT2022_2025,W4315642941,220,auto,Cell,Biol,21 2009 Plk3,Cell Biol 21 2009 Plk3,0.6266506
MT2022_2025,W4315642941,221,auto,Chem,276,2001 Mitochondrial DNA,Chem 276 2001 Mitochondrial DNA,0.6213419
MT2022_2025,W4315642941,223,auto,Dynamic,adipocyte,phosphoproteome reveals that,Dynamic adipocyte phosphoproteome reveals that,0.65319973
MT2022_2025,W4315642941,224,auto,An,integrative,framework reveals signaling,An integrative framework reveals signaling,0.7055138
MT2022_2025,W4315642941,225,auto,Homing,in,: mechanisms of,Homing in : mechanisms of,0.55614877
MT2022_2025,W4315642941,227,auto,Systematic,discovery,of in vivo,Systematic discovery of in vivo,0.76678306
MT2022_2025,W4315642941,228,auto,Protein,kinases,display minimal interpositional,Protein kinases display minimal interpositional,0.676215
MT2022_2025,W4315642941,230,auto,R.,Soc.,B 367 2012,R. Soc. B 367 2012,0.6951887
MT2022_2025,W4315642941,231,auto,Accurate,prediction,of protein structures,Accurate prediction of protein structures,0.757574
MT2022_2025,W4315642941,233,auto,Biophys,535,2013 Chaperonins GroEL,Biophys 535 2013 Chaperonins GroEL,0.56161505
MT2022_2025,W4315642941,234,auto,Chem,267,1992 Encapsulation of,Chem 267 1992 Encapsulation of,0.608076
MT2022_2025,W4315642941,235,auto,Chem,278,2003 Crystal structure,Chem 278 2003 Crystal structure,0.512005
MT2022_2025,W4315642941,236,auto,Mol.,Biol,22 2015 Mutation,Mol. Biol 22 2015 Mutation,0.689157
MT2022_2025,W4315642941,237,auto,An,open,library of human,An open library of human,0.6764601
MT2022_2025,W4315642941,238,auto,Structure,guided,design of potent,Structure guided design of potent,0.6880141
MT2022_2025,W4315642941,239,auto,Structural,and,functional analysis of,Structural and functional analysis of,0.60967153
MT2022_2025,W4315642941,240,auto,Biol,27,2020 Discovery of,Biol 27 2020 Discovery of,0.5388858
MT2022_2025,W4315642941,241,auto,Biol,16,2020 MELK is,Biol 16 2020 MELK is,0.5236268
MT2022_2025,W4315642941,242,auto,Proteomic,analysis,of the human,Proteomic analysis of the human,0.59712946
MT2022_2025,W4315642941,244,auto,Sci.,USA,106 2009 STK25,Sci. USA 106 2009 STK25,0.63259065
MT2022_2025,W4315642941,245,auto,Alpha-kinase,1,is a cytosolic,Alpha-kinase 1 is a cytosolic,0.5590777
MT2022_2025,W4315642941,246,auto,Sci.,USA,117 2020 Phosphorylation,Sci. USA 117 2020 Phosphorylation,0.6574653
MT2022_2025,W4315642941,247,auto,Chem,295,2020 Regulation of,Chem 295 2020 Regulation of,0.66016716
MT2022_2025,W4315642941,248,auto,Development,of,a CDK10 /,Development of a CDK10 /,0.59624517
MT2022_2025,W4315642941,249,auto,Chem,8,147 2020 Discovery,Chem 8 147 2020 Discovery,0.619782
MT2022_2025,W4315642941,251,auto,Selective,inhibition,of CDK7 reveals,Selective inhibition of CDK7 reveals,0.75012606
MT2022_2025,W4315642941,252,auto,A,structurally,validated multiple sequence,A structurally validated multiple sequence,0.7237262
MT2022_2025,W4315642941,253,auto,Venn,diagram,representation of the,Venn diagram representation of the,0.7247351
MT2022_2025,W4315642941,254,auto,The,phosphorylated,residues in the,The phosphorylated residues in the,0.63659096
MT2022_2025,W4220897376,0,auto,Regulation,of,SIRT1 and Its,Regulation of SIRT1 and Its,0.54128337
MT2022_2025,W4220897376,1,auto,Hu,hudhai@fmmu.edu.cn,Department of Burns,Hu hudhai@fmmu.edu.cn Department of Burns,0.51753986
MT2022_2025,W4220897376,2,auto,This,article,was submitted to,This article was submitted to,0.64736426
MT2022_2025,W4220897376,3,auto,SIRT1,affects,multiple biological processes,SIRT1 affects multiple biological processes,0.5925555
MT2022_2025,W4220897376,4,auto,Recent,studies,have revealed intimate,Recent studies have revealed intimate,0.628986
MT2022_2025,W4220897376,5,auto,In,this,"review , we","In this review , we",0.7411142
MT2022_2025,W4220897376,6,auto,We,also,summarize factors that,We also summarize factors that,0.66398156
MT2022_2025,W4220897376,7,auto,Furthermore,",",we underscore the,"Furthermore , we underscore the",0.6074938
MT2022_2025,W4220897376,8,auto,Finally,",",we highlight the,"Finally , we highlight the",0.63575435
MT2022_2025,W4220897376,9,auto,INTRODUCTION,Members,of the sirtuin,INTRODUCTION Members of the sirtuin,0.59191704
MT2022_2025,W4220897376,10,auto,Sirtuins,mediate,the deacetylation of,Sirtuins mediate the deacetylation of,0.59050804
MT2022_2025,W4220897376,11,auto,The,human,SIRT1 gene is,The human SIRT1 gene is,0.71962935
MT2022_2025,W4220897376,12,auto,SIRT1,is,ubiquitously expressed in,SIRT1 is ubiquitously expressed in,0.56370914
MT2022_2025,W4220897376,13,auto,The,SIRT1,protein contains N,The SIRT1 protein contains N,0.7030082
MT2022_2025,W4220897376,14,auto,In,terms,of its threedimensional,In terms of its threedimensional,0.55956185
MT2022_2025,W4220897376,15,auto,Catalytic,reactions,are initiated by,Catalytic reactions are initiated by,0.7469493
MT2022_2025,W4220897376,16,auto,SIRT1,deacetylates,target proteins by,SIRT1 deacetylates target proteins by,0.71722615
MT2022_2025,W4220897376,17,auto,The,wide,- ranging biological,The wide - ranging biological,0.71094567
MT2022_2025,W4220897376,18,auto,Acetylation,of,N - terminal,Acetylation of N - terminal,0.59311044
MT2022_2025,W4220897376,19,auto,Numerous,studies,have shown that,Numerous studies have shown that,0.6305986
MT2022_2025,W4220897376,20,auto,For,example,", SIRT1 deacetylates","For example , SIRT1 deacetylates",0.6166254
MT2022_2025,W4220897376,21,auto,DNA,methyltransferases,( DNMTs ),DNA methyltransferases ( DNMTs ),0.79925835
MT2022_2025,W4220897376,22,auto,The,acetylation,of P53 is,The acetylation of P53 is,0.7331498
MT2022_2025,W4220897376,23,auto,In,addition,", P53 can","In addition , P53 can",0.603832
MT2022_2025,W4220897376,24,auto,Chen,et,al. found that,Chen et al. found that,0.5594924
MT2022_2025,W4220897376,25,auto,Nemoto,et,al. showed that,Nemoto et al. showed that,0.58050895
MT2022_2025,W4220897376,26,auto,The,HuR,protein regulates mRNA,The HuR protein regulates mRNA,0.6401382
MT2022_2025,W4220897376,27,auto,Abdelmohsen,et,al. reported that,Abdelmohsen et al. reported that,0.5246363
MT2022_2025,W4220897376,28,auto,In,addition,to being regulated,In addition to being regulated,0.69654
MT2022_2025,W4220897376,29,auto,The,activity,of SIRT1 is,The activity of SIRT1 is,0.6891532
MT2022_2025,W4220897376,30,auto,These,mechanisms,of SIRT1 regulation,These mechanisms of SIRT1 regulation,0.7968222
MT2022_2025,W4220897376,31,auto,As,an,NAD + -,As an NAD + -,0.5959186
MT2022_2025,W4220897376,32,auto,CCAR2,has,emerged as an,CCAR2 has emerged as an,0.58495367
MT2022_2025,W4220897376,33,auto,Indeed,",",upon genotoxic stress,"Indeed , upon genotoxic stress",0.5473296
MT2022_2025,W4220897376,34,auto,When,DNA,damage occurs in,When DNA damage occurs in,0.72254044
MT2022_2025,W4220897376,35,auto,Bai,et,al. found that,Bai et al. found that,0.57718104
MT2022_2025,W4220897376,36,auto,AROS,directly,binds at a,AROS directly binds at a,0.6240788
MT2022_2025,W4220897376,37,auto,The,orphan,nuclear receptor small,The orphan nuclear receptor small,0.6352827
MT2022_2025,W4220897376,38,auto,Chanda,et,al. found that,Chanda et al. found that,0.5535355
MT2022_2025,W4220897376,39,auto,In,this,"way , ubiquitin","In this way , ubiquitin",0.79826415
MT2022_2025,W4220897376,40,auto,SIRT1,ubiquitination,is regulated by,SIRT1 ubiquitination is regulated by,0.6611086
MT2022_2025,W4220897376,41,auto,Yang,et,al. discovered that,Yang et al. discovered that,0.55268586
MT2022_2025,W4220897376,42,auto,Together,",",these results suggest,"Together , these results suggest",0.6124223
MT2022_2025,W4220897376,43,auto,Phosphorylation,Threonine,Phosphorylation Several kinases,Phosphorylation Threonine Phosphorylation Several kinases,0.7699115
MT2022_2025,W4220897376,44,auto,Lau,et,al. found that,Lau et al. found that,0.5749134
MT2022_2025,W4220897376,45,auto,CDK1mediated,SIRT1,phosphorylation on serine,CDK1mediated SIRT1 phosphorylation on serine,0.72475994
MT2022_2025,W4220897376,46,auto,While,JAK1,- mediated SIRT1,While JAK1 - mediated SIRT1,0.76280427
MT2022_2025,W4220897376,47,auto,Interestingly,",",IL - 6,"Interestingly , IL - 6",0.57330686
MT2022_2025,W4220897376,48,auto,In,cellular,and mouse models,In cellular and mouse models,0.76625735
MT2022_2025,W4220897376,49,auto,S,-,nitrosylation can regulate,S - nitrosylation can regulate,0.6077197
MT2022_2025,W4220897376,50,auto,SIRT1,forms,mixed disulfides with,SIRT1 forms mixed disulfides with,0.6782962
MT2022_2025,W4220897376,51,auto,SIRT1,activity,is not directly,SIRT1 activity is not directly,0.5924662
MT2022_2025,W4220897376,52,auto,Inflammation,-,Induced Changes in,Inflammation - Induced Changes in,0.58664924
MT2022_2025,W4220897376,53,auto,A,growing,body of evidences,A growing body of evidences,0.5800665
MT2022_2025,W4220897376,54,auto,There,is,mounting evidence showing,There is mounting evidence showing,0.60120106
MT2022_2025,W4220897376,55,auto,As,mentioned,"earlier , dynamic","As mentioned earlier , dynamic",0.67150474
MT2022_2025,W4220897376,56,auto,Inflammatory,responses,are usually beneficial,Inflammatory responses are usually beneficial,0.69354624
MT2022_2025,W4220897376,57,auto,Inflammatory,cytokines,including IL -,Inflammatory cytokines including IL -,0.7438694
MT2022_2025,W4220897376,58,auto,If,local,inflammation is not,If local inflammation is not,0.73542297
MT2022_2025,W4220897376,59,auto,Further,",",an imbalance between,"Further , an imbalance between",0.67091566
MT2022_2025,W4220897376,60,auto,Studies,suggest,that SIRT1 has,Studies suggest that SIRT1 has,0.5952127
MT2022_2025,W4220897376,61,auto,As,previously,"mentioned , SIRT1","As previously mentioned , SIRT1",0.6823623
MT2022_2025,W4220897376,62,auto,In,the,endotoxin tolerance process,In the endotoxin tolerance process,0.73619
MT2022_2025,W4220897376,63,auto,NF,-,kB is composed,NF - kB is composed,0.6534376
MT2022_2025,W4220897376,64,auto,In,turn,", NF -","In turn , NF -",0.65129054
MT2022_2025,W4220897376,65,auto,Lim,et,al. first reported,Lim et al. first reported,0.53944516
MT2022_2025,W4220897376,66,auto,Through,this,"interaction , SIRT1","Through this interaction , SIRT1",0.684206
MT2022_2025,W4220897376,67,auto,Activated,AP,- 1 promotes,Activated AP - 1 promotes,0.6365298
MT2022_2025,W4220897376,68,auto,The,results,of various studies,The results of various studies,0.5536569
MT2022_2025,W4220897376,69,auto,Sepsis,Sepsis,refers to an,Sepsis Sepsis refers to an,0.6760794
MT2022_2025,W4220897376,70,auto,Sepsis,-,associated multiple organ,Sepsis - associated multiple organ,0.5511223
MT2022_2025,W4220897376,71,auto,Hepatic,deletion,of SIRT1 promotes,Hepatic deletion of SIRT1 promotes,0.6100641
MT2022_2025,W4220897376,72,auto,They,declared,that SIRT1 alteration,They declared that SIRT1 alteration,0.5273247
MT2022_2025,W4220897376,73,auto,Owing,to,its apparent importance,Owing to its apparent importance,0.5875824
MT2022_2025,W4220897376,74,auto,Numerous,transcriptional,and post -,Numerous transcriptional and post -,0.72899145
MT2022_2025,W4220897376,75,auto,SIRT1,activity,is primarily regulated,SIRT1 activity is primarily regulated,0.62237024
MT2022_2025,W4220897376,76,auto,SIRT1,functions,under a wide,SIRT1 functions under a wide,0.6046156
MT2022_2025,W4220897376,77,auto,During,inflammation,", SIRT1 exerts","During inflammation , SIRT1 exerts",0.69652456
MT2022_2025,W4220897376,78,auto,While,SIRT1,is considered to,While SIRT1 is considered to,0.58118725
MT2022_2025,W4220897376,79,auto,FIGURE,2,| 2 FIGURE,FIGURE 2 | 2 FIGURE,0.7145637
MT2022_2025,W4220897376,80,auto,SIRT1,transcription,is regulated by,SIRT1 transcription is regulated by,0.6663884
MT2022_2025,W4220897376,81,auto,SIRT1,transcription,is also regulated,SIRT1 transcription is also regulated,0.70901334
MT2022_2025,W4220897376,82,auto,FIGURE,3,| 3 FIGURE,FIGURE 3 | 3 FIGURE,0.73510593
MT2022_2025,W4220897376,83,auto,FIGURE,4,| 4 FIGURE,FIGURE 4 | 4 FIGURE,0.73151296
MT2022_2025,W4220897376,84,auto,TABLE,1,| 1 Regulation,TABLE 1 | 1 Regulation,0.68004376
MT2022_2025,W4220897376,85,auto,Level,of,Regulation Specific Mode,Level of Regulation Specific Mode,0.6267296
MT2022_2025,W4220897376,86,auto,Upregulation,HuR,RNA - binding,Upregulation HuR RNA - binding,0.62147415
MT2022_2025,W4220897376,87,auto,Level,of,Regulation Specific Mode,Level of Regulation Specific Mode,0.6267296
MT2022_2025,W4220897376,88,auto,Research,in,the authors' laboratory,Research in the authors' laboratory,0.5256268
MT2022_2025,W4220897376,89,auto,The,manuscript,was written by,The manuscript was written by,0.6044965
MT2022_2025,W4220897376,90,auto,YL,and,YW contributed equally,YL and YW contributed equally,0.49847695
MT2022_2025,W4220897376,91,auto,All,authors,contributed to the,All authors contributed to the,0.57914907
MT2022_2025,W4220897376,92,auto,Conflict,of,Interest : The,Conflict of Interest : The,0.58687186
MT2022_2025,W4220897376,93,auto,Publisher's,Note,: All claims,Publisher's Note : All claims,0.57803094
MT2022_2025,W4220897376,94,auto,Any,product,that may be,Any product that may be,0.68103844
MT2022_2025,W4220897376,95,auto,A,A,Suave Wolbergerc V,A A Suave Wolbergerc V,0.779491
MT2022_2025,W4220897376,96,auto,Is,an,Nad - Dependent,Is an Nad - Dependent,0.58979267
MT2022_2025,W4220897376,97,auto,Front,Immunol,5 9 619,Front Immunol 5 9 619,0.6615225
MT2022_2025,W4220897376,98,auto,Sirtuins,in,Neuroendocrine Regulation and,Sirtuins in Neuroendocrine Regulation and,0.5270533
MT2022_2025,W4220897376,99,auto,Signaling,in,Metabolism and Immune,Signaling in Metabolism and Immune,0.53711516
MT2022_2025,W4220897376,100,auto,Within,the,Cell Cycle Regulatory,Within the Cell Cycle Regulatory,0.71641994
MT2022_2025,W4220897376,101,auto,Regulates,Autoacetylation,and Histone Acetyltransferase,Regulates Autoacetylation and Histone Acetyltransferase,0.804708
MT2022_2025,W4220897376,102,auto,Sci,New,York NY 2004,Sci New York NY 2004,0.7437895
MT2022_2025,W4220897376,103,auto,Open,Biol,3 11 130130,Open Biol 3 11 130130,0.62722045
MT2022_2025,W4220897376,104,auto,Negatively,Regulates,the Stat Signaling,Negatively Regulates the Stat Signaling,0.68545943
MT2022_2025,W4220897376,105,auto,Is,the,Regulator of Sirt1,Is the Regulator of Sirt1,0.64188147
MT2022_2025,W4220897376,106,auto,Antioxid,Redox,Signal 30 10,Antioxid Redox Signal 30 10,0.7161318
MT2022_2025,W4220897376,107,auto,Inos,as,a Driver of,Inos as a Driver of,0.62691844
MT2022_2025,W4220897376,108,auto,Acetylation,-,Dependent Regulation of,Acetylation - Dependent Regulation of,0.55105627
MT2022_2025,W4220897376,109,auto,Involvement,of,the P65 /,Involvement of the P65 /,0.60214496
MT2022_2025,W4220897376,110,auto,F,Bejjani,E Evanno K,F Bejjani E Evanno K,0.654284
MT2022_2025,W4220897376,111,auto,Am,J,Pathol 190 1,Am J Pathol 190 1,0.7135204
MT2022_2025,W4392757206,0,auto,Ferroptosis,in,cancer : from,Ferroptosis in cancer : from,0.5344527
MT2022_2025,W4392757206,1,auto,Department,of,Oncology Xiangya Hospital,Department of Oncology Xiangya Hospital,0.5158636
MT2022_2025,W4392757206,2,auto,Department,of,Dermatology Xiangya Hospital,Department of Dermatology Xiangya Hospital,0.5085406
MT2022_2025,W4392757206,3,auto,It,acts,as an innate,It acts as an innate,0.71455145
MT2022_2025,W4392757206,4,auto,Intriguingly,",",mesenchymal and dedifferentiated,"Intriguingly , mesenchymal and dedifferentiated",0.5787713
MT2022_2025,W4392757206,5,auto,However,",",the impact of,"However , the impact of",0.61887586
MT2022_2025,W4392757206,6,auto,Ferroptosis,induction,not only inhibits,Ferroptosis induction not only inhibits,0.65917224
MT2022_2025,W4392757206,7,auto,Thus,",",a comprehensive understanding,"Thus , a comprehensive understanding",0.6299851
MT2022_2025,W4392757206,8,auto,In,this,"review , we","In this review , we",0.7411142
MT2022_2025,W4392757206,9,auto,We,also,summarize the potential,We also summarize the potential,0.61991787
MT2022_2025,W4392757206,10,auto,We,finally,discuss ferroptosis markers,We finally discuss ferroptosis markers,0.69478464
MT2022_2025,W4392757206,12,auto,Every,living,being eventually dies,Every living being eventually dies,0.73441094
MT2022_2025,W4392757206,13,auto,Cell,death,is a key,Cell death is a key,0.67114544
MT2022_2025,W4392757206,14,auto,1,2,"3 Ferroptosis ,","1 2 3 Ferroptosis ,",0.6331851
MT2022_2025,W4392757206,15,auto,4,5,6 7 5,4 5 6 7 5,0.7029389
MT2022_2025,W4392757206,16,auto,Here,",",we review the,"Here , we review the",0.63017005
MT2022_2025,W4392757206,17,auto,Then,",",we decipher the,"Then , we decipher the",0.66038966
MT2022_2025,W4392757206,18,auto,Lastly,",",we summarize the,"Lastly , we summarize the",0.6277964
MT2022_2025,W4392757206,19,auto,MAJOR,MILESTONE,OF FERROPTOSIS,MAJOR MILESTONE OF FERROPTOSIS,0.757048
MT2022_2025,W4392757206,20,auto,In,the,"past decade ,","In the past decade ,",0.7719472
MT2022_2025,W4392757206,21,auto,The,discovery,of ferroptosis stemmed,The discovery of ferroptosis stemmed,0.7351676
MT2022_2025,W4392757206,22,auto,In,2003,", erastin was","In 2003 , erastin was",0.67359716
MT2022_2025,W4392757206,23,auto,43,8,13 44 45,43 8 13 44 45,0.618729
MT2022_2025,W4392757206,24,auto,Lipid,peroxidation,is the hallmark,Lipid peroxidation is the hallmark,0.7226418
MT2022_2025,W4392757206,25,auto,In,addition,to the cytoplasm,In addition to the cytoplasm,0.64610946
MT2022_2025,W4392757206,26,auto,Erastin,and,RSL3 are the,Erastin and RSL3 are the,0.64146066
MT2022_2025,W4392757206,27,auto,4,",","43 115 ,","4 , 43 115 ,",0.77902603
MT2022_2025,W4392757206,28,auto,As,mentioned,"above , GPX4","As mentioned above , GPX4",0.63227296
MT2022_2025,W4392757206,29,auto,Different,from,"PUFAs , monounsaturated","Different from PUFAs , monounsaturated",0.5005484
MT2022_2025,W4392757206,30,auto,Exogenous,MUFAs,can prevent ferroptosis,Exogenous MUFAs can prevent ferroptosis,0.63159686
MT2022_2025,W4392757206,31,auto,44,",","141 141 ,","44 , 141 141 ,",0.7691745
MT2022_2025,W4392757206,32,auto,The,rupture,of the plasma,The rupture of the plasma,0.7719952
MT2022_2025,W4392757206,33,auto,Membrane,damages,in ferroptosis cover,Membrane damages in ferroptosis cover,0.6950458
MT2022_2025,W4392757206,34,auto,147,146,148 FUNCTIONS OF,147 146 148 FUNCTIONS OF,0.69382626
MT2022_2025,W4392757206,35,auto,Oxygen,(,O 2 ),Oxygen ( O 2 ),0.5763386
MT2022_2025,W4392757206,36,auto,149,Ferroptosis,induction in tumor,149 Ferroptosis induction in tumor,0.7357702
MT2022_2025,W4392757206,37,auto,Tumor,suppressors,such as p53,Tumor suppressors such as p53,0.7745946
MT2022_2025,W4392757206,38,auto,The,tumor,"suppressor TP53 ,","The tumor suppressor TP53 ,",0.6609756
MT2022_2025,W4392757206,39,auto,13,",","150 , 151","13 , 150 , 151",0.6856171
MT2022_2025,W4392757206,40,auto,155,156,156 156 FH,155 156 156 156 FH,0.7692959
MT2022_2025,W4392757206,41,auto,157,[,157 ] [,157 [ 157 ] [,0.7781509
MT2022_2025,W4392757206,42,auto,The,epigenetic,regulator MLL4 is,The epigenetic regulator MLL4 is,0.69871724
MT2022_2025,W4392757206,43,auto,167,",",168 169 169,"167 , 168 169 169",0.30995414
MT2022_2025,W4392757206,44,auto,Building,upon,the core driver,Building upon the core driver,0.59236395
MT2022_2025,W4392757206,45,auto,We,will,briefly discuss the,We will briefly discuss the,0.613559
MT2022_2025,W4392757206,46,auto,Tumor,cells,exhibit heightened antioxidant,Tumor cells exhibit heightened antioxidant,0.6362239
MT2022_2025,W4392757206,47,auto,170,53,", 171 ,","170 53 , 171 ,",0.5588837
MT2022_2025,W4392757206,48,auto,The,RAS,family are the,The RAS family are the,0.71090543
MT2022_2025,W4392757206,49,auto,As,noted,"above , P53","As noted above , P53",0.62632155
MT2022_2025,W4392757206,50,auto,Metabolism,pathway,Energy metabolism is,Metabolism pathway Energy metabolism is,0.75848144
MT2022_2025,W4392757206,51,auto,Mitochondria,serves,as the primary,Mitochondria serves as the primary,0.57519233
MT2022_2025,W4392757206,52,auto,281,",",282 160 3i,"281 , 282 160 3i",0.67473954
MT2022_2025,W4392757206,53,auto,300,301,302 Immunomodulatory role,300 301 302 Immunomodulatory role,0.7142649
MT2022_2025,W4392757206,54,auto,The,emission,of immunomodulatory signals,The emission of immunomodulatory signals,0.6717056
MT2022_2025,W4392757206,55,auto,In,addition,"to DAMPs ,","In addition to DAMPs ,",0.65611637
MT2022_2025,W4392757206,56,auto,For,instance,", inhibition of","For instance , inhibition of",0.66581476
MT2022_2025,W4392757206,57,auto,Immunosuppressive,activities,of ferroptotic cancer,Immunosuppressive activities of ferroptotic cancer,0.6271503
MT2022_2025,W4392757206,58,auto,318,319,", 320 319","318 319 , 320 319",0.67674744
MT2022_2025,W4392757206,59,auto,Effect,of,immune cells on,Effect of immune cells on,0.6294165
MT2022_2025,W4392757206,60,auto,Immunosuppressive,TAMs,have been reported,Immunosuppressive TAMs have been reported,0.6308192
MT2022_2025,W4392757206,61,auto,For,instance,", TAMs can","For instance , TAMs can",0.6895087
MT2022_2025,W4392757206,62,auto,336,337,336 338 338,336 337 336 338 338,0.6318658
MT2022_2025,W4392757206,63,auto,Effects,of,ferroptotic immune cells,Effects of ferroptotic immune cells,0.57258195
MT2022_2025,W4392757206,64,auto,This,ferroptotic,process affects not,This ferroptotic process affects not,0.7333838
MT2022_2025,W4392757206,65,auto,Herein,",",a comprehensive understanding,"Herein , a comprehensive understanding",0.576943
MT2022_2025,W4392757206,66,auto,340,341,341 341 342,340 341 341 341 342,0.75074106
MT2022_2025,W4392757206,67,auto,B,cells,exhibit remarkable heterogeneity,B cells exhibit remarkable heterogeneity,0.5968423
MT2022_2025,W4392757206,68,auto,344,345,346 DCs are,344 345 346 DCs are,0.63579506
MT2022_2025,W4392757206,69,auto,347,348,", 349 348","347 348 , 349 348",0.761382
MT2022_2025,W4392757206,70,auto,Dysfunction,of,"NK cells ,","Dysfunction of NK cells ,",0.6066655
MT2022_2025,W4392757206,71,auto,353,354,354 TAMs exhibit,353 354 354 TAMs exhibit,0.8055208
MT2022_2025,W4392757206,72,auto,Tregs,represent,a crucial barrier,Tregs represent a crucial barrier,0.5653203
MT2022_2025,W4392757206,73,auto,363,364,364 MDSCs are,363 364 364 MDSCs are,0.6264603
MT2022_2025,W4392757206,74,auto,365,366,23 23 23,365 366 23 23 23,0.63609797
MT2022_2025,W4392757206,75,auto,As,noted,"above , ferroptosis","As noted above , ferroptosis",0.61299306
MT2022_2025,W4392757206,76,auto,11,",","368 , 369","11 , 368 , 369",0.7277669
MT2022_2025,W4392757206,77,auto,In,addition,to immunotherapy and,In addition to immunotherapy and,0.6981106
MT2022_2025,W4392757206,78,auto,378,379,"19 , 380","378 379 19 , 380",0.7358842
MT2022_2025,W4392757206,79,auto,Radiation,therapy,"Radiotherapy , a","Radiation therapy Radiotherapy , a",0.7282359
MT2022_2025,W4392757206,80,auto,385,",","386 327 ,","385 , 386 327 ,",0.7757691
MT2022_2025,W4392757206,81,auto,Systemic,drugs,"Sorafenib , the","Systemic drugs Sorafenib , the",0.6443449
MT2022_2025,W4392757206,82,auto,Therefore,",",inhibition of GPX4,"Therefore , inhibition of GPX4",0.5878039
MT2022_2025,W4392757206,83,auto,401,402,", 403 404","401 402 , 403 404",0.75635326
MT2022_2025,W4392757206,84,auto,136,Moreover,", the drug","136 Moreover , the drug",0.6706189
MT2022_2025,W4392757206,85,auto,Nowadays,",",three delivery systems,"Nowadays , three delivery systems",0.6152059
MT2022_2025,W4392757206,86,auto,For,example,", the acidity","For example , the acidity",0.64537185
MT2022_2025,W4392757206,87,auto,470,471,306 Ferroptosis inhibition,470 471 306 Ferroptosis inhibition,0.7046274
MT2022_2025,W4392757206,88,auto,The,heterogeneity,of tumors and,The heterogeneity of tumors and,0.68325007
MT2022_2025,W4392757206,89,auto,Under,some,"conditions , ferroptosis","Under some conditions , ferroptosis",0.72438526
MT2022_2025,W4392757206,90,auto,1,),The inflammation resulting,1 ) The inflammation resulting,0.65576637
MT2022_2025,W4392757206,91,auto,21,",","148 23 ,","21 , 148 23 ,",0.76684284
MT2022_2025,W4392757206,92,auto,Liver,-,"related diseases ,","Liver - related diseases ,",0.63645875
MT2022_2025,W4392757206,93,auto,472,",",473 21 319,"472 , 473 21 319",0.5866428
MT2022_2025,W4392757206,94,auto,For,example,", mutated KRAS","For example , mutated KRAS",0.7161687
MT2022_2025,W4392757206,95,auto,321,321,Because of the,321 321 Because of the,0.63987863
MT2022_2025,W4392757206,96,auto,For,instance,", cisplatin -","For instance , cisplatin -",0.65642357
MT2022_2025,W4392757206,97,auto,475,476,", 477 114","475 476 , 477 114",0.76959723
MT2022_2025,W4392757206,98,auto,A,standardized,set of identification,A standardized set of identification,0.68384105
MT2022_2025,W4392757206,99,auto,Currently,",",four classes of,"Currently , four classes of",0.6298454
MT2022_2025,W4392757206,100,auto,To,accurately,determine the occurrence,To accurately determine the occurrence,0.6636949
MT2022_2025,W4392757206,101,auto,The,selection,of an appropriate,The selection of an appropriate,0.69544154
MT2022_2025,W4392757206,102,auto,Among,these,"markers , lipid","Among these markers , lipid",0.63010126
MT2022_2025,W4392757206,103,auto,Additionally,",",pharmacological rescue experiments,"Additionally , pharmacological rescue experiments",0.55579937
MT2022_2025,W4392757206,104,auto,In,evaluating,the efficacy of,In evaluating the efficacy of,0.674447
MT2022_2025,W4392757206,105,auto,Although,staining,for 4 -,Although staining for 4 -,0.67300075
MT2022_2025,W4392757206,106,auto,Blood,",","urine , and","Blood , urine , and",0.65687543
MT2022_2025,W4392757206,107,auto,Deciphering,the,changes in iron,Deciphering the changes in iron,0.63274384
MT2022_2025,W4392757206,108,auto,Pharmacologically,targeting,ferroptosis holds great,Pharmacologically targeting ferroptosis holds great,0.69169647
MT2022_2025,W4392757206,109,auto,However,",",to realize the,"However , to realize the",0.69302034
MT2022_2025,W4392757206,110,auto,Firstly,",",there is a,"Firstly , there is a",0.6260855
MT2022_2025,W4392757206,111,auto,Current,models,mainly rely on,Current models mainly rely on,0.69806784
MT2022_2025,W4392757206,112,auto,In,some,"cases , ferroptosis","In some cases , ferroptosis",0.7237109
MT2022_2025,W4392757206,113,auto,21,",","319 497 ,","21 , 319 497 ,",0.7405871
MT2022_2025,W4392757206,114,auto,Although,several,compounds have been,Although several compounds have been,0.7116747
MT2022_2025,W4392757206,115,auto,Developing,small,molecules compatible with,Developing small molecules compatible with,0.65311927
MT2022_2025,W4392757206,116,auto,It,is,essential to promptly,It is essential to promptly,0.6548164
MT2022_2025,W4392757206,117,auto,Moreover,",",FINs could potentially,"Moreover , FINs could potentially",0.64500797
MT2022_2025,W4392757206,118,auto,Therefore,",",the development of,"Therefore , the development of",0.61326844
MT2022_2025,W4392757206,119,auto,Lastly,",",identifying the patient,"Lastly , identifying the patient",0.5761454
MT2022_2025,W4392757206,120,auto,The,sensitivity,of different cancer,The sensitivity of different cancer,0.65340215
MT2022_2025,W4392757206,121,auto,Integrating,genetic,information from the,Integrating genetic information from the,0.70096296
MT2022_2025,W4392757206,122,auto,In,conclusion,", we are","In conclusion , we are",0.60885334
MT2022_2025,W4392757206,123,auto,Overcoming,the,challenges above will,Overcoming the challenges above will,0.67261696
MT2022_2025,W4392757206,124,auto,We,anticipate,that novel ferroptosis,We anticipate that novel ferroptosis,0.60834527
MT2022_2025,W4392757206,125,auto,Fig.,1,1 Fig. 1,Fig. 1 1 Fig. 1,0.67786723
MT2022_2025,W4392757206,126,auto,The,term,ferroptosis was coined,The term ferroptosis was coined,0.629096
MT2022_2025,W4392757206,127,auto,Since,2012,", there has","Since 2012 , there has",0.53281945
MT2022_2025,W4392757206,128,auto,ACSL4,acyl,- CoA synthetase,ACSL4 acyl - CoA synthetase,0.59414124
MT2022_2025,W4392757206,129,auto,Ferroptosis,is,driven by PUFA,Ferroptosis is driven by PUFA,0.534087
MT2022_2025,W4392757206,130,auto,Major,defense,systems of ferroptosis,Major defense systems of ferroptosis,0.68075633
MT2022_2025,W4392757206,131,auto,When,ferroptosispromoting,activities significantly surpass,When ferroptosispromoting activities significantly surpass,0.6665408
MT2022_2025,W4392757206,132,auto,ABCB7,ATP,binding cassette subfamily,ABCB7 ATP binding cassette subfamily,0.69680035
MT2022_2025,W4392757206,133,auto,This,figure,was created with,This figure was created with,0.59365475
MT2022_2025,W4392757206,134,auto,a,Ferroptotic,cancer cells in,a Ferroptotic cancer cells in,0.74895436
MT2022_2025,W4392757206,135,auto,The,emission,of various immunomodulatory,The emission of various immunomodulatory,0.6520604
MT2022_2025,W4392757206,137,auto,The,pro-ferroptotic,and antiferroptotic impact,The pro-ferroptotic and antiferroptotic impact,0.7467425
MT2022_2025,W4392757206,139,auto,The,mechanisms,and tumor -,The mechanisms and tumor -,0.59765357
MT2022_2025,W4392757206,140,auto,AA,arachidonic,"acid , AGER","AA arachidonic acid , AGER",0.70648664
MT2022_2025,W4392757206,141,auto,This,figure,was created with,This figure was created with,0.59365475
MT2022_2025,W4392757206,142,auto,a,Radiotherapy,induces ferroptosis to,a Radiotherapy induces ferroptosis to,0.64616543
MT2022_2025,W4392757206,143,auto,Radiotherapy,upregulates,the expression of,Radiotherapy upregulates the expression of,0.8092684
MT2022_2025,W4392757206,144,auto,③,RT,- MPs induce,③ RT - MPs induce,0.62941915
MT2022_2025,W4392757206,145,auto,After,immunotherapy,"treatment , activated","After immunotherapy treatment , activated",0.68226516
MT2022_2025,W4392757206,146,auto,Immunotherapy,and,radiotherapy synergistically inhibit,Immunotherapy and radiotherapy synergistically inhibit,0.5682851
MT2022_2025,W4392757206,147,auto,ATF3,activation,transcription factor 3,ATF3 activation transcription factor 3,0.6799449
MT2022_2025,W4392757206,148,auto,This,figure,was created with,This figure was created with,0.59365475
MT2022_2025,W4392757206,149,auto,Lung,cancer,Breast cancer NCT03847311,Lung cancer Breast cancer NCT03847311,0.5903291
MT2022_2025,W4392757206,150,auto,27477897,PDAC,28130223 OCCC 37511540,27477897 PDAC 28130223 OCCC 37511540,0.62150455
MT2022_2025,W4392757206,152,auto,Breast,cancer,NCT00667251 Neratinib Iron,Breast cancer NCT00667251 Neratinib Iron,0.65559345
MT2022_2025,W4392757206,153,auto,Marketed,as,an antimalarial 37326033,Marketed as an antimalarial 37326033,0.60018826
MT2022_2025,W4392757206,154,auto,Bladder,cancer,NCT04574960 28012440 NSCLC,Bladder cancer NCT04574960 28012440 NSCLC,0.6411743
MT2022_2025,W4392757206,155,auto,Cervical,cancer,NCT01561586 35534546 Pancreas,Cervical cancer NCT01561586 35534546 Pancreas,0.6158224
MT2022_2025,W4392757206,156,auto,Advanced,cancer,NCT04092647 36707233 Osteosarcoma,Advanced cancer NCT04092647 36707233 Osteosarcoma,0.5993417
MT2022_2025,W4392757206,158,auto,Marked,for,the treatment of,Marked for the treatment of,0.7138709
MT2022_2025,W4392757206,159,auto,Marketed,for,the treatment of,Marketed for the treatment of,0.66314584
MT2022_2025,W4392757206,160,auto,Phase,I,37563614 Neuroblastoma NCT00002730,Phase I 37563614 Neuroblastoma NCT00002730,0.58471304
MT2022_2025,W4392757206,161,auto,Lung,cancer,Curcumenol FTH1 Lung,Lung cancer Curcumenol FTH1 Lung,0.71610904
MT2022_2025,W4392757206,162,auto,IKE,imidazole,"ketone erastin ,","IKE imidazole ketone erastin ,",0.64971805
MT2022_2025,W4392757206,163,auto,Drugs,/,Compounds Target Mechanism,Drugs / Compounds Target Mechanism,0.5720802
MT2022_2025,W4392757206,164,auto,Nitroxide,-,based mitochondrial N,Nitroxide - based mitochondrial N,0.55968404
MT2022_2025,W4392757206,165,auto,Nitroxide,-,based mitochondrial N/A,Nitroxide - based mitochondrial N/A,0.5351758
MT2022_2025,W4392757206,167,auto,Troglitazone,ACSL4,Inhibits ACSL4 Sarcoma,Troglitazone ACSL4 Inhibits ACSL4 Sarcoma,0.6556385
MT2022_2025,W4392757206,168,auto,Rosiglitazone,ACSL4,Inhibits ACSL4 Solid,Rosiglitazone ACSL4 Inhibits ACSL4 Solid,0.64476323
MT2022_2025,W4392757206,169,auto,Prostate,cancer,NCT00182052 III Sarcoma,Prostate cancer NCT00182052 III Sarcoma,0.58470565
MT2022_2025,W4392757206,170,auto,Pioglitazone,ACSL4,Inhibits ACSL4 Thyroid,Pioglitazone ACSL4 Inhibits ACSL4 Thyroid,0.6710831
MT2022_2025,W4392757206,171,auto,Breast,cancer,NCT05013255 II 2-,Breast cancer NCT05013255 II 2-,0.6389608
MT2022_2025,W4392757206,172,auto,Protein,degradation,inhibitors Dopamine Neurotransmitter,Protein degradation inhibitors Dopamine Neurotransmitter,0.732937
MT2022_2025,W4392757206,173,auto,Others,β,- mercaptoethanol,Others β - mercaptoethanol,0.63883525
MT2022_2025,W4392757206,174,auto,Reducing,agent,Promotes cystine uptake,Reducing agent Promotes cystine uptake,0.65857035
MT2022_2025,W4392757206,175,auto,Ferroptosis,in,cancer : from,Ferroptosis in cancer : from,0.5344526
MT2022_2025,W4392757206,176,auto,This,work,was supported by,This work was supported by,0.5489807
MT2022_2025,W4392757206,177,auto,Natural,Science,Fund for Outstanding,Natural Science Fund for Outstanding,0.61794895
MT2022_2025,W4392757206,178,auto,G.D.,",","and F.Z. ,","G.D. , and F.Z. ,",0.6186922
MT2022_2025,W4392757206,179,auto,All,authors,have read and,All authors have read and,0.584901
MT2022_2025,W4392757206,181,auto,Competing,interests,: The authors,Competing interests : The authors,0.60459435
MT2022_2025,W4392757206,182,auto,R,S,Hotchkiss A Strasser,R S Hotchkiss A Strasser,0.6293842
MT2022_2025,W4392757206,183,auto,N.,Engl.,J. Med 361,N. Engl. J. Med 361,0.75455964
MT2022_2025,W4392757206,184,auto,Essential,versus,accessory aspects of,Essential versus accessory aspects of,0.6769096
MT2022_2025,W4392757206,185,auto,The,coming,decade of cell,The coming decade of cell,0.6060642
MT2022_2025,W4392757206,186,auto,Res,108,2011 Liver apoptosis,Res 108 2011 Liver apoptosis,0.5886767
MT2022_2025,W4392757206,187,auto,Pharmacother,121,109595 2020,Pharmacother 121 109595 2020,0.590711
MT2022_2025,W4392757206,188,auto,Inactivation,of,the ferroptosis regulator,Inactivation of the ferroptosis regulator,0.53840506
MT2022_2025,W4392757206,189,auto,The,complex,interplay of iron,The complex interplay of iron,0.68781304
MT2022_2025,W4392757206,190,auto,Free,Radic,T S Koskenkorva,Free Radic T S Koskenkorva,0.66613543
MT2022_2025,W4392757206,191,auto,Med,65,2013 Mechanisms of,Med 65 2013 Mechanisms of,0.55117226
MT2022_2025,W4392757206,192,auto,Fighting,resilient,cancers with iron,Fighting resilient cancers with iron,0.53017026
MT2022_2025,W4392757206,193,auto,T,cells,regulate tumour ferroptosis,T cells regulate tumour ferroptosis,0.6465197
MT2022_2025,W4392757206,195,auto,Ferroptosis,of,tumour neutrophils causes,Ferroptosis of tumour neutrophils causes,0.58898526
MT2022_2025,W4392757206,196,auto,An,investigation,of the toxic,An investigation of the toxic,0.7096876
MT2022_2025,W4392757206,198,auto,Nutrition,needs,of mammalian cells,Nutrition needs of mammalian cells,0.615682
MT2022_2025,W4392757206,199,auto,An,effect,of selenium and,An effect of selenium and,0.69386744
MT2022_2025,W4392757206,200,auto,Res.,Commun,74 1977,Res. Commun 74 1977,0.60726595
MT2022_2025,W4392757206,201,auto,Transport,interaction,of L -,Transport interaction of L -,0.6649842
MT2022_2025,W4392757206,202,auto,Chem,255,1980 Purification from,Chem 255 1980 Purification from,0.60271466
MT2022_2025,W4392757206,205,auto,Lethal,damage,to murine L,Lethal damage to murine L,0.720777
MT2022_2025,W4392757206,208,auto,Glutamate,toxicity,in a neuronal,Glutamate toxicity in a neuronal,0.57646704
MT2022_2025,W4392757206,209,auto,Sci.,USA,89 1992,Sci. USA 89 1992,0.65188783
MT2022_2025,W4392757206,210,auto,A,role,for 12 -,A role for 12 -,0.65433794
MT2022_2025,W4392757206,212,auto,Med,Chem,1 2001 Cellular,Med Chem 1 2001 Cellular,0.6752459
MT2022_2025,W4392757206,213,auto,Mechanisms,of,oxidative glutamate toxicity,Mechanisms of oxidative glutamate toxicity,0.56294036
MT2022_2025,W4392757206,215,auto,Drug,Targets,9 2010 Identification,Drug Targets 9 2010 Identification,0.6932342
MT2022_2025,W4392757206,216,auto,Synthetic,lethal,screening identifies compounds,Synthetic lethal screening identifies compounds,0.705874
MT2022_2025,W4392757206,218,auto,Glutathione,peroxidase,4 senses and,Glutathione peroxidase 4 senses and,0.72715163
MT2022_2025,W4392757206,220,auto,Sci.,USA,113 4975 2016,Sci. USA 113 4975 2016,0.5765487
MT2022_2025,W4392757206,221,auto,Global,survey,of cell death,Global survey of cell death,0.7273273
MT2022_2025,W4392757206,222,auto,Biol,12,2016 ACSL4 dictates,Biol 12 2016 ACSL4 dictates,0.5809269
MT2022_2025,W4392757206,224,auto,Intercellular,interaction,dictates cancer cell,Intercellular interaction dictates cancer cell,0.7332927
MT2022_2025,W4392757206,225,auto,The,CoQ,oxidoreductase FSP1 acts,The CoQ oxidoreductase FSP1 acts,0.623844
MT2022_2025,W4392757206,226,auto,Biol,16,2020 Plasticity of,Biol 16 2020 Plasticity of,0.50617886
MT2022_2025,W4392757206,227,auto,A,non-canonical,vitamin K cycle,A non-canonical vitamin K cycle,0.68076324
MT2022_2025,W4392757206,228,auto,Phase,separation,of FSP1 promotes,Phase separation of FSP1 promotes,0.6934424
MT2022_2025,W4392757206,229,auto,Human,hematopoietic,stem cell vulnerability,Human hematopoietic stem cell vulnerability,0.6774778
MT2022_2025,W4392757206,230,auto,Targeting,ferroptosis,as a vulnerability,Targeting ferroptosis as a vulnerability,0.6690607
MT2022_2025,W4392757206,231,auto,Targeting,ferroptosis,opens new avenues,Targeting ferroptosis opens new avenues,0.64910966
MT2022_2025,W4392757206,232,auto,Target,Ther,8 372 2023,Target Ther 8 372 2023,0.6729614
MT2022_2025,W4392757206,233,auto,The,autoxidation,of arachidonic acid,The autoxidation of arachidonic acid,0.67647475
MT2022_2025,W4392757206,234,auto,Res,Commun,89 1979,Res Commun 89 1979,0.6691574
MT2022_2025,W4392757206,235,auto,Polyunsaturated,fatty,"acids , Part","Polyunsaturated fatty acids , Part",0.572246
MT2022_2025,W4392757206,236,auto,Polyunsaturated,fatty,"acids , Part","Polyunsaturated fatty acids , Part",0.572246
MT2022_2025,W4392757206,237,auto,Oxidized,arachidonic,and adrenic PEs,Oxidized arachidonic and adrenic PEs,0.78225344
MT2022_2025,W4392757206,238,auto,Biol,13,2017 Human Haploid,Biol 13 2017 Human Haploid,0.50375444
MT2022_2025,W4392757206,239,auto,Biol,10,2015 Peroxisome -,Biol 10 2015 Peroxisome -,0.61172247
MT2022_2025,W4392757206,240,auto,Resolving,the,Role of Lipoxygenases,Resolving the Role of Lipoxygenases,0.6480646
MT2022_2025,W4392757206,241,auto,Biol,16,2020 PEBP1 Wardens,Biol 16 2020 PEBP1 Wardens,0.5067392
MT2022_2025,W4392757206,242,auto,Total,Environ,872 162089 2023,Total Environ 872 162089 2023,0.46533978
MT2022_2025,W4392757206,243,auto,Mitochondrial,DNA,stress triggers autophagy,Mitochondrial DNA stress triggers autophagy,0.62819326
MT2022_2025,W4392757206,244,auto,Lipid,peroxidation,in cell death,Lipid peroxidation in cell death,0.76055485
MT2022_2025,W4392757206,246,auto,Res,Commun,482 2017 2nd,Res Commun 482 2017 2nd,0.63477904
MT2022_2025,W4392757206,247,auto,The,isoprostanes,- 25 years,The isoprostanes - 25 years,0.524853
MT2022_2025,W4392757206,249,auto,The,chemical,basis of ferroptosis,The chemical basis of ferroptosis,0.5700149
MT2022_2025,W4392757206,251,auto,Iron,homeostasis,N C Andrews,Iron homeostasis N C Andrews,0.77882886
MT2022_2025,W4392757206,252,auto,The,molecular,mechanisms of the,The molecular mechanisms of the,0.70527345
MT2022_2025,W4392757206,254,auto,Transferrin,receptor,is a specific,Transferrin receptor is a specific,0.7253932
MT2022_2025,W4392757206,255,auto,A,promising,new approach to,A promising new approach to,0.63854563
MT2022_2025,W4392757206,256,auto,Cancer,Biol,53 2018 Ferroptosis,Cancer Biol 53 2018 Ferroptosis,0.587415
MT2022_2025,W4392757206,257,auto,The,iron,exporter ferroportin /,The iron exporter ferroportin /,0.6900172
MT2022_2025,W4392757206,258,auto,Cells,9,1505 2020 Mechanisms,Cells 9 1505 2020 Mechanisms,0.65429395
MT2022_2025,W4392757206,260,auto,Molecular,cell,biology 2023 A,Molecular cell biology 2023 A,0.70892817
MT2022_2025,W4392757206,261,auto,Rep,8,211 2018 Mitoferrin,Rep 8 211 2018 Mitoferrin,0.650023
MT2022_2025,W4392757206,262,auto,The,balancing,act of NEET,The balancing act of NEET,0.6823972
MT2022_2025,W4392757206,264,auto,Acta,Mol.,Cell Res 1867,Acta Mol. Cell Res 1867,0.6389728
MT2022_2025,W4392757206,265,auto,Structure,-,function analysis of,Structure - function analysis of,0.6324975
MT2022_2025,W4392757206,267,auto,Acta,1853,2015 CISD1 inhibits,Acta 1853 2015 CISD1 inhibits,0.64835584
MT2022_2025,W4392757206,269,auto,Res,Commun,478 2016 Redox,Res Commun 478 2016 Redox,0.66946274
MT2022_2025,W4392757206,270,auto,Sci.,USA,Natl Acad.,Sci. USA Natl Acad.,0.5269279
MT2022_2025,W4392757206,271,auto,Sci.,USA,19924-19929 ( 2019,Sci. USA 19924-19929 ( 2019,0.6484333
MT2022_2025,W4392757206,272,auto,Hedyotis,diffusa,injection induces ferroptosis,Hedyotis diffusa injection induces ferroptosis,0.60839003
MT2022_2025,W4392757206,273,auto,2022,Hypoxia,"inhibits ferritinophagy ,","2022 Hypoxia inhibits ferritinophagy ,",0.7205944
MT2022_2025,W4392757206,274,auto,The,protective,role of mitochondrial,The protective role of mitochondrial,0.6715674
MT2022_2025,W4392757206,275,auto,Aging,Neurosci,8 308 2016,Aging Neurosci 8 308 2016,0.6760768
MT2022_2025,W4392757206,277,auto,Res,200,2022 RNA silencing,Res 200 2022 RNA silencing,0.5698689
MT2022_2025,W4392757206,278,auto,The,mitochondrial,iron transporter ABCB7,The mitochondrial iron transporter ABCB7,0.6190891
MT2022_2025,W4392757206,280,auto,Sci.,USA,109 2012 Augmenter,Sci. USA 109 2012 Augmenter,0.6540201
MT2022_2025,W4392757206,281,auto,Reduction,in,mitochondrial iron alleviates,Reduction in mitochondrial iron alleviates,0.50272334
MT2022_2025,W4392757206,282,auto,Invest,124,2014 Induction of,Invest 124 2014 Induction of,0.5741014
MT2022_2025,W4392757206,283,auto,Chem,264,1989 Cystine transporter,Chem 264 1989 Cystine transporter,0.6393906
MT2022_2025,W4392757206,284,auto,Cell,Biol,22 2020 Regulation,Cell Biol 22 2020 Regulation,0.61869603
MT2022_2025,W4392757206,285,auto,Molecular,basis,for redox control,Molecular basis for redox control,0.70649594
MT2022_2025,W4392757206,286,auto,Med,152,2020 Ferroptosis :,Med 152 2020 Ferroptosis :,0.63233876
MT2022_2025,W4392757206,287,auto,Free,Radic,T M Seibt,Free Radic T M Seibt,0.6262437
MT2022_2025,W4392757206,288,auto,Med,133,2019 GPX4 at,Med 133 2019 GPX4 at,0.55279255
MT2022_2025,W4392757206,290,auto,Acta,1830,2013 Crystal structure,Acta 1830 2013 Crystal structure,0.6539753
MT2022_2025,W4392757206,291,auto,Acta,Mol.,Cell Biol .,Acta Mol. Cell Biol .,0.7916884
MT2022_2025,W4392757206,292,auto,Lipids,1863,2018 Selenium utilization,Lipids 1863 2018 Selenium utilization,0.5867142
MT2022_2025,W4392757206,293,auto,cDNA,cloning,and identification of,cDNA cloning and identification of,0.7899593
MT2022_2025,W4392757206,294,auto,Chem,270,1995 Testis -,Chem 270 1995 Testis -,0.6742265
MT2022_2025,W4392757206,296,auto,Distinct,promoters,determine alternative transcription,Distinct promoters determine alternative transcription,0.8132449
MT2022_2025,W4392757206,297,auto,Chem,278,2003 Identification of,Chem 278 2003 Identification of,0.636986
MT2022_2025,W4392757206,298,auto,Short,form,glutathione peroxidase 4,Short form glutathione peroxidase 4,0.67237806
MT2022_2025,W4392757206,300,auto,The,selenoprotein,GPX4 is essential,The selenoprotein GPX4 is essential,0.68335944
MT2022_2025,W4392757206,301,auto,Free,Radic,L J Yant,Free Radic L J Yant,0.6526539
MT2022_2025,W4392757206,302,auto,The,nuclear,form of phospholipid,The nuclear form of phospholipid,0.71579695
MT2022_2025,W4392757206,303,auto,Cell,Biol,25 2005 DHODH,Cell Biol 25 2005 DHODH,0.65349936
MT2022_2025,W4392757206,304,auto,Biol,14,2018 Necroptosis and,Biol 14 2018 Necroptosis and,0.48998213
MT2022_2025,W4392757206,305,auto,Life,Sci,74 2017 HSPA5,Life Sci 74 2017 HSPA5,0.65085405
MT2022_2025,W4392757206,306,auto,The,anti-ferroptotic,role of FSP1,The anti-ferroptotic role of FSP1,0.6423905
MT2022_2025,W4392757206,307,auto,Exogenous,monounsaturated,fatty acids promote,Exogenous monounsaturated fatty acids promote,0.738627
MT2022_2025,W4392757206,308,auto,Biol,26,429 2019 Stearoyl,Biol 26 429 2019 Stearoyl,0.5861625
MT2022_2025,W4392757206,309,auto,Res.,Commun,522 2020 Ferroptotic,Res. Commun 522 2020 Ferroptotic,0.64317554
MT2022_2025,W4392757206,310,auto,Res.,Commun,523 2020,Res. Commun 523 2020,0.64741296
MT2022_2025,W4392757206,311,auto,Rapid,evolutionary,innovation during an,Rapid evolutionary innovation during an,0.7399452
MT2022_2025,W4392757206,312,auto,An,African,- specific polymorphism,An African - specific polymorphism,0.67309
MT2022_2025,W4392757206,314,auto,Sci.,USA,Natl Acad.,Sci. USA Natl Acad.,0.5269279
MT2022_2025,W4392757206,315,auto,Sci.,USA,2019 116 BAP1,Sci. USA 2019 116 BAP1,0.63814306
MT2022_2025,W4392757206,316,auto,Germline,mutations,in FH predispose,Germline mutations in FH predispose,0.7229005
MT2022_2025,W4392757206,318,auto,Missense,mutations,in fumarate hydratase,Missense mutations in fumarate hydratase,0.7017553
MT2022_2025,W4392757206,320,auto,Germline,fumarate,hydratase mutations and,Germline fumarate hydratase mutations and,0.72160774
MT2022_2025,W4392757206,321,auto,Dermatol,52,2005 Role of,Dermatol 52 2005 Role of,0.50286037
MT2022_2025,W4392757206,322,auto,Comprehensive,genomic,characterization of squamous,Comprehensive genomic characterization of squamous,0.7188211
MT2022_2025,W4392757206,323,auto,Oncol,17,2022 Keap1 loss,Oncol 17 2022 Keap1 loss,0.5151233
MT2022_2025,W4392757206,324,auto,A,targetable,CoQ - FSP1,A targetable CoQ - FSP1,0.7053394
MT2022_2025,W4392757206,325,auto,Human,gene,essentiality I Bartha,Human gene essentiality I Bartha,0.60427004
MT2022_2025,W4392757206,326,auto,Amino,acid,transporter SLC7A11 /xCT,Amino acid transporter SLC7A11 /xCT,0.6529138
MT2022_2025,W4392757206,327,auto,Cystine,transporter,SLC7A 11 /xCT,Cystine transporter SLC7A 11 /xCT,0.7254001
MT2022_2025,W4392757206,328,auto,Suppression,of,the SLC7A11 /,Suppression of the SLC7A11 /,0.49986804
MT2022_2025,W4392757206,329,auto,Invest,130,2020 Glutathione and,Invest 130 2020 Glutathione and,0.55414605
MT2022_2025,W4392757206,330,auto,Soc.,Rev,50 2021,Soc. Rev 50 2021,0.64275193
MT2022_2025,W4392757206,331,auto,Glutathione,protects,metastatic melanoma cells,Glutathione protects metastatic melanoma cells,0.65694255
MT2022_2025,W4392757206,332,auto,A,self,- amplified ferroptosis,A self - amplified ferroptosis,0.62537336
MT2022_2025,W4392757206,333,auto,Rel,357,2023 WIPI2 enhances,Rel 357 2023 WIPI2 enhances,0.57364976
MT2022_2025,W4392757206,334,auto,Oncol,13,1146617 2023,Oncol 13 1146617 2023,0.61708784
MT2022_2025,W4392757206,335,auto,Hypersensitivity,to,ferroptosis in chromophobe,Hypersensitivity to ferroptosis in chromophobe,0.56565183
MT2022_2025,W4392757206,337,auto,Sci.,USA,119 2122840119 2022,Sci. USA 119 2122840119 2022,0.629259
MT2022_2025,W4392757206,338,auto,Drug,-,tolerant persister cancer,Drug - tolerant persister cancer,0.5848835
MT2022_2025,W4392757206,339,auto,A,potently,inhibits GPX4 activity,A potently inhibits GPX4 activity,0.6883961
MT2022_2025,W4392757206,341,auto,Biol,17,2021 iPLA2 β,Biol 17 2021 iPLA2 β,0.55655193
MT2022_2025,W4392757206,342,auto,The,Lipogenic,Regulator SREBP2 induces,The Lipogenic Regulator SREBP2 induces,0.71082467
MT2022_2025,W4392757206,343,auto,Oncol,15,72 2022,Oncol 15 72 2022,0.5620476
MT2022_2025,W4392757206,344,auto,Cancer,cells,evade ferroptosis :,Cancer cells evade ferroptosis :,0.6258826
MT2022_2025,W4392757206,345,auto,Target,Ther,8 336 2023,Target Ther 8 336 2023,0.6935764
MT2022_2025,W4392757206,346,auto,The,frequency,of Ras Mutations,The frequency of Ras Mutations,0.69129616
MT2022_2025,W4392757206,347,auto,Oncogene,-,selective sensitivity to,Oncogene - selective sensitivity to,0.61563885
MT2022_2025,W4392757206,348,auto,Commun,13,4327 2022 Elevated,Commun 13 4327 2022 Elevated,0.56688535
MT2022_2025,W4392757206,349,auto,The,effects,of NRF2 modulation,The effects of NRF2 modulation,0.6311306
MT2022_2025,W4392757206,351,auto,The,synthetic,triterpenoids CDDO -,The synthetic triterpenoids CDDO -,0.65252954
MT2022_2025,W4392757206,352,auto,Oxidative,stress,sensor Keap1 functions,Oxidative stress sensor Keap1 functions,0.7143765
MT2022_2025,W4392757206,353,auto,Cell,Biol,24 2004 PRMT5,Cell Biol 24 2004 PRMT5,0.5998853
MT2022_2025,W4392757206,354,auto,Cancer,11,6890 2023,Cancer 11 6890 2023,0.6056124
MT2022_2025,W4392757206,355,auto,Activation,of,the p62 -,Activation of the p62 -,0.59331024
MT2022_2025,W4392757206,356,auto,Overcoming,the,compensatory elevation of,Overcoming the compensatory elevation of,0.7036647
MT2022_2025,W4392757206,357,auto,Sci.,USA,117 2020 mTOR,Sci. USA 117 2020 mTOR,0.64437366
MT2022_2025,W4392757206,358,auto,Inhibiting,SCD,expression by IGF1R,Inhibiting SCD expression by IGF1R,0.6104545
MT2022_2025,W4392757206,359,auto,Hypoxia,",",DNA repair and,"Hypoxia , DNA repair and",0.5818204
MT2022_2025,W4392757206,360,auto,Hypoxia,-,mediated drug resistance,Hypoxia - mediated drug resistance,0.5444805
MT2022_2025,W4392757206,361,auto,Updat,14,2011 sibling rivals,Updat 14 2011 sibling rivals,0.5150253
MT2022_2025,W4392757206,362,auto,Hypoxic,microenvironment,in cancer :,Hypoxic microenvironment in cancer :,0.6485948
MT2022_2025,W4392757206,363,auto,Target,Ther,8 70 2023,Target Ther 8 70 2023,0.67556983
MT2022_2025,W4392757206,364,auto,Cancer,Res,42 6 2023,Cancer Res 42 6 2023,0.5640258
MT2022_2025,W4392757206,365,auto,Invest,131,143691 2021 A,Invest 131 143691 2021 A,0.6115923
MT2022_2025,W4392757206,366,auto,New,insights,into the mechanisms,New insights into the mechanisms,0.72454107
MT2022_2025,W4392757206,367,auto,Rev.,Mol.,Cell Biol 20,Rev. Mol. Cell Biol 20,0.7468128
MT2022_2025,W4392757206,368,auto,Identification,of,the tumour transition,Identification of the tumour transition,0.5656742
MT2022_2025,W4392757206,369,auto,Together,we,"stand , apart","Together we stand , apart",0.60690516
MT2022_2025,W4392757206,370,auto,Chem,12,2020 HDAC inhibition,Chem 12 2020 HDAC inhibition,0.55158883
MT2022_2025,W4392757206,371,auto,Mitochondrial,pyruvate,carrier 1 regulates,Mitochondrial pyruvate carrier 1 regulates,0.6234432
MT2022_2025,W4392757206,373,auto,Sci.,USA,120 2219585120 2023,Sci. USA 120 2219585120 2023,0.6539285
MT2022_2025,W4392757206,374,auto,Drugging,p53,in cancer :,Drugging p53 in cancer :,0.6440208
MT2022_2025,W4392757206,375,auto,Serine,starvation,induces stress and,Serine starvation induces stress and,0.8121427
MT2022_2025,W4392757206,376,auto,The,tumor,suppressor p53 limits,The tumor suppressor p53 limits,0.6422296
MT2022_2025,W4392757206,377,auto,Regulation,of,ferroptosis in cancer,Regulation of ferroptosis in cancer,0.5691036
MT2022_2025,W4392757206,378,auto,Target,Ther,8 302 2023,Target Ther 8 302 2023,0.6860993
MT2022_2025,W4392757206,379,auto,Endogenous,glutamate,determines ferroptosis sensitivity,Endogenous glutamate determines ferroptosis sensitivity,0.7034937
MT2022_2025,W4392757206,380,auto,The,Hippo,pathway effector TAZ,The Hippo pathway effector TAZ,0.7538909
MT2022_2025,W4392757206,381,auto,Cancer,Biol,66 2020 Quantitative,Cancer Biol 66 2020 Quantitative,0.6914937
MT2022_2025,W4392757206,382,auto,Lipid,storage,and lipophagy regulates,Lipid storage and lipophagy regulates,0.6379132
MT2022_2025,W4392757206,384,auto,Res,Commun,508 2019,Res Commun 508 2019,0.68029684
MT2022_2025,W4392757206,385,auto,The,small,GTPase Rab7 as,The small GTPase Rab7 as,0.6080697
MT2022_2025,W4392757206,386,auto,Heme,oxygenase,- 1 mediates,Heme oxygenase - 1 mediates,0.70812184
MT2022_2025,W4392757206,387,auto,Myoferlin,targeting,triggers mitophagy and,Myoferlin targeting triggers mitophagy and,0.669216
MT2022_2025,W4392757206,388,auto,The,coming,of age of,The coming of age of,0.70141226
MT2022_2025,W4392757206,389,auto,Chaperone,-,mediated autophagy is,Chaperone - mediated autophagy is,0.57239115
MT2022_2025,W4392757206,390,auto,Sci.,USA,Natl Acad.,Sci. USA Natl Acad.,0.5269279
MT2022_2025,W4392757206,391,auto,Sci.,USA,2019 116 Creatine,Sci. USA 2019 116 Creatine,0.6281602
MT2022_2025,W4392757206,393,auto,Res,Commun,436 2013 RNA,Res Commun 436 2013 RNA,0.6354951
MT2022_2025,W4392757206,394,auto,Rev,38,2017 Cardiac mitochondria,Rev 38 2017 Cardiac mitochondria,0.5602312
MT2022_2025,W4392757206,395,auto,Commun,9,545 2018,Commun 9 545 2018,0.55968964
MT2022_2025,W4392757206,396,auto,Regulation,of,cell survival and,Regulation of cell survival and,0.58779794
MT2022_2025,W4392757206,397,auto,Diverse,compounds,from pleuromutilin lead,Diverse compounds from pleuromutilin lead,0.6552216
MT2022_2025,W4392757206,398,auto,Chem,11,2019 Energy -,Chem 11 2019 Energy -,0.6081272
MT2022_2025,W4392757206,399,auto,Target,Ther,5 187 2020,Target Ther 5 187 2020,0.670824
MT2022_2025,W4392757206,400,auto,High,-,fat diet impairs,High - fat diet impairs,0.60799944
MT2022_2025,W4392757206,401,auto,Direct,16,10 2021,Direct 16 10 2021,0.62339175
MT2022_2025,W4392757206,402,auto,Dysregulated,cholesterol,homeostasis results in,Dysregulated cholesterol homeostasis results in,0.6434284
MT2022_2025,W4392757206,403,auto,Obesity,-,dependent adipokine chemerin,Obesity - dependent adipokine chemerin,0.53289676
MT2022_2025,W4392757206,404,auto,Targeting,glutamine,metabolism as a,Targeting glutamine metabolism as a,0.6123237
MT2022_2025,W4392757206,405,auto,Intermittent,dietary,methionine deprivation facilitates,Intermittent dietary methionine deprivation facilitates,0.68235004
MT2022_2025,W4392757206,407,auto,Kynurenine,importation,by SLC7A11 propagates,Kynurenine importation by SLC7A11 propagates,0.5936595
MT2022_2025,W4392757206,409,auto,Epigenetic,modulation,of antitumor immunity,Epigenetic modulation of antitumor immunity,0.6879801
MT2022_2025,W4392757206,410,auto,Res,9,2021 Immunogenic cell,Res 9 2021 Immunogenic cell,0.6608956
MT2022_2025,W4392757206,411,auto,Bull,68,2023 Mitochondrial -,Bull 68 2023 Mitochondrial -,0.6260928
MT2022_2025,W4392757206,412,auto,Commun,11,3637 2020,Commun 11 3637 2020,0.653373
MT2022_2025,W4392757206,413,auto,Iron,-,based nanoscale coordination,Iron - based nanoscale coordination,0.5398861
MT2022_2025,W4392757206,414,auto,Oxygenated,phosphatidylethanolamine,navigates phagocytosis of,Oxygenated phosphatidylethanolamine navigates phagocytosis of,0.70581824
MT2022_2025,W4392757206,415,auto,Cancer,8,1369 2020,Cancer 8 1369 2020,0.5743798
MT2022_2025,W4392757206,416,auto,High,-,mobility group box,High - mobility group box,0.6234783
MT2022_2025,W4392757206,417,auto,Rev,280,2017 Inhibition of,Rev 280 2017 Inhibition of,0.5342999
MT2022_2025,W4392757206,418,auto,Enhanced,natural,killer cell anti-tumor,Enhanced natural killer cell anti-tumor,0.7306252
MT2022_2025,W4392757206,419,auto,The,tumor,microenvironment innately modulates,The tumor microenvironment innately modulates,0.65934306
MT2022_2025,W4392757206,420,auto,Oncol,15,135 2022 ANO1,Oncol 15 135 2022 ANO1,0.5508718
MT2022_2025,W4392757206,421,auto,Damage,-,associated molecular patterns,Damage - associated molecular patterns,0.5616121
MT2022_2025,W4392757206,422,auto,Commun,11,6339 2020,Commun 11 6339 2020,0.66927123
MT2022_2025,W4392757206,423,auto,Oxidized,mitochondrial,DNA sensing by,Oxidized mitochondrial DNA sensing by,0.5885759
MT2022_2025,W4392757206,425,auto,Autophagy,-,dependent ferroptosis drives,Autophagy - dependent ferroptosis drives,0.4925486
MT2022_2025,W4392757206,426,auto,A,physiological,function for ferroptosis,A physiological function for ferroptosis,0.61572623
MT2022_2025,W4392757206,427,auto,T,cells,and fatty acids,T cells and fatty acids,0.60480493
MT2022_2025,W4392757206,428,auto,Target,Ther,7 128 2022,Target Ther 7 128 2022,0.7004085
MT2022_2025,W4392757206,429,auto,A,M,Gocher C J,A M Gocher C J,0.7162485
MT2022_2025,W4392757206,430,auto,The,establishment,of polypeptide PSMA,The establishment of polypeptide PSMA,0.6960072
MT2022_2025,W4392757206,431,auto,Oncol,15,2022 Gamma -,Oncol 15 2022 Gamma -,0.519683
MT2022_2025,W4392757206,432,auto,The,suppression,of cervical cancer,The suppression of cervical cancer,0.7192152
MT2022_2025,W4392757206,433,auto,Sin.,B,13 2023,Sin. B 13 2023,0.61201376
MT2022_2025,W4392757206,434,auto,Fueling,the,tumor microenvironment with,Fueling the tumor microenvironment with,0.6177633
MT2022_2025,W4392757206,435,auto,T,cell,effector function and,T cell effector function and,0.6568502
MT2022_2025,W4392757206,436,auto,T,cells,in tumors S,T cells in tumors S,0.60445035
MT2022_2025,W4392757206,437,auto,Invest,132,153247 2022,Invest 132 153247 2022,0.5838387
MT2022_2025,W4392757206,438,auto,B,cell,function in the,B cell function in the,0.69959944
MT2022_2025,W4392757206,439,auto,The,role,of B -,The role of B -,0.62973994
MT2022_2025,W4392757206,440,auto,Immunol,256,109778 2023,Immunol 256 109778 2023,0.6210952
MT2022_2025,W4392757206,441,auto,Tumor,microenvironment,- related dendritic,Tumor microenvironment - related dendritic,0.7526649
MT2022_2025,W4392757206,442,auto,Res,159,104980 2020 ER,Res 159 104980 2020 ER,0.6469675
MT2022_2025,W4392757206,443,auto,Res.,Commun,576 2021 12/15,Res. Commun 576 2021 12/15,0.5882673
MT2022_2025,W4392757206,444,auto,Invest,125,2015 NK cells,Invest 125 2015 NK cells,0.5156027
MT2022_2025,W4392757206,445,auto,L,-,kynurenine induces NK,L - kynurenine induces NK,0.6132006
MT2022_2025,W4392757206,446,auto,Exosomal,miRNAs,in tumor microenvironment,Exosomal miRNAs in tumor microenvironment,0.6960069
MT2022_2025,W4392757206,447,auto,Redox,lipid,reprogramming commands susceptibility,Redox lipid reprogramming commands susceptibility,0.71938086
MT2022_2025,W4392757206,449,auto,Biol,16,2020 Inhibition of,Biol 16 2020 Inhibition of,0.5035727
MT2022_2025,W4392757206,450,auto,Ferroptosis,-,strengthened metabolic and,Ferroptosis - strengthened metabolic and,0.5722209
MT2022_2025,W4392757206,451,auto,Mater,12,2301561 2023,Mater 12 2301561 2023,0.62195617
MT2022_2025,W4392757206,452,auto,Multifunctional,nanomaterials,for ferroptotic cancer,Multifunctional nanomaterials for ferroptotic cancer,0.738689
MT2022_2025,W4392757206,453,auto,Pharm,13,949835 2022,Pharm 13 949835 2022,0.6010786
MT2022_2025,W4392757206,454,auto,Metabolic,profiles,of regulatory T,Metabolic profiles of regulatory T,0.75839555
MT2022_2025,W4392757206,456,auto,The,glutathione,peroxidase Gpx4 prevents,The glutathione peroxidase Gpx4 prevents,0.72321916
MT2022_2025,W4392757206,457,auto,Target,Ther,6 362 2021,Target Ther 6 362 2021,0.67259955
MT2022_2025,W4392757206,458,auto,Tumor,neutrophils,ferroptosis : a,Tumor neutrophils ferroptosis : a,0.6227249
MT2022_2025,W4392757206,459,auto,Target,Ther,8 77 2023,Target Ther 8 77 2023,0.6775707
MT2022_2025,W4392757206,461,auto,Multi,-,stage differentiation defines,Multi - stage differentiation defines,0.6265495
MT2022_2025,W4392757206,462,auto,The,role,of ferroptosis in,The role of ferroptosis in,0.64657867
MT2022_2025,W4392757206,463,auto,A,novel,anti-tumor action for,A novel anti-tumor action for,0.7041347
MT2022_2025,W4392757206,464,auto,Treat,50,2018 RNF2 promotes,Treat 50 2018 RNF2 promotes,0.5362136
MT2022_2025,W4392757206,465,auto,Acta,Mol.,Cell Res 1869,Acta Mol. Cell Res 1869,0.64612013
MT2022_2025,W4392757206,466,auto,Simvastatin,induced,ferroptosis for triple,Simvastatin induced ferroptosis for triple,0.62972337
MT2022_2025,W4392757206,467,auto,Sulfasalazine,",",a potent suppressor,"Sulfasalazine , a potent suppressor",0.54358554
MT2022_2025,W4392757206,468,auto,Three,-,dimensional growth sensitizes,Three - dimensional growth sensitizes,0.5877804
MT2022_2025,W4392757206,469,auto,T,cell,differentiation and dysfunction,T cell differentiation and dysfunction,0.6665237
MT2022_2025,W4392757206,470,auto,Biol,110,2021 TYRO3 induces,Biol 110 2021 TYRO3 induces,0.5031692
MT2022_2025,W4392757206,473,auto,Ferroptosis,heterogeneity,in triple -,Ferroptosis heterogeneity in triple -,0.49887818
MT2022_2025,W4392757206,474,auto,Molecular,mechanisms,of tumor resistance,Molecular mechanisms of tumor resistance,0.7336006
MT2022_2025,W4392757206,475,auto,Image,-,guided radiotherapy :,Image - guided radiotherapy :,0.6407365
MT2022_2025,W4392757206,476,auto,Irradiated,tumor,cell - derived,Irradiated tumor cell - derived,0.7635657
MT2022_2025,W4392757206,477,auto,Oncol,12,34 2019,Oncol 12 34 2019,0.63730234
MT2022_2025,W4392757206,478,auto,The,role,of iron and,The role of iron and,0.70426905
MT2022_2025,W4392757206,480,auto,Understanding,sorafenib,- induced ferroptosis,Understanding sorafenib - induced ferroptosis,0.57208294
MT2022_2025,W4392757206,481,auto,Increased,ATF2,expression predicts poor,Increased ATF2 expression predicts poor,0.7364795
MT2022_2025,W4392757206,482,auto,The,PTBP1,- NCOA4 axis,The PTBP1 - NCOA4 axis,0.66167694
MT2022_2025,W4392757206,483,auto,Sorafenib,fails,to trigger ferroptosis,Sorafenib fails to trigger ferroptosis,0.6052227
MT2022_2025,W4392757206,484,auto,Res,Commun,567 2021,Res Commun 567 2021,0.68058175
MT2022_2025,W4392757206,485,auto,Ferroptosis,is,induced following siramesine,Ferroptosis is induced following siramesine,0.56603634
MT2022_2025,W4392757206,486,auto,Neoadjuvant,neratinib,promotes ferroptosis and,Neoadjuvant neratinib promotes ferroptosis and,0.7074188
MT2022_2025,W4392757206,487,auto,The,rediscovery,of platinum -,The rediscovery of platinum -,0.66657317
MT2022_2025,W4392757206,488,auto,Targeted,nanomedicine,in cisplatin -,Targeted nanomedicine in cisplatin -,0.609904
MT2022_2025,W4392757206,489,auto,Rel,345,2022 A. repair,Rel 345 2022 A. repair,0.6753892
MT2022_2025,W4392757206,490,auto,Lett,26,26 2021 Induction,Lett 26 26 2021 Induction,0.6054501
MT2022_2025,W4392757206,491,auto,The,ferroptosis,inducer erastin irreversibly,The ferroptosis inducer erastin irreversibly,0.6790577
MT2022_2025,W4392757206,492,auto,Wnt,/,beta - catenin,Wnt / beta - catenin,0.51168543
MT2022_2025,W4392757206,493,auto,Pharmacol,13,870178 2022 Cellular,Pharmacol 13 870178 2022 Cellular,0.5790633
MT2022_2025,W4392757206,494,auto,Pharm,13,1007429 2022,Pharm 13 1007429 2022,0.5946896
MT2022_2025,W4392757206,495,auto,Cancer,-,associated fibroblasts suppress,Cancer - associated fibroblasts suppress,0.6279857
MT2022_2025,W4392757206,496,auto,Updat,68,100960 2023,Updat 68 100960 2023,0.5742039
MT2022_2025,W4392757206,497,auto,Efficacy,",",safety and patient,"Efficacy , safety and patient",0.6102266
MT2022_2025,W4392757206,500,auto,Cystine,uptake,inhibition potentiates front,Cystine uptake inhibition potentiates front,0.7191558
MT2022_2025,W4392757206,501,auto,An,alternative,therapeutic strategy for,An alternative therapeutic strategy for,0.6548247
MT2022_2025,W4392757206,502,auto,Repurposing,Sulfasalazine,as a radiosensitizer,Repurposing Sulfasalazine as a radiosensitizer,0.5707184
MT2022_2025,W4392757206,503,auto,10,2300517,2023 ESC /,10 2300517 2023 ESC /,0.6189889
MT2022_2025,W4392757206,504,auto,Guidelines,for,the management of,Guidelines for the management of,0.597405
MT2022_2025,W4392757206,505,auto,2020,Novel,function of fluvastatin,2020 Novel function of fluvastatin,0.71538645
MT2022_2025,W4392757206,506,auto,Med,22,1275 2021,Med 22 1275 2021,0.6420085
MT2022_2025,W4392757206,507,auto,Atorvastatin,induces,mitochondria - dependent,Atorvastatin induces mitochondria - dependent,0.5415703
MT2022_2025,W4392757206,508,auto,Cell,Dev.,Biol 10 806081,Cell Dev. Biol 10 806081,0.5308888
MT2022_2025,W4392757206,509,auto,Ferroptosis,",",a new pathogenetic,"Ferroptosis , a new pathogenetic",0.5082311
MT2022_2025,W4392757206,510,auto,A,Sahebkar,Metab. : Clin.,A Sahebkar Metab. : Clin.,0.5539804
MT2022_2025,W4392757206,511,auto,Statin,shapes,inflamed tumor microenvironment,Statin shapes inflamed tumor microenvironment,0.63433087
MT2022_2025,W4392757206,512,auto,Artesunate,synergizes,with sorafenib to,Artesunate synergizes with sorafenib to,0.6869558
MT2022_2025,W4392757206,514,auto,Artesunate,synergistically,promotes sorafenib -,Artesunate synergistically promotes sorafenib -,0.67355525
MT2022_2025,W4392757206,515,auto,Rep,50,147 2023,Rep 50 147 2023,0.6479998
MT2022_2025,W4392757206,516,auto,Antitumor,activity,of artemisinin and,Antitumor activity of artemisinin and,0.6745621
MT2022_2025,W4392757206,517,auto,Biotechnol,247597,2012 . 2012,Biotechnol 247597 2012 . 2012,0.6236874
MT2022_2025,W4392757206,518,auto,Ther,13,2020 Dihydroartemisinin enhances,Ther 13 2020 Dihydroartemisinin enhances,0.5180475
MT2022_2025,W4392757206,519,auto,Dihydroartemisinin,enhances,the inhibitory effect,Dihydroartemisinin enhances the inhibitory effect,0.5499203
MT2022_2025,W4392757206,520,auto,Sci,148,2022 DHA exhibits,Sci 148 2022 DHA exhibits,0.6253064
MT2022_2025,W4392757206,521,auto,The,potential,of dopamine receptor,The potential of dopamine receptor,0.75405264
MT2022_2025,W4392757206,523,auto,Targets,23,2019 Synergistic suppression,Targets 23 2019 Synergistic suppression,0.53978944
MT2022_2025,W4392757206,524,auto,The,DRD2,antagonist Haloperidol mediates,The DRD2 antagonist Haloperidol mediates,0.6840538
MT2022_2025,W4392757206,525,auto,Cancer,Res,29 2023,Cancer Res 29 2023,0.5879868
MT2022_2025,W4392757206,526,auto,Haloperidol,",",a sigma receptor,"Haloperidol , a sigma receptor",0.51781476
MT2022_2025,W4392757206,528,auto,Res.,Commun,491 2017,Res. Commun 491 2017,0.6593806
MT2022_2025,W4392757206,529,auto,An,update,of its pharmacodynamic,An update of its pharmacodynamic,0.6382624
MT2022_2025,W4392757206,530,auto,T,cell,effector function and,T cell effector function and,0.65685034
MT2022_2025,W4392757206,531,auto,Drug,delivery,systems for elemene,Drug delivery systems for elemene,0.7318781
MT2022_2025,W4392757206,532,auto,A,triggers,G2 / M,A triggers G2 / M,0.5594763
MT2022_2025,W4392757206,533,auto,Nano,-,targeted induction of,Nano - targeted induction of,0.5929085
MT2022_2025,W4392757206,534,auto,Investig,128,2018 Implications of,Investig 128 2018 Implications of,0.5356545
MT2022_2025,W4392757206,535,auto,A,for,the metastatic potential,A for the metastatic potential,0.6510587
MT2022_2025,W4392757206,536,auto,Mech.,Methods,33 2023 Iron,Mech. Methods 33 2023 Iron,0.3966606
MT2022_2025,W4392757206,537,auto,Oncol,13,100785 2020 A,Oncol 13 100785 2020 A,0.5709626
MT2022_2025,W4392757206,538,auto,De,novo,pyrimidine biosynthetic complexes,De novo pyrimidine biosynthetic complexes,0.6970267
MT2022_2025,W4392757206,539,auto,Cell,Biol,25 2023,Cell Biol 25 2023,0.667679
MT2022_2025,W4392757206,540,auto,Curcumenol,triggered,ferroptosis in lung,Curcumenol triggered ferroptosis in lung,0.61366624
MT2022_2025,W4392757206,541,auto,Unsolved,mysteries,: How does,Unsolved mysteries : How does,0.7301477
MT2022_2025,W4392757206,542,auto,H,Feng,B R Stockwell,H Feng B R Stockwell,0.66316223
MT2022_2025,W4392757206,543,auto,Chem.,(,Int. ed. Engl,Chem. ( Int. ed. Engl,0.36136585
MT2022_2025,W4392757206,544,auto,The,structure,of erastin -,The structure of erastin -,0.6901692
MT2022_2025,W4392757206,545,auto,Med,23,2017 Fin56 -,Med 23 2017 Fin56 -,0.57191867
MT2022_2025,W4392757206,546,auto,Targeting,NRF2,uncovered an intrinsic,Targeting NRF2 uncovered an intrinsic,0.6969793
MT2022_2025,W4392757206,547,auto,Oncol,12,47 2023,Oncol 12 47 2023,0.649008
MT2022_2025,W4392757206,548,auto,Acidity,-,activatable dynamic nanoparticles,Acidity - activatable dynamic nanoparticles,0.55637634
MT2022_2025,W4392757206,549,auto,Injectable,alginate,hydrogel promotes antitumor,Injectable alginate hydrogel promotes antitumor,0.725973
MT2022_2025,W4392757206,550,auto,Carbohydr,K,Chen Polym 326,Carbohydr K Chen Polym 326,0.53645796
MT2022_2025,W4392757206,551,auto,From,NASH,to HCC :,From NASH to HCC :,0.6672715
MT2022_2025,W4392757206,552,auto,Hepatol,16,"2019 p62 ,","Hepatol 16 2019 p62 ,",0.55763584
MT2022_2025,W4392757206,553,auto,Drugs,repurposed,as antiferroptosis agents,Drugs repurposed as antiferroptosis agents,0.63729554
MT2022_2025,W4392757206,554,auto,Sci.,USA,Natl Acad.,Sci. USA Natl Acad.,0.5269278
MT2022_2025,W4392757206,555,auto,Sci.,USA,2019 116 Ferroptosis,Sci. USA 2019 116 Ferroptosis,0.66610736
MT2022_2025,W4392757206,556,auto,Oncol,16,30 2023 Antiferroptotic,Oncol 16 30 2023 Antiferroptotic,0.5467938
MT2022_2025,W4392757206,558,auto,Res.,Commun,480 2016,Res. Commun 480 2016,0.6553505
MT2022_2025,W4392757206,559,auto,Determination,of,the subcellular localization,Determination of the subcellular localization,0.604715
MT2022_2025,W4392757206,560,auto,Biol,13,2018 Quantitative tracking,Biol 13 2018 Quantitative tracking,0.5011637
MT2022_2025,W4392757206,562,auto,Pharmacological,inhibition,of cystine -,Pharmacological inhibition of cystine -,0.7728097
MT2022_2025,W4392757206,563,auto,Chem,286,2011 EBP homology,Chem 286 2011 EBP homology,0.6010924
MT2022_2025,W4392757206,564,auto,Chem,283,2008 Glucose -,Chem 283 2008 Glucose -,0.69137967
MT2022_2025,W4392757206,565,auto,Ferroptosis,is,a lysosomal cell,Ferroptosis is a lysosomal cell,0.57690036
MT2022_2025,W4392757206,567,auto,Res,Commun,503 2018,Res Commun 503 2018,0.6811346
MT2022_2025,W4392757206,568,auto,Autophagy,promotes,ferroptosis by degradation,Autophagy promotes ferroptosis by degradation,0.57367885
MT2022_2025,W4392757206,569,auto,R,Kang,D Tang Curr.,R Kang D Tang Curr.,0.5657202
MT2022_2025,W4392757206,570,auto,An,essential,role for functional,An essential role for functional,0.6724892
MT2022_2025,W4392757206,572,auto,The,epigenetic,regulators and metabolic,The epigenetic regulators and metabolic,0.76020044
MT2022_2025,W4392757206,573,auto,Organelle,-,specific regulation of,Organelle - specific regulation of,0.5701463
MT2022_2025,W4392757206,574,auto,Biol,26,629 2019,Biol 26 629 2019,0.6144103
MT2022_2025,W4392757206,575,auto,A,small,interfering CD 147,A small interfering CD 147,0.7257275
MT2022_2025,W4392757206,576,auto,Oncol,10,1710 2020,Oncol 10 1710 2020,0.69482076
MT2022_2025,W4392757206,577,auto,Emerging,new,concepts of degrader,Emerging new concepts of degrader,0.69721484
MT2022_2025,W4392757206,579,auto,Intracellular,delivery,of glutathione peroxidase,Intracellular delivery of glutathione peroxidase,0.6416932
MT2022_2025,W4392757206,581,auto,Int,Ed.,Engl 61 202206277,Int Ed. Engl 61 202206277,0.5674137
MT2022_2025,W4392757206,582,auto,Lysosome,-,targeting chimaeras for,Lysosome - targeting chimaeras for,0.51527476
MT2022_2025,W4323666400,0,auto,Off,-,target effects in,Off - target effects in,0.63207436
MT2022_2025,W4323666400,1,auto,This,article,was submitted to,This article was submitted to,0.64736414
MT2022_2025,W4323666400,2,auto,With,the,recent development of,With the recent development of,0.8009771
MT2022_2025,W4323666400,3,auto,A,major,concern in the,A major concern in the,0.7282653
MT2022_2025,W4323666400,4,auto,To,date,", many methods","To date , many methods",0.6594542
MT2022_2025,W4323666400,5,auto,In,this,"review , we","In this review , we",0.7411143
MT2022_2025,W4323666400,6,auto,Introduction,Genome,editing tools hold,Introduction Genome editing tools hold,0.6603191
MT2022_2025,W4323666400,7,auto,Early,studies,utilize zinc finger,Early studies utilize zinc finger,0.6118378
MT2022_2025,W4323666400,8,auto,HDR,is,an accurate but,HDR is an accurate but,0.65195394
MT2022_2025,W4323666400,9,auto,In,silico,prediction CRISPR /,In silico prediction CRISPR /,0.69050795
MT2022_2025,W4323666400,10,auto,The,first,group produces data,The first group produces data,0.72065777
MT2022_2025,W4323666400,11,auto,Representative,software,"includes CasOT ,","Representative software includes CasOT ,",0.7428719
MT2022_2025,W4323666400,12,auto,CasOT,is,the first exhaustive,CasOT is the first exhaustive,0.6127187
MT2022_2025,W4323666400,13,auto,The,second,group of in,The second group of in,0.7385213
MT2022_2025,W4323666400,14,auto,Such,algorithm,includes MIT score,Such algorithm includes MIT score,0.688614
MT2022_2025,W4323666400,15,auto,The,algorithm,of MIT weights,The algorithm of MIT weights,0.7644946
MT2022_2025,W4323666400,16,auto,Representative,cellindependent,methods are Digenome,Representative cellindependent methods are Digenome,0.70739806
MT2022_2025,W4323666400,17,auto,To,solve,"this problem ,","To solve this problem ,",0.66554207
MT2022_2025,W4323666400,18,auto,The,comparative,study between Digenome,The comparative study between Digenome,0.6431599
MT2022_2025,W4323666400,19,auto,All,above,methods involve the,All above methods involve the,0.6222474
MT2022_2025,W4323666400,20,auto,To,reduce,"such cost ,","To reduce such cost ,",0.7100737
MT2022_2025,W4323666400,21,auto,In,this,"method , genomic","In this method , genomic",0.7766335
MT2022_2025,W4323666400,22,auto,With,the,presence of Cas9,With the presence of Cas9,0.68912244
MT2022_2025,W4323666400,23,auto,Currently,",","WGS , Cas9","Currently , WGS , Cas9",0.63215077
MT2022_2025,W4323666400,24,auto,To,avoid,the prohibitive cost,To avoid the prohibitive cost,0.63065195
MT2022_2025,W4323666400,25,auto,One,such,approach involves Cas9,One such approach involves Cas9,0.6368372
MT2022_2025,W4323666400,26,auto,This,method,uses catalytically inactive,This method uses catalytically inactive,0.5419853
MT2022_2025,W4323666400,27,auto,One,such,labeling tool is,One such labeling tool is,0.6634928
MT2022_2025,W4323666400,28,auto,Another,more,popular method to,Another more popular method to,0.601478
MT2022_2025,W4323666400,29,auto,However,",",DSBs can also,"However , DSBs can also",0.6403404
MT2022_2025,W4323666400,30,auto,To,better,detect such DSBs,To better detect such DSBs,0.5925839
MT2022_2025,W4323666400,31,auto,Alternatively,",",DSB can be,"Alternatively , DSB can be",0.62830806
MT2022_2025,W4323666400,32,auto,To,enhance,the sensitivity of,To enhance the sensitivity of,0.6439915
MT2022_2025,W4323666400,33,auto,In,vivo,detection A major,In vivo detection A major,0.7343409
MT2022_2025,W4323666400,34,auto,Methods,to,directly measure the,Methods to directly measure the,0.63087463
MT2022_2025,W4323666400,35,auto,Exemplary,techniques,include Discover -,Exemplary techniques include Discover -,0.69002223
MT2022_2025,W4323666400,36,auto,To,compare,the fidelity of,To compare the fidelity of,0.68951446
MT2022_2025,W4323666400,37,auto,Janice,S,et al. shows,Janice S et al. shows,0.63731974
MT2022_2025,W4323666400,38,auto,In,addition,", GUIDE -","In addition , GUIDE -",0.5757556
MT2022_2025,W4323666400,39,auto,For,example,", among the","For example , among the",0.62764364
MT2022_2025,W4323666400,40,auto,A,good,example is a,A good example is a,0.62330145
MT2022_2025,W4323666400,41,auto,This,screen,identified four key,This screen identified four key,0.5650049
MT2022_2025,W4323666400,42,auto,In,addition,to protein engineering,In addition to protein engineering,0.6697918
MT2022_2025,W4323666400,43,auto,The,off,- target effect,The off - target effect,0.6146654
MT2022_2025,W4323666400,44,auto,For,example,", in contrast","For example , in contrast",0.6673783
MT2022_2025,W4323666400,45,auto,In,addition,to the Cas9,In addition to the Cas9,0.6641907
MT2022_2025,W4323666400,46,auto,Primarily,",",the sequence of,"Primarily , the sequence of",0.674245
MT2022_2025,W4323666400,47,auto,Different,sgRNAs,targeting the same,Different sgRNAs targeting the same,0.6295951
MT2022_2025,W4323666400,48,auto,Therefore,the,new versions of,Therefore the new versions of,0.7573748
MT2022_2025,W4323666400,49,auto,Base,editors,are one such,Base editors are one such,0.59689355
MT2022_2025,W4323666400,50,auto,The,most,popular base editors,The most popular base editors,0.7124506
MT2022_2025,W4323666400,51,auto,ABE,catalyzes,the editing from,ABE catalyzes the editing from,0.65847504
MT2022_2025,W4323666400,52,auto,The,recent,development of EndoV,The recent development of EndoV,0.6536496
MT2022_2025,W4323666400,53,auto,EndoV,-,seq leverages the,EndoV - seq leverages the,0.56647754
MT2022_2025,W4323666400,54,auto,In,addition,to base editors,In addition to base editors,0.65653265
MT2022_2025,W4323666400,55,auto,The,activity,and fidelity of,The activity and fidelity of,0.6554663
MT2022_2025,W4323666400,56,auto,Therefore,",",methods to deliver,"Therefore , methods to deliver",0.5847084
MT2022_2025,W4323666400,57,auto,The,expression,duration of genome,The expression duration of genome,0.73558205
MT2022_2025,W4323666400,58,auto,For,example,", adenoassociated virus","For example , adenoassociated virus",0.6630288
MT2022_2025,W4323666400,59,auto,AAV,-,delivered gene expression,AAV - delivered gene expression,0.5537655
MT2022_2025,W4323666400,60,auto,The,tremendous,potential of genome,The tremendous potential of genome,0.6436052
MT2022_2025,W4323666400,61,auto,Methods,to,assess off -,Methods to assess off -,0.6495464
MT2022_2025,W4323666400,62,auto,However,",",limitations still remain,"However , limitations still remain",0.57747954
MT2022_2025,W4323666400,63,auto,Direct,assessment,of offtarget effects,Direct assessment of offtarget effects,0.71497333
MT2022_2025,W4323666400,64,auto,The,development,of solutions for,The development of solutions for,0.7219263
MT2022_2025,W4323666400,65,auto,FIGURE,1,1 FIGURE 1Schematics,FIGURE 1 1 FIGURE 1Schematics,0.6491893
MT2022_2025,W4323666400,66,auto,TABLE,2,2 Strategies to,TABLE 2 2 Strategies to,0.63728106
MT2022_2025,W4323666400,67,auto,Classification,Description,Effect Cas9 improvement,Classification Description Effect Cas9 improvement,0.6879628
MT2022_2025,W4323666400,68,auto,Truncated,gRNA,: truncated by,Truncated gRNA : truncated by,0.5659302
MT2022_2025,W4323666400,69,auto,Viral,transduction,RNP electroporation :,Viral transduction RNP electroporation :,0.7351994
MT2022_2025,W4323666400,70,auto,This,work,was funded by,This work was funded by,0.5464213
MT2022_2025,W4323666400,71,auto,Author,contributions,CG wrote the,Author contributions CG wrote the,0.6298039
MT2022_2025,W4323666400,72,auto,YG,",","FG , and","YG , FG , and",0.7303219
MT2022_2025,W4323666400,74,auto,The,authors,declare that the,The authors declare that the,0.50159115
MT2022_2025,W4323666400,75,auto,The,handling,editor KW declared,The handling editor KW declared,0.6208248
MT2022_2025,W4323666400,77,auto,All,claims,expressed in this,All claims expressed in this,0.6620134
MT2022_2025,W4323666400,78,auto,Any,product,that may be,Any product that may be,0.6810383
MT2022_2025,W4323666400,79,auto,Supplementary,material,The Supplementary Material,Supplementary material The Supplementary Material,0.5244696
MT2022_2025,W4323666400,80,auto,Genome,-,wide CRISPR offtarget,Genome - wide CRISPR offtarget,0.61166525
MT2022_2025,W4323666400,81,auto,Tools,for,experimental and computational,Tools for experimental and computational,0.55266094
MT2022_2025,W4323666400,82,auto,A,highly,specific SpCas9 variant,A highly specific SpCas9 variant,0.6011802
MT2022_2025,W4323666400,83,auto,Targeted,genome,engineering in human,Targeted genome engineering in human,0.73489904
MT2022_2025,W4323666400,84,auto,Analysis,of,offtarget effects of,Analysis of offtarget effects of,0.6452902
MT2022_2025,W4323666400,85,auto,Multiplex,genome,engineering using CRISPR,Multiplex genome engineering using CRISPR,0.6596061
MT2022_2025,W4323666400,86,auto,Comparative,analysis,of CRISPR off,Comparative analysis of CRISPR off,0.647833
MT2022_2025,W4323666400,87,auto,Ther,2023,Incorporation of bridged,Ther 2023 Incorporation of bridged,0.6036789
MT2022_2025,W4323666400,88,auto,Nucleotide,-,resolution DNA double,Nucleotide - resolution DNA double,0.59717274
MT2022_2025,W4323666400,89,auto,Optimized,sgRNA,design to maximize,Optimized sgRNA design to maximize,0.67355424
MT2022_2025,W4323666400,90,auto,Genome,-,wide identification of,Genome - wide identification of,0.5967178
MT2022_2025,W4323666400,91,auto,Delivery,of,modified mRNA to,Delivery of modified mRNA to,0.65888286
MT2022_2025,W4323666400,92,auto,Choice,of,template delivery mitigates,Choice of template delivery mitigates,0.60451615
MT2022_2025,W4323666400,93,auto,A,single,administration of CRISPR,A single administration of CRISPR,0.7611399
MT2022_2025,W4323666400,94,auto,High,-,frequency off -,High - frequency off -,0.69451493
MT2022_2025,W4323666400,95,auto,An,unbiased,genome - wide,An unbiased genome - wide,0.5865934
MT2022_2025,W4323666400,96,auto,Programmable,base,editing of A*,Programmable base editing of A*,0.6463869
MT2022_2025,W4323666400,97,auto,Recent,advances,in nanocomposite -,Recent advances in nanocomposite -,0.72422516
MT2022_2025,W4323666400,98,auto,High,levels,of AAV vector,High levels of AAV vector,0.63707626
MT2022_2025,W4323666400,99,auto,Detecting,DNA,double - stranded,Detecting DNA double - stranded,0.7226596
MT2022_2025,W4323666400,100,auto,Offtarget,mutations,are rare in,Offtarget mutations are rare in,0.7596716
MT2022_2025,W4323666400,101,auto,Rationally,designed,APOBEC3B cytosine base,Rationally designed APOBEC3B cytosine base,0.5084536
MT2022_2025,W4323666400,102,auto,Cytosine,",",but not adenine,"Cytosine , but not adenine",0.6078185
MT2022_2025,W4323666400,103,auto,Lipid,nanoparticle,- mediated CRISPR,Lipid nanoparticle - mediated CRISPR,0.76333565
MT2022_2025,W4323666400,104,auto,Genome,-,wide target specificities,Genome - wide target specificities,0.57948095
MT2022_2025,W4323666400,105,auto,Genomewide,target,specificities of CRISPR,Genomewide target specificities of CRISPR,0.63313854
MT2022_2025,W4323666400,106,auto,Evaluating,and,enhancing target specificity,Evaluating and enhancing target specificity,0.60651547
MT2022_2025,W4323666400,107,auto,Highly,efficient,RNAguided genome editing,Highly efficient RNAguided genome editing,0.6110621
MT2022_2025,W4323666400,108,auto,Engineered,CRISPR,- Cas9 nucleases,Engineered CRISPR - Cas9 nucleases,0.67822504
MT2022_2025,W4323666400,109,auto,Programmable,editing,of a target,Programmable editing of a target,0.64853674
MT2022_2025,W4323666400,110,auto,The,development,of an AAV,The development of an AAV,0.76054585
MT2022_2025,W4323666400,111,auto,Genome,-,wide analysis reveals,Genome - wide analysis reveals,0.59229064
MT2022_2025,W4323666400,112,auto,10.1186/s13059-022-02842,-,4 Genome Biol,10.1186/s13059-022-02842 - 4 Genome Biol,0.42892864
MT2022_2025,W4323666400,113,auto,Genome,-,wide detection of,Genome - wide detection of,0.60591954
MT2022_2025,W4323666400,114,auto,The,impact,of nonsense -,The impact of nonsense -,0.72001785
MT2022_2025,W4323666400,115,auto,Prediction,of,off - target,Prediction of off - target,0.6247245
MT2022_2025,W4323666400,116,auto,Eng,2,1 2018 Delivery,Eng 2 1 2018 Delivery,0.7028187
MT2022_2025,W4323666400,117,auto,Circle,-,Seq reveals genomic,Circle - Seq reveals genomic,0.5729579
MT2022_2025,W4323666400,118,auto,Biased,and,unbiased methods for,Biased and unbiased methods for,0.5894445
MT2022_2025,W4323666400,119,auto,FlashFry,:,A fast and,FlashFry : A fast and,0.61220646
MT2022_2025,W4323666400,120,auto,Streptococcus,thermophilus,CRISPR - cas9,Streptococcus thermophilus CRISPR - cas9,0.62665874
MT2022_2025,W4323666400,121,auto,Ther,24,3 2016 Latest,Ther 24 3 2016 Latest,0.5507547
MT2022_2025,W4323666400,122,auto,A,genome,- wide analysis,A genome - wide analysis,0.65671015
MT2022_2025,W4323666400,123,auto,Structural,basis,for Cas9 off,Structural basis for Cas9 off,0.7576495
MT2022_2025,W4323666400,124,auto,Lipid,nanoparticle,- mediated codelivery,Lipid nanoparticle - mediated codelivery,0.72484624
MT2022_2025,W4323666400,126,auto,Gene,disruption,by cell -,Gene disruption by cell -,0.6973306
MT2022_2025,W4323666400,127,auto,High,-,resolution insertion -,High - resolution insertion -,0.71696234
MT2022_2025,W4323666400,128,auto,Tools,for,efficient genome editing,Tools for efficient genome editing,0.58155864
MT2022_2025,W4323666400,129,auto,2495,Cas9,- chromatin binding,2495 Cas9 - chromatin binding,0.8183035
MT2022_2025,W4323666400,130,auto,Rationally,engineered,Cas9 nucleases with,Rationally engineered Cas9 nucleases with,0.6699798
MT2022_2025,W4323666400,131,auto,Wholegenome,sequencing,analysis reveals high,Wholegenome sequencing analysis reveals high,0.6269046
MT2022_2025,W4323666400,132,auto,Genome,editing,with engineered zinc,Genome editing with engineered zinc,0.65695983
MT2022_2025,W4323666400,133,auto,Efficient,delivery,of genome -,Efficient delivery of genome -,0.7179263
MT2022_2025,W4323666400,134,auto,Unbiased,detection,of off -,Unbiased detection of off -,0.7291144
MT2022_2025,W4323666400,135,auto,Unbiased,detection,of CRISPR off,Unbiased detection of CRISPR off,0.7363885
MT2022_2025,W4323666400,136,auto,The,epigenome,editors : How,The epigenome editors : How,0.7025681
MT2022_2025,W4323666400,137,auto,Lipid,nanoparticle,technology for therapeutic,Lipid nanoparticle technology for therapeutic,0.7371252
MT2022_2025,W4323666400,138,auto,Genome,-,wide binding of,Genome - wide binding of,0.5899948
MT2022_2025,W4323666400,139,auto,Genome,-,wide analyses of,Genome - wide analyses of,0.56353325
MT2022_2025,W4323666400,140,auto,A,systematic,evaluation of data,A systematic evaluation of data,0.6748146
MT2022_2025,W4323666400,141,auto,Bioinform,BLISS,is a versatile,Bioinform BLISS is a versatile,0.6843033
MT2022_2025,W4323666400,142,auto,Partial,DNA,- guided Cas9,Partial DNA - guided Cas9,0.656344
MT2022_2025,W4323666400,143,auto,Off,-,target RNA mutation,Off - target RNA mutation,0.60858583
MT2022_2025,W4323666400,145,auto,Detection,of,on - target,Detection of on - target,0.6263944
MT2022_2025,W4323666400,146,auto,Cytosine,base,editor generates substantial,Cytosine base editor generates substantial,0.7186567
MT2022_2025,W4323666400,147,auto,Cationic,lipid,- mediated delivery,Cationic lipid - mediated delivery,0.7516301
MT2022_2025,W3039695075,0,auto,Language,-,agnostic BERT Sentence,Language - agnostic BERT Sentence,0.589259
MT2022_2025,W3039695075,1,auto,While,BERT,is an effective,While BERT is an effective,0.6160372
MT2022_2025,W3039695075,2,auto,We,systematically,investigate methods for,We systematically investigate methods for,0.6735817
MT2022_2025,W3039695075,3,auto,In,this,"paper , we","In this paper , we",0.7274181
MT2022_2025,W3039695075,4,auto,Such,embeddings,are useful for,Such embeddings are useful for,0.6965104
MT2022_2025,W3039695075,5,auto,While,existing,cross-lingual sentence embedding,While existing cross-lingual sentence embedding,0.60163885
MT2022_2025,W3039695075,6,auto,Rather,in,"prior work ,","Rather in prior work ,",0.5742809
MT2022_2025,W3039695075,7,auto,In,our,"exploration , as","In our exploration , as",0.6417539
MT2022_2025,W3039695075,8,auto,We,further,evaluate our models,We further evaluate our models,0.59874463
MT2022_2025,W3039695075,9,auto,The,contributions,of this paper,The contributions of this paper,0.6535663
MT2022_2025,W3039695075,11,auto,A,publicly,released multilingual sentence,A publicly released multilingual sentence,0.6747608
MT2022_2025,W3039695075,12,auto,•,Thorough,experiments and ablation,• Thorough experiments and ablation,0.7002823
MT2022_2025,W3039695075,13,auto,We,release,the pre-trained model,We release the pre-trained model,0.6793914
MT2022_2025,W3039695075,14,auto,Cross,-lingual,Sentence Embeddings Dual,Cross -lingual Sentence Embeddings Dual,0.74959
MT2022_2025,W3039695075,15,auto,The,embedding,space similarity of,The embedding space similarity of,0.73528475
MT2022_2025,W3039695075,16,auto,The,loss,attempts to rank,The loss attempts to rank,0.6744942
MT2022_2025,W3039695075,17,auto,Notice,that,L is asymmetric,Notice that L is asymmetric,0.7375302
MT2022_2025,W3039695075,18,auto,For,bidirectional,"symmetry , the","For bidirectional symmetry , the",0.6581116
MT2022_2025,W3039695075,19,auto,Additive,Margin,Softmax Additive margin,Additive Margin Softmax Additive margin,0.70962596
MT2022_2025,W3039695075,20,auto,The,margin,", m ,","The margin , m ,",0.66782516
MT2022_2025,W3039695075,21,auto,Using,φ,( x i,Using φ ( x i,0.7147788
MT2022_2025,W3039695075,22,auto,Only,limited,prior work has,Only limited prior work has,0.64890695
MT2022_2025,W3039695075,23,auto,We,use,bilingual translation pairs,We use bilingual translation pairs,0.67536503
MT2022_2025,W3039695075,24,auto,We,collect,monolingual data from,We collect monolingual data from,0.6644124
MT2022_2025,W3039695075,25,auto,The,translation,corpus is constructed,The translation corpus is constructed,0.7609391
MT2022_2025,W3039695075,26,auto,In,this,"section , we","In this section , we",0.7204158
MT2022_2025,W3039695075,27,auto,A,transformer,encoder is used,A transformer encoder is used,0.75543094
MT2022_2025,W3039695075,28,auto,The,encoder,parameters are shared,The encoder parameters are shared,0.72600245
MT2022_2025,W3039695075,29,auto,Sentence,embeddings,are extracted as,Sentence embeddings are extracted as,0.7101311
MT2022_2025,W3039695075,30,auto,11,Our,models are trained,11 Our models are trained,0.67153883
MT2022_2025,W3039695075,31,auto,We,introduce,cross -accelerator negative,We introduce cross -accelerator negative,0.72860783
MT2022_2025,W3039695075,32,auto,Following,Chidambaram,et al. (,Following Chidambaram et al. (,0.49836203
MT2022_2025,W3039695075,33,auto,In,figure,3 Pre-training The,In figure 3 Pre-training The,0.64135116
MT2022_2025,W3039695075,34,auto,We,evaluate,models on three,We evaluate models on three,0.6855539
MT2022_2025,W3039695075,35,auto,All,tasks,are to retrieve,All tasks are to retrieve,0.6094863
MT2022_2025,W3039695075,36,auto,United,Nations,( UN ),United Nations ( UN ),0.74257994
MT2022_2025,W3039695075,37,auto,We,also,evaluate the transfer,We also evaluate the transfer,0.60057956
MT2022_2025,W3039695075,38,auto,We,evaluate,on select tasks,We evaluate on select tasks,0.7408557
MT2022_2025,W3039695075,39,auto,16,Row,4 - 7,16 Row 4 - 7,0.52057236
MT2022_2025,W3039695075,40,auto,The,baseline,model shows reasonable,The baseline model shows reasonable,0.6549668
MT2022_2025,W3039695075,41,auto,It,also,perform well on,It also perform well on,0.63316214
MT2022_2025,W3039695075,42,auto,Adding,pre-training,both helps models,Adding pre-training both helps models,0.6800856
MT2022_2025,W3039695075,43,auto,Pre-training,also,helps on Taoeba,Pre-training also helps on Taoeba,0.6085097
MT2022_2025,W3039695075,44,auto,17,The,last two rows,17 The last two rows,0.6201573
MT2022_2025,W3039695075,45,auto,Both,of,them are trained,Both of them are trained,0.6406569
MT2022_2025,W3039695075,46,auto,Both,models,outperform the mBERT,Both models outperform the mBERT,0.7223547
MT2022_2025,W3039695075,47,auto,The,top,model ( Base,The top model ( Base,0.70378554
MT2022_2025,W3039695075,48,auto,It,reaches,87.7 on zh,It reaches 87.7 on zh,0.52286047
MT2022_2025,W3039695075,49,auto,On,Tatoeba,", the best","On Tatoeba , the best",0.6520734
MT2022_2025,W3039695075,50,auto,It,is,worth noting that,It is worth noting that,0.63524723
MT2022_2025,W3039695075,51,auto,This,suggests,it is necessary,This suggests it is necessary,0.7060472
MT2022_2025,W3039695075,52,auto,For,the,rest of the,For the rest of the,0.6988162
MT2022_2025,W3039695075,53,auto,Table,3,Yang et al.,Table 3 Yang et al.,0.60557854
MT2022_2025,W3039695075,54,auto,The,above,experiments show that,The above experiments show that,0.60469556
MT2022_2025,W3039695075,55,auto,To,better,understand the effect,To better understand the effect,0.5978297
MT2022_2025,W3039695075,56,auto,We,evaluate,performance through further,We evaluate performance through further,0.70297676
MT2022_2025,W3039695075,57,auto,Besides,the,36 language group,Besides the 36 language group,0.72658557
MT2022_2025,W3039695075,59,auto,All,three,models perform well,All three models perform well,0.74469876
MT2022_2025,W3039695075,60,auto,Both,LaBSE,and LASER perform,Both LaBSE and LASER perform,0.71851534
MT2022_2025,W3039695075,61,auto,As,more,languages are included,As more languages are included,0.66089284
MT2022_2025,W3039695075,62,auto,LaBSE,systematically,outperforms LASER on,LaBSE systematically outperforms LASER on,0.6633543
MT2022_2025,W3039695075,63,auto,Figure,6,Semantic Similarity The,Figure 6 Semantic Similarity The,0.6168674
MT2022_2025,W3039695075,64,auto,Recently,",",Reimers and Gurevych,"Recently , Reimers and Gurevych",0.56787044
MT2022_2025,W3039695075,65,auto,We,use,the LaBSE model,We use the LaBSE model,0.65490377
MT2022_2025,W3039695075,66,auto,We,experiment,with two language,We experiment with two language,0.6483532
MT2022_2025,W3039695075,67,auto,We,mine,translations from monolingual,We mine translations from monolingual,0.6136714
MT2022_2025,W3039695075,68,auto,After,processing,", there are","After processing , there are",0.6668049
MT2022_2025,W3039695075,69,auto,LaBSE,embeddings,are used to,LaBSE embeddings are used to,0.6716493
MT2022_2025,W3039695075,70,auto,This,paper,presents a language,This paper presents a language,0.638942
MT2022_2025,W3039695075,71,auto,The,model,achieves state -,The model achieves state -,0.7305835
MT2022_2025,W3039695075,72,auto,We,show,the model performs,We show the model performs,0.72218037
MT2022_2025,W3039695075,73,auto,Extensive,experiments,show additive margin,Extensive experiments show additive margin,0.62383145
MT2022_2025,W3039695075,74,auto,The,pretrained,model is released,The pretrained model is released,0.6009911
MT2022_2025,W3039695075,76,auto,A,LaBSE,Large Motivated by,A LaBSE Large Motivated by,0.73443323
MT2022_2025,W3039695075,77,auto,Following,BERT,"Large , we","Following BERT Large , we",0.6678763
MT2022_2025,W3039695075,78,auto,Constrained,by,"computation resource ,","Constrained by computation resource ,",0.56581086
MT2022_2025,W3039695075,79,auto,Fine,-,tuning configs are,Fine - tuning configs are,0.66595465
MT2022_2025,W3039695075,80,auto,We,suspect,that the translate,We suspect that the translate,0.7363853
MT2022_2025,W3039695075,81,auto,An,improved,negative contrast could,An improved negative contrast could,0.6597432
MT2022_2025,W3039695075,82,auto,We,experimented,with one type,We experimented with one type,0.68152785
MT2022_2025,W3039695075,83,auto,We,investigate,hard negative mining,We investigate hard negative mining,0.6707545
MT2022_2025,W3039695075,84,auto,We,only,experiment using hard,We only experiment using hard,0.69395286
MT2022_2025,W3039695075,85,auto,Due,to,"memory constraints ,","Due to memory constraints ,",0.6022914
MT2022_2025,W3039695075,86,auto,Since,the,amount of examples,Since the amount of examples,0.6295339
MT2022_2025,W3039695075,87,auto,For,languages,other than es,For languages other than es,0.64133686
MT2022_2025,W3039695075,88,auto,Other,languages,are trained as,Other languages are trained as,0.6397542
MT2022_2025,W3039695075,89,auto,Table,9,C Supported Languages,Table 9 C Supported Languages,0.63450056
MT2022_2025,W3039695075,90,auto,The,supported,langauges is listed,The supported langauges is listed,0.6313269
MT2022_2025,W3039695075,91,auto,The,distribution,for each supported,The distribution for each supported,0.70351064
MT2022_2025,W3039695075,92,auto,Figure,3,: 3 Figure,Figure 3 : 3 Figure,0.7783748
MT2022_2025,W3039695075,93,auto,[,Left,] :,[ Left ] :,0.64487994
MT2022_2025,W3039695075,94,auto,The,in,- batch negative,The in - batch negative,0.57947344
MT2022_2025,W3039695075,95,auto,Synchronized,multi,- accelerator negative,Synchronized multi - accelerator negative,0.685619
MT2022_2025,W3039695075,96,auto,Figure,4,: 4 Figure4,Figure 4 : 4 Figure4,0.75648075
MT2022_2025,W3039695075,97,auto,Figure5,:,Average P@1 (,Figure5 : Average P@1 (,0.67606235
MT2022_2025,W3039695075,98,auto,Table,1,: 1 LaBSE,Table 1 : 1 LaBSE,0.6745883
MT2022_2025,W3039695075,99,auto,[,DE,] : Dual,[ DE ] : Dual,0.5443812
MT2022_2025,W3039695075,101,auto,Pre-training,Sentence,Emebedding Monolingual MLM,Pre-training Sentence Emebedding Monolingual MLM,0.7049635
MT2022_2025,W3039695075,102,auto,Model,Langs,Model HN AMS,Model Langs Model HN AMS,0.66316575
MT2022_2025,W3039695075,103,auto,Base,uses,a bidirectional dual,Base uses a bidirectional dual,0.6398063
MT2022_2025,W3039695075,104,auto,[,AMS,] : Additive,[ AMS ] : Additive,0.6374471
MT2022_2025,W3039695075,106,auto,Model,es,fr UN (,Model es fr UN (,0.6608521
MT2022_2025,W3039695075,107,auto,Table,3,: 3 [,Table 3 : 3 [,0.7374531
MT2022_2025,W3039695075,108,auto,The,thresholds,are chosen for,The thresholds are chosen for,0.68246204
MT2022_2025,W3039695075,109,auto,Following,the,naming of BUCC,Following the naming of BUCC,0.735869
MT2022_2025,W3039695075,110,auto,All,Langs,: All languages,All Langs : All languages,0.5882066
MT2022_2025,W3039695075,111,auto,Model,14,Langs 36 Langs,Model 14 Langs 36 Langs,0.4725301
MT2022_2025,W3039695075,112,auto,93.9,-,- - LASER,93.9 - - - LASER,0.694742
MT2022_2025,W3039695075,113,auto,The,average,( AVG ),The average ( AVG ),0.78982157
MT2022_2025,W3039695075,114,auto,Table,7,: 7,Table 7 : 7,0.7306006
MT2022_2025,W3039695075,115,auto,The,number,of source /,The number of source /,0.6765623
MT2022_2025,W3039695075,116,auto,Langs,#,of XX Sents,Langs # of XX Sents,0.6903103
MT2022_2025,W3039695075,117,auto,We,use,wmtnews17 and wmt-,We use wmtnews17 and wmt-,0.5926286
MT2022_2025,W3039695075,118,auto,et,al.,( 2018 ),et al. ( 2018 ),0.74057114
MT2022_2025,W3039695075,119,auto,Table,8,: 8 Table,Table 8 : 8 Table,0.717613
MT2022_2025,W3039695075,120,auto,The,results,"are mixed ,","The results are mixed ,",0.5354234
MT2022_2025,W3039695075,121,auto,We,also,evaluate the model,We also evaluate the model,0.5899536
MT2022_2025,W3039695075,122,auto,Model,es,fr ru zh,Model es fr ru zh,0.6560435
MT2022_2025,W3039695075,123,auto,LaBSE,91.1,88.3 90.8 87.7,LaBSE 91.1 88.3 90.8 87.7,0.79970354
MT2022_2025,W3039695075,124,auto,Model,es,fr ru zh,Model es fr ru zh,0.6560435
MT2022_2025,W3039695075,125,auto,LaBSE,91.1,88.3 90.8 87.7,LaBSE 91.1 88.3 90.8 87.7,0.79970354
MT2022_2025,W3039695075,126,auto,We,also,investigate the impact,We also investigate the impact,0.60648143
MT2022_2025,W3039695075,127,auto,See,supplemental,material for details,See supplemental material for details,0.6577487
MT2022_2025,W3039695075,128,auto,The,number,is counted from,The number is counted from,0.6417244
MT2022_2025,W3039695075,129,auto,See,the,detailed list of,See the detailed list of,0.6332439
MT2022_2025,W3039695075,130,auto,https://commoncrawl.org/,5,https://www.wikipedia.org/ 6 Long,https://commoncrawl.org/ 5 https://www.wikipedia.org/ 6 Long,0.42211115
MT2022_2025,W3039695075,132,auto,The,quality,classifier is trained,The quality classifier is trained,0.67944705
MT2022_2025,W3039695075,133,auto,Experiments,in,later sections show,Experiments in later sections show,0.63287157
MT2022_2025,W3039695075,135,auto,While,our,experiments use TPU,While our experiments use TPU,0.6589269
MT2022_2025,W3039695075,136,auto,Diverging,from,Conneau and Lample,Diverging from Conneau and Lample,0.6219467
MT2022_2025,W3039695075,137,auto,About,9.5,million after de-duping,About 9.5 million after de-duping,0.6206208
MT2022_2025,W3039695075,138,auto,Reranking,models,can further improve,Reranking models can further improve,0.734123
MT2022_2025,W3039695075,139,auto,However,",",this is tangential,"However , this is tangential",0.66256535
MT2022_2025,W3039695075,140,auto,universal,-,sentence - encoder,universal - sentence - encoder,0.63873416
MT2022_2025,W3039695075,141,auto,The,coverage,of the public,The coverage of the public,0.6445619
MT2022_2025,W3039695075,142,auto,We,note,that it is,We note that it is,0.70220125
MT2022_2025,W3039695075,143,auto,Within,prior,"work , m-","Within prior work , m-",0.6711734
MT2022_2025,W3039695075,144,auto,The,threshold,0.6 is selected,The threshold 0.6 is selected,0.6962585
MT2022_2025,W3039695075,145,auto,We,found,pairs greater or,We found pairs greater or,0.62672114
MT2022_2025,W3039695075,146,auto,This,results,in 715M and,This results in 715M and,0.578892
MT2022_2025,W3039695075,147,auto,Note,that,the pairs may,Note that the pairs may,0.7426031
MT2022_2025,W3039695075,149,auto,We,thank,our teammates from,We thank our teammates from,0.627969
MT2022_2025,W3039695075,150,auto,Proceedings,of,the 57th Annual,Proceedings of the 57th Annual,0.5531145
MT2022_2025,W3039695075,152,auto,Linguistics,7,2019 Layer normalization,Linguistics 7 2019 Layer normalization,0.58993185
MT2022_2025,W3039695075,153,auto,1,:,Semantic textual similarity,1 : Semantic textual similarity,0.5920167
MT2022_2025,W3039695075,154,auto,Proceedings,of,the 11th International,Proceedings of the 11th International,0.53210545
MT2022_2025,W3039695075,155,auto,Proceedings,of,the 2018 Conference,Proceedings of the 2018 Conference,0.58326495
MT2022_2025,W3039695075,156,auto,Learning,cross-lingual,sentence representations via,Learning cross-lingual sentence representations via,0.6100459
MT2022_2025,W3039695075,157,auto,Learning,cross,-lingual sentence representations,Learning cross -lingual sentence representations,0.5590356
MT2022_2025,W3039695075,158,auto,Unsupervised,crosslingual,representation learning at,Unsupervised crosslingual representation learning at,0.666131
MT2022_2025,W3039695075,159,auto,Supervised,learning,of universal sentence,Supervised learning of universal sentence,0.7137414
MT2022_2025,W3039695075,160,auto,Proceedings,of,the 2019 Conference,Proceedings of the 2019 Conference,0.58600825
MT2022_2025,W3039695075,161,auto,International,Conference,on Computational Linguistics,International Conference on Computational Linguistics,0.6064958
MT2022_2025,W3039695075,162,auto,Proceedings,of,the 2018 Conference,Proceedings of the 2018 Conference,0.58326495
MT2022_2025,W3039695075,163,auto,Mining,and,summarizing customer reviews,Mining and summarizing customer reviews,0.5705277
MT2022_2025,W3039695075,164,auto,An,efficient,framework for learning,An efficient framework for learning,0.53952515
MT2022_2025,W3039695075,165,auto,Decoupled,weight,decay regularization Ilya,Decoupled weight decay regularization Ilya,0.6330197
MT2022_2025,W3039695075,166,auto,A,sentimental,education : Sentiment,A sentimental education : Sentiment,0.7109465
MT2022_2025,W3039695075,167,auto,Ye,Qi,Devendra Sachan Matthieu,Ye Qi Devendra Sachan Matthieu,0.50248516
MT2022_2025,W3039695075,168,auto,Proceedings,of,the 2018 Conference,Proceedings of the 2018 Conference,0.58326495
MT2022_2025,W3039695075,169,auto,Association,for,Computational Linguistics Exploring,Association for Computational Linguistics Exploring,0.6154361
MT2022_2025,W3039695075,171,auto,Making,monolingual,sentence embeddings multilingual,Making monolingual sentence embeddings multilingual,0.6870024
MT2022_2025,W3039695075,172,auto,Proceedings,of,the 2020 Conference,Proceedings of the 2020 Conference,0.55307275
MT2022_2025,W3039695075,173,auto,Association,for,Computational Linguistics 2020,Association for Computational Linguistics 2020,0.5730174
MT2022_2025,W3039695075,174,auto,The,university,of Edinburgh's neural,The university of Edinburgh's neural,0.70272654
MT2022_2025,W3039695075,175,auto,Proceedings,of,the Second Conference,Proceedings of the Second Conference,0.56352466
MT2022_2025,W3039695075,176,auto,Proceedings,of,the 54th Annual,Proceedings of the 54th Annual,0.55073094
MT2022_2025,W3039695075,177,auto,Recursive,deep,models for semantic,Recursive deep models for semantic,0.57616365
MT2022_2025,W3039695075,178,auto,Language,resources,and evaluation Janyce,Language resources and evaluation Janyce,0.6570156
MT2022_2025,W3039695075,179,auto,Learning,semantic,textual similarity from,Learning semantic textual similarity from,0.64714104
MT2022_2025,W3039695075,180,auto,Proceedings,of,The Third Workshop,Proceedings of The Third Workshop,0.5828077
MT2022_2025,W3039695075,181,auto,Association,for,Computational Linguistics 2018,Association for Computational Linguistics 2018,0.5420819
MT2022_2025,W3039695075,182,auto,Universal,sentence,representation learning with,Universal sentence representation learning with,0.68907064
MT2022_2025,W3039695075,183,auto,Overview,of,the third bucc,Overview of the third bucc,0.62880266
MT2022_2025,W4384296800,0,auto,Tau,and,neuroinflammation in Alzheimer's,Tau and neuroinflammation in Alzheimer's,0.48230037
MT2022_2025,W4384296800,1,auto,Tau,and,neuroinflammation in Alzheimer's,Tau and neuroinflammation in Alzheimer's,0.48230037
MT2022_2025,W4384296800,2,auto,10.1186/s12974-023-02853,-3,Received : 13,10.1186/s12974-023-02853 -3 Received : 13,0.45912695
MT2022_2025,W4384296800,3,auto,Its,prominent,neuropathological features are,Its prominent neuropathological features are,0.57154566
MT2022_2025,W4384296800,4,auto,In,the,past few decades,In the past few decades,0.7228473
MT2022_2025,W4384296800,5,auto,Even,though,it is encouraging,Even though it is encouraging,0.7217252
MT2022_2025,W4384296800,6,auto,Tau,has,received increasing attention,Tau has received increasing attention,0.5560101
MT2022_2025,W4384296800,7,auto,Moreover,",","inflammation , especially","Moreover , inflammation , especially",0.6332676
MT2022_2025,W4384296800,8,auto,Accumulating,evidence,indicates that inflammation,Accumulating evidence indicates that inflammation,0.65640724
MT2022_2025,W4384296800,9,auto,Here,",",we review recent,"Here , we review recent",0.5721651
MT2022_2025,W4384296800,10,auto,Then,",",we summarize the,"Then , we summarize the",0.6608469
MT2022_2025,W4384296800,11,auto,Sustained,and,increased inflammatory responses,Sustained and increased inflammatory responses,0.5799797
MT2022_2025,W4384296800,12,auto,Unraveling,the,precise mechanisms underlying,Unraveling the precise mechanisms underlying,0.6356356
MT2022_2025,W4384296800,13,auto,Targeting,multiple,pathologies and precision,Targeting multiple pathologies and precision,0.6840303
MT2022_2025,W4384296800,14,auto,Background,Dementia,is currently one,Background Dementia is currently one,0.6986548
MT2022_2025,W4384296800,15,auto,As,an,age - related,As an age - related,0.6304925
MT2022_2025,W4384296800,16,auto,Most,AD,cases are LOAD,Most AD cases are LOAD,0.61546284
MT2022_2025,W4384296800,17,auto,Although,the,symptoms of AD,Although the symptoms of AD,0.7024131
MT2022_2025,W4384296800,18,auto,Our,understanding,of AD pathogenesis,Our understanding of AD pathogenesis,0.70111436
MT2022_2025,W4384296800,19,auto,At,present,", the pathogenic","At present , the pathogenic",0.6305045
MT2022_2025,W4384296800,20,auto,The,amyloid,cascade hypothesis is,The amyloid cascade hypothesis is,0.71125257
MT2022_2025,W4384296800,21,auto,However,",","nearly , all","However , nearly , all",0.6994517
MT2022_2025,W4384296800,22,auto,It,is,encouraging that in,It is encouraging that in,0.76760805
MT2022_2025,W4384296800,23,auto,This,approval,based on reduced,This approval based on reduced,0.56488824
MT2022_2025,W4384296800,24,auto,Mechanisms,of,tau - mediated,Mechanisms of tau - mediated,0.5608885
MT2022_2025,W4384296800,25,auto,Misfolded,tau,is a key,Misfolded tau is a key,0.6959826
MT2022_2025,W4384296800,26,auto,The,insoluble,tau deposits comprised,The insoluble tau deposits comprised,0.6542809
MT2022_2025,W4384296800,27,auto,As,a,microtubule - associated,As a microtubule - associated,0.6571035
MT2022_2025,W4384296800,28,auto,The,human,tau is encoded,The human tau is encoded,0.7649597
MT2022_2025,W4384296800,29,auto,Insoluble,fibril,formation of tau,Insoluble fibril formation of tau,0.75567204
MT2022_2025,W4384296800,30,auto,However,",",numerous studies have,"However , numerous studies have",0.6009337
MT2022_2025,W4384296800,31,auto,Post,-,transcriptional modifications of,Post - transcriptional modifications of,0.60407794
MT2022_2025,W4384296800,32,auto,However,",",under pathological conditions,"However , under pathological conditions",0.6088041
MT2022_2025,W4384296800,33,auto,In,addition,to abnormal hyperphosphorylation,In addition to abnormal hyperphosphorylation,0.7269648
MT2022_2025,W4384296800,34,auto,For,example,", reduced tau","For example , reduced tau",0.68746084
MT2022_2025,W4384296800,35,auto,Propagation,of,tau pathology Studies,Propagation of tau pathology Studies,0.55950385
MT2022_2025,W4384296800,36,auto,An,in,vivo study has,An in vivo study has,0.64153796
MT2022_2025,W4384296800,37,auto,In,addition,", the spread","In addition , the spread",0.6071514
MT2022_2025,W4384296800,38,auto,Although,the,specific mechanisms underlying,Although the specific mechanisms underlying,0.7102661
MT2022_2025,W4384296800,39,auto,It,has,been proposed that,It has been proposed that,0.6499721
MT2022_2025,W4384296800,40,auto,The,chronic,", sustained inflammatory","The chronic , sustained inflammatory",0.7369511
MT2022_2025,W4384296800,41,auto,It,provides,a link between,It provides a link between,0.6753828
MT2022_2025,W4384296800,42,auto,The,neuroinflammatory,process in AD,The neuroinflammatory process in AD,0.7203147
MT2022_2025,W4384296800,43,auto,Recent,evidence,suggests that reactive,Recent evidence suggests that reactive,0.6947066
MT2022_2025,W4384296800,44,auto,Although,the,link between neuroinflammation,Although the link between neuroinflammation,0.69562554
MT2022_2025,W4384296800,45,auto,Evidence,suggests,that the pathological,Evidence suggests that the pathological,0.6584061
MT2022_2025,W4384296800,46,auto,1,Role,of neuroinflammation in,1 Role of neuroinflammation in,0.6619601
MT2022_2025,W4384296800,47,auto,Felsky,et,al. reported that,Felsky et al. reported that,0.57565725
MT2022_2025,W4384296800,48,auto,In,addition,", astrocytes are","In addition , astrocytes are",0.6232318
MT2022_2025,W4384296800,49,auto,Astrocytes,exacerbate,Aβ - induced,Astrocytes exacerbate Aβ - induced,0.6375796
MT2022_2025,W4384296800,50,auto,The,mechanism,relates to the,The mechanism relates to the,0.6964212
MT2022_2025,W4384296800,51,auto,They,are,known initially as,They are known initially as,0.6511735
MT2022_2025,W4384296800,52,auto,The,effect,of microglia and,The effect of microglia and,0.67745674
MT2022_2025,W4384296800,53,auto,A,recent,study shows that,A recent study shows that,0.5974875
MT2022_2025,W4384296800,54,auto,In,addition,", tau also","In addition , tau also",0.6203866
MT2022_2025,W4384296800,55,auto,Role,of,neuroinflammation in the,Role of neuroinflammation in the,0.5889723
MT2022_2025,W4384296800,56,auto,Here,",",we review the,"Here , we review the",0.63017
MT2022_2025,W4384296800,57,auto,Emerging,studies,have indicated a,Emerging studies have indicated a,0.6808661
MT2022_2025,W4384296800,58,auto,Microglia,sense,pathological tau species,Microglia sense pathological tau species,0.66190535
MT2022_2025,W4384296800,59,auto,Tau,can,bind to microglial,Tau can bind to microglial,0.67620564
MT2022_2025,W4384296800,60,auto,In,addition,"to microglia ,","In addition to microglia ,",0.6673909
MT2022_2025,W4384296800,61,auto,It,has,been shown that,It has been shown that,0.6274185
MT2022_2025,W4384296800,62,auto,Thus,",",these results suggest,"Thus , these results suggest",0.66787374
MT2022_2025,W4384296800,63,auto,Modulating,the,activity of glial,Modulating the activity of glial,0.67821443
MT2022_2025,W4384296800,64,auto,Advances,in,AD drug development,Advances in AD drug development,0.57825464
MT2022_2025,W4384296800,65,auto,These,cholinesterase,inhibitors and NMDA,These cholinesterase inhibitors and NMDA,0.75687575
MT2022_2025,W4384296800,66,auto,Tau,pathology,as a therapeutic,Tau pathology as a therapeutic,0.60273
MT2022_2025,W4384296800,67,auto,There,are,no drugs yet,There are no drugs yet,0.6627496
MT2022_2025,W4384296800,68,auto,Currently,",",tau - targeted,"Currently , tau - targeted",0.5764108
MT2022_2025,W4384296800,69,auto,We,will,primarily review drugs,We will primarily review drugs,0.596063
MT2022_2025,W4384296800,70,auto,These,kinases,are hyperactivated during,These kinases are hyperactivated during,0.71931905
MT2022_2025,W4384296800,71,auto,There,is,a reciprocal relationship,There is a reciprocal relationship,0.63475704
MT2022_2025,W4384296800,72,auto,A,clinical,trial has shown,A clinical trial has shown,0.63176084
MT2022_2025,W4384296800,73,auto,A,phase,1 clinical trial,A phase 1 clinical trial,0.74744135
MT2022_2025,W4384296800,74,auto,Anti,-,tau immunotherapy,Anti - tau immunotherapy,0.61593276
MT2022_2025,W4384296800,75,auto,In,addition,to the small,In addition to the small,0.6212266
MT2022_2025,W4384296800,76,auto,Active,immunization,", such as","Active immunization , such as",0.6859764
MT2022_2025,W4384296800,77,auto,AADvac1,and,ACI - 35/,AADvac1 and ACI - 35/,0.66590726
MT2022_2025,W4384296800,78,auto,Another,immunotherapeutic,approach is administering,Another immunotherapeutic approach is administering,0.6410511
MT2022_2025,W4384296800,79,auto,Passive,immune,antibody drugs have,Passive immune antibody drugs have,0.67388606
MT2022_2025,W4384296800,80,auto,A,total,of 12 tau,A total of 12 tau,0.6841747
MT2022_2025,W4384296800,81,auto,These,antibodies,include gosuranemab [,These antibodies include gosuranemab [,0.6014066
MT2022_2025,W4384296800,82,auto,Therapeutically,targeting,tau through modulating,Therapeutically targeting tau through modulating,0.79660803
MT2022_2025,W4384296800,83,auto,Here,",",we will mainly,"Here , we will mainly",0.5761157
MT2022_2025,W4384296800,84,auto,It,binds,to ERK and,It binds to ERK and,0.70589626
MT2022_2025,W4384296800,85,auto,NE3107,orally,enters the brain,NE3107 orally enters the brain,0.6506731
MT2022_2025,W4384296800,86,auto,It,has,anti-neuroinflammatory and insulin,It has anti-neuroinflammatory and insulin,0.57455933
MT2022_2025,W4384296800,87,auto,In,addition,", AZP2006 ,","In addition , AZP2006 ,",0.47655421
MT2022_2025,W4384296800,88,auto,Another,promising,new therapy targeting,Another promising new therapy targeting,0.6434812
MT2022_2025,W4384296800,89,auto,Dasatinib,is,a cancer drug,Dasatinib is a cancer drug,0.6224828
MT2022_2025,W4384296800,90,auto,Quercetin,inhibits,the anti-apoptotic protein,Quercetin inhibits the anti-apoptotic protein,0.64188087
MT2022_2025,W4384296800,91,auto,This,drug,combination eliminates the,This drug combination eliminates the,0.70545286
MT2022_2025,W4384296800,93,auto,Over,the,past few decades,Over the past few decades,0.6834649
MT2022_2025,W4384296800,94,auto,It,is,particularly encouraging that,It is particularly encouraging that,0.68624914
MT2022_2025,W4384296800,95,auto,However,",",the efficacy of,"However , the efficacy of",0.5993357
MT2022_2025,W4384296800,96,auto,The,most,likely reason for,The most likely reason for,0.72855073
MT2022_2025,W4384296800,97,auto,Tau,has,received increasing attention,Tau has received increasing attention,0.55601007
MT2022_2025,W4384296800,98,auto,To,date,", there are","To date , there are",0.62945336
MT2022_2025,W4384296800,99,auto,Still,",",several agents targeting,"Still , several agents targeting",0.6426082
MT2022_2025,W4384296800,100,auto,Accumulating,evidence,indicates that neuroinflammation,Accumulating evidence indicates that neuroinflammation,0.65135527
MT2022_2025,W4384296800,101,auto,In,recent,"years , growing","In recent years , growing",0.70951605
MT2022_2025,W4384296800,102,auto,These,findings,suggest that in,These findings suggest that in,0.59907466
MT2022_2025,W4384296800,103,auto,While,in,the middle and,While in the middle and,0.64589554
MT2022_2025,W4384296800,104,auto,This,vicious,circle aggravates the,This vicious circle aggravates the,0.76270294
MT2022_2025,W4384296800,105,auto,There,are,temporal and spatial,There are temporal and spatial,0.66101676
MT2022_2025,W4384296800,106,auto,Further,elucidation,of these dynamic,Further elucidation of these dynamic,0.73383117
MT2022_2025,W4384296800,107,auto,Furthermore,",",current studies indicate,"Furthermore , current studies indicate",0.6038907
MT2022_2025,W4384296800,108,auto,As,mentioned,"above , multi","As mentioned above , multi",0.64486027
MT2022_2025,W4384296800,109,auto,These,therapeutic,strategies have shown,These therapeutic strategies have shown,0.67687154
MT2022_2025,W4384296800,110,auto,In,summary,", both basic","In summary , both basic",0.5609767
MT2022_2025,W4384296800,111,auto,They,will,be more likely,They will be more likely,0.6163675
MT2022_2025,W4384296800,112,auto,Fig.,1,1 Fig. 1,Fig. 1 1 Fig. 1,0.67786723
MT2022_2025,W4384296800,113,auto,Aβ,β,"- amyloid ,","Aβ β - amyloid ,",0.6792173
MT2022_2025,W4384296800,114,auto,No,cognitive,or functional benefits,No cognitive or functional benefits,0.6900511
MT2022_2025,W4384296800,115,auto,No,cognitive,"benefits Ongoing ,","No cognitive benefits Ongoing ,",0.74917346
MT2022_2025,W4384296800,117,auto,No,cognitive,or functional benefits,No cognitive or functional benefits,0.6900511
MT2022_2025,W4384296800,118,auto,No,clinical,efficacy Unknown Ongoing,No clinical efficacy Unknown Ongoing,0.6685567
MT2022_2025,W4384296800,119,auto,Well,-,tolerated in Phase,Well - tolerated in Phase,0.5587783
MT2022_2025,W4384296800,120,auto,Well,-,tolerated in Phase,Well - tolerated in Phase,0.5587783
MT2022_2025,W4384296800,121,auto,Tau,acetylation,inhibitor Anti -,Tau acetylation inhibitor Anti -,0.73509604
MT2022_2025,W4384296800,122,auto,The,candidate,information was collected,The candidate information was collected,0.6996445
MT2022_2025,W4384296800,123,auto,AD,Alzheimer's,"Disease , COVID","AD Alzheimer's Disease , COVID",0.6510865
MT2022_2025,W4384296800,124,auto,No,drug,- related adverse,No drug - related adverse,0.66988957
MT2022_2025,W4384296800,125,auto,No,results,reported Safe and,No results reported Safe and,0.5730055
MT2022_2025,W4384296800,126,auto,The,trial,was affected by,The trial was affected by,0.708026
MT2022_2025,W4384296800,127,auto,Enrolling,by,invitation ; (,Enrolling by invitation ; (,0.57016885
MT2022_2025,W4384296800,128,auto,The,neurotrophic,factor progranulin enhancer,The neurotrophic factor progranulin enhancer,0.63084924
MT2022_2025,W4384296800,129,auto,The,figure,was created with,The figure was created with,0.63571197
MT2022_2025,W4384296800,130,auto,This,research,was funded by,This research was funded by,0.55413765
MT2022_2025,W4384296800,131,auto,Availability,of,data and materials,Availability of data and materials,0.29341602
MT2022_2025,W4384296800,132,auto,All,relevant,data are included,All relevant data are included,0.6572446
MT2022_2025,W4384296800,133,auto,Abbreviations,Declarations,Ethics approval and,Abbreviations Declarations Ethics approval and,0.64225984
MT2022_2025,W4384296800,134,auto,Consent,for,publication Not applicable,Consent for publication Not applicable,0.47505602
MT2022_2025,W4384296800,136,auto,The,authors,declare no competing,The authors declare no competing,0.57001376
MT2022_2025,W4384296800,137,auto,Publisher's,Note,Springer Nature remains,Publisher's Note Springer Nature remains,0.38640815
MT2022_2025,W4384296800,138,auto,Dementia,prevention,", intervention ,","Dementia prevention , intervention ,",0.6223669
MT2022_2025,W4384296800,139,auto,Alzheimer,disease,D S Knopman,Alzheimer disease D S Knopman,0.59209317
MT2022_2025,W4384296800,140,auto,Tau,and,neurodegenerative disease :,Tau and neurodegenerative disease :,0.59004253
MT2022_2025,W4384296800,141,auto,F,D,Leng Edison P,F D Leng Edison P,0.7617407
MT2022_2025,W4384296800,142,auto,Molecular,and,cellular mechanisms underlying,Molecular and cellular mechanisms underlying,0.5938244
MT2022_2025,W4384296800,143,auto,The,chemokine,- like receptor,The chemokine - like receptor,0.6167515
MT2022_2025,W4384296800,144,auto,Tau,gene,mutations and their,Tau gene mutations and their,0.6685983
MT2022_2025,W4384296800,145,auto,Molecular,pathogenesis,of the tauopathies,Molecular pathogenesis of the tauopathies,0.70610744
MT2022_2025,W4384296800,146,auto,All,the,tau we cannot,All the tau we cannot,0.6440949
MT2022_2025,W4384296800,147,auto,Tau,suppression,in a neurodegenerative,Tau suppression in a neurodegenerative,0.69907683
MT2022_2025,W4384296800,148,auto,Soluble,tau,"species , not","Soluble tau species , not",0.69852024
MT2022_2025,W4384296800,149,auto,Soluble,pathological,tau in the,Soluble pathological tau in the,0.66635835
MT2022_2025,W4384296800,150,auto,Orchestrated,experience,- driven Arc,Orchestrated experience - driven Arc,0.6663887
MT2022_2025,W4384296800,151,auto,Tau,impairs,"neural circuits ,","Tau impairs neural circuits ,",0.6439359
MT2022_2025,W4384296800,152,auto,Sci,Adv,S Wegmann S,Sci Adv S Wegmann S,0.6301536
MT2022_2025,W4384296800,153,auto,Tau,in,physiology and pathology,Tau in physiology and pathology,0.5096307
MT2022_2025,W4384296800,154,auto,Selective,destruction,of stable microtubules,Selective destruction of stable microtubules,0.7499174
MT2022_2025,W4384296800,155,auto,Tau,-,based therapies in,Tau - based therapies in,0.55378896
MT2022_2025,W4384296800,156,auto,Increased,level,of active GSK,Increased level of active GSK,0.6367953
MT2022_2025,W4384296800,157,auto,Sci,Adv,K Stefanoska M,Sci Adv K Stefanoska M,0.6013125
MT2022_2025,W4384296800,158,auto,What,is,the evidence that,What is the evidence that,0.6096553
MT2022_2025,W4384296800,159,auto,A,Mudher,M Colin S,A Mudher M Colin S,0.64477235
MT2022_2025,W4384296800,160,auto,Transmission,and,spreading of tauopathy,Transmission and spreading of tauopathy,0.5658493
MT2022_2025,W4384296800,161,auto,Advances,in,tau - focused,Advances in tau - focused,0.53606373
MT2022_2025,W4384296800,162,auto,The,acetylation,of tau inhibits,The acetylation of tau inhibits,0.7043603
MT2022_2025,W4384296800,163,auto,Acetylated,tau,neuropathology in sporadic,Acetylated tau neuropathology in sporadic,0.62763256
MT2022_2025,W4384296800,164,auto,Acetylated,tau,inhibits chaperonemediated autophagy,Acetylated tau inhibits chaperonemediated autophagy,0.7197962
MT2022_2025,W4384296800,165,auto,Reducing,acetylated,tau is neuroprotective,Reducing acetylated tau is neuroprotective,0.63700813
MT2022_2025,W4384296800,166,auto,Caspase,-,mediated truncation of,Caspase - mediated truncation of,0.597768
MT2022_2025,W4384296800,168,auto,Antibody,against,early driver of,Antibody against early driver of,0.68645835
MT2022_2025,W4384296800,169,auto,Lysine,methylation,is an endogenous,Lysine methylation is an endogenous,0.7218745
MT2022_2025,W4384296800,170,auto,Tau,passive,immunization blocks seeding,Tau passive immunization blocks seeding,0.6926663
MT2022_2025,W4384296800,171,auto,Tau,pathology,spread in PS19,Tau pathology spread in PS19,0.67891634
MT2022_2025,W4384296800,172,auto,Removing,endogenous,tau does not,Removing endogenous tau does not,0.668134
MT2022_2025,W4384296800,173,auto,Loss,of,bin1 promotes the,Loss of bin1 promotes the,0.5447601
MT2022_2025,W4384296800,174,auto,Heparan,sulfate,proteoglycan as a,Heparan sulfate proteoglycan as a,0.6313902
MT2022_2025,W4384296800,175,auto,The,release,and trans -,The release and trans -,0.6478378
MT2022_2025,W4384296800,176,auto,Alzheimer's,disease,beta - amyloid,Alzheimer's disease beta - amyloid,0.6711159
MT2022_2025,W4384296800,177,auto,Identification,of,preclinical Alzheimer's disease,Identification of preclinical Alzheimer's disease,0.5611509
MT2022_2025,W4384296800,178,auto,Distinct,tau,prion strains propagate,Distinct tau prion strains propagate,0.6796308
MT2022_2025,W4384296800,179,auto,Astrocyte,function,from information processing,Astrocyte function from information processing,0.66391236
MT2022_2025,W4384296800,180,auto,Alzheimers,Dement,( NY ),Alzheimers Dement ( NY ),0.73893225
MT2022_2025,W4384296800,181,auto,Resting,microglial,cells are highly,Resting microglial cells are highly,0.6968063
MT2022_2025,W4384296800,182,auto,When,astrocytes,become harmful :,When astrocytes become harmful :,0.60478556
MT2022_2025,W4384296800,183,auto,Astrocytes,are,important mediators of,Astrocytes are important mediators of,0.5838697
MT2022_2025,W4384296800,184,auto,Increased,intrathecal,levels of the,Increased intrathecal levels of the,0.7180866
MT2022_2025,W4384296800,185,auto,Inflammation,",","antiinflammatory agents ,","Inflammation , antiinflammatory agents ,",0.6616897
MT2022_2025,W4384296800,186,auto,Role,of,the immune system,Role of the immune system,0.5493179
MT2022_2025,W4384296800,187,auto,BBA,-,Mol Basis Dis,BBA - Mol Basis Dis,0.57526463
MT2022_2025,W4384296800,188,auto,Understanding,the,role of systemic,Understanding the role of systemic,0.7296858
MT2022_2025,W4384296800,189,auto,A,randomized,controlled study on,A randomized controlled study on,0.6944154
MT2022_2025,W4384296800,190,auto,A,randomized,", double -","A randomized , double -",0.69512576
MT2022_2025,W4384296800,191,auto,Blocking,IL,- 1 signaling,Blocking IL - 1 signaling,0.5114668
MT2022_2025,W4384296800,192,auto,What,impact,for Alzheimer's disease,What impact for Alzheimer's disease,0.51843864
MT2022_2025,W4384296800,193,auto,C,Laurent,L Buee D,C Laurent L Buee D,0.6812578
MT2022_2025,W4384296800,194,auto,Suppression,of,LPS - induced,Suppression of LPS - induced,0.5019329
MT2022_2025,W4384296800,195,auto,Clearance,of,apoptotic neurons without,Clearance of apoptotic neurons without,0.6024107
MT2022_2025,W4384296800,196,auto,The,role,of TREM2 R47H,The role of TREM2 R47H,0.6508321
MT2022_2025,W4384296800,197,auto,Molecular,signatures,of G -,Molecular signatures of G -,0.68882793
MT2022_2025,W4384296800,198,auto,Opposing,effects,of membrane -,Opposing effects of membrane -,0.66547626
MT2022_2025,W4384296800,199,auto,Reactive,microglia,drive tau pathology,Reactive microglia drive tau pathology,0.6848337
MT2022_2025,W4384296800,200,auto,Astrocytic,expression,of the Alzheimer's,Astrocytic expression of the Alzheimer's,0.64016634
MT2022_2025,W4384296800,201,auto,Astrocytesecreted,glypican,- 4 drives,Astrocytesecreted glypican - 4 drives,0.7189809
MT2022_2025,W4384296800,203,auto,U,S,A Selective removal,U S A Selective removal,0.7414409
MT2022_2025,W4384296800,204,auto,Tau,accumulation,in astrocytes of,Tau accumulation in astrocytes of,0.6764163
MT2022_2025,W4384296800,205,auto,International,union,of basic and,International union of basic and,0.6920124
MT2022_2025,W4384296800,207,auto,Nomenclature,for,the formyl peptide,Nomenclature for the formyl peptide,0.5960303
MT2022_2025,W4384296800,208,auto,The,chemerin,receptor CMKLR1 is,The chemerin receptor CMKLR1 is,0.66180736
MT2022_2025,W4384296800,209,auto,Formyl,peptide,receptor 2 deficiency,Formyl peptide receptor 2 deficiency,0.6340767
MT2022_2025,W4384296800,210,auto,The,N,- formyl peptide,The N - formyl peptide,0.63319504
MT2022_2025,W4384296800,211,auto,The,chemerin,/ CMKLR1 axis,The chemerin / CMKLR1 axis,0.6513463
MT2022_2025,W4384296800,212,auto,Inflammasome,signalling,in brain function,Inflammasome signalling in brain function,0.754317
MT2022_2025,W4384296800,213,auto,Deficiency,of,macrophage migration inhibitory,Deficiency of macrophage migration inhibitory,0.55257434
MT2022_2025,W4384296800,214,auto,The,dual,roles of cytokines,The dual roles of cytokines,0.5668584
MT2022_2025,W4384296800,215,auto,The,emerging,link between O,The emerging link between O,0.6891277
MT2022_2025,W4384296800,216,auto,Novel,model,of secreted human,Novel model of secreted human,0.7346223
MT2022_2025,W4384296800,217,auto,Increasing,O,- GlcNAc slows,Increasing O - GlcNAc slows,0.578354
MT2022_2025,W4384296800,218,auto,The,Alzheimer's,disease - associated,The Alzheimer's disease - associated,0.6131015
MT2022_2025,W4384296800,219,auto,An,HDAC6,- dependent surveillance,An HDAC6 - dependent surveillance,0.6752094
MT2022_2025,W4384296800,220,auto,The,deacetylase,HDAC6 mediates endogenous,The deacetylase HDAC6 mediates endogenous,0.75695646
MT2022_2025,W4384296800,221,auto,The,potential,role of glial,The potential role of glial,0.69848293
MT2022_2025,W4384296800,222,auto,Tau,activates,NLRP3 - ASC,Tau activates NLRP3 - ASC,0.64041436
MT2022_2025,W4384296800,223,auto,Microglial,activation,and tau propagate,Microglial activation and tau propagate,0.7461611
MT2022_2025,W4384296800,224,auto,The,role,of microglia in,The role of microglia in,0.6436107
MT2022_2025,W4384296800,225,auto,Microglia,become,hypofunctional and release,Microglia become hypofunctional and release,0.6134119
MT2022_2025,W4384296800,226,auto,Tau,activates,microglia via the,Tau activates microglia via the,0.69363886
MT2022_2025,W4384296800,227,auto,B,drives,tau spreading and,B drives tau spreading and,0.5895218
MT2022_2025,W4384296800,228,auto,Amyloid,-,beta impairs the,Amyloid - beta impairs the,0.5885971
MT2022_2025,W4384296800,229,auto,Phagocytic,clearance,of presynaptic dystrophies,Phagocytic clearance of presynaptic dystrophies,0.6882769
MT2022_2025,W4384296800,230,auto,Heparan,sulfate,proteoglycans mediate internalization,Heparan sulfate proteoglycans mediate internalization,0.62974614
MT2022_2025,W4384296800,231,auto,Front,Neurosci,J R Perea,Front Neurosci J R Perea,0.6186094
MT2022_2025,W4384296800,233,auto,Tau,activates,primary astrocytes via,Tau activates primary astrocytes via,0.7013476
MT2022_2025,W4384296800,234,auto,A,phase,3 trial of,A phase 3 trial of,0.73135537
MT2022_2025,W4384296800,235,auto,Amyloid,-,related imaging abnormalities,Amyloid - related imaging abnormalities,0.54683524
MT2022_2025,W4384296800,236,auto,Efficacy,and,safety of glycogen,Efficacy and safety of glycogen,0.57663614
MT2022_2025,W4384296800,237,auto,Long,-,"term , low","Long - term , low",0.6218038
MT2022_2025,W4384296800,238,auto,A,novel,GSK - 3,A novel GSK - 3,0.71994436
MT2022_2025,W4384296800,239,auto,A,phase,II trial of,A phase II trial of,0.700724
MT2022_2025,W4384296800,240,auto,Single,and,multiple ascending dose,Single and multiple ascending dose,0.6175073
MT2022_2025,W4384296800,241,auto,A,critical,appraisal of tautargeting,A critical appraisal of tautargeting,0.6976963
MT2022_2025,W4384296800,242,auto,Safety,and,immunogenicity of the,Safety and immunogenicity of the,0.5707357
MT2022_2025,W4384296800,243,auto,Nature,aging,1 2021,Nature aging 1 2021,0.61088014
MT2022_2025,W4384296800,244,auto,Current,status,of clinical trials,Current status of clinical trials,0.659542
MT2022_2025,W4384296800,245,auto,Safety,and,efficacy of tilavonemab,Safety and efficacy of tilavonemab,0.5111674
MT2022_2025,W4384296800,246,auto,Tau,-,targeting therapies for,Tau - targeting therapies for,0.547086
MT2022_2025,W4384296800,247,auto,The,challenges,of anti -,The challenges of anti -,0.672337
MT2022_2025,W4384296800,248,auto,Choose,BMC,and benefit from,Choose BMC and benefit from,0.52313846
MT2022_2025,W4384296800,249,auto,Choose,BMC,and benefit from,Choose BMC and benefit from,0.52313846
MT2022_2025,W4384296800,250,auto,In,Healthy,Subjects W R,In Healthy Subjects W R,0.69534564
MT2022_2025,W4384296800,251,auto,Highly,specific,and selective anti,Highly specific and selective anti,0.7109379
MT2022_2025,W4384296800,252,auto,The,tau,oligomer antibody APNm,The tau oligomer antibody APNm,0.7763949
MT2022_2025,W4384296800,253,auto,Antibody,-,mediated clearance of,Antibody - mediated clearance of,0.6095055
MT2022_2025,W4384296800,254,auto,A,Selective,and brain penetrant,A Selective and brain penetrant,0.7699623
MT2022_2025,W4384296800,255,auto,Tyrosine,kinase,inhibition increases functional,Tyrosine kinase inhibition increases functional,0.6958143
MT2022_2025,W4384296800,256,auto,Senolytic,therapy,alleviates Abeta -,Senolytic therapy alleviates Abeta -,0.5652295
MT2022_2025,W4384296800,257,auto,Tau,protein,aggregation is associated,Tau protein aggregation is associated,0.6382639
MT2022_2025,W4384296800,258,auto,Senolytics,in,idiopathic pulmonary fibrosis,Senolytics in idiopathic pulmonary fibrosis,0.5275322
MT2022_2025,W4384296800,259,auto,Senolytic,therapy,to modulate the,Senolytic therapy to modulate the,0.7585558
MT2022_2025,W4384296800,260,auto,Sodium,oligomannate,: first approval,Sodium oligomannate : first approval,0.65037584
MT2022_2025,W4384296800,261,auto,Sodium,oligomannate,therapeutically remodels gut,Sodium oligomannate therapeutically remodels gut,0.65666515
MT2022_2025,W4384296800,262,auto,A,36,- week multicenter,A 36 - week multicenter,0.5512687
MT2022_2025,W4220991830,0,auto,Combinatorial,optimization,of mRNA structure,Combinatorial optimization of mRNA structure,0.787915
MT2022_2025,W4220991830,1,auto,Department,of,Bioengineering Stanford University,Department of Bioengineering Stanford University,0.5178852
MT2022_2025,W4220991830,2,auto,Department,of,Computer Science and,Department of Computer Science and,0.49114853
MT2022_2025,W4220991830,3,auto,Department,of,Genetics Stanford University,Department of Genetics Stanford University,0.50495964
MT2022_2025,W4220991830,4,auto,Department,of,Biochemistry Stanford University,Department of Biochemistry Stanford University,0.49710512
MT2022_2025,W4220991830,5,auto,Combinatorial,optimization,of mRNA structure,Combinatorial optimization of mRNA structure,0.787915
MT2022_2025,W4220991830,6,auto,Therapeutic,mRNAs,and vaccines are,Therapeutic mRNAs and vaccines are,0.71252817
MT2022_2025,W4220991830,7,auto,However,",",their optimization is,"However , their optimization is",0.62846357
MT2022_2025,W4220991830,8,auto,Here,",",we describe design,"Here , we describe design",0.6554003
MT2022_2025,W4220991830,9,auto,We,develop,an RNA sequencing,We develop an RNA sequencing,0.6642856
MT2022_2025,W4220991830,10,auto,We,find,"that , surprisingly","We find that , surprisingly",0.6707397
MT2022_2025,W4220991830,11,auto,We,further,introduce a method,We further introduce a method,0.6236836
MT2022_2025,W4220991830,12,auto,Our,findings,show that highly,Our findings show that highly,0.630312
MT2022_2025,W4220991830,13,auto,Together,",",our study demonstrates,"Together , our study demonstrates",0.59060055
MT2022_2025,W4220991830,14,auto,M,essenger,RNA ( mRNA,M essenger RNA ( mRNA,0.69227684
MT2022_2025,W4220991830,15,auto,Compared,to,recombinant proteins expressed,Compared to recombinant proteins expressed,0.5075727
MT2022_2025,W4220991830,16,auto,Over,the,"past decade ,","Over the past decade ,",0.7743904
MT2022_2025,W4220991830,17,auto,The,development,of mRNAs redesigned,The development of mRNAs redesigned,0.7516291
MT2022_2025,W4220991830,18,auto,However,",",achieving such designs,"However , achieving such designs",0.6089011
MT2022_2025,W4220991830,19,auto,For,example,", it has","For example , it has",0.6586618
MT2022_2025,W4220991830,20,auto,We,present,a massively parallel,We present a massively parallel,0.67548734
MT2022_2025,W4220991830,21,auto,This,represents,the first screen,This represents the first screen,0.63456845
MT2022_2025,W4220991830,22,auto,We,further,leverage the unique,We further leverage the unique,0.6250561
MT2022_2025,W4220991830,23,auto,We,integrate,our datasets to,We integrate our datasets to,0.63172865
MT2022_2025,W4220991830,24,auto,This,model,enables the identification,This model enables the identification,0.6555007
MT2022_2025,W4220991830,25,auto,With,the,further aim of,With the further aim of,0.7346848
MT2022_2025,W4220991830,26,auto,In,search,of design rules,In search of design rules,0.67035365
MT2022_2025,W4220991830,27,auto,We,took,advantage of recent,We took advantage of recent,0.66771525
MT2022_2025,W4220991830,28,auto,Our,mRNA,library contained 233,Our mRNA library contained 233,0.6289718
MT2022_2025,W4220991830,29,auto,Hundred,and,twelve of these,Hundred and twelve of these,0.65855324
MT2022_2025,W4220991830,30,auto,As,examples,of cellular sequences,As examples of cellular sequences,0.75259244
MT2022_2025,W4220991830,31,auto,For,example,", internal ribosome","For example , internal ribosome",0.701135
MT2022_2025,W4220991830,32,auto,Therefore,",",several UTRs originating,"Therefore , several UTRs originating",0.597752
MT2022_2025,W4220991830,33,auto,As,our,"main reference ,","As our main reference ,",0.70715064
MT2022_2025,W4220991830,34,auto,Consequently,",",we asked participants,"Consequently , we asked participants",0.5219429
MT2022_2025,W4220991830,35,auto,To,assess,"translation efficiencies ,","To assess translation efficiencies ,",0.70687574
MT2022_2025,W4220991830,36,auto,The,cell,lysate then undergoes,The cell lysate then undergoes,0.69447875
MT2022_2025,W4220991830,37,auto,Actively,translating,mRNAs have a,Actively translating mRNAs have a,0.69039255
MT2022_2025,W4220991830,38,auto,We,categorized,the origins of,We categorized the origins of,0.6226859
MT2022_2025,W4220991830,39,auto,Overall,",",the mRNA designs,"Overall , the mRNA designs",0.61357236
MT2022_2025,W4220991830,40,auto,We,next,asked if the,We next asked if the,0.52833426
MT2022_2025,W4220991830,41,auto,While,the,combined DEN2 3,While the combined DEN2 3,0.7623783
MT2022_2025,W4220991830,42,auto,The,total,protein output from,The total protein output from,0.6295123
MT2022_2025,W4220991830,43,auto,To,assess,the in -,To assess the in -,0.67192316
MT2022_2025,W4220991830,44,auto,To,ensure,recovery of intact,To ensure recovery of intact,0.67549115
MT2022_2025,W4220991830,45,auto,This,expression,enables the ranking,This expression enables the ranking,0.65319383
MT2022_2025,W4220991830,46,auto,The,strongest,prediction of previous,The strongest prediction of previous,0.748575
MT2022_2025,W4220991830,47,auto,The,next,largest source of,The next largest source of,0.63310444
MT2022_2025,W4220991830,48,auto,Within,mRNAs,encoding for a,Within mRNAs encoding for a,0.7406299
MT2022_2025,W4220991830,49,auto,The,mRNA,designs above varied,The mRNA designs above varied,0.71833974
MT2022_2025,W4220991830,50,auto,Limiting,the,lengths of these,Limiting the lengths of these,0.71100676
MT2022_2025,W4220991830,51,auto,When,analyzed,across known secondary,When analyzed across known secondary,0.42566457
MT2022_2025,W4220991830,52,auto,For,example,", in the","For example , in the",0.65740454
MT2022_2025,W4220991830,53,auto,Thus,",",independent of the,"Thus , independent of the",0.68372893
MT2022_2025,W4220991830,54,auto,To,test,the accuracy of,To test the accuracy of,0.6845504
MT2022_2025,W4220991830,55,auto,Given,that,the linkages with,Given that the linkages with,0.6887725
MT2022_2025,W4220991830,56,auto,In,particular,", we focused","In particular , we focused",0.6984774
MT2022_2025,W4220991830,57,auto,As,a,further test of,As a further test of,0.6655831
MT2022_2025,W4220991830,58,auto,Thus,far,we found that,Thus far we found that,0.6307579
MT2022_2025,W4220991830,59,auto,It,is,important to distinguish,It is important to distinguish,0.65570706
MT2022_2025,W4220991830,60,auto,Protein,expression,of an mRNA,Protein expression of an mRNA,0.7567812
MT2022_2025,W4220991830,61,auto,We,chose,six CDS designs,We chose six CDS designs,0.7042512
MT2022_2025,W4220991830,62,auto,For,our,"final experiments ,","For our final experiments ,",0.66932034
MT2022_2025,W4220991830,63,auto,A,simple,calculation of the,A simple calculation of the,0.63079506
MT2022_2025,W4220991830,64,auto,The,hypothesis,that mRNA stability,The hypothesis that mRNA stability,0.60596687
MT2022_2025,W4220991830,65,auto,Compared,to,the Nluc start,Compared to the Nluc start,0.61024374
MT2022_2025,W4220991830,66,auto,To,gain,insight into what,To gain insight into what,0.69569415
MT2022_2025,W4220991830,67,auto,In,all,our tests above,In all our tests above,0.6984841
MT2022_2025,W4220991830,68,auto,As,a,"final experiment ,","As a final experiment ,",0.6963149
MT2022_2025,W4220991830,69,auto,For,this,' end -,For this ' end -,0.70085984
MT2022_2025,W4220991830,70,auto,Each,individual,Nluc mRNA was,Each individual Nluc mRNA was,0.6537859
MT2022_2025,W4220991830,71,auto,To,test,the reproducibility of,To test the reproducibility of,0.7085117
MT2022_2025,W4220991830,72,auto,Moreover,",",downstream luciferase expression,"Moreover , downstream luciferase expression",0.56579643
MT2022_2025,W4220991830,73,auto,Discussion,mRNA,- based therapeutics,Discussion mRNA - based therapeutics,0.67374057
MT2022_2025,W4220991830,74,auto,Our,first,set of experimental,Our first set of experimental,0.69907385
MT2022_2025,W4220991830,75,auto,This,technology,identifies previously unknown,This technology identifies previously unknown,0.6271692
MT2022_2025,W4220991830,76,auto,Most,important,for enhancing these,Most important for enhancing these,0.7051318
MT2022_2025,W4220991830,77,auto,This,might,particularly be important,This might particularly be important,0.65334755
MT2022_2025,W4220991830,78,auto,Specifically,",",mRNAs associated with,"Specifically , mRNAs associated with",0.58570564
MT2022_2025,W4220991830,79,auto,This,effect,may derive from,This effect may derive from,0.57265496
MT2022_2025,W4220991830,80,auto,A,potential,explanation for a,A potential explanation for a,0.7385495
MT2022_2025,W4220991830,81,auto,PERSIST,-,seq confirms that,PERSIST - seq confirms that,0.63873225
MT2022_2025,W4220991830,82,auto,Further,design,insights came from,Further design insights came from,0.5706102
MT2022_2025,W4220991830,83,auto,By,combining,"optimal UTRs ,","By combining optimal UTRs ,",0.69121253
MT2022_2025,W4220991830,84,auto,We,note,that DegScore was,We note that DegScore was,0.6584233
MT2022_2025,W4220991830,85,auto,Thus,",",future studies training,"Thus , future studies training",0.6498062
MT2022_2025,W4220991830,86,auto,Ultimately,",",by applying DegScore,"Ultimately , by applying DegScore",0.6248282
MT2022_2025,W4220991830,87,auto,While,it,is difficult to,While it is difficult to,0.6535871
MT2022_2025,W4220991830,88,auto,Thus,",",it is likely,"Thus , it is likely",0.64878404
MT2022_2025,W4220991830,89,auto,We,also,note that our,We also note that our,0.7133034
MT2022_2025,W4220991830,90,auto,There,does,not have to,There does not have to,0.51246715
MT2022_2025,W4220991830,91,auto,Looking,ahead,", our computational","Looking ahead , our computational",0.7175592
MT2022_2025,W4220991830,92,auto,As,mRNA,- based medicines,As mRNA - based medicines,0.593492
MT2022_2025,W4220991830,94,auto,In,vitro,transcription of reporter,In vitro transcription of reporter,0.74304193
MT2022_2025,W4220991830,95,auto,The,preparation,of mRNAs were,The preparation of mRNAs were,0.68540287
MT2022_2025,W4220991830,96,auto,DNA,templates,were amplified by,DNA templates were amplified by,0.65115356
MT2022_2025,W4220991830,97,auto,The,source,of the 3xHA,The source of the 3xHA,0.66628367
MT2022_2025,W4220991830,98,auto,A,20,µ L transcription,A 20 µ L transcription,0.5609216
MT2022_2025,W4220991830,99,auto,5,µg,linear DNA template,5 µg linear DNA template,0.65811694
MT2022_2025,W4220991830,100,auto,After,a,total incubation for,After a total incubation for,0.60644037
MT2022_2025,W4220991830,101,auto,For,pseudouridylated,"mRNAs , pseudouridine","For pseudouridylated mRNAs , pseudouridine",0.7657516
MT2022_2025,W4220991830,102,auto,mRNA,was,purified using MegaClear,mRNA was purified using MegaClear,0.6073888
MT2022_2025,W4220991830,103,auto,A,20,µ L reaction,A 20 µ L reaction,0.56779814
MT2022_2025,W4220991830,104,auto,For,mRNA,transfection of HEK293T,For mRNA transfection of HEK293T,0.65948695
MT2022_2025,W4220991830,105,auto,In,vitro,transcribed mRNA was,In vitro transcribed mRNA was,0.6706392
MT2022_2025,W4220991830,106,auto,Aliquots,of,30 µg of,Aliquots of 30 µg of,0.6143215
MT2022_2025,W4220991830,107,auto,The,50,µL capping reaction,The 50 µL capping reaction,0.48389673
MT2022_2025,W4220991830,108,auto,For,the,"capping step ,","For the capping step ,",0.7444629
MT2022_2025,W4220991830,109,auto,Polyadenylation,was,performed from the,Polyadenylation was performed from the,0.6460582
MT2022_2025,W4220991830,110,auto,The,polyA,reaction contained 30,The polyA reaction contained 30,0.6454158
MT2022_2025,W4220991830,111,auto,We,aimed,to add a,We aimed to add a,0.6889312
MT2022_2025,W4220991830,112,auto,The,mRNA,was again purified,The mRNA was again purified,0.5911008
MT2022_2025,W4220991830,113,auto,mRNA,concentration,was determined on,mRNA concentration was determined on,0.6467268
MT2022_2025,W4220991830,114,auto,This,usually,yields 30 -,This usually yields 30 -,0.77638733
MT2022_2025,W4220991830,115,auto,mRNA,quality,was determined by,mRNA quality was determined by,0.5570864
MT2022_2025,W4220991830,116,auto,A,list,of all primer,A list of all primer,0.56002545
MT2022_2025,W4220991830,117,auto,Raw,data,images of gels,Raw data images of gels,0.5956705
MT2022_2025,W4220991830,118,auto,Formulation,of,RNAs in Polyplex,Formulation of RNAs in Polyplex,0.56580454
MT2022_2025,W4220991830,119,auto,In,vivo,- jetPEI ®,In vivo - jetPEI ®,0.6816087
MT2022_2025,W4220991830,120,auto,All,other,chemicals were multi,All other chemicals were multi,0.61371017
MT2022_2025,W4220991830,121,auto,Polyplex,was,prepared by mixing,Polyplex was prepared by mixing,0.6050974
MT2022_2025,W4220991830,122,auto,Briefly,",",in a 2,"Briefly , in a 2",0.67682683
MT2022_2025,W4220991830,123,auto,PEI,solution,was prepared with,PEI solution was prepared with,0.6236335
MT2022_2025,W4220991830,124,auto,Two,parts,were mixed in,Two parts were mixed in,0.73191065
MT2022_2025,W4220991830,125,auto,The,final,matrix was 5,The final matrix was 5,0.6960616
MT2022_2025,W4220991830,126,auto,Samples,were,then aliquoted and,Samples were then aliquoted and,0.5766423
MT2022_2025,W4220991830,127,auto,Cell,culture,and transfections .,Cell culture and transfections .,0.6997698
MT2022_2025,W4220991830,128,auto,HEK,293T,( ATCC :,HEK 293T ( ATCC :,0.57111496
MT2022_2025,W4220991830,129,auto,For,transfection,of pooled 5,For transfection of pooled 5,0.6015073
MT2022_2025,W4220991830,130,auto,10,µg,of pooled RNAs,10 µg of pooled RNAs,0.5879068
MT2022_2025,W4220991830,131,auto,Media,was,changed 3 h,Media was changed 3 h,0.5910963
MT2022_2025,W4220991830,132,auto,For,transfections,of individual m,For transfections of individual m,0.5765342
MT2022_2025,W4220991830,133,auto,Subsequently,",",10 ng of,"Subsequently , 10 ng of",0.6387464
MT2022_2025,W4220991830,134,auto,A,list,of all primer,A list of all primer,0.56002563
MT2022_2025,W4220991830,135,auto,All,oligonucleotides,were purchased from,All oligonucleotides were purchased from,0.69498223
MT2022_2025,W4220991830,136,auto,To,measure,expression from RNA,To measure expression from RNA,0.6486114
MT2022_2025,W4220991830,137,auto,Samples,with,an estimated 10,Samples with an estimated 10,0.70250064
MT2022_2025,W4220991830,138,auto,The,mixture,was directly added,The mixture was directly added,0.75689894
MT2022_2025,W4220991830,139,auto,Transfections,were,done in triplicates,Transfections were done in triplicates,0.5603361
MT2022_2025,W4220991830,140,auto,Sucrose,gradient,fractionation analysis .,Sucrose gradient fractionation analysis .,0.6563033
MT2022_2025,W4220991830,141,auto,Cell,culture,media was replaced,Cell culture media was replaced,0.7671928
MT2022_2025,W4220991830,142,auto,After,2,"min , cells","After 2 min , cells",0.5876537
MT2022_2025,W4220991830,143,auto,~,10,× 10 6,~ 10 × 10 6,0.6830189
MT2022_2025,W4220991830,144,auto,After,lysis,", nuclei were","After lysis , nuclei were",0.7037809
MT2022_2025,W4220991830,145,auto,25,-,50 % sucrose,25 - 50 % sucrose,0.6038582
MT2022_2025,W4220991830,146,auto,The,lysate,was layered onto,The lysate was layered onto,0.63199526
MT2022_2025,W4220991830,147,auto,The,gradient,was density fractionated,The gradient was density fractionated,0.7467692
MT2022_2025,W4220991830,148,auto,Seven,hundred,microliters of each,Seven hundred microliters of each,0.65170795
MT2022_2025,W4220991830,149,auto,Six,hundred,microliters aqueous phase,Six hundred microliters aqueous phase,0.6367205
MT2022_2025,W4220991830,150,auto,Luciferase,activity,assay after mRNA,Luciferase activity assay after mRNA,0.68714803
MT2022_2025,W4220991830,151,auto,Media,from,transiently transfected HEK293T,Media from transiently transfected HEK293T,0.5329062
MT2022_2025,W4220991830,152,auto,After,thawing,", 20 µL","After thawing , 20 µL",0.6900537
MT2022_2025,W4220991830,153,auto,In,particular,", 50 µL","In particular , 50 µL",0.68522453
MT2022_2025,W4220991830,154,auto,Subsequently,",",50 µL of,"Subsequently , 50 µL of",0.580789
MT2022_2025,W4220991830,155,auto,Luciferase,reporter,activity is expressed,Luciferase reporter activity is expressed,0.74516135
MT2022_2025,W4220991830,156,auto,Each,experiment,has performed a,Each experiment has performed a,0.69004726
MT2022_2025,W4220991830,157,auto,Because,this,assay relies on,Because this assay relies on,0.75781447
MT2022_2025,W4220991830,158,auto,At,Pfizer,", luciferase activity","At Pfizer , luciferase activity",0.60966724
MT2022_2025,W4220991830,159,auto,At,the,indicated time points,At the indicated time points,0.6587316
MT2022_2025,W4220991830,160,auto,Briefly,",",supernatant was aspirated,"Briefly , supernatant was aspirated",0.6163935
MT2022_2025,W4220991830,161,auto,Fluc,activity,was measured from,Fluc activity was measured from,0.6857882
MT2022_2025,W4220991830,162,auto,Then,",",100 µL of,"Then , 100 µL of",0.5786814
MT2022_2025,W4220991830,163,auto,Nluc,activity,was normalized to,Nluc activity was normalized to,0.6338888
MT2022_2025,W4220991830,164,auto,Quantitative,RT,- PCR (,Quantitative RT - PCR (,0.51176614
MT2022_2025,W4220991830,165,auto,RNA,-,transfected HEK293T cells,RNA - transfected HEK293T cells,0.5291249
MT2022_2025,W4220991830,166,auto,From,each,fraction .,From each fraction .,0.7123011
MT2022_2025,W4220991830,167,auto,RNA,was,purified by acidic,RNA was purified by acidic,0.6263261
MT2022_2025,W4220991830,168,auto,0.5,mg,of RNA was,0.5 mg of RNA was,0.66738915
MT2022_2025,W4220991830,169,auto,cDNA,was,synthesized from 100,cDNA was synthesized from 100,0.6150024
MT2022_2025,W4220991830,170,auto,PCR,reactions,were assembled in,PCR reactions were assembled in,0.6977398
MT2022_2025,W4220991830,171,auto,Data,were,analyzed and converted,Data were analyzed and converted,0.5252978
MT2022_2025,W4220991830,172,auto,For,sucrose,"gradient fractions ,","For sucrose gradient fractions ,",0.70320165
MT2022_2025,W4220991830,173,auto,Primers,were,used at 250,Primers were used at 250,0.60775745
MT2022_2025,W4220991830,174,auto,A,list,of all primer,A list of all primer,0.56002563
MT2022_2025,W4220991830,175,auto,In,cell,and in -,In cell and in -,0.53721744
MT2022_2025,W4220991830,176,auto,For,in,- cell RNA,For in - cell RNA,0.5842208
MT2022_2025,W4220991830,177,auto,RNA,was,extracted from the,RNA was extracted from the,0.61749387
MT2022_2025,W4220991830,178,auto,For,in,- solution RNA,For in - solution RNA,0.6057908
MT2022_2025,W4220991830,179,auto,To,each,"sample , 15","To each sample , 15",0.74107766
MT2022_2025,W4220991830,180,auto,The,integrity,of each sample,The integrity of each sample,0.6989187
MT2022_2025,W4220991830,181,auto,Subsequently,",",RNA was purified,"Subsequently , RNA was purified",0.61195576
MT2022_2025,W4220991830,182,auto,Measurement,of,RNA Stability by,Measurement of RNA Stability by,0.5940773
MT2022_2025,W4220991830,183,auto,All,chemicals,and reagents other,All chemicals and reagents other,0.75794375
MT2022_2025,W4220991830,184,auto,The,PLX,- RNA samples,The PLX - RNA samples,0.72808087
MT2022_2025,W4220991830,185,auto,At,each,time point (,At each time point (,0.6990247
MT2022_2025,W4220991830,186,auto,Aliquots,were,thawed at the,Aliquots were thawed at the,0.58430547
MT2022_2025,W4220991830,187,auto,Briefly,",",45 µL of,"Briefly , 45 µL of",0.5845782
MT2022_2025,W4220991830,188,auto,These,processed,samples were further,These processed samples were further,0.6865434
MT2022_2025,W4220991830,189,auto,The,diluted,samples were loaded,The diluted samples were loaded,0.71165264
MT2022_2025,W4220991830,190,auto,The,FA,analysis was performed,The FA analysis was performed,0.6081383
MT2022_2025,W4220991830,191,auto,The,key,experimental parameters are,The key experimental parameters are,0.65804327
MT2022_2025,W4220991830,192,auto,The,FA,electropherograms were processed,The FA electropherograms were processed,0.61008894
MT2022_2025,W4220991830,193,auto,The,RNA,degradation rate was,The RNA degradation rate was,0.7213398
MT2022_2025,W4220991830,194,auto,The,half,- life of,The half - life of,0.6995985
MT2022_2025,W4220991830,195,auto,Library,preparation,and amplicon sequencing,Library preparation and amplicon sequencing,0.70533186
MT2022_2025,W4220991830,196,auto,Up,to,250 ng RNA,Up to 250 ng RNA,0.59128207
MT2022_2025,W4220991830,197,auto,The,RNA,samples were then,The RNA samples were then,0.7062578
MT2022_2025,W4220991830,198,auto,1.75,µL,reverse transcription mix,1.75 µL reverse transcription mix,0.5731555
MT2022_2025,W4220991830,199,auto,The,reaction,was incubated at,The reaction was incubated at,0.68073565
MT2022_2025,W4220991830,200,auto,First,round,PCR was performed,First round PCR was performed,0.68664396
MT2022_2025,W4220991830,201,auto,Primer,sequences,and the sequencing,Primer sequences and the sequencing,0.619316
MT2022_2025,W4220991830,202,auto,Amplicon,sequencing,data analysis .,Amplicon sequencing data analysis .,0.7550446
MT2022_2025,W4220991830,203,auto,After,bcl,conversion and demultiplexing,After bcl conversion and demultiplexing,0.62720096
MT2022_2025,W4220991830,204,auto,The,count,matrix was log,The count matrix was log,0.6893776
MT2022_2025,W4220991830,205,auto,For,the,calculation of RNA,For the calculation of RNA,0.7020172
MT2022_2025,W4220991830,206,auto,The,mRNA,half - life,The mRNA half - life,0.6672166
MT2022_2025,W4220991830,207,auto,The,mRNA,half - life,The mRNA half - life,0.6672166
MT2022_2025,W4220991830,208,auto,Time,courses,in which the,Time courses in which the,0.6326075
MT2022_2025,W4220991830,209,auto,For,polysome,"profiles , percent","For polysome profiles , percent",0.7679282
MT2022_2025,W4220991830,210,auto,For,the,heatmap displays in,For the heatmap displays in,0.7834656
MT2022_2025,W4220991830,211,auto,For,the,calculation of ribosome,For the calculation of ribosome,0.7460912
MT2022_2025,W4220991830,212,auto,For,the,calculation of polysome,For the calculation of polysome,0.7264549
MT2022_2025,W4220991830,213,auto,For,the,calculation of monosome,For the calculation of monosome,0.7338275
MT2022_2025,W4220991830,214,auto,To,calculate,the expected protein,To calculate the expected protein,0.667748
MT2022_2025,W4220991830,215,auto,The,analytical,solution for P(,The analytical solution for P(,0.6682306
MT2022_2025,W4220991830,216,auto,k,p,is set to,k p is set to,0.7228867
MT2022_2025,W4220991830,217,auto,Most,analysis,steps were carried,Most analysis steps were carried,0.6837285
MT2022_2025,W4220991830,218,auto,The,In,-line - seq,The In -line - seq,0.53812194
MT2022_2025,W4220991830,219,auto,We,describe,these steps below,We describe these steps below,0.6549365
MT2022_2025,W4220991830,220,auto,DNA,fragments,encoding for RNA,DNA fragments encoding for RNA,0.7811613
MT2022_2025,W4220991830,221,auto,Amplification,of,the DNA template,Amplification of the DNA template,0.5983634
MT2022_2025,W4220991830,222,auto,A,hydrophobic,solution ( ',A hydrophobic solution ( ',0.6050062
MT2022_2025,W4220991830,223,auto,Then,",",75 µ L,"Then , 75 µ L",0.68718535
MT2022_2025,W4220991830,224,auto,In,a,1.0 ml glass,In a 1.0 ml glass,0.6128224
MT2022_2025,W4220991830,225,auto,Next,",",10 µL of,"Next , 10 µL of",0.69054204
MT2022_2025,W4220991830,226,auto,This,addition,of the liquid,This addition of the liquid,0.66605335
MT2022_2025,W4220991830,227,auto,The,now,- mixed 350,The now - mixed 350,0.7136334
MT2022_2025,W4220991830,228,auto,The,PCR,was purified by,The PCR was purified by,0.6487979
MT2022_2025,W4220991830,229,auto,The,oil,phase was then,The oil phase was then,0.67396975
MT2022_2025,W4220991830,230,auto,One,microliter,of diethyl ether,One microliter of diethyl ether,0.66663134
MT2022_2025,W4220991830,231,auto,The,upper,layer ( termed,The upper layer ( termed,0.73729336
MT2022_2025,W4220991830,232,auto,Extraction,with,diethyl ether was,Extraction with diethyl ether was,0.674268
MT2022_2025,W4220991830,233,auto,The,resulting,product was then,The resulting product was then,0.6755799
MT2022_2025,W4220991830,234,auto,Finally,",",DNA was eluted,"Finally , DNA was eluted",0.61255825
MT2022_2025,W4220991830,235,auto,Preparation,of,RNA templates .,Preparation of RNA templates .,0.55514145
MT2022_2025,W4220991830,236,auto,A,library,of RNA molecules,A library of RNA molecules,0.67417246
MT2022_2025,W4220991830,237,auto,Transcription,was,performed with incubation,Transcription was performed with incubation,0.65693676
MT2022_2025,W4220991830,238,auto,After,transcription,", the DNA","After transcription , the DNA",0.59982824
MT2022_2025,W4220991830,239,auto,After,DNA,"digestion , the","After DNA digestion , the",0.6958842
MT2022_2025,W4220991830,240,auto,Final,elution,into 25 µL,Final elution into 25 µL,0.69520783
MT2022_2025,W4220991830,241,auto,Degradation,in,- line probing,Degradation in - line probing,0.5746549
MT2022_2025,W4220991830,242,auto,For,degradation,"experiments , 45","For degradation experiments , 45",0.70725137
MT2022_2025,W4220991830,243,auto,For,degradation,reactions containing MgCl,For degradation reactions containing MgCl,0.627487
MT2022_2025,W4220991830,244,auto,For,reactions,without MgCl 2,For reactions without MgCl 2,0.68534803
MT2022_2025,W4220991830,245,auto,At,each,"timepoint , the","At each timepoint , the",0.69020295
MT2022_2025,W4220991830,246,auto,Quenched,samples,were brought to,Quenched samples were brought to,0.7274034
MT2022_2025,W4220991830,247,auto,The,RNA,was purified through,The RNA was purified through,0.7240565
MT2022_2025,W4220991830,248,auto,1.5,µL,of Glyco Blue,1.5 µL of Glyco Blue,0.5806669
MT2022_2025,W4220991830,249,auto,After,incubation,", the reaction","After incubation , the reaction",0.6626016
MT2022_2025,W4220991830,250,auto,The,resulting,pellet was washed,The resulting pellet was washed,0.5453858
MT2022_2025,W4220991830,251,auto,Finally,",",the reaction was,"Finally , the reaction was",0.6032928
MT2022_2025,W4220991830,252,auto,Structure,probing,of RNA samples,Structure probing of RNA samples,0.68715143
MT2022_2025,W4220991830,253,auto,In,parallel,with the in,In parallel with the in,0.5776913
MT2022_2025,W4220991830,254,auto,cDNA,was,prepared from the,cDNA was prepared from the,0.5960561
MT2022_2025,W4220991830,255,auto,Five,microliters,of purified RNA,Five microliters of purified RNA,0.72592545
MT2022_2025,W4220991830,256,auto,The,reaction,was incubated at,The reaction was incubated at,0.68073565
MT2022_2025,W4220991830,257,auto,The,reaction,was then incubated,The reaction was then incubated,0.68216485
MT2022_2025,W4220991830,258,auto,cDNA,was,pooled down with,cDNA was pooled down with,0.6278143
MT2022_2025,W4220991830,259,auto,dsDNA,at,3 nM concentration,dsDNA at 3 nM concentration,0.5626538
MT2022_2025,W4220991830,260,auto,The,resulting,data were analyzed,The resulting data were analyzed,0.6612493
MT2022_2025,W4220991830,261,auto,One,-,by - one,One - by - one,0.6849906
MT2022_2025,W4220991830,262,auto,We,describe,these steps below,We describe these steps below,0.6549365
MT2022_2025,W4220991830,263,auto,DNA,templates,were designed to,DNA templates were designed to,0.6984628
MT2022_2025,W4220991830,264,auto,Double,-,stranded templates were,Double - stranded templates were,0.5675161
MT2022_2025,W4220991830,265,auto,DNA,samples,were purified with,DNA samples were purified with,0.6248212
MT2022_2025,W4220991830,266,auto,Sample,concentrations,were estimated based,Sample concentrations were estimated based,0.74489605
MT2022_2025,W4220991830,267,auto,Verification,of,template length was,Verification of template length was,0.6586991
MT2022_2025,W4220991830,268,auto,All,sample,"manipulations , including","All sample manipulations , including",0.6844374
MT2022_2025,W4220991830,269,auto,Preparation,of,RNA templates .,Preparation of RNA templates .,0.55514145
MT2022_2025,W4220991830,270,auto,In,vitro,transcription reactions were,In vitro transcription reactions were,0.62288797
MT2022_2025,W4220991830,271,auto,In,some,"syntheses , pseudouridine","In some syntheses , pseudouridine",0.7290696
MT2022_2025,W4220991830,272,auto,Reactions,were,incubated for 3,Reactions were incubated for 3,0.5876265
MT2022_2025,W4220991830,273,auto,RNA,samples,were purified with,RNA samples were purified with,0.6037226
MT2022_2025,W4220991830,274,auto,Concentrations,were,measured by absorbance,Concentrations were measured by absorbance,0.624224
MT2022_2025,W4220991830,275,auto,In,-,line probing (,In - line probing (,0.7040484
MT2022_2025,W4220991830,276,auto,For,degradation,"experiments , 750","For degradation experiments , 750",0.7213431
MT2022_2025,W4220991830,277,auto,RNA,was,collected at 0,RNA was collected at 0,0.6136889
MT2022_2025,W4220991830,278,auto,At,each,"timepoint , 15","At each timepoint , 15",0.72275
MT2022_2025,W4220991830,279,auto,Quenched,samples,were purified with,Quenched samples were purified with,0.65922827
MT2022_2025,W4220991830,280,auto,RNA,",","bead , and","RNA , bead , and",0.6797651
MT2022_2025,W4220991830,281,auto,RNA,was,eluted in 2.5,RNA was eluted in 2.5,0.51935834
MT2022_2025,W4220991830,282,auto,Subsequently,",",these RNAs were,"Subsequently , these RNAs were",0.65860766
MT2022_2025,W4220991830,283,auto,RNAs,were,added to 2,RNAs were added to 2,0.62855005
MT2022_2025,W4220991830,284,auto,The,reaction,was then cooled,The reaction was then cooled,0.72747535
MT2022_2025,W4220991830,285,auto,Two,microliters,of 100 mM,Two microliters of 100 mM,0.6737696
MT2022_2025,W4220991830,286,auto,The,sample,was cooled down,The sample was cooled down,0.70772696
MT2022_2025,W4220991830,287,auto,The,RNA,sample was further,The RNA sample was further,0.69375646
MT2022_2025,W4220991830,288,auto,The,reaction,mixture was incubated,The reaction mixture was incubated,0.65049666
MT2022_2025,W4220991830,290,auto,For,SHAPE,structure probing experiments,For SHAPE structure probing experiments,0.7267414
MT2022_2025,W4220991830,291,auto,The,reaction,was then cooled,The reaction was then cooled,0.72747535
MT2022_2025,W4220991830,292,auto,2,µL,of 100 mM,2 µL of 100 mM,0.6552417
MT2022_2025,W4220991830,293,auto,The,sample,was cooled down,The sample was cooled down,0.70772696
MT2022_2025,W4220991830,294,auto,The,SHAPE,- RNA sample,The SHAPE - RNA sample,0.7373206
MT2022_2025,W4220991830,295,auto,The,reaction,mixture was incubated,The reaction mixture was incubated,0.65049666
MT2022_2025,W4220991830,296,auto,Preparation,of,in - line,Preparation of in - line,0.59768164
MT2022_2025,W4220991830,297,auto,cDNA,was,prepared from in,cDNA was prepared from in,0.64259857
MT2022_2025,W4220991830,298,auto,2.5,µL,of purified RNA,2.5 µL of purified RNA,0.5741877
MT2022_2025,W4220991830,299,auto,The,reaction,was incubated at,The reaction was incubated at,0.68073565
MT2022_2025,W4220991830,300,auto,The,reaction,was then incubated,The reaction was then incubated,0.68216485
MT2022_2025,W4220991830,301,auto,For,four,cDNA reference ladders,For four cDNA reference ladders,0.62973166
MT2022_2025,W4220991830,302,auto,cDNA,was,pulled down on,cDNA was pulled down on,0.6110782
MT2022_2025,W4220991830,303,auto,To,elute,the bound cDNA,To elute the bound cDNA,0.71271986
MT2022_2025,W4220991830,304,auto,The,cDNA,was further diluted,The cDNA was further diluted,0.6688401
MT2022_2025,W4220991830,305,auto,CE,data,were analyzed using,CE data were analyzed using,0.6343672
MT2022_2025,W4220991830,306,auto,For,one,- by -,For one - by -,0.6188538
MT2022_2025,W4220991830,307,auto,For,each,"time point ,","For each time point ,",0.80743253
MT2022_2025,W4220991830,308,auto,When,the,incubation period was,When the incubation period was,0.75213027
MT2022_2025,W4220991830,309,auto,After,the,final time point,After the final time point,0.73626304
MT2022_2025,W4220991830,310,auto,For,these,"experiments , we","For these experiments , we",0.6385583
MT2022_2025,W4220991830,311,auto,The,RNA,mixture was then,The RNA mixture was then,0.6635477
MT2022_2025,W4220991830,312,auto,The,resulting,RNA was eluted,The resulting RNA was eluted,0.60596853
MT2022_2025,W4220991830,313,auto,The,data,from the Bioanalyzer,The data from the Bioanalyzer,0.5801475
MT2022_2025,W4220991830,314,auto,We,first,converted elution times,We first converted elution times,0.66090435
MT2022_2025,W4220991830,315,auto,We,then,estimated relative mRNA,We then estimated relative mRNA,0.59835786
MT2022_2025,W4220991830,316,auto,When,calculating,"peak areas ,","When calculating peak areas ,",0.703383
MT2022_2025,W4220991830,317,auto,Normalization,was,performed using two,Normalization was performed using two,0.6133365
MT2022_2025,W4220991830,318,auto,First,",",we normalized the,"First , we normalized the",0.61129415
MT2022_2025,W4220991830,319,auto,Second,",",we also normalized,"Second , we also normalized",0.60394347
MT2022_2025,W4220991830,320,auto,These,distinct,approaches to normalizing,These distinct approaches to normalizing,0.68320495
MT2022_2025,W4220991830,321,auto,After,calculations,of normalized peak,After calculations of normalized peak,0.73088056
MT2022_2025,W4220991830,322,auto,Fraction,Intact,i ¼ Normalized,Fraction Intact i ¼ Normalized,0.7452577
MT2022_2025,W4220991830,323,auto,For,each,"sample , we","For each sample , we",0.7306321
MT2022_2025,W4220991830,324,auto,We,then,used the time,We then used the time,0.5858943
MT2022_2025,W4220991830,325,auto,Half,À,life ¼ ln,Half À life ¼ ln,0.6326914
MT2022_2025,W4220991830,326,auto,Polysome,selection,and library preparation,Polysome selection and library preparation,0.7055491
MT2022_2025,W4220991830,327,auto,The,variant,5 ′ UTR,The variant 5 ′ UTR,0.6509638
MT2022_2025,W4220991830,328,auto,See,Supplementary,Data 7 for,See Supplementary Data 7 for,0.6234877
MT2022_2025,W4220991830,329,auto,To,generate,the reporter mRNA,To generate the reporter mRNA,0.63304317
MT2022_2025,W4220991830,330,auto,Cycling,conditions,are : 95,Cycling conditions are : 95,0.69655144
MT2022_2025,W4220991830,331,auto,Cycling,conditions,are : 95,Cycling conditions are : 95,0.69655144
MT2022_2025,W4220991830,332,auto,The,mRNA,was in vitro,The mRNA was in vitro,0.7055569
MT2022_2025,W4220991830,333,auto,This,yields,an estimated initial,This yields an estimated initial,0.68062484
MT2022_2025,W4220991830,334,auto,Equal,volumes,of fractions 10,Equal volumes of fractions 10,0.7457838
MT2022_2025,W4220991830,335,auto,1/3,lysate,volume was kept,1/3 lysate volume was kept,0.5827619
MT2022_2025,W4220991830,336,auto,1.5,µg,RNA in 5.5,1.5 µg RNA in 5.5,0.5630859
MT2022_2025,W4220991830,337,auto,The,RNA,samples were then,The RNA samples were then,0.7062579
MT2022_2025,W4220991830,338,auto,3.5,µL,reverse transcription mix,3.5 µL reverse transcription mix,0.5933913
MT2022_2025,W4220991830,339,auto,This,article,is licensed under,This article is licensed under,0.5264863
MT2022_2025,W4220991830,340,auto,The,images,or other third,The images or other third,0.658056
MT2022_2025,W4220991830,341,auto,If,material,is not included,If material is not included,0.50927794
MT2022_2025,W4220991830,342,auto,To,view,a copy of,To view a copy of,0.6682655
MT2022_2025,W4220991830,343,auto,Nluc,/,Fluc ( A.U.,Nluc / Fluc ( A.U.,0.5167592
MT2022_2025,W4220991830,344,auto,Nluc,/,Fluc ( A.U.,Nluc / Fluc ( A.U.,0.5167592
MT2022_2025,W4220991830,345,auto,a,CDS,and 5′/3 ′UTR,a CDS and 5′/3 ′UTR,0.5701012
MT2022_2025,W4220991830,346,auto,Six,mRNA,constructs were in,Six mRNA constructs were in,0.66250455
MT2022_2025,W4220991830,347,auto,Inclusion,of,ψ was tested,Inclusion of ψ was tested,0.6362706
MT2022_2025,W4220991830,348,auto,Bars,indicate,the geometric mean,Bars indicate the geometric mean,0.6429054
MT2022_2025,W4220991830,349,auto,Error,bars,indicate geometric standard,Error bars indicate geometric standard,0.7551917
MT2022_2025,W4220991830,350,auto,n,=,4 biologically independent,n = 4 biologically independent,0.6376376
MT2022_2025,W4220991830,351,auto,b,Workflow,for different approaches,b Workflow for different approaches,0.7480437
MT2022_2025,W4220991830,352,auto,c,Variations,in CDS design,c Variations in CDS design,0.7531318
MT2022_2025,W4220991830,353,auto,In,vitro,transcribed mRNAs (,In vitro transcribed mRNAs (,0.6421479
MT2022_2025,W4220991830,354,auto,In,-,solution half -,In - solution half -,0.6618213
MT2022_2025,W4220991830,355,auto,Predicted,secondary,structures are shown,Predicted secondary structures are shown,0.6563768
MT2022_2025,W4220991830,356,auto,Designs,derived,from LinearDesign solutions,Designs derived from LinearDesign solutions,0.56613773
MT2022_2025,W4220991830,357,auto,Asterisks,correspond,to twosided significance,Asterisks correspond to twosided significance,0.64807653
MT2022_2025,W4220991830,358,auto,Exact,p,-values are provided,Exact p -values are provided,0.6819296
MT2022_2025,W4220991830,359,auto,Bars,indicate,the mean of,Bars indicate the mean of,0.5902993
MT2022_2025,W4220991830,360,auto,Error,bars,indicate standard deviation,Error bars indicate standard deviation,0.7314889
MT2022_2025,W4220991830,361,auto,d,Predicted,secondary structure overview,d Predicted secondary structure overview,0.6353956
MT2022_2025,W4220991830,362,auto,Zoomed,boxes,indicate sequence optimizations,Zoomed boxes indicate sequence optimizations,0.74271274
MT2022_2025,W4220991830,363,auto,e,Increased,in - solution,e Increased in - solution,0.7118232
MT2022_2025,W4220991830,364,auto,Significance,test,for Spearman correlation,Significance test for Spearman correlation,0.70156944
MT2022_2025,W4220991830,365,auto,Error,bars,indicate standard deviation,Error bars indicate standard deviation,0.7314889
MT2022_2025,W4220991830,366,auto,2,µL,100x SYBR (,2 µL 100x SYBR (,0.56567025
MT2022_2025,W4220991830,367,auto,Fwd,mix,in 20 µ,Fwd mix in 20 µ,0.65670455
MT2022_2025,W4220991830,368,auto,Cycling,conditions,were : 98,Cycling conditions were : 98,0.7157028
MT2022_2025,W4220991830,369,auto,Second,round,PCR was performed,Second round PCR was performed,0.6798812
MT2022_2025,W4220991830,370,auto,Cycling,conditions,were : 98,Cycling conditions were : 98,0.7157028
MT2022_2025,W4220991830,371,auto,Sequencing,adaptors,were added using,Sequencing adaptors were added using,0.67089295
MT2022_2025,W4220991830,372,auto,Cycling,conditions,were : 98,Cycling conditions were : 98,0.7157028
MT2022_2025,W4220991830,373,auto,All,barcoded,samples were then,All barcoded samples were then,0.6941743
MT2022_2025,W4220991830,374,auto,chemical,mapping,of full -,chemical mapping of full -,0.7446309
MT2022_2025,W4220991830,375,auto,For,DMS,- based chemical,For DMS - based chemical,0.6299051
MT2022_2025,W4220991830,376,auto,The,RNA,was then mixed,The RNA was then mixed,0.68206227
MT2022_2025,W4220991830,377,auto,The,folded,RNA was modified,The folded RNA was modified,0.70441616
MT2022_2025,W4220991830,378,auto,Both,reactions,were incubated at,Both reactions were incubated at,0.6447769
MT2022_2025,W4220991830,379,auto,For,reverse,"transcription , 10","For reverse transcription , 10",0.69879436
MT2022_2025,W4220991830,380,auto,Then,",",the template -,"Then , the template -",0.67442167
MT2022_2025,W4220991830,381,auto,The,reaction,was mixed and,The reaction was mixed and,0.72127676
MT2022_2025,W4220991830,382,auto,Hydrolysis,was,quenched by bringing,Hydrolysis was quenched by bringing,0.7254099
MT2022_2025,W4220991830,383,auto,Five,microliters,of the purified,Five microliters of the purified,0.6497794
MT2022_2025,W4220991830,384,auto,Products,were,purified using 0.9X,Products were purified using 0.9X,0.5468034
MT2022_2025,W4220991830,385,auto,Amplification,of,the full -,Amplification of the full -,0.5954963
MT2022_2025,W4220991830,386,auto,NATURE,COMMUNICATIONS,| ( 2022,NATURE COMMUNICATIONS | ( 2022,0.6467605
MT2022_2025,W4220991830,388,auto,We,thank,the Barna and,We thank the Barna and,0.59013
MT2022_2025,W4220991830,389,auto,1042-2019,Long,- term Fellowship,1042-2019 Long - term Fellowship,0.65390116
MT2022_2025,W4220991830,390,auto,539-2015,Long,- Term Fellowship,539-2015 Long - Term Fellowship,0.6717813
MT2022_2025,W4220991830,391,auto,Code,availability,Scripts and data,Code availability Scripts and data,0.7280922
MT2022_2025,W4220991830,392,auto,Code,and,formatted datasets to,Code and formatted datasets to,0.6094018
MT2022_2025,W4220991830,393,auto,PERSIST,-,seq processing pipeline,PERSIST - seq processing pipeline,0.6041011
MT2022_2025,W4220991830,394,auto,10,µL,total reaction volume,10 µL total reaction volume,0.6318303
MT2022_2025,W4220991830,395,auto,The,reaction,was incubated at,The reaction was incubated at,0.6807357
MT2022_2025,W4220991830,396,auto,Variant,5,′ UTR amplicon,Variant 5 ′ UTR amplicon,0.5675892
MT2022_2025,W4220991830,397,auto,Cycling,conditions,were as follows,Cycling conditions were as follows,0.6953011
MT2022_2025,W4220991830,398,auto,The,mRNA,was in vitro,The mRNA was in vitro,0.7055568
MT2022_2025,W4220991830,399,auto,The,same,process of transfection,The same process of transfection,0.66066563
MT2022_2025,W4220991830,400,auto,For,sequencing,"library preparation ,","For sequencing library preparation ,",0.7448727
MT2022_2025,W4220991830,401,auto,Following,adapter,"trimming , 670,440","Following adapter trimming , 670,440",0.6529223
MT2022_2025,W4220991830,402,auto,Each,library,was aligned to,Each library was aligned to,0.68932766
MT2022_2025,W4220991830,403,auto,For,sequence,variants with at,For sequence variants with at,0.6635116
MT2022_2025,W4220991830,404,auto,100,For,analysis of k-mers,100 For analysis of k-mers,0.63337815
MT2022_2025,W4220991830,405,auto,Positionspecific,k-mers,were counted and,Positionspecific k-mers were counted and,0.6439516
MT2022_2025,W4220991830,406,auto,The,protein,sequences for each,The protein sequences for each,0.6816783
MT2022_2025,W4220991830,407,auto,Solutions,from,LinearDesign were obtained,Solutions from LinearDesign were obtained,0.5762738
MT2022_2025,W4220991830,408,auto,Ribotree,solutions,were terminated after,Ribotree solutions were terminated after,0.7154689
MT2022_2025,W4220991830,409,auto,The,RiboTree,code is available,The RiboTree code is available,0.6914978
MT2022_2025,W4220991830,410,auto,Structure,prediction,and ensemble -,Structure prediction and ensemble -,0.714341
MT2022_2025,W4220991830,411,auto,Secondary,structure,features were calculated,Secondary structure features were calculated,0.73045015
MT2022_2025,W4220991830,412,auto,CAI,was,calculated as the,CAI was calculated as the,0.60500765
MT2022_2025,W4220991830,413,auto,DegScore,Linear,Regression model .,DegScore Linear Regression model .,0.73603874
MT2022_2025,W4220991830,414,auto,A,Ridge,regression model in,A Ridge regression model in,0.65646625
MT2022_2025,W4220991830,415,auto,For,the,24 Nluc constructs,For the 24 Nluc constructs,0.732563
MT2022_2025,W4220991830,416,auto,Without,accounting,"for PSU ,","Without accounting for PSU ,",0.7399588
MT2022_2025,W4220991830,417,auto,We,modified,DegScore to set,We modified DegScore to set,0.7093325
MT2022_2025,W4220991830,418,auto,This,simple,change to the,This simple change to the,0.6383063
MT2022_2025,W4220991830,419,auto,In,all,"figures , data","In all figures , data",0.7071389
MT2022_2025,W4220991830,420,auto,Blinding,and,randomization were not,Blinding and randomization were not,0.5679655
MT2022_2025,W4220991830,421,auto,Number,of,independent biological replicates,Number of independent biological replicates,0.57926923
MT2022_2025,W4220991830,422,auto,Tests,",",two - tailed,"Tests , two - tailed",0.4212133
MT2022_2025,W4220991830,423,auto,In,all,"cases , multiple","In all cases , multiple",0.66272014
MT2022_2025,W4220991830,424,auto,Errors,for,in - cell,Errors for in - cell,0.6717648
MT2022_2025,W4220991830,425,auto,Errors,for,in - cell,Errors for in - cell,0.6717648
MT2022_2025,W4220991830,426,auto,Errors,for,predicted expression values,Errors for predicted expression values,0.5689884
MT2022_2025,W4220991830,427,auto,Error,and,significance tests for,Error and significance tests for,0.6414449
MT2022_2025,W4220991830,428,auto,Further,information,on research design,Further information on research design,0.6168064
MT2022_2025,W4220991830,430,auto,The,data,that support this,The data that support this,0.6079746
MT2022_2025,W4220991830,431,auto,Raw,sequencing,data from PERSIST,Raw sequencing data from PERSIST,0.7044121
MT2022_2025,W4220991830,432,auto,Single,-,nucleotide - resolution,Single - nucleotide - resolution,0.6139722
MT2022_2025,W4220991830,433,auto,RYOS1_PH10_0000,(,0 mM Mg,RYOS1_PH10_0000 ( 0 mM Mg,0.46180937
MT2022_2025,W4220991830,434,auto,One,-,by - one,One - by - one,0.6849906
MT2022_2025,W4220991830,435,auto,Source,data,are provided with,Source data are provided with,0.62603337
MT2022_2025,W4220991830,436,auto,Author,contributions,Competing interests Stanford,Author contributions Competing interests Stanford,0.5402866
MT2022_2025,W4220991830,437,auto,R.D.,",","D.S.K. , W.K.","R.D. , D.S.K. , W.K.",0.52464974
MT2022_2025,W4220991830,438,auto,R.D.,received,an honorarium for,R.D. received an honorarium for,0.5013704
MT2022_2025,W4220991830,439,auto,F.D.,",","H.C. , P.G.","F.D. , H.C. , P.G.",0.5284108
MT2022_2025,W4220991830,440,auto,P.R.D.,is,currently an employee,P.R.D. is currently an employee,0.45118353
MT2022_2025,W4220991830,441,auto,Additional,information,Supplementary information,Additional information Supplementary information,0.66420966
MT2022_2025,W4220991830,442,auto,The,online,version contains supplementary,The online version contains supplementary,0.5766103
MT2022_2025,W4220991830,443,auto,Correspondence,and,requests for materials,Correspondence and requests for materials,0.49975976
MT2022_2025,W4220991830,444,auto,Peer,review,information Nature Communications,Peer review information Nature Communications,0.55959344
MT2022_2025,W4220991830,445,auto,Peer,reviewer,reports are available,Peer reviewer reports are available,0.6290959
MT2022_2025,W4220991830,446,auto,Reprints,and,permission information is,Reprints and permission information is,0.48368463
MT2022_2025,W4220991830,447,auto,Publisher's,note,Springer Nature remains,Publisher's note Springer Nature remains,0.38640848
MT2022_2025,W4220991830,448,auto,Delivering,the,messenger : advances,Delivering the messenger : advances,0.65948397
MT2022_2025,W4220991830,449,auto,Ther,27,2019 mRNA vaccines,Ther 27 2019 mRNA vaccines,0.57112163
MT2022_2025,W4220991830,450,auto,Rev.,Drug,Discov 17 2018,Rev. Drug Discov 17 2018,0.61393636
MT2022_2025,W4220991830,451,auto,The,promise,of mRNA vaccines,The promise of mRNA vaccines,0.7986933
MT2022_2025,W4220991830,452,auto,The,challenge,and prospect of,The challenge and prospect of,0.7187064
MT2022_2025,W4220991830,453,auto,Adv,40,107534 2020,Adv 40 107534 2020,0.5678818
MT2022_2025,W4220991830,454,auto,Addressing,the,cold reality of,Addressing the cold reality of,0.70338136
MT2022_2025,W4220991830,456,auto,Theoretical,basis,for stabilizing messenger,Theoretical basis for stabilizing messenger,0.78512675
MT2022_2025,W4220991830,458,auto,Sci.,USA,Natl Acad.,Sci. USA Natl Acad.,0.5269279
MT2022_2025,W4220991830,459,auto,Sci.,USA,2019 116 Sequence,Sci. USA 2019 116 Sequence,0.6503806
MT2022_2025,W4220991830,460,auto,Ther,23,2015 RNA design,Ther 23 2015 RNA design,0.5666808
MT2022_2025,W4220991830,462,auto,Sci.,USA,111 2014 Kinetics,Sci. USA 111 2014 Kinetics,0.5971141
MT2022_2025,W4220991830,464,auto,Decoding,mRNA,translatability and stability,Decoding mRNA translatability and stability,0.65482587
MT2022_2025,W4220991830,465,auto,Mol.,Biol,27 2020 Optimization,Mol. Biol 27 2020 Optimization,0.6999854
MT2022_2025,W4220991830,467,auto,Methods,Clin.,Dev 17 2020,Methods Clin. Dev 17 2020,0.5656331
MT2022_2025,W4220991830,468,auto,Rev.,Mol.,Cell Biol 19,Rev. Mol. Cell Biol 19,0.7383843
MT2022_2025,W4220991830,469,auto,High,-,throughput 5 ′,High - throughput 5 ′,0.5970611
MT2022_2025,W4220991830,470,auto,Improving,mRNA,- based therapeutic,Improving mRNA - based therapeutic,0.7045809
MT2022_2025,W4220991830,471,auto,Ther,27,2019 Global quantification,Ther 27 2019 Global quantification,0.57873607
MT2022_2025,W4220991830,472,auto,The,translational,landscape of mTOR,The translational landscape of mTOR,0.6830666
MT2022_2025,W4220991830,473,auto,A,unifying,model for mTORC1,A unifying model for mTORC1,0.68852246
MT2022_2025,W4220991830,474,auto,Untranslated,regions,of FbRbcS1 mRNA,Untranslated regions of FbRbcS1 mRNA,0.61478066
MT2022_2025,W4220991830,476,auto,A,triple,helix stabilizes the,A triple helix stabilizes the,0.6853348
MT2022_2025,W4220991830,477,auto,Leveraging,mRNAs,sequences express SARS,Leveraging mRNAs sequences express SARS,0.6570678
MT2022_2025,W4220991830,478,auto,The,architecture,of SARS -,The architecture of SARS -,0.7027793
MT2022_2025,W4220991830,479,auto,Comprehensive,in,vivo secondary structure,Comprehensive in vivo secondary structure,0.572021
MT2022_2025,W4220991830,480,auto,Enhancement,of,dengue virus translation,Enhancement of dengue virus translation,0.56045246
MT2022_2025,W4220991830,481,auto,Rev.,Microbiol,67 2013 3,Rev. Microbiol 67 2013 3,0.6209876
MT2022_2025,W4220991830,482,auto,The,5′,- leader of,The 5′ - leader of,0.60936475
MT2022_2025,W4220991830,483,auto,The,tobacco,etch viral 5′,The tobacco etch viral 5′,0.72950786
MT2022_2025,W4220991830,485,auto,Sci.,USA,105 2008 Sindbis,Sci. USA 105 2008 Sindbis,0.66913795
MT2022_2025,W4220991830,486,auto,The,3′,untranslated region of,The 3′ untranslated region of,0.5808297
MT2022_2025,W4220991830,487,auto,The,3′,untranslated region of,The 3′ untranslated region of,0.5808297
MT2022_2025,W4220991830,489,auto,Control,of,mammalian translation by,Control of mammalian translation by,0.56616175
MT2022_2025,W4220991830,490,auto,In,vitro,analysis of RQC,In vitro analysis of RQC,0.66705847
MT2022_2025,W4220991830,492,auto,The,codon,Adaptation Index -,The codon Adaptation Index -,0.751345
MT2022_2025,W4220991830,493,auto,Rate,-,limiting steps in,Rate - limiting steps in,0.6060085
MT2022_2025,W4220991830,494,auto,Multiple,roles,of the coding,Multiple roles of the coding,0.604521
MT2022_2025,W4220991830,495,auto,Soc.,Trans,49 2021 Genome,Soc. Trans 49 2021 Genome,0.6742443
MT2022_2025,W4220991830,496,auto,Preprint,at,BioRxiv Codon optimality,Preprint at BioRxiv Codon optimality,0.57851166
MT2022_2025,W4220991830,497,auto,The,highways,and byways of,The highways and byways of,0.6969033
MT2022_2025,W4220991830,498,auto,What,are,3 ′ UTRs,What are 3 ′ UTRs,0.5521732
MT2022_2025,W4220991830,499,auto,C,Mayr,Cold Spring Harb.,C Mayr Cold Spring Harb.,0.5407656
MT2022_2025,W4220991830,501,auto,The,role,of the 3′,The role of the 3′,0.65035766
MT2022_2025,W4220991830,502,auto,Genet,10,6 2019,Genet 10 6 2019,0.66966414
MT2022_2025,W4220991830,503,auto,Single,-,cell mRNA transfection,Single - cell mRNA transfection,0.5948136
MT2022_2025,W4220991830,504,auto,Methods,11,2014 DMS -,Methods 11 2014 DMS -,0.5879156
MT2022_2025,W4220991830,505,auto,The,reactivity,of phosphodiester bonds,The reactivity of phosphodiester bonds,0.75436336
MT2022_2025,W4220991830,506,auto,The,effect,of secondary structure,The effect of secondary structure,0.6918862
MT2022_2025,W4220991830,508,auto,Massively,parallel,RNA chemical mapping,Massively parallel RNA chemical mapping,0.5994965
MT2022_2025,W4220991830,509,auto,In,-,line probing analysis,In - line probing analysis,0.6535765
MT2022_2025,W4220991830,511,auto,Incorporation,of,pseudouridine into mRNA,Incorporation of pseudouridine into mRNA,0.5591779
MT2022_2025,W4220991830,512,auto,Ther,16,2008 Suppression of,Ther 16 2008 Suppression of,0.5205641
MT2022_2025,W4220991830,513,auto,The,contribution,of pseudouridine to,The contribution of pseudouridine to,0.62150234
MT2022_2025,W4220991830,514,auto,Biol,10,2003 CDSfold :,Biol 10 2003 CDSfold :,0.58265257
MT2022_2025,W4220991830,515,auto,Sci.,USA,105 2008 Safety,Sci. USA 105 2008 Safety,0.6192601
MT2022_2025,W4220991830,516,auto,The,ribosome,uses two active,The ribosome uses two active,0.6629955
MT2022_2025,W4220991830,517,auto,Fast,gapped,- read alignment,Fast gapped - read alignment,0.6864775
MT2022_2025,W4220991830,518,auto,Engineered,luciferase,reporter from a,Engineered luciferase reporter from a,0.73507863
MT2022_2025,W4220991830,519,auto,Biol,7,2012 RNA Framework,Biol 7 2012 RNA Framework,0.5920436
MT2022_2025,W4220991830,520,auto,Consistent,global,structures of complex,Consistent global structures of complex,0.6848722
MT2022_2025,W4220991830,521,auto,Rev,77,2009 kpLogo :,Rev 77 2009 kpLogo :,0.58035016
MT2022_2025,W4392851477,0,auto,Generative,AI,in healthcare :,Generative AI in healthcare :,0.6013269
MT2022_2025,W4392851477,1,auto,10.1186/s13012-024-01357-9,Received,: 17 August,10.1186/s13012-024-01357-9 Received : 17 August,0.4484381
MT2022_2025,W4392851477,2,auto,Generative,AI,", capable of","Generative AI , capable of",0.5763326
MT2022_2025,W4392851477,3,auto,However,",",the utility and,"However , the utility and",0.64481324
MT2022_2025,W4392851477,4,auto,Also,",",there is not,"Also , there is not",0.6775428
MT2022_2025,W4392851477,6,auto,This,article,aims to provide,This article aims to provide,0.62092555
MT2022_2025,W4392851477,7,auto,Key,considerations,include factors such,Key considerations include factors such,0.76438856
MT2022_2025,W4392851477,8,auto,Frameworks,like,the technology acceptance,Frameworks like the technology acceptance,0.48666134
MT2022_2025,W4392851477,9,auto,These,frameworks,allow anticipating and,These frameworks allow anticipating and,0.72108704
MT2022_2025,W4392851477,10,auto,Results,Generative,AI has the,Results Generative AI has the,0.66381824
MT2022_2025,W4392851477,11,auto,Generative,AI,applications across billing,Generative AI applications across billing,0.6699279
MT2022_2025,W4392851477,12,auto,However,",",integration of generative,"However , integration of generative",0.65839165
MT2022_2025,W4392851477,13,auto,Technological,capabilities,alone cannot shift,Technological capabilities alone cannot shift,0.73754436
MT2022_2025,W4392851477,15,auto,It,is,strongly argued in,It is strongly argued in,0.67903954
MT2022_2025,W4392851477,16,auto,Strategic,adoption,based on implementation,Strategic adoption based on implementation,0.84189343
MT2022_2025,W4392851477,17,auto,Extensive,real,- world piloting,Extensive real - world piloting,0.6448074
MT2022_2025,W4392851477,18,auto,With,conscientious,Background Artificial intelligence,With conscientious Background Artificial intelligence,0.6015728
MT2022_2025,W4392851477,19,auto,Despite,the,"potential benefits ,","Despite the potential benefits ,",0.75269973
MT2022_2025,W4392851477,20,auto,Realizing,generative,AI's vast potential,Realizing generative AI's vast potential,0.60746455
MT2022_2025,W4392851477,21,auto,Such,approaches,recognize technological progress,Such approaches recognize technological progress,0.74709225
MT2022_2025,W4392851477,22,auto,While,there,are several generative,While there are several generative,0.747706
MT2022_2025,W4392851477,23,auto,Generative,adversarial,networks Generative adversarial,Generative adversarial networks Generative adversarial,0.8077479
MT2022_2025,W4392851477,24,auto,Recent,developments,in GANs relating,Recent developments in GANs relating,0.77250683
MT2022_2025,W4392851477,25,auto,Large,language,models Large language,Large language models Large language,0.7210646
MT2022_2025,W4392851477,26,auto,One,of,the key advantages,One of the key advantages,0.5821819
MT2022_2025,W4392851477,27,auto,In,addition,to text summarizations,In addition to text summarizations,0.61862946
MT2022_2025,W4392851477,28,auto,Drug,discovery,Generative AI models,Drug discovery Generative AI models,0.7856992
MT2022_2025,W4392851477,29,auto,For,instance,", GANs have","For instance , GANs have",0.6327094
MT2022_2025,W4392851477,30,auto,Clinical,documentation,and healthcare administration,Clinical documentation and healthcare administration,0.7462723
MT2022_2025,W4392851477,31,auto,Further,to,"this , there","Further to this , there",0.649154
MT2022_2025,W4392851477,32,auto,Generative,AI,can also be,Generative AI can also be,0.62000597
MT2022_2025,W4392851477,33,auto,Personalized,medicine,Generative AI can,Personalized medicine Generative AI can,0.65745735
MT2022_2025,W4392851477,34,auto,Generative,AI,can also be,Generative AI can also be,0.62000597
MT2022_2025,W4392851477,35,auto,In,the,context of medical,In the context of medical,0.75794417
MT2022_2025,W4392851477,36,auto,These,cases,can be based,These cases can be based,0.65240794
MT2022_2025,W4392851477,37,auto,In,addition,to creating virtual,In addition to creating virtual,0.6429865
MT2022_2025,W4392851477,38,auto,Generative,AI,can also engage,Generative AI can also engage,0.6216247
MT2022_2025,W4392851477,39,auto,Patients,can,"ask questions ,","Patients can ask questions ,",0.65327203
MT2022_2025,W4392851477,40,auto,This,can,be particularly useful,This can be particularly useful,0.6271754
MT2022_2025,W4392851477,41,auto,Furthermore,",",generative AI can,"Furthermore , generative AI can",0.61952645
MT2022_2025,W4392851477,42,auto,For,example,", it could","For example , it could",0.66839975
MT2022_2025,W4392851477,43,auto,Generative,AI,can be programmed,Generative AI can be programmed,0.6688067
MT2022_2025,W4392851477,45,auto,The,translational,path of generative,The translational path of generative,0.7299699
MT2022_2025,W4392851477,46,auto,However,",",the accuracy and,"However , the accuracy and",0.6479641
MT2022_2025,W4392851477,47,auto,Inaccurate,or,incomplete information can,Inaccurate or incomplete information can,0.6635031
MT2022_2025,W4392851477,48,auto,The,successful,translation of generative,The successful translation of generative,0.681198
MT2022_2025,W4392851477,49,auto,Two,models,offer robust scaffolds,Two models offer robust scaffolds,0.7479913
MT2022_2025,W4392851477,50,auto,Based,on,"these frameworks ,","Based on these frameworks ,",0.64172226
MT2022_2025,W4392851477,51,auto,The,description,will enable partners,The description will enable partners,0.6653807
MT2022_2025,W4392851477,52,auto,However,",",the description does,"However , the description does",0.62551665
MT2022_2025,W4392851477,53,auto,These,characteristics,are unique to,These characteristics are unique to,0.60617936
MT2022_2025,W4392851477,54,auto,First,component,: acceptance and,First component : acceptance and,0.75235
MT2022_2025,W4392851477,55,auto,The,successful,implementation of AI,The successful implementation of AI,0.6669629
MT2022_2025,W4392851477,56,auto,Utilising,the,TAM and NASSS,Utilising the TAM and NASSS,0.6546377
MT2022_2025,W4392851477,57,auto,This,refers,to the degree,This refers to the degree,0.642978
MT2022_2025,W4392851477,58,auto,In,the,context of generative,In the context of generative,0.7633207
MT2022_2025,W4392851477,59,auto,For,instance,", AI could","For instance , AI could",0.67332494
MT2022_2025,W4392851477,60,auto,▪,Perceived,ease of use,▪ Perceived ease of use,0.6221071
MT2022_2025,W4392851477,61,auto,For,generative,AI in healthcare,For generative AI in healthcare,0.7298476
MT2022_2025,W4392851477,62,auto,This,includes,the user interface,This includes the user interface,0.6432433
MT2022_2025,W4392851477,64,auto,Attitude,towards,using : The,Attitude towards using : The,0.73507494
MT2022_2025,W4392851477,65,auto,In,addition,to these factors,In addition to these factors,0.6529904
MT2022_2025,W4392851477,66,auto,Second,component,: data and,Second component : data and,0.72448903
MT2022_2025,W4392851477,67,auto,This,is,a complex process,This is a complex process,0.627562
MT2022_2025,W4392851477,69,auto,Identifying,use,cases : Healthcare,Identifying use cases : Healthcare,0.69105786
MT2022_2025,W4392851477,70,auto,Generative,AI,aims to address,Generative AI aims to address,0.6230645
MT2022_2025,W4392851477,71,auto,Factors,that,impact computational requirements,Factors that impact computational requirements,0.6872723
MT2022_2025,W4392851477,72,auto,For,example,", a firm","For example , a firm",0.6562882
MT2022_2025,W4392851477,73,auto,The,precise,hardware configurationincluding GPUs,The precise hardware configurationincluding GPUs,0.6953577
MT2022_2025,W4392851477,74,auto,Ongoing,model,development and fine,Ongoing model development and fine,0.7590148
MT2022_2025,W4392851477,75,auto,Organisations,can,choose between continuing,Organisations can choose between continuing,0.5480367
MT2022_2025,W4392851477,76,auto,Third,component,: technical integration,Third component : technical integration,0.7335981
MT2022_2025,W4392851477,77,auto,However,",",generative AI technologies,"However , generative AI technologies",0.58981276
MT2022_2025,W4392851477,78,auto,Once,the,AI model is,Once the AI model is,0.79779184
MT2022_2025,W4392851477,79,auto,Regular,maintenance,is also necessary,Regular maintenance is also necessary,0.735332
MT2022_2025,W4392851477,80,auto,When,leveraging,external LLMs for,When leveraging external LLMs for,0.74050444
MT2022_2025,W4392851477,81,auto,While,LLMs,themselves are static,While LLMs themselves are static,0.7111144
MT2022_2025,W4392851477,82,auto,While,beyond,the scope of,While beyond the scope of,0.6793974
MT2022_2025,W4392851477,83,auto,Fourth,component,: governance,Fourth component : governance,0.70720696
MT2022_2025,W4392851477,84,auto,While,generative,AI has several,While generative AI has several,0.69186896
MT2022_2025,W4392851477,85,auto,Some,of,the challenges include,Some of the challenges include,0.6356799
MT2022_2025,W4392851477,86,auto,To,minimise,risks arising from,To minimise risks arising from,0.63229614
MT2022_2025,W4392851477,87,auto,Both,NASSS,and TAM demand,Both NASSS and TAM demand,0.66535515
MT2022_2025,W4392851477,88,auto,This,means,conducting iterative testing,This means conducting iterative testing,0.6889777
MT2022_2025,W4392851477,89,auto,Drawing,from,these models ensures,Drawing from these models ensures,0.68716085
MT2022_2025,W4392851477,90,auto,The,following,are corresponding steps,The following are corresponding steps,0.7109458
MT2022_2025,W4392851477,91,auto,This,committee,should be composed,This committee should be composed,0.63160074
MT2022_2025,W4392851477,92,auto,The,committee's,responsibility is to,The committee's responsibility is to,0.6467782
MT2022_2025,W4392851477,93,auto,▪,Develop,relevant policies and,▪ Develop relevant policies and,0.59280795
MT2022_2025,W4392851477,94,auto,The,guidelines,should also cover,The guidelines should also cover,0.68154615
MT2022_2025,W4392851477,96,auto,Implement,robust,data management practices,Implement robust data management practices,0.6495103
MT2022_2025,W4392851477,97,auto,This,includes,ensuring data privacy,This includes ensuring data privacy,0.55186075
MT2022_2025,W4392851477,98,auto,It,also,involves using diverse,It also involves using diverse,0.67307353
MT2022_2025,W4392851477,99,auto,▪,Mitigate,inaccurate generated data,▪ Mitigate inaccurate generated data,0.75461143
MT2022_2025,W4392851477,100,auto,For,each,"plausible risk ,","For each plausible risk ,",0.7155213
MT2022_2025,W4392851477,101,auto,Continuous,risk,monitoring based on,Continuous risk monitoring based on,0.72052014
MT2022_2025,W4392851477,102,auto,Periodic,probabilistic,modelling using safety,Periodic probabilistic modelling using safety,0.7156539
MT2022_2025,W4392851477,103,auto,Overall,",",a nimble quantified,"Overall , a nimble quantified",0.5692579
MT2022_2025,W4392851477,105,auto,Ensuring,transparency,: Ensure transparency,Ensuring transparency : Ensure transparency,0.72169423
MT2022_2025,W4392851477,106,auto,This,promotes,trust and enables,This promotes trust and enables,0.70475614
MT2022_2025,W4392851477,107,auto,For,risk,- averse healthcare,For risk - averse healthcare,0.7770041
MT2022_2025,W4392851477,108,auto,If,unsuitable,", illegal or","If unsuitable , illegal or",0.6866446
MT2022_2025,W4392851477,109,auto,Healthcare,systems,worldwide face crises,Healthcare systems worldwide face crises,0.7226873
MT2022_2025,W4392851477,110,auto,Validated,frameworks,like the TAM,Validated frameworks like the TAM,0.70750296
MT2022_2025,W4392851477,111,auto,The,time,for debate has,The time for debate has,0.6886854
MT2022_2025,W4392851477,112,auto,Patients,worldwide,stand to benefit,Patients worldwide stand to benefit,0.5282259
MT2022_2025,W4392851477,113,auto,Strategic,pilots,", iterative scaling","Strategic pilots , iterative scaling",0.73047054
MT2022_2025,W4392851477,114,auto,Generative,AI,cannot single -,Generative AI cannot single -,0.6378605
MT2022_2025,W4392851477,115,auto,The,approach,", not just","The approach , not just",0.6109839
MT2022_2025,W4392851477,116,auto,Guided,by,wisdom and compassion,Guided by wisdom and compassion,0.57045436
MT2022_2025,W4392851477,117,auto,Table,1,1 Generative AI,Table 1 1 Generative AI,0.67577803
MT2022_2025,W4392851477,118,auto,Description,Generative,AI model Author's,Description Generative AI model Author's,0.6321434
MT2022_2025,W4392851477,119,auto,This,is,a single -,This is a single -,0.6783268
MT2022_2025,W4392851477,120,auto,Availability,of,data and materials,Availability of data and materials,0.293416
MT2022_2025,W4392851477,121,auto,Declarations,Ethics,approval and consent,Declarations Ethics approval and consent,0.633192
MT2022_2025,W4392851477,122,auto,Consent,for,publication Not applicable,Consent for publication Not applicable,0.4750561
MT2022_2025,W4392851477,124,auto,The,author,declares no competing,The author declares no competing,0.5395763
MT2022_2025,W4392851477,125,auto,Publisher's,Note,Springer Nature remains,Publisher's Note Springer Nature remains,0.38640806
MT2022_2025,W4392851477,126,auto,Artificial,intelligence,in healthcare :,Artificial intelligence in healthcare :,0.62752426
MT2022_2025,W4392851477,127,auto,How,will,generative AI disrupt,How will generative AI disrupt,0.60169536
MT2022_2025,W4392851477,128,auto,J,P,Vert Nat Biotechnol,J P Vert Nat Biotechnol,0.60165787
MT2022_2025,W4392851477,129,auto,Ethics,of,generative AI H,Ethics of generative AI H,0.6818845
MT2022_2025,W4392851477,130,auto,Generative,AI,in health care,Generative AI in health care,0.66151434
MT2022_2025,W4392851477,131,auto,Report,of,the AMIA EHR,Report of the AMIA EHR,0.6330594
MT2022_2025,W4392851477,132,auto,The,research,- treatment distinction,The research - treatment distinction,0.6619407
MT2022_2025,W4392851477,133,auto,Art,and,the science of,Art and the science of,0.59401727
MT2022_2025,W4392851477,134,auto,A,brief,tutorial on generative,A brief tutorial on generative,0.6939415
MT2022_2025,W4392851477,135,auto,A,state,of the art,A state of the art,0.68254244
MT2022_2025,W4392851477,136,auto,An,introduction,to variational autoencoders,An introduction to variational autoencoders,0.58388513
MT2022_2025,W4392851477,137,auto,Generative,adversarial,networks : an,Generative adversarial networks : an,0.659899
MT2022_2025,W4392851477,138,auto,Large,language,models in machine,Large language models in machine,0.7376919
MT2022_2025,W4392851477,139,auto,Google's,AI,palm 2 language,Google's AI palm 2 language,0.585414
MT2022_2025,W4392851477,140,auto,The,implications,of large language,The implications of large language,0.65256894
MT2022_2025,W4392851477,141,auto,Autoregressive,structured,prediction with language,Autoregressive structured prediction with language,0.69062215
MT2022_2025,W4392851477,142,auto,Do,large,language models understand,Do large language models understand,0.67157316
MT2022_2025,W4392851477,143,auto,B,A,Arcas Daedalus 151,B A Arcas Daedalus 151,0.73785514
MT2022_2025,W4392851477,144,auto,Exploring,the,limits of language,Exploring the limits of language,0.5825355
MT2022_2025,W4392851477,145,auto,Considering,the,possibilities and pitfalls,Considering the possibilities and pitfalls,0.6284464
MT2022_2025,W4392851477,146,auto,How,generative,AI is building,How generative AI is building,0.5670183
MT2022_2025,W4392851477,147,auto,Generative,AI,for brain image,Generative AI for brain image,0.6563086
MT2022_2025,W4392851477,148,auto,A,large,language model for,A large language model for,0.6298448
MT2022_2025,W4392851477,149,auto,S,B,Patel K Lam,S B Patel K Lam,0.69680893
MT2022_2025,W4392851477,150,auto,Electronic,health,record logs indicate,Electronic health record logs indicate,0.6604531
MT2022_2025,W4392851477,151,auto,Physician,burnout,in the electronic,Physician burnout in the electronic,0.68422294
MT2022_2025,W4392851477,152,auto,N,L,Downing D W,N L Downing D W,0.7461367
MT2022_2025,W4392851477,153,auto,Reimagining,clinical,documentation with artificial,Reimagining clinical documentation with artificial,0.62739116
MT2022_2025,W4392851477,154,auto,The,future,landscape of large,The future landscape of large,0.67778724
MT2022_2025,W4392851477,155,auto,A,new,", evidence -","A new , evidence -",0.6818203
MT2022_2025,W4392851477,156,auto,Envisioning,an,artificial intelligence documentation,Envisioning an artificial intelligence documentation,0.55948675
MT2022_2025,W4392851477,157,auto,Artificial,intelligence,in pediatric behavioral,Artificial intelligence in pediatric behavioral,0.7125906
MT2022_2025,W4392851477,158,auto,On,the,evaluations of chatgpt,On the evaluations of chatgpt,0.6901917
MT2022_2025,W4392851477,159,auto,The,role,"of ChatGPT ,","The role of ChatGPT ,",0.6226636
MT2022_2025,W4392851477,160,auto,An,integrative,review on the,An integrative review on the,0.7038014
MT2022_2025,W4392851477,161,auto,Regulators,face,novel challenges as,Regulators face novel challenges as,0.70247054
MT2022_2025,W4392851477,162,auto,Clinical,use,of artificial intelligence,Clinical use of artificial intelligence,0.5825904
MT2022_2025,W4392851477,163,auto,The,technology,acceptance model :,The technology acceptance model :,0.6399026
MT2022_2025,W4392851477,164,auto,Technology,acceptance,model : a,Technology acceptance model : a,0.7371964
MT2022_2025,W4392851477,165,auto,Bridging,the,chasm between AI,Bridging the chasm between AI,0.59605485
MT2022_2025,W4392851477,167,auto,Developing,",",implementing and governing,"Developing , implementing and governing",0.56757206
MT2022_2025,W4392851477,168,auto,Large,language,model training in,Large language model training in,0.6906077
MT2022_2025,W4392851477,169,auto,Evaluating,large,language models for,Evaluating large language models for,0.5767975
MT2022_2025,W4392851477,170,auto,via,%,3 Dihub Navigating,via % 3 Dihub Navigating,0.70206386
MT2022_2025,W4392851477,171,auto,A,governance,model for the,A governance model for the,0.6785875
MT2022_2025,W4392851477,172,auto,Attention,is,not all you,Attention is not all you,0.5843727
MT2022_2025,W4392851477,173,auto,Artificial,intelligence,and healthcare -,Artificial intelligence and healthcare -,0.695292
MT2022_2025,W4392851477,174,auto,S,Reddy,J Hosp Manag,S Reddy J Hosp Manag,0.46071732
MT2022_2025,W4310569000,0,auto,Lactylation,of,PKM2 Suppresses Inflammatory,Lactylation of PKM2 Suppresses Inflammatory,0.59400207
MT2022_2025,W4310569000,1,auto,Department,of,burn Shanghai Ruijin,Department of burn Shanghai Ruijin,0.50520545
MT2022_2025,W4310569000,2,auto,Pyruvate,kinase,M2 ( PKM2,Pyruvate kinase M2 ( PKM2,0.66399395
MT2022_2025,W4310569000,3,auto,Post,-,translational modifications play,Post - translational modifications play,0.6067392
MT2022_2025,W4310569000,4,auto,However,",",doubt remains on,"However , doubt remains on",0.6690936
MT2022_2025,W4310569000,5,auto,For,the,"first time ,","For the first time ,",0.780073
MT2022_2025,W4310569000,6,auto,We,identify,PKM2 as a,We identify PKM2 as a,0.67320514
MT2022_2025,W4310569000,7,auto,We,find,that lactate increases,We find that lactate increases,0.63553756
MT2022_2025,W4310569000,8,auto,In,short,", our study","In short , our study",0.64828146
MT2022_2025,W4310569000,9,auto,Introduction,Macrophages,are highly plastic,Introduction Macrophages are highly plastic,0.66621524
MT2022_2025,W4310569000,10,auto,In,recent,"years , the","In recent years , the",0.6274212
MT2022_2025,W4310569000,11,auto,Our,previous,work shows that,Our previous work shows that,0.6332772
MT2022_2025,W4310569000,12,auto,Many,studies,have highlighted the,Many studies have highlighted the,0.646169
MT2022_2025,W4310569000,13,auto,Post,-,translational modifications (,Post - translational modifications (,0.57787704
MT2022_2025,W4310569000,14,auto,PKM2,enzymatic,inhibitor ( Compound,PKM2 enzymatic inhibitor ( Compound,0.7074706
MT2022_2025,W4310569000,15,auto,Lipopolysaccharide,(,"LPS , tlrl","Lipopolysaccharide ( LPS , tlrl",0.44371974
MT2022_2025,W4310569000,16,auto,Mouse,interleukin,- 4 (,Mouse interleukin - 4 (,0.68361205
MT2022_2025,W4310569000,17,auto,The,antibodies,anti - PKM2,The antibodies anti - PKM2,0.66603005
MT2022_2025,W4310569000,18,auto,Anti-β-,actin,( # 66009,Anti-β- actin ( # 66009,0.7195055
MT2022_2025,W4310569000,19,auto,Anti-Histone,H3,( # A2348,Anti-Histone H3 ( # A2348,0.70600665
MT2022_2025,W4310569000,20,auto,Anti,-CD68,( #ab955 ),Anti -CD68 ( #ab955 ),0.8022351
MT2022_2025,W4310569000,21,auto,Primary,and,secondary antibodies were,Primary and secondary antibodies were,0.551198
MT2022_2025,W4310569000,22,auto,Cell,culture,To isolate murine,Cell culture To isolate murine,0.83604795
MT2022_2025,W4310569000,23,auto,Then,cells,were resuspended at,Then cells were resuspended at,0.65195894
MT2022_2025,W4310569000,24,auto,Recombinant,macrophage,- colony stimulating,Recombinant macrophage - colony stimulating,0.61206096
MT2022_2025,W4310569000,25,auto,The,start,of culture was,The start of culture was,0.62060124
MT2022_2025,W4310569000,26,auto,On,Days,3 and 5,On Days 3 and 5,0.6727614
MT2022_2025,W4310569000,27,auto,On,Day,"6 , the","On Day 6 , the",0.644301
MT2022_2025,W4310569000,28,auto,The,293T,cells were from,The 293T cells were from,0.6848789
MT2022_2025,W4310569000,29,auto,Cells,were,grown in a,Cells were grown in a,0.6415054
MT2022_2025,W4310569000,30,auto,Overexpression,of,wild type (,Overexpression of wild type (,0.6238661
MT2022_2025,W4310569000,31,auto,Overexpression,of,mouse WT or,Overexpression of mouse WT or,0.5935054
MT2022_2025,W4310569000,32,auto,Cell,clones,were selected with,Cell clones were selected with,0.72293705
MT2022_2025,W4310569000,33,auto,Western,blot,analysis and PKM2,Western blot analysis and PKM2,0.7083039
MT2022_2025,W4310569000,34,auto,Immunofluorescence,Cells,cultured on EZ,Immunofluorescence Cells cultured on EZ,0.73338896
MT2022_2025,W4310569000,35,auto,Paraffin,-,embedded wound tissue,Paraffin - embedded wound tissue,0.5868931
MT2022_2025,W4310569000,36,auto,Then,",",the slides were,"Then , the slides were",0.62370855
MT2022_2025,W4310569000,37,auto,After,washing,", the molecules","After washing , the molecules",0.6761819
MT2022_2025,W4310569000,38,auto,Images,were,obtained with a,Images were obtained with a,0.6819364
MT2022_2025,W4310569000,39,auto,Negative,control,slides were stained,Negative control slides were stained,0.640292
MT2022_2025,W4310569000,40,auto,A,fixed,threshold value was,A fixed threshold value was,0.56232876
MT2022_2025,W4310569000,41,auto,RNA,isolation,and real -,RNA isolation and real -,0.54373455
MT2022_2025,W4310569000,42,auto,The,cDNA,samples were subjected,The cDNA samples were subjected,0.7316392
MT2022_2025,W4310569000,43,auto,All,procedures,were performed according,All procedures were performed according,0.64080685
MT2022_2025,W4310569000,44,auto,The,primer,sequences are listed,The primer sequences are listed,0.64698625
MT2022_2025,W4310569000,45,auto,Pyruvate,kinase,activity Cells were,Pyruvate kinase activity Cells were,0.6809955
MT2022_2025,W4310569000,46,auto,Pyruvate,kinase,activity was normalized,Pyruvate kinase activity was normalized,0.71546197
MT2022_2025,W4310569000,47,auto,Immunoprecipitation,Immunoprecipitation,( IP ),Immunoprecipitation Immunoprecipitation ( IP ),0.91494435
MT2022_2025,W4310569000,48,auto,First,",",the corresponding primary,"First , the corresponding primary",0.65579635
MT2022_2025,W4310569000,49,auto,Then,",",Pierce Protein A,"Then , Pierce Protein A",0.58217233
MT2022_2025,W4310569000,50,auto,Finally,",",the bound protein,"Finally , the bound protein",0.6248597
MT2022_2025,W4310569000,51,auto,Wounding,Procedure,Male C57 BL,Wounding Procedure Male C57 BL,0.50159174
MT2022_2025,W4310569000,52,auto,All,experimental,procedures were performed,All experimental procedures were performed,0.7250136
MT2022_2025,W4310569000,53,auto,Each,mouse,was anesthetized (,Each mouse was anesthetized (,0.6651857
MT2022_2025,W4310569000,54,auto,The,wounds,were made as,The wounds were made as,0.594791
MT2022_2025,W4310569000,55,auto,Extracellular,acidification,and oxygen consumption,Extracellular acidification and oxygen consumption,0.7150016
MT2022_2025,W4310569000,56,auto,BMDMs,were,"plated at 200,000","BMDMs were plated at 200,000",0.5420059
MT2022_2025,W4310569000,57,auto,IP,-,mass spectrometry,IP - mass spectrometry,0.5939524
MT2022_2025,W4310569000,58,auto,The,mouse,BMDM cells were,The mouse BMDM cells were,0.7517383
MT2022_2025,W4310569000,59,auto,Then,",",the anti -PKM2,"Then , the anti -PKM2",0.6342047
MT2022_2025,W4310569000,60,auto,Immunoprecipitated,proteins,were subjected to,Immunoprecipitated proteins were subjected to,0.6906186
MT2022_2025,W4310569000,61,auto,Enriched,proteins,were further analyzed,Enriched proteins were further analyzed,0.75264645
MT2022_2025,W4310569000,62,auto,Statistical,analysis,All results are,Statistical analysis All results are,0.6772097
MT2022_2025,W4310569000,63,auto,Parametric,tests,were used for,Parametric tests were used for,0.7002739
MT2022_2025,W4310569000,64,auto,Differences,between,the two groups,Differences between the two groups,0.6224615
MT2022_2025,W4310569000,65,auto,Differences,in,multi groups were,Differences in multi groups were,0.57755995
MT2022_2025,W4310569000,66,auto,A,value,of p< 0.05,A value of p< 0.05,0.65110636
MT2022_2025,W4310569000,67,auto,All,statistical,analysis was performed,All statistical analysis was performed,0.7362093
MT2022_2025,W4310569000,68,auto,Results,PKM2,regulates glycolysis in,Results PKM2 regulates glycolysis in,0.7129978
MT2022_2025,W4310569000,69,auto,As,the,"data shows ,","As the data shows ,",0.7590412
MT2022_2025,W4310569000,70,auto,The,transition,of macrophages from,The transition of macrophages from,0.6601455
MT2022_2025,W4310569000,71,auto,Our,previous,study showed that,Our previous study showed that,0.67755187
MT2022_2025,W4310569000,72,auto,The,photographs,of the healing,The photographs of the healing,0.6423985
MT2022_2025,W4310569000,73,auto,The,above,results suggest that,The above results suggest that,0.60411906
MT2022_2025,W4310569000,74,auto,Therefore,",",we further explored,"Therefore , we further explored",0.6012736
MT2022_2025,W4310569000,75,auto,Numerous,studies,have shown that,Numerous studies have shown that,0.63059855
MT2022_2025,W4310569000,76,auto,As,a,potential modification substrate,As a potential modification substrate,0.66664076
MT2022_2025,W4310569000,77,auto,In,LPS,- induced BMDM,In LPS - induced BMDM,0.79702985
MT2022_2025,W4310569000,78,auto,We,observed,that PKM2 was,We observed that PKM2 was,0.6851731
MT2022_2025,W4310569000,79,auto,The,K62R,mutant reverses the,The K62R mutant reverses the,0.72859555
MT2022_2025,W4310569000,80,auto,We,further,evaluated the regulative,We further evaluated the regulative,0.61235845
MT2022_2025,W4310569000,81,auto,As,shown,in Figure 6A,As shown in Figure 6A,0.7262695
MT2022_2025,W4310569000,82,auto,The,present,study suggests that,The present study suggests that,0.6054857
MT2022_2025,W4310569000,83,auto,PKM2,is,expressed both in,PKM2 is expressed both in,0.5748294
MT2022_2025,W4310569000,84,auto,Although,PKM2,directs lactate production,Although PKM2 directs lactate production,0.6899207
MT2022_2025,W4310569000,85,auto,In,this,"study , we","In this study , we",0.75572515
MT2022_2025,W4310569000,86,auto,Given,the,role of PKM2,Given the role of PKM2,0.6900508
MT2022_2025,W4310569000,87,auto,As,expected,", a recent","As expected , a recent",0.66379136
MT2022_2025,W4310569000,88,auto,Macrophages,naturally,transition from a,Macrophages naturally transition from a,0.58031493
MT2022_2025,W4310569000,89,auto,Recent,studies,found that long,Recent studies found that long,0.6749574
MT2022_2025,W4310569000,90,auto,Although,the,wound healing process,Although the wound healing process,0.7171029
MT2022_2025,W4310569000,91,auto,First,",",the wound undergoes,"First , the wound undergoes",0.6027013
MT2022_2025,W4310569000,92,auto,Pro-inflammatory,macrophages,are essential for,Pro-inflammatory macrophages are essential for,0.6928836
MT2022_2025,W4310569000,93,auto,In,summary,", our study","In summary , our study",0.64270186
MT2022_2025,W4310569000,94,auto,We,confirm,that lactylation increases,We confirm that lactylation increases,0.62435126
MT2022_2025,W4310569000,95,auto,We,have,also found that,We have also found that,0.651967
MT2022_2025,W4310569000,96,auto,Figure,1,. 1 Figure,Figure 1 . 1 Figure,0.6543062
MT2022_2025,W4310569000,97,auto,(,A,) The mRNA,( A ) The mRNA,0.7157841
MT2022_2025,W4310569000,98,auto,(,C,) BMDM cell,( C ) BMDM cell,0.7226555
MT2022_2025,W4310569000,99,auto,(,D,) BMDM cell,( D ) BMDM cell,0.6871417
MT2022_2025,W4310569000,100,auto,(,E,) BMDM cells,( E ) BMDM cells,0.6126588
MT2022_2025,W4310569000,101,auto,The,tetrameric,( 240KD ),The tetrameric ( 240KD ),0.71238625
MT2022_2025,W4310569000,102,auto,(,G,) The localization,( G ) The localization,0.6550714
MT2022_2025,W4310569000,103,auto,The,nuclei,were stained with,The nuclei were stained with,0.66332066
MT2022_2025,W4310569000,104,auto,The,line,charts represent fluorescence,The line charts represent fluorescence,0.6612336
MT2022_2025,W4310569000,105,auto,Basal,extracellular,acidification rates (,Basal extracellular acidification rates (,0.62736225
MT2022_2025,W4310569000,106,auto,Data,represents,mean ± SEM,Data represents mean ± SEM,0.567751
MT2022_2025,W4310569000,107,auto,(,A,) Naïve bone,( A ) Naïve bone,0.71271485
MT2022_2025,W4310569000,108,auto,The,mRNA,was extracted for,The mRNA was extracted for,0.6225059
MT2022_2025,W4310569000,109,auto,(,B,) BMDM cell,( B ) BMDM cell,0.7277701
MT2022_2025,W4310569000,110,auto,(,C,) BMDM cell,( C ) BMDM cell,0.7226555
MT2022_2025,W4310569000,111,auto,(,D,) BMDM cells,( D ) BMDM cells,0.6592538
MT2022_2025,W4310569000,112,auto,The,tetrameric,( 240KD ),The tetrameric ( 240KD ),0.71238625
MT2022_2025,W4310569000,113,auto,(,F,) The localization,( F ) The localization,0.6473648
MT2022_2025,W4310569000,114,auto,The,nuclei,were stained with,The nuclei were stained with,0.66332066
MT2022_2025,W4310569000,115,auto,The,line,charts represent fluorescence,The line charts represent fluorescence,0.6612336
MT2022_2025,W4310569000,116,auto,Data,represents,mean ± SEM,Data represents mean ± SEM,0.567751
MT2022_2025,W4310569000,117,auto,Naïve,bone,- marrow -,Naïve bone - marrow -,0.7199303
MT2022_2025,W4310569000,118,auto,Then,the,rate of extracellular,Then the rate of extracellular,0.7564733
MT2022_2025,W4310569000,119,auto,(,F,) Naïve BMDM,( F ) Naïve BMDM,0.66359216
MT2022_2025,W4310569000,120,auto,Then,cell,proteins were analyzed,Then cell proteins were analyzed,0.67278445
MT2022_2025,W4310569000,121,auto,The,blots,are representative of,The blots are representative of,0.7128787
MT2022_2025,W4310569000,122,auto,Representative,images,of immunofluorescence staining,Representative images of immunofluorescence staining,0.69658434
MT2022_2025,W4310569000,123,auto,Data,represents,mean ± SEM,Data represents mean ± SEM,0.5677511
MT2022_2025,W4310569000,124,auto,Lactate,promotes,the transition of,Lactate promotes the transition of,0.6691032
MT2022_2025,W4310569000,125,auto,Eighteen,mice,were randomly divided,Eighteen mice were randomly divided,0.6386971
MT2022_2025,W4310569000,126,auto,Immunofluorescence,staining,with iNOS +,Immunofluorescence staining with iNOS +,0.76293534
MT2022_2025,W4310569000,127,auto,Scale,bar,= 100 µm.,Scale bar = 100 µm.,0.6269363
MT2022_2025,W4310569000,128,auto,The,photographs,of skin wounds,The photographs of skin wounds,0.73711723
MT2022_2025,W4310569000,129,auto,Scale,bar,= 5 mm,Scale bar = 5 mm,0.7134248
MT2022_2025,W4310569000,130,auto,(,D,) Statistical results,( D ) Statistical results,0.6526785
MT2022_2025,W4310569000,131,auto,#,means,the statistical difference,# means the statistical difference,0.6830666
MT2022_2025,W4310569000,132,auto,(,E,) Relative wound,( E ) Relative wound,0.6553914
MT2022_2025,W4310569000,133,auto,Scale,bar,= 400 µm.,Scale bar = 400 µm.,0.61142015
MT2022_2025,W4310569000,134,auto,Data,represents,mean ± SEM,Data represents mean ± SEM,0.5677511
MT2022_2025,W4310569000,135,auto,Then,cell,proteins were pulled,Then cell proteins were pulled,0.65420896
MT2022_2025,W4310569000,136,auto,(,B,) We detected,( B ) We detected,0.7071903
MT2022_2025,W4310569000,137,auto,The,four,possible lactylation sites,The four possible lactylation sites,0.6563097
MT2022_2025,W4310569000,138,auto,(,C,) The observed,( C ) The observed,0.7119997
MT2022_2025,W4310569000,139,auto,(,D,") K62R ,","( D ) K62R ,",0.68675613
MT2022_2025,W4310569000,140,auto,Cell,proteins,were analyzed by,Cell proteins were analyzed by,0.6208232
MT2022_2025,W4310569000,141,auto,(,E,) Flag -,( E ) Flag -,0.6563729
MT2022_2025,W4310569000,142,auto,(,F,) Ribbon diagram,( F ) Ribbon diagram,0.65906274
MT2022_2025,W4310569000,143,auto,(,G,) The K62,( G ) The K62,0.7332338
MT2022_2025,W4310569000,144,auto,The,sequences,around PKM2 K62,The sequences around PKM2 K62,0.7294626
MT2022_2025,W4310569000,145,auto,Conserved,lysine,residues corresponding to,Conserved lysine residues corresponding to,0.6314675
MT2022_2025,W4310569000,146,auto,WB,data,represents three independent,WB data represents three independent,0.52274925
MT2022_2025,W4310569000,147,auto,Data,represents,mean ± SEM,Data represents mean ± SEM,0.5677511
MT2022_2025,W4310569000,148,auto,Figure,6,. 6 Figure,Figure 6 . 6 Figure,0.73243
MT2022_2025,W4310569000,149,auto,(,A,) Wild -,( A ) Wild -,0.65284246
MT2022_2025,W4310569000,150,auto,Then,cell,lysates were assayed,Then cell lysates were assayed,0.6205004
MT2022_2025,W4310569000,151,auto,Then,cell,lysates were assayed,Then cell lysates were assayed,0.6205004
MT2022_2025,W4310569000,152,auto,The,tetrameric,( 240KD ),The tetrameric ( 240KD ),0.71238625
MT2022_2025,W4310569000,153,auto,(,D,) Cytosolic and,( D ) Cytosolic and,0.6773614
MT2022_2025,W4310569000,154,auto,WB,data,represents three independent,WB data represents three independent,0.5227492
MT2022_2025,W4310569000,155,auto,(,E,) WT or,( E ) WT or,0.6485308
MT2022_2025,W4310569000,156,auto,Then,the,PKM2 - overexpressed,Then the PKM2 - overexpressed,0.6885147
MT2022_2025,W4310569000,157,auto,Cell,proteins,were analyzed by,Cell proteins were analyzed by,0.6208232
MT2022_2025,W4310569000,158,auto,The,blots,are representative of,The blots are representative of,0.7128788
MT2022_2025,W4310569000,159,auto,Immunofluorescence,staining,of iNOS (,Immunofluorescence staining of iNOS (,0.6899261
MT2022_2025,W4310569000,160,auto,Data,represents,mean ± SEM,Data represents mean ± SEM,0.567751
MT2022_2025,W4310569000,161,auto,Scale,bar,= 100 µm.,Scale bar = 100 µm.,0.62693626
MT2022_2025,W4310569000,162,auto,Table,1,. 1 Sequences,Table 1 . 1 Sequences,0.6043345
MT2022_2025,W4310569000,166,auto,This,research,was supported by,This research was supported by,0.5552057
MT2022_2025,W4310569000,168,auto,The,authors,have declared that,The authors have declared that,0.56319714
MT2022_2025,W4310569000,169,auto,Metabolic,reprogramming,of macrophages during,Metabolic reprogramming of macrophages during,0.7032723
MT2022_2025,W4310569000,170,auto,Front,Immunol,10 1084 2019,Front Immunol 10 1084 2019,0.6752759
MT2022_2025,W4310569000,171,auto,The,Immune,- Centric Revolution,The Immune - Centric Revolution,0.58098173
MT2022_2025,W4310569000,172,auto,Mitochondrial,metabolism,coordinates stage -,Mitochondrial metabolism coordinates stage -,0.76282656
MT2022_2025,W4310569000,173,auto,The,role,of macrophages in,The role of macrophages in,0.62786686
MT2022_2025,W4310569000,174,auto,Topical,insulin,application accelerates diabetic,Topical insulin application accelerates diabetic,0.7132786
MT2022_2025,W4310569000,175,auto,Delivery,of,a spheroids -,Delivery of a spheroids -,0.64810705
MT2022_2025,W4310569000,176,auto,The,angiocrine,Rspondin3 instructs interstitial,The angiocrine Rspondin3 instructs interstitial,0.63742286
MT2022_2025,W4310569000,177,auto,At,the,Interface of Metabolic,At the Interface of Metabolic,0.7498384
MT2022_2025,W4310569000,178,auto,The,glycolysis,inhibitor 2 -,The glycolysis inhibitor 2 -,0.644835
MT2022_2025,W4310569000,179,auto,Front,Immunol,8 289 2017,Front Immunol 8 289 2017,0.69347286
MT2022_2025,W4310569000,180,auto,Enzymatic,activation,of pyruvate kinase,Enzymatic activation of pyruvate kinase,0.69857454
MT2022_2025,W4310569000,181,auto,Citrullination,of,pyruvate kinase M2,Citrullination of pyruvate kinase M2,0.5628916
MT2022_2025,W4310569000,182,auto,Lactate,promotes,macrophage HMGB1 lactylation,Lactate promotes macrophage HMGB1 lactylation,0.6083215
MT2022_2025,W4310569000,183,auto,Functional,cross,- talk between,Functional cross - talk between,0.6787601
MT2022_2025,W4310569000,184,auto,An,allostatic,mechanism for M2,An allostatic mechanism for M2,0.6830837
MT2022_2025,W4310569000,185,auto,Bile,acids,attenuate PKM2 pathway,Bile acids attenuate PKM2 pathway,0.7528601
MT2022_2025,W4310569000,186,auto,The,alternative,splicing repressors hnRNP,The alternative splicing repressors hnRNP,0.58202696
MT2022_2025,W4310569000,187,auto,Biochemistry,of,proinflammatory macrophage activation,Biochemistry of proinflammatory macrophage activation,0.58183503
MT2022_2025,W4310569000,188,auto,Anti,-inflammatory,effect of IL,Anti -inflammatory effect of IL,0.6924669
MT2022_2025,W4310569000,189,auto,A5,regulates,hepatic macrophage polarization,A5 regulates hepatic macrophage polarization,0.69940317
MT2022_2025,W4310569000,190,auto,Discovery,of,novel naphthoquinone derivatives,Discovery of novel naphthoquinone derivatives,0.55047804
MT2022_2025,W4310569000,191,auto,Is,a,Novel Player in,Is a Novel Player in,0.7032266
MT2022_2025,W4310569000,192,auto,Pyruvate,kinase,M2 activation may,Pyruvate kinase M2 activation may,0.6462012
MT2022_2025,W4388590203,0,auto,Mitochondrial,dysfunction,in Parkinson's disease,Mitochondrial dysfunction in Parkinson's disease,0.6525667
MT2022_2025,W4388590203,1,auto,However,",",strategies aimed at,"However , strategies aimed at",0.52481985
MT2022_2025,W4388590203,2,auto,In,this,"review , we","In this review , we",0.7411142
MT2022_2025,W4388590203,3,auto,In,addition,", we outline","In addition , we outline",0.6078916
MT2022_2025,W4388590203,4,auto,Background,Parkinson's,disease ( PD,Background Parkinson's disease ( PD,0.6933095
MT2022_2025,W4388590203,5,auto,In,contrast,to the relatively,In contrast to the relatively,0.5898317
MT2022_2025,W4388590203,6,auto,While,loss,of dopaminergic SNc,While loss of dopaminergic SNc,0.7617478
MT2022_2025,W4388590203,7,auto,Mitochondrial,dysfunction,has long been,Mitochondrial dysfunction has long been,0.63271034
MT2022_2025,W4388590203,8,auto,Since,mitochondria,are highly multifunctional,Since mitochondria are highly multifunctional,0.6762047
MT2022_2025,W4388590203,9,auto,This,review,summarizes the evidence,This review summarizes the evidence,0.6990802
MT2022_2025,W4388590203,10,auto,Further,",",we review current,"Further , we review current",0.62718433
MT2022_2025,W4388590203,11,auto,Main,text,Importance of mitochondrial,Main text Importance of mitochondrial,0.7206539
MT2022_2025,W4388590203,12,auto,Mitochondria,perform,a variety of,Mitochondria perform a variety of,0.5977414
MT2022_2025,W4388590203,13,auto,Despite,the,clear importance of,Despite the clear importance of,0.78760433
MT2022_2025,W4388590203,14,auto,One,of,these is Ca,One of these is Ca,0.72351754
MT2022_2025,W4388590203,15,auto,This,may,be particularly important,This may be particularly important,0.6529014
MT2022_2025,W4388590203,16,auto,Compromised,mitochondrial,function may have,Compromised mitochondrial function may have,0.6551706
MT2022_2025,W4388590203,17,auto,The,best,studied example of,The best studied example of,0.6110095
MT2022_2025,W4388590203,18,auto,These,neurons,are constantly active,These neurons are constantly active,0.6717439
MT2022_2025,W4388590203,19,auto,To,meet,this bioenergetic demand,To meet this bioenergetic demand,0.6782909
MT2022_2025,W4388590203,20,auto,Evidence,for,mitochondrial impairment in,Evidence for mitochondrial impairment in,0.619847
MT2022_2025,W4388590203,21,auto,The,observation,that CI blockade,The observation that CI blockade,0.7373752
MT2022_2025,W4388590203,22,auto,But,is,mitochondrial dysfunction also,But is mitochondrial dysfunction also,0.6204781
MT2022_2025,W4388590203,23,auto,Important,aspects,can be derived,Important aspects can be derived,0.70118165
MT2022_2025,W4388590203,24,auto,In,several,"studies , tissue","In several studies , tissue",0.73071414
MT2022_2025,W4388590203,25,auto,The,most,pronounced and consistently,The most pronounced and consistently,0.7399008
MT2022_2025,W4388590203,26,auto,Regarding,the,lack of concordance,Regarding the lack of concordance,0.687458
MT2022_2025,W4388590203,27,auto,Future,studies,investigating ETC dysfunction,Future studies investigating ETC dysfunction,0.68786913
MT2022_2025,W4388590203,28,auto,Another,line,of evidence pointing,Another line of evidence pointing,0.7298438
MT2022_2025,W4388590203,29,auto,While,initial,approaches investigating mtDNA,While initial approaches investigating mtDNA,0.70477945
MT2022_2025,W4388590203,30,auto,Mitochondrial,dysfunction,is tightly linked,Mitochondrial dysfunction is tightly linked,0.72031504
MT2022_2025,W4388590203,31,auto,While,numerous,PARK genes have,While numerous PARK genes have,0.6828627
MT2022_2025,W4388590203,32,auto,Their,clinical,manifestation is characterized,Their clinical manifestation is characterized,0.6550651
MT2022_2025,W4388590203,33,auto,Interestingly,",",histopathological examination of,"Interestingly , histopathological examination of",0.6118791
MT2022_2025,W4388590203,34,auto,However,",",presence of aSYN,"However , presence of aSYN",0.6313875
MT2022_2025,W4388590203,35,auto,Interestingly,",",there is additional,"Interestingly , there is additional",0.607173
MT2022_2025,W4388590203,36,auto,While,previous,studies observed that,While previous studies observed that,0.60386896
MT2022_2025,W4388590203,37,auto,Another,example,indicating mitochondrial driven,Another example indicating mitochondrial driven,0.6378655
MT2022_2025,W4388590203,38,auto,Resulting,loss,of function leads,Resulting loss of function leads,0.7320908
MT2022_2025,W4388590203,39,auto,The,clinical,presentation of individuals,The clinical presentation of individuals,0.675384
MT2022_2025,W4388590203,40,auto,More,recently,mutations affecting vacuolar,More recently mutations affecting vacuolar,0.7234225
MT2022_2025,W4388590203,41,auto,Taken,together,", the familial","Taken together , the familial",0.7348485
MT2022_2025,W4388590203,42,auto,Causal,link,between α- synuclein,Causal link between α- synuclein,0.63356954
MT2022_2025,W4388590203,43,auto,However,",",broad experimental evidence,"However , broad experimental evidence",0.60431147
MT2022_2025,W4388590203,44,auto,In,the,presence of aSYN,In the presence of aSYN,0.7407981
MT2022_2025,W4388590203,45,auto,Taken,together,", these studies","Taken together , these studies",0.6759522
MT2022_2025,W4388590203,46,auto,While,this,question is difficult,While this question is difficult,0.72297674
MT2022_2025,W4388590203,47,auto,Notably,",",PINK1 as well,"Notably , PINK1 as well",0.5165905
MT2022_2025,W4388590203,48,auto,As,mentioned,"above , mitochondrial","As mentioned above , mitochondrial",0.6788082
MT2022_2025,W4388590203,49,auto,As,indicated,"above , failure","As indicated above , failure",0.70148754
MT2022_2025,W4388590203,50,auto,Substantial,evidence,shows that the,Substantial evidence shows that the,0.6689467
MT2022_2025,W4388590203,51,auto,Loss,of,function mutations result,Loss of function mutations result,0.51754993
MT2022_2025,W4388590203,52,auto,Another,key,hallmark of PD,Another key hallmark of PD,0.6018325
MT2022_2025,W4388590203,53,auto,Taken,together,", current evidence","Taken together , current evidence",0.7235934
MT2022_2025,W4388590203,54,auto,While,some,of these pathways,While some of these pathways,0.7817988
MT2022_2025,W4388590203,55,auto,From,a,"translational standpoint ,","From a translational standpoint ,",0.7016272
MT2022_2025,W4388590203,56,auto,Therapeutic,approaches,targeting mitochondrial dysfunction,Therapeutic approaches targeting mitochondrial dysfunction,0.65821236
MT2022_2025,W4388590203,57,auto,Several,clinical,trials have been,Several clinical trials have been,0.6257095
MT2022_2025,W4388590203,58,auto,Several,have,targeted mitochondrial function,Several have targeted mitochondrial function,0.5314481
MT2022_2025,W4388590203,59,auto,Given,the,recognition that mitochondrial,Given the recognition that mitochondrial,0.7897347
MT2022_2025,W4388590203,60,auto,A,related,approach is to,A related approach is to,0.67015386
MT2022_2025,W4388590203,61,auto,Another,consequence,of mitochondrial dysfunction,Another consequence of mitochondrial dysfunction,0.7211314
MT2022_2025,W4388590203,62,auto,A,related,approach is based,A related approach is based,0.65484595
MT2022_2025,W4388590203,63,auto,Pioglitazone,",",a peroxisome proliferator,"Pioglitazone , a peroxisome proliferator",0.48249567
MT2022_2025,W4388590203,64,auto,In,animal,"studies , it","In animal studies , it",0.6323543
MT2022_2025,W4388590203,65,auto,As,outlined,"above , mitochondria","As outlined above , mitochondria",0.68887424
MT2022_2025,W4388590203,66,auto,Maintaining,this,network in a,Maintaining this network in a,0.7491383
MT2022_2025,W4388590203,67,auto,However,",",many of these,"However , many of these",0.6502881
MT2022_2025,W4388590203,68,auto,Further,",",gene therapy approaches,"Further , gene therapy approaches",0.5488908
MT2022_2025,W4388590203,69,auto,Limiting,mitochondrial,stimulation as a,Limiting mitochondrial stimulation as a,0.67990404
MT2022_2025,W4388590203,70,auto,As,outlined,"above , most","As outlined above , most",0.6610555
MT2022_2025,W4388590203,71,auto,-,CoQ,10 phase I,- CoQ 10 phase I,0.7081609
MT2022_2025,W4388590203,72,auto,Possible,clinical,benefit in a,Possible clinical benefit in a,0.7464962
MT2022_2025,W4388590203,73,auto,These,modified,compounds are suggested,These modified compounds are suggested,0.6860248
MT2022_2025,W4388590203,74,auto,GPI,1485,- Belongs to,GPI 1485 - Belongs to,0.57503444
MT2022_2025,W4388590203,75,auto,-,No,study exists investigating,- No study exists investigating,0.6983494
MT2022_2025,W4388590203,76,auto,-,Clinical,trial data is,- Clinical trial data is,0.683165
MT2022_2025,W4388590203,77,auto,Glutathione,-,Robust evidence for,Glutathione - Robust evidence for,0.61413085
MT2022_2025,W4388590203,78,auto,Glutathione,is,a major cellular,Glutathione is a major cellular,0.5533973
MT2022_2025,W4388590203,79,auto,It,reduces,cellular ROS and,It reduces cellular ROS and,0.68987626
MT2022_2025,W4388590203,80,auto,-,Glutathione,provided neuroprotection against,- Glutathione provided neuroprotection against,0.7499572
MT2022_2025,W4388590203,81,auto,-,Intraperitoneally,administered NAC significantly,- Intraperitoneally administered NAC significantly,0.7335489
MT2022_2025,W4388590203,82,auto,Inosine,-,Inosine represents a,Inosine - Inosine represents a,0.62568855
MT2022_2025,W4388590203,83,auto,-,Elevated,serum urate levels,- Elevated serum urate levels,0.7373355
MT2022_2025,W4388590203,84,auto,-,In,the rotenone and,- In the rotenone and,0.5998492
MT2022_2025,W4388590203,85,auto,Minocycline,and,creatine - Minocycline,Minocycline and creatine - Minocycline,0.5609493
MT2022_2025,W4388590203,86,auto,Deferiprone,-,Deferiprone is a,Deferiprone - Deferiprone is a,0.5712303
MT2022_2025,W4388590203,87,auto,-,Intracellular,iron is elevated,- Intracellular iron is elevated,0.6880267
MT2022_2025,W4388590203,88,auto,-,The,mechanism of action,- The mechanism of action,0.64096797
MT2022_2025,W4388590203,89,auto,Currently,",",modulation of neuroinflammatory,"Currently , modulation of neuroinflammatory",0.5666395
MT2022_2025,W4388590203,90,auto,-,In,a placebo -,- In a placebo -,0.6005546
MT2022_2025,W4388590203,91,auto,-,In,a small double,- In a small double,0.59846646
MT2022_2025,W4388590203,92,auto,-,It,also attenuated MPTP,- It also attenuated MPTP,0.621454
MT2022_2025,W4388590203,93,auto,Modulation,of,different cellular pathways,Modulation of different cellular pathways,0.57979393
MT2022_2025,W4388590203,94,auto,Enhancing,mitochondrial,quality control mdivi,Enhancing mitochondrial quality control mdivi,0.61618125
MT2022_2025,W4388590203,95,auto,Miro,-,targeting - Prolonged,Miro - targeting - Prolonged,0.661518
MT2022_2025,W4388590203,96,auto,Increasing,PINK1,/ Parkin levels,Increasing PINK1 / Parkin levels,0.737957
MT2022_2025,W4388590203,97,auto,While,initial,reports stated that,While initial reports stated that,0.701813
MT2022_2025,W4388590203,98,auto,Current,gaps,in our understanding,Current gaps in our understanding,0.7166704
MT2022_2025,W4388590203,99,auto,First,",",the chain of,"First , the chain of",0.68947184
MT2022_2025,W4388590203,100,auto,As,in,modern cancer treatment,As in modern cancer treatment,0.5826154
MT2022_2025,W4388590203,101,auto,The,reliance,upon highly variable,The reliance upon highly variable,0.75139165
MT2022_2025,W4388590203,102,auto,These,biomarkers,should include ones,These biomarkers should include ones,0.6568784
MT2022_2025,W4388590203,103,auto,Third,",",we need to,"Third , we need to",0.6306584
MT2022_2025,W4388590203,104,auto,Fourth,",",we need to,"Fourth , we need to",0.6350513
MT2022_2025,W4388590203,105,auto,It,could,be that mitochondrial,It could be that mitochondrial,0.69510615
MT2022_2025,W4388590203,106,auto,For,example,", the later","For example , the later",0.56051594
MT2022_2025,W4388590203,107,auto,A,clear,understanding of these,A clear understanding of these,0.6751544
MT2022_2025,W4388590203,108,auto,Conclusions,Mitochondrial,dysfunction is a,Conclusions Mitochondrial dysfunction is a,0.64300305
MT2022_2025,W4388590203,109,auto,Preclinical,",","epidemiological , histopathological","Preclinical , epidemiological , histopathological",0.59701836
MT2022_2025,W4388590203,110,auto,On,the,"cellular level ,","On the cellular level ,",0.7917732
MT2022_2025,W4388590203,111,auto,Current,experimental,evidence indicates that,Current experimental evidence indicates that,0.64841014
MT2022_2025,W4388590203,112,auto,Targeting,more,than one of,Targeting more than one of,0.6766952
MT2022_2025,W4388590203,113,auto,Moreover,",",given that the,"Moreover , given that the",0.69068295
MT2022_2025,W4388590203,114,auto,So,",",while no treatment,"So , while no treatment",0.63379395
MT2022_2025,W4388590203,115,auto,Fig.,1,1 Fig. 1,Fig. 1 1 Fig. 1,0.67786723
MT2022_2025,W4388590203,116,auto,Extracellularly,released,MPP + is,Extracellularly released MPP + is,0.6257987
MT2022_2025,W4388590203,117,auto,Similarly,",",the pesticide rotenone,"Similarly , the pesticide rotenone",0.6232376
MT2022_2025,W4388590203,118,auto,In,contrast,", paraquat (","In contrast , paraquat (",0.5715764
MT2022_2025,W4388590203,119,auto,Hereafter,",",it is taken,"Hereafter , it is taken",0.5425968
MT2022_2025,W4388590203,120,auto,Abbreviations,:,1- methyl- 4-,Abbreviations : 1- methyl- 4-,0.57586926
MT2022_2025,W4388590203,121,auto,Created,with,BioRender.com Table 1,Created with BioRender.com Table 1,0.58043134
MT2022_2025,W4388590203,122,auto,Lewy,pathology,in humans :,Lewy pathology in humans :,0.6880158
MT2022_2025,W4388590203,123,auto,50,years,; Lewy pathology,50 years ; Lewy pathology,0.5805826
MT2022_2025,W4388590203,124,auto,Impaired,mitophagy,", impaired mitochondrial","Impaired mitophagy , impaired mitochondrial",0.7001215
MT2022_2025,W4388590203,125,auto,Impaired,mitophagy,", impaired mitochondrial","Impaired mitophagy , impaired mitochondrial",0.7001215
MT2022_2025,W4388590203,126,auto,Elevated,levels,"of ROS ,","Elevated levels of ROS ,",0.6965663
MT2022_2025,W4388590203,127,auto,Indirect,effect,on mitochondria via,Indirect effect on mitochondria via,0.6884429
MT2022_2025,W4388590203,128,auto,Also,",",direct effect causing,"Also , direct effect causing",0.5843598
MT2022_2025,W4388590203,129,auto,Increased,ROS,and mitochondrial fragmentation,Increased ROS and mitochondrial fragmentation,0.7477089
MT2022_2025,W4388590203,130,auto,Impaired,mitophagy,", decreased complex","Impaired mitophagy , decreased complex",0.6862079
MT2022_2025,W4388590203,131,auto,Increased,mitochondrial,fission and fragmentation,Increased mitochondrial fission and fragmentation,0.6932316
MT2022_2025,W4388590203,132,auto,Abnormal,mitochondrial,"structure , impaired","Abnormal mitochondrial structure , impaired",0.7594578
MT2022_2025,W4388590203,133,auto,Abnormal,mitochondrial,morphol - ogy,Abnormal mitochondrial morphol - ogy,0.61372983
MT2022_2025,W4388590203,134,auto,Locus,Gene,product Inheritance Progression,Locus Gene product Inheritance Progression,0.77424955
MT2022_2025,W4388590203,135,auto,PARK7,Protein,deglycase DJ1 (,PARK7 Protein deglycase DJ1 (,0.67493474
MT2022_2025,W4388590203,136,auto,Additional,chaperone,activity .,Additional chaperone activity .,0.62952405
MT2022_2025,W4388590203,137,auto,Role,in,ER - mitochondrial,Role in ER - mitochondrial,0.5684407
MT2022_2025,W4388590203,138,auto,PARK8,Leucine,- rich repeat,PARK8 Leucine - rich repeat,0.7270119
MT2022_2025,W4388590203,139,auto,PARK9,ATPase,type 13A2 (,PARK9 ATPase type 13A2 (,0.63333255
MT2022_2025,W4388590203,140,auto,PARK15,F,- box protein,PARK15 F - box protein,0.57826245
MT2022_2025,W4388590203,141,auto,Might,interact,with Parkin and,Might interact with Parkin and,0.7192373
MT2022_2025,W4388590203,142,auto,PARK17,Vacuolar,protein sorting 35,PARK17 Vacuolar protein sorting 35,0.7239012
MT2022_2025,W4388590203,143,auto,Implicated,in,generation of mitochondrial,Implicated in generation of mitochondrial,0.57971144
MT2022_2025,W4388590203,144,auto,PARK22,Coiled,- coil -,PARK22 Coiled - coil -,0.7203875
MT2022_2025,W4388590203,145,auto,Stabilizing,domain,containing protein 2,Stabilizing domain containing protein 2,0.674706
MT2022_2025,W4388590203,146,auto,Regulat-,(,CHCHD2 ) ing,Regulat- ( CHCHD2 ) ing,0.58345956
MT2022_2025,W4388590203,147,auto,PARK23,Vacuolar,protein sorting 13,PARK23 Vacuolar protein sorting 13,0.704433
MT2022_2025,W4388590203,148,auto,Table,2,2 Current therapeutic,Table 2 2 Current therapeutic,0.6832825
MT2022_2025,W4388590203,149,auto,FFG,received,grants from the,FFG received grants from the,0.59911996
MT2022_2025,W4388590203,150,auto,Hertie,-,Senior Research Professor,Hertie - Senior Research Professor,0.5296118
MT2022_2025,W4388590203,151,auto,Availability,of,data and materials,Availability of data and materials,0.2934161
MT2022_2025,W4388590203,152,auto,WHO,and,DJS revised and,WHO and DJS revised and,0.64109445
MT2022_2025,W4388590203,153,auto,MTH,prepared,the final version,MTH prepared the final version,0.51185644
MT2022_2025,W4388590203,154,auto,All,authors,read and approved,All authors read and approved,0.59890425
MT2022_2025,W4388590203,155,auto,Declarations,Ethics,approval and consent,Declarations Ethics approval and consent,0.633192
MT2022_2025,W4388590203,157,auto,The,authors,report no competing,The authors report no competing,0.58976847
MT2022_2025,W4388590203,158,auto,WHO,received,honoraria for Publisher's,WHO received honoraria for Publisher's,0.49938244
MT2022_2025,W4388590203,159,auto,Parkinson's,disease,B R Bloem,Parkinson's disease B R Bloem,0.6643754
MT2022_2025,W4388590203,160,auto,National,Institute,for clinical E,National Institute for clinical E,0.7311108
MT2022_2025,W4388590203,161,auto,Selective,neuronal,vulnerability in Parkinson,Selective neuronal vulnerability in Parkinson,0.6884632
MT2022_2025,W4388590203,162,auto,Neuropathology,and,molecular diagnosis of,Neuropathology and molecular diagnosis of,0.5853768
MT2022_2025,W4388590203,163,auto,Multi,-organ,distribution of phosphorylated,Multi -organ distribution of phosphorylated,0.73631775
MT2022_2025,W4388590203,164,auto,Pathological,alpha-synuclein,transmission initiates Parkinson,Pathological alpha-synuclein transmission initiates Parkinson,0.7076384
MT2022_2025,W4388590203,165,auto,The,roles,of connectivity and,The roles of connectivity and,0.6566893
MT2022_2025,W4388590203,166,auto,On,cell,loss and selective,On cell loss and selective,0.63579816
MT2022_2025,W4388590203,167,auto,Ten,unsolved,questions about Neuroinflammation,Ten unsolved questions about Neuroinflammation,0.7061171
MT2022_2025,W4388590203,168,auto,Y,C,Wong K Luk,Y C Wong K Luk,0.65259576
MT2022_2025,W4388590203,169,auto,Fueling,thought,: management of,Fueling thought : management of,0.7040268
MT2022_2025,W4388590203,170,auto,The,multifaceted,contributions of mitochondria,The multifaceted contributions of mitochondria,0.7117624
MT2022_2025,W4388590203,171,auto,Robust,pacemaking,in substantia nigra,Robust pacemaking in substantia nigra,0.59836113
MT2022_2025,W4388590203,172,auto,Cold,Spring,Harb Perspect Med,Cold Spring Harb Perspect Med,0.37412283
MT2022_2025,W4388590203,173,auto,Mitochondrial,oxidant,stress in locus,Mitochondrial oxidant stress in locus,0.67177135
MT2022_2025,W4388590203,174,auto,Role,of,mitochondrial ROS in,Role of mitochondrial ROS in,0.60241234
MT2022_2025,W4388590203,175,auto,A,primate,model of parkinsonism,A primate model of parkinsonism,0.6375774
MT2022_2025,W4388590203,176,auto,Mitochondrial,complex,I deficiency in,Mitochondrial complex I deficiency in,0.63127273
MT2022_2025,W4388590203,177,auto,Brain,",",skeletal muscle and,"Brain , skeletal muscle and",0.6444267
MT2022_2025,W4388590203,178,auto,Unaltered,aconitase,"activity , but","Unaltered aconitase activity , but",0.6998932
MT2022_2025,W4388590203,179,auto,Is,there,a special relationship,Is there a special relationship,0.7343669
MT2022_2025,W4388590203,180,auto,A,critical,reappraisal N Subrahmanian,A critical reappraisal N Subrahmanian,0.6281881
MT2022_2025,W4388590203,181,auto,Neuronal,complex,I deficiency occurs,Neuronal complex I deficiency occurs,0.7271169
MT2022_2025,W4388590203,182,auto,Immunohistochemical,studies,on complexes I,Immunohistochemical studies on complexes I,0.66289604
MT2022_2025,W4388590203,183,auto,Normal,mitochondrial,genome in brain,Normal mitochondrial genome in brain,0.6833306
MT2022_2025,W4388590203,184,auto,High,levels,of mitochondrial DNA,High levels of mitochondrial DNA,0.6717809
MT2022_2025,W4388590203,185,auto,Defective,mitochondrial,DNA homeostasis in,Defective mitochondrial DNA homeostasis in,0.5896679
MT2022_2025,W4388590203,186,auto,The,physiological,role of alpha-synuclein,The physiological role of alpha-synuclein,0.6269346
MT2022_2025,W4388590203,187,auto,Mitochondrial,import,and accumulation of,Mitochondrial import and accumulation of,0.6542004
MT2022_2025,W4388590203,188,auto,Region,specific,mitochondrial impairment in,Region specific mitochondrial impairment in,0.714241
MT2022_2025,W4388590203,189,auto,Alphasynuclein,promotes,mitochondrial deficit and,Alphasynuclein promotes mitochondrial deficit and,0.6377637
MT2022_2025,W4388590203,190,auto,The,roles,"of PINK1 ,","The roles of PINK1 ,",0.63594997
MT2022_2025,W4388590203,191,auto,The,ubiquitin,kinase PINK1 recruits,The ubiquitin kinase PINK1 recruits,0.67982596
MT2022_2025,W4388590203,192,auto,A,critical,LRRK at the,A critical LRRK at the,0.7537754
MT2022_2025,W4388590203,193,auto,The,neurobiological,function and pathophysiological,The neurobiological function and pathophysiological,0.7772792
MT2022_2025,W4388590203,194,auto,Age,at,onset of LRRK2,Age at onset of LRRK2,0.55759156
MT2022_2025,W4388590203,195,auto,Ser,is,related to environmental,Ser is related to environmental,0.6373604
MT2022_2025,W4388590203,196,auto,Hereditary,parkinsonism,with dementia is,Hereditary parkinsonism with dementia is,0.7929995
MT2022_2025,W4388590203,197,auto,The,Parkinson's,disease - linked,The Parkinson's disease - linked,0.5975528
MT2022_2025,W4388590203,198,auto,The,role,of VPS35 in,The role of VPS35 in,0.6204609
MT2022_2025,W4388590203,199,auto,Understanding,the,contributions of VPS35,Understanding the contributions of VPS35,0.59690505
MT2022_2025,W4388590203,200,auto,Loss,of,VPS13C function in,Loss of VPS13C function in,0.48965356
MT2022_2025,W4388590203,201,auto,Parkinson's,disease,- associated mutant,Parkinson's disease - associated mutant,0.64941806
MT2022_2025,W4388590203,202,auto,Mutations,in,CHCHD2 cause alpha-,Mutations in CHCHD2 cause alpha-,0.5360755
MT2022_2025,W4388590203,203,auto,Defining,neurodegeneration,on Guam by,Defining neurodegeneration on Guam by,0.58865815
MT2022_2025,W4388590203,204,auto,The,genetics,and neuropathology of,The genetics and neuropathology of,0.7343284
MT2022_2025,W4388590203,205,auto,Neuropathology,of,genetic synucleinopathies with,Neuropathology of genetic synucleinopathies with,0.49841884
MT2022_2025,W4388590203,206,auto,The,Parkinson's,disease genes pink1,The Parkinson's disease genes pink1,0.6323385
MT2022_2025,W4388590203,207,auto,A,vesicular,transport pathway shuttles,A vesicular transport pathway shuttles,0.6634909
MT2022_2025,W4388590203,208,auto,Effect,of,endogenous mutant and,Effect of endogenous mutant and,0.67387205
MT2022_2025,W4388590203,209,auto,Proteomic,analysis,of parkin knockout,Proteomic analysis of parkin knockout,0.581316
MT2022_2025,W4388590203,210,auto,Increased,mitochondrial,calcium sensitivity and,Increased mitochondrial calcium sensitivity and,0.7685714
MT2022_2025,W4388590203,211,auto,Increased,glutathione,S - transferase,Increased glutathione S - transferase,0.73928267
MT2022_2025,W4388590203,212,auto,Dopamine,covalently,modifies and functionally,Dopamine covalently modifies and functionally,0.71593386
MT2022_2025,W4388590203,213,auto,S,-,nitrosylation of parkin,S - nitrosylation of parkin,0.5606332
MT2022_2025,W4388590203,214,auto,Age,-,associated insolubility of,Age - associated insolubility of,0.6434519
MT2022_2025,W4388590203,215,auto,Reduced,basal,autophagy and impaired,Reduced basal autophagy and impaired,0.6813799
MT2022_2025,W4388590203,216,auto,Oxidant,stress,evoked by pacemaking,Oxidant stress evoked by pacemaking,0.7497692
MT2022_2025,W4388590203,217,auto,Unfolding,is,the driving force,Unfolding is the driving force,0.5961017
MT2022_2025,W4388590203,218,auto,The,oxidation,states of DJ,The oxidation states of DJ,0.6974575
MT2022_2025,W4388590203,219,auto,J,Cao,M Ying N,J Cao M Ying N,0.73007923
MT2022_2025,W4388590203,220,auto,Crystal,structures,of human DJ,Crystal structures of human DJ,0.61387587
MT2022_2025,W4388590203,222,auto,Dopamine,oxidation,mediates mitochondrial and,Dopamine oxidation mediates mitochondrial and,0.74050355
MT2022_2025,W4388590203,223,auto,Guanine,glycation,repair by DJ,Guanine glycation repair by DJ,0.7050387
MT2022_2025,W4388590203,224,auto,A,mutation,"in VPS35 ,","A mutation in VPS35 ,",0.71842974
MT2022_2025,W4388590203,225,auto,A,conserved,retromer sorting motif,A conserved retromer sorting motif,0.6085026
MT2022_2025,W4388590203,226,auto,The,transgenic,overexpression of alpha-synuclein,The transgenic overexpression of alpha-synuclein,0.6568885
MT2022_2025,W4388590203,227,auto,1820,Alpha,-Synuclein is differentially,1820 Alpha -Synuclein is differentially,0.6535055
MT2022_2025,W4388590203,228,auto,Alpha-synuclein,oligomers,interact with ATP,Alpha-synuclein oligomers interact with ATP,0.6427334
MT2022_2025,W4388590203,229,auto,Overexpression,of,alpha - synuclein,Overexpression of alpha - synuclein,0.5923573
MT2022_2025,W4388590203,230,auto,Understanding,the,multiple role of,Understanding the multiple role of,0.7373547
MT2022_2025,W4388590203,231,auto,Systemic,isradipine,treatment diminishes calcium,Systemic isradipine treatment diminishes calcium,0.79254746
MT2022_2025,W4388590203,232,auto,Linking,alpha-,synuclein phosphorylation to,Linking alpha- synuclein phosphorylation to,0.606131
MT2022_2025,W4388590203,233,auto,Mitochondrial,DNA,that escapes from,Mitochondrial DNA that escapes from,0.6976189
MT2022_2025,W4388590203,234,auto,Mitochondrial,DNA,stress primes the,Mitochondrial DNA stress primes the,0.6528536
MT2022_2025,W4388590203,235,auto,Parkinson's,disease,- related proteins,Parkinson's disease - related proteins,0.65848815
MT2022_2025,W4388590203,236,auto,Intestinal,infection,triggers Parkinson's disease,Intestinal infection triggers Parkinson's disease,0.65429527
MT2022_2025,W4388590203,237,auto,Raised,calcium,promotes alpha- synuclein,Raised calcium promotes alpha- synuclein,0.6291727
MT2022_2025,W4388590203,238,auto,2018,Altered,proteasomal function in,2018 Altered proteasomal function in,0.6782608
MT2022_2025,W4388590203,239,auto,A,comparison,of changes in,A comparison of changes in,0.73321563
MT2022_2025,W4388590203,240,auto,The,coenzyme,Q10 status of,The coenzyme Q10 status of,0.6072153
MT2022_2025,W4388590203,241,auto,Oxidative,stress,indicators are elevated,Oxidative stress indicators are elevated,0.77264506
MT2022_2025,W4388590203,242,auto,Mitochondrial,membrane,depolarization and the,Mitochondrial membrane depolarization and the,0.62454504
MT2022_2025,W4388590203,243,auto,A,randomized,clinical trial of,A randomized clinical trial of,0.7041337
MT2022_2025,W4388590203,244,auto,Phase,1,study to investigate,Phase 1 study to investigate,0.6058549
MT2022_2025,W4388590203,245,auto,The,use,of vitamin K2,The use of vitamin K2,0.6601179
MT2022_2025,W4388590203,246,auto,A,double,"- blind ,","A double - blind ,",0.73558784
MT2022_2025,W4388590203,247,auto,M,O,Poulter K B,M O Poulter K B,0.6255786
MT2022_2025,W4388590203,248,auto,On,the,antioxidant effects of,On the antioxidant effects of,0.7032764
MT2022_2025,W4388590203,249,auto,N,-,acetylcysteine prevents rotenone,N - acetylcysteine prevents rotenone,0.57009465
MT2022_2025,W4388590203,251,auto,N,-,acetyl cysteine is,N - acetyl cysteine is,0.64252025
MT2022_2025,W4388590203,252,auto,Protective,effects,of beta -,Protective effects of beta -,0.70818466
MT2022_2025,W4388590203,253,auto,The,NAD,+ precursor nicotinamide,The NAD + precursor nicotinamide,0.7201027
MT2022_2025,W4388590203,254,auto,The,NAD,- PARK study,The NAD - PARK study,0.68188
MT2022_2025,W4388590203,255,auto,The,protective,effect of inosine,The protective effect of inosine,0.6601452
MT2022_2025,W4388590203,256,auto,Inosine,attenuates,rotenone - induced,Inosine attenuates rotenone - induced,0.6147425
MT2022_2025,W4388590203,257,auto,Effect,of,urate - elevating,Effect of urate - elevating,0.5882862
MT2022_2025,W4388590203,258,auto,Protective,effects,of Ursodeoxycholic acid,Protective effects of Ursodeoxycholic acid,0.62023723
MT2022_2025,W4388590203,259,auto,Pharmacokinetics,",","safety , and","Pharmacokinetics , safety , and",0.62815374
MT2022_2025,W4388590203,260,auto,The,therapeutic,role of minocycline,The therapeutic role of minocycline,0.6266487
MT2022_2025,W4388590203,261,auto,Creatine,and,cyclocreatine attenuate MPTP,Creatine and cyclocreatine attenuate MPTP,0.5463187
MT2022_2025,W4388590203,262,auto,Clinically,available,iron chelators induce,Clinically available iron chelators induce,0.58555543
MT2022_2025,W4388590203,263,auto,Targeting,chelatable,iron as a,Targeting chelatable iron as a,0.636255
MT2022_2025,W4388590203,264,auto,Emerging,therapies,in Parkinson disease,Emerging therapies in Parkinson disease,0.7343503
MT2022_2025,W4388590203,265,auto,The,multifaceted,therapeutic role of,The multifaceted therapeutic role of,0.6873524
MT2022_2025,W4388590203,266,auto,The,effect,of GLP -,The effect of GLP -,0.67474306
MT2022_2025,W4388590203,267,auto,The,neuroprotective,effects of glucagon,The neuroprotective effects of glucagon,0.6835245
MT2022_2025,W4388590203,268,auto,An,extended,release GLP -,An extended release GLP -,0.68243057
MT2022_2025,W4388590203,269,auto,Exenatide,once,weekly versus placebo,Exenatide once weekly versus placebo,0.64254254
MT2022_2025,W4388590203,270,auto,Exenatide,once,weekly over 2,Exenatide once weekly over 2,0.68442243
MT2022_2025,W4388590203,271,auto,Liraglutide,improves,non-motor function and,Liraglutide improves non-motor function and,0.62201977
MT2022_2025,W4388590203,272,auto,Protection,by,pioglitazone in the,Protection by pioglitazone in the,0.5733
MT2022_2025,W4388590203,273,auto,Exosome,release,and neuropathology induced,Exosome release and neuropathology induced,0.701733
MT2022_2025,W4388590203,274,auto,Wang,X,: functional impairment,Wang X : functional impairment,0.64388096
MT2022_2025,W4388590203,275,auto,Alpha-synuclein,delays,mitophagy and targeting,Alpha-synuclein delays mitophagy and targeting,0.5580829
MT2022_2025,W4388590203,276,auto,Parkinmediated,protection,of dopaminergic neurons,Parkinmediated protection of dopaminergic neurons,0.6612651
MT2022_2025,W4388590203,277,auto,Overexpression,of,parkin ameliorates dopaminergic,Overexpression of parkin ameliorates dopaminergic,0.55175424
MT2022_2025,W4388590203,278,auto,The,L,- type channel,The L - type channel,0.64199096
MT2022_2025,W4388590203,279,auto,Use,of,calcium channel blockers,Use of calcium channel blockers,0.58130175
MT2022_2025,W4388590203,280,auto,Isradipine,versus,placebo in early,Isradipine versus placebo in early,0.58890504
MT2022_2025,W4280531467,0,auto,Biological,aging,processes underlying cognitive,Biological aging processes underlying cognitive,0.7227051
MT2022_2025,W4280531467,1,auto,10.1172/JCI158453,GROBID,- A machine,10.1172/JCI158453 GROBID - A machine,0.57200295
MT2022_2025,W4280531467,2,auto,As,early,as the third,As early as the third,0.684201
MT2022_2025,W4280531467,3,auto,The,pathological,hallmarks of AD,The pathological hallmarks of AD,0.61471844
MT2022_2025,W4280531467,4,auto,While,accumulation,of Aβ and,While accumulation of Aβ and,0.81745785
MT2022_2025,W4280531467,5,auto,A,postmortem,study of 161,A postmortem study of 161,0.72940487
MT2022_2025,W4280531467,6,auto,Lifespan,changes,in brain morphology,Lifespan changes in brain morphology,0.72745365
MT2022_2025,W4280531467,7,auto,In,the,absence of disease,In the absence of disease,0.72854227
MT2022_2025,W4280531467,8,auto,The,ability,to engage in,The ability to engage in,0.67979443
MT2022_2025,W4280531467,9,auto,Neuronal,firing,patterns induce changes,Neuronal firing patterns induce changes,0.7115088
MT2022_2025,W4280531467,10,auto,In,addition,", processes linked","In addition , processes linked",0.60847145
MT2022_2025,W4280531467,11,auto,Cellular,senescence,is a stress,Cellular senescence is a stress,0.70749265
MT2022_2025,W4280531467,12,auto,Mitochondria,utilize,oxygen for cellular,Mitochondria utilize oxygen for cellular,0.54570574
MT2022_2025,W4280531467,13,auto,They,also,contribute to calcium,They also contribute to calcium,0.57877827
MT2022_2025,W4280531467,14,auto,Levels,of,mitochondrial DNA (,Levels of mitochondrial DNA (,0.56191605
MT2022_2025,W4280531467,15,auto,Unlike,the,above - mentioned,Unlike the above - mentioned,0.6874466
MT2022_2025,W4280531467,16,auto,Epidemiological,evidence,supports an association,Epidemiological evidence supports an association,0.6475432
MT2022_2025,W4280531467,17,auto,More,than,50 % of,More than 50 % of,0.60918915
MT2022_2025,W4280531467,18,auto,It,has,been well established,It has been well established,0.6133884
MT2022_2025,W4280531467,19,auto,Epigenetic,processes,allow cells to,Epigenetic processes allow cells to,0.68332714
MT2022_2025,W4280531467,20,auto,These,dynamic,", reversible modifications","These dynamic , reversible modifications",0.74441165
MT2022_2025,W4280531467,21,auto,The,frequency,and pattern of,The frequency and pattern of,0.6643945
MT2022_2025,W4280531467,22,auto,There,are,currently more than,There are currently more than,0.6626214
MT2022_2025,W4280531467,23,auto,Histone,acetylation,tends to decrease,Histone acetylation tends to decrease,0.7523248
MT2022_2025,W4280531467,24,auto,Genetic,linkage,", large -","Genetic linkage , large -",0.72145015
MT2022_2025,W4280531467,25,auto,The,brain,is the richest,The brain is the richest,0.6257067
MT2022_2025,W4280531467,26,auto,This,work,was made possible,This work was made possible,0.61370677
MT2022_2025,W4280531467,27,auto,Institute,for,Integration of Medicine,Institute for Integration of Medicine,0.5948776
MT2022_2025,W4280531467,28,auto,Clinical,and,Translational Science Award,Clinical and Translational Science Award,0.5990385
MT2022_2025,W4280531467,29,auto,US,Department,"of Commerce ,","US Department of Commerce ,",0.68189955
MT2022_2025,W4280531467,30,auto,Alzheimer's,disease,facts and figures,Alzheimer's disease facts and figures,0.64850557
MT2022_2025,W4280531467,31,auto,10.1016/j.jalz.2019.01.010,Alzheimers,Dement 15 3,10.1016/j.jalz.2019.01.010 Alzheimers Dement 15 3,0.4879058
MT2022_2025,W4280531467,33,auto,Alzheimer's,Association,Normal cognitive aging,Alzheimer's Association Normal cognitive aging,0.58926475
MT2022_2025,W4280531467,34,auto,10.1016/j.cger.2013.07.002,Clin,Geriatr Med 29,10.1016/j.cger.2013.07.002 Clin Geriatr Med 29,0.44975346
MT2022_2025,W4280531467,35,auto,Trajectories,of,normal cognitive aging,Trajectories of normal cognitive aging,0.52011365
MT2022_2025,W4280531467,36,auto,Functional,aging,in male C57,Functional aging in male C57,0.69081455
MT2022_2025,W4280531467,37,auto,Age,-,related deficits in,Age - related deficits in,0.6157551
MT2022_2025,W4280531467,38,auto,The,aging,mouse brain :,The aging mouse brain :,0.6431682
MT2022_2025,W4280531467,40,auto,Lifespan,of,neurons is uncou-,Lifespan of neurons is uncou-,0.64722204
MT2022_2025,W4280531467,41,auto,Brain,structural,trajectories over the,Brain structural trajectories over the,0.66144717
MT2022_2025,W4280531467,42,auto,Advanced,brain,aging : relationship,Advanced brain aging : relationship,0.62435883
MT2022_2025,W4280531467,43,auto,Longitudinal,regional,brain volume changes,Longitudinal regional brain volume changes,0.56659245
MT2022_2025,W4280531467,44,auto,The,brains,of aged mice,The brains of aged mice,0.72820914
MT2022_2025,W4280531467,45,auto,Myths,and,truths about the,Myths and truths about the,0.5838854
MT2022_2025,W4280531467,46,auto,Brain,excitability,and connectivity of,Brain excitability and connectivity of,0.7661418
MT2022_2025,W4280531467,47,auto,Regulation,of,intrinsic excitability :,Regulation of intrinsic excitability :,0.6191602
MT2022_2025,W4280531467,48,auto,10.1016/j.nlm.2019.107069,Neurobiol,Learn Mem 164,10.1016/j.nlm.2019.107069 Neurobiol Learn Mem 164,0.475556
MT2022_2025,W4280531467,49,auto,Heightened,cortical,excitability in aged,Heightened cortical excitability in aged,0.7186612
MT2022_2025,W4280531467,50,auto,Relative,incidence,of seizures and,Relative incidence of seizures and,0.78916854
MT2022_2025,W4280531467,51,auto,Regulation,of,lifespan by neural,Regulation of lifespan by neural,0.60370964
MT2022_2025,W4280531467,52,auto,Amyloid,-,beta - induced,Amyloid - beta - induced,0.5713672
MT2022_2025,W4280531467,53,auto,Identification,of,intraneuronal amyloid beta,Identification of intraneuronal amyloid beta,0.6137738
MT2022_2025,W4280531467,54,auto,Mitochondrial,ROS,control neuronal excitability,Mitochondrial ROS control neuronal excitability,0.6735906
MT2022_2025,W4280531467,55,auto,Novel,levetiracetam,derivatives that are,Novel levetiracetam derivatives that are,0.6165775
MT2022_2025,W4280531467,56,auto,A,metabolome,atlas of the,A metabolome atlas of the,0.69012713
MT2022_2025,W4280531467,57,auto,Diffusion,tensor,imaging of cerebral,Diffusion tensor imaging of cerebral,0.6407839
MT2022_2025,W4280531467,58,auto,Ultrastructural,analysis,of the paranodal,Ultrastructural analysis of the paranodal,0.58371425
MT2022_2025,W4280531467,59,auto,Age,-,related changes in,Age - related changes in,0.6079217
MT2022_2025,W4280531467,60,auto,The,clinical,importance of white,The clinical importance of white,0.64026284
MT2022_2025,W4280531467,62,auto,Pathologic,correlates,of incidental MRI,Pathologic correlates of incidental MRI,0.70666814
MT2022_2025,W4280531467,63,auto,White,matter,"hyperintensities , cognitive","White matter hyperintensities , cognitive",0.64075357
MT2022_2025,W4280531467,64,auto,White,matter,lesions in an,White matter lesions in an,0.6979682
MT2022_2025,W4280531467,65,auto,Stereological,investigation,of age -,Stereological investigation of age -,0.6987964
MT2022_2025,W4280531467,66,auto,Pathophysiology,of,age - related,Pathophysiology of age - related,0.53236896
MT2022_2025,W4280531467,67,auto,Alzheimer's,disease,: a valid,Alzheimer's disease : a valid,0.6533477
MT2022_2025,W4280531467,68,auto,Amyloid,deposition,in younger adults,Amyloid deposition in younger adults,0.62390167
MT2022_2025,W4280531467,69,auto,10.1212/WNL.0000000000003425,Neurology,87 24 2016,10.1212/WNL.0000000000003425 Neurology 87 24 2016,0.44485062
MT2022_2025,W4280531467,70,auto,Self,-,propagation of pathogenic,Self - propagation of pathogenic,0.61187863
MT2022_2025,W4280531467,71,auto,Propagation,of,tau misfolding from,Propagation of tau misfolding from,0.5699901
MT2022_2025,W4280531467,72,auto,Transmission,and,spreading of tauopathy,Transmission and spreading of tauopathy,0.56584936
MT2022_2025,W4280531467,73,auto,Unique,pathological,tau conformers from,Unique pathological tau conformers from,0.66115224
MT2022_2025,W4280531467,74,auto,Amyloid,beta,and tau cooperate,Amyloid beta and tau cooperate,0.6780549
MT2022_2025,W4280531467,75,auto,The,influence,"of tau ,","The influence of tau ,",0.69277954
MT2022_2025,W4280531467,76,auto,A,third,of communitydwelling elderly,A third of communitydwelling elderly,0.63367075
MT2022_2025,W4280531467,77,auto,Selected,micro-RNAs,increase synaptic resilience,Selected micro-RNAs increase synaptic resilience,0.63263094
MT2022_2025,W4280531467,78,auto,Hallmarks,of,brain aging :,Hallmarks of brain aging :,0.57729447
MT2022_2025,W4280531467,79,auto,10.1016/j.cmet.2018.05.011,Cell,Metab 27 6,10.1016/j.cmet.2018.05.011 Cell Metab 27 6,0.37888926
MT2022_2025,W4280531467,80,auto,Translating,the,biology of aging,Translating the biology of aging,0.6110011
MT2022_2025,W4280531467,81,auto,The,hallmarks,of aging C,The hallmarks of aging C,0.70132405
MT2022_2025,W4280531467,82,auto,Extending,healthy,life span -,Extending healthy life span -,0.573488
MT2022_2025,W4280531467,83,auto,Translational,geroscience,: a new,Translational geroscience : a new,0.666663
MT2022_2025,W4280531467,84,auto,The,role,of autophagy in,The role of autophagy in,0.6183851
MT2022_2025,W4280531467,85,auto,Selective,autophagy,as a potential,Selective autophagy as a potential,0.6899648
MT2022_2025,W4280531467,86,auto,Autophagy,induction,and autophagosome clearance,Autophagy induction and autophagosome clearance,0.61649096
MT2022_2025,W4280531467,87,auto,Autophagy,is,required for memory,Autophagy is required for memory,0.5079106
MT2022_2025,W4280531467,88,auto,Influence,of,normal aging on,Influence of normal aging on,0.61955106
MT2022_2025,W4280531467,89,auto,Autophagy,flux,in CA1 neurons,Autophagy flux in CA1 neurons,0.6247441
MT2022_2025,W4280531467,90,auto,Regulation,of,intracellular accumulation of,Regulation of intracellular accumulation of,0.6725636
MT2022_2025,W4280531467,91,auto,The,autophagy,- related protein,The autophagy - related protein,0.7115678
MT2022_2025,W4280531467,92,auto,Regulation,of,the transcription factor,Regulation of the transcription factor,0.57420844
MT2022_2025,W4280531467,93,auto,Transcription,factor,EB is selectively,Transcription factor EB is selectively,0.7155093
MT2022_2025,W4280531467,94,auto,2016,TFEB,overexpression in the,2016 TFEB overexpression in the,0.69857776
MT2022_2025,W4280531467,95,auto,Chaperone,-,mediated autophagy prevents,Chaperone - mediated autophagy prevents,0.56152606
MT2022_2025,W4280531467,96,auto,10.1016/j.cell.2021.03.048,Cell,184 10 2021,10.1016/j.cell.2021.03.048 Cell 184 10 2021,0.42285872
MT2022_2025,W4280531467,97,auto,Acetylated,tau,inhibits chaperone -,Acetylated tau inhibits chaperone -,0.7570674
MT2022_2025,W4280531467,98,auto,Geroscience,:,linking aging to,Geroscience : linking aging to,0.56606805
MT2022_2025,W4280531467,99,auto,10.1016/j.cell.2014.10.039,Cell,159 4 2014,10.1016/j.cell.2014.10.039 Cell 159 4 2014,0.36570013
MT2022_2025,W4280531467,100,auto,Energy,metabolism,of the brain,Energy metabolism of the brain,0.7260355
MT2022_2025,W4280531467,101,auto,th,ed,Reactive oxygen species,th ed Reactive oxygen species,0.67873913
MT2022_2025,W4280531467,102,auto,Elevated,oxidative,stress and decreased,Elevated oxidative stress and decreased,0.7743577
MT2022_2025,W4280531467,103,auto,Aging,:,a theory based,Aging : a theory based,0.5558854
MT2022_2025,W4280531467,104,auto,A,"""",mitochondrial cascade hypothesis,"A "" mitochondrial cascade hypothesis",0.6257892
MT2022_2025,W4280531467,105,auto,Science,352,6292 2016,Science 352 6292 2016,0.6098287
MT2022_2025,W4280531467,106,auto,Deletion,of,the mitochondrial superoxide,Deletion of the mitochondrial superoxide,0.5817875
MT2022_2025,W4280531467,107,auto,The,paradox,of mitochondrial dysfunction,The paradox of mitochondrial dysfunction,0.74970895
MT2022_2025,W4280531467,108,auto,Caenorhabditis,elegans,lifespan extension caused,Caenorhabditis elegans lifespan extension caused,0.55957544
MT2022_2025,W4280531467,109,auto,The,role,of mitochondria in,The role of mitochondria in,0.6486129
MT2022_2025,W4280531467,110,auto,Low,cerebrospinal,fluid concentration of,Low cerebrospinal fluid concentration of,0.7603957
MT2022_2025,W4280531467,111,auto,Mitochondrial,links,between brain aging,Mitochondrial links between brain aging,0.66144013
MT2022_2025,W4280531467,112,auto,Tau,protein,aggregation is associated,Tau protein aggregation is associated,0.63826376
MT2022_2025,W4280531467,113,auto,The,aging,mitochondria P Theurey,The aging mitochondria P Theurey,0.71280724
MT2022_2025,W4280531467,114,auto,Cellular,senescence,: defining a,Cellular senescence : defining a,0.73895097
MT2022_2025,W4280531467,115,auto,10.1016/j.cell.2019.10.005,Cell,179 4 2019,10.1016/j.cell.2019.10.005 Cell 179 4 2019,0.4022881
MT2022_2025,W4280531467,116,auto,Senescence,surveillance,of pre-malignant hepatocytes,Senescence surveillance of pre-malignant hepatocytes,0.5999834
MT2022_2025,W4280531467,117,auto,Heterochronic,parabiosis,regulates the extent,Heterochronic parabiosis regulates the extent,0.56116843
MT2022_2025,W4280531467,118,auto,Whole,-,body senescent cell,Whole - body senescent cell,0.59402645
MT2022_2025,W4280531467,119,auto,An,aged,immune system drives,An aged immune system drives,0.62785685
MT2022_2025,W4280531467,120,auto,Clearance,of,senescent glial cells,Clearance of senescent glial cells,0.60143435
MT2022_2025,W4280531467,121,auto,Senolytic,therapy,alleviates Aβassociated oligodendrocyte,Senolytic therapy alleviates Aβassociated oligodendrocyte,0.59125596
MT2022_2025,W4280531467,122,auto,Obesity,-,induced cellular senescence,Obesity - induced cellular senescence,0.5188794
MT2022_2025,W4280531467,123,auto,Age,-,related hyperinsulinemia leads,Age - related hyperinsulinemia leads,0.57294977
MT2022_2025,W4280531467,124,auto,Cellular,senescence,as a driver,Cellular senescence as a driver,0.7948822
MT2022_2025,W4280531467,125,auto,Cellular,senescence,is induced by,Cellular senescence is induced by,0.7685516
MT2022_2025,W4280531467,126,auto,Blast,exposure,leads to accelerated,Blast exposure leads to accelerated,0.68018085
MT2022_2025,W4280531467,127,auto,Astrocyte,senescence,as a component,Astrocyte senescence as a component,0.6415559
MT2022_2025,W4280531467,128,auto,Profiling,senescent,cells in human,Profiling senescent cells in human,0.729617
MT2022_2025,W4280531467,129,auto,Human,CNS,immune senescence and,Human CNS immune senescence and,0.6855976
MT2022_2025,W4280531467,130,auto,Cerebrovascular,senescence,is associated with,Cerebrovascular senescence is associated with,0.6930726
MT2022_2025,W4280531467,131,auto,Front,Neurol,A G Bryant,Front Neurol A G Bryant,0.59746313
MT2022_2025,W4280531467,132,auto,The,landscape,of human tissue,The landscape of human tissue,0.72993696
MT2022_2025,W4280531467,133,auto,Living,neurons,with tau filaments,Living neurons with tau filaments,0.6936946
MT2022_2025,W4280531467,134,auto,A,geroscience,motivated approach to,A geroscience motivated approach to,0.62318385
MT2022_2025,W4280531467,135,auto,The,therapeutic,potential of epigenetic,The therapeutic potential of epigenetic,0.70291334
MT2022_2025,W4280531467,136,auto,The,emerging,field of epigenetics,The emerging field of epigenetics,0.6184741
MT2022_2025,W4280531467,137,auto,A,meta,- analysis of,A meta - analysis of,0.6755162
MT2022_2025,W4280531467,138,auto,Alzheimer's,disease,: early alterations,Alzheimer's disease : early alterations,0.6527645
MT2022_2025,W4280531467,139,auto,Neuron,-,specific methylome analysis,Neuron - specific methylome analysis,0.53877735
MT2022_2025,W4280531467,140,auto,Genome,-,wide methylation profiles,Genome - wide methylation profiles,0.56125295
MT2022_2025,W4280531467,141,auto,10.1016/j.molcel.2012.10.016,Mol,Cell 49 2,10.1016/j.molcel.2012.10.016 Mol Cell 49 2,0.417869
MT2022_2025,W4280531467,142,auto,Aging,of,blood can be,Aging of blood can be,0.5235113
MT2022_2025,W4280531467,143,auto,An,epigenetic,biomarker of aging,An epigenetic biomarker of aging,0.58124447
MT2022_2025,W4280531467,144,auto,The,PedBE,clock accurately estimates,The PedBE clock accurately estimates,0.6699596
MT2022_2025,W4280531467,145,auto,The,pediatric,buccal epigenetic clock,The pediatric buccal epigenetic clock,0.6239397
MT2022_2025,W4280531467,146,auto,Using,DNA,methylation profiling to,Using DNA methylation profiling to,0.61284983
MT2022_2025,W4280531467,147,auto,Epigenetic,aging,signatures in mice,Epigenetic aging signatures in mice,0.65129364
MT2022_2025,W4280531467,148,auto,Underlying,features,of epigenetic aging,Underlying features of epigenetic aging,0.6593757
MT2022_2025,W4280531467,150,auto,Recalibrating,the,epigenetic clock :,Recalibrating the epigenetic clock :,0.6042637
MT2022_2025,W4280531467,151,auto,The,association,of epigenetic clocks,The association of epigenetic clocks,0.6342519
MT2022_2025,W4280531467,152,auto,The,metabolic,impact on histone,The metabolic impact on histone,0.73286706
MT2022_2025,W4280531467,153,auto,Dysregulation,of,the epigenetic landscape,Dysregulation of the epigenetic landscape,0.5243091
MT2022_2025,W4280531467,154,auto,An,integrated,multi-omics approach identifies,An integrated multi-omics approach identifies,0.656765
MT2022_2025,W4280531467,155,auto,Age,-,related epigenetic changes,Age - related epigenetic changes,0.5560708
MT2022_2025,W4280531467,156,auto,How,do,micro-RNAs regulate gene,How do micro-RNAs regulate gene,0.5149342
MT2022_2025,W4280531467,157,auto,R,J,Jackson N Standart,R J Jackson N Standart,0.73025465
MT2022_2025,W4280531467,158,auto,2007,MicroRNAs,in Alzheimer's disease,2007 MicroRNAs in Alzheimer's disease,0.64852047
MT2022_2025,W4280531467,159,auto,Alzheimer's,Disease,and microRNA -,Alzheimer's Disease and microRNA -,0.7152329
MT2022_2025,W4280531467,160,auto,Vascular,contributions,to cognitive impairment,Vascular contributions to cognitive impairment,0.61706394
MT2022_2025,W4280531467,161,auto,Dysfunction,of,the neurovascular unit,Dysfunction of the neurovascular unit,0.55700105
MT2022_2025,W4280531467,162,auto,Regulation,of,cerebral blood flow,Regulation of cerebral blood flow,0.5570266
MT2022_2025,W4280531467,163,auto,Interplay,between,brain pericytes and,Interplay between brain pericytes and,0.6401868
MT2022_2025,W4280531467,164,auto,Pericyte,loss,influences Alzheimer -,Pericyte loss influences Alzheimer -,0.6261054
MT2022_2025,W4280531467,165,auto,Reversal,of,endothelial dysfunction reduces,Reversal of endothelial dysfunction reduces,0.5605264
MT2022_2025,W4280531467,167,auto,Blood,-,brain barrier breakdown,Blood - brain barrier breakdown,0.5814314
MT2022_2025,W4280531467,168,auto,Aging,of,the vascular system,Aging of the vascular system,0.5117934
MT2022_2025,W4280531467,169,auto,Gene,expression,markers of age,Gene expression markers of age,0.7105278
MT2022_2025,W4280531467,170,auto,A,meta,- analysis of,A meta - analysis of,0.6755161
MT2022_2025,W4280531467,171,auto,Biol,Psychiatry,68 10 2010,Biol Psychiatry 68 10 2010,0.6834307
MT2022_2025,W4280531467,172,auto,2018,J,Clin Invest Peripheral,2018 J Clin Invest Peripheral,0.50814474
MT2022_2025,W4280531467,173,auto,Mol,Neurodegen,W Cao H,Mol Neurodegen W Cao H,0.60399497
MT2022_2025,W4280531467,174,auto,C,-,reactive protein as,C - reactive protein as,0.6093519
MT2022_2025,W4280531467,175,auto,Circulating,levels,of IL -,Circulating levels of IL -,0.61701083
MT2022_2025,W4280531467,176,auto,P,Italiani,10.1186/s12974-017-1027-y J Neuroinflammation,P Italiani 10.1186/s12974-017-1027-y J Neuroinflammation,0.48501286
MT2022_2025,W4280531467,177,auto,Early,neuroinflammation,is associated with,Early neuroinflammation is associated with,0.6637108
MT2022_2025,W4280531467,178,auto,Cells,10,5 1195 2021,Cells 10 5 1195 2021,0.71962816
MT2022_2025,W4280531467,179,auto,Novel,CSF,biomarkers for Alzheimer's,Novel CSF biomarkers for Alzheimer's,0.50406826
MT2022_2025,W4280531467,180,auto,Accelerated,inflammatory,aging in Alzheimer's,Accelerated inflammatory aging in Alzheimer's,0.56460744
MT2022_2025,W4280531467,181,auto,Soluble,TREM2,and inflammatory proteins,Soluble TREM2 and inflammatory proteins,0.67854464
MT2022_2025,W4280531467,182,auto,Immune,signaling,in neurodegeneration T,Immune signaling in neurodegeneration T,0.76800513
MT2022_2025,W4280531467,183,auto,Neuroimmune,connections,in aging and,Neuroimmune connections in aging and,0.7185339
MT2022_2025,W4280531467,184,auto,Cellular,senescence,at the crossroads,Cellular senescence at the crossroads,0.62192184
MT2022_2025,W4280531467,185,auto,Microglial,function,and regulation during,Microglial function and regulation during,0.7130395
MT2022_2025,W4280531467,186,auto,Systemic,inflammation,impairs microglial aβ,Systemic inflammation impairs microglial aβ,0.7528558
MT2022_2025,W4280531467,188,auto,Neuroprotective,activities,of regulatory t,Neuroprotective activities of regulatory t,0.6059378
MT2022_2025,W4280531467,189,auto,The,role,of regulatory T,The role of regulatory T,0.65949094
MT2022_2025,W4280531467,190,auto,Breaking,immune,tolerance by targeting,Breaking immune tolerance by targeting,0.6219874
MT2022_2025,W4280531467,191,auto,Interpretation,of,risk loci from,Interpretation of risk loci from,0.58673835
MT2022_2025,W4280531467,192,auto,The,multiplex,model of the,The multiplex model of the,0.659113
MT2022_2025,W4280531467,193,auto,Genetic,evidence,for the involvement,Genetic evidence for the involvement,0.6574181
MT2022_2025,W4280531467,194,auto,The,genetics,of human ageing,The genetics of human ageing,0.68341756
MT2022_2025,W4280531467,195,auto,Cloning,and,characterization of LAG1,Cloning and characterization of LAG1,0.49507076
MT2022_2025,W4280531467,196,auto,Lipidomics,for,studying metabolism X,Lipidomics for studying metabolism X,0.601087
MT2022_2025,W4280531467,197,auto,Bioactive,sphingolipids,: metabolism and,Bioactive sphingolipids : metabolism and,0.8507943
MT2022_2025,W4280531467,198,auto,9th,N,Musi P J,9th N Musi P J,0.71938974
MT2022_2025,W4280531467,199,auto,Substantial,sulfatide,deficiency and ceramide,Substantial sulfatide deficiency and ceramide,0.79610425
MT2022_2025,W4280531467,200,auto,Involvement,of,oxidative stress -,Involvement of oxidative stress -,0.6286236
MT2022_2025,W4280531467,201,auto,Cerebrospinal,fluid,sulfatide is decreased,Cerebrospinal fluid sulfatide is decreased,0.7341611
MT2022_2025,W4280531467,202,auto,Ann,Neurol,54 1 2003,Ann Neurol 54 1 2003,0.6429311
MT2022_2025,W4280531467,203,auto,Specific,changes,of sulfatide levels,Specific changes of sulfatide levels,0.7344644
MT2022_2025,W4280531467,204,auto,A,turn,of the sulfatide,A turn of the sulfatide,0.6188898
MT2022_2025,W4280531467,205,auto,The,pathogenic,implication of abnormal,The pathogenic implication of abnormal,0.6945728
MT2022_2025,W4280531467,206,auto,E,mediates,sulfatide depletion in,E mediates sulfatide depletion in,0.64761794
MT2022_2025,W4280531467,207,auto,Novel,role,for apolipoprotein E,Novel role for apolipoprotein E,0.7103693
MT2022_2025,W4280531467,208,auto,Modulation,of,sulfatide content X,Modulation of sulfatide content X,0.67438143
MT2022_2025,W4280531467,209,auto,Adult,-,onset CNS myelin,Adult - onset CNS myelin,0.59038043
MT2022_2025,W4280531467,210,auto,Peripheral,ethanolamine,plasmalogen deficiency :,Peripheral ethanolamine plasmalogen deficiency :,0.6304755
MT2022_2025,W4280531467,211,auto,Curvilinear,regression,course of human,Curvilinear regression course of human,0.7341135
MT2022_2025,W4280531467,212,auto,New,horizons,: novel approaches,New horizons : novel approaches,0.69668895
MT2022_2025,W4280531467,213,auto,Glial,activation,and inflammation along,Glial activation and inflammation along,0.7385951
MT2022_2025,W4280531467,214,auto,Results,from,a pilot study,Results from a pilot study,0.50395626
MT2022_2025,W4280531467,215,auto,Human,/,Human trials :,Human / Human trials :,0.6444786
MT2022_2025,W4280531467,216,auto,Model,organism,development and evaluation,Model organism development and evaluation,0.69004816
MT2022_2025,W4280531467,217,auto,Reuniting,the,"body "" neck","Reuniting the body "" neck",0.72918046
MT2022_2025,W4281560571,0,auto,Economic,significance,of biofilms :,Economic significance of biofilms :,0.6759362
MT2022_2025,W4281560571,1,auto,Economic,significance,of biofilms :,Economic significance of biofilms :,0.6759362
MT2022_2025,W4281560571,2,auto,The,increasing,awareness of the,The increasing awareness of the,0.73310244
MT2022_2025,W4281560571,3,auto,Due,to,the extent of,Due to the extent of,0.6538436
MT2022_2025,W4281560571,4,auto,This,perspective,highlights this impact,This perspective highlights this impact,0.7432048
MT2022_2025,W4281560571,5,auto,The,outputs,from this analysis,The outputs from this analysis,0.67685753
MT2022_2025,W4281560571,6,auto,However,",",there are still,"However , there are still",0.64725876
MT2022_2025,W4281560571,7,auto,This,perspective,discusses some of,This perspective discusses some of,0.6779701
MT2022_2025,W4281560571,9,auto,Microbial,biofilms,are everywhere as,Microbial biofilms are everywhere as,0.71236205
MT2022_2025,W4281560571,10,auto,As,such,", they present","As such , they present",0.73666734
MT2022_2025,W4281560571,11,auto,These,biofilms,exert a major,These biofilms exert a major,0.68189454
MT2022_2025,W4281560571,12,auto,6,Capturing,the financial implications,6 Capturing the financial implications,0.6053754
MT2022_2025,W4281560571,13,auto,To,address,this knowledge gap,To address this knowledge gap,0.63532734
MT2022_2025,W4281560571,14,auto,The,analysis,refers to values,The analysis refers to values,0.70341986
MT2022_2025,W4281560571,15,auto,The,breakdown,by sectors is,The breakdown by sectors is,0.7148665
MT2022_2025,W4281560571,16,auto,The,impact,of biofilms in,The impact of biofilms in,0.6818242
MT2022_2025,W4281560571,17,auto,The,US,National Institutes of,The US National Institutes of,0.34225336
MT2022_2025,W4281560571,18,auto,More,than,"70,000 people worldwide","More than 70,000 people worldwide",0.5116564
MT2022_2025,W4281560571,19,auto,The,insertion,of pacemakers and,The insertion of pacemakers and,0.7836477
MT2022_2025,W4281560571,20,auto,Many,of,these biofilms comprise,Many of these biofilms comprise,0.6535472
MT2022_2025,W4281560571,21,auto,This,is,aggravated by the,This is aggravated by the,0.66210794
MT2022_2025,W4281560571,22,auto,The,surface,of prosthetic joints,The surface of prosthetic joints,0.77500844
MT2022_2025,W4281560571,23,auto,These,infections,can sometimes appear,These infections can sometimes appear,0.6924095
MT2022_2025,W4281560571,24,auto,The,personal,care sector impacts,The personal care sector impacts,0.5994612
MT2022_2025,W4281560571,25,auto,Biofilms,are,associated with and,Biofilms are associated with and,0.6114829
MT2022_2025,W4281560571,26,auto,Oral,plaque,", a biofilm","Oral plaque , a biofilm",0.7605171
MT2022_2025,W4281560571,27,auto,Left,uncontrolled,", it can","Left uncontrolled , it can",0.6739788
MT2022_2025,W4281560571,28,auto,The,global,household cleaning product,The global household cleaning product,0.70726
MT2022_2025,W4281560571,29,auto,Growth,in,the market is,Growth in the market is,0.5658834
MT2022_2025,W4281560571,30,auto,The,higher,occupant density and,The higher occupant density and,0.68190163
MT2022_2025,W4281560571,31,auto,These,play,a key role,These play a key role,0.67758334
MT2022_2025,W4281560571,32,auto,The,anti-microbial,property is often,The anti-microbial property is often,0.6806954
MT2022_2025,W4281560571,33,auto,Anti-microbial,activity,can also arise,Anti-microbial activity can also arise,0.6441638
MT2022_2025,W4281560571,34,auto,The,world's,50 million km,The world's 50 million km,0.6669178
MT2022_2025,W4281560571,35,auto,The,management,and control of,The management and control of,0.7228629
MT2022_2025,W4281560571,36,auto,Biofilms,are,an integral part,Biofilms are an integral part,0.58904743
MT2022_2025,W4281560571,37,auto,Where,these,"measures fail ,","Where these measures fail ,",0.65363944
MT2022_2025,W4281560571,38,auto,For,example,", there were","For example , there were",0.6147555
MT2022_2025,W4281560571,39,auto,Several,process,configurations are used,Several process configurations are used,0.6909418
MT2022_2025,W4281560571,40,auto,In,activated,"sludge processes ,","In activated sludge processes ,",0.6721371
MT2022_2025,W4281560571,41,auto,The,water,treatment market was,The water treatment market was,0.74000996
MT2022_2025,W4281560571,42,auto,Biofilms,are,key for the,Biofilms are key for the,0.6337582
MT2022_2025,W4281560571,43,auto,The,estimated,global impact of,The estimated global impact of,0.65607756
MT2022_2025,W4281560571,44,auto,The,major,global challenge of,The major global challenge of,0.6136831
MT2022_2025,W4281560571,45,auto,In,order,to deliver energy,In order to deliver energy,0.7619985
MT2022_2025,W4281560571,46,auto,Biofouling,of,"shipping vessels ,","Biofouling of shipping vessels ,",0.6042813
MT2022_2025,W4281560571,47,auto,Fouled,marine,surfaces become susceptible,Fouled marine surfaces become susceptible,0.6824684
MT2022_2025,W4281560571,48,auto,In,the,oil and gas,In the oil and gas,0.76939785
MT2022_2025,W4281560571,49,auto,The,economic,and societal impacts,The economic and societal impacts,0.73346907
MT2022_2025,W4281560571,50,auto,However,",",many scientific challenges,"However , many scientific challenges",0.6044907
MT2022_2025,W4281560571,51,auto,A,number,of the key,A number of the key,0.61809343
MT2022_2025,W4281560571,52,auto,Further,expansion,on the themes,Further expansion on the themes,0.695642
MT2022_2025,W4281560571,53,auto,Better,understanding,of the interaction,Better understanding of the interaction,0.73463225
MT2022_2025,W4281560571,54,auto,The,key,scientific challenges for,The key scientific challenges for,0.6508943
MT2022_2025,W4281560571,55,auto,Equally,",",understanding the effect,"Equally , understanding the effect",0.5766486
MT2022_2025,W4281560571,56,auto,Such,',surface structure /,Such ' surface structure /,0.65396345
MT2022_2025,W4281560571,57,auto,As,regulatory,guidelines become more,As regulatory guidelines become more,0.64833987
MT2022_2025,W4281560571,58,auto,Such,designed,surfaces could also,Such designed surfaces could also,0.5787688
MT2022_2025,W4281560571,59,auto,To,realise,"innovation , economically","To realise innovation , economically",0.69545954
MT2022_2025,W4281560571,60,auto,Deeper,knowledge,of the matrixome,Deeper knowledge of the matrixome,0.62955827
MT2022_2025,W4281560571,61,auto,The,matrixome,is the assembly,The matrixome is the assembly,0.70874894
MT2022_2025,W4281560571,62,auto,50,Better,rapid early detection,50 Better rapid early detection,0.62484336
MT2022_2025,W4281560571,63,auto,From,an,"innovation perspective ,","From an innovation perspective ,",0.59159946
MT2022_2025,W4281560571,64,auto,Advances,are,needed in culture,Advances are needed in culture,0.6179073
MT2022_2025,W4281560571,65,auto,New,photonics,- based approaches,New photonics - based approaches,0.6929942
MT2022_2025,W4281560571,66,auto,AI,and,machine learning techniques,AI and machine learning techniques,0.6125059
MT2022_2025,W4281560571,67,auto,Managing,biofilms,in natural environments,Managing biofilms in natural environments,0.6732682
MT2022_2025,W4281560571,68,auto,Although,great,strides have been,Although great strides have been,0.63513905
MT2022_2025,W4281560571,69,auto,Additional,complexity,comes from the,Additional complexity comes from the,0.66385293
MT2022_2025,W4281560571,70,auto,Advances,in,low - cost,Advances in low - cost,0.5270535
MT2022_2025,W4281560571,71,auto,Improved,understanding,of the mode,Improved understanding of the mode,0.7172687
MT2022_2025,W4281560571,72,auto,The,need,to improve standards,The need to improve standards,0.72595394
MT2022_2025,W4281560571,73,auto,This,is,true not only,This is true not only,0.6781878
MT2022_2025,W4281560571,74,auto,Further,compounding,factors include that,Further compounding factors include that,0.7353339
MT2022_2025,W4281560571,75,auto,There,is,clearly an important,There is clearly an important,0.65508837
MT2022_2025,W4281560571,76,auto,Lack,of,biofilm repositories e.g.,Lack of biofilm repositories e.g.,0.55300206
MT2022_2025,W4281560571,77,auto,They,are,essential for fundamental,They are essential for fundamental,0.6869579
MT2022_2025,W4281560571,78,auto,There,is,a real need,There is a real need,0.63986605
MT2022_2025,W4281560571,79,auto,These,biobanks,also require an,These biobanks also require an,0.71271724
MT2022_2025,W4281560571,80,auto,Leveraging,existing,infrastructure within national,Leveraging existing infrastructure within national,0.7262426
MT2022_2025,W4281560571,81,auto,Importance,of,international collaboration and,Importance of international collaboration and,0.5860212
MT2022_2025,W4281560571,82,auto,As,clearly,evidenced during the,As clearly evidenced during the,0.74717534
MT2022_2025,W4281560571,83,auto,Biofilms,are,central to some,Biofilms are central to some,0.64457846
MT2022_2025,W4281560571,84,auto,To,build,relevant and value,To build relevant and value,0.66989666
MT2022_2025,W4281560571,85,auto,In,February,"2020 NBIC ,","In February 2020 NBIC ,",0.69811213
MT2022_2025,W4281560571,86,auto,The,goal,of this International,The goal of this International,0.6563198
MT2022_2025,W4281560571,87,auto,International,collaboration,and interactions within,International collaboration and interactions within,0.77057236
MT2022_2025,W4281560571,88,auto,International,collaboration,must bring together,International collaboration must bring together,0.6768064
MT2022_2025,W4281560571,89,auto,1,National,1 Biofilms Innovation,1 National 1 Biofilms Innovation,0.6550091
MT2022_2025,W4281560571,90,auto,2,National,Biofilms Innovation Centre,2 National Biofilms Innovation Centre,0.6073582
MT2022_2025,W4281560571,91,auto,3,National,Biofilms Innovation Centre,3 National Biofilms Innovation Centre,0.5951875
MT2022_2025,W4281560571,92,auto,4,National,Biofilms Innovation Centre,4 National Biofilms Innovation Centre,0.6215186
MT2022_2025,W4281560571,93,auto,5,National,Biofilms Innovation Centre,5 National Biofilms Innovation Centre,0.6239236
MT2022_2025,W4281560571,94,auto,Corrosion,has,been removed from,Corrosion has been removed from,0.6709434
MT2022_2025,W4281560571,95,auto,Table,1,. 1 Quantification,Table 1 . 1 Quantification,0.6109303
MT2022_2025,W4281560571,97,auto,Infective,endocarditis,16 Biofilms in,Infective endocarditis 16 Biofilms in,0.7069838
MT2022_2025,W4281560571,98,auto,Chronic,sinusitis,24.4 Chronic sinusitis,Chronic sinusitis 24.4 Chronic sinusitis,0.7622839
MT2022_2025,W4281560571,100,auto,Surfaces,in,the eye are,Surfaces in the eye are,0.5426672
MT2022_2025,W4281560571,101,auto,Human,antibiotics,34.2 Bacterial infections,Human antibiotics 34.2 Bacterial infections,0.7039215
MT2022_2025,W4281560571,102,auto,Central,venous,catheter bloodstream 11.5,Central venous catheter bloodstream 11.5,0.6907423
MT2022_2025,W4281560571,103,auto,infection,Catheter,- associated urinary,infection Catheter - associated urinary,0.7188846
MT2022_2025,W4281560571,104,auto,Prosthetic,cardiac,valves and pacemakers,Prosthetic cardiac valves and pacemakers,0.70553386
MT2022_2025,W4281560571,105,auto,The,surfaces,of surgically implanted,The surfaces of surgically implanted,0.7316664
MT2022_2025,W4281560571,106,auto,Ventilator,-,associated pneumonia 2.3,Ventilator - associated pneumonia 2.3,0.54704976
MT2022_2025,W4281560571,107,auto,Endotracheal,tubes,are prone to,Endotracheal tubes are prone to,0.59251153
MT2022_2025,W4281560571,109,auto,The,surfaces,of breast implants,The surfaces of breast implants,0.7662335
MT2022_2025,W4281560571,111,auto,The,surfaces,of surgically implanted,The surfaces of surgically implanted,0.7316664
MT2022_2025,W4281560571,112,auto,Total,medical,and human health,Total medical and human health,0.6388738
MT2022_2025,W4281560571,113,auto,Oral,care,Human oral care,Oral care Human oral care,0.7848084
MT2022_2025,W4281560571,114,auto,Animal,oral,care 1.85,Animal oral care 1.85,0.65159
MT2022_2025,W4281560571,115,auto,There,is,increasing awareness of,There is increasing awareness of,0.6622741
MT2022_2025,W4281560571,116,auto,Total,oral,care 48.9 Homecare,Total oral care 48.9 Homecare,0.6585161
MT2022_2025,W4281560571,117,auto,Textiles,10,Fabrics hostile to,Textiles 10 Fabrics hostile to,0.57701105
MT2022_2025,W4281560571,118,auto,Total,homecare,171 Built environment,Total homecare 171 Built environment,0.74860275
MT2022_2025,W4281560571,120,auto,Surfaces,hostile,to biofilms contribute,Surfaces hostile to biofilms contribute,0.66269237
MT2022_2025,W4281560571,121,auto,Total,built,environment 48.6 Food,Total built environment 48.6 Food,0.62591875
MT2022_2025,W4281560571,122,auto,Crops,-,antimicrobials 10.4 Prevention,Crops - antimicrobials 10.4 Prevention,0.5748272
MT2022_2025,W4281560571,123,auto,Animal,husbandry,4.3 Animal health,Animal husbandry 4.3 Animal health,0.68798506
MT2022_2025,W4281560571,124,auto,Food,processing,accounted for in,Food processing accounted for in,0.69799036
MT2022_2025,W4281560571,125,auto,',crops',Preservatives 1.5 Control,' crops' Preservatives 1.5 Control,0.7474912
MT2022_2025,W4281560571,126,auto,Food,packaging,303 Part of,Food packaging 303 Part of,0.6625083
MT2022_2025,W4281560571,127,auto,Total,food,and agriculture 324,Total food and agriculture 324,0.7256652
MT2022_2025,W4281560571,128,auto,Wastewater,treatment,27 Wastewater treatment,Wastewater treatment 27 Wastewater treatment,0.68955576
MT2022_2025,W4281560571,129,auto,Total,water,and wastewater 117,Total water and wastewater 117,0.7845121
MT2022_2025,W4281560571,131,auto,Decomposition,of,organic matter in,Decomposition of organic matter in,0.614616
MT2022_2025,W4281560571,132,auto,Table,1,continued 1 Total,Table 1 continued 1 Total,0.6975262
MT2022_2025,W4281560571,133,auto,Oil,and,gas Oil spillages,Oil and gas Oil spillages,0.6219897
MT2022_2025,W4281560571,134,auto,Corrosion,in,oil and gas,Corrosion in oil and gas,0.5380731
MT2022_2025,W4281560571,135,auto,Total,oil,and gas 46,Total oil and gas 46,0.7833954
MT2022_2025,W4281560571,136,auto,oil,and,gas Sector Global,oil and gas Sector Global,0.56520414
MT2022_2025,W4281560571,137,auto,Fouling,in,shipping and other,Fouling in shipping and other,0.54194504
MT2022_2025,W4281560571,138,auto,Corrosion,inhibitors,7.52 Inhibition of,Corrosion inhibitors 7.52 Inhibition of,0.66632396
MT2022_2025,W4281560571,139,auto,Bioremediation,10.5,Total mechanical and,Bioremediation 10.5 Total mechanical and,0.482966
MT2022_2025,W4281560571,140,auto,All,authors,are funded partly,All authors are funded partly,0.5647194
MT2022_2025,W4281560571,141,auto,Consulting,Ltd,NBIC Natasha Nater,Consulting Ltd NBIC Natasha Nater,0.6360623
MT2022_2025,W4281560571,142,auto,Data,sharing,not applicable to,Data sharing not applicable to,0.6859726
MT2022_2025,W4281560571,144,auto,All,authors,contributed equally to,All authors contributed equally to,0.6125758
MT2022_2025,W4281560571,146,auto,The,authors,declare no competing,The authors declare no competing,0.57001376
MT2022_2025,W4281560571,148,auto,Correspondence,and,requests for materials,Correspondence and requests for materials,0.49975985
MT2022_2025,W4281560571,149,auto,Reprints,and,permission information is,Reprints and permission information is,0.4836846
MT2022_2025,W4281560571,150,auto,The,role,of biofilm in,The role of biofilm in,0.6425474
MT2022_2025,W4281560571,151,auto,Biotechnol,37,36 2021,Biotechnol 37 36 2021,0.66450083
MT2022_2025,W4281560571,152,auto,High,-,strength wastewater treatment,High - strength wastewater treatment,0.5801798
MT2022_2025,W4281560571,153,auto,Biotechnol,36,75 2020,Biotechnol 36 75 2020,0.61976314
MT2022_2025,W4281560571,154,auto,Damage,to,offshore production facilities,Damage to offshore production facilities,0.5864384
MT2022_2025,W4281560571,155,auto,Biotechnol,102,2018 Bacterial biofilms,Biotechnol 102 2018 Bacterial biofilms,0.54955304
MT2022_2025,W4281560571,156,auto,Microbial,biofilms,in nature :,Microbial biofilms in nature :,0.7027811
MT2022_2025,W4281560571,157,auto,The,prevalence,of biofilms in,The prevalence of biofilms in,0.5832777
MT2022_2025,W4281560571,158,auto,About,Cystic,Fibrosi 2021,About Cystic Fibrosi 2021,0.7008127
MT2022_2025,W4281560571,159,auto,The,changing,epidemiology of infective,The changing epidemiology of infective,0.6440094
MT2022_2025,W4281560571,161,auto,Dis.,Rep,19 21 2017,Dis. Rep 19 21 2017,0.57878757
MT2022_2025,W4281560571,162,auto,Non,-infective,endocarditis H Hurrell,Non -infective endocarditis H Hurrell,0.7498342
MT2022_2025,W4281560571,163,auto,Current,hypotheses,in cardiac surgery,Current hypotheses in cardiac surgery,0.6194521
MT2022_2025,W4281560571,166,auto,Surg,28,Microbial biofilm correlates,Surg 28 Microbial biofilm correlates,0.5574229
MT2022_2025,W4281560571,168,auto,Neck,Surg,2 2016 Central,Neck Surg 2 2016 Central,0.61303824
MT2022_2025,W4281560571,169,auto,M,Gominet,F Compain C,M Gominet F Compain C,0.7347911
MT2022_2025,W4281560571,170,auto,The,role,of biofilm in,The role of biofilm in,0.6425474
MT2022_2025,W4281560571,171,auto,Trials,15,2020 European Centre,Trials 15 2020 European Centre,0.46804512
MT2022_2025,W4281560571,172,auto,Incidence,and,attributable mortality of,Incidence and attributable mortality of,0.63070065
MT2022_2025,W4281560571,173,auto,2018,European,Centre for Disease,2018 European Centre for Disease,0.57375455
MT2022_2025,W4281560571,174,auto,Viewing,prevention,of catheterassociated urinary,Viewing prevention of catheterassociated urinary,0.71450615
MT2022_2025,W4281560571,175,auto,J.,Qual,. Patient Saf,J. Qual . Patient Saf,0.72643775
MT2022_2025,W4281560571,177,auto,Update,on,cardiovascular implantable electronic,Update on cardiovascular implantable electronic,0.5734221
MT2022_2025,W4281560571,178,auto,A,P,Santos E Watanabe,A P Santos E Watanabe,0.71044475
MT2022_2025,W4281560571,179,auto,Leadless,pacemakers,: a contemporary,Leadless pacemakers : a contemporary,0.5881107
MT2022_2025,W4281560571,180,auto,Mortality,and,cost associated with,Mortality and cost associated with,0.5709426
MT2022_2025,W4281560571,181,auto,Med,171,2011 ICU occupancy,Med 171 2011 ICU occupancy,0.58897805
MT2022_2025,W4281560571,182,auto,Care,Med,41 2013,Care Med 41 2013,0.68783724
MT2022_2025,W4281560571,183,auto,Implications,of,endotracheal tube biofilm,Implications of endotracheal tube biofilm,0.5232546
MT2022_2025,W4281560571,184,auto,Endotracheal,tube,biofilm and its,Endotracheal tube biofilm and its,0.5666498
MT2022_2025,W4281560571,185,auto,Together,for,health - A,Together for health - A,0.67113847
MT2022_2025,W4281560571,186,auto,Acute,Intensive,Care Unit 2021,Acute Intensive Care Unit 2021,0.71216756
MT2022_2025,W4281560571,187,auto,Daily,cost,of an intensive,Daily cost of an intensive,0.6287116
MT2022_2025,W4281560571,188,auto,Care,Med,33 2005,Care Med 33 2005,0.71213347
MT2022_2025,W4281560571,189,auto,Prolonged,suppressive,antibiotic therapy is,Prolonged suppressive antibiotic therapy is,0.6909238
MT2022_2025,W4281560571,192,auto,A,financial,analysis of revision,A financial analysis of revision,0.58622324
MT2022_2025,W4281560571,193,auto,Br,94,2012 Prosthetic joint,Br 94 2012 Prosthetic joint,0.56319475
MT2022_2025,W4281560571,194,auto,Rev,27,2014 Epidemiology and,Rev 27 2014 Epidemiology and,0.51765496
MT2022_2025,W4281560571,195,auto,Chemother,69,Suppl 1 2014,Chemother 69 Suppl 1 2014,0.56621826
MT2022_2025,W4281560571,196,auto,Effectiveness,of,five antidandruff cosmetic,Effectiveness of five antidandruff cosmetic,0.63901585
MT2022_2025,W4281560571,198,auto,Influence,of,biofilm formation by,Influence of biofilm formation by,0.5730097
MT2022_2025,W4281560571,199,auto,Dis,212,2015 Beauty &,Dis 212 2015 Beauty &,0.54961306
MT2022_2025,W4281560571,200,auto,Dental,biofilm,infections - an,Dental biofilm infections - an,0.7112809
MT2022_2025,W4281560571,201,auto,The,role,of dental plaque,The role of dental plaque,0.6522215
MT2022_2025,W4281560571,202,auto,Building,upon,current knowledge and,Building upon current knowledge and,0.5726727
MT2022_2025,W4281560571,203,auto,Epidemiol,30,2020 Antibacterial surfaces,Epidemiol 30 2020 Antibacterial surfaces,0.5996371
MT2022_2025,W4281560571,204,auto,Industrial,and,Institutional Cleaning Chemicals,Industrial and Institutional Cleaning Chemicals,0.5699374
MT2022_2025,W4281560571,205,auto,Use,in,agriculture and its,Use in agriculture and its,0.61652946
MT2022_2025,W4281560571,206,auto,Listeriosis,in,England and Wales,Listeriosis in England and Wales,0.5423874
MT2022_2025,W4281560571,207,auto,2021,Greenyard,finds the Listeria,2021 Greenyard finds the Listeria,0.7278918
MT2022_2025,W4281560571,208,auto,Activated,sludge,process Treatment of,Activated sludge process Treatment of,0.74254227
MT2022_2025,W4281560571,210,auto,Marine,Fuel,Facts 2017 IEA,Marine Fuel Facts 2017 IEA,0.7515187
MT2022_2025,W4281560571,211,auto,International,Shipping,2020 Paris Impact,International Shipping 2020 Paris Impact,0.74270856
MT2022_2025,W4281560571,212,auto,Big,polluters,: One massive,Big polluters : One massive,0.69417876
MT2022_2025,W4281560571,213,auto,The,impact,and control of,The impact and control of,0.65642196
MT2022_2025,W4281560571,214,auto,Assessing,the,global threat of,Assessing the global threat of,0.6790243
MT2022_2025,W4281560571,215,auto,Ecol.,Environ,6 2008 The,Ecol. Environ 6 2008 The,0.60314584
MT2022_2025,W4281560571,216,auto,2020,F,M Alabbas B,2020 F M Alabbas B,0.7566486
MT2022_2025,W4281560571,217,auto,Workshop,Report,NBIC .,Workshop Report NBIC .,0.6055193
MT2022_2025,W4281560571,219,auto,Workshop,Report,2019 Nbic 2020,Workshop Report 2019 Nbic 2020,0.6783104
MT2022_2025,W4281560571,220,auto,Workshop,Report,Identifying and Prioritising,Workshop Report Identifying and Prioritising,0.6583407
MT2022_2025,W4281560571,221,auto,Workshop,Report,Biofilm matrixome :,Workshop Report Biofilm matrixome :,0.6698866
MT2022_2025,W4281560571,222,auto,Sensing,the,unreachable : challenges,Sensing the unreachable : challenges,0.61169267
MT2022_2025,W4395445997,0,auto,Bile,acid,metabolism and signaling,Bile acid metabolism and signaling,0.6499878
MT2022_2025,W4395445997,1,auto,Bile,acid,metabolism and signaling,Bile acid metabolism and signaling,0.6499878
MT2022_2025,W4395445997,2,auto,No,curative,treatment exists for,No curative treatment exists for,0.65197474
MT2022_2025,W4395445997,3,auto,Here,",",we provide a,"Here , we provide a",0.6642925
MT2022_2025,W4395445997,4,auto,Using,this,mechanistic model of,Using this mechanistic model of,0.7592917
MT2022_2025,W4395445997,5,auto,We,provide,an in -,We provide an in -,0.6397496
MT2022_2025,W4395445997,6,auto,Lastly,",",we rationalize novel,"Lastly , we rationalize novel",0.6131844
MT2022_2025,W4395445997,7,auto,Rather,than,dismissing bile acid,Rather than dismissing bile acid,0.6069767
MT2022_2025,W4395445997,9,auto,Globally,",",cardiometabolic diseases present,"Globally , cardiometabolic diseases present",0.50784266
MT2022_2025,W4395445997,10,auto,1,2,", 3 Bile","1 2 , 3 Bile",0.73040926
MT2022_2025,W4395445997,11,auto,Alongside,regulating,their own synthesis,Alongside regulating their own synthesis,0.69363225
MT2022_2025,W4395445997,12,auto,BAs,provide,complex physiological modulation,BAs provide complex physiological modulation,0.59905255
MT2022_2025,W4395445997,13,auto,4,",",5 6 The,"4 , 5 6 The",0.6709647
MT2022_2025,W4395445997,14,auto,Although,already,approved for primary,Although already approved for primary,0.6576706
MT2022_2025,W4395445997,15,auto,7,BA,BIOCHEMISTRY Primary BA,7 BA BIOCHEMISTRY Primary BA,0.7438961
MT2022_2025,W4395445997,16,auto,Hepatic,BA,synthesis tends to,Hepatic BA synthesis tends to,0.5827533
MT2022_2025,W4395445997,17,auto,In,metabolism,it is uncommon,In metabolism it is uncommon,0.7089083
MT2022_2025,W4395445997,18,auto,The,rest,of the bai,The rest of the bai,0.6882272
MT2022_2025,W4395445997,19,auto,BaiA2,oxidizes,the C 3,BaiA2 oxidizes the C 3,0.7680117
MT2022_2025,W4395445997,20,auto,This,new,ketone increases the,This new ketone increases the,0.6823005
MT2022_2025,W4395445997,21,auto,BaiE,dehydrates,and baiN reduces,BaiE dehydrates and baiN reduces,0.7304228
MT2022_2025,W4395445997,22,auto,BaiO,/,baiA2 finishes the,BaiO / baiA2 finishes the,0.63489586
MT2022_2025,W4395445997,23,auto,At,first,"glance , this","At first glance , this",0.62388897
MT2022_2025,W4395445997,24,auto,Deep,-,"dive , HSDH","Deep - dive , HSDH",0.59288996
MT2022_2025,W4395445997,25,auto,BAs,may,be oxidized and,BAs may be oxidized and,0.62575966
MT2022_2025,W4395445997,26,auto,These,two,reactions are enzymatically,These two reactions are enzymatically,0.66218686
MT2022_2025,W4395445997,27,auto,The,tetracyclic,fused steroidal backbone,The tetracyclic fused steroidal backbone,0.74438316
MT2022_2025,W4395445997,28,auto,The,BA,pool composition of,The BA pool composition of,0.57663786
MT2022_2025,W4395445997,29,auto,To,contrast,the BA pool,To contrast the BA pool,0.69023055
MT2022_2025,W4395445997,30,auto,This,is,imperative to note,This is imperative to note,0.6366837
MT2022_2025,W4395445997,31,auto,Conjugation,of,human BAs mostly,Conjugation of human BAs mostly,0.5918014
MT2022_2025,W4395445997,32,auto,Both,in,MCA prevalence and,Both in MCA prevalence and,0.54983115
MT2022_2025,W4395445997,33,auto,From,such,it is evident,From such it is evident,0.5520899
MT2022_2025,W4395445997,34,auto,Alongside,surfactant,"properties , different","Alongside surfactant properties , different",0.76487464
MT2022_2025,W4395445997,35,auto,The,efficacy,and potency rankings,The efficacy and potency rankings,0.7663511
MT2022_2025,W4395445997,36,auto,UDCA,/,"MCAs , and","UDCA / MCAs , and",0.639317
MT2022_2025,W4395445997,37,auto,The,steady,- state BA,The steady - state BA,0.7079827
MT2022_2025,W4395445997,38,auto,FXR,isoforms,dimerize with Retinoid,FXR isoforms dimerize with Retinoid,0.67392874
MT2022_2025,W4395445997,39,auto,In,the,"liver , FGFR4","In the liver , FGFR4",0.68217826
MT2022_2025,W4395445997,40,auto,128,129,"128 , 130","128 129 128 , 130",0.68602645
MT2022_2025,W4395445997,41,auto,Gut,FXR,transcriptionally enhances the,Gut FXR transcriptionally enhances the,0.7019116
MT2022_2025,W4395445997,42,auto,Within,a,state of low,Within a state of low,0.6618118
MT2022_2025,W4395445997,43,auto,In,a,state of high,In a state of high,0.68705636
MT2022_2025,W4395445997,44,auto,The,FGF15/19-,[ FGFR4 /βK,The FGF15/19- [ FGFR4 /βK,0.74791425
MT2022_2025,W4395445997,45,auto,FXR,-,SHP axis activation,FXR - SHP axis activation,0.5158182
MT2022_2025,W4395445997,46,auto,The,G,α subunit for,The G α subunit for,0.6229729
MT2022_2025,W4395445997,47,auto,84,99,205 206 207,84 99 205 206 207,0.71513945
MT2022_2025,W4395445997,48,auto,249,TGR5,promotes hepatic mitochondrial,249 TGR5 promotes hepatic mitochondrial,0.6712461
MT2022_2025,W4395445997,49,auto,Ceramide,exposure,to the liver,Ceramide exposure to the liver,0.5755682
MT2022_2025,W4395445997,50,auto,In,the,liver and adipose,In the liver and adipose,0.692518
MT2022_2025,W4395445997,51,auto,BA,-,mediated pathophysiology of,BA - mediated pathophysiology of,0.6414018
MT2022_2025,W4395445997,52,auto,Patients,with,T2 DM appear,Patients with T2 DM appear,0.6351179
MT2022_2025,W4395445997,53,auto,A,lack,of TGR5 signaling,A lack of TGR5 signaling,0.62723786
MT2022_2025,W4395445997,54,auto,In,the,"gut , FXR","In the gut , FXR",0.67316663
MT2022_2025,W4395445997,55,auto,174,",","259 179 ,","174 , 259 179 ,",0.6693277
MT2022_2025,W4395445997,56,auto,General,FXR,expression is protective,General FXR expression is protective,0.72338426
MT2022_2025,W4395445997,57,auto,Fasting,and,postprandial total /,Fasting and postprandial total /,0.559275
MT2022_2025,W4395445997,58,auto,It,is,still largely unknown,It is still largely unknown,0.6181388
MT2022_2025,W4395445997,59,auto,Some,evidence,exists supporting that,Some evidence exists supporting that,0.68811136
MT2022_2025,W4395445997,60,auto,451,452,453 454 455,451 452 453 454 455,0.6326283
MT2022_2025,W4395445997,61,auto,458,459,"279 , 460","458 459 279 , 460",0.7862216
MT2022_2025,W4395445997,62,auto,Mucosal,immune,cells within the,Mucosal immune cells within the,0.6997646
MT2022_2025,W4395445997,63,auto,462,[,463 ] [,462 [ 463 ] [,0.82062364
MT2022_2025,W4395445997,64,auto,Alongside,the,FXR - sensitive,Alongside the FXR - sensitive,0.65752864
MT2022_2025,W4395445997,65,auto,LCA,is,metabolized by microbial,LCA is metabolized by microbial,0.60585296
MT2022_2025,W4395445997,66,auto,Bacteroidete,phylum,5α / β,Bacteroidete phylum 5α / β,0.72449845
MT2022_2025,W4395445997,67,auto,This,ROS,by unknown mechanisms,This ROS by unknown mechanisms,0.6607304
MT2022_2025,W4395445997,68,auto,480,481,"482 483 ,","480 481 482 483 ,",0.78785217
MT2022_2025,W4395445997,69,auto,A,bidirectional,"inflammatory highway ,","A bidirectional inflammatory highway ,",0.72692674
MT2022_2025,W4395445997,70,auto,The,gutliver,axis holds a,The gutliver axis holds a,0.6711128
MT2022_2025,W4395445997,71,auto,If,the,liver does not,If the liver does not,0.7234743
MT2022_2025,W4395445997,72,auto,This,negative,hepatic - induced,This negative hepatic - induced,0.68268716
MT2022_2025,W4395445997,73,auto,Out,of,"all BAs ,","Out of all BAs ,",0.6673528
MT2022_2025,W4395445997,74,auto,Throughout,various,concentrations ranging from,Throughout various concentrations ranging from,0.6237594
MT2022_2025,W4395445997,75,auto,The,FGF,15/19 - [,The FGF 15/19 - [,0.63412106
MT2022_2025,W4395445997,76,auto,Alongside,endogenous,BA FXR modulators,Alongside endogenous BA FXR modulators,0.73709846
MT2022_2025,W4395445997,77,auto,CA,supplementation,with 15 mg,CA supplementation with 15 mg,0.7393319
MT2022_2025,W4395445997,78,auto,588,589,"543 , 590","588 589 543 , 590",0.7513534
MT2022_2025,W4395445997,79,auto,Within,LIFT,", TERN -","Within LIFT , TERN -",0.648627
MT2022_2025,W4395445997,80,auto,599,600,569 601 [,599 600 569 601 [,0.6027754
MT2022_2025,W4395445997,81,auto,Shifting,focus,to NASH indications,Shifting focus to NASH indications,0.72431886
MT2022_2025,W4395445997,82,auto,This,was,accompanied by increased,This was accompanied by increased,0.6314588
MT2022_2025,W4395445997,83,auto,457,",",610 611 612,"457 , 610 611 612",0.5532729
MT2022_2025,W4395445997,84,auto,Dyslipidemia,is,explainable by our,Dyslipidemia is explainable by our,0.57145536
MT2022_2025,W4395445997,85,auto,Short,-,term cardiovascular events,Short - term cardiovascular events,0.501202
MT2022_2025,W4395445997,86,auto,Gallbladder,disease,and related complications,Gallbladder disease and related complications,0.6941623
MT2022_2025,W4395445997,87,auto,A,similar,mechanism may explain,A similar mechanism may explain,0.669308
MT2022_2025,W4395445997,88,auto,Hyperglycemia,and,new - onset,Hyperglycemia and new - onset,0.5217948
MT2022_2025,W4395445997,89,auto,One,last,"question remains ,","One last question remains ,",0.6353036
MT2022_2025,W4395445997,90,auto,Human,trials,"for OCA ,","Human trials for OCA ,",0.70729196
MT2022_2025,W4395445997,91,auto,555,613,614 615 544,555 613 614 615 544,0.68713784
MT2022_2025,W4395445997,92,auto,The,first,of which is,The first of which is,0.7139003
MT2022_2025,W4395445997,93,auto,624,The,second of which,624 The second of which,0.63825524
MT2022_2025,W4395445997,94,auto,In,HepG2,"cells , dosetitrations","In HepG2 cells , dosetitrations",0.66702884
MT2022_2025,W4395445997,95,auto,In,Huh,- 7 cells,In Huh - 7 cells,0.5912274
MT2022_2025,W4395445997,96,auto,In,rats,", guggulsterone selectively","In rats , guggulsterone selectively",0.65784526
MT2022_2025,W4395445997,97,auto,What's,wrong,with systemic TGR5,What's wrong with systemic TGR5,0.629844
MT2022_2025,W4395445997,98,auto,Analogous,to,the adverse effect,Analogous to the adverse effect,0.6148364
MT2022_2025,W4395445997,99,auto,Alongside,their,general positive physiological,Alongside their general positive physiological,0.7204796
MT2022_2025,W4395445997,100,auto,Mechanistically,",",cAMP - induced,"Mechanistically , cAMP - induced",0.5924895
MT2022_2025,W4395445997,101,auto,269,",","653 647 ,","269 , 653 647 ,",0.76672995
MT2022_2025,W4395445997,102,auto,Alongside,mutually,exclusive FXR and,Alongside mutually exclusive FXR and,0.7267912
MT2022_2025,W4395445997,103,auto,1,R,", and TGR5","1 R , and TGR5",0.6490394
MT2022_2025,W4395445997,104,auto,In,contrast,to INT -,In contrast to INT -,0.5933045
MT2022_2025,W4395445997,105,auto,The,first,of which was,The first of which was,0.6806769
MT2022_2025,W4395445997,106,auto,Mechanistically,it,is thought that,Mechanistically it is thought that,0.6384596
MT2022_2025,W4395445997,107,auto,678,679,680 681 682,678 679 680 681 682,0.7439548
MT2022_2025,W4395445997,108,auto,Preclinical,and,clinical benefits of,Preclinical and clinical benefits of,0.6015067
MT2022_2025,W4395445997,109,auto,In,the,same nature of,In the same nature of,0.83965486
MT2022_2025,W4395445997,110,auto,Subcutaneous,FGF19,administration was found,Subcutaneous FGF19 administration was found,0.6343371
MT2022_2025,W4395445997,111,auto,Although,the,FGF 15/19 -,Although the FGF 15/19 -,0.7206029
MT2022_2025,W4395445997,112,auto,From,such,", many pharmaceutical","From such , many pharmaceutical",0.7404664
MT2022_2025,W4395445997,113,auto,The,last,gutrestricted non -,The last gutrestricted non -,0.6594789
MT2022_2025,W4395445997,114,auto,Modification,of,the gut microbiome,Modification of the gut microbiome,0.53227913
MT2022_2025,W4395445997,115,auto,710,",",711 712 713,"710 , 711 712 713",0.52200264
MT2022_2025,W4395445997,116,auto,Besides,the,negative outcomes of,Besides the negative outcomes of,0.72130805
MT2022_2025,W4395445997,117,auto,Diverging,from,"endogenous BAs ,","Diverging from endogenous BAs ,",0.6334499
MT2022_2025,W4395445997,118,auto,Recent,advancements,in both tissue,Recent advancements in both tissue,0.72762
MT2022_2025,W4395445997,119,auto,Combining,this,with the incredibly,Combining this with the incredibly,0.67835075
MT2022_2025,W4395445997,120,auto,How,may,BA therapeutics be,How may BA therapeutics be,0.59026384
MT2022_2025,W4395445997,121,auto,The,current,landscape of T2,The current landscape of T2,0.6714581
MT2022_2025,W4395445997,122,auto,Besides,recent,developments in GLP,Besides recent developments in GLP,0.73340577
MT2022_2025,W4395445997,123,auto,Progress,has,been made against,Progress has been made against,0.62883407
MT2022_2025,W4395445997,124,auto,While,the,potential approval of,While the potential approval of,0.80672866
MT2022_2025,W4395445997,125,auto,716,Contrasting,with the status,716 Contrasting with the status,0.6553038
MT2022_2025,W4395445997,126,auto,BA,therapeutics,offer significant benefits,BA therapeutics offer significant benefits,0.6966545
MT2022_2025,W4395445997,127,auto,While,BA,therapeutics may not,While BA therapeutics may not,0.59559023
MT2022_2025,W4395445997,128,auto,IBD,management,with BA therapeutics,IBD management with BA therapeutics,0.72790146
MT2022_2025,W4395445997,129,auto,Lastly,",",a more advanced,"Lastly , a more advanced",0.6631139
MT2022_2025,W4395445997,130,auto,Navigating,preclinical,to clinical translational,Navigating preclinical to clinical translational,0.60065496
MT2022_2025,W4395445997,131,auto,There,are,four major translational,There are four major translational,0.6613469
MT2022_2025,W4395445997,132,auto,The,first,challenge arises from,The first challenge arises from,0.7412529
MT2022_2025,W4395445997,133,auto,Rodents,",","unlike humans ,","Rodents , unlike humans ,",0.68398833
MT2022_2025,W4395445997,134,auto,717,Similarly,", the second","717 Similarly , the second",0.6030542
MT2022_2025,W4395445997,135,auto,For,example,", rodents produce","For example , rodents produce",0.66789424
MT2022_2025,W4395445997,136,auto,Although,currently,"unresolved , genetic","Although currently unresolved , genetic",0.69935775
MT2022_2025,W4395445997,137,auto,The,third,translational challenge revolves,The third translational challenge revolves,0.63242024
MT2022_2025,W4395445997,138,auto,Beyond,the,impacts of varying,Beyond the impacts of varying,0.62624997
MT2022_2025,W4395445997,139,auto,A,prime,example of such,A prime example of such,0.6466171
MT2022_2025,W4395445997,140,auto,To,further,highlight the issue,To further highlight the issue,0.60192657
MT2022_2025,W4395445997,142,auto,The,final,translational challenge in,The final translational challenge in,0.6791094
MT2022_2025,W4395445997,143,auto,722,Future,directions for BA,722 Future directions for BA,0.71444166
MT2022_2025,W4395445997,144,auto,From,the,perspective of biochemistry,From the perspective of biochemistry,0.67210704
MT2022_2025,W4395445997,145,auto,It,is,crucial to reveal,It is crucial to reveal,0.674427
MT2022_2025,W4395445997,146,auto,From,such,", more research","From such , more research",0.647581
MT2022_2025,W4395445997,147,auto,From,the,perspective of physiology,From the perspective of physiology,0.7019157
MT2022_2025,W4395445997,148,auto,Alongside,such,", more work","Alongside such , more work",0.5788725
MT2022_2025,W4395445997,149,auto,The,impacts,of FXR and,The impacts of FXR and,0.68940264
MT2022_2025,W4395445997,150,auto,The,discovery,of noncanonical BA,The discovery of noncanonical BA,0.7610206
MT2022_2025,W4395445997,151,auto,Lastly,",",more research is,"Lastly , more research is",0.5216853
MT2022_2025,W4395445997,152,auto,BA,pharmacology,is evolving rapidly,BA pharmacology is evolving rapidly,0.69207543
MT2022_2025,W4395445997,153,auto,Gut,restricted,receptor modulators allow,Gut restricted receptor modulators allow,0.664907
MT2022_2025,W4395445997,154,auto,There,is,a dire need,There is a dire need,0.6543921
MT2022_2025,W4395445997,155,auto,In,this,"review , we","In this review , we",0.7411142
MT2022_2025,W4395445997,156,auto,Sites,R,1 through R,Sites R 1 through R,0.7150911
MT2022_2025,W4395445997,157,auto,α-,orientation,groups are located,α- orientation groups are located,0.68721706
MT2022_2025,W4395445997,158,auto,Subscripted,values,next to BA,Subscripted values next to BA,0.7250003
MT2022_2025,W4395445997,159,auto,This,figure,was created with,This figure was created with,0.5936544
MT2022_2025,W4395445997,160,auto,BAs,are,synthesized in the,BAs are synthesized in the,0.65290517
MT2022_2025,W4395445997,161,auto,Matured,BAs,may either be,Matured BAs may either be,0.68636286
MT2022_2025,W4395445997,162,auto,This,figure,was created with,This figure was created with,0.5936544
MT2022_2025,W4395445997,163,auto,Hepatic,FXR,signaling pertaining to,Hepatic FXR signaling pertaining to,0.69167936
MT2022_2025,W4395445997,164,auto,Hepatic,FXR,agonism increases BA,Hepatic FXR agonism increases BA,0.8036265
MT2022_2025,W4395445997,165,auto,Dashed,mechanism,arrows represent the,Dashed mechanism arrows represent the,0.6992254
MT2022_2025,W4395445997,166,auto,Proteins,with,a yellow outline,Proteins with a yellow outline,0.618455
MT2022_2025,W4395445997,167,auto,Yellow,P's,represent phosphate groups,Yellow P's represent phosphate groups,0.74776244
MT2022_2025,W4395445997,168,auto,Italicized,text,refers to genes,Italicized text refers to genes,0.6702554
MT2022_2025,W4395445997,169,auto,Question,marks,represent unknown mechanisms,Question marks represent unknown mechanisms,0.6809321
MT2022_2025,W4395445997,170,auto,This,figure,was created with,This figure was created with,0.5936544
MT2022_2025,W4395445997,171,auto,Hepatic,FXR,signaling pertaining to,Hepatic FXR signaling pertaining to,0.69167936
MT2022_2025,W4395445997,172,auto,Dashed,mechanism,arrows represent the,Dashed mechanism arrows represent the,0.6992254
MT2022_2025,W4395445997,173,auto,Proteins,with,a yellow outline,Proteins with a yellow outline,0.618455
MT2022_2025,W4395445997,174,auto,Yellow,P's,represent phosphate groups,Yellow P's represent phosphate groups,0.74776244
MT2022_2025,W4395445997,175,auto,Italicized,text,refers to genes,Italicized text refers to genes,0.6702554
MT2022_2025,W4395445997,176,auto,Question,marks,represent unknown mechanisms,Question marks represent unknown mechanisms,0.6809321
MT2022_2025,W4395445997,177,auto,This,figure,was created with,This figure was created with,0.5936544
MT2022_2025,W4395445997,178,auto,Hepatic,and,gut enteroendocrine L,Hepatic and gut enteroendocrine L,0.5857573
MT2022_2025,W4395445997,179,auto,FXR,agonism,"increases glycogenesis ,","FXR agonism increases glycogenesis ,",0.7588517
MT2022_2025,W4395445997,180,auto,Gut,FXR,agonism represses GLP,Gut FXR agonism represses GLP,0.71368414
MT2022_2025,W4395445997,181,auto,Dashed,mechanism,arrows represent the,Dashed mechanism arrows represent the,0.6992254
MT2022_2025,W4395445997,182,auto,Proteins,with,a yellow outline,Proteins with a yellow outline,0.618455
MT2022_2025,W4395445997,183,auto,Yellow,P's,represent phosphate groups,Yellow P's represent phosphate groups,0.74776244
MT2022_2025,W4395445997,184,auto,Italicized,text,refers to genes,Italicized text refers to genes,0.6702554
MT2022_2025,W4395445997,185,auto,Question,marks,represent unknown mechanisms,Question marks represent unknown mechanisms,0.6809321
MT2022_2025,W4395445997,186,auto,This,figure,was created with,This figure was created with,0.5936544
MT2022_2025,W4395445997,187,auto,Hepatic,FXR,signaling pertaining to,Hepatic FXR signaling pertaining to,0.69167936
MT2022_2025,W4395445997,188,auto,Hepatic,FXR,agonism increases urea,Hepatic FXR agonism increases urea,0.76416403
MT2022_2025,W4395445997,189,auto,Dashed,mechanism,arrows represent the,Dashed mechanism arrows represent the,0.6992254
MT2022_2025,W4395445997,190,auto,Proteins,with,a yellow outline,Proteins with a yellow outline,0.618455
MT2022_2025,W4395445997,191,auto,Yellow,P's,represent phosphate groups,Yellow P's represent phosphate groups,0.74776244
MT2022_2025,W4395445997,192,auto,Italicized,text,refers to genes,Italicized text refers to genes,0.6702554
MT2022_2025,W4395445997,193,auto,Question,marks,represent unknown mechanisms,Question marks represent unknown mechanisms,0.6809321
MT2022_2025,W4395445997,194,auto,This,figure,was created with,This figure was created with,0.5936544
MT2022_2025,W4395445997,195,auto,a,FXR,activity inhibits NLRP3,a FXR activity inhibits NLRP3,0.6873209
MT2022_2025,W4395445997,196,auto,b,Non-ligand,- bound FXR,b Non-ligand - bound FXR,0.74633235
MT2022_2025,W4395445997,197,auto,c,FXR,activity is anti-autophagic,c FXR activity is anti-autophagic,0.7182658
MT2022_2025,W4395445997,198,auto,d,Starvation,- induced AMPK,d Starvation - induced AMPK,0.70719683
MT2022_2025,W4395445997,199,auto,Proteins,with,a golden outline,Proteins with a golden outline,0.580521
MT2022_2025,W4395445997,200,auto,This,figure,was created with,This figure was created with,0.59365463
MT2022_2025,W4395445997,201,auto,Non-metabolic,and,immunologic effects of,Non-metabolic and immunologic effects of,0.54627055
MT2022_2025,W4395445997,202,auto,TGR5,agonism,represses macrophage /,TGR5 agonism represses macrophage /,0.74401796
MT2022_2025,W4395445997,203,auto,Proteins,with,a yellow outline,Proteins with a yellow outline,0.618455
MT2022_2025,W4395445997,204,auto,Yellow,P's,represent phosphate groups,Yellow P's represent phosphate groups,0.74776244
MT2022_2025,W4395445997,205,auto,Question,marks,represent unknown mechanisms,Question marks represent unknown mechanisms,0.68093216
MT2022_2025,W4395445997,206,auto,Dashed,mechanism,arrows represent vesicle,Dashed mechanism arrows represent vesicle,0.72680336
MT2022_2025,W4395445997,207,auto,Italicized,text,refers to genes,Italicized text refers to genes,0.6702553
MT2022_2025,W4395445997,208,auto,This,figure,was created with,This figure was created with,0.59365463
MT2022_2025,W4395445997,209,auto,a,Novel,BA metabolites enhance,a Novel BA metabolites enhance,0.7997669
MT2022_2025,W4395445997,210,auto,b,The,FGF 15/19 -,b The FGF 15/19 -,0.6660514
MT2022_2025,W4395445997,211,auto,In,addition,", the FGF","In addition , the FGF",0.6021105
MT2022_2025,W4395445997,212,auto,c,The,Type 1 Interferon,c The Type 1 Interferon,0.6351791
MT2022_2025,W4395445997,213,auto,Gold,border,proteins represent kinases,Gold border proteins represent kinases,0.7228826
MT2022_2025,W4395445997,214,auto,mt,is,an abbreviation for,mt is an abbreviation for,0.60675055
MT2022_2025,W4395445997,215,auto,This,figure,was created with,This figure was created with,0.59365463
MT2022_2025,W4395445997,216,auto,BAs,and,their associated signaling,BAs and their associated signaling,0.61629426
MT2022_2025,W4395445997,217,auto,Their,biochemistry,", physiology ,","Their biochemistry , physiology ,",0.74774885
MT2022_2025,W4395445997,218,auto,BA,therapeutics,offer immense clinical,BA therapeutics offer immense clinical,0.69182825
MT2022_2025,W4395445997,219,auto,This,figure,was created with,This figure was created with,0.59365463
MT2022_2025,W4395445997,220,auto,Table,2,. 2 BA,Table 2 . 2 BA,0.6671582
MT2022_2025,W4395445997,221,auto,Gut,FXR,- FGF19 repression,Gut FXR - FGF19 repression,0.74826264
MT2022_2025,W4395445997,222,auto,FXR,Agonist,( Non- Proven,FXR Agonist ( Non- Proven,0.70767343
MT2022_2025,W4395445997,223,auto,Gut,FXR,- FGF19 repression,Gut FXR - FGF19 repression,0.74826264
MT2022_2025,W4395445997,224,auto,Agonist,(,Gut Proven :,Agonist ( Gut Proven :,0.5819658
MT2022_2025,W4395445997,225,auto,FXR,Antagonist,Proven : T2,FXR Antagonist Proven : T2,0.73177135
MT2022_2025,W4395445997,226,auto,UDCA,",",MCAs NAFLD /,"UDCA , MCAs NAFLD /",0.67655677
MT2022_2025,W4395445997,227,auto,SFXRMs,Predicted,: All Systemic,SFXRMs Predicted : All Systemic,0.7539407
MT2022_2025,W4395445997,228,auto,TRG5,Agonist,( Steroidal ),TRG5 Agonist ( Steroidal ),0.7480702
MT2022_2025,W4395445997,229,auto,Betulinic,Acid,", Oleanolic Acid","Betulinic Acid , Oleanolic Acid",0.6844688
MT2022_2025,W4395445997,230,auto,-3-aryl-4-isoxazolecarboxamide,-,"Imidazo[1,2-a ] pyrimidine","-3-aryl-4-isoxazolecarboxamide - Imidazo[1,2-a ] pyrimidine",0.47639936
MT2022_2025,W4395445997,231,auto,Compounds,15,"c , 26a","Compounds 15 c , 26a",0.46546024
MT2022_2025,W4395445997,232,auto,Novel,Target,- Gut Predicted,Novel Target - Gut Predicted,0.68164116
MT2022_2025,W4395445997,233,auto,FABP1,Antagonist,Novel Target -,FABP1 Antagonist Novel Target -,0.688824
MT2022_2025,W4395445997,234,auto,Agonist,Novel,Target - FXR,Agonist Novel Target - FXR,0.7793078
MT2022_2025,W4395445997,235,auto,(,Warning,: Species -,( Warning : Species -,0.74370795
MT2022_2025,W4395445997,236,auto,FXR,antagonism,enhances biliary flow,FXR antagonism enhances biliary flow,0.6983694
MT2022_2025,W4395445997,237,auto,Novel,Target,- FXR /,Novel Target - FXR /,0.65408826
MT2022_2025,W4395445997,238,auto,Novel,Target,- YY1 Predicted,Novel Target - YY1 Predicted,0.6866398
MT2022_2025,W4395445997,239,auto,Antagonist,reducing,steatosis and inhibiting,Antagonist reducing steatosis and inhibiting,0.7756049
MT2022_2025,W4395445997,240,auto,NO,Donors,: DETA NONOate,NO Donors : DETA NONOate,0.5802414
MT2022_2025,W4395445997,241,auto,Novel,Target,- CYP8B1 Predicted,Novel Target - CYP8B1 Predicted,0.67953885
MT2022_2025,W4395445997,242,auto,None,to,Date Antagonist NAFLD,None to Date Antagonist NAFLD,0.61134076
MT2022_2025,W4395445997,243,auto,Antagonist,phenotypes,of FGFR4 -,Antagonist phenotypes of FGFR4 -,0.62998474
MT2022_2025,W4395445997,244,auto,Erdafitinib,",",NVP - BGJ398,"Erdafitinib , NVP - BGJ398",0.54685664
MT2022_2025,W4395445997,245,auto,Increased,BA,exposure to Colesevelam,Increased BA exposure to Colesevelam,0.5769216
MT2022_2025,W4395445997,246,auto,Novel,Target,- ASBT Proven,Novel Target - ASBT Proven,0.71973497
MT2022_2025,W4395445997,247,auto,Novel,Target,- Gut Proven,Novel Target - Gut Proven,0.70802176
MT2022_2025,W4395445997,248,auto,Increasing,BSH,- containing bacteria,Increasing BSH - containing bacteria,0.6642096
MT2022_2025,W4395445997,249,auto,Reducing,BSH,- containing bacteria,Reducing BSH - containing bacteria,0.6689903
MT2022_2025,W4395445997,250,auto,Table,3,. 3 continued,Table 3 . 3 continued,0.6121489
MT2022_2025,W4395445997,251,auto,Further,research,is needed to,Further research is needed to,0.6581609
MT2022_2025,W4395445997,252,auto,SFXRMs,should,be thoroughly investigated,SFXRMs should be thoroughly investigated,0.64211035
MT2022_2025,W4395445997,253,auto,Don't,give,up on BAsIf,Don't give up on BAsIf,0.66493505
MT2022_2025,W4395445997,254,auto,BAs,are,widespread physiological regulators,BAs are widespread physiological regulators,0.64224297
MT2022_2025,W4395445997,255,auto,Abnormal,BA,pool size and,Abnormal BA pool size and,0.5708275
MT2022_2025,W4395445997,256,auto,Abnormal,BA,pool size or,Abnormal BA pool size or,0.58727115
MT2022_2025,W4395445997,257,auto,Pharmacological,class,Name Clinical trial,Pharmacological class Name Clinical trial,0.5815156
MT2022_2025,W4395445997,258,auto,The,authors,would like to,The authors would like to,0.5411709
MT2022_2025,W4395445997,259,auto,J.S.F.,and,S.K. conceived and,J.S.F. and S.K. conceived and,0.38341543
MT2022_2025,W4395445997,260,auto,J.S.F.,solely,collected the references,J.S.F. solely collected the references,0.5347688
MT2022_2025,W4395445997,261,auto,J.S.F.,and,S.K. jointly edited,J.S.F. and S.K. jointly edited,0.48479995
MT2022_2025,W4395445997,262,auto,S.K.,advised,manuscript production and,S.K. advised manuscript production and,0.48889247
MT2022_2025,W4395445997,263,auto,All,authors,have read and,All authors have read and,0.58490086
MT2022_2025,W4395445997,265,auto,Competing,interests,: The authors,Competing interests : The authors,0.6045942
MT2022_2025,W4395445997,267,auto,This,is,a review article,This is a review article,0.6119737
MT2022_2025,W4395445997,268,auto,National,Vital,Statistics Reports J,National Vital Statistics Reports J,0.70731455
MT2022_2025,W4395445997,269,auto,Med.,J,99 2023,Med. J 99 2023,0.6830685
MT2022_2025,W4395445997,270,auto,Molecular,regulation,of bile acid,Molecular regulation of bile acid,0.7060475
MT2022_2025,W4395445997,271,auto,Bile,acid,metabolism and signaling,Bile acid metabolism and signaling,0.6499877
MT2022_2025,W4395445997,273,auto,Liver,Physiol,319 2020 committees,Liver Physiol 319 2020 committees,0.6898113
MT2022_2025,W4395445997,274,auto,Meeting,of,the Gastrointestinal Drugs,Meeting of the Gastrointestinal Drugs,0.52373195
MT2022_2025,W4395445997,275,auto,Targeting,bile,- acid signalling,Targeting bile - acid signalling,0.69890904
MT2022_2025,W4395445997,276,auto,Molecular,physiology,of bile acid,Molecular physiology of bile acid,0.78100294
MT2022_2025,W4395445997,278,auto,The,enzymes,", regulation ,","The enzymes , regulation ,",0.6504583
MT2022_2025,W4395445997,279,auto,Rev.,Biochem,72 2003,Rev. Biochem 72 2003,0.61342144
MT2022_2025,W4395445997,280,auto,Bile,acid,detoxifying enzymes limit,Bile acid detoxifying enzymes limit,0.6953778
MT2022_2025,W4395445997,281,auto,Appl.,Pharmacol,268 2013,Appl. Pharmacol 268 2013,0.6824357
MT2022_2025,W4395445997,282,auto,Cold,-,induced conversion of,Cold - induced conversion of,0.62106925
MT2022_2025,W4395445997,283,auto,Med,23,2017 Disruption of,Med 23 2017 Disruption of,0.60450685
MT2022_2025,W4395445997,284,auto,Chem,271,1996 Peroxisomes and,Chem 271 1996 Peroxisomes and,0.6576223
MT2022_2025,W4395445997,285,auto,Biochim,S,Ferdinandusse S M,Biochim S Ferdinandusse S M,0.7742218
MT2022_2025,W4395445997,286,auto,Acta,BBA,Mol. Cell Res,Acta BBA Mol. Cell Res,0.5163199
MT2022_2025,W4395445997,287,auto,Animal,models,to study bile,Animal models to study bile,0.6534604
MT2022_2025,W4395445997,289,auto,Acta,Mol.,Basis Dis 1865,Acta Mol. Basis Dis 1865,0.5372405
MT2022_2025,W4395445997,290,auto,Bile,acid,sulfation : a,Bile acid sulfation : a,0.68005985
MT2022_2025,W4395445997,292,auto,Profiling,serum,bile acid glucuronides,Profiling serum bile acid glucuronides,0.59917045
MT2022_2025,W4395445997,294,auto,Ther,94,2013 Recent advances,Ther 94 2013 Recent advances,0.4870951
MT2022_2025,W4395445997,295,auto,F1000,Research,J Y Chiang,F1000 Research J Y Chiang,0.5727852
MT2022_2025,W4395445997,296,auto,The,metabolism,of chenodeoxycholic acid,The metabolism of chenodeoxycholic acid,0.67917883
MT2022_2025,W4395445997,297,auto,Intestinal,absorption,", excretion ,","Intestinal absorption , excretion ,",0.72138095
MT2022_2025,W4395445997,298,auto,Bile,acid,physiology A Di,Bile acid physiology A Di,0.7702703
MT2022_2025,W4395445997,299,auto,Regulation,of,bile acid metabolism,Regulation of bile acid metabolism,0.5706949
MT2022_2025,W4395445997,300,auto,Bile,salt,hydrolase of Bifidobacterium,Bile salt hydrolase of Bifidobacterium,0.54911906
MT2022_2025,W4395445997,301,auto,Microbiol,66,2000 Review :,Microbiol 66 2000 Review :,0.5859748
MT2022_2025,W4395445997,302,auto,Bile,salt,biotransformations by human,Bile salt biotransformations by human,0.60515577
MT2022_2025,W4395445997,303,auto,Bile,salt,hydrolases shape the,Bile salt hydrolases shape the,0.6325399
MT2022_2025,W4395445997,304,auto,Microbiol,8,2023 Purification and,Microbiol 8 2023 Purification and,0.5489742
MT2022_2025,W4395445997,305,auto,Genes,encoding,bile salt hydrolases,Genes encoding bile salt hydrolases,0.66823286
MT2022_2025,W4395445997,306,auto,Bile,salt,hydrolase activity of,Bile salt hydrolase activity of,0.6770878
MT2022_2025,W4395445997,308,auto,Cloning,of,the bile salt,Cloning of the bile salt,0.55733603
MT2022_2025,W4395445997,309,auto,Microbiol,45,2002 Characterization of,Microbiol 45 2002 Characterization of,0.48521462
MT2022_2025,W4395445997,310,auto,Microbiol,68,2002 Purification and,Microbiol 68 2002 Purification and,0.51959544
MT2022_2025,W4395445997,311,auto,A,bile,salt hydrolase of,A bile salt hydrolase of,0.6498222
MT2022_2025,W4395445997,313,auto,Disease,-,associated changes in,Disease - associated changes in,0.61818284
MT2022_2025,W4395445997,316,auto,35,2017,Metabolism of oxo,35 2017 Metabolism of oxo,0.59050804
MT2022_2025,W4395445997,317,auto,Microbiol,84,2018 Global chemical,Microbiol 84 2018 Global chemical,0.53360105
MT2022_2025,W4395445997,318,auto,Bile,salt,hydrolase acyltransferase activity,Bile salt hydrolase acyltransferase activity,0.71114296
MT2022_2025,W4395445997,319,auto,Bile,salt,hydrolase catalyses formation,Bile salt hydrolase catalyses formation,0.6989962
MT2022_2025,W4395445997,320,auto,The,bile,acid - inducible,The bile acid - inducible,0.72947264
MT2022_2025,W4395445997,323,auto,Sequencing,and,expression of a,Sequencing and expression of a,0.58567643
MT2022_2025,W4395445997,325,auto,Chem,409,2017 Genome -,Chem 409 2017 Genome -,0.6547126
MT2022_2025,W4395445997,326,auto,Microbiol,9,2018 Targeted synthesis,Microbiol 9 2018 Targeted synthesis,0.61108804
MT2022_2025,W4395445997,327,auto,Microbiol,84,2018 Epimerization of,Microbiol 84 2018 Epimerization of,0.532937
MT2022_2025,W4395445997,328,auto,Lett,235,2004 Xanthomonas maltophilia,Lett 235 2004 Xanthomonas maltophilia,0.623541
MT2022_2025,W4395445997,329,auto,In,search,of sustainable chemical,In search of sustainable chemical,0.61708206
MT2022_2025,W4395445997,330,auto,Biotechnol,95,"2012 Identification ,","Biotechnol 95 2012 Identification ,",0.5901952
MT2022_2025,W4395445997,332,auto,Bile,salt,3α - and,Bile salt 3α - and,0.662517
MT2022_2025,W4395445997,333,auto,Microbiol,37,1979 12 beta,Microbiol 37 1979 12 beta,0.5829893
MT2022_2025,W4395445997,334,auto,Microbiol,49,1985 Regulation of,Microbiol 49 1985 Regulation of,0.4920912
MT2022_2025,W4395445997,336,auto,Correlation,between,biliary bile salt,Correlation between biliary bile salt,0.64319485
MT2022_2025,W4395445997,337,auto,Bile,acid,metabolism in liver,Bile acid metabolism in liver,0.68047935
MT2022_2025,W4395445997,338,auto,Bile,acid,homeostasis in gastrointestinal,Bile acid homeostasis in gastrointestinal,0.6848349
MT2022_2025,W4395445997,339,auto,Preference,of,conjugated bile acids,Preference of conjugated bile acids,0.61798406
MT2022_2025,W4395445997,340,auto,Liver,Dis,20 2000,Liver Dis 20 2000,0.651041
MT2022_2025,W4395445997,341,auto,Feeding,natural,hydrophilic bile acids,Feeding natural hydrophilic bile acids,0.6146745
MT2022_2025,W4395445997,343,auto,Liver,Physiol,285 2003,Liver Physiol 285 2003,0.7125993
MT2022_2025,W4395445997,344,auto,Bile,salts,of vertebrates :,Bile salts of vertebrates :,0.6899376
MT2022_2025,W4395445997,345,auto,The,physiological,importance of bile,The physiological importance of bile,0.67613626
MT2022_2025,W4395445997,347,auto,Rep,20,42 2020,Rep 20 42 2020,0.6807598
MT2022_2025,W4395445997,348,auto,Identification,of,a nuclear receptor,Identification of a nuclear receptor,0.59035707
MT2022_2025,W4395445997,349,auto,Endogenous,bile,acids are ligands,Endogenous bile acids are ligands,0.72432065
MT2022_2025,W4395445997,350,auto,The,farnesoid,X receptor controls,The farnesoid X receptor controls,0.64925665
MT2022_2025,W4395445997,351,auto,Chem,279,2004 Microbiome remodelling,Chem 279 2004 Microbiome remodelling,0.63080716
MT2022_2025,W4395445997,353,auto,Res.,Commun,298 2002 A,Res. Commun 298 2002 A,0.67021537
MT2022_2025,W4395445997,354,auto,Chem,278,2003 Therapeutic modulation,Chem 278 2003 Therapeutic modulation,0.6584674
MT2022_2025,W4395445997,356,auto,Bile,acid,transporters and regulatory,Bile acid transporters and regulatory,0.64949864
MT2022_2025,W4395445997,357,auto,Bile,acid,transporters P A,Bile acid transporters P A,0.76238155
MT2022_2025,W4395445997,358,auto,Cloning,and,molecular characterization of,Cloning and molecular characterization of,0.5607018
MT2022_2025,W4395445997,360,auto,The,enterohepatic,nuclear receptors are,The enterohepatic nuclear receptors are,0.6655983
MT2022_2025,W4395445997,361,auto,Targeted,deletion,of the ileal,Targeted deletion of the ileal,0.6487313
MT2022_2025,W4395445997,363,auto,The,organic,solute transporter alpha,The organic solute transporter alpha,0.6608376
MT2022_2025,W4395445997,365,auto,Sci.,USA,105 2008 Regulation,Sci. USA 105 2008 Regulation,0.6278106
MT2022_2025,W4395445997,367,auto,Acta,1812,2011 Farnesoid X,Acta 1812 2011 Farnesoid X,0.6144041
MT2022_2025,W4395445997,370,auto,J,19,2021 FXR isoforms,J 19 2021 FXR isoforms,0.547087
MT2022_2025,W4395445997,371,auto,Tissue,-,based map of,Tissue - based map of,0.6604586
MT2022_2025,W4395445997,373,auto,X,receptor,expression is decreased,X receptor expression is decreased,0.7816969
MT2022_2025,W4395445997,374,auto,Bowel,Dis,19 2013 FXR,Bowel Dis 19 2013 FXR,0.6699591
MT2022_2025,W4395445997,376,auto,Liver,Physiol,306 2014,Liver Physiol 306 2014,0.6556124
MT2022_2025,W4395445997,377,auto,Inactivation,of,adenomatous polyposis coli,Inactivation of adenomatous polyposis coli,0.6127012
MT2022_2025,W4395445997,378,auto,Biol,32,2012 MiR -,Biol 32 2012 MiR -,0.50957406
MT2022_2025,W4395445997,379,auto,A,expression,in colon and,A expression in colon and,0.7285885
MT2022_2025,W4395445997,380,auto,Chem,290,2015 miR -,Chem 290 2015 miR -,0.6602896
MT2022_2025,W4395445997,382,auto,Role,of,nuclear receptor SHP,Role of nuclear receptor SHP,0.53972596
MT2022_2025,W4395445997,384,auto,Acta,1812,2011 Functional specificities,Acta 1812 2011 Functional specificities,0.5522622
MT2022_2025,W4395445997,386,auto,Transcriptional,specificity,of human SWI,Transcriptional specificity of human SWI,0.641237
MT2022_2025,W4395445997,387,auto,Chem,277,2002 Epigenomic regulation,Chem 277 2002 Epigenomic regulation,0.59884053
MT2022_2025,W4395445997,388,auto,Coordinated,recruitment,of histone methyltransferase,Coordinated recruitment of histone methyltransferase,0.5170921
MT2022_2025,W4395445997,390,auto,Activating,signal,cointegrator 2 belongs,Activating signal cointegrator 2 belongs,0.6642835
MT2022_2025,W4395445997,391,auto,A,tumor,suppressive coactivator complex,A tumor suppressive coactivator complex,0.63200504
MT2022_2025,W4395445997,392,auto,Sci.,USA,106 2009 Roles,Sci. USA 106 2009 Roles,0.60687965
MT2022_2025,W4395445997,395,auto,Sci,87,2009 ASCOM controls,Sci 87 2009 ASCOM controls,0.5954739
MT2022_2025,W4395445997,397,auto,Requirement,for,MLL3 in p53,Requirement for MLL3 in p53,0.5668469
MT2022_2025,W4395445997,398,auto,Fibroblast,growth,factor 15 functions,Fibroblast growth factor 15 functions,0.6899245
MT2022_2025,W4395445997,399,auto,Intestine,-,selective farnesoid X,Intestine - selective farnesoid X,0.63903385
MT2022_2025,W4395445997,400,auto,Potent,stimulation,of fibroblast growth,Potent stimulation of fibroblast growth,0.7344047
MT2022_2025,W4395445997,402,auto,Liver,Physiol,304 2013 Central,Liver Physiol 304 2013 Central,0.66174996
MT2022_2025,W4395445997,403,auto,Fibroblast,growth,factor - 19,Fibroblast growth factor - 19,0.664266
MT2022_2025,W4395445997,404,auto,Commun,9,2590 2018 Shp2,Commun 9 2590 2018 Shp2,0.62878186
MT2022_2025,W4395445997,405,auto,An,intestinal,farnesoid X receptor,An intestinal farnesoid X receptor,0.5881207
MT2022_2025,W4395445997,407,auto,A,regulatory,cascade of the,A regulatory cascade of the,0.7403521
MT2022_2025,W4395445997,408,auto,Cell,6,2000 HNF4 and,Cell 6 2000 HNF4 and,0.6009893
MT2022_2025,W4395445997,409,auto,Transcriptional,regulation,of the human,Transcriptional regulation of the human,0.70229983
MT2022_2025,W4395445997,411,auto,On,the,mechanism of bile,On the mechanism of bile,0.72202957
MT2022_2025,W4395445997,413,auto,Acta,1583,2002 Functional association,Acta 1583 2002 Functional association,0.5813248
MT2022_2025,W4395445997,415,auto,Res.,Commun,241 1997,Res. Commun 241 1997,0.6482842
MT2022_2025,W4395445997,416,auto,Chicken,ovalbumin,upstream promoter transcription,Chicken ovalbumin upstream promoter transcription,0.73306865
MT2022_2025,W4395445997,418,auto,Advances,in,understanding the regulatory,Advances in understanding the regulatory,0.53901106
MT2022_2025,W4395445997,419,auto,Pharmacol,164,2019 An FGF15/19-TFEB,Pharmacol 164 2019 An FGF15/19-TFEB,0.63995713
MT2022_2025,W4395445997,420,auto,Mechanistic,target,of rapamycin complex,Mechanistic target of rapamycin complex,0.65088654
MT2022_2025,W4395445997,421,auto,Chem,287,2012 Differential regulation,Chem 287 2012 Differential regulation,0.5493493
MT2022_2025,W4395445997,422,auto,Drug,Targets,Immune Endocr. Metab,Drug Targets Immune Endocr. Metab,0.5892334
MT2022_2025,W4395445997,423,auto,Disord,5,2005 Coordinate transcriptional,Disord 5 2005 Coordinate transcriptional,0.5957468
MT2022_2025,W4395445997,426,auto,Role,of,nuclear receptors in,Role of nuclear receptors in,0.589062
MT2022_2025,W4395445997,427,auto,Bile,acids,lower triglyceride levels,Bile acids lower triglyceride levels,0.72363496
MT2022_2025,W4395445997,428,auto,Invest,113,2004 Identification of,Invest 113 2004 Identification of,0.5346241
MT2022_2025,W4395445997,429,auto,Biol,21,2001 Intestinal FGF,Biol 21 2001 Intestinal FGF,0.5688667
MT2022_2025,W4395445997,430,auto,Transcriptional,regulation,of hepatic lipogenesis,Transcriptional regulation of hepatic lipogenesis,0.76749307
MT2022_2025,W4395445997,431,auto,Hepatocyte,nuclear,factor 4alpha (,Hepatocyte nuclear factor 4alpha (,0.66703886
MT2022_2025,W4395445997,433,auto,Bile,acids,induce the expression,Bile acids induce the expression,0.71289253
MT2022_2025,W4395445997,434,auto,Endocrinol,17,2003 Regulation of,Endocrinol 17 2003 Regulation of,0.5081133
MT2022_2025,W4395445997,436,auto,Res.,Commun,329 2005,Res. Commun 329 2005,0.66568667
MT2022_2025,W4395445997,437,auto,Bile,acid,reduces the secretion,Bile acid reduces the secretion,0.6766799
MT2022_2025,W4395445997,439,auto,Bile,acid,- activated nuclear,Bile acid - activated nuclear,0.63743347
MT2022_2025,W4395445997,440,auto,Invest,109,2002 Identification of,Invest 109 2002 Identification of,0.56247044
MT2022_2025,W4395445997,441,auto,Identification,of,novel pathways that,Identification of novel pathways that,0.6254472
MT2022_2025,W4395445997,442,auto,Chem,285,2010 Farnesoid X,Chem 285 2010 Farnesoid X,0.58959717
MT2022_2025,W4395445997,443,auto,Chem,280,2005 Obeticholic acid,Chem 280 2005 Obeticholic acid,0.6007154
MT2022_2025,W4395445997,445,auto,Activation,of,the nuclear receptor,Activation of the nuclear receptor,0.5849448
MT2022_2025,W4395445997,447,auto,Sci.,USA,103 2006 Farnesoid,Sci. USA 103 2006 Farnesoid,0.65071625
MT2022_2025,W4395445997,448,auto,The,farnesoid,X receptor modulates,The farnesoid X receptor modulates,0.6714902
MT2022_2025,W4395445997,449,auto,Chem,281,2006 FXR activation,Chem 281 2006 FXR activation,0.61039627
MT2022_2025,W4395445997,450,auto,X,receptor,inhibits the transcriptional,X receptor inhibits the transcriptional,0.7242912
MT2022_2025,W4395445997,451,auto,Biol,33,2013 FGF19 as,Biol 33 2013 FGF19 as,0.5797319
MT2022_2025,W4395445997,452,auto,Bile,acids,regulate gluconeogenic gene,Bile acids regulate gluconeogenic gene,0.6709215
MT2022_2025,W4395445997,453,auto,Chem,279,2004 CCAAT -,Chem 279 2004 CCAAT -,0.59587055
MT2022_2025,W4395445997,454,auto,Unraveling,the,regulation of hepatic,Unraveling the regulation of hepatic,0.6561249
MT2022_2025,W4395445997,455,auto,Endocrinol,9,802 2019 Farnesoid,Endocrinol 9 802 2019 Farnesoid,0.61588454
MT2022_2025,W4395445997,456,auto,Chem,289,2014 FGF 15,Chem 289 2014 FGF 15,0.50074035
MT2022_2025,W4395445997,457,auto,Defects,in,adaptive energy metabolism,Defects in adaptive energy metabolism,0.5282842
MT2022_2025,W4395445997,460,auto,X,receptor,activation promotes hepatic,X receptor activation promotes hepatic,0.7435834
MT2022_2025,W4395445997,461,auto,The,nuclear,receptor FXR regulates,The nuclear receptor FXR regulates,0.6640634
MT2022_2025,W4395445997,463,auto,Acta,1812,2011 eIF4 Initiation,Acta 1812 2011 eIF4 Initiation,0.5568176
MT2022_2025,W4395445997,464,auto,Nuclear,receptors,in human immune,Nuclear receptors in human immune,0.79567194
MT2022_2025,W4395445997,465,auto,Bacterial,metabolism,of bile acids,Bacterial metabolism of bile acids,0.7379247
MT2022_2025,W4395445997,466,auto,-,Heart,Circ. Physiol 296,- Heart Circ. Physiol 296,0.5735756
MT2022_2025,W4395445997,467,auto,The,bile,acid receptor FXR,The bile acid receptor FXR,0.695148
MT2022_2025,W4395445997,468,auto,Hepatocyte,death,: a clear,Hepatocyte death : a clear,0.6560822
MT2022_2025,W4395445997,470,auto,Noncanonical,farnesoid,X receptor signaling,Noncanonical farnesoid X receptor signaling,0.7055048
MT2022_2025,W4395445997,471,auto,The,molecular,pathogenesis of cholestasis,The molecular pathogenesis of cholestasis,0.6292229
MT2022_2025,W4395445997,473,auto,-,Elite,5 2013,- Elite 5 2013,0.6764221
MT2022_2025,W4395445997,474,auto,The,involvement,of endoplasmic reticulum,The involvement of endoplasmic reticulum,0.6605013
MT2022_2025,W4395445997,476,auto,Nutr,54,2014 FXR in,Nutr 54 2014 FXR in,0.4990861
MT2022_2025,W4395445997,478,auto,Acta,Mol.,Basis Dis 1867,Acta Mol. Basis Dis 1867,0.5391926
MT2022_2025,W4395445997,479,auto,Autophagy,:,machinery and regulation,Autophagy : machinery and regulation,0.5340848
MT2022_2025,W4395445997,480,auto,Transcriptional,regulation,of autophagy by,Transcriptional regulation of autophagy by,0.76244986
MT2022_2025,W4395445997,481,auto,Nutrient,-,sensing nuclear receptors,Nutrient - sensing nuclear receptors,0.50799716
MT2022_2025,W4395445997,482,auto,A,new,role for a,A new role for a,0.7193176
MT2022_2025,W4395445997,483,auto,Invest,124,2014 C Guo,Invest 124 2014 C Guo,0.5714541
MT2022_2025,W4395445997,484,auto,Farnesoid,X,receptor induces Takeda,Farnesoid X receptor induces Takeda,0.63813394
MT2022_2025,W4395445997,485,auto,Chem,292,2017 G Protein,Chem 292 2017 G Protein,0.6131056
MT2022_2025,W4395445997,487,auto,Liver,Physiol,304 2013 Taurochenodeoxycholic,Liver Physiol 304 2013 Taurochenodeoxycholic,0.6401788
MT2022_2025,W4395445997,489,auto,Bile,acids,induce energy expenditure,Bile acids induce energy expenditure,0.70301366
MT2022_2025,W4395445997,491,auto,Res.,Commun,500 2018,Res. Commun 500 2018,0.670853
MT2022_2025,W4395445997,492,auto,G,protein,- coupled bile,G protein - coupled bile,0.71806645
MT2022_2025,W4395445997,493,auto,Thyroid,hormone,induction of human,Thyroid hormone induction of human,0.6959693
MT2022_2025,W4395445997,495,auto,Triiodothyronine,amplifies,norepinephrine stimulation of,Triiodothyronine amplifies norepinephrine stimulation of,0.6151924
MT2022_2025,W4395445997,497,auto,The,type,2 iodothyronine deiodinase,The type 2 iodothyronine deiodinase,0.5379499
MT2022_2025,W4395445997,498,auto,Invest,108,2001 Thyroid -,Invest 108 2001 Thyroid -,0.59040046
MT2022_2025,W4395445997,500,auto,Effect,of,thyroid hormones on,Effect of thyroid hormones on,0.58335704
MT2022_2025,W4395445997,501,auto,Thyroid,J,10 2021 Triiodothyronine,Thyroid J 10 2021 Triiodothyronine,0.61563355
MT2022_2025,W4395445997,502,auto,-,Cell,Physiol 302 2012,- Cell Physiol 302 2012,0.63498557
MT2022_2025,W4395445997,503,auto,Role,of,SERCA in muscle,Role of SERCA in muscle,0.5540825
MT2022_2025,W4395445997,504,auto,J,41,2017 Central vs.,J 41 2017 Central vs.,0.4191421
MT2022_2025,W4395445997,505,auto,Invest,122,2012 Transcriptional control,Invest 122 2012 Transcriptional control,0.5572852
MT2022_2025,W4395445997,507,auto,Evidence,of,functional bile acid,Evidence of functional bile acid,0.61792547
MT2022_2025,W4395445997,509,auto,A,cold,- inducible coactivator,A cold - inducible coactivator,0.6004879
MT2022_2025,W4395445997,511,auto,Sci,91,1994 Control of,Sci 91 1994 Control of,0.57640505
MT2022_2025,W4395445997,512,auto,Cell,Dev.,Biol 10 871357,Cell Dev. Biol 10 871357,0.5152233
MT2022_2025,W4395445997,513,auto,Induction,of,"adiponectin , a","Induction of adiponectin , a",0.6156709
MT2022_2025,W4395445997,514,auto,The,adipocyte,- secreted protein,The adipocyte - secreted protein,0.7306784
MT2022_2025,W4395445997,516,auto,Endogenous,glucose,production is inhibited,Endogenous glucose production is inhibited,0.7254327
MT2022_2025,W4395445997,517,auto,Invest,108,2001 Selective purification,Invest 108 2001 Selective purification,0.5941272
MT2022_2025,W4395445997,519,auto,Res.,Commun,356 2007,Res. Commun 356 2007,0.66628355
MT2022_2025,W4395445997,520,auto,Adiponectin,stimulates,glucose utilization and,Adiponectin stimulates glucose utilization and,0.54948145
MT2022_2025,W4395445997,521,auto,Med,8,2002 Targeted disruption,Med 8 2002 Targeted disruption,0.61531556
MT2022_2025,W4395445997,522,auto,Cloning,of,adiponectin receptors that,Cloning of adiponectin receptors that,0.52183145
MT2022_2025,W4395445997,523,auto,Adiponectin,receptor,agonist ameliorates cardiac,Adiponectin receptor agonist ameliorates cardiac,0.63331676
MT2022_2025,W4395445997,524,auto,An,adiponectin,- S1 P,An adiponectin - S1 P,0.70323205
MT2022_2025,W4395445997,525,auto,Endocrinol,11,407 2020,Endocrinol 11 407 2020,0.658507
MT2022_2025,W4395445997,526,auto,Activation,of,transmembrane bile acid,Activation of transmembrane bile acid,0.6038425
MT2022_2025,W4395445997,528,auto,Res.,Commun,427 2012 cAMP,Res. Commun 427 2012 cAMP,0.65358883
MT2022_2025,W4395445997,529,auto,Schmiedebergs,Arch.,Pharmacol 392 2019,Schmiedebergs Arch. Pharmacol 392 2019,0.5713618
MT2022_2025,W4395445997,530,auto,Adrenaline,stimulates,glucagon secretion by,Adrenaline stimulates glucagon secretion by,0.6303091
MT2022_2025,W4395445997,531,auto,Involvement,of,cAMP - GEFII,Involvement of cAMP - GEFII,0.61647403
MT2022_2025,W4395445997,533,auto,Piccolo,complex,in cAMP -,Piccolo complex in cAMP -,0.66264415
MT2022_2025,W4395445997,534,auto,Chem,277,2002 Exchange protein,Chem 277 2002 Exchange protein,0.6373243
MT2022_2025,W4395445997,535,auto,Rev,65,2013 TGR5 activation,Rev 65 2013 TGR5 activation,0.5296161
MT2022_2025,W4395445997,536,auto,Endocrinol,16,2002 cAMP -,Endocrinol 16 2002 cAMP -,0.5547188
MT2022_2025,W4395445997,537,auto,The,physiology,of glucagon -,The physiology of glucagon -,0.7161473
MT2022_2025,W4395445997,539,auto,The,bile,acid TUDCA increases,The bile acid TUDCA increases,0.76178485
MT2022_2025,W4395445997,541,auto,Res.,Commun,329 2005,Res. Commun 329 2005,0.6656866
MT2022_2025,W4395445997,542,auto,Bile,acid,composition regulates GPR,Bile acid composition regulates GPR,0.7164734
MT2022_2025,W4395445997,543,auto,The,relationship,between postprandial bile,The relationship between postprandial bile,0.65664136
MT2022_2025,W4395445997,545,auto,Bile,acids,are important direct,Bile acids are important direct,0.7468511
MT2022_2025,W4395445997,546,auto,Physiol,5,420 2014 Role,Physiol 5 420 2014 Role,0.5760462
MT2022_2025,W4395445997,547,auto,Physiol,10,1387 2019 Regulation,Physiol 10 1387 2019 Regulation,0.5764842
MT2022_2025,W4395445997,548,auto,The,emerging,role of hepatocellular,The emerging role of hepatocellular,0.6507861
MT2022_2025,W4395445997,549,auto,Physiol,11,767 2020,Physiol 11 767 2020,0.57634574
MT2022_2025,W4395445997,550,auto,Bile,acid,receptor TGR5 agonism,Bile acid receptor TGR5 agonism,0.68579215
MT2022_2025,W4395445997,552,auto,Vasc.,Biol,33 2013,Vasc. Biol 33 2013,0.63083047
MT2022_2025,W4395445997,553,auto,The,cAMP,effectors PKA and,The cAMP effectors PKA and,0.7364759
MT2022_2025,W4395445997,555,auto,The,membrane,- bound bile,The membrane - bound bile,0.74301314
MT2022_2025,W4395445997,556,auto,Bile,acid,receptors in the,Bile acid receptors in the,0.6083963
MT2022_2025,W4395445997,558,auto,Acta,BBA,- Mol. Basis,Acta BBA - Mol. Basis,0.70049965
MT2022_2025,W4395445997,559,auto,The,biliary,HCO3 - umbrella,The biliary HCO3 - umbrella,0.624745
MT2022_2025,W4395445997,561,auto,A,liver,- enriched transcriptional,A liver - enriched transcriptional,0.7135571
MT2022_2025,W4395445997,562,auto,Signal,84,110010 2021 5,Signal 84 110010 2021 5,0.65326685
MT2022_2025,W4395445997,564,auto,Lett,22,2012 TGR5 reduces,Lett 22 2012 TGR5 reduces,0.64128536
MT2022_2025,W4395445997,565,auto,Invest,124,2014 TGR5 activation,Invest 124 2014 TGR5 activation,0.53909665
MT2022_2025,W4395445997,566,auto,The,G,- protein -,The G - protein -,0.7026824
MT2022_2025,W4395445997,567,auto,The,bile,acid receptor GPBAR1,The bile acid receptor GPBAR1,0.7076852
MT2022_2025,W4395445997,568,auto,Bile,acids,block NLRP3 L,Bile acids block NLRP3 L,0.7384098
MT2022_2025,W4395445997,569,auto,Immunol,11,609060 2021 TGR5,Immunol 11 609060 2021 TGR5,0.59766114
MT2022_2025,W4395445997,570,auto,Bile,acid,receptor activation modulates,Bile acid receptor activation modulates,0.67958456
MT2022_2025,W4395445997,572,auto,Reprogramming,of,pro-inflammatory human macrophages,Reprogramming of pro-inflammatory human macrophages,0.49907833
MT2022_2025,W4395445997,573,auto,Conjugated,bile,acids promote cholangiocarcinoma,Conjugated bile acids promote cholangiocarcinoma,0.7312689
MT2022_2025,W4395445997,575,auto,Conjugated,bile,acids activate the,Conjugated bile acids activate the,0.7206959
MT2022_2025,W4395445997,576,auto,Rev.,Rheumatol,18 2022,Rev. Rheumatol 18 2022,0.58341724
MT2022_2025,W4395445997,577,auto,Conjugated,bile,acid activated S1P,Conjugated bile acid activated S1P,0.7004927
MT2022_2025,W4395445997,578,auto,The,roles,of bile acids,The roles of bile acids,0.63063866
MT2022_2025,W4395445997,579,auto,Biochem,49,2018 Sphingosine kinase,Biochem 49 2018 Sphingosine kinase,0.5212976
MT2022_2025,W4395445997,582,auto,The,role,of sphingosine 1,The role of sphingosine 1,0.65712017
MT2022_2025,W4395445997,583,auto,Pharmacol,201,115077 2022,Pharmacol 201 115077 2022,0.6873093
MT2022_2025,W4395445997,584,auto,Differential,actions,of muscarinic receptor,Differential actions of muscarinic receptor,0.6376042
MT2022_2025,W4395445997,585,auto,Functional,interaction,of lithocholic acid,Functional interaction of lithocholic acid,0.6809111
MT2022_2025,W4395445997,587,auto,Acta,1588,2002 Cholinergic agonist,Acta 1588 2002 Cholinergic agonist,0.6188072
MT2022_2025,W4395445997,589,auto,Liver,Physiol,289 2005,Liver Physiol 289 2005,0.6876779
MT2022_2025,W4395445997,590,auto,High,expression,of muscarinic acetylcholine,High expression of muscarinic acetylcholine,0.706907
MT2022_2025,W4395445997,591,auto,D,receptor,as an intestinal,D receptor as an intestinal,0.59477556
MT2022_2025,W4395445997,593,auto,Minireview,:,vitamin D receptor,Minireview : vitamin D receptor,0.50802374
MT2022_2025,W4395445997,595,auto,Sci.,USA,104 2007 Mechanism,Sci. USA 104 2007 Mechanism,0.63576823
MT2022_2025,W4395445997,597,auto,Fate,Chem,37 2009 Molecular,Fate Chem 37 2009 Molecular,0.60979986
MT2022_2025,W4395445997,598,auto,Biochem,94,2005 Transactivation of,Biochem 94 2005 Transactivation of,0.57057536
MT2022_2025,W4395445997,599,auto,Pharmacol,69,2006 Vitamin D,Pharmacol 69 2006 Vitamin D,0.4862867
MT2022_2025,W4395445997,600,auto,Chem,280,2005 Vitamin,Chem 280 2005 Vitamin,0.66460365
MT2022_2025,W4395445997,601,auto,D,receptor,regulation of the,D receptor regulation of the,0.71455204
MT2022_2025,W4395445997,602,auto,D,receptor,activation down -,D receptor activation down -,0.71195143
MT2022_2025,W4395445997,604,auto,Ther,328,2009 Genome -,Ther 328 2009 Genome -,0.6244581
MT2022_2025,W4395445997,605,auto,Genet,48,2016 Imbalance of,Genet 48 2016 Imbalance of,0.5321665
MT2022_2025,W4395445997,606,auto,Appl.,Pharmacol,199 2004,Appl. Pharmacol 199 2004,0.69037056
MT2022_2025,W4395445997,607,auto,Role,of,CAR and PXR,Role of CAR and PXR,0.5743592
MT2022_2025,W4395445997,608,auto,The,nuclear,receptor PXR is,The nuclear receptor PXR is,0.70520324
MT2022_2025,W4395445997,610,auto,Sci.,USA,98 2001 Lithocholic,Sci. USA 98 2001 Lithocholic,0.658422
MT2022_2025,W4395445997,611,auto,An,essential,role for nuclear,An essential role for nuclear,0.6828693
MT2022_2025,W4395445997,613,auto,Sci.,USA,98 2001,Sci. USA 98 2001,0.65813774
MT2022_2025,W4395445997,614,auto,Ligand,-,activated pregnane X,Ligand - activated pregnane X,0.5438594
MT2022_2025,W4395445997,615,auto,Functional,implications,in hepatic cholesterol,Functional implications in hepatic cholesterol,0.73897004
MT2022_2025,W4395445997,616,auto,Chem,279,2004 Mechanism of,Chem 279 2004 Mechanism of,0.60866946
MT2022_2025,W4395445997,618,auto,Liver,Physiol,288 2005,Liver Physiol 288 2005,0.68977946
MT2022_2025,W4395445997,619,auto,A,novel,pregnane X receptor,A novel pregnane X receptor,0.59772736
MT2022_2025,W4395445997,620,auto,Chem,281,2006 Nuclear pregnane,Chem 281 2006 Nuclear pregnane,0.60788876
MT2022_2025,W4395445997,621,auto,Chem,282,2007 Human nuclear,Chem 282 2007 Human nuclear,0.63550663
MT2022_2025,W4395445997,623,auto,Differential,transactivation,by two isoforms,Differential transactivation by two isoforms,0.78385174
MT2022_2025,W4395445997,625,auto,A,new,orphan member of,A new orphan member of,0.6634184
MT2022_2025,W4395445997,626,auto,Biol,14,1994 Lithocholic acid,Biol 14 1994 Lithocholic acid,0.51558256
MT2022_2025,W4395445997,627,auto,An,oxysterol,signalling pathway mediated,An oxysterol signalling pathway mediated,0.6866263
MT2022_2025,W4395445997,629,auto,Control,of,cellular cholesterol efflux,Control of cellular cholesterol efflux,0.558162
MT2022_2025,W4395445997,631,auto,Sci.,USA,97 2000,Sci. USA 97 2000,0.6528495
MT2022_2025,W4395445997,632,auto,Integrative,analysis,reveals multiple modes,Integrative analysis reveals multiple modes,0.63772637
MT2022_2025,W4395445997,634,auto,Sci.,USA,119 2122683119 2022,Sci. USA 119 2122683119 2022,0.6262349
MT2022_2025,W4395445997,635,auto,Adeno,-,associated virus -,Adeno - associated virus -,0.6618951
MT2022_2025,W4395445997,636,auto,Comparative,genome,analysis of potential,Comparative genome analysis of potential,0.67470604
MT2022_2025,W4395445997,638,auto,Res.,Commun,295 2002,Res. Commun 295 2002,0.6526026
MT2022_2025,W4395445997,639,auto,Differential,regulation,of rat and,Differential regulation of rat and,0.7441039
MT2022_2025,W4395445997,640,auto,Hyodeoxycholic,acid,derivatives as liver,Hyodeoxycholic acid derivatives as liver,0.6233528
MT2022_2025,W4395445997,641,auto,Molecular,mechanism,of PPARα action,Molecular mechanism of PPARα action,0.753537
MT2022_2025,W4395445997,642,auto,Hepatocyte,peroxisome,proliferator - activated,Hepatocyte peroxisome proliferator - activated,0.6379483
MT2022_2025,W4395445997,644,auto,Acta,Mol.,Cell Biol .,Acta Mol. Cell Biol .,0.7916883
MT2022_2025,W4395445997,645,auto,Lipids,1864,2019 Editor's Highlight,Lipids 1864 2019 Editor's Highlight,0.55082643
MT2022_2025,W4395445997,647,auto,Long,non-coding,RNA Gm15441 attenuates,Long non-coding RNA Gm15441 attenuates,0.66705555
MT2022_2025,W4395445997,648,auto,Commun,11,5847 2020,Commun 11 5847 2020,0.66358066
MT2022_2025,W4395445997,649,auto,Hepatic,steatosis,exacerbated by endoplasmic,Hepatic steatosis exacerbated by endoplasmic,0.77280533
MT2022_2025,W4395445997,650,auto,The,myeloid,leukemia - associated,The myeloid leukemia - associated,0.6837961
MT2022_2025,W4395445997,652,auto,Targeting,a,ceramide double bond,Targeting a ceramide double bond,0.663869
MT2022_2025,W4395445997,654,auto,Intracellular,ceramide,synthesis and protein,Intracellular ceramide synthesis and protein,0.79156756
MT2022_2025,W4395445997,655,auto,J,382,2004 Ceramide disables,J 382 2004 Ceramide disables,0.6623576
MT2022_2025,W4395445997,657,auto,Suppressing,the,intestinal farnesoid X,Suppressing the intestinal farnesoid X,0.6488551
MT2022_2025,W4395445997,658,auto,Invest,131,142865 2021 NLRP3,Invest 131 142865 2021 NLRP3,0.55820334
MT2022_2025,W4395445997,659,auto,The,NALP3,/ NLRP3 inflammasome,The NALP3 / NLRP3 inflammasome,0.7582145
MT2022_2025,W4395445997,660,auto,Anti,-,dengue virus nonstructural,Anti - dengue virus nonstructural,0.5920788
MT2022_2025,W4395445997,662,auto,Acta,Mol.,Basis Dis 1866,Acta Mol. Basis Dis 1866,0.5391813
MT2022_2025,W4395445997,663,auto,Bile,acid,control of metabolism,Bile acid control of metabolism,0.70398724
MT2022_2025,W4395445997,664,auto,Role,of,bile acids in,Role of bile acids in,0.5600487
MT2022_2025,W4395445997,665,auto,Metab,29,2018 Postprandial plasma,Metab 29 2018 Postprandial plasma,0.47714442
MT2022_2025,W4395445997,668,auto,Fasting,plasma,chenodeoxycholic acid and,Fasting plasma chenodeoxycholic acid and,0.5729802
MT2022_2025,W4395445997,669,auto,Chem,287,2012 Impaired generation,Chem 287 2012 Impaired generation,0.58841056
MT2022_2025,W4395445997,670,auto,Human,insulin,resistance is associated,Human insulin resistance is associated,0.6541861
MT2022_2025,W4395445997,671,auto,Selective,inhibition,of FOXO1 activator,Selective inhibition of FOXO1 activator,0.7738551
MT2022_2025,W4395445997,673,auto,The,hepatic,response to FGF19,The hepatic response to FGF19,0.73467684
MT2022_2025,W4395445997,675,auto,Liver,Physiol,298 2010 Crosstalk,Liver Physiol 298 2010 Crosstalk,0.6813034
MT2022_2025,W4395445997,677,auto,Res,34,2018 TGR5 -,Res 34 2018 TGR5 -,0.6370628
MT2022_2025,W4395445997,678,auto,Bile,acids,control inflammation and,Bile acids control inflammation and,0.7064779
MT2022_2025,W4395445997,679,auto,Hyocholic,acid,species improve glucose,Hyocholic acid species improve glucose,0.6948525
MT2022_2025,W4395445997,680,auto,Neurosci,9,199 2015,Neurosci 9 199 2015,0.60310054
MT2022_2025,W4395445997,681,auto,Serum,bile,acids and GLP,Serum bile acids and GLP,0.7350737
MT2022_2025,W4395445997,682,auto,Gut,microbiota,- bile acid,Gut microbiota - bile acid,0.8106123
MT2022_2025,W4395445997,683,auto,Commun,13,2060 2022,Commun 13 2060 2022,0.5996699
MT2022_2025,W4395445997,684,auto,Low,production,of 12 α,Low production of 12 α,0.7889462
MT2022_2025,W4395445997,686,auto,Acta,BBA,- Mol. Cell,Acta BBA - Mol. Cell,0.6875867
MT2022_2025,W4395445997,687,auto,Increased,bile,acid synthesis and,Increased bile acid synthesis and,0.7403295
MT2022_2025,W4395445997,690,auto,Lowering,bile,acid pool size,Lowering bile acid pool size,0.75816166
MT2022_2025,W4395445997,691,auto,Chem,286,2011 Farnesoid X,Chem 286 2011 Farnesoid X,0.54694915
MT2022_2025,W4395445997,692,auto,Bile,acid,and receptors :,Bile acid and receptors :,0.6548147
MT2022_2025,W4395445997,693,auto,Sin,43,2022 Intestinal farnesoid,Sin 43 2022 Intestinal farnesoid,0.48605764
MT2022_2025,W4395445997,694,auto,The,farnesoid,X - receptor,The farnesoid X - receptor,0.676217
MT2022_2025,W4395445997,695,auto,Chem,278,Microbiota - induced,Chem 278 Microbiota - induced,0.5520654
MT2022_2025,W4395445997,696,auto,Commun,9,245 2018,Commun 9 245 2018,0.63029957
MT2022_2025,W4395445997,697,auto,Hypothalamic,bile,acid -TGR5 signaling,Hypothalamic bile acid -TGR5 signaling,0.61980563
MT2022_2025,W4395445997,700,auto,A,dysregulated,bile acid -,A dysregulated bile acid -,0.731834
MT2022_2025,W4395445997,701,auto,Bile,acids,and nonalcoholic fatty,Bile acids and nonalcoholic fatty,0.62300116
MT2022_2025,W4395445997,702,auto,Free,fatty,acids repress small,Free fatty acids repress small,0.6642695
MT2022_2025,W4395445997,704,auto,Nutr,61,85 2015,Nutr 61 85 2015,0.5392424
MT2022_2025,W4395445997,705,auto,The,presence,and severity of,The presence and severity of,0.7074904
MT2022_2025,W4395445997,706,auto,Suppressed,hepatic,bile acid signalling,Suppressed hepatic bile acid signalling,0.62965965
MT2022_2025,W4395445997,707,auto,Pharmacol,14,1336216 2024,Pharmacol 14 1336216 2024,0.5511456
MT2022_2025,W4395445997,708,auto,Effects,of,nuclear receptor FXR,Effects of nuclear receptor FXR,0.5556236
MT2022_2025,W4395445997,709,auto,Int,4,2010 Fibroblast growth,Int 4 2010 Fibroblast growth,0.6092454
MT2022_2025,W4395445997,711,auto,Bull,34,2011 Spontaneous hepatocarcinogenesis,Bull 34 2011 Spontaneous hepatocarcinogenesis,0.6041266
MT2022_2025,W4395445997,712,auto,A,Zisser,D H Ipsen,A Zisser D H Ipsen,0.79330957
MT2022_2025,W4395445997,713,auto,Roles,of,hepatic stellate cells,Roles of hepatic stellate cells,0.5249952
MT2022_2025,W4395445997,714,auto,Pharmacol,13,958428 2022,Pharmacol 13 958428 2022,0.5991708
MT2022_2025,W4395445997,715,auto,Triggering,and,resolution of inflammation,Triggering and resolution of inflammation,0.53419447
MT2022_2025,W4395445997,716,auto,Hepatol,15,2018 Disruption of,Hepatol 15 2018 Disruption of,0.45519578
MT2022_2025,W4395445997,718,auto,The,nuclear,receptor SHP mediates,The nuclear receptor SHP mediates,0.71058255
MT2022_2025,W4395445997,720,auto,Ther,315,2005 SHP -,Ther 315 2005 SHP -,0.6570305
MT2022_2025,W4395445997,721,auto,Res,60,2011 SUMOylation inhibitors,Res 60 2011 SUMOylation inhibitors,0.53180707
MT2022_2025,W4395445997,722,auto,The,bile,acid sensor farnesoid,The bile acid sensor farnesoid,0.70954704
MT2022_2025,W4395445997,724,auto,Engineered,fibroblast,growth factor 19,Engineered fibroblast growth factor 19,0.732845
MT2022_2025,W4395445997,726,auto,Res.,Commun,372 2008,Res. Commun 372 2008,0.6490238
MT2022_2025,W4395445997,727,auto,Conjugated,secondary,12 α -,Conjugated secondary 12 α -,0.7021841
MT2022_2025,W4395445997,729,auto,Liver,Physiol,316 2019,Liver Physiol 316 2019,0.67336786
MT2022_2025,W4395445997,730,auto,Shedding,light,on nonalcoholic fatty,Shedding light on nonalcoholic fatty,0.6403925
MT2022_2025,W4395445997,731,auto,Pharmacol,11,603926 2020 Farnesoid,Pharmacol 11 603926 2020 Farnesoid,0.61278754
MT2022_2025,W4395445997,732,auto,Sin,36,2015 Yin Yang,Sin 36 2015 Yin Yang,0.48798648
MT2022_2025,W4395445997,733,auto,V,Legry,Gut 63 2014,V Legry Gut 63 2014,0.66916555
MT2022_2025,W4395445997,734,auto,Yin,Yang,1 deficiency in,Yin Yang 1 deficiency in,0.6758805
MT2022_2025,W4395445997,735,auto,A,novel,NF - κB,A novel NF - κB,0.5517048
MT2022_2025,W4395445997,736,auto,A,protein,- protein interaction,A protein - protein interaction,0.7118898
MT2022_2025,W4395445997,737,auto,Data,5,180289 2018 LPS,Data 5 180289 2018 LPS,0.61098546
MT2022_2025,W4395445997,739,auto,Acta,Mol.,Basis Dis 1864,Acta Mol. Basis Dis 1864,0.5357431
MT2022_2025,W4395445997,740,auto,Heart,J,34 2013,Heart J 34 2013,0.61921567
MT2022_2025,W4395445997,741,auto,Bile,acids,induce arrhythmias in,Bile acids induce arrhythmias in,0.7176019
MT2022_2025,W4395445997,743,auto,Bile,acids,and lipoprotein metabolism,Bile acids and lipoprotein metabolism,0.6932561
MT2022_2025,W4395445997,745,auto,Res.,Commun,357 2007,Res. Commun 357 2007,0.6637841
MT2022_2025,W4395445997,746,auto,Loss,of,functional farnesoid X,Loss of functional farnesoid X,0.59235436
MT2022_2025,W4395445997,748,auto,Sci.,USA,101 2004 Farnesoid,Sci. USA 101 2004 Farnesoid,0.66258526
MT2022_2025,W4395445997,751,auto,Biol,27,2007 FXR deficiency,Biol 27 2007 FXR deficiency,0.59353197
MT2022_2025,W4395445997,753,auto,Vasc.,Biol,26 2006 Effects,Vasc. Biol 26 2006 Effects,0.6650026
MT2022_2025,W4395445997,755,auto,Acta,1761,2006 Farnesoid X,Acta 1761 2006 Farnesoid X,0.62605125
MT2022_2025,W4395445997,757,auto,Ther,348,2014 TGR5 activation,Ther 348 2014 TGR5 activation,0.59314173
MT2022_2025,W4395445997,758,auto,Ther,36,12462 2018 Crosstalk,Ther 36 12462 2018 Crosstalk,0.4945058
MT2022_2025,W4395445997,759,auto,H,Duboc,Hepatology 56 2426,H Duboc Hepatology 56 2426,0.6914728
MT2022_2025,W4395445997,760,auto,Role,of,the microbiota in,Role of the microbiota in,0.5793361
MT2022_2025,W4395445997,762,auto,Sci.,USA,103 2006,Sci. USA 103 2006,0.6512386
MT2022_2025,W4395445997,763,auto,The,interaction,between bacteria and,The interaction between bacteria and,0.7485461
MT2022_2025,W4395445997,764,auto,Rev,29,2005 Obeticholic acid,Rev 29 2005 Obeticholic acid,0.5879451
MT2022_2025,W4395445997,765,auto,Bile,acids,as endogenous etiologic,Bile acids as endogenous etiologic,0.70003575
MT2022_2025,W4395445997,766,auto,Precision,microbiome,reconstitution restores bile,Precision microbiome reconstitution restores bile,0.7070005
MT2022_2025,W4395445997,768,auto,Acta,1862,2016 Farnesoid X,Acta 1862 2016 Farnesoid X,0.66341364
MT2022_2025,W4395445997,769,auto,The,FXR,agonist obeticholic acid,The FXR agonist obeticholic acid,0.75104195
MT2022_2025,W4395445997,770,auto,The,bile,acid receptor GPBAR,The bile acid receptor GPBAR,0.7319686
MT2022_2025,W4395445997,771,auto,Bile,acids,induce monocyte differentiation,Bile acids induce monocyte differentiation,0.7141431
MT2022_2025,W4395445997,772,auto,A,biosynthetic,pathway for a,A biosynthetic pathway for a,0.7156607
MT2022_2025,W4395445997,775,auto,Extrathymically,generated,regulatory T cells,Extrathymically generated regulatory T cells,0.52981436
MT2022_2025,W4395445997,776,auto,The,conserved,non-coding sequences CNS6,The conserved non-coding sequences CNS6,0.6929517
MT2022_2025,W4395445997,777,auto,T,cells,expressing RORγt represent,T cells expressing RORγt represent,0.6500067
MT2022_2025,W4395445997,778,auto,Bile,acid,metabolites control TH17,Bile acid metabolites control TH17,0.67996335
MT2022_2025,W4395445997,779,auto,The,gut,- liver axis,The gut - liver axis,0.75477576
MT2022_2025,W4395445997,780,auto,Rev.,Microbiol,21 2023,Rev. Microbiol 21 2023,0.6265323
MT2022_2025,W4395445997,781,auto,Gut,liver,brain axis in,Gut liver brain axis in,0.6997408
MT2022_2025,W4395445997,783,auto,Ther,8,2023 Lipopolysaccharides accelerate,Ther 8 2023 Lipopolysaccharides accelerate,0.59887904
MT2022_2025,W4395445997,786,auto,Impact,of,liver inflammation on,Impact of liver inflammation on,0.5954495
MT2022_2025,W4395445997,787,auto,Sin.,B,12 2022,Sin. B 12 2022,0.6302143
MT2022_2025,W4395445997,788,auto,Rethinking,the,bile acid /,Rethinking the bile acid /,0.71479684
MT2022_2025,W4395445997,790,auto,Res.,Commun,354 2007,Res. Commun 354 2007,0.65946245
MT2022_2025,W4395445997,791,auto,Novel,mechanistic,insights into ectodomain,Novel mechanistic insights into ectodomain,0.6638491
MT2022_2025,W4395445997,793,auto,Liver,Physiol,312 2017 TGR5,Liver Physiol 312 2017 TGR5,0.6705356
MT2022_2025,W4395445997,795,auto,Intracellular,signaling,by bile acids,Intracellular signaling by bile acids,0.73815715
MT2022_2025,W4395445997,796,auto,Bile,acids,as carcinogens in,Bile acids as carcinogens in,0.70494765
MT2022_2025,W4395445997,798,auto,Bile,acid,- microbiota cross,Bile acid - microbiota cross,0.69844145
MT2022_2025,W4395445997,800,auto,Hepatol,15,2018 Ursodeoxycholic acid,Hepatol 15 2018 Ursodeoxycholic acid,0.45336133
MT2022_2025,W4395445997,801,auto,Neurosci,11,2020 Synergistic effect,Neurosci 11 2020 Synergistic effect,0.59174913
MT2022_2025,W4395445997,802,auto,Ursodeoxycholic,acid,switches oxaliplatin -,Ursodeoxycholic acid switches oxaliplatin -,0.6260984
MT2022_2025,W4395445997,803,auto,The,role,of bile acids,The role of bile acids,0.6156524
MT2022_2025,W4395445997,804,auto,Lipid,raft,- dependent death,Lipid raft - dependent death,0.67656296
MT2022_2025,W4395445997,806,auto,Ursodeoxycholic,acid,protects colon cancer,Ursodeoxycholic acid protects colon cancer,0.6004696
MT2022_2025,W4395445997,808,auto,Liver,Physiol,286 2004 Lithocholic,Liver Physiol 286 2004 Lithocholic,0.6289603
MT2022_2025,W4395445997,810,auto,Acta,Bioenerg,1859 2018,Acta Bioenerg 1859 2018,0.75832653
MT2022_2025,W4395445997,811,auto,Bile,acids,induce apoptosis selectively,Bile acids induce apoptosis selectively,0.72557604
MT2022_2025,W4395445997,812,auto,Bile,acids,upregulate BRCA1 and,Bile acids upregulate BRCA1 and,0.7217098
MT2022_2025,W4395445997,813,auto,J.,Cancer,Prev 27 2018,J. Cancer Prev 27 2018,0.57616603
MT2022_2025,W4395445997,814,auto,Biotechnol,171,2013 Lithocholic acid,Biotechnol 171 2013 Lithocholic acid,0.59608704
MT2022_2025,W4395445997,815,auto,Mol.,Biol,111 2008 Lithocholic,Mol. Biol 111 2008 Lithocholic,0.6531419
MT2022_2025,W4395445997,816,auto,Sci.,USA,109 2012 Lithocholic,Sci. USA 109 2012 Lithocholic,0.6531854
MT2022_2025,W4395445997,819,auto,Bile,acids,repress E -,Bile acids repress E -,0.74554837
MT2022_2025,W4395445997,820,auto,Bile,acids,stimulate invasion and,Bile acids stimulate invasion and,0.7189937
MT2022_2025,W4395445997,821,auto,The,bile,acid receptor GPBAR1,The bile acid receptor GPBAR1,0.7076851
MT2022_2025,W4395445997,823,auto,Bile,acid,exposure up -,Bile acid exposure up -,0.725477
MT2022_2025,W4395445997,824,auto,Deoxycholic,acid,promotes development of,Deoxycholic acid promotes development of,0.6897855
MT2022_2025,W4395445997,825,auto,Mol.,Med,21 2017,Mol. Med 21 2017,0.70129937
MT2022_2025,W4395445997,826,auto,Bile,acids,- mediated overexpression,Bile acids - mediated overexpression,0.7282922
MT2022_2025,W4395445997,827,auto,The,membrane,bile acid receptor,The membrane bile acid receptor,0.65349406
MT2022_2025,W4395445997,828,auto,The,role,of fibroblast growth,The role of fibroblast growth,0.6621789
MT2022_2025,W4395445997,829,auto,Dissecting,the,role of the,Dissecting the role of the,0.78307027
MT2022_2025,W4395445997,830,auto,Cell,Dev.,Biol 8 95,Cell Dev. Biol 8 95,0.73797834
MT2022_2025,W4395445997,831,auto,Wnt,/,β- catenin signalling,Wnt / β- catenin signalling,0.49035287
MT2022_2025,W4395445997,833,auto,Ther,7,2022 Targeting epigenetic,Ther 7 2022 Targeting epigenetic,0.5751645
MT2022_2025,W4395445997,836,auto,The,cystine,/ glutamate antiporter,The cystine / glutamate antiporter,0.66789
MT2022_2025,W4395445997,837,auto,Redox,Signal,18 2013 Ferroptosis,Redox Signal 18 2013 Ferroptosis,0.7051916
MT2022_2025,W4395445997,838,auto,The,bile,acid membrane receptor,The bile acid membrane receptor,0.7065453
MT2022_2025,W4395445997,839,auto,Y,Qi,Molecules 27 5292,Y Qi Molecules 27 5292,0.73262036
MT2022_2025,W4395445997,840,auto,Metabolite,-,sensing G protein,Metabolite - sensing G protein,0.542156
MT2022_2025,W4395445997,841,auto,Immunol,9,2289 2018 Virus,Immunol 9 2289 2018 Virus,0.6446098
MT2022_2025,W4395445997,842,auto,The,cGAS,- STING pathway,The cGAS - STING pathway,0.71665776
MT2022_2025,W4395445997,843,auto,Immunol,12,795048 2021,Immunol 12 795048 2021,0.59028375
MT2022_2025,W4395445997,844,auto,Obeticholic,acid,", a selective","Obeticholic acid , a selective",0.7131672
MT2022_2025,W4395445997,845,auto,Res.,Perspect,5 329 2017,Res. Perspect 5 329 2017,0.6309758
MT2022_2025,W4395445997,846,auto,Comparative,potency,of obeticholic acid,Comparative potency of obeticholic acid,0.62177026
MT2022_2025,W4395445997,847,auto,Res.,Perspect,5 368 2017,Res. Perspect 5 368 2017,0.64700323
MT2022_2025,W4395445997,848,auto,Chem,59,2016 Identification of,Chem 59 2016 Identification of,0.5201548
MT2022_2025,W4395445997,850,auto,Sci.,USA,105 2008,Sci. USA 105 2008,0.66118854
MT2022_2025,W4395445997,851,auto,Discovery,of,betulinic acid derivatives,Discovery of betulinic acid derivatives,0.56193227
MT2022_2025,W4395445997,852,auto,The,TGR5,receptor mediates bile,The TGR5 receptor mediates bile,0.7189206
MT2022_2025,W4395445997,853,auto,Invest,123,2013 Knocking on,Invest 123 2013 Knocking on,0.5629027
MT2022_2025,W4395445997,854,auto,Bile,acid,receptor agonist GW4064,Bile acid receptor agonist GW4064,0.720916
MT2022_2025,W4395445997,855,auto,Cilofexor,",",a nonsteroidal FXR,"Cilofexor , a nonsteroidal FXR",0.5573478
MT2022_2025,W4395445997,857,auto,Res.,Commun,595 2022 FXR,Res. Commun 595 2022 FXR,0.63184595
MT2022_2025,W4395445997,858,auto,C,Kremoser,J. Hepatol 75,C Kremoser J. Hepatol 75,0.5284953
MT2022_2025,W4395445997,859,auto,The,nonsteroidal,farnesoid X receptor,The nonsteroidal farnesoid X receptor,0.62022024
MT2022_2025,W4395445997,860,auto,An,FXR,agonist reduces bile,An FXR agonist reduces bile,0.739778
MT2022_2025,W4395445997,861,auto,Open,-,label phase II,Open - label phase II,0.5982466
MT2022_2025,W4395445997,862,auto,Klin.,Wochenschr,133 2021 Nidufexor,Klin. Wochenschr 133 2021 Nidufexor,0.54053235
MT2022_2025,W4395445997,863,auto,Lett,12,2021 Discovery of,Lett 12 2021 Discovery of,0.5720486
MT2022_2025,W4395445997,864,auto,A,synthetic,farnesoid X receptor,A synthetic farnesoid X receptor,0.6251338
MT2022_2025,W4395445997,866,auto,Liver,Physiol,296 2009,Liver Physiol 296 2009,0.66957444
MT2022_2025,W4395445997,867,auto,A,chemical,", genetic ,","A chemical , genetic ,",0.72495097
MT2022_2025,W4395445997,868,auto,Cell,11,2003 Intestinal FXR,Cell 11 2003 Intestinal FXR,0.54695445
MT2022_2025,W4395445997,869,auto,A,structurally,optimized FXR agonist,A structurally optimized FXR agonist,0.61227757
MT2022_2025,W4395445997,871,auto,Lett,27,2017 Discovery of,Lett 27 2017 Discovery of,0.579227
MT2022_2025,W4395445997,872,auto,Chem,143,107071 2024,Chem 143 107071 2024,0.6124537
MT2022_2025,W4395445997,873,auto,Discovery,of,4 - aminophenylacetamide,Discovery of 4 - aminophenylacetamide,0.5786232
MT2022_2025,W4395445997,874,auto,Licraside,as,novel potent FXR,Licraside as novel potent FXR,0.5666756
MT2022_2025,W4395445997,875,auto,Pharmacol,14,1197856 2023,Pharmacol 14 1197856 2023,0.5317337
MT2022_2025,W4395445997,876,auto,The,discovery,of a new,The discovery of a new,0.7579766
MT2022_2025,W4395445997,877,auto,Chem,143,106979 2024,Chem 143 106979 2024,0.61304593
MT2022_2025,W4395445997,878,auto,Hepatoprotection,by,the farnesoid X,Hepatoprotection by the farnesoid X,0.51795924
MT2022_2025,W4395445997,879,auto,Invest,112,2003 Farnesoid X,Invest 112 2003 Farnesoid X,0.6121881
MT2022_2025,W4395445997,880,auto,Commun,4,2020 Farnesoid X,Commun 4 2020 Farnesoid X,0.6804031
MT2022_2025,W4395445997,882,auto,Res.,Commun,450 2014,Res. Commun 450 2014,0.64002746
MT2022_2025,W4395445997,883,auto,Activation,of,farnesoid X receptor,Activation of farnesoid X receptor,0.5609239
MT2022_2025,W4395445997,884,auto,Tropifexor,-,mediated abrogation of,Tropifexor - mediated abrogation of,0.55070657
MT2022_2025,W4395445997,886,auto,The,non-steroidal,FXR agonist cilofexor,The non-steroidal FXR agonist cilofexor,0.6567982
MT2022_2025,W4395445997,887,auto,A,structural,mechanism of nuclear,A structural mechanism of nuclear,0.7329978
MT2022_2025,W4395445997,888,auto,Sci.,USA,119 2215333119 2022,Sci. USA 119 2215333119 2022,0.6510618
MT2022_2025,W4395445997,889,auto,Intestine,farnesoid,X receptor agonist,Intestine farnesoid X receptor agonist,0.7692367
MT2022_2025,W4395445997,891,auto,2021,Cholic,acid for hepatic,2021 Cholic acid for hepatic,0.70453095
MT2022_2025,W4395445997,892,auto,Chenodeoxycholate,in,females with irritable,Chenodeoxycholate in females with irritable,0.4573785
MT2022_2025,W4395445997,893,auto,Ileo,-,colonic delivery of,Ileo - colonic delivery of,0.6449286
MT2022_2025,W4395445997,894,auto,A,placebo,- controlled trial,A placebo - controlled trial,0.63760835
MT2022_2025,W4395445997,895,auto,J.,Med,375 2016,J. Med 375 2016,0.73592097
MT2022_2025,W4395445997,896,auto,A,randomized,", placebo -","A randomized , placebo -",0.7162513
MT2022_2025,W4395445997,897,auto,Genome,-,wide tissue -,Genome - wide tissue -,0.58439034
MT2022_2025,W4395445997,898,auto,Ther,191,2018 Back door,Ther 191 2018 Back door,0.6294846
MT2022_2025,W4395445997,899,auto,Chem,49,2006 Allosteric small,Chem 49 2006 Allosteric small,0.51337844
MT2022_2025,W4395445997,900,auto,A,dysregulated,acetyl / SUMO,A dysregulated acetyl / SUMO,0.7630174
MT2022_2025,W4395445997,901,auto,A,natural,product that lowers,A natural product that lowers,0.71445817
MT2022_2025,W4395445997,902,auto,The,hypolipidemic,natural product guggulsterone,The hypolipidemic natural product guggulsterone,0.644283
MT2022_2025,W4395445997,903,auto,Endocrinol,16,2002 Guggulsterone is,Endocrinol 16 2002 Guggulsterone is,0.51603216
MT2022_2025,W4395445997,904,auto,Chem,278,2003 Guggulipid for,Chem 278 2003 Guggulipid for,0.6018557
MT2022_2025,W4395445997,905,auto,Chem,52,2009 Reversal of,Chem 52 2009 Reversal of,0.5884265
MT2022_2025,W4395445997,906,auto,Med.,Chem,92 117418 2023,Med. Chem 92 117418 2023,0.65061486
MT2022_2025,W4395445997,908,auto,Res.,Commun,362 2007,Res. Commun 362 2007,0.65333176
MT2022_2025,W4395445997,909,auto,Structure,-,activity relationship study,Structure - activity relationship study,0.5961159
MT2022_2025,W4395445997,910,auto,Chem,53,2010 Synthesis and,Chem 53 2010 Synthesis and,0.5406447
MT2022_2025,W4395445997,911,auto,Med.,Chem.,Lett 20 2010,Med. Chem. Lett 20 2010,0.6637366
MT2022_2025,W4395445997,912,auto,Safety,",","pharmacokinetics , and","Safety , pharmacokinetics , and",0.63230366
MT2022_2025,W4395445997,914,auto,Drug,Dev,2 2013 Synthesis,Drug Dev 2 2013 Synthesis,0.6523241
MT2022_2025,W4395445997,916,auto,Lett,20,2010 Optimization of,Lett 20 2010 Optimization of,0.59233487
MT2022_2025,W4395445997,917,auto,Lett,4,2012 3 -,Lett 4 2012 3 -,0.73698944
MT2022_2025,W4395445997,918,auto,Lett,7,2015 Discovery of,Lett 7 2015 Discovery of,0.62914526
MT2022_2025,W4395445997,921,auto,Targets,Ther,7 2013 Design,Targets Ther 7 2013 Design,0.66664416
MT2022_2025,W4395445997,922,auto,Chem,66,"2023 Design ,","Chem 66 2023 Design ,",0.564651
MT2022_2025,W4395445997,923,auto,Novel,small,molecule agonist of,Novel small molecule agonist of,0.6678447
MT2022_2025,W4395445997,924,auto,Bile,acid,receptor agonists INT747,Bile acid receptor agonists INT747,0.72684956
MT2022_2025,W4395445997,926,auto,Acta,BBA,Mol. Basis Dis,Acta BBA Mol. Basis Dis,0.564551
MT2022_2025,W4395445997,927,auto,Rep,7,13689 2017,Rep 7 13689 2017,0.62705505
MT2022_2025,W4395445997,928,auto,Simultaneous,inhibition,of FXR and,Simultaneous inhibition of FXR and,0.793299
MT2022_2025,W4395445997,929,auto,Dual,activation,of the bile,Dual activation of the bile,0.71647316
MT2022_2025,W4395445997,930,auto,The,G,protein - coupled,The G protein - coupled,0.65296197
MT2022_2025,W4395445997,931,auto,Discovery,of,betulinic acid derivatives,Discovery of betulinic acid derivatives,0.5619323
MT2022_2025,W4395445997,932,auto,Chem,144,107132 2024,Chem 144 107132 2024,0.6577183
MT2022_2025,W4395445997,933,auto,Bile,acids,trigger GLP -,Bile acids trigger GLP -,0.7256452
MT2022_2025,W4395445997,934,auto,Motil,32,13943 2020,Motil 32 13943 2020,0.5912478
MT2022_2025,W4395445997,935,auto,Topical,intestinal,aminoimidazole agonists of,Topical intestinal aminoimidazole agonists of,0.6757594
MT2022_2025,W4395445997,937,auto,Discovery,of,intestinal targeted TGR5,Discovery of intestinal targeted TGR5,0.61647195
MT2022_2025,W4395445997,938,auto,Intestinally,-,targeted TGR5 agonists,Intestinally - targeted TGR5 agonists,0.53202903
MT2022_2025,W4395445997,939,auto,Design,of,gut - restricted,Design of gut - restricted,0.5418049
MT2022_2025,W4395445997,940,auto,Beyond,the,rule of 5,Beyond the rule of 5,0.70449156
MT2022_2025,W4395445997,941,auto,Oral,semaglutide,", the first","Oral semaglutide , the first",0.5495249
MT2022_2025,W4395445997,942,auto,H,S,Kim C H,H S Kim C H,0.6582354
MT2022_2025,W4395445997,943,auto,Ther,12,2018 Deoxyschizandrin ameliorates,Ther 12 2018 Deoxyschizandrin ameliorates,0.49190724
MT2022_2025,W4395445997,945,auto,The,two,sides of YY1,The two sides of YY1,0.71683556
MT2022_2025,W4395445997,946,auto,Oncol,9,1230 2019 Rituximab,Oncol 9 1230 2019 Rituximab,0.63709587
MT2022_2025,W4395445997,947,auto,Rep,39,2018 MicroRNA -,Rep 39 2018 MicroRNA -,0.5096533
MT2022_2025,W4395445997,948,auto,Med.,Chem,75 117073 2022,Med. Chem 75 117073 2022,0.63140035
MT2022_2025,W4395445997,949,auto,Discovery,of,the first -,Discovery of the first -,0.6144081
MT2022_2025,W4395445997,950,auto,Chem,66,2023 Discovery of,Chem 66 2023 Discovery of,0.5570571
MT2022_2025,W4395445997,951,auto,Pharmacol,13,858137 2022,Pharmacol 13 858137 2022,0.5938571
MT2022_2025,W4395445997,952,auto,Discovery,of,a novel class,Discovery of a novel class,0.5537897
MT2022_2025,W4395445997,953,auto,The,ameliorating,effect of withaferin,The ameliorating effect of withaferin,0.71095324
MT2022_2025,W4395445997,954,auto,Pharmacol,14,1135952 2023,Pharmacol 14 1135952 2023,0.5321198
MT2022_2025,W4395445997,955,auto,Investigation,around,the oxadiazole core,Investigation around the oxadiazole core,0.6345881
MT2022_2025,W4395445997,956,auto,Lett,10,2019 Expanding the,Lett 10 2019 Expanding the,0.6352755
MT2022_2025,W4395445997,957,auto,Thiazolidinediones,:,the forgotten diabetes,Thiazolidinediones : the forgotten diabetes,0.48945874
MT2022_2025,W4395445997,959,auto,Rep,19,151 2019,Rep 19 151 2019,0.6986448
MT2022_2025,W4395445997,960,auto,The,structure,and characterization of,The structure and characterization of,0.723437
MT2022_2025,W4395445997,961,auto,Chem,298,102344 2022 FGF19,Chem 298 102344 2022 FGF19,0.68689024
MT2022_2025,W4395445997,962,auto,Pharmacol,12,633453 2021,Pharmacol 12 633453 2021,0.621339
MT2022_2025,W4395445997,963,auto,Fibroblast,growth,factor receptor 4,Fibroblast growth factor receptor 4,0.6336353
MT2022_2025,W4395445997,964,auto,Discovery,of,potent PROTACs targeting,Discovery of potent PROTACs targeting,0.6278308
MT2022_2025,W4395445997,965,auto,Discovery,of,a selective and,Discovery of a selective and,0.62093616
MT2022_2025,W4395445997,967,auto,Liver,Physiol,298 2010,Liver Physiol 298 2010,0.674473
MT2022_2025,W4395445997,968,auto,Atypical,mechanism,of glucose modulation,Atypical mechanism of glucose modulation,0.77140784
MT2022_2025,W4395445997,969,auto,Med.,Insights,Endocrinol .,Med. Insights Endocrinol .,0.4623629
MT2022_2025,W4395445997,970,auto,Diabetes,6,2013 Improved glycemic,Diabetes 6 2013 Improved glycemic,0.51415545
MT2022_2025,W4395445997,972,auto,Liver,Physiol,304 2013 SC,Liver Physiol 304 2013 SC,0.6895087
MT2022_2025,W4395445997,974,auto,Pilot,study,with IBAT inhibitor,Pilot study with IBAT inhibitor,0.5777766
MT2022_2025,W4395445997,975,auto,Rep,8,6658 2018 Inhibition,Rep 8 6658 2018 Inhibition,0.6303569
MT2022_2025,W4395445997,976,auto,Immunol,13,974305 2022,Immunol 13 974305 2022,0.58814645
MT2022_2025,W4395445997,977,auto,Bacterial,modification,of bile acids,Bacterial modification of bile acids,0.6874291
MT2022_2025,W4395445997,979,auto,Antibiotic,-,induced changes in,Antibiotic - induced changes in,0.5986148
MT2022_2025,W4395445997,980,auto,Gut,microbiota,and intestinal FXR,Gut microbiota and intestinal FXR,0.764045
MT2022_2025,W4395445997,981,auto,Med,24,2018 Microbiota modification,Med 24 2018 Microbiota modification,0.5862979
MT2022_2025,W4395445997,982,auto,A,mouse,model of humanized,A mouse model of humanized,0.7155278
MT2022_2025,W4395445997,984,auto,Res.,Commun,524 2020,Res. Commun 524 2020,0.65196574
MT2022_2025,W4395445997,985,auto,Is,CYP2C70,the key to,Is CYP2C70 the key to,0.5587929
MT2022_2025,W4395445997,986,auto,G,L,Guo J Y,G L Guo J Y,0.6290208
MT2022_2025,W4395445997,987,auto,Glycine,-,β- muricholic acid,Glycine - β- muricholic acid,0.5987469
MT2022_2025,W4395445997,988,auto,Mechanistic,insights,into isoform -,Mechanistic insights into isoform -,0.77425635
MT2022_2025,W4395445997,989,auto,Increased,bile,acid concentration in,Increased bile acid concentration in,0.74232924
MT2022_2025,W4395445997,992,auto,Of,mice,and men :,Of mice and men :,0.635838
MT2022_2025,W4327811717,0,auto,Exosome,-,derived circCCAR1 promotes,Exosome - derived circCCAR1 promotes,0.4940345
MT2022_2025,W4327811717,1,auto,Kunming,",",Yunnan China Hongqiang,"Kunming , Yunnan China Hongqiang",0.4550455
MT2022_2025,W4327811717,2,auto,Dysfunction,of,CD8 + T,Dysfunction of CD8 + T,0.5231824
MT2022_2025,W4327811717,3,auto,Nevertheless,",",the effect of,"Nevertheless , the effect of",0.6138436
MT2022_2025,W4327811717,5,auto,The,effect,of circCCAR1 on,The effect of circCCAR1 on,0.67136556
MT2022_2025,W4327811717,6,auto,The,function,of circCCAR1 in,The function of circCCAR1 in,0.6390099
MT2022_2025,W4327811717,7,auto,Chromatin,immunoprecipitation,", biotinylated RNA","Chromatin immunoprecipitation , biotinylated RNA",0.74279165
MT2022_2025,W4327811717,8,auto,A,mouse,model with reconstituted,A mouse model with reconstituted,0.7585097
MT2022_2025,W4327811717,9,auto,Results,Increased,circCCAR1 levels existed,Results Increased circCCAR1 levels existed,0.606945
MT2022_2025,W4327811717,10,auto,CircCCAR1,accelerated,the growth and,CircCCAR1 accelerated the growth and,0.6467072
MT2022_2025,W4327811717,11,auto,E1A,binding,protein p300 (,E1A binding protein p300 (,0.69853836
MT2022_2025,W4327811717,12,auto,CircCCAR1,acted,as a sponge,CircCCAR1 acted as a sponge,0.54849565
MT2022_2025,W4327811717,13,auto,CircCCAR1,is,secreted by HCC,CircCCAR1 is secreted by HCC,0.53344
MT2022_2025,W4327811717,14,auto,Exosomal,circCCAR1,was taken in,Exosomal circCCAR1 was taken in,0.67955524
MT2022_2025,W4327811717,15,auto,CircCCAR1,promoted,resistance to anti,CircCCAR1 promoted resistance to anti,0.55979
MT2022_2025,W4327811717,16,auto,Furthermore,",",increased cell division,"Furthermore , increased cell division",0.56491834
MT2022_2025,W4327811717,18,auto,The,circCCAR1,/ miR -127-5p/,The circCCAR1 / miR -127-5p/,0.7114886
MT2022_2025,W4327811717,19,auto,Exosomal,circCCAR1,released by HCC,Exosomal circCCAR1 released by HCC,0.6963164
MT2022_2025,W4327811717,20,auto,Impaired,antitumor,immunity featured by,Impaired antitumor immunity featured by,0.64676446
MT2022_2025,W4327811717,21,auto,Circular,RNAs,( circRNAs ),Circular RNAs ( circRNAs ),0.74597436
MT2022_2025,W4327811717,22,auto,In,this,"study , we","In this study , we",0.75572515
MT2022_2025,W4327811717,23,auto,Exosomal,circCCAR1,released by HCC,Exosomal circCCAR1 released by HCC,0.6963165
MT2022_2025,W4327811717,24,auto,Thus,",",our results revealed,"Thus , our results revealed",0.6517816
MT2022_2025,W4327811717,25,auto,Materials,and,methods Clinical samples,Materials and methods Clinical samples,0.513551
MT2022_2025,W4327811717,26,auto,The,clinical,characteristics of these,The clinical characteristics of these,0.66589624
MT2022_2025,W4327811717,27,auto,BeyoFast,™,SYBR Green One,BeyoFast ™ SYBR Green One,0.5240196
MT2022_2025,W4327811717,28,auto,In,addition,", for miRNAs","In addition , for miRNAs",0.6312214
MT2022_2025,W4327811717,29,auto,qRT,-,PCR was carried,qRT - PCR was carried,0.57296515
MT2022_2025,W4327811717,30,auto,β-,actin,and U6 applied,β- actin and U6 applied,0.67563385
MT2022_2025,W4327811717,31,auto,The,relative,expressions were calculated,The relative expressions were calculated,0.6339001
MT2022_2025,W4327811717,32,auto,Moreover,",",genomic DNA (,"Moreover , genomic DNA (",0.6198675
MT2022_2025,W4327811717,33,auto,All,primers,were synthesized by,All primers were synthesized by,0.6535268
MT2022_2025,W4327811717,34,auto,Chromatin,extracts,were immunoprecipitated with,Chromatin extracts were immunoprecipitated with,0.5842167
MT2022_2025,W4327811717,35,auto,After,washing,", elution and","After washing , elution and",0.7001186
MT2022_2025,W4327811717,36,auto,RNA,immunoprecipitation,( RIP ),RNA immunoprecipitation ( RIP ),0.72185344
MT2022_2025,W4327811717,37,auto,Briefly,",",HCC cells were,"Briefly , HCC cells were",0.5490229
MT2022_2025,W4327811717,38,auto,After,centrifugation,", the supernatant","After centrifugation , the supernatant",0.625347
MT2022_2025,W4327811717,39,auto,IgG,was,used as a,IgG was used as a,0.62515706
MT2022_2025,W4327811717,40,auto,After,overnight,"incubation , the","After overnight incubation , the",0.7029828
MT2022_2025,W4327811717,41,auto,The,beadsbound,proteins were further,The beadsbound proteins were further,0.66488045
MT2022_2025,W4327811717,42,auto,The,immunoprecipitated,RNA was applied,The immunoprecipitated RNA was applied,0.76248926
MT2022_2025,W4327811717,43,auto,Biotinylated,RNA,pull - down,Biotinylated RNA pull - down,0.761217
MT2022_2025,W4327811717,44,auto,The,biotin,- labeled circCCAR1,The biotin - labeled circCCAR1,0.7432454
MT2022_2025,W4327811717,45,auto,Formaldehyde,(,1 % ),Formaldehyde ( 1 % ),0.5934992
MT2022_2025,W4327811717,46,auto,Total,protein,was extracted by,Total protein was extracted by,0.6542611
MT2022_2025,W4327811717,47,auto,The,probes,mixed with streptavidin,The probes mixed with streptavidin,0.73152685
MT2022_2025,W4327811717,48,auto,Then,",",the HCC cell,"Then , the HCC cell",0.6327199
MT2022_2025,W4327811717,49,auto,After,purification,", the bound","After purification , the bound",0.5843024
MT2022_2025,W4327811717,50,auto,MS2,pull,- down assay,MS2 pull - down assay,0.63546973
MT2022_2025,W4327811717,51,auto,The,recombinant,plasmids pCCAR1 -,The recombinant plasmids pCCAR1 -,0.66252816
MT2022_2025,W4327811717,52,auto,HCCLM3,cells,were plated overnight,HCCLM3 cells were plated overnight,0.727833
MT2022_2025,W4327811717,53,auto,After,collection,and quantification of,After collection and quantification of,0.65889883
MT2022_2025,W4327811717,54,auto,After,washing,", bound proteins","After washing , bound proteins",0.7373958
MT2022_2025,W4327811717,55,auto,Methylated,RNA,immunoprecipitation ( MeRIP,Methylated RNA immunoprecipitation ( MeRIP,0.74973494
MT2022_2025,W4327811717,56,auto,After,fragmentation,"and purification ,","After fragmentation and purification ,",0.6526935
MT2022_2025,W4327811717,57,auto,Methylated,RNAs,"were immunoprecipitated ,","Methylated RNAs were immunoprecipitated ,",0.65375143
MT2022_2025,W4327811717,58,auto,CD8,+,T - cell,CD8 + T - cell,0.5202412
MT2022_2025,W4327811717,59,auto,For,CD8,+ T -,For CD8 + T -,0.67093563
MT2022_2025,W4327811717,60,auto,In,vivo,tumor growth assay,In vivo tumor growth assay,0.6652521
MT2022_2025,W4327811717,61,auto,BALB,/,c nude male,BALB / c nude male,0.614176
MT2022_2025,W4327811717,62,auto,For,xenograft,"studies , HCCLM3","For xenograft studies , HCCLM3",0.75652385
MT2022_2025,W4327811717,63,auto,The,tumor,size was measured,The tumor size was measured,0.65283644
MT2022_2025,W4327811717,64,auto,After,4,"weeks , the","After 4 weeks , the",0.5543115
MT2022_2025,W4327811717,65,auto,For,pulmonary,"metastasis studies ,","For pulmonary metastasis studies ,",0.73995167
MT2022_2025,W4327811717,66,auto,After,6,"weeks , the","After 6 weeks , the",0.52952266
MT2022_2025,W4327811717,67,auto,Lung,tissues,"were harvested ,","Lung tissues were harvested ,",0.626982
MT2022_2025,W4327811717,68,auto,For,anti,-PD1 therapy experiments,For anti -PD1 therapy experiments,0.6004112
MT2022_2025,W4327811717,69,auto,HCCLM3,cells,( 5 ×,HCCLM3 cells ( 5 ×,0.64594847
MT2022_2025,W4327811717,70,auto,Then,",",Opdivo or its,"Then , Opdivo or its",0.6116195
MT2022_2025,W4327811717,71,auto,The,day,the mice received,The day the mice received,0.63870114
MT2022_2025,W4327811717,72,auto,The,tumor,size was measured,The tumor size was measured,0.65283644
MT2022_2025,W4327811717,73,auto,The,levels,of exosomal circCCAR1,The levels of exosomal circCCAR1,0.64240503
MT2022_2025,W4327811717,74,auto,The,mice,were harvested when,The mice were harvested when,0.6492821
MT2022_2025,W4327811717,75,auto,Tumor,volume,was calculated using,Tumor volume was calculated using,0.67800903
MT2022_2025,W4327811717,76,auto,The,tumor,specimens were surgically,The tumor specimens were surgically,0.6817096
MT2022_2025,W4327811717,77,auto,The,sections,were used for,The sections were used for,0.6559925
MT2022_2025,W4327811717,78,auto,Immunohistochemistry,(,IHC ) The,Immunohistochemistry ( IHC ) The,0.55826616
MT2022_2025,W4327811717,79,auto,Statistical,analysis,All statistical analyses,Statistical analysis All statistical analyses,0.7734574
MT2022_2025,W4327811717,80,auto,Statistical,significance,was determined by,Statistical significance was determined by,0.6361073
MT2022_2025,W4327811717,81,auto,Pearson's,correlation,coefficient was used,Pearson's correlation coefficient was used,0.71307814
MT2022_2025,W4327811717,82,auto,Log,-,rank tests were,Log - rank tests were,0.47922185
MT2022_2025,W4327811717,83,auto,Differences,with,P < 0.05,Differences with P < 0.05,0.5646351
MT2022_2025,W4327811717,84,auto,Additional,experimental,methods are described,Additional experimental methods are described,0.7006559
MT2022_2025,W4327811717,85,auto,Results,CircCCAR1,is increased in,Results CircCCAR1 is increased in,0.6775012
MT2022_2025,W4327811717,86,auto,At,first,", we extracted","At first , we extracted",0.68968785
MT2022_2025,W4327811717,87,auto,The,differentially,expressed circRNAs were,The differentially expressed circRNAs were,0.64472425
MT2022_2025,W4327811717,88,auto,2,),and the Student's,2 ) and the Student's,0.65671307
MT2022_2025,W4327811717,89,auto,CircCCAR1,(,hsa_ circ_0000240 ),CircCCAR1 ( hsa_ circ_0000240 ),0.4981892
MT2022_2025,W4327811717,90,auto,To,study,the possible function,To study the possible function,0.5828174
MT2022_2025,W4327811717,91,auto,The,shRNA,for circCCAR1 significantly,The shRNA for circCCAR1 significantly,0.6430067
MT2022_2025,W4327811717,92,auto,We,then,investigated the effect,We then investigated the effect,0.5947788
MT2022_2025,W4327811717,93,auto,The,function,of circCCAR1 on,The function of circCCAR1 on,0.66078407
MT2022_2025,W4327811717,94,auto,The,results,displayed that circCCAR1,The results displayed that circCCAR1,0.5559826
MT2022_2025,W4327811717,95,auto,Histone,acetylation,plays an important,Histone acetylation plays an important,0.6604913
MT2022_2025,W4327811717,96,auto,By,accident,", we found","By accident , we found",0.5113535
MT2022_2025,W4327811717,97,auto,We,further,tested the interaction,We further tested the interaction,0.60556394
MT2022_2025,W4327811717,98,auto,Through,bioinformatics,prediction using CircInteractome,Through bioinformatics prediction using CircInteractome,0.69807583
MT2022_2025,W4327811717,99,auto,The,interaction,between WTAP 3'untranslated,The interaction between WTAP 3'untranslated,0.6012843
MT2022_2025,W4327811717,100,auto,According,to,"TargetScan database ,","According to TargetScan database ,",0.6050262
MT2022_2025,W4327811717,101,auto,The,putative,binding sequence between,The putative binding sequence between,0.6645264
MT2022_2025,W4327811717,102,auto,The,results,of qRT -,The results of qRT -,0.5589165
MT2022_2025,W4327811717,103,auto,We,then,explored the potential,We then explored the potential,0.57494694
MT2022_2025,W4327811717,104,auto,As,hnRN,- PA2B1 is,As hnRN - PA2B1 is,0.6751582
MT2022_2025,W4327811717,105,auto,To,investigate,the effect of,To investigate the effect of,0.6655541
MT2022_2025,W4327811717,106,auto,CircCCAR1,depletion,in HCC cells,CircCCAR1 depletion in HCC cells,0.5757768
MT2022_2025,W4327811717,107,auto,To,explore,the role of,To explore the role of,0.66951716
MT2022_2025,W4327811717,108,auto,Exosomal,circCCAR1,in the peripheral,Exosomal circCCAR1 in the peripheral,0.6451688
MT2022_2025,W4327811717,109,auto,Moreover,",",the relationship between,"Moreover , the relationship between",0.5822923
MT2022_2025,W4327811717,110,auto,Results,of,CD8 IHC staining,Results of CD8 IHC staining,0.5163805
MT2022_2025,W4327811717,111,auto,Signal,exchange,between cells contributes,Signal exchange between cells contributes,0.7073587
MT2022_2025,W4327811717,112,auto,The,survival,time of tumor,The survival time of tumor,0.6443958
MT2022_2025,W4327811717,113,auto,PD1,acts,as an inhibitory,PD1 acts as an inhibitory,0.577962
MT2022_2025,W4327811717,114,auto,In,conclusion,", circCCAR1 and","In conclusion , circCCAR1 and",0.57308024
MT2022_2025,W4327811717,115,auto,The,circCCAR1,/ miR -,The circCCAR1 / miR -,0.6737493
MT2022_2025,W4327811717,116,auto,Exosomal,circCCAR1,secreted by HCC,Exosomal circCCAR1 secreted by HCC,0.70873004
MT2022_2025,W4327811717,117,auto,Moreover,",",increased CCAR1 protein,"Moreover , increased CCAR1 protein",0.55158097
MT2022_2025,W4327811717,119,auto,The,cluster,heatmap shows the,The cluster heatmap shows the,0.7102898
MT2022_2025,W4327811717,120,auto,B,A,PCR assay with,B A PCR assay with,0.6995117
MT2022_2025,W4327811717,121,auto,The,back,- splice junction,The back - splice junction,0.63858783
MT2022_2025,W4327811717,123,auto,The,stability,of circCCAR1 and,The stability of circCCAR1 and,0.6966209
MT2022_2025,W4327811717,124,auto,***p,<,0.001 vs. CCAR1,***p < 0.001 vs. CCAR1,0.5673041
MT2022_2025,W4327811717,125,auto,D,CCAR1,mRNA and circCCAR1,D CCAR1 mRNA and circCCAR1,0.8003311
MT2022_2025,W4327811717,126,auto,***p,<,0.001 vs. mock,***p < 0.001 vs. mock,0.55727994
MT2022_2025,W4327811717,128,auto,The,intracellular,location of circCCAR1,The intracellular location of circCCAR1,0.6523578
MT2022_2025,W4327811717,130,auto,The,intracellular,location of circCCAR1,The intracellular location of circCCAR1,0.6523578
MT2022_2025,W4327811717,131,auto,G,Representative,fluorescence images of,G Representative fluorescence images of,0.6992576
MT2022_2025,W4327811717,133,auto,The,statistics,for FISH .,The statistics for FISH .,0.58095455
MT2022_2025,W4327811717,134,auto,***p,<,0.001 . I,***p < 0.001 . I,0.5434352
MT2022_2025,W4327811717,135,auto,***p,<,0.001 . J,***p < 0.001 . J,0.5225331
MT2022_2025,W4327811717,137,auto,The,level,of circCCAR1 in,The level of circCCAR1 in,0.6151472
MT2022_2025,W4327811717,138,auto,**p,<,"0.01 , ***p","**p < 0.01 , ***p",0.48922837
MT2022_2025,W4327811717,139,auto,A,-,B A CCK,A - B A CCK,0.61967176
MT2022_2025,W4327811717,140,auto,*p,<,"0.05 , **p","*p < 0.05 , **p",0.52090514
MT2022_2025,W4327811717,141,auto,*p,<,"0.05 , **p","*p < 0.05 , **p",0.52090514
MT2022_2025,W4327811717,142,auto,E,Growth,curves of xenograft,E Growth curves of xenograft,0.7273803
MT2022_2025,W4327811717,143,auto,F,Tumor,weight was determined,F Tumor weight was determined,0.6857166
MT2022_2025,W4327811717,144,auto,G,Ki67,staining of xenograft,G Ki67 staining of xenograft,0.7318444
MT2022_2025,W4327811717,145,auto,**p,<,"0.01 , ***p","**p < 0.01 , ***p",0.48922837
MT2022_2025,W4327811717,147,auto,The,migration,capacity of HCC,The migration capacity of HCC,0.66261405
MT2022_2025,W4327811717,149,auto,The,migration,and invasion abilities,The migration and invasion abilities,0.72045183
MT2022_2025,W4327811717,150,auto,E,Gross,observation of lung,E Gross observation of lung,0.71978354
MT2022_2025,W4327811717,152,auto,The,number,of metastatic nodules,The number of metastatic nodules,0.61301523
MT2022_2025,W4327811717,153,auto,G,Lung,sections were stained,G Lung sections were stained,0.6844504
MT2022_2025,W4327811717,154,auto,A,m,6 A enrichment,A m 6 A enrichment,0.76420724
MT2022_2025,W4327811717,155,auto,***p,<,0.001 vs. IgG,***p < 0.001 vs. IgG,0.56286687
MT2022_2025,W4327811717,156,auto,C,CircCCAR1,levels in HCC,C CircCCAR1 levels in HCC,0.67176485
MT2022_2025,W4327811717,157,auto,***p,<,0.001 vs. MAO,***p < 0.001 vs. MAO,0.5728589
MT2022_2025,W4327811717,158,auto,D,WTAP,and IGFBPs levels,D WTAP and IGFBPs levels,0.6593919
MT2022_2025,W4327811717,160,auto,The,binding,of IGF2 BPs,The binding of IGF2 BPs,0.78899574
MT2022_2025,W4327811717,161,auto,***p,<,0.001 vs. IgG.,***p < 0.001 vs. IgG.,0.5618573
MT2022_2025,W4327811717,162,auto,The,m,6 A enrichment,The m 6 A enrichment,0.6596473
MT2022_2025,W4327811717,163,auto,***p,<,0.001 vs. sh-,***p < 0.001 vs. sh-,0.5478931
MT2022_2025,W4327811717,164,auto,G,IGF2BP3,enrichment in circCCAR1,G IGF2BP3 enrichment in circCCAR1,0.7933201
MT2022_2025,W4327811717,165,auto,***p,<,0.001 vs. sh-,***p < 0.001 vs. sh-,0.5478931
MT2022_2025,W4327811717,166,auto,H,CircCCAR1,levels in HCC,H CircCCAR1 levels in HCC,0.6861419
MT2022_2025,W4327811717,167,auto,***p,<,0.001 vs. sh-,***p < 0.001 vs. sh-,0.5478931
MT2022_2025,W4327811717,168,auto,I,CircCCAR1,levels in HCC,I CircCCAR1 levels in HCC,0.65716875
MT2022_2025,W4327811717,169,auto,*p,<,"0.05 , **p","*p < 0.05 , **p",0.5209052
MT2022_2025,W4327811717,170,auto,***p,<,0.001 vs. control,***p < 0.001 vs. control,0.5339366
MT2022_2025,W4327811717,171,auto,A,Transmission,electron microscopy detected,A Transmission electron microscopy detected,0.762653
MT2022_2025,W4327811717,172,auto,B,NanoSight,particle tracking analysis,B NanoSight particle tracking analysis,0.6362615
MT2022_2025,W4327811717,174,auto,The,levels,of exosome markers,The levels of exosome markers,0.6900012
MT2022_2025,W4327811717,176,auto,The,level,of circCCAR1 in,The level of circCCAR1 in,0.6151472
MT2022_2025,W4327811717,177,auto,***p,<,0.001 . E,***p < 0.001 . E,0.5184907
MT2022_2025,W4327811717,179,auto,The,association,of exosomal circCCAR1,The association of exosomal circCCAR1,0.61817694
MT2022_2025,W4327811717,181,auto,The,level,of circCCAR1 in,The level of circCCAR1 in,0.6151472
MT2022_2025,W4327811717,182,auto,***p,<,0.001 vs. LO2,***p < 0.001 vs. LO2,0.5717656
MT2022_2025,W4327811717,183,auto,The,level,of circCCAR1 in,The level of circCCAR1 in,0.6151472
MT2022_2025,W4327811717,184,auto,***p,<,0.001 vs. DMSO,***p < 0.001 vs. DMSO,0.5561929
MT2022_2025,W4327811717,185,auto,The,level,of circCCAR1 in,The level of circCCAR1 in,0.6151472
MT2022_2025,W4327811717,186,auto,***p,<,0.001 vs. vector,***p < 0.001 vs. vector,0.55672395
MT2022_2025,W4327811717,187,auto,The,binding,of circCCAR1 and,The binding of circCCAR1 and,0.7589342
MT2022_2025,W4327811717,188,auto,***p,<,0.001 vs. IgG.,***p < 0.001 vs. IgG.,0.5618573
MT2022_2025,W4327811717,189,auto,The,binding,of circCCAR1 and,The binding of circCCAR1 and,0.7589342
MT2022_2025,W4327811717,191,auto,The,relative,circCCAR1 expression in,The relative circCCAR1 expression in,0.5714747
MT2022_2025,W4327811717,193,auto,The,relative,circCCAR1 expression in,The relative circCCAR1 expression in,0.5714747
MT2022_2025,W4327811717,194,auto,***p,<,0.001 vs. sh-,***p < 0.001 vs. sh-,0.5478931
MT2022_2025,W4327811717,195,auto,B,CD8,+ T -,B CD8 + T -,0.72834486
MT2022_2025,W4327811717,196,auto,***p,<,0.001 vs. vector,***p < 0.001 vs. vector,0.55672395
MT2022_2025,W4327811717,197,auto,D,-,E Secreted IFN,D - E Secreted IFN,0.5890217
MT2022_2025,W4327811717,198,auto,***p,<,0.001 vs. vector,***p < 0.001 vs. vector,0.55672395
MT2022_2025,W4327811717,199,auto,***p,<,0.001 vs. vector,***p < 0.001 vs. vector,0.55672395
MT2022_2025,W4327811717,201,auto,The,interaction,strength between circCCAR1,The interaction strength between circCCAR1,0.7356722
MT2022_2025,W4327811717,203,auto,The,binding,of circCCAR1 and,The binding of circCCAR1 and,0.75893426
MT2022_2025,W4327811717,204,auto,***p,<,0.001 .,***p < 0.001 .,0.5176235
MT2022_2025,W4327811717,205,auto,J,PD1,levels in pulldown,J PD1 levels in pulldown,0.71547264
MT2022_2025,W4327811717,206,auto,K,PD1,expression in CD8,K PD1 expression in CD8,0.7205599
MT2022_2025,W4327811717,207,auto,L,PD1,protein levels in,L PD1 protein levels in,0.72998106
MT2022_2025,W4327811717,208,auto,M,Stability,analysis of PD1,M Stability analysis of PD1,0.7507167
MT2022_2025,W4327811717,209,auto,N,Ubiquitination,assay of PD1,N Ubiquitination assay of PD1,0.7499146
MT2022_2025,W4327811717,210,auto,A,Exosomal,circCCAR1 levels in,A Exosomal circCCAR1 levels in,0.69036853
MT2022_2025,W4327811717,211,auto,***p,<,0.001 . B,***p < 0.001 . B,0.48603174
MT2022_2025,W4327811717,213,auto,The,tumor,volume and weight,The tumor volume and weight,0.69030297
MT2022_2025,W4327811717,215,auto,The,survival,curves for mice,The survival curves for mice,0.65092146
MT2022_2025,W4327811717,216,auto,G,CD8,in tissues from,G CD8 in tissues from,0.6928214
MT2022_2025,W4327811717,217,auto,***p,<,0.001 . H,***p < 0.001 . H,0.5473201
MT2022_2025,W4327811717,219,auto,The,relationship,between exosomal circCCAR1,The relationship between exosomal circCCAR1,0.6451187
MT2022_2025,W4327811717,220,auto,J,Model,of the circCCAR1,J Model of the circCCAR1,0.69999194
MT2022_2025,W4327811717,222,auto,This,work,is supported by,This work is supported by,0.5672202
MT2022_2025,W4327811717,223,auto,High,-,level Talent Promotion,High - level Talent Promotion,0.58843064
MT2022_2025,W4327811717,224,auto,Availability,of,data and materials,Availability of data and materials,0.29341593
MT2022_2025,W4327811717,225,auto,All,data,generated or analyzed,All data generated or analyzed,0.5974057
MT2022_2025,W4327811717,226,auto,Abbreviations,CCAR1,Cell division cycle,Abbreviations CCAR1 Cell division cycle,0.6140645
MT2022_2025,W4327811717,227,auto,The,online,version contains supplementary,The online version contains supplementary,0.57661015
MT2022_2025,W4327811717,228,auto,The,study,with hepatocellular carcinoma,The study with hepatocellular carcinoma,0.59902644
MT2022_2025,W4327811717,229,auto,All,animal,experiments were approved,All animal experiments were approved,0.7042593
MT2022_2025,W4327811717,230,auto,Consent,for,publication All authors,Consent for publication All authors,0.39046246
MT2022_2025,W4327811717,232,auto,The,authors,declare no competing,The authors declare no competing,0.57001364
MT2022_2025,W4327811717,233,auto,•,fast,", convenient online","• fast , convenient online",0.6712605
MT2022_2025,W4327811717,234,auto,At,BMC,", research is","At BMC , research is",0.5907351
MT2022_2025,W4327811717,235,auto,Learn,more,biomedcentral.com / submissions,Learn more biomedcentral.com / submissions,0.3206189
MT2022_2025,W4327811717,236,auto,Choose,BMC,and benefit from,Choose BMC and benefit from,0.5231382
MT2022_2025,W4327811717,237,auto,Choose,BMC,and benefit from,Choose BMC and benefit from,0.5231382
MT2022_2025,W4327811717,238,auto,Epidemiology,and,surveillance for hepatocellular,Epidemiology and surveillance for hepatocellular,0.5685277
MT2022_2025,W4327811717,239,auto,The,Burden,of Primary Liver,The Burden of Primary Liver,0.7132277
MT2022_2025,W4327811717,241,auto,Immune,checkpoint,targeting in cancer,Immune checkpoint targeting in cancer,0.6936873
MT2022_2025,W4327811717,242,auto,Molecular,and,cellular insights into,Molecular and cellular insights into,0.5934909
MT2022_2025,W4327811717,243,auto,T,cell,exhaustion in chronic,T cell exhaustion in chronic,0.67325664
MT2022_2025,W4327811717,244,auto,T,cells,by preventing PD1,T cells by preventing PD1,0.6535933
MT2022_2025,W4327811717,245,auto,T,cell,exhaustion O Khan,T cell exhaustion O Khan,0.66053843
MT2022_2025,W4327811717,246,auto,T,cell,exhaustion N Weisshaar,T cell exhaustion N Weisshaar,0.59056187
MT2022_2025,W4327811717,247,auto,2022,Circular,RNAs : characteristics,2022 Circular RNAs : characteristics,0.7132656
MT2022_2025,W4327811717,248,auto,The,mechanism,underlying the ncRNA,The mechanism underlying the ncRNA,0.7004216
MT2022_2025,W4327811717,249,auto,The,emerging,role of microRNAs,The emerging role of microRNAs,0.54851615
MT2022_2025,W4327811717,250,auto,Cancer,cell,- derived exosomal,Cancer cell - derived exosomal,0.6920702
MT2022_2025,W4327811717,251,auto,The,functional,"roles , cross","The functional roles , cross",0.6804942
MT2022_2025,W4327811717,252,auto,Ther,5,296 2020 M6A,Ther 5 296 2020 M6A,0.6751816
MT2022_2025,W4327811717,253,auto,T,cell,dysfunction and anti,T cell dysfunction and anti,0.66993207
MT2022_2025,W4327811717,254,auto,The,role,of N (,The role of N (,0.68087053
MT2022_2025,W4327811717,255,auto,T,cell,exhaustion during metastasis,T cell exhaustion during metastasis,0.6688539
MT2022_2025,W4327811717,256,auto,T,cell,exhaustion in bladder,T cell exhaustion in bladder,0.67548937
MT2022_2025,W4327811717,257,auto,T,cells,correlate with exhausted,T cells correlate with exhausted,0.6582787
MT2022_2025,W4327811717,258,auto,Requirement,of,cell cycle and,Requirement of cell cycle and,0.629033
MT2022_2025,W4327811717,260,auto,The,emerging,roles of circR,The emerging roles of circR,0.64401066
MT2022_2025,W4327811717,261,auto,An,intra-tumoral,niche maintains and,An intra-tumoral niche maintains and,0.6576664
MT2022_2025,W4327811717,262,auto,Next,generation,of immune checkpoint,Next generation of immune checkpoint,0.748085
MT2022_2025,W4327811717,263,auto,Uncoupling,immune,trajectories of response,Uncoupling immune trajectories of response,0.64003205
MT2022_2025,W4327811717,264,auto,Revealing,anti,-PD - 1,Revealing anti -PD - 1,0.7196407
MT2022_2025,W4292731246,0,auto,The,uselessness,of AI ethics,The uselessness of AI ethics,0.7181038
MT2022_2025,W4292731246,1,auto,Institute,for,Culture and Society,Institute for Culture and Society,0.5772002
MT2022_2025,W4292731246,2,auto,The,uselessness,of AI ethics,The uselessness of AI ethics,0.7181038
MT2022_2025,W4292731246,3,auto,10.1007/s43681-022-00209,-w,Received : 6,10.1007/s43681-022-00209 -w Received : 6,0.41228935
MT2022_2025,W4292731246,4,auto,As,the,awareness of AI's,As the awareness of AI's,0.7164291
MT2022_2025,W4292731246,5,auto,A,flood,of AI guidelines,A flood of AI guidelines,0.698665
MT2022_2025,W4292731246,6,auto,However,",",these are meaningless,"However , these are meaningless",0.64538586
MT2022_2025,W4292731246,7,auto,For,these,"reasons , I","For these reasons , I",0.6772619
MT2022_2025,W4292731246,8,auto,The,result,is a gap,The result is a gap,0.6309459
MT2022_2025,W4292731246,9,auto,Even,when,this gap is,Even when this gap is,0.7161818
MT2022_2025,W4292731246,10,auto,In,a,zero - sum,In a zero - sum,0.7081544
MT2022_2025,W4292731246,11,auto,I,conclude,by highlighting alternative,I conclude by highlighting alternative,0.667043
MT2022_2025,W4292731246,12,auto,Introduction,Artificial,intelligence technologies are,Introduction Artificial intelligence technologies are,0.73453856
MT2022_2025,W4292731246,13,auto,However,",",as the pervasiveness,"However , as the pervasiveness",0.6063982
MT2022_2025,W4292731246,14,auto,Within,welfare,and social support,Within welfare and social support,0.5891912
MT2022_2025,W4292731246,15,auto,As,the,awareness of AI's,As the awareness of AI's,0.7164291
MT2022_2025,W4292731246,16,auto,The,public,and private sectors,The public and private sectors,0.7146641
MT2022_2025,W4292731246,17,auto,Over,50,of these have,Over 50 of these have,0.58001995
MT2022_2025,W4292731246,18,auto,This,article,argues that this,This article argues that this,0.6234589
MT2022_2025,W4292731246,19,auto,While,this,view is provocative,While this view is provocative,0.6492648
MT2022_2025,W4292731246,20,auto,The,deluge,of AI codes,The deluge of AI codes,0.77108926
MT2022_2025,W4292731246,21,auto,Indeed,",",there are now,"Indeed , there are now",0.6200064
MT2022_2025,W4292731246,22,auto,What,are,some common AI,What are some common AI,0.63775074
MT2022_2025,W4292731246,23,auto,Despite,the,mushrooming of ethical,Despite the mushrooming of ethical,0.75018245
MT2022_2025,W4292731246,24,auto,The,same,issue occurs with,The same issue occurs with,0.7072617
MT2022_2025,W4292731246,25,auto,If,sustainability,"is ambiguous ,","If sustainability is ambiguous ,",0.5864912
MT2022_2025,W4292731246,26,auto,Safety,",",well - being,"Safety , well - being",0.5340033
MT2022_2025,W4292731246,27,auto,Privacy,",","for example ,","Privacy , for example ,",0.68051344
MT2022_2025,W4292731246,28,auto,Isolated,principles,AI development does,Isolated principles AI development does,0.7299929
MT2022_2025,W4292731246,29,auto,The,development,and adoption of,The development and adoption of,0.7361345
MT2022_2025,W4292731246,30,auto,The,toxicity,of tech culture,The toxicity of tech culture,0.5543349
MT2022_2025,W4292731246,31,auto,The,same,toxic conditions can,The same toxic conditions can,0.68515015
MT2022_2025,W4292731246,32,auto,A,recent,class action lawsuit,A recent class action lawsuit,0.6649019
MT2022_2025,W4292731246,33,auto,If,the,tech industry lacks,If the tech industry lacks,0.7253726
MT2022_2025,W4292731246,34,auto,Undergraduate,data,science degrees emphasize,Undergraduate data science degrees emphasize,0.4872675
MT2022_2025,W4292731246,35,auto,The,lack,of ethical training,The lack of ethical training,0.6382328
MT2022_2025,W4292731246,36,auto,AI,technologists,cannot be said,AI technologists cannot be said,0.57417023
MT2022_2025,W4292731246,37,auto,Instead,",",these technologies are,"Instead , these technologies are",0.6614924
MT2022_2025,W4292731246,38,auto,In,this,"sense , the","In this sense , the",0.754951
MT2022_2025,W4292731246,39,auto,Toothless,principles,"Finally , AI","Toothless principles Finally , AI",0.65501714
MT2022_2025,W4292731246,40,auto,Rességuier,and,Rodrigues [ 69,Rességuier and Rodrigues [ 69,0.636183
MT2022_2025,W4292731246,41,auto,Principles,are,"not "" self","Principles are not "" self",0.6500714
MT2022_2025,W4292731246,42,auto,The,dominant,focus on (,The dominant focus on (,0.64530206
MT2022_2025,W4292731246,43,auto,Uber,outpaced,regulation by expanding,Uber outpaced regulation by expanding,0.7012485
MT2022_2025,W4292731246,44,auto,Legislation,takes,time to draft,Legislation takes time to draft,0.62933654
MT2022_2025,W4292731246,45,auto,Toothlessness,is,not just about,Toothlessness is not just about,0.62143075
MT2022_2025,W4292731246,46,auto,Green,[,"27 , p","Green [ 27 , p",0.5604189
MT2022_2025,W4292731246,47,auto,Toothlessness,means,that corporations can,Toothlessness means that corporations can,0.5914646
MT2022_2025,W4292731246,48,auto,In,other,"words , companies","In other words , companies",0.637815
MT2022_2025,W4292731246,49,auto,Borrowing,from,the well -,Borrowing from the well -,0.60724396
MT2022_2025,W4292731246,50,auto,The,principles,/ practice gap,The principles / practice gap,0.6895704
MT2022_2025,W4292731246,51,auto,In,his,AI Debate statement,In his AI Debate statement,0.7191402
MT2022_2025,W4292731246,52,auto,Business,as,usual suggests a,Business as usual suggests a,0.66118795
MT2022_2025,W4292731246,53,auto,This,chasm,becomes clear when,This chasm becomes clear when,0.60352755
MT2022_2025,W4292731246,54,auto,Industry,bodies,such as the,Industry bodies such as the,0.65716374
MT2022_2025,W4292731246,55,auto,However,",",in a study,"However , in a study",0.6421587
MT2022_2025,W4292731246,56,auto,In,another,"study , Vakkuri","In another study , Vakkuri",0.6828559
MT2022_2025,W4292731246,57,auto,Recognizing,the,current gap between,Recognizing the current gap between,0.7653185
MT2022_2025,W4292731246,58,auto,There,is,a drive to,There is a drive to,0.6578939
MT2022_2025,W4292731246,59,auto,However,",",operationalizing AI ethics,"However , operationalizing AI ethics",0.5445978
MT2022_2025,W4292731246,60,auto,Hagendorff,[,"28 , p","Hagendorff [ 28 , p",0.50840634
MT2022_2025,W4292731246,61,auto,Of,course,", this is","Of course , this is",0.70764166
MT2022_2025,W4292731246,62,auto,When,it,comes to privacy,When it comes to privacy,0.576845
MT2022_2025,W4292731246,63,auto,Operationalization,is,not simply a,Operationalization is not simply a,0.6720874
MT2022_2025,W4292731246,64,auto,There,are,tensions and trade,There are tensions and trade,0.6618572
MT2022_2025,W4292731246,65,auto,Krijger,[,37 ],Krijger [ 37 ],0.6078991
MT2022_2025,W4292731246,66,auto,Alternatives,to,ethical principles,Alternatives to ethical principles,0.4382141
MT2022_2025,W4292731246,67,auto,The,dominant,turn to AI,The dominant turn to AI,0.6880008
MT2022_2025,W4292731246,68,auto,In,a,zero - sum,In a zero - sum,0.70815444
MT2022_2025,W4292731246,69,auto,It,is,"not enough ,","It is not enough ,",0.71567
MT2022_2025,W4292731246,70,auto,Instead,",",a critical assessment,"Instead , a critical assessment",0.5999695
MT2022_2025,W4292731246,71,auto,The,high,stakes of AI,The high stakes of AI,0.615497
MT2022_2025,W4292731246,72,auto,What,would,be more productive,What would be more productive,0.6298825
MT2022_2025,W4292731246,73,auto,One,approach,", in essence","One approach , in essence",0.61217237
MT2022_2025,W4292731246,74,auto,Zalnieriute,[,"84 , p","Zalnieriute [ 84 , p",0.55317473
MT2022_2025,W4292731246,75,auto,AI,justice,provides a useful,AI justice provides a useful,0.69882166
MT2022_2025,W4292731246,76,auto,As,Gabriel,"[ 22 ,","As Gabriel [ 22 ,",0.53550506
MT2022_2025,W4292731246,77,auto,What,might,this broader analysis,What might this broader analysis,0.57972693
MT2022_2025,W4292731246,78,auto,As,a,"brief example ,","As a brief example ,",0.66405547
MT2022_2025,W4292731246,79,auto,History,has,shown that some,History has shown that some,0.6219018
MT2022_2025,W4292731246,80,auto,What,might,a commitment to,What might a commitment to,0.55105114
MT2022_2025,W4292731246,81,auto,At,a,"concrete level ,","At a concrete level ,",0.6701086
MT2022_2025,W4292731246,82,auto,Those,who,develop AI need,Those who develop AI need,0.6747818
MT2022_2025,W4292731246,83,auto,Large,tech,"companies and ""","Large tech companies and """,0.5729271
MT2022_2025,W4292731246,84,auto,How,else,might AI justice,How else might AI justice,0.52101296
MT2022_2025,W4292731246,85,auto,Considering,justice,in AI more,Considering justice in AI more,0.7485673
MT2022_2025,W4292731246,86,auto,If,AI,justice and its,If AI justice and its,0.6071865
MT2022_2025,W4292731246,87,auto,Such,work,does not invoke,Such work does not invoke,0.5895618
MT2022_2025,W4292731246,88,auto,The,work,of Timnit Gebru,The work of Timnit Gebru,0.6209703
MT2022_2025,W4292731246,89,auto,If,facial,analysis misclassifies subjects,If facial analysis misclassifies subjects,0.64783806
MT2022_2025,W4292731246,90,auto,Two,aims,emerge when surveying,Two aims emerge when surveying,0.43064615
MT2022_2025,W4292731246,91,auto,First,",",there is transparency,"First , there is transparency",0.5985547
MT2022_2025,W4292731246,92,auto,This,is,the ability to,This is the ability to,0.6382855
MT2022_2025,W4292731246,93,auto,Oversight,and,auditing are key,Oversight and auditing are key,0.58678234
MT2022_2025,W4292731246,94,auto,As,one,"example , Raji","As one example , Raji",0.7028197
MT2022_2025,W4292731246,95,auto,Once,we,can understand what,Once we can understand what,0.71009314
MT2022_2025,W4292731246,96,auto,Transparency,must,then be accompanied,Transparency must then be accompanied,0.6790638
MT2022_2025,W4292731246,97,auto,Recourse,",","responsibility , and","Recourse , responsibility , and",0.66683567
MT2022_2025,W4292731246,98,auto,There,needs,to be clearly,There needs to be clearly,0.623122
MT2022_2025,W4292731246,99,auto,Redressing,these,harms might entail,Redressing these harms might entail,0.6053291
MT2022_2025,W4292731246,100,auto,And,accountability,must be backed,And accountability must be backed,0.62204534
MT2022_2025,W4292731246,101,auto,Such,aims,suggest a place,Such aims suggest a place,0.45481986
MT2022_2025,W4292731246,102,auto,Taken,together,", these alternative","Taken together , these alternative",0.64845145
MT2022_2025,W4292731246,103,auto,Designers,and,developers are able,Designers and developers are able,0.576627
MT2022_2025,W4292731246,104,auto,Managers,can,take the lead,Managers can take the lead,0.5130057
MT2022_2025,W4292731246,105,auto,Business,and,community leaders can,Business and community leaders can,0.61237186
MT2022_2025,W4292731246,106,auto,Governments,can,create new policy,Governments can create new policy,0.6351522
MT2022_2025,W4292731246,107,auto,And,even,more minor actors,And even more minor actors,0.75609934
MT2022_2025,W4292731246,108,auto,Together,",",these twin approaches,"Together , these twin approaches",0.55169284
MT2022_2025,W4292731246,110,auto,Thanks,to,both reviewers from,Thanks to both reviewers from,0.5761728
MT2022_2025,W4292731246,112,auto,Not,applicable,( solo -,Not applicable ( solo -,0.6174302
MT2022_2025,W4292731246,113,auto,Funding,Open,Access funding enabled,Funding Open Access funding enabled,0.61929524
MT2022_2025,W4292731246,115,auto,Availability,of,data and materials,Availability of data and materials,0.29341602
MT2022_2025,W4292731246,116,auto,Declarations,Conflict,of interest,Declarations Conflict of interest,0.75596344
MT2022_2025,W4292731246,117,auto,There,are,no competing interests,There are no competing interests,0.49984306
MT2022_2025,W4292731246,119,auto,This,article,is licensed under,This article is licensed under,0.52648616
MT2022_2025,W4292731246,120,auto,The,images,or other third,The images or other third,0.658056
MT2022_2025,W4292731246,121,auto,If,material,is not included,If material is not included,0.509278
MT2022_2025,W4292731246,122,auto,To,view,a copy of,To view a copy of,0.66826564
MT2022_2025,W4292731246,123,auto,org,/,licen ses /,org / licen ses /,0.70390034
MT2022_2025,W4292731246,124,auto,Publisher's,Note,Springer Nature remains,Publisher's Note Springer Nature remains,0.38640815
MT2022_2025,W4292731246,125,auto,Can,artificial,intelligence be decolonized,Can artificial intelligence be decolonized,0.70780385
MT2022_2025,W4292731246,126,auto,R,Adams,Interdiscipl. Sci. Rev,R Adams Interdiscipl. Sci. Rev,0.6189407
MT2022_2025,W4292731246,127,auto,AI,Ethicist,2021 Embracing the,AI Ethicist 2021 Embracing the,0.6878704
MT2022_2025,W4292731246,128,auto,Nat.,Social,20 2 2009,Nat. Social 20 2 2009,0.5735411
MT2022_2025,W4292731246,129,auto,Univ.,Law,Rev 116 2,Univ. Law Rev 116 2,0.6687301
MT2022_2025,W4292731246,130,auto,Working,out,systems of governance,Working out systems of governance,0.5153163
MT2022_2025,W4292731246,132,auto,But,work,on ' Responsible,But work on ' Responsible,0.5980558
MT2022_2025,W4292731246,133,auto,ACM,63,12 2020 Exclusive,ACM 63 12 2020 Exclusive,0.58216995
MT2022_2025,W4292731246,134,auto,August,5,", 2017 Algorithmic","August 5 , 2017 Algorithmic",0.54740393
MT2022_2025,W4292731246,135,auto,Technol,.,Innov 21 101186,Technol . Innov 21 101186,0.5872845
MT2022_2025,W4292731246,136,auto,Automating,Inequality,: How High,Automating Inequality : How High,0.64128035
MT2022_2025,W4292731246,137,auto,Translating,principles,into practices of,Translating principles into practices of,0.7141353
MT2022_2025,W4292731246,138,auto,Technol,32,2 2019,Technol 32 2 2019,0.5720608
MT2022_2025,W4292731246,139,auto,A,unified,framework of five,A unified framework of five,0.6164013
MT2022_2025,W4292731246,140,auto,Data,Sci.,Rev 2019,Data Sci. Rev 2019,0.6450012
MT2022_2025,W4292731246,141,auto,Toward,a,theory of justice,Toward a theory of justice,0.5800479
MT2022_2025,W4292731246,142,auto,Development,of,a SPOC of,Development of a SPOC of,0.7145014
MT2022_2025,W4292731246,143,auto,Commun,T,Gebru J Morgenstern,Commun T Gebru J Morgenstern,0.6180525
MT2022_2025,W4292731246,144,auto,International,Conference,"on Teaching ,","International Conference on Teaching ,",0.6592526
MT2022_2025,W4292731246,145,auto,2020,93683,75 The contestation,2020 93683 75 The contestation,0.6187787
MT2022_2025,W4292731246,146,auto,The,ethics,of AI ethics,The ethics of AI ethics,0.72152454
MT2022_2025,W4292731246,147,auto,Towards,a,critical race methodology,Towards a critical race methodology,0.65126073
MT2022_2025,W4292731246,148,auto,2019,Lessons,learned from AI,2019 Lessons learned from AI,0.6827363
MT2022_2025,W4292731246,149,auto,Ethically,aligned,design : a,Ethically aligned design : a,0.5868374
MT2022_2025,W4292731246,153,auto,Enter,the,metrics : critical,Enter the metrics : critical,0.67137057
MT2022_2025,W4292731246,154,auto,Soc,Reassembling,the Social :,Soc Reassembling the Social :,0.6466534
MT2022_2025,W4292731246,155,auto,You,cannot,have AI ethics,You cannot have AI ethics,0.63642526
MT2022_2025,W4292731246,156,auto,Neither,sustainable,nor development :,Neither sustainable nor development :,0.6389618
MT2022_2025,W4292731246,157,auto,Dev,13,4 2005 R,Dev 13 4 2005 R,0.63162255
MT2022_2025,W4292731246,158,auto,A,Mcnamara,J Smith E,A Mcnamara J Smith E,0.6458337
MT2022_2025,W4292731246,159,auto,Der,Tagesspiegel,Online 2019 .,Der Tagesspiegel Online 2019 .,0.5598011
MT2022_2025,W4292731246,160,auto,April,8,", 2019 Model","April 8 , 2019 Model",0.590479
MT2022_2025,W4292731246,162,auto,Intell,1,11 2019 Decolonial,Intell 1 11 2019 Decolonial,0.6064178
MT2022_2025,W4292731246,163,auto,Technol,33,4 2020 Operationalising,Technol 33 4 2020 Operationalising,0.5402954
MT2022_2025,W4292731246,164,auto,Ethics,as,a service :,Ethics as a service :,0.57766277
MT2022_2025,W4292731246,165,auto,From,what,to how :,From what to how :,0.7149789
MT2022_2025,W4292731246,166,auto,Inf.,Soc,17 2 2019,Inf. Soc 17 2 2019,0.6628611
MT2022_2025,W4292731246,167,auto,1097,Automation,is a Myth,1097 Automation is a Myth,0.6379986
MT2022_2025,W4292731246,168,auto,Constitutional,democracy,and technology in,Constitutional democracy and technology in,0.76907116
MT2022_2025,W4292731246,170,auto,Roy,.,Soc. A Math,Roy . Soc. A Math,0.5329971
MT2022_2025,W4292731246,171,auto,Eng.,Sci,376 2133 .,Eng. Sci 376 2133 .,0.6139203
MT2022_2025,W4292731246,172,auto,The,Intercept,R Ochigame 2019,The Intercept R Ochigame 2019,0.62024856
MT2022_2025,W4292731246,173,auto,December,21,. 2019,December 21 . 2019,0.57868344
MT2022_2025,W4292731246,174,auto,The,long,history of algorithmic,The long history of algorithmic,0.6496832
MT2022_2025,W4292731246,175,auto,Phenomenal,World,( blog ),Phenomenal World ( blog ),0.72958344
MT2022_2025,W4292731246,176,auto,January,30,", 2020","January 30 , 2020",0.59439147
MT2022_2025,W4292731246,177,auto,Undergraduate,data,science degrees emphasize,Undergraduate data science degrees emphasize,0.4872675
MT2022_2025,W4292731246,178,auto,Sci,7,441 2021 Weapons,Sci 7 441 2021 Weapons,0.66232073
MT2022_2025,W4292731246,179,auto,The,duality,of technology :,The duality of technology :,0.7458078
MT2022_2025,W4292731246,180,auto,Sci,3,3 1992,Sci 3 3 1992,0.7616097
MT2022_2025,W4292731246,181,auto,From,ethics,to politics :,From ethics to politics :,0.57966363
MT2022_2025,W4292731246,182,auto,Now,California,Is Stepping In,Now California Is Stepping In,0.6056814
MT2022_2025,W4292731246,183,auto,February,19,", 2022 Ethical","February 19 , 2022 Ethical",0.5936376
MT2022_2025,W4292731246,184,auto,Harvard,Gazette,( blog ),Harvard Gazette ( blog ),0.7312248
MT2022_2025,W4292731246,185,auto,The,Vatican,Rome Pontifical Academy,The Vatican Rome Pontifical Academy,0.73009545
MT2022_2025,W4292731246,186,auto,The,seductive,diversion of ',The seductive diversion of ',0.72398317
MT2022_2025,W4292731246,187,auto,OneZero,(,blog ) J,OneZero ( blog ) J,0.6027058
MT2022_2025,W4292731246,188,auto,intel,ligen,ce-890 df 5e5ef,intel ligen ce-890 df 5e5ef,0.66462755
MT2022_2025,W4292731246,189,auto,Proceedings,of,the 2020 Conference,Proceedings of the 2020 Conference,0.55307275
MT2022_2025,W4292731246,190,auto,Stuff,M,Reidy 2017 .,Stuff M Reidy 2017 .,0.54897267
MT2022_2025,W4292731246,191,auto,July,1,", 2017 AI","July 1 , 2017 AI",0.54776824
MT2022_2025,W4292731246,192,auto,A,call,to bring back,A call to bring back,0.7146595
MT2022_2025,W4292731246,193,auto,Ethics,as,attention to context,Ethics as attention to context,0.5028936
MT2022_2025,W4292731246,194,auto,Non-portability,of,algorithmic fairness in,Non-portability of algorithmic fairness in,0.56859696
MT2022_2025,W4292731246,195,auto,What's,next,for Ai Ethics,What's next for Ai Ethics,0.5363581
MT2022_2025,W4292731246,196,auto,A,Global,Overview Daniel Schiff,A Global Overview Daniel Schiff,0.58618224
MT2022_2025,W4292731246,199,auto,Intell,.,Syst. 1 64,Intell . Syst. 1 64,0.590816
MT2022_2025,W4292731246,200,auto,February,27,", 2020 This","February 27 , 2020 This",0.5544201
MT2022_2025,W4292731246,201,auto,Ethically,aligned,design of autonomous,Ethically aligned design of autonomous,0.6493021
MT2022_2025,W4292731246,202,auto,Elephant,in,the valley .,Elephant in the valley .,0.5323153
MT2022_2025,W4292731246,203,auto,The,Elephant,in the Valley,The Elephant in the Valley,0.68812925
MT2022_2025,W4292731246,204,auto,2016,Technically,Wrong : Sexist,2016 Technically Wrong : Sexist,0.68126994
MT2022_2025,W4292731246,205,auto,B,Wagner,"10.2307/j.ctvhrd092.18 Bayamlioğlu ,","B Wagner 10.2307/j.ctvhrd092.18 Bayamlioğlu ,",0.58356625
MT2022_2025,W4292731246,206,auto,Res,74,2022 Transparency -,Res 74 2022 Transparency -,0.59455913
MT2022_2025,W4294992918,0,auto,The,molecular,mechanisms and therapeutic,The molecular mechanisms and therapeutic,0.7773006
MT2022_2025,W4294992918,1,auto,The,molecular,mechanisms and therapeutic,The molecular mechanisms and therapeutic,0.7773008
MT2022_2025,W4294992918,2,auto,However,",",aberrant reactivation of,"However , aberrant reactivation of",0.6154031
MT2022_2025,W4294992918,3,auto,EMT,is,tightly regulated by,EMT is tightly regulated by,0.5217933
MT2022_2025,W4294992918,4,auto,In,this,"review , we","In this review , we",0.74111426
MT2022_2025,W4294992918,5,auto,Finally,",",we summarized the,"Finally , we summarized the",0.6301082
MT2022_2025,W4294992918,7,auto,The,epithelial,- mesenchymal transition,The epithelial - mesenchymal transition,0.6729111
MT2022_2025,W4294992918,8,auto,As,a,"result , the","As a result , the",0.62445414
MT2022_2025,W4294992918,9,auto,The,reverse,"process , which","The reverse process , which",0.64408517
MT2022_2025,W4294992918,10,auto,The,progression,of EMT is,The progression of EMT is,0.70321256
MT2022_2025,W4294992918,11,auto,During,cancer,"progression , cancer","During cancer progression , cancer",0.7859587
MT2022_2025,W4294992918,12,auto,Such,a,process is similar,Such a process is similar,0.6671446
MT2022_2025,W4294992918,13,auto,In,this,"review article ,","In this review article ,",0.79573476
MT2022_2025,W4294992918,14,auto,The,regulatory,network of numerous,The regulatory network of numerous,0.696744
MT2022_2025,W4294992918,15,auto,The,significance,of partial EMT,The significance of partial EMT,0.68001163
MT2022_2025,W4294992918,16,auto,Furthermore,",",the role of,"Furthermore , the role of",0.6072137
MT2022_2025,W4294992918,17,auto,Finally,",",a summary of,"Finally , a summary of",0.6432382
MT2022_2025,W4294992918,18,auto,Cytoskeletal,changes,between epithelial and,Cytoskeletal changes between epithelial and,0.6867248
MT2022_2025,W4294992918,19,auto,Mesenchymal,cells,are distinguished from,Mesenchymal cells are distinguished from,0.6067415
MT2022_2025,W4294992918,20,auto,EMT,is,also a process,EMT is also a process,0.6453669
MT2022_2025,W4294992918,21,auto,The,process,of invasion differs,The process of invasion differs,0.7561817
MT2022_2025,W4294992918,22,auto,The,PAR,and Scribble complexes,The PAR and Scribble complexes,0.61223096
MT2022_2025,W4294992918,23,auto,Apical,-,basal polarity is,Apical - basal polarity is,0.5906965
MT2022_2025,W4294992918,24,auto,Epithelial,-,mesenchymal transition cells,Epithelial - mesenchymal transition cells,0.51776904
MT2022_2025,W4294992918,25,auto,In,addition,", tumor cells","In addition , tumor cells",0.6580869
MT2022_2025,W4294992918,26,auto,Regulatory,networks,of EMT Transcriptional,Regulatory networks of EMT Transcriptional,0.6188307
MT2022_2025,W4294992918,27,auto,The,transition,of cells from,The transition of cells from,0.71756023
MT2022_2025,W4294992918,28,auto,Both,proteins,form homodimers or,Both proteins form homodimers or,0.6371459
MT2022_2025,W4294992918,29,auto,In,addition,"to SNAIL ,","In addition to SNAIL ,",0.65218806
MT2022_2025,W4294992918,30,auto,For,example,", several forkhead","For example , several forkhead",0.64474034
MT2022_2025,W4294992918,31,auto,Translational,and,post - translational,Translational and post - translational,0.59415686
MT2022_2025,W4294992918,32,auto,Recent,studies,have underlined the,Recent studies have underlined the,0.6254831
MT2022_2025,W4294992918,33,auto,Protein,phosphorylation,", the most","Protein phosphorylation , the most",0.61777604
MT2022_2025,W4294992918,34,auto,Other,post,- translational modifications,Other post - translational modifications,0.6400083
MT2022_2025,W4294992918,35,auto,Epigenetic,modifications,Epithelial - mesenchymal,Epigenetic modifications Epithelial - mesenchymal,0.6719037
MT2022_2025,W4294992918,36,auto,During,the,transition of trophoblast,During the transition of trophoblast,0.66637397
MT2022_2025,W4294992918,37,auto,Noncoding,RNA,- mediated regulation,Noncoding RNA - mediated regulation,0.70760745
MT2022_2025,W4294992918,38,auto,Furthermore,",",miRNAs also regulate,"Furthermore , miRNAs also regulate",0.5880705
MT2022_2025,W4294992918,39,auto,miRNA,let,- 7 and,miRNA let - 7 and,0.6264137
MT2022_2025,W4294992918,40,auto,Long,noncoding,RNAs ( lncRNAs,Long noncoding RNAs ( lncRNAs,0.692636
MT2022_2025,W4294992918,41,auto,For,example,", lncRNA -","For example , lncRNA -",0.638047
MT2022_2025,W4294992918,42,auto,The,relationship,between EMT and,The relationship between EMT and,0.70259017
MT2022_2025,W4294992918,43,auto,As,a,subgroup of CSCs,As a subgroup of CSCs,0.6955644
MT2022_2025,W4294992918,44,auto,The,roles,of EMT and,The roles of EMT and,0.63588315
MT2022_2025,W4294992918,45,auto,After,the,early steps of,After the early steps of,0.78230447
MT2022_2025,W4294992918,46,auto,EMT,is,a process in,EMT is a process in,0.7166555
MT2022_2025,W4294992918,47,auto,The,expression,"of Notch ,","The expression of Notch ,",0.6431848
MT2022_2025,W4294992918,48,auto,Histone,proteases,can degrade BM,Histone proteases can degrade BM,0.80369294
MT2022_2025,W4294992918,49,auto,The,motility,of circulating metastatic,The motility of circulating metastatic,0.726797
MT2022_2025,W4294992918,50,auto,In,another,breast cancer model,In another breast cancer model,0.6898221
MT2022_2025,W4294992918,51,auto,Although,the,EMT - TFs,Although the EMT - TFs,0.68774354
MT2022_2025,W4294992918,52,auto,An,excellent,review has recently,An excellent review has recently,0.599337
MT2022_2025,W4294992918,53,auto,The,role,of partial EMT,The role of partial EMT,0.67725796
MT2022_2025,W4294992918,54,auto,As,a,continuous flux between,As a continuous flux between,0.69777095
MT2022_2025,W4294992918,55,auto,Epithelial,and,mesenchymal markers are,Epithelial and mesenchymal markers are,0.58343536
MT2022_2025,W4294992918,56,auto,Because,of,the dynamic and,Because of the dynamic and,0.6396013
MT2022_2025,W4294992918,57,auto,First,",",EMT can promote,"First , EMT can promote",0.6014883
MT2022_2025,W4294992918,58,auto,The,CTCs,undergoing EMT are,The CTCs undergoing EMT are,0.7725244
MT2022_2025,W4294992918,59,auto,Hordes,of,emergent EMT hybrid,Hordes of emergent EMT hybrid,0.6008707
MT2022_2025,W4294992918,60,auto,Furthermore,",",the EMT induces,"Furthermore , the EMT induces",0.6176181
MT2022_2025,W4294992918,61,auto,In,addition,to the above,In addition to the above,0.6313736
MT2022_2025,W4294992918,62,auto,A,large,number of clinical,A large number of clinical,0.61448866
MT2022_2025,W4294992918,63,auto,Relationship,of,EMT and tumor,Relationship of EMT and tumor,0.53855526
MT2022_2025,W4294992918,64,auto,To,explain,how the propagation,To explain how the propagation,0.64897656
MT2022_2025,W4294992918,65,auto,The,CD44,", CD24 ,","The CD44 , CD24 ,",0.7520001
MT2022_2025,W4294992918,66,auto,In,the,"breast , EMT","In the breast , EMT",0.68326646
MT2022_2025,W4294992918,67,auto,In,addition,", the EMT","In addition , the EMT",0.6313472
MT2022_2025,W4294992918,68,auto,Specifically,",",PGC - 1,"Specifically , PGC - 1",0.5650172
MT2022_2025,W4294992918,69,auto,The,NUMB,gains phosphorylated and,The NUMB gains phosphorylated and,0.7148634
MT2022_2025,W4294992918,70,auto,Signals,of,EMT - induced,Signals of EMT - induced,0.48765355
MT2022_2025,W4294992918,71,auto,Among,the,different EMT -,Among the different EMT -,0.703997
MT2022_2025,W4294992918,72,auto,The,experiment,found that lowering,The experiment found that lowering,0.63590807
MT2022_2025,W4294992918,73,auto,The,ability,of pancreatic cancer,The ability of pancreatic cancer,0.6518054
MT2022_2025,W4294992918,74,auto,In,the,context of head,In the context of head,0.7050283
MT2022_2025,W4294992918,75,auto,It,directly,binds the Bmi1,It directly binds the Bmi1,0.6507998
MT2022_2025,W4294992918,76,auto,Both,the,tumor spheroid and,Both the tumor spheroid and,0.72007996
MT2022_2025,W4294992918,77,auto,Of,the,"SNAIL family ,","Of the SNAIL family ,",0.75925577
MT2022_2025,W4294992918,78,auto,Although,many,reports suggest that,Although many reports suggest that,0.6055901
MT2022_2025,W4294992918,79,auto,In,a,"clinical study ,","In a clinical study ,",0.6751227
MT2022_2025,W4294992918,80,auto,It,was,found that only,It was found that only,0.72296464
MT2022_2025,W4294992918,81,auto,Therefore,",",CSC + /,"Therefore , CSC + /",0.6234474
MT2022_2025,W4294992918,82,auto,Therapeutic,strategies,and challenges for,Therapeutic strategies and challenges for,0.78699857
MT2022_2025,W4294992918,83,auto,Notably,",",EMT in carcinoma,"Notably , EMT in carcinoma",0.58741784
MT2022_2025,W4294992918,84,auto,Prevention,or,reversing the lethal,Prevention or reversing the lethal,0.60660595
MT2022_2025,W4294992918,85,auto,Currently,",",there are three,"Currently , there are three",0.57611954
MT2022_2025,W4294992918,86,auto,Targeted,regulation,of epigenetics is,Targeted regulation of epigenetics is,0.8060582
MT2022_2025,W4294992918,87,auto,Another,therapeutic,strategy is to,Another therapeutic strategy is to,0.6380775
MT2022_2025,W4294992918,88,auto,Integrins,",",a family of,"Integrins , a family of",0.51024544
MT2022_2025,W4294992918,89,auto,However,",",research on targeted,"However , research on targeted",0.580112
MT2022_2025,W4294992918,90,auto,Targeted,EMT,therapy can inhibit,Targeted EMT therapy can inhibit,0.7678259
MT2022_2025,W4294992918,91,auto,Conclusion,and,perspectives EMT is,Conclusion and perspectives EMT is,0.67657804
MT2022_2025,W4294992918,92,auto,During,embryonic,development and tissue,During embryonic development and tissue,0.6983041
MT2022_2025,W4294992918,93,auto,Although,the,involvement of EMT,Although the involvement of EMT,0.6965412
MT2022_2025,W4294992918,94,auto,Neither,is,EMT a single,Neither is EMT a single,0.6727579
MT2022_2025,W4294992918,95,auto,For,cancer,", although conventionally","For cancer , although conventionally",0.6042186
MT2022_2025,W4294992918,96,auto,Therefore,",",it is a,"Therefore , it is a",0.69566476
MT2022_2025,W4294992918,97,auto,Inhibition,of,EMT may inadvertently,Inhibition of EMT may inadvertently,0.5792096
MT2022_2025,W4294992918,98,auto,Alternatively,",",a trans -,"Alternatively , a trans -",0.6656302
MT2022_2025,W4294992918,99,auto,Tumor,cells,in situ are,Tumor cells in situ are,0.62998015
MT2022_2025,W4294992918,100,auto,Intermediate,state,and mesenchymal stem,Intermediate state and mesenchymal stem,0.6404533
MT2022_2025,W4294992918,101,auto,Metastatic,tumor,cells enter the,Metastatic tumor cells enter the,0.68778574
MT2022_2025,W4294992918,102,auto,After,entering,"the circulation ,","After entering the circulation ,",0.7478773
MT2022_2025,W4294992918,103,auto,Neutrophils,are,also recruited and,Neutrophils are also recruited and,0.58892083
MT2022_2025,W4294992918,104,auto,CTCs,move,"slowly , roll","CTCs move slowly , roll",0.72859913
MT2022_2025,W4294992918,105,auto,MCSCs,anchor,with endothelial cells,MCSCs anchor with endothelial cells,0.52788776
MT2022_2025,W4294992918,106,auto,Gefitinib,Marketed,Breast cancer and,Gefitinib Marketed Breast cancer and,0.6791272
MT2022_2025,W4294992918,107,auto,Cabozantinib,s-malate,Marketed Medullary thyroid,Cabozantinib s-malate Marketed Medullary thyroid,0.6451587
MT2022_2025,W4294992918,108,auto,I,and,II Non-small cell,I and II Non-small cell,0.5750357
MT2022_2025,W4294992918,109,auto,Renal,cell,cancer GDCT0017470 NOTCH2,Renal cell cancer GDCT0017470 NOTCH2,0.6895769
MT2022_2025,W4294992918,110,auto,Small,cell,lung cancer NCT01859741,Small cell lung cancer NCT01859741,0.46169722
MT2022_2025,W4294992918,111,auto,Targeting,multiple,EMT - TFs,Targeting multiple EMT - TFs,0.6111488
MT2022_2025,W4294992918,112,auto,Small,cell,lung cancer GDCT0245900,Small cell lung cancer GDCT0245900,0.690552
MT2022_2025,W4294992918,113,auto,Targeting,mesenchymal,cells N -,Targeting mesenchymal cells N -,0.719528
MT2022_2025,W4294992918,114,auto,Batimastat,I,Hepatocellular FAK APG,Batimastat I Hepatocellular FAK APG,0.6297186
MT2022_2025,W4294992918,115,auto,I,Non-small,"cell lung ,","I Non-small cell lung ,",0.6578417
MT2022_2025,W4294992918,116,auto,Catumaxomab,I,Epithelial carcinomas ITGA5,Catumaxomab I Epithelial carcinomas ITGA5,0.5877672
MT2022_2025,W4294992918,117,auto,Renal,cell,cancer NCT00131651 ITGA5,Renal cell cancer NCT00131651 ITGA5,0.5580541
MT2022_2025,W4294992918,118,auto,Cilengitide,II,Glioblastoma multiforme NCT01782976,Cilengitide II Glioblastoma multiforme NCT01782976,0.43189287
MT2022_2025,W4294992918,119,auto,Intetumumab,II,Prostate cancer NCT00537381,Intetumumab II Prostate cancer NCT00537381,0.4774938
MT2022_2025,W4294992918,121,auto,The,figures,in this review,The figures in this review,0.5999473
MT2022_2025,W4294992918,123,auto,This,work,was supported by,This work was supported by,0.5489808
MT2022_2025,W4294992918,124,auto,Availability,of,data and materials,Availability of data and materials,0.2934162
MT2022_2025,W4294992918,125,auto,Abbreviations,Author,contributions Declarations Ethics,Abbreviations Author contributions Declarations Ethics,0.52721065
MT2022_2025,W4294992918,126,auto,Consent,for,publication All authors,Consent for publication All authors,0.39046246
MT2022_2025,W4294992918,128,auto,The,authors,declare no competing,The authors declare no competing,0.5700138
MT2022_2025,W4294992918,129,auto,•,fast,", convenient online","• fast , convenient online",0.67126036
MT2022_2025,W4294992918,130,auto,At,BMC,", research is","At BMC , research is",0.59073526
MT2022_2025,W4294992918,131,auto,Learn,more,biomedcentral.com / submissions,Learn more biomedcentral.com / submissions,0.32061902
MT2022_2025,W4294992918,132,auto,Choose,BMC,and benefit from,Choose BMC and benefit from,0.52313817
MT2022_2025,W4294992918,133,auto,Choose,BMC,and benefit from,Choose BMC and benefit from,0.5231382
MT2022_2025,W4294992918,134,auto,Transitions,between,epithelial and mesenchymal,Transitions between epithelial and mesenchymal,0.6881282
MT2022_2025,W4294992918,135,auto,Tracking,and,functional characterization of,Tracking and functional characterization of,0.5653063
MT2022_2025,W4294992918,137,auto,The,basics,of epithelial -,The basics of epithelial -,0.7093927
MT2022_2025,W4294992918,138,auto,The,transcription,factor snail controls,The transcription factor snail controls,0.7268076
MT2022_2025,W4294992918,139,auto,M,Diepenbruck,G Christofori Curr,M Diepenbruck G Christofori Curr,0.5495505
MT2022_2025,W4294992918,141,auto,Guidelines,and,definitions for research,Guidelines and definitions for research,0.56530535
MT2022_2025,W4294992918,142,auto,Identification,of,the tumour transition,Identification of the tumour transition,0.56567425
MT2022_2025,W4294992918,143,auto,Collection,on,reports of molecules,Collection on reports of molecules,0.5843704
MT2022_2025,W4294992918,144,auto,Molecular,mechanisms,of epithelial -,Molecular mechanisms of epithelial -,0.76993185
MT2022_2025,W4294992918,145,auto,Epithelial,-,mesenchymal transitions in,Epithelial - mesenchymal transitions in,0.54339314
MT2022_2025,W4294992918,146,auto,Cell,shape,in proliferating epithelia,Cell shape in proliferating epithelia,0.7400137
MT2022_2025,W4294992918,147,auto,The,epithelial,- mesenchymal transition,The epithelial - mesenchymal transition,0.6729112
MT2022_2025,W4294992918,148,auto,2015,EMT,and cancer :,2015 EMT and cancer :,0.600971
MT2022_2025,W4294992918,149,auto,The,transcription,factor Slug represses,The transcription factor Slug represses,0.7256542
MT2022_2025,W4294992918,150,auto,Circulating,breast,tumor cells exhibit,Circulating breast tumor cells exhibit,0.64188975
MT2022_2025,W4294992918,151,auto,Non-redundant,functions,of EMT transcription,Non-redundant functions of EMT transcription,0.6303004
MT2022_2025,W4294992918,152,auto,The,Snail,genes as inducers,The Snail genes as inducers,0.6469547
MT2022_2025,W4294992918,153,auto,Requirement,of,the histone demethylase,Requirement of the histone demethylase,0.5516759
MT2022_2025,W4294992918,154,auto,The,neutrophil's,choice : phagocytose,The neutrophil's choice : phagocytose,0.7168984
MT2022_2025,W4294992918,155,auto,Aberrant,expression,of the transcription,Aberrant expression of the transcription,0.75885457
MT2022_2025,W4294992918,156,auto,H,Peinado,D Olmeda A,H Peinado D Olmeda A,0.6882197
MT2022_2025,W4294992918,157,auto,Epithelial,-,mesenchymal transition in,Epithelial - mesenchymal transition in,0.5462608
MT2022_2025,W4294992918,158,auto,Non-canonical,signaling,pathway of SNAI2,Non-canonical signaling pathway of SNAI2,0.73629403
MT2022_2025,W4294992918,159,auto,The,transcription,factor ZEB1 (,The transcription factor ZEB1 (,0.65416306
MT2022_2025,W4294992918,160,auto,Functional,cooperation,between Snail1 and,Functional cooperation between Snail1 and,0.7176083
MT2022_2025,W4294992918,161,auto,The,EMT,- activator Zeb1,The EMT - activator Zeb1,0.6878126
MT2022_2025,W4294992918,162,auto,Poised,chromatin,at the ZEB1,Poised chromatin at the ZEB1,0.7241013
MT2022_2025,W4294992918,163,auto,High,expression,of ZEB1 correlates,High expression of ZEB1 correlates,0.7204507
MT2022_2025,W4294992918,164,auto,A,switch,in the expression,A switch in the expression,0.68251246
MT2022_2025,W4294992918,165,auto,Redundant,or,separate entities ?-,Redundant or separate entities ?-,0.6519513
MT2022_2025,W4294992918,166,auto,Direct,regulation,of TWIST by,Direct regulation of TWIST by,0.74828947
MT2022_2025,W4294992918,167,auto,Twist,",",a master regulator,"Twist , a master regulator",0.5250068
MT2022_2025,W4294992918,168,auto,Twist,overexpression,correlates with hepatocellular,Twist overexpression correlates with hepatocellular,0.7424606
MT2022_2025,W4294992918,169,auto,The,emerging,roles of forkhead,The emerging roles of forkhead,0.56963426
MT2022_2025,W4294992918,170,auto,Loss,of,scribble promotes snail,Loss of scribble promotes snail,0.48278618
MT2022_2025,W4294992918,171,auto,Notch,signaling,mediates hypoxia -,Notch signaling mediates hypoxia -,0.7680417
MT2022_2025,W4294992918,172,auto,The,ubiquitin,ligase Siah is,The ubiquitin ligase Siah is,0.7222688
MT2022_2025,W4294992918,173,auto,Cbl,-,"like protein ,","Cbl - like protein ,",0.5994944
MT2022_2025,W4294992918,174,auto,Distinct,epigenomic,landscapes of pluripotent,Distinct epigenomic landscapes of pluripotent,0.7338716
MT2022_2025,W4294992918,175,auto,The,transcription,factor Slug represses,The transcription factor Slug represses,0.72565436
MT2022_2025,W4294992918,176,auto,The,SNAG,domain of Snail1,The SNAG domain of Snail1,0.6180539
MT2022_2025,W4294992918,177,auto,The,LIM,protein AJUBA recruits,The LIM protein AJUBA recruits,0.56310624
MT2022_2025,W4294992918,178,auto,The,Snail,repressor recruits EZH2,The Snail repressor recruits EZH2,0.6039562
MT2022_2025,W4294992918,179,auto,The,TWIST,/ Mi2 /,The TWIST / Mi2 /,0.71551603
MT2022_2025,W4294992918,180,auto,A,double,- negative feedback,A double - negative feedback,0.7436016
MT2022_2025,W4294992918,181,auto,A,reciprocal,repression between ZEB1,A reciprocal repression between ZEB1,0.5907103
MT2022_2025,W4294992918,182,auto,The,miR,-200 family and,The miR -200 family and,0.7053411
MT2022_2025,W4294992918,183,auto,A,novel,network integrating a,A novel network integrating a,0.76293117
MT2022_2025,W4294992918,184,auto,Double,-,negative feedback loop,Double - negative feedback loop,0.6566876
MT2022_2025,W4294992918,185,auto,Copy,number,gain of ZEB1,Copy number gain of ZEB1,0.5436905
MT2022_2025,W4294992918,186,auto,The,miR,-200 family and,The miR -200 family and,0.7053411
MT2022_2025,W4294992918,187,auto,Inverse,association,between miR -,Inverse association between miR -,0.5048069
MT2022_2025,W4294992918,188,auto,The,putative,tumour suppressor microRNA,The putative tumour suppressor microRNA,0.6519793
MT2022_2025,W4294992918,189,auto,A,long,noncoding RNA activated,A long noncoding RNA activated,0.6312128
MT2022_2025,W4294992918,190,auto,A,regulated,PNUTS mRNA to,A regulated PNUTS mRNA to,0.7378666
MT2022_2025,W4294992918,191,auto,The,imprinted,H19 lncRNA antagonizes,The imprinted H19 lncRNA antagonizes,0.57681215
MT2022_2025,W4294992918,192,auto,The,long,non-coding RNA ET,The long non-coding RNA ET,0.6304392
MT2022_2025,W4294992918,193,auto,Cell,adhesion,and signalling by,Cell adhesion and signalling by,0.6712684
MT2022_2025,W4294992918,194,auto,Defining,the,role of integrin,Defining the role of integrin,0.66264266
MT2022_2025,W4294992918,195,auto,Travel,companions,to metastases M,Travel companions to metastases M,0.7692249
MT2022_2025,W4294992918,196,auto,High,-,throughput labelfree isolation,High - throughput labelfree isolation,0.53051573
MT2022_2025,W4294992918,197,auto,Circulating,tumor,cells as a,Circulating tumor cells as a,0.63640475
MT2022_2025,W4294992918,198,auto,Circulating,breast,tumor cells exhibit,Circulating breast tumor cells exhibit,0.64188975
MT2022_2025,W4294992918,199,auto,The,basics,of epithelial -,The basics of epithelial -,0.70939267
MT2022_2025,W4294992918,200,auto,Tumor,cell,- associated tissue,Tumor cell - associated tissue,0.6571242
MT2022_2025,W4294992918,201,auto,Direct,signaling,between platelets and,Direct signaling between platelets and,0.7935232
MT2022_2025,W4294992918,202,auto,What,we,know and what,What we know and what,0.65720046
MT2022_2025,W4294992918,203,auto,Visualizing,extravasation,dynamics of metastatic,Visualizing extravasation dynamics of metastatic,0.7100021
MT2022_2025,W4294992918,204,auto,Plasticity,between,epithelial and mesenchymal,Plasticity between epithelial and mesenchymal,0.639975
MT2022_2025,W4294992918,205,auto,M,K,Jolly K E,M K Jolly K E,0.73920697
MT2022_2025,W4294992918,206,auto,Transient,SNAIL1,expression is necessary,Transient SNAIL1 expression is necessary,0.6571759
MT2022_2025,W4294992918,207,auto,Breast,tumor,cellspecific knockout of,Breast tumor cellspecific knockout of,0.67979956
MT2022_2025,W4294992918,208,auto,Probing,the,fifty shades of,Probing the fifty shades of,0.65605223
MT2022_2025,W4294992918,209,auto,Upholding,a,role for EMT,Upholding a role for EMT,0.64331406
MT2022_2025,W4294992918,210,auto,Upholding,a,role for EMT,Upholding a role for EMT,0.64331406
MT2022_2025,W4294992918,211,auto,Distinct,EMT,programs control normal,Distinct EMT programs control normal,0.70128787
MT2022_2025,W4294992918,212,auto,Distinct,contributions,of partial and,Distinct contributions of partial and,0.6019229
MT2022_2025,W4294992918,213,auto,Single,-,cell RNA -,Single - cell RNA -,0.6034742
MT2022_2025,W4294992918,214,auto,Single,-,cell transcriptomic analysis,Single - cell transcriptomic analysis,0.55361575
MT2022_2025,W4294992918,215,auto,Coupled,reversible,and irreversible bistable,Coupled reversible and irreversible bistable,0.7456337
MT2022_2025,W4294992918,216,auto,Coupling,the,modules of EMT,Coupling the modules of EMT,0.7414057
MT2022_2025,W4294992918,217,auto,The,E,- cadherin and,The E - cadherin and,0.58312756
MT2022_2025,W4294992918,218,auto,Functional,profiling,of circulating tumor,Functional profiling of circulating tumor,0.7761924
MT2022_2025,W4294992918,219,auto,Interaction,between,circulating cancer cells,Interaction between circulating cancer cells,0.60846084
MT2022_2025,W4294992918,220,auto,En,route,to metastasis :,En route to metastasis :,0.72918075
MT2022_2025,W4294992918,221,auto,The,epithelial,- mesenchymal transition,The epithelial - mesenchymal transition,0.6729111
MT2022_2025,W4294992918,222,auto,The,biology,and role of,The biology and role of,0.71228164
MT2022_2025,W4294992918,223,auto,The,interplay,between epithelialmesenchymal transition,The interplay between epithelialmesenchymal transition,0.6584085
MT2022_2025,W4294992918,224,auto,Neutrophils,escort,circulating tumour cells,Neutrophils escort circulating tumour cells,0.57337505
MT2022_2025,W4294992918,225,auto,Immunological,consequences,of epithelial -,Immunological consequences of epithelial -,0.7363846
MT2022_2025,W4294992918,226,auto,Tumor,-,associated neutrophils induce,Tumor - associated neutrophils induce,0.57162094
MT2022_2025,W4294992918,227,auto,New,insights,into the role,New insights into the role,0.7175151
MT2022_2025,W4294992918,228,auto,The,vicious,cross - talk,The vicious cross - talk,0.6954165
MT2022_2025,W4294992918,229,auto,The,significance,of circulating tumour,The significance of circulating tumour,0.668222
MT2022_2025,W4294992918,230,auto,Are,circulating,tumor cells (,Are circulating tumor cells (,0.706796
MT2022_2025,W4294992918,231,auto,An,overview,of completed and,An overview of completed and,0.57624865
MT2022_2025,W4294992918,232,auto,Circulating,tumor,cell biomarker panel,Circulating tumor cell biomarker panel,0.6977965
MT2022_2025,W4294992918,233,auto,Prognostic,value,of the combination,Prognostic value of the combination,0.67032623
MT2022_2025,W4294992918,234,auto,Circulating,tumor,cells with epithelial,Circulating tumor cells with epithelial,0.7102583
MT2022_2025,W4294992918,235,auto,Matrix,metalloproteinase,1 and circulating,Matrix metalloproteinase 1 and circulating,0.6969273
MT2022_2025,W4294992918,236,auto,The,prognostic,and therapeutic implications,The prognostic and therapeutic implications,0.69461536
MT2022_2025,W4294992918,237,auto,Cancer,stem,cells : mirage,Cancer stem cells : mirage,0.7131554
MT2022_2025,W4294992918,238,auto,Breast,cancer,stem cells transition,Breast cancer stem cells transition,0.68146276
MT2022_2025,W4294992918,239,auto,Unraveling,the,roles of CD44,Unraveling the roles of CD44,0.5476706
MT2022_2025,W4294992918,240,auto,Cancer,stem,cell ( a,Cancer stem cell ( a,0.7566244
MT2022_2025,W4294992918,241,auto,The,cancer,stem cell niche,The cancer stem cell niche,0.6251876
MT2022_2025,W4294992918,242,auto,V,Plaks,N Kong Z,V Plaks N Kong Z,0.67320836
MT2022_2025,W4294992918,243,auto,The,EMT,- activator ZEB1,The EMT - activator ZEB1,0.68781275
MT2022_2025,W4294992918,244,auto,Role,of,"BMI1 , a","Role of BMI1 , a",0.6021274
MT2022_2025,W4294992918,245,auto,The,polycomb,group protein Bmi,The polycomb group protein Bmi,0.748285
MT2022_2025,W4294992918,246,auto,The,ZEB1,/ miR -200,The ZEB1 / miR -200,0.693199
MT2022_2025,W4294992918,247,auto,Notch,signaling,in the tumor,Notch signaling in the tumor,0.71774304
MT2022_2025,W4294992918,248,auto,Linking,EMT,programmes to normal,Linking EMT programmes to normal,0.5423427
MT2022_2025,W4294992918,249,auto,Stem,-,cell - like,Stem - cell - like,0.58480483
MT2022_2025,W4294992918,250,auto,Spatiotemporal,regulation,of epithelial -,Spatiotemporal regulation of epithelial -,0.7353159
MT2022_2025,W4294992918,251,auto,Tracking,and,functional characterization of,Tracking and functional characterization of,0.5653063
MT2022_2025,W4294992918,252,auto,Towards,elucidating,the connection between,Towards elucidating the connection between,0.7339909
MT2022_2025,W4294992918,253,auto,The,EMT,universe : space,The EMT universe : space,0.59648716
MT2022_2025,W4294992918,254,auto,Cancer,metastasis,is accelerated through,Cancer metastasis is accelerated through,0.6749223
MT2022_2025,W4294992918,255,auto,The,immune,checkpoint ligand PD,The immune checkpoint ligand PD,0.7316834
MT2022_2025,W4294992918,256,auto,Epithelial,-,mesenchymal transition is,Epithelial - mesenchymal transition is,0.5836287
MT2022_2025,W4294992918,257,auto,The,Kraken,Wakes : induced,The Kraken Wakes : induced,0.6329115
MT2022_2025,W4294992918,258,auto,Direct,and,indirect regulators of,Direct and indirect regulators of,0.62679255
MT2022_2025,W4294992918,259,auto,Phase,I,evaluation of a,Phase I evaluation of a,0.6474697
MT2022_2025,W4294992918,260,auto,Could,inhibition,of metalloproteinases be,Could inhibition of metalloproteinases be,0.7445357
MT2022_2025,W4294992918,261,auto,J,Alba,R Barcia J,J Alba R Barcia J,0.6453983
MT2022_2025,W4294992918,262,auto,Transforming,growth,factor - beta,Transforming growth factor - beta,0.6074668
MT2022_2025,W4294992918,263,auto,Silencing,of,c - jun,Silencing of c - jun,0.5191526
MT2022_2025,W4294992918,264,auto,Controversies,around,epithelial - mesenchymal,Controversies around epithelial - mesenchymal,0.7281607
MT2022_2025,W4294992918,265,auto,Cancer,drug,resistance induced by,Cancer drug resistance induced by,0.64334446
MT2022_2025,W4294992918,266,auto,Gain,fatlose,metastasis : converting,Gain fatlose metastasis : converting,0.68840307
MT2022_2025,W4294992918,267,auto,Testing,the,gene expression classification,Testing the gene expression classification,0.6695032
MT2022_2025,W4294992918,269,auto,Tinagl1,suppresses,triple - negative,Tinagl1 suppresses triple - negative,0.5235076
MT2022_2025,W4396936983,0,auto,Mitochondrial,dysfunction,: mechanisms and,Mitochondrial dysfunction : mechanisms and,0.74248785
MT2022_2025,W4396936983,1,auto,Department,of,Orthopaedics Shanghai Sixth,Department of Orthopaedics Shanghai Sixth,0.5332426
MT2022_2025,W4396936983,2,auto,Department,of,Orthopaedics Shanghai Sixth,Department of Orthopaedics Shanghai Sixth,0.5332426
MT2022_2025,W4396936983,3,auto,Particularly,",",mitochondrial dysfunctions are,"Particularly , mitochondrial dysfunctions are",0.60075545
MT2022_2025,W4396936983,4,auto,However,",",the multifaceted nature,"However , the multifaceted nature",0.5743573
MT2022_2025,W4396936983,5,auto,Nonetheless,",",these complexities do,"Nonetheless , these complexities do",0.64827275
MT2022_2025,W4396936983,6,auto,In,recent,"years , strategies","In recent years , strategies",0.7348941
MT2022_2025,W4396936983,7,auto,Advanced,intervention,such as using,Advanced intervention such as using,0.68429774
MT2022_2025,W4396936983,8,auto,Mitochondrial,components,", including mtDNA","Mitochondrial components , including mtDNA",0.694256
MT2022_2025,W4396936983,9,auto,Here,",",we review current,"Here , we review current",0.6014853
MT2022_2025,W4396936983,10,auto,We,also,summarize current strategies,We also summarize current strategies,0.57505906
MT2022_2025,W4396936983,11,auto,Finally,",",this review discusses,"Finally , this review discusses",0.6546916
MT2022_2025,W4396936983,13,auto,Over,the,past three decades,Over the past three decades,0.6840913
MT2022_2025,W4396936983,14,auto,47,OVERVIEW,OF MITOCHONDRIAL FUNCTIONS,47 OVERVIEW OF MITOCHONDRIAL FUNCTIONS,0.6731478
MT2022_2025,W4396936983,15,auto,Mitochondria,",",the cell's proverbial,"Mitochondria , the cell's proverbial",0.5573021
MT2022_2025,W4396936983,16,auto,Within,these,pivotal roles lie,Within these pivotal roles lie,0.74576783
MT2022_2025,W4396936983,17,auto,Here,",",we summarize the,"Here , we summarize the",0.66532564
MT2022_2025,W4396936983,18,auto,In,cellular,"architecture , the","In cellular architecture , the",0.62995785
MT2022_2025,W4396936983,19,auto,Central,to,this coordination is,Central to this coordination is,0.6216198
MT2022_2025,W4396936983,20,auto,20,3,Calcium homeostasis Calcium,20 3 Calcium homeostasis Calcium,0.65521896
MT2022_2025,W4396936983,21,auto,Central,to,this role are,Central to this role are,0.6252186
MT2022_2025,W4396936983,22,auto,Sirtuins,serve,as crucial sensors,Sirtuins serve as crucial sensors,0.5108272
MT2022_2025,W4396936983,23,auto,Mitochondrial,sirtuins,( SIRT 3,Mitochondrial sirtuins ( SIRT 3,0.855722
MT2022_2025,W4396936983,24,auto,125,",",126 127 128,"125 , 126 127 128",0.35417122
MT2022_2025,W4396936983,25,auto,Innate,immunity,Innate immune cells,Innate immunity Innate immune cells,0.8522017
MT2022_2025,W4396936983,26,auto,134,135,", 136 137","134 135 , 136 137",0.6701662
MT2022_2025,W4396936983,27,auto,Milestone,of,research history for,Milestone of research history for,0.58411443
MT2022_2025,W4396936983,28,auto,The,historical,narrative of mitochondrial,The historical narrative of mitochondrial,0.7145077
MT2022_2025,W4396936983,29,auto,In,1898,", Benda termed","In 1898 , Benda termed",0.6787009
MT2022_2025,W4396936983,30,auto,184,185,186 [ 187,184 185 186 [ 187,0.8095402
MT2022_2025,W4396936983,31,auto,Clinically,",",merely modulating energy,"Clinically , merely modulating energy",0.5876292
MT2022_2025,W4396936983,32,auto,22,204,205 4 206,22 204 205 4 206,0.82004994
MT2022_2025,W4396936983,33,auto,RET,is,a fundamental mechanism,RET is a fundamental mechanism,0.6532758
MT2022_2025,W4396936983,34,auto,This,reverse,flow leads to,This reverse flow leads to,0.634961
MT2022_2025,W4396936983,35,auto,212,213,"17 , 213","212 213 17 , 213",0.7240192
MT2022_2025,W4396936983,36,auto,Alzheimer's,Disease,( AD ),Alzheimer's Disease ( AD ),0.7309003
MT2022_2025,W4396936983,37,auto,242,[,243 ] [,242 [ 243 ] [,0.8076983
MT2022_2025,W4396936983,38,auto,Aging,is,a complex universe,Aging is a complex universe,0.5507737
MT2022_2025,W4396936983,39,auto,The,spectrum,of mitochondrialrelated aging,The spectrum of mitochondrialrelated aging,0.7185274
MT2022_2025,W4396936983,40,auto,25,",",260 261 262,"25 , 260 261 262",0.4883951
MT2022_2025,W4396936983,41,auto,The,indispensable,involvement of mitochondria,The indispensable involvement of mitochondria,0.6184348
MT2022_2025,W4396936983,42,auto,Insulin,-,resistant individuals exhibit,Insulin - resistant individuals exhibit,0.6063291
MT2022_2025,W4396936983,43,auto,276,287,[ 288 ],276 287 [ 288 ],0.72933114
MT2022_2025,W4396936983,44,auto,Non,-alcoholic,fatty liver disease,Non -alcoholic fatty liver disease,0.6128814
MT2022_2025,W4396936983,45,auto,NAFLD,is,the most prevalent,NAFLD is the most prevalent,0.5520646
MT2022_2025,W4396936983,46,auto,298,299,"300 , 301","298 299 300 , 301",0.76483834
MT2022_2025,W4396936983,47,auto,As,highlighted,"previously , mitochondria","As highlighted previously , mitochondria",0.6369067
MT2022_2025,W4396936983,48,auto,Endogenous,enzymatic,"sources , including","Endogenous enzymatic sources , including",0.7878384
MT2022_2025,W4396936983,49,auto,350,PPMS,primary progressive multiple,350 PPMS primary progressive multiple,0.62956834
MT2022_2025,W4396936983,51,auto,At,the,"downstream spectrum ,","At the downstream spectrum ,",0.7794333
MT2022_2025,W4396936983,52,auto,Among,these,are nuclear respiratory,Among these are nuclear respiratory,0.69856125
MT2022_2025,W4396936983,53,auto,The,estrogen,- related receptors,The estrogen - related receptors,0.7831333
MT2022_2025,W4396936983,54,auto,Other,key,players include the,Other key players include the,0.6743072
MT2022_2025,W4396936983,55,auto,NRs,",",serving as transcription,"NRs , serving as transcription",0.49703428
MT2022_2025,W4396936983,56,auto,They,mediate,gene expression in,They mediate gene expression in,0.63380784
MT2022_2025,W4396936983,57,auto,Several,pharmacological,agents have been,Several pharmacological agents have been,0.67241234
MT2022_2025,W4396936983,58,auto,For,example,", 5 -","For example , 5 -",0.62805367
MT2022_2025,W4396936983,59,auto,AICAR,",",by mimicking the,"AICAR , by mimicking the",0.6030332
MT2022_2025,W4396936983,60,auto,106,",",354 355 356,"106 , 354 355 356",0.49401644
MT2022_2025,W4396936983,61,auto,Targeting,mitochondrial,dynamics .,Targeting mitochondrial dynamics .,0.78177476
MT2022_2025,W4396936983,62,auto,Impaired,dynamics,of mitochondrial fusion,Impaired dynamics of mitochondrial fusion,0.75421435
MT2022_2025,W4396936983,63,auto,360,361,"362 , 363","360 361 362 , 363",0.7982388
MT2022_2025,W4396936983,64,auto,Mitochondrial,transplantation,- a strategy,Mitochondrial transplantation - a strategy,0.7493393
MT2022_2025,W4396936983,65,auto,Mitochondrial,transplantation,refers to the,Mitochondrial transplantation refers to the,0.72407305
MT2022_2025,W4396936983,66,auto,The,basic,process involves isolating,The basic process involves isolating,0.68442
MT2022_2025,W4396936983,67,auto,Until,now,", the application","Until now , the application",0.6843691
MT2022_2025,W4396936983,68,auto,Intervention,targeting,disrupted mitochondria at,Intervention targeting disrupted mitochondria at,0.7092932
MT2022_2025,W4396936983,69,auto,47,",","374 , 388","47 , 374 , 388",0.6544225
MT2022_2025,W4396936983,70,auto,Acute,respiratory,distress syndrome /,Acute respiratory distress syndrome /,0.6722123
MT2022_2025,W4396936983,71,auto,With,decades,of foreshadowing of,With decades of foreshadowing of,0.68947923
MT2022_2025,W4396936983,72,auto,Mitochondrial,dysfunction,is increasingly recognized,Mitochondrial dysfunction is increasingly recognized,0.69502455
MT2022_2025,W4396936983,73,auto,419,420,421 422 423,419 420 421 422 423,0.594106
MT2022_2025,W4396936983,75,auto,Studies,on,other diseases also,Studies on other diseases also,0.514571
MT2022_2025,W4396936983,76,auto,Mitochondrial,medicine,has unfolded a,Mitochondrial medicine has unfolded a,0.7203282
MT2022_2025,W4396936983,77,auto,Historically,",",mitochondrial diseases were,"Historically , mitochondrial diseases were",0.5746711
MT2022_2025,W4396936983,78,auto,1,430,"431 377 ,","1 430 431 377 ,",0.69248575
MT2022_2025,W4396936983,79,auto,The,mitochondrial,transplantation process largely,The mitochondrial transplantation process largely,0.6591803
MT2022_2025,W4396936983,80,auto,However,",",the molecular mechanism,"However , the molecular mechanism",0.5988281
MT2022_2025,W4396936983,81,auto,Several,studies,have suggested versatile,Several studies have suggested versatile,0.64870614
MT2022_2025,W4396936983,82,auto,In,vitro,data showed that,In vitro data showed that,0.6528401
MT2022_2025,W4396936983,83,auto,440,",",441 85 387,"440 , 441 85 387",0.5682735
MT2022_2025,W4396936983,84,auto,The,future,direction of mitochondrial,The future direction of mitochondrial,0.7129514
MT2022_2025,W4396936983,85,auto,As,the,therapeutic landscape for,As the therapeutic landscape for,0.7511024
MT2022_2025,W4396936983,86,auto,The,endeavor,to translate these,The endeavor to translate these,0.6828503
MT2022_2025,W4396936983,88,auto,This,article,is licensed under,This article is licensed under,0.52648616
MT2022_2025,W4396936983,89,auto,The,images,or other third,The images or other third,0.6580559
MT2022_2025,W4396936983,90,auto,If,material,is not included,If material is not included,0.50927806
MT2022_2025,W4396936983,91,auto,To,view,a copy of,To view a copy of,0.6682656
MT2022_2025,W4396936983,92,auto,Increased,free,fatty acids and,Increased free fatty acids and,0.72392505
MT2022_2025,W4396936983,93,auto,No,significant,improvement in VO,No significant improvement in VO,0.6558061
MT2022_2025,W4396936983,94,auto,This,figure,concludes therapeutic effects,This figure concludes therapeutic effects,0.6091084
MT2022_2025,W4396936983,95,auto,The,increased,alterations in boxes,The increased alterations in boxes,0.74581885
MT2022_2025,W4396936983,96,auto,Notably,",",though tissue level,"Notably , though tissue level",0.5649684
MT2022_2025,W4396936983,97,auto,Besides,",",mitochondrial transplantation inhibited,"Besides , mitochondrial transplantation inhibited",0.5999441
MT2022_2025,W4396936983,98,auto,In,carbon,tetrachloride ( CCl,In carbon tetrachloride ( CCl,0.6980572
MT2022_2025,W4396936983,99,auto,On,the,"other hand ,","On the other hand ,",0.7228055
MT2022_2025,W4396936983,100,auto,Mitochondrial,dysfunction,: mechanisms and,Mitochondrial dysfunction : mechanisms and,0.74248797
MT2022_2025,W4396936983,102,auto,This,work,was supported by,This work was supported by,0.5489807
MT2022_2025,W4396936983,103,auto,Yao,Zong,", Hao Li","Yao Zong , Hao Li",0.6796658
MT2022_2025,W4396936983,104,auto,Yao,Zong,", Long Chen","Yao Zong , Long Chen",0.70773286
MT2022_2025,W4396936983,105,auto,Supervision,and,strategic direction were,Supervision and strategic direction were,0.6453823
MT2022_2025,W4396936983,106,auto,Hao,Li,", Delin Liu","Hao Li , Delin Liu",0.5296648
MT2022_2025,W4396936983,107,auto,All,authors,have read and,All authors have read and,0.58490103
MT2022_2025,W4396936983,109,auto,Competing,interests,: The authors,Competing interests : The authors,0.6045942
MT2022_2025,W4396936983,110,auto,Mitochondria,as,a therapeutic target,Mitochondria as a therapeutic target,0.56649274
MT2022_2025,W4396936983,111,auto,The,rise,of mitochondria in,The rise of mitochondria in,0.698321
MT2022_2025,W4396936983,112,auto,Rev,88,2008 Mitochondrial form,Rev 88 2008 Mitochondrial form,0.5439932
MT2022_2025,W4396936983,113,auto,Deep,mitochondrial,origin outside the,Deep mitochondrial origin outside the,0.6692726
MT2022_2025,W4396936983,114,auto,Mitochondrial,function,and phenotype are,Mitochondrial function and phenotype are,0.72521996
MT2022_2025,W4396936983,115,auto,A,mutation,in the tRNALeu,A mutation in the tRNALeu,0.74116653
MT2022_2025,W4396936983,116,auto,Accelerated,expansion,of pathogenic mitochondrial,Accelerated expansion of pathogenic mitochondrial,0.76297086
MT2022_2025,W4396936983,118,auto,Sci,Natl,Acad. Sci 2021,Sci Natl Acad. Sci 2021,0.74325156
MT2022_2025,W4396936983,119,auto,Ischaemic,accumulation,of succinate controls,Ischaemic accumulation of succinate controls,0.78305113
MT2022_2025,W4396936983,120,auto,Rev,102,2022 Mitochondrial dysfunction,Rev 102 2022 Mitochondrial dysfunction,0.5975211
MT2022_2025,W4396936983,121,auto,Mitochondrial,function,as a therapeutic,Mitochondrial function as a therapeutic,0.6138604
MT2022_2025,W4396936983,122,auto,Mitochondrial,dysfunction,in NASH :,Mitochondrial dysfunction in NASH :,0.70148134
MT2022_2025,W4396936983,123,auto,The,NADPARK,study : A,The NADPARK study : A,0.65760934
MT2022_2025,W4396936983,124,auto,A,double,"- blind ,","A double - blind ,",0.7355878
MT2022_2025,W4396936983,125,auto,A,randomised,controlled trial of,A randomised controlled trial of,0.71823454
MT2022_2025,W4396936983,126,auto,The,special,considerations of gene,The special considerations of gene,0.687734
MT2022_2025,W4396936983,127,auto,Med,5,7 2020 Circulating,Med 5 7 2020 Circulating,0.6805624
MT2022_2025,W4396936983,128,auto,The,power,and potential of,The power and potential of,0.6624929
MT2022_2025,W4396936983,129,auto,Packaging,and,transfer of mitochondrial,Packaging and transfer of mitochondrial,0.5604486
MT2022_2025,W4396936983,131,auto,Sci.,USA,114 2017 E9066-E9075,Sci. USA 114 2017 E9066-E9075,0.49298906
MT2022_2025,W4396936983,132,auto,Mesenchymal,stem,cells use extracellular,Mesenchymal stem cells use extracellular,0.7744145
MT2022_2025,W4396936983,133,auto,Cardiovasc,Surg,153 2017,Cardiovasc Surg 153 2017,0.6803836
MT2022_2025,W4396936983,134,auto,Efficient,intervention,for pulmonary fibrosis,Efficient intervention for pulmonary fibrosis,0.66371834
MT2022_2025,W4396936983,135,auto,Autologous,mitochondrial,transplantation for dysfunction,Autologous mitochondrial transplantation for dysfunction,0.61156756
MT2022_2025,W4396936983,136,auto,Cardiovasc,Surg,154 2017,Cardiovasc Surg 154 2017,0.67786986
MT2022_2025,W4396936983,137,auto,Injection,of,isolated mitochondria during,Injection of isolated mitochondria during,0.5993561
MT2022_2025,W4396936983,138,auto,Natl,Acad.,Sci 91 1994,Natl Acad. Sci 91 1994,0.72731954
MT2022_2025,W4396936983,139,auto,Quality,control,of the mitochondrial,Quality control of the mitochondrial,0.64148355
MT2022_2025,W4396936983,140,auto,Cell,24,2013 An Actin,Cell 24 2013 An Actin,0.53041905
MT2022_2025,W4396936983,141,auto,Distinct,fission,signatures predict mitochondrial,Distinct fission signatures predict mitochondrial,0.6996323
MT2022_2025,W4396936983,142,auto,Mol.,Neurodegener,P Ge V,Mol. Neurodegener P Ge V,0.66037107
MT2022_2025,W4396936983,143,auto,Mitochondrial,-,derived vesicles compensate,Mitochondrial - derived vesicles compensate,0.56999594
MT2022_2025,W4396936983,144,auto,Mitochondria,are,secreted in extracellular,Mitochondria are secreted in extracellular,0.64232165
MT2022_2025,W4396936983,145,auto,Biol,20,2010 Ultrastructural Bases,Biol 20 2010 Ultrastructural Bases,0.59512436
MT2022_2025,W4396936983,146,auto,Structure,and,function of mitochondrial,Structure and function of mitochondrial,0.5593776
MT2022_2025,W4396936983,147,auto,Rev,70,1990 Physiopathology of,Rev 70 1990 Physiopathology of,0.52962637
MT2022_2025,W4396936983,148,auto,The,machineries,", regulation and","The machineries , regulation and",0.67478406
MT2022_2025,W4396936983,150,auto,Lipids,1841,2014 Control of,Lipids 1841 2014 Control of,0.60121727
MT2022_2025,W4396936983,151,auto,Mol.,Genet,21 2012,Mol. Genet 21 2012,0.66680014
MT2022_2025,W4396936983,152,auto,Chaperone,-,mediated coupling of,Chaperone - mediated coupling of,0.59645855
MT2022_2025,W4396936983,153,auto,Enhanced,inter,- compartmental Ca2+,Enhanced inter - compartmental Ca2+,0.5906625
MT2022_2025,W4396936983,154,auto,Natl,Acad.,Sci 117 2020,Natl Acad. Sci 117 2020,0.68393844
MT2022_2025,W4396936983,155,auto,Defective,sarcoplasmic,reticulum - mitochondria,Defective sarcoplasmic reticulum - mitochondria,0.8517607
MT2022_2025,W4396936983,157,auto,Acta,(,BBA ) -,Acta ( BBA ) -,0.6556407
MT2022_2025,W4396936983,158,auto,2007,Ca2+,- dependent Control,2007 Ca2+ - dependent Control,0.6404834
MT2022_2025,W4396936983,159,auto,Chem,281,2006 Mitochondrial dynamics,Chem 281 2006 Mitochondrial dynamics,0.57685506
MT2022_2025,W4396936983,160,auto,Is,an,Essential Gatekeeper for,Is an Essential Gatekeeper for,0.5731543
MT2022_2025,W4396936983,161,auto,Is,an,Essential Component of,Is an Essential Component of,0.6070386
MT2022_2025,W4396936983,162,auto,The,mitochondrial,calcium uniporter is,The mitochondrial calcium uniporter is,0.65928113
MT2022_2025,W4396936983,163,auto,The,mitochondrial,Na+ / Ca2,The mitochondrial Na+ / Ca2,0.6290634
MT2022_2025,W4396936983,164,auto,Sci,Natl.,Acad .,Sci Natl. Acad .,0.89938444
MT2022_2025,W4396936983,165,auto,Sci,2013,110 AMP -,Sci 2013 110 AMP -,0.6982273
MT2022_2025,W4396936983,166,auto,Natl,Acad.,Sci 108 2011,Natl Acad. Sci 108 2011,0.7053425
MT2022_2025,W4396936983,169,auto,Heat,shock,protein 22 modulates,Heat shock protein 22 modulates,0.7477806
MT2022_2025,W4396936983,170,auto,Ampk,phosphorylation,of Ulk1 is,Ampk phosphorylation of Ulk1 is,0.67876834
MT2022_2025,W4396936983,171,auto,Commun,8,548 2017 AMPK,Commun 8 548 2017 AMPK,0.6194576
MT2022_2025,W4396936983,172,auto,The,AMPK,- MFN2 axis,The AMPK - MFN2 axis,0.70857424
MT2022_2025,W4396936983,173,auto,Chem,281,2006 mTOR coordinates,Chem 281 2006 mTOR coordinates,0.65772706
MT2022_2025,W4396936983,174,auto,Sci,106,2009 FOXK1 promotes,Sci 106 2009 FOXK1 promotes,0.6082081
MT2022_2025,W4396936983,176,auto,Sci,110,"2013 SIRT3 ,","Sci 110 2013 SIRT3 ,",0.5136293
MT2022_2025,W4396936983,178,auto,Sci,Natl,Acad. Sci 2002,Sci Natl Acad. Sci 2002,0.76139945
MT2022_2025,W4396936983,179,auto,Cell,16,2005 Mitochondrial Sirtuin,Cell 16 2005 Mitochondrial Sirtuin,0.4898526
MT2022_2025,W4396936983,180,auto,Sirtuin,3,deficiency promotes acute,Sirtuin 3 deficiency promotes acute,0.58004856
MT2022_2025,W4396936983,181,auto,J.,Basic,Me ́d. Sci,J. Basic Me ́d. Sci,0.6743892
MT2022_2025,W4396936983,182,auto,Investig,125,2015 SIRT3 Deacetylates,Investig 125 2015 SIRT3 Deacetylates,0.52227247
MT2022_2025,W4396936983,183,auto,Biol,34,2014 AdipoRon mitigates,Biol 34 2014 AdipoRon mitigates,0.5153149
MT2022_2025,W4396936983,184,auto,Evolution,and,Revolution in Immunology,Evolution and Revolution in Immunology,0.5470495
MT2022_2025,W4396936983,185,auto,Biol,54,1989 Mitochondrial control,Biol 54 1989 Mitochondrial control,0.4844589
MT2022_2025,W4396936983,186,auto,Mitochondrial,-,derived damage -,Mitochondrial - derived damage -,0.66646135
MT2022_2025,W4396936983,187,auto,Sin,43,2022 Structural mechanism,Sin 43 2022 Structural mechanism,0.5246763
MT2022_2025,W4396936983,188,auto,The,cGAS,- STING pathway,The cGAS - STING pathway,0.71665776
MT2022_2025,W4396936983,189,auto,Rev.,Immunol,21 2021 DAMP,Rev. Immunol 21 2021 DAMP,0.64737004
MT2022_2025,W4396936983,190,auto,Signaling,in,Acute Kidney Injury,Signaling in Acute Kidney Injury,0.52010053
MT2022_2025,W4396936983,191,auto,Oxidized,DNA,fragments exit mitochondria,Oxidized DNA fragments exit mitochondria,0.77501416
MT2022_2025,W4396936983,192,auto,Mitophagy,curtails,cytosolic mtDNA -,Mitophagy curtails cytosolic mtDNA -,0.65683246
MT2022_2025,W4396936983,193,auto,The,NLRP3,inflammasome : molecular,The NLRP3 inflammasome : molecular,0.6146825
MT2022_2025,W4396936983,194,auto,Autophagy,proteins,regulate innate immune,Autophagy proteins regulate innate immune,0.66886127
MT2022_2025,W4396936983,196,auto,A,role,for mitochondria in,A role for mitochondria in,0.6688747
MT2022_2025,W4396936983,197,auto,New,mitochondrial,DNA synthesis enables,New mitochondrial DNA synthesis enables,0.65569043
MT2022_2025,W4396936983,198,auto,Is,Required,for Nlrp3 Inflammasome,Is Required for Nlrp3 Inflammasome,0.64283067
MT2022_2025,W4396936983,199,auto,The,molecular,structure of the,The molecular structure of the,0.7321477
MT2022_2025,W4396936983,200,auto,Natl,Acad.,Sci 102 2005,Natl Acad. Sci 102 2005,0.6787464
MT2022_2025,W4396936983,201,auto,Hepatocyte,mitochondrial,DNA drives nonalcoholic,Hepatocyte mitochondrial DNA drives nonalcoholic,0.65153617
MT2022_2025,W4396936983,202,auto,Invest,126,2016 Mitochondrial DNA,Invest 126 2016 Mitochondrial DNA,0.5871111
MT2022_2025,W4396936983,203,auto,Activation,of,cell - free,Activation of cell - free,0.5814106
MT2022_2025,W4396936983,204,auto,Psychiatry,28,2023 PINK1 drives,Psychiatry 28 2023 PINK1 drives,0.5587368
MT2022_2025,W4396936983,206,auto,Mitochondrial,DNA,in innate immune,Mitochondrial DNA in innate immune,0.7620317
MT2022_2025,W4396936983,207,auto,Mitochondrial,DNA,that escapes from,Mitochondrial DNA that escapes from,0.6976189
MT2022_2025,W4396936983,208,auto,Sci.,Rep,6 22579 2016,Sci. Rep 6 22579 2016,0.54136384
MT2022_2025,W4396936983,209,auto,Chem,277,"2002 Smac ,","Chem 277 2002 Smac ,",0.5987683
MT2022_2025,W4396936983,210,auto,An,interconnected,hierarchical model of,An interconnected hierarchical model of,0.68454766
MT2022_2025,W4396936983,211,auto,Chem,286,2011 Apoptotic Caspases,Chem 286 2011 Apoptotic Caspases,0.58955324
MT2022_2025,W4396936983,212,auto,Apoptotic,stress,causes mtDNA release,Apoptotic stress causes mtDNA release,0.80198246
MT2022_2025,W4396936983,213,auto,Studies,on,cell structure by,Studies on cell structure by,0.610289
MT2022_2025,W4396936983,214,auto,The,preparation,and properties of,The preparation and properties of,0.7324914
MT2022_2025,W4396936983,215,auto,Cytochemical,studies,of mammalian tissues,Cytochemical studies of mammalian tissues,0.6102187
MT2022_2025,W4396936983,216,auto,Chem,172,1948 Intracellular distribution,Chem 172 1948 Intracellular distribution,0.62572646
MT2022_2025,W4396936983,217,auto,Chem,183,1950 The Isolation,Chem 183 1950 The Isolation,0.6262368
MT2022_2025,W4396936983,218,auto,Cytochem,1,1953 Oxidation Of,Cytochem 1 1953 Oxidation Of,0.56561714
MT2022_2025,W4396936983,219,auto,Chem,179,1949 Coupling of,Chem 179 1949 Coupling of,0.6158884
MT2022_2025,W4396936983,220,auto,Investig,41,1962 Leigh's encephalomyelopathy,Investig 41 1962 Leigh's encephalomyelopathy,0.5094689
MT2022_2025,W4396936983,222,auto,Psychiatry,84,936 2013 Inherited,Psychiatry 84 936 2013 Inherited,0.57126576
MT2022_2025,W4396936983,223,auto,The,immunology,of stroke :,The immunology of stroke :,0.65674514
MT2022_2025,W4396936983,224,auto,Is,an,HIF - 1,Is an HIF - 1,0.55928326
MT2022_2025,W4396936983,225,auto,Chem,283,2008 Mitochondrial Biogenesis,Chem 283 2008 Mitochondrial Biogenesis,0.595543
MT2022_2025,W4396936983,226,auto,Reperfusion,injury,and reactive oxygen,Reperfusion injury and reactive oxygen,0.65458816
MT2022_2025,W4396936983,227,auto,Mitochondrial,generation,of superoxide and,Mitochondrial generation of superoxide and,0.7490083
MT2022_2025,W4396936983,228,auto,Free,Radic,M D Brand,Free Radic M D Brand,0.68838036
MT2022_2025,W4396936983,229,auto,19,2020,Mitochondrial dysfunction and,19 2020 Mitochondrial dysfunction and,0.5426641
MT2022_2025,W4396936983,230,auto,Is,a,Synaptic Failure D,Is a Synaptic Failure D,0.72462857
MT2022_2025,W4396936983,231,auto,History,and,progress of hypotheses,History and progress of hypotheses,0.5738816
MT2022_2025,W4396936983,232,auto,Target,Ther,4 29 2019,Target Ther 4 29 2019,0.68192345
MT2022_2025,W4396936983,233,auto,Accumulation,of,amyloid precursor protein,Accumulation of amyloid precursor protein,0.5661529
MT2022_2025,W4396936983,234,auto,Hypotheses,63,2004 Mitophagy inhibits,Hypotheses 63 2004 Mitophagy inhibits,0.5400753
MT2022_2025,W4396936983,235,auto,Enhancing,mitochondrial,proteostasis reduces amyloid,Enhancing mitochondrial proteostasis reduces amyloid,0.699694
MT2022_2025,W4396936983,236,auto,Mutation,in,the α -,Mutation in the α -,0.5927911
MT2022_2025,W4396936983,238,auto,Mutations,in,the parkin gene,Mutations in the parkin gene,0.5064514
MT2022_2025,W4396936983,239,auto,High,levels,of mitochondrial DNA,High levels of mitochondrial DNA,0.671781
MT2022_2025,W4396936983,240,auto,Cellular,α-,synuclein pathology is,Cellular α- synuclein pathology is,0.6916436
MT2022_2025,W4396936983,241,auto,Mol.,Genet,28 38 2019,Mol. Genet 28 38 2019,0.6714816
MT2022_2025,W4396936983,242,auto,Proteotoxic,stress,and inducible chaperone,Proteotoxic stress and inducible chaperone,0.81724375
MT2022_2025,W4396936983,244,auto,Med,8,2016 α -,Med 8 2016 α -,0.6146771
MT2022_2025,W4396936983,245,auto,Commun,9,2293 2018,Commun 9 2293 2018,0.65757376
MT2022_2025,W4396936983,246,auto,Genetic,reduction,of mitochondrial complex,Genetic reduction of mitochondrial complex,0.7068187
MT2022_2025,W4396936983,247,auto,Aging,36,2015 Disruption of,Aging 36 2015 Disruption of,0.49722835
MT2022_2025,W4396936983,248,auto,Premature,ageing,in mice expressing,Premature ageing in mice expressing,0.63780624
MT2022_2025,W4396936983,249,auto,Sci,91,1994 Extension of,Sci 91 1994 Extension of,0.6303759
MT2022_2025,W4396936983,250,auto,Mitochondrial,dysfunction,and longevity in,Mitochondrial dysfunction and longevity in,0.6965392
MT2022_2025,W4396936983,251,auto,Genom,16,2003 Deletion of,Genom 16 2003 Deletion of,0.5084612
MT2022_2025,W4396936983,252,auto,Mitochondrial,function,and lifespan of,Mitochondrial function and lifespan of,0.6792639
MT2022_2025,W4396936983,253,auto,The,multifaceted,contributions of mitochondria,The multifaceted contributions of mitochondria,0.7117624
MT2022_2025,W4396936983,254,auto,A,Consensus,Statement from the,A Consensus Statement from the,0.71150255
MT2022_2025,W4396936983,255,auto,Med,23,2006 The Metabolic,Med 23 2006 The Metabolic,0.5000985
MT2022_2025,W4396936983,256,auto,Mitochondrial,oxidative,stress and the,Mitochondrial oxidative stress and the,0.68844265
MT2022_2025,W4396936983,257,auto,Mitochondrial,biogenesis,in the metabolic,Mitochondrial biogenesis in the metabolic,0.7604634
MT2022_2025,W4396936983,258,auto,Mitochondrial,dysfunction,and oxidative stress,Mitochondrial dysfunction and oxidative stress,0.65415704
MT2022_2025,W4396936983,259,auto,Mitochondrial,dynamics,in type 2,Mitochondrial dynamics in type 2,0.7508954
MT2022_2025,W4396936983,260,auto,Skeletal,muscle,mitochondria as a,Skeletal muscle mitochondria as a,0.67417186
MT2022_2025,W4396936983,262,auto,Role,of,diacylglycerol activation of,Role of diacylglycerol activation of,0.5985911
MT2022_2025,W4396936983,264,auto,Sci,111,2014 Effects of,Sci 111 2014 Effects of,0.61724705
MT2022_2025,W4396936983,265,auto,Invest,103,1999 Lipid -,Invest 103 1999 Lipid -,0.59519553
MT2022_2025,W4396936983,266,auto,Intracellular,localization,of diacylglycerols and,Intracellular localization of diacylglycerols and,0.6600278
MT2022_2025,W4396936983,267,auto,Investig,119,2009 Mitochondrial -,Investig 119 2009 Mitochondrial -,0.62909436
MT2022_2025,W4396936983,268,auto,Global,burden,of NAFLD and,Global burden of NAFLD and,0.7099465
MT2022_2025,W4396936983,269,auto,Hepatol,15,2018 The Sweet,Hepatol 15 2018 The Sweet,0.4162844
MT2022_2025,W4396936983,270,auto,The,role,of skeletal muscle,The role of skeletal muscle,0.65272915
MT2022_2025,W4396936983,272,auto,Sci,Natl,Acad. Sci 2007,Sci Natl Acad. Sci 2007,0.758618
MT2022_2025,W4396936983,274,auto,Mitochondrial,alterations,in fatty liver,Mitochondrial alterations in fatty liver,0.7775907
MT2022_2025,W4396936983,275,auto,Mitochondrial,dysfunction,precedes insulin resistance,Mitochondrial dysfunction precedes insulin resistance,0.7015233
MT2022_2025,W4396936983,276,auto,Individual,dietary,intervention in adult,Individual dietary intervention in adult,0.6945588
MT2022_2025,W4396936983,277,auto,Feeding,mitochondria,: Potential role,Feeding mitochondria : Potential role,0.6679421
MT2022_2025,W4396936983,278,auto,Nutr,38,2019 Mitochondrial Dysfunction,Nutr 38 2019 Mitochondrial Dysfunction,0.51488256
MT2022_2025,W4396936983,279,auto,Micronutrient,deficiencies,in heart failure,Micronutrient deficiencies in heart failure,0.6761412
MT2022_2025,W4396936983,280,auto,N,Bomer,J. Intern .,N Bomer J. Intern .,0.56332797
MT2022_2025,W4396936983,281,auto,Med,291,"2022 Dysphagia ,","Med 291 2022 Dysphagia ,",0.7064483
MT2022_2025,W4396936983,282,auto,Creatine,metabolism,: energy homeostasis,Creatine metabolism : energy homeostasis,0.805957
MT2022_2025,W4396936983,284,auto,Interact,163,2006 Ketone bodies,Interact 163 2006 Ketone bodies,0.6286724
MT2022_2025,W4396936983,285,auto,Ketones,block,amyloid entry and,Ketones block amyloid entry and,0.66398275
MT2022_2025,W4396936983,286,auto,Aging,39,2016 D -β-,Aging 39 2016 D -β-,0.47195768
MT2022_2025,W4396936983,288,auto,The,addition,of ketone bodies,The addition of ketone bodies,0.6754717
MT2022_2025,W4396936983,290,auto,Acta,(,BBA ) -,Acta ( BBA ) -,0.65564084
MT2022_2025,W4396936983,291,auto,The,failing,heart utilizes 3,The failing heart utilizes 3,0.7178627
MT2022_2025,W4396936983,292,auto,The,ketogenic,diet component decanoic,The ketogenic diet component decanoic,0.7865833
MT2022_2025,W4396936983,294,auto,Ther,6,54 2021 Patient,Ther 6 54 2021 Patient,0.6862898
MT2022_2025,W4396936983,295,auto,Med,19,2017 ROS and,Med 19 2017 ROS and,0.5244149
MT2022_2025,W4396936983,296,auto,Free,Radic,S Cadenas Bio,Free Radic S Cadenas Bio,0.6789385
MT2022_2025,W4396936983,297,auto,The,emergent,role of mitochondrial,The emergent role of mitochondrial,0.6824705
MT2022_2025,W4396936983,298,auto,The,role,of mitochondrial ROS,The role of mitochondrial ROS,0.6307792
MT2022_2025,W4396936983,299,auto,An,old,medicine as a,An old medicine as a,0.5721834
MT2022_2025,W4396936983,300,auto,Defining,the,mechanism of action,Defining the mechanism of action,0.68425715
MT2022_2025,W4396936983,301,auto,Chem,294,2019 OP 2113,Chem 294 2019 OP 2113,0.6527067
MT2022_2025,W4396936983,302,auto,Glutathione,:,A redox signature,Glutathione : A redox signature,0.55856895
MT2022_2025,W4396936983,303,auto,Effectiveness,of,idebenone nanorod formulations,Effectiveness of idebenone nanorod formulations,0.63066643
MT2022_2025,W4396936983,304,auto,Release,336,2021 Mitochondrial Permeability,Release 336 2021 Mitochondrial Permeability,0.6166078
MT2022_2025,W4396936983,305,auto,Sci,40,2019 Repairing Mitochondrial,Sci 40 2019 Repairing Mitochondrial,0.53730774
MT2022_2025,W4396936983,306,auto,Delivery,of,bioactive molecules to,Delivery of bioactive molecules to,0.62615836
MT2022_2025,W4396936983,309,auto,Targeting,lipophilic,cations to mitochondria,Targeting lipophilic cations to mitochondria,0.61990124
MT2022_2025,W4396936983,311,auto,Lipidol,20,2009 Screening for,Lipidol 20 2009 Screening for,0.48907623
MT2022_2025,W4396936983,312,auto,A,novel,direct adenosine monophosphate,A novel direct adenosine monophosphate,0.6587192
MT2022_2025,W4396936983,314,auto,Res.,Commun,388 2009,Res. Commun 388 2009,0.6694834
MT2022_2025,W4396936983,315,auto,Resveratrol,induces,expression of the,Resveratrol induces expression of the,0.60092485
MT2022_2025,W4396936983,316,auto,-,Cell,Physiol 307 2014,- Cell Physiol 307 2014,0.63463503
MT2022_2025,W4396936983,317,auto,Mol.,Genet,21 2012 Mitochondrial,Mol. Genet 21 2012 Mitochondrial,0.6948366
MT2022_2025,W4396936983,318,auto,Is,a,Reversible Mitochondrial Complex,Is a Reversible Mitochondrial Complex,0.6388708
MT2022_2025,W4396936983,319,auto,Controlledrelease,mitochondrial,protonophore reverses diabetes,Controlledrelease mitochondrial protonophore reverses diabetes,0.6536294
MT2022_2025,W4396936983,320,auto,Safety,and,efficacy of once,Safety and efficacy of once,0.58406085
MT2022_2025,W4396936983,322,auto,Transplantation,of,autologously derived mitochondria,Transplantation of autologously derived mitochondria,0.5715869
MT2022_2025,W4396936983,323,auto,Alda,-,1 treatment promotes,Alda - 1 treatment promotes,0.5459664
MT2022_2025,W4396936983,324,auto,Mater,6,2021 Mitochondrial transplantation,Mater 6 2021 Mitochondrial transplantation,0.640799
MT2022_2025,W4396936983,325,auto,Mitochondrial,transplantation,ameliorates acute limb,Mitochondrial transplantation ameliorates acute limb,0.73314244
MT2022_2025,W4396936983,326,auto,Transplantation,of,platelet - derived,Transplantation of platelet - derived,0.50673294
MT2022_2025,W4396936983,327,auto,Sci,134,2020 Allogeneic /,Sci 134 2020 Allogeneic /,0.6345458
MT2022_2025,W4396936983,328,auto,Intravenous,administration,of mitochondria for,Intravenous administration of mitochondria for,0.6488346
MT2022_2025,W4396936983,330,auto,Psychiatry,93,2019 Platelet Mitochondria,Psychiatry 93 2019 Platelet Mitochondria,0.59119153
MT2022_2025,W4396936983,331,auto,Mitochondria,transplantation,protects traumatic brain,Mitochondria transplantation protects traumatic brain,0.79010874
MT2022_2025,W4396936983,332,auto,Res,235,2021 AdMSC -,Res 235 2021 AdMSC -,0.67879355
MT2022_2025,W4396936983,333,auto,The,effect,of mitochondrial transplantation,The effect of mitochondrial transplantation,0.6441839
MT2022_2025,W4396936983,335,auto,Endocytosis,-,mediated mitochondrial transplantation,Endocytosis - mediated mitochondrial transplantation,0.53121537
MT2022_2025,W4396936983,336,auto,How,mitochondria,produce reactive oxygen,How mitochondria produce reactive oxygen,0.63926315
MT2022_2025,W4396936983,337,auto,Current,progress,of mitochondrial transplantation,Current progress of mitochondrial transplantation,0.6900271
MT2022_2025,W4396936983,338,auto,Intranasal,delivery,of mitochondria for,Intranasal delivery of mitochondria for,0.7034564
MT2022_2025,W4396936983,340,auto,Improvement,of,cognitive and motor,Improvement of cognitive and motor,0.53737015
MT2022_2025,W4396936983,341,auto,Sci,16,2020 Mitochondrial transplantation,Sci 16 2020 Mitochondrial transplantation,0.5091441
MT2022_2025,W4396936983,342,auto,Ageing,Dev,202 111632 2022,Ageing Dev 202 111632 2022,0.6717621
MT2022_2025,W4396936983,343,auto,Redox,Sign,31 2019,Redox Sign 31 2019,0.7054235
MT2022_2025,W4396936983,344,auto,The,interplay,of hypoxic and,The interplay of hypoxic and,0.67364854
MT2022_2025,W4396936983,345,auto,Biobehav,Rev,138 104718 2022,Biobehav Rev 138 104718 2022,0.672629
MT2022_2025,W4396936983,346,auto,Nasal,administration,of mitochondria reverses,Nasal administration of mitochondria reverses,0.61548185
MT2022_2025,W4396936983,347,auto,A,D,Ciaula Int J.,A D Ciaula Int J.,0.63739216
MT2022_2025,W4396936983,348,auto,Sci.,Heal,Part C 25,Sci. Heal Part C 25,0.63600326
MT2022_2025,W4396936983,349,auto,Mitochondrial,transplantation,therapy inhibit carbon,Mitochondrial transplantation therapy inhibit carbon,0.78638166
MT2022_2025,W4396936983,351,auto,Med,6,10209 2020,Med 6 10209 2020,0.65023726
MT2022_2025,W4396936983,352,auto,Treatment,of,acetaminophen - induced,Treatment of acetaminophen - induced,0.5623506
MT2022_2025,W4396936983,353,auto,Res,196,2018 Fifty Years,Res 196 2018 Fifty Years,0.66744196
MT2022_2025,W4396936983,354,auto,Cell,-,based Therapy for,Cell - based Therapy for,0.5807623
MT2022_2025,W4396936983,355,auto,Biology,and,Potential Therapeutic Value,Biology and Potential Therapeutic Value,0.5370217
MT2022_2025,W4396936983,356,auto,Mesenchymal,stromal,cells and their,Mesenchymal stromal cells and their,0.67188454
MT2022_2025,W4396936983,357,auto,M,Muraca,J. Control Release,M Muraca J. Control Release,0.673417
MT2022_2025,W4396936983,358,auto,Mesenchymal,stem,cells enhance recovery,Mesenchymal stem cells enhance recovery,0.7577652
MT2022_2025,W4396936983,359,auto,Mitochondrial,transfer,from bone -,Mitochondrial transfer from bone -,0.71388566
MT2022_2025,W4396936983,360,auto,Med,18,2012 Mesenchymal stromal,Med 18 2012 Mesenchymal stromal,0.44949397
MT2022_2025,W4396936983,361,auto,Ohio,34,2016 Mesenchymal Stromal,Ohio 34 2016 Mesenchymal Stromal,0.5253739
MT2022_2025,W4396936983,362,auto,Mitochondria,focused,neurotherapeutics for spinal,Mitochondria focused neurotherapeutics for spinal,0.6108138
MT2022_2025,W4396936983,363,auto,Mater,32,2024 Platelets Facilitate,Mater 32 2024 Platelets Facilitate,0.5388652
MT2022_2025,W4396936983,364,auto,Alleviates,NASH,via Reducing mROS,Alleviates NASH via Reducing mROS,0.711084
MT2022_2025,W4396936983,365,auto,Power,of,mitochondrial drug delivery,Power of mitochondrial drug delivery,0.5571883
MT2022_2025,W4396936983,366,auto,Mitochondrial,transplantation,therapy for ischemia,Mitochondrial transplantation therapy for ischemia,0.74412894
MT2022_2025,W4396936983,367,auto,Med,19,214 2021 Mitochondria,Med 19 214 2021 Mitochondria,0.5990466
MT2022_2025,W4396936983,368,auto,A,plant,- derived natural,A plant - derived natural,0.66283035
MT2022_2025,W4396936983,369,auto,Intercellular,mitochondria,trafficking highlighting the,Intercellular mitochondria trafficking highlighting the,0.6718965
MT2022_2025,W4396936983,370,auto,Mitochondrial,transplantation,for organ rescue,Mitochondrial transplantation for organ rescue,0.78197116
MT2022_2025,W4396936983,371,auto,Actin,-,dependent mitochondrial internalization,Actin - dependent mitochondrial internalization,0.51773477
MT2022_2025,W4396936983,372,auto,Open,4,2015 Internalization of,Open 4 2015 Internalization of,0.67777723
MT2022_2025,W4396936983,373,auto,Cytotoxic,stress,induces transfer of,Cytotoxic stress induces transfer of,0.7579779
MT2022_2025,W4396936983,374,auto,A,guide,to studying mitochondria,A guide to studying mitochondria,0.6416332
MT2022_2025,W4396936983,375,auto,Muscle,-,derived autologous mitochondrial,Muscle - derived autologous mitochondrial,0.59153396
MT2022_2025,W4396936983,376,auto,Brain,Res,356 2019 Mitochondrial,Brain Res 356 2019 Mitochondrial,0.6382862
MT2022_2025,W4396936983,377,auto,Extracellular,vesicles,derived from mesenchymal,Extracellular vesicles derived from mesenchymal,0.7060547
MT2022_2025,W4282015487,0,auto,The,Journal,of Clinical Investigation,The Journal of Clinical Investigation,0.6985796
MT2022_2025,W4282015487,1,auto,The,Journal,of Clinical Investigation,The Journal of Clinical Investigation,0.6985796
MT2022_2025,W4282015487,2,auto,GROBID,-,A machine learning,GROBID - A machine learning,0.6053891
MT2022_2025,W4282015487,3,auto,At,the,"transcriptional level ,","At the transcriptional level ,",0.72425693
MT2022_2025,W4282015487,4,auto,HIFs,modulate,the balance between,HIFs modulate the balance between,0.6469936
MT2022_2025,W4282015487,5,auto,The,critical,role of the,The critical role of the,0.71308047
MT2022_2025,W4282015487,6,auto,Cancer,cells,co-opt this homeostatic,Cancer cells co-opt this homeostatic,0.5877257
MT2022_2025,W4282015487,7,auto,HIFs,activate,the transcription of,HIFs activate the transcription of,0.639025
MT2022_2025,W4282015487,8,auto,In,this,"Review , the","In this Review , the",0.7435944
MT2022_2025,W4282015487,9,auto,The,current,status and future,The current status and future,0.652755
MT2022_2025,W4282015487,10,auto,mutations,in,VHL that cause,mutations in VHL that cause,0.51611996
MT2022_2025,W4282015487,11,auto,Loss,of,function for other,Loss of function for other,0.62282443
MT2022_2025,W4282015487,12,auto,HIFs,activate,the expression of,HIFs activate the expression of,0.66565406
MT2022_2025,W4282015487,13,auto,HIF,-,1 plays a,HIF - 1 plays a,0.574118
MT2022_2025,W4282015487,14,auto,The,age,- related impairment,The age - related impairment,0.705237
MT2022_2025,W4282015487,15,auto,The,most,dramatic example of,The most dramatic example of,0.7059537
MT2022_2025,W4282015487,16,auto,Instead,",",HIF - 1α,"Instead , HIF - 1α",0.5073814
MT2022_2025,W4282015487,17,auto,When,used,as the terminal,When used as the terminal,0.6475111
MT2022_2025,W4282015487,18,auto,However,",",this process must,"However , this process must",0.5996269
MT2022_2025,W4282015487,19,auto,Under,such,"circumstances , there","Under such circumstances , there",0.7269001
MT2022_2025,W4282015487,20,auto,In,fact,", all three","In fact , all three",0.6236679
MT2022_2025,W4282015487,21,auto,The,most,draconian measure employed,The most draconian measure employed,0.6582314
MT2022_2025,W4282015487,22,auto,However,",",analysis of mouse,"However , analysis of mouse",0.58467484
MT2022_2025,W4282015487,23,auto,Unlike,wild,- type cells,Unlike wild - type cells,0.67991203
MT2022_2025,W4282015487,24,auto,Cancer,cells,degrade and modify,Cancer cells degrade and modify,0.6405984
MT2022_2025,W4282015487,25,auto,A,critical,step in cancer,A critical step in cancer,0.5473146
MT2022_2025,W4282015487,26,auto,Many,HIF,target genes contribute,Many HIF target genes contribute,0.65286803
MT2022_2025,W4282015487,27,auto,Cell,motility,is triggered by,Cell motility is triggered by,0.7174155
MT2022_2025,W4282015487,28,auto,In,addition,to the multiple,In addition to the multiple,0.6100455
MT2022_2025,W4282015487,29,auto,These,studies,have revealed the,These studies have revealed the,0.6618289
MT2022_2025,W4282015487,30,auto,A,striking,implication is that,A striking implication is that,0.66266435
MT2022_2025,W4282015487,31,auto,Similarly,",",CSCs born in,"Similarly , CSCs born in",0.62120956
MT2022_2025,W4282015487,32,auto,Thus,",",it is likely,"Thus , it is likely",0.648784
MT2022_2025,W4282015487,33,auto,A,corollary,of this conclusion,A corollary of this conclusion,0.6367333
MT2022_2025,W4282015487,34,auto,Finally,",",it should be,"Finally , it should be",0.5639923
MT2022_2025,W4282015487,35,auto,Cancer,stem,cells ( CSCs,Cancer stem cells ( CSCs,0.72622734
MT2022_2025,W4282015487,36,auto,In,breast,"cancer , exposure","In breast cancer , exposure",0.71379405
MT2022_2025,W4282015487,37,auto,The,Journal,of Clinical Investigation,The Journal of Clinical Investigation,0.6985795
MT2022_2025,W4282015487,38,auto,In,order,for a cancer,In order for a cancer,0.7026751
MT2022_2025,W4282015487,39,auto,Cancer,cells,reprogram the tumor,Cancer cells reprogram the tumor,0.6354378
MT2022_2025,W4282015487,40,auto,TNBC,cells,that survive cytotoxic,TNBC cells that survive cytotoxic,0.7015933
MT2022_2025,W4282015487,41,auto,HIF,target,genes that are,HIF target genes that are,0.65481216
MT2022_2025,W4282015487,42,auto,Genes,that,promote oxidative metabolism,Genes that promote oxidative metabolism,0.6558246
MT2022_2025,W4282015487,43,auto,Figure,2,. 2 Figure,Figure 2 . 2 Figure,0.71372426
MT2022_2025,W4282015487,44,auto,HIF,target,genes are denoted,HIF target genes are denoted,0.6862469
MT2022_2025,W4282015487,45,auto,Proteins,that,inhibit NANOG expression,Proteins that inhibit NANOG expression,0.6192409
MT2022_2025,W4282015487,46,auto,Arrows,and,blocked arrows indicate,Arrows and blocked arrows indicate,0.66636986
MT2022_2025,W4282015487,47,auto,Ado,",",adenosine ; Cu,"Ado , adenosine ; Cu",0.57171714
MT2022_2025,W4282015487,48,auto,Figure,3,. 3 Figure,Figure 3 . 3 Figure,0.7413477
MT2022_2025,W4282015487,49,auto,HIF,activity,in cancer cells,HIF activity in cancer cells,0.67631143
MT2022_2025,W4282015487,50,auto,Acknowledgments,GLS,is an American,Acknowledgments GLS is an American,0.6282554
MT2022_2025,W4282015487,51,auto,Work,in,GLS's laboratory Armstrong,Work in GLS's laboratory Armstrong,0.5244402
MT2022_2025,W4282015487,52,auto,The,Journal,of Clinical Investigation,The Journal of Clinical Investigation,0.6985795
MT2022_2025,W4282015487,53,auto,The,effect,of oxygen on,The effect of oxygen on,0.706138
MT2022_2025,W4282015487,55,auto,Comparison,of,tumor and normal,Comparison of tumor and normal,0.6255753
MT2022_2025,W4282015487,56,auto,Oxygenation,status,of malignant tumors,Oxygenation status of malignant tumors,0.6607084
MT2022_2025,W4282015487,57,auto,Breakthrough,science,: hypoxiainducible factors,Breakthrough science : hypoxiainducible factors,0.7183749
MT2022_2025,W4282015487,58,auto,10.1182/blood.2021011043,Blood,139 16 2022,10.1182/blood.2021011043 Blood 139 16 2022,0.4835575
MT2022_2025,W4282015487,59,auto,Hypoxia,pathway,proteins are master,Hypoxia pathway proteins are master,0.64886373
MT2022_2025,W4282015487,60,auto,Hypoxia,-,inducible factor -,Hypoxia - inducible factor -,0.5434543
MT2022_2025,W4282015487,61,auto,10.1093/cvr/cvq045,Cardiovasc,Res 86 2,10.1093/cvr/cvq045 Cardiovasc Res 86 2,0.555247
MT2022_2025,W4282015487,62,auto,Histone,citrullination,by PADI4 is,Histone citrullination by PADI4 is,0.70807576
MT2022_2025,W4282015487,63,auto,Hypoxia,response,elements in the,Hypoxia response elements in the,0.6113461
MT2022_2025,W4282015487,64,auto,Integrated,analysis,of microRNA and,Integrated analysis of microRNA and,0.7024817
MT2022_2025,W4282015487,65,auto,10.1186/1476-4598-13-28,Mol,Cancer 13 28,10.1186/1476-4598-13-28 Mol Cancer 13 28,0.42213473
MT2022_2025,W4282015487,66,auto,The,regulation,of transcriptional repression,The regulation of transcriptional repression,0.8190169
MT2022_2025,W4282015487,67,auto,10.1016/j.yexcr.2017.02.024,Exp,Cell Res 356,10.1016/j.yexcr.2017.02.024 Exp Cell Res 356,0.41618627
MT2022_2025,W4282015487,68,auto,High,-,resolution genome -,High - resolution genome -,0.5916772
MT2022_2025,W4282015487,69,auto,Hypoxia,induces,the breast cancer,Hypoxia induces the breast cancer,0.6417985
MT2022_2025,W4282015487,70,auto,The,genomics,and genetics of,The genomics and genetics of,0.718177
MT2022_2025,W4282015487,71,auto,Autosomal,dominant,erythrocytosis and pulmonary,Autosomal dominant erythrocytosis and pulmonary,0.6874036
MT2022_2025,W4282015487,72,auto,Thrombotic,risk,in congenital erythrocytosis,Thrombotic risk in congenital erythrocytosis,0.6624577
MT2022_2025,W4282015487,73,auto,105,3,2020 Effects of,105 3 2020 Effects of,0.7007452
MT2022_2025,W4282015487,74,auto,Detection,and,characterization of tumor,Detection and characterization of tumor,0.5313055
MT2022_2025,W4282015487,75,auto,Levels,of,hypoxia - inducible,Levels of hypoxia - inducible,0.5184826
MT2022_2025,W4282015487,76,auto,The,histological,structure of some,The histological structure of some,0.6582843
MT2022_2025,W4282015487,77,auto,Expression,of,hypoxiainducible factor -,Expression of hypoxiainducible factor -,0.5189032
MT2022_2025,W4282015487,78,auto,Overexpression,of,hypoxia - inducible,Overexpression of hypoxia - inducible,0.4729287
MT2022_2025,W4282015487,79,auto,Modulation,of,hypoxia - inducible,Modulation of hypoxia - inducible,0.51021373
MT2022_2025,W4282015487,80,auto,Role,of,hypoxia - inducible,Role of hypoxia - inducible,0.5067669
MT2022_2025,W4282015487,81,auto,10.1016/j.trecan.2016.10.016,Trends,Cancer 2 12,10.1016/j.trecan.2016.10.016 Trends Cancer 2 12,0.3810473
MT2022_2025,W4282015487,82,auto,Intratumoral,hypoxia,and mechanisms of,Intratumoral hypoxia and mechanisms of,0.6859452
MT2022_2025,W4282015487,83,auto,Hypoxia,-,inducible factors promoter,Hypoxia - inducible factors promoter,0.53088343
MT2022_2025,W4282015487,84,auto,Improving,cancer,immunotherapy by targeting,Improving cancer immunotherapy by targeting,0.6863709
MT2022_2025,W4282015487,85,auto,Hypoxic,control,of metastasis E,Hypoxic control of metastasis E,0.77475137
MT2022_2025,W4282015487,86,auto,The,hypoxic,tumor microenvironment :,The hypoxic tumor microenvironment :,0.6326491
MT2022_2025,W4282015487,87,auto,Acriflavine,inhibits,HIF - 1,Acriflavine inhibits HIF - 1,0.5795488
MT2022_2025,W4282015487,88,auto,Accelerated,metastasis,after shortterm treatment,Accelerated metastasis after shortterm treatment,0.6997161
MT2022_2025,W4282015487,89,auto,Anti-angiogenic,therapy,elicits malignant progression,Anti-angiogenic therapy elicits malignant progression,0.6838153
MT2022_2025,W4282015487,90,auto,10.1016/j.ccr.2009.01.027,Cancer,Cell 15 3,10.1016/j.ccr.2009.01.027 Cancer Cell 15 3,0.42701635
MT2022_2025,W4282015487,91,auto,Maintenance,of,redox homeostasis by,Maintenance of redox homeostasis by,0.5870937
MT2022_2025,W4282015487,92,auto,10.1016/j.redox.2017.05.022,Redox,Biol 13 2017,10.1016/j.redox.2017.05.022 Redox Biol 13 2017,0.36016002
MT2022_2025,W4282015487,93,auto,Inhibition,of,lactate dehydrogenase A,Inhibition of lactate dehydrogenase A,0.58049715
MT2022_2025,W4282015487,94,auto,Mitochondrial,autophagy,is an HIF,Mitochondrial autophagy is an HIF,0.7121996
MT2022_2025,W4282015487,95,auto,Hypoxia,-,induced autophagy is,Hypoxia - induced autophagy is,0.5198125
MT2022_2025,W4282015487,96,auto,Induction,of,mitochondrial NDU -,Induction of mitochondrial NDU -,0.6280674
MT2022_2025,W4282015487,97,auto,10.1016/j.cell.2007.01.047,Cell,129 1 2007,10.1016/j.cell.2007.01.047 Cell 129 1 2007,0.3988515
MT2022_2025,W4282015487,98,auto,Hypoxic,regulation,of glutamine metabolism,Hypoxic regulation of glutamine metabolism,0.7970946
MT2022_2025,W4282015487,99,auto,Glucose,utilization,via glycogen phosphorylase,Glucose utilization via glycogen phosphorylase,0.64845043
MT2022_2025,W4282015487,100,auto,Biomarkers,for,epithelial - mesenchymal,Biomarkers for epithelial - mesenchymal,0.5804804
MT2022_2025,W4282015487,101,auto,2015,Int,J Mol Sci,2015 Int J Mol Sci,0.6136648
MT2022_2025,W4282015487,102,auto,The,TWIST1,oncogene is a,The TWIST1 oncogene is a,0.73950785
MT2022_2025,W4282015487,103,auto,Hypoxia,enhances,migration and invasion,Hypoxia enhances migration and invasion,0.58626723
MT2022_2025,W4282015487,104,auto,Hypoxia,stimulates,the epithelial -,Hypoxia stimulates the epithelial -,0.6938867
MT2022_2025,W4282015487,105,auto,Mouse,snail,is a target,Mouse snail is a target,0.67789066
MT2022_2025,W4282015487,106,auto,Neddylation,blockade,induces HIF -,Neddylation blockade induces HIF -,0.5838782
MT2022_2025,W4282015487,107,auto,Direct,regulation,of TWIST by,Direct regulation of TWIST by,0.74828947
MT2022_2025,W4282015487,108,auto,Signaling,from,Rho to the,Signaling from Rho to the,0.54634154
MT2022_2025,W4282015487,109,auto,The,actin,cytoskeleton in cancer,The actin cytoskeleton in cancer,0.65470654
MT2022_2025,W4282015487,110,auto,Hypoxia,-,inducible factors mediate,Hypoxia - inducible factors mediate,0.54853725
MT2022_2025,W4282015487,111,auto,The,matrix,in cancer T,The matrix in cancer T,0.6105991
MT2022_2025,W4282015487,112,auto,Concepts,of,extracellular matrix remodelling,Concepts of extracellular matrix remodelling,0.50479627
MT2022_2025,W4282015487,113,auto,Multi-omics,analysis,reveals contextual tumor,Multi-omics analysis reveals contextual tumor,0.5252314
MT2022_2025,W4282015487,114,auto,Genetic,evidence,of a precisely,Genetic evidence of a precisely,0.7177966
MT2022_2025,W4282015487,115,auto,Transcriptional,regulation,of vascular endothelial,Transcriptional regulation of vascular endothelial,0.7258283
MT2022_2025,W4282015487,116,auto,The,TIP60,complex is a,The TIP60 complex is a,0.6605666
MT2022_2025,W4282015487,117,auto,Lysyl,oxidase,is essential for,Lysyl oxidase is essential for,0.6278641
MT2022_2025,W4282015487,118,auto,Collagen,prolyl,hydroxylases are essential,Collagen prolyl hydroxylases are essential,0.67350054
MT2022_2025,W4282015487,119,auto,Procollagen,lysyl,hydroxylase 2 is,Procollagen lysyl hydroxylase 2 is,0.6597372
MT2022_2025,W4282015487,120,auto,10.1158/1541-7786.MCR,-12-0629,Mol Cancer Res,10.1158/1541-7786.MCR -12-0629 Mol Cancer Res,0.55221045
MT2022_2025,W4282015487,121,auto,Oxygen,tension,regulates the expression,Oxygen tension regulates the expression,0.7143834
MT2022_2025,W4282015487,122,auto,The,lysyl,oxidases LOX and,The lysyl oxidases LOX and,0.74183154
MT2022_2025,W4282015487,123,auto,Hypoxia,-,inducible factor 1,Hypoxia - inducible factor 1,0.52163833
MT2022_2025,W4282015487,124,auto,Hypoxia,-,induced lysyl oxidase,Hypoxia - induced lysyl oxidase,0.5692637
MT2022_2025,W4282015487,125,auto,Digoxin,and,other cardiac glycosides,Digoxin and other cardiac glycosides,0.55035466
MT2022_2025,W4282015487,126,auto,Inhibitors,of,hypoxia - inducible,Inhibitors of hypoxia - inducible,0.47228962
MT2022_2025,W4282015487,127,auto,Hypoxia,-,inducible factor regulates,Hypoxia - inducible factor regulates,0.51801074
MT2022_2025,W4282015487,128,auto,Hypoxia,selectively,enhances integrin α,Hypoxia selectively enhances integrin α,0.63817996
MT2022_2025,W4282015487,129,auto,Leukocyte,adhesion,during hypoxia is,Leukocyte adhesion during hypoxia is,0.7235905
MT2022_2025,W4282015487,130,auto,Dynamic,change,of chromatin conformation,Dynamic change of chromatin conformation,0.6947338
MT2022_2025,W4282015487,131,auto,Iron,deficiency,modifies gene expression,Iron deficiency modifies gene expression,0.7139439
MT2022_2025,W4282015487,132,auto,Hypoxia,-,inducible factor 1,Hypoxia - inducible factor 1,0.52163833
MT2022_2025,W4282015487,133,auto,A,cell,initiating human acute,A cell initiating human acute,0.68141496
MT2022_2025,W4282015487,134,auto,Octamer,4,small interfering RNA,Octamer 4 small interfering RNA,0.5302269
MT2022_2025,W4282015487,135,auto,Emerging,role,of NANOG in,Emerging role of NANOG in,0.5995276
MT2022_2025,W4282015487,136,auto,Antiangiogenic,agents,increase breast cancer,Antiangiogenic agents increase breast cancer,0.6933904
MT2022_2025,W4282015487,137,auto,Hypoxia,-,inducible factor 1,Hypoxia - inducible factor 1,0.52163833
MT2022_2025,W4282015487,138,auto,Hypoxia,-,inducible factors are,Hypoxia - inducible factors are,0.5309664
MT2022_2025,W4282015487,139,auto,Residual,breast,cancers after conventional,Residual breast cancers after conventional,0.64063627
MT2022_2025,W4282015487,140,auto,Hypoxia,-,inducible factor 1,Hypoxia - inducible factor 1,0.52163833
MT2022_2025,W4282015487,141,auto,Chemotherapy,-,induced S100A10 recruits,Chemotherapy - induced S100A10 recruits,0.47173616
MT2022_2025,W4282015487,142,auto,Hypoxia,-,inducible factors regulate,Hypoxia - inducible factors regulate,0.539573
MT2022_2025,W4282015487,143,auto,Telomeres,and,telomerase in normal,Telomeres and telomerase in normal,0.57072955
MT2022_2025,W4282015487,144,auto,Lett,584,17 2010,Lett 584 17 2010,0.646743
MT2022_2025,W4282015487,145,auto,Identification,of,a population of,Identification of a population of,0.6935736
MT2022_2025,W4282015487,146,auto,Hypoxia,promotes,invasive growth by,Hypoxia promotes invasive growth by,0.63392687
MT2022_2025,W4282015487,147,auto,Immunosuppressive,networks,in the tumor,Immunosuppressive networks in the tumor,0.64369655
MT2022_2025,W4282015487,148,auto,Overcoming,hypoxia,- mediated tumor,Overcoming hypoxia - mediated tumor,0.70066893
MT2022_2025,W4282015487,149,auto,Metabolic,competition,in the tumor,Metabolic competition in the tumor,0.71572644
MT2022_2025,W4282015487,150,auto,Inhibitory,effect,of tumor cellderived,Inhibitory effect of tumor cellderived,0.65386575
MT2022_2025,W4282015487,151,auto,Upregulated,glucose,metabolism correlates inversely,Upregulated glucose metabolism correlates inversely,0.7614873
MT2022_2025,W4282015487,152,auto,C,H,Ottensmeier 10.1158/0008-5472.CAN -15-3121,C H Ottensmeier 10.1158/0008-5472.CAN -15-3121,0.554135
MT2022_2025,W4282015487,153,auto,T,-,cell infiltration and,T - cell infiltration and,0.49964043
MT2022_2025,W4282015487,154,auto,10.1158/0008-5472.CAN,-15-3121,Cancer Res 76,10.1158/0008-5472.CAN -15-3121 Cancer Res 76,0.522213
MT2022_2025,W4282015487,155,auto,Hypoxia,supports,differentiation of terminally,Hypoxia supports differentiation of terminally,0.58236897
MT2022_2025,W4282015487,156,auto,Hypoxia,-,inducible factor activity,Hypoxia - inducible factor activity,0.5272514
MT2022_2025,W4282015487,157,auto,T,cells,I Liikanen 10.1172/JCI143729,T cells I Liikanen 10.1172/JCI143729,0.47658542
MT2022_2025,W4282015487,158,auto,Antihypoxic,oxygenation,agents with respiratory,Antihypoxic oxygenation agents with respiratory,0.675566
MT2022_2025,W4282015487,159,auto,10.1172/JCI137554,J,Clin Invest 130,10.1172/JCI137554 J Clin Invest 130,0.49692142
MT2022_2025,W4282015487,160,auto,Targeted,hypoxia,reduction restores T,Targeted hypoxia reduction restores T,0.76091164
MT2022_2025,W4282015487,161,auto,Chemotherapy,induces,enrichment of CD47,Chemotherapy induces enrichment of CD47,0.6296409
MT2022_2025,W4282015487,162,auto,10.1016/j.celrep.2020.108073,Cell,Rep 32 8,10.1016/j.celrep.2020.108073 Cell Rep 32 8,0.44905147
MT2022_2025,W4282015487,163,auto,Pharmacologic,targeting,of hypoxia -,Pharmacologic targeting of hypoxia -,0.75189424
MT2022_2025,W4282015487,164,auto,Annu,Rev,Pharmacol Toxicol 59,Annu Rev Pharmacol Toxicol 59,0.6898856
MT2022_2025,W4282015487,165,auto,Echinomycin,",",a small -,"Echinomycin , a small -",0.5567269
MT2022_2025,W4282015487,166,auto,Ganetespib,blocks,HIF - 1,Ganetespib blocks HIF - 1,0.59639317
MT2022_2025,W4282015487,167,auto,Antitumor,activity,and pharmacodynamic properties,Antitumor activity and pharmacodynamic properties,0.68008935
MT2022_2025,W4282015487,168,auto,Targeting,renal,cell carcinoma with,Targeting renal cell carcinoma with,0.68307316
MT2022_2025,W4282015487,169,auto,On,-,target efficiency of,On - target efficiency of,0.6928889
MT2022_2025,W4282015487,170,auto,A,small,- molecule antagonist,A small - molecule antagonist,0.6640852
MT2022_2025,W4282015487,171,auto,Inhibition,of,hypoxiainducible factor -,Inhibition of hypoxiainducible factor -,0.49793106
MT2022_2025,W4282015487,172,auto,Phase,I,dose - escalation,Phase I dose - escalation,0.5697573
MT2022_2025,W4282015487,173,auto,Therapeutic,effects,of inhibition of,Therapeutic effects of inhibition of,0.69594866
MT2022_2025,W4282015487,174,auto,Structural,integration,in hypoxia -,Structural integration in hypoxia -,0.7442508
MT2022_2025,W4282015487,175,auto,Introducing,immunotherapy,for advanced hepatocellular,Introducing immunotherapy for advanced hepatocellular,0.7486863
MT2022_2025,W4282015487,176,auto,E,Lai,10.1016/j.critrevonc.2020.103167 Crit Rev,E Lai 10.1016/j.critrevonc.2020.103167 Crit Rev,0.42253625
MT2022_2025,W4282015487,177,auto,Defining,normoxia,", physoxia ,","Defining normoxia , physoxia ,",0.67965144
MT2022_2025,W4282015487,178,auto,Protein,expression,of hypoxia -,Protein expression of hypoxia -,0.7441835
MT2022_2025,W4283799942,0,auto,Advances,and,Trends in Omics,Advances and Trends in Omics,0.55609614
MT2022_2025,W4283799942,1,auto,This,article,was submitted to,This article was submitted to,0.64736426
MT2022_2025,W4283799942,2,auto,The,human,history has witnessed,The human history has witnessed,0.70952034
MT2022_2025,W4283799942,3,auto,Yet,",",the ever -,"Yet , the ever -",0.5725168
MT2022_2025,W4283799942,4,auto,This,renders,cell omics seemingly,This renders cell omics seemingly,0.6324325
MT2022_2025,W4283799942,5,auto,Therefore,",",it is imperative,"Therefore , it is imperative",0.6532925
MT2022_2025,W4283799942,6,auto,With,a,focus on the,With a focus on the,0.67216486
MT2022_2025,W4283799942,7,auto,We,predict,", among others","We predict , among others",0.58335966
MT2022_2025,W4283799942,8,auto,INTRODUCTION,"""","OMICS , ""","INTRODUCTION "" OMICS , """,0.7443814
MT2022_2025,W4283799942,9,auto,In,other,"words , ""","In other words , """,0.6297537
MT2022_2025,W4283799942,10,auto,The,concept,of dissecting complex,The concept of dissecting complex,0.7427813
MT2022_2025,W4283799942,11,auto,Ever,since,the establishment of,Ever since the establishment of,0.6916683
MT2022_2025,W4283799942,12,auto,Following,the,"central dogma ,","Following the central dogma ,",0.75513774
MT2022_2025,W4283799942,13,auto,While,we,are running close,While we are running close,0.6609017
MT2022_2025,W4283799942,14,auto,It,is,", thus ,","It is , thus ,",0.6425068
MT2022_2025,W4283799942,15,auto,Focusing,on,the four big,Focusing on the four big,0.5593464
MT2022_2025,W4283799942,16,auto,TECHNOLOGY,-,BASED OMICS,TECHNOLOGY - BASED OMICS,0.62952054
MT2022_2025,W4283799942,17,auto,Sequencing,and,mass spectrometry (,Sequencing and mass spectrometry (,0.56695795
MT2022_2025,W4283799942,18,auto,While,sequencing,- based approaches,While sequencing - based approaches,0.7026983
MT2022_2025,W4283799942,19,auto,The,development,from DNA microarray,The development from DNA microarray,0.7515588
MT2022_2025,W4283799942,20,auto,It,is,worth mentioning that,It is worth mentioning that,0.6378494
MT2022_2025,W4283799942,21,auto,(,3,) The first,( 3 ) The first,0.6854924
MT2022_2025,W4283799942,22,auto,•,High,cost and low,• High cost and low,0.74459577
MT2022_2025,W4283799942,23,auto,The,average,single reading accuracy,The average single reading accuracy,0.7793846
MT2022_2025,W4283799942,24,auto,(,),Microelectrophoretic • Low,( ) Microelectrophoretic • Low,0.6322242
MT2022_2025,W4283799942,25,auto,(,3,) 3 Sequencing,( 3 ) 3 Sequencing,0.7521009
MT2022_2025,W4283799942,26,auto,•,A,single sample must,• A single sample must,0.6875484
MT2022_2025,W4283799942,27,auto,Real,-,time observation of,Real - time observation of,0.67590815
MT2022_2025,W4283799942,28,auto,(,),23 MiGS •,( ) 23 MiGS •,0.78910136
MT2022_2025,W4283799942,29,auto,The,description,of methylation is,The description of methylation is,0.72398794
MT2022_2025,W4283799942,30,auto,(,),24 Epitranscriptomics Enzyme,( ) 24 Epitranscriptomics Enzyme,0.7027306
MT2022_2025,W4283799942,31,auto,•,RNA,was folded in,• RNA was folded in,0.74828744
MT2022_2025,W4283799942,32,auto,FragSeq,•,Simple and fast,FragSeq • Simple and fast,0.5300665
MT2022_2025,W4283799942,33,auto,•,Introns,and lowly expressed,• Introns and lowly expressed,0.7434757
MT2022_2025,W4283799942,34,auto,•,Limited,to the analysis,• Limited to the analysis,0.63078964
MT2022_2025,W4283799942,35,auto,•,Limited,to the analysis,• Limited to the analysis,0.63078964
MT2022_2025,W4283799942,36,auto,(,),25 DMS -,( ) 25 DMS -,0.7964383
MT2022_2025,W4283799942,37,auto,•,Limited,to the analysis,• Limited to the analysis,0.63078964
MT2022_2025,W4283799942,38,auto,(,),25 Chemical -,( ) 25 Chemical -,0.81503856
MT2022_2025,W4283799942,39,auto,•,Uses,DMS to methylate,• Uses DMS to methylate,0.6452726
MT2022_2025,W4283799942,40,auto,(,25,) SHAPE -,( 25 ) SHAPE -,0.5024276
MT2022_2025,W4283799942,41,auto,•,Length,of the RNA,• Length of the RNA,0.6825673
MT2022_2025,W4283799942,42,auto,(,),( Continued ),( ) ( Continued ),0.68565476
MT2022_2025,W4283799942,43,auto,•,Loses,RNA duplexes that,• Loses RNA duplexes that,0.67837685
MT2022_2025,W4283799942,44,auto,(,),25 RIP -,( ) 25 RIP -,0.7891547
MT2022_2025,W4283799942,45,auto,The,washing,conditions are quite,The washing conditions are quite,0.683427
MT2022_2025,W4283799942,46,auto,(,),29 LAIC -,( ) 29 LAIC -,0.7816269
MT2022_2025,W4283799942,47,auto,•,Losing,the positional information,• Losing the positional information,0.6765882
MT2022_2025,W4283799942,48,auto,miCLIP,-,seq • M6A,miCLIP - seq • M6A,0.6352054
MT2022_2025,W4283799942,49,auto,The,method,is dependent on,The method is dependent on,0.54699636
MT2022_2025,W4283799942,50,auto,(,),29 m1A -,( ) 29 m1A -,0.775908
MT2022_2025,W4283799942,51,auto,•,Large,sample size is,• Large sample size is,0.6774747
MT2022_2025,W4283799942,52,auto,m7G-MeRIP,-,seq • Precisely,m7G-MeRIP - seq • Precisely,0.7170601
MT2022_2025,W4283799942,53,auto,The,mild,chemical reactions for,The mild chemical reactions for,0.65423954
MT2022_2025,W4283799942,54,auto,RNA,BisSeq,• Can accurately,RNA BisSeq • Can accurately,0.72419405
MT2022_2025,W4283799942,55,auto,It,may,be disturbed by,It may be disturbed by,0.6930068
MT2022_2025,W4283799942,56,auto,(,),29 MAZTER -,( ) 29 MAZTER -,0.7935176
MT2022_2025,W4283799942,57,auto,•,Allows,quantification of only,• Allows quantification of only,0.68875533
MT2022_2025,W4283799942,58,auto,Is,not,entirely exclusive to,Is not entirely exclusive to,0.7212451
MT2022_2025,W4283799942,59,auto,It,can,only identify ∼,It can only identify ∼,0.64875823
MT2022_2025,W4283799942,60,auto,•,Requires,large amount of,• Requires large amount of,0.7378748
MT2022_2025,W4283799942,61,auto,(,30,) Epiproteomics Microsequencing,( 30 ) Epiproteomics Microsequencing,0.5557329
MT2022_2025,W4283799942,62,auto,Time,-,consuming and requires,Time - consuming and requires,0.6083975
MT2022_2025,W4283799942,63,auto,(,),( Continued ),( ) ( Continued ),0.6856548
MT2022_2025,W4283799942,64,auto,It,is,an error -,It is an error -,0.70145273
MT2022_2025,W4283799942,65,auto,•,Usually,restricted to permeabilized,• Usually restricted to permeabilized,0.79174316
MT2022_2025,W4283799942,66,auto,•,Sequencing,errors may occur,• Sequencing errors may occur,0.68238515
MT2022_2025,W4283799942,67,auto,•,False,positive identification will,• False positive identification will,0.69179875
MT2022_2025,W4283799942,69,auto,Tilling,the,entire transcript with,Tilling the entire transcript with,0.7443258
MT2022_2025,W4283799942,70,auto,•,Requires,a large number,• Requires a large number,0.6722684
MT2022_2025,W4283799942,71,auto,ChAR,-,seq • Many,ChAR - seq • Many,0.64330906
MT2022_2025,W4283799942,73,auto,Only,sequencing,reads that cover,Only sequencing reads that cover,0.65406984
MT2022_2025,W4283799942,74,auto,GRID,-,seq • Many,GRID - seq • Many,0.64306897
MT2022_2025,W4283799942,75,auto,The,informative,sequence lengths on,The informative sequence lengths on,0.65206975
MT2022_2025,W4283799942,76,auto,(,),25 RNA -,( ) 25 RNA -,0.79936814
MT2022_2025,W4283799942,77,auto,•,Requires,prior knowledge of,• Requires prior knowledge of,0.7104076
MT2022_2025,W4283799942,78,auto,(,25,) PARIS •,( 25 ) PARIS •,0.5781744
MT2022_2025,W4283799942,79,auto,•,4,'- Aminomethyl trioxsalen,• 4 '- Aminomethyl trioxsalen,0.62481415
MT2022_2025,W4283799942,80,auto,(,),( Continued ),( ) ( Continued ),0.6856548
MT2022_2025,W4283799942,81,auto,•,Psoralen,preferentially crosslinks pyrimidine,• Psoralen preferentially crosslinks pyrimidine,0.7367137
MT2022_2025,W4283799942,82,auto,(,LIGR,- seq •,( LIGR - seq •,0.6936819
MT2022_2025,W4283799942,83,auto,•,AMT,preferentially crosslinks pyrimidine,• AMT preferentially crosslinks pyrimidine,0.7354942
MT2022_2025,W4283799942,84,auto,(,),25 DNA -,( ) 25 DNA -,0.79915416
MT2022_2025,W4283799942,85,auto,The,higher,the analyte concentration,The higher the analyte concentration,0.64222664
MT2022_2025,W4283799942,87,auto,The,analysis,is quantitative .,The analysis is quantitative .,0.69159585
MT2022_2025,W4283799942,88,auto,•,Less,sensitive than a,• Less sensitive than a,0.7652896
MT2022_2025,W4283799942,89,auto,Unlike,genome,", transcriptome is","Unlike genome , transcriptome is",0.7173871
MT2022_2025,W4283799942,90,auto,It,is,subjected to alterations,It is subjected to alterations,0.63630646
MT2022_2025,W4283799942,91,auto,Traditional,transcriptome,refers to mRNA,Traditional transcriptome refers to mRNA,0.6937873
MT2022_2025,W4283799942,92,auto,Transcriptomics,techniques,aim to detect,Transcriptomics techniques aim to detect,0.6893041
MT2022_2025,W4283799942,93,auto,RNA,microarrays,can be used,RNA microarrays can be used,0.6914946
MT2022_2025,W4283799942,94,auto,Leveraged,by,the establishment of,Leveraged by the establishment of,0.60130686
MT2022_2025,W4283799942,95,auto,Similar,to,"DNA sequencing ,","Similar to DNA sequencing ,",0.59818685
MT2022_2025,W4283799942,96,auto,Aided,with,the RNA sequencing,Aided with the RNA sequencing,0.61849964
MT2022_2025,W4283799942,97,auto,In,addition,to the whole,In addition to the whole,0.592473
MT2022_2025,W4283799942,98,auto,These,techniques,include tag -,These techniques include tag -,0.74251974
MT2022_2025,W4283799942,99,auto,Small,non-coding,RNAs such as,Small non-coding RNAs such as,0.6875984
MT2022_2025,W4283799942,100,auto,Methods,capable,of separating them,Methods capable of separating them,0.6097199
MT2022_2025,W4283799942,101,auto,These,approaches,share similar protocols,These approaches share similar protocols,0.6713171
MT2022_2025,W4283799942,102,auto,Transcriptomic,sequencing,approaches have been,Transcriptomic sequencing approaches have been,0.63421416
MT2022_2025,W4283799942,103,auto,In,Hi,"-C , a","In Hi -C , a",0.70626163
MT2022_2025,W4283799942,104,auto,Whole,genome,bisulfite sequencing represents,Whole genome bisulfite sequencing represents,0.6016241
MT2022_2025,W4283799942,105,auto,MBD,-,isolated genome sequencing,MBD - isolated genome sequencing,0.57031983
MT2022_2025,W4283799942,106,auto,Long,-,read sequencing technologies,Long - read sequencing technologies,0.55318654
MT2022_2025,W4283799942,107,auto,PacBio,SMRT,", which monitors","PacBio SMRT , which monitors",0.6341931
MT2022_2025,W4283799942,108,auto,While,chemical,modifications on RNA,While chemical modifications on RNA,0.66056216
MT2022_2025,W4283799942,109,auto,The,13,chemical modifications identified,The 13 chemical modifications identified,0.5275632
MT2022_2025,W4283799942,110,auto,Capadjacent,nucleotide,modifications typically regulate,Capadjacent nucleotide modifications typically regulate,0.68368673
MT2022_2025,W4283799942,111,auto,As,the,abundance of mRNA,As the abundance of mRNA,0.6714363
MT2022_2025,W4283799942,112,auto,This,has,catalyzed the generation,This has catalyzed the generation,0.5945909
MT2022_2025,W4283799942,113,auto,The,most,prevalent approach is,The most prevalent approach is,0.70719105
MT2022_2025,W4283799942,114,auto,For,instance,", RNA bisulfite","For instance , RNA bisulfite",0.6583066
MT2022_2025,W4283799942,115,auto,The,diversity,", flexibility and","The diversity , flexibility and",0.6393339
MT2022_2025,W4283799942,116,auto,Methodologies,developed,for probing RNA,Methodologies developed for probing RNA,0.5609416
MT2022_2025,W4283799942,117,auto,Methods,for,characterizing such interactions,Methods for characterizing such interactions,0.63509214
MT2022_2025,W4283799942,118,auto,The,pervasive,transcription of the,The pervasive transcription of the,0.62653977
MT2022_2025,W4283799942,119,auto,Despite,our,limited knowledge regarding,Despite our limited knowledge regarding,0.5931756
MT2022_2025,W4283799942,120,auto,The,dynamic,"combination , competition","The dynamic combination , competition",0.7680363
MT2022_2025,W4283799942,121,auto,Many,experimental,techniques have been,Many experimental techniques have been,0.6531193
MT2022_2025,W4283799942,122,auto,High,-,throughput sequencing of,High - throughput sequencing of,0.58247703
MT2022_2025,W4283799942,123,auto,MS,measures,charged molecules based,MS measures charged molecules based,0.54449034
MT2022_2025,W4283799942,124,auto,One,significant,advance brought by,One significant advance brought by,0.6445833
MT2022_2025,W4283799942,125,auto,The,advent,of the highresolution,The advent of the highresolution,0.6853393
MT2022_2025,W4283799942,126,auto,There,are,several types of,There are several types of,0.666558
MT2022_2025,W4283799942,127,auto,These,include,high - resolution,These include high - resolution,0.56736374
MT2022_2025,W4283799942,128,auto,One,critical,benefit of using,One critical benefit of using,0.7232898
MT2022_2025,W4283799942,129,auto,Also,",",peptides can be,"Also , peptides can be",0.65209794
MT2022_2025,W4283799942,130,auto,LC,-,MS has been,LC - MS has been,0.6249049
MT2022_2025,W4283799942,131,auto,Proteome,interrogation,has diverse applications,Proteome interrogation has diverse applications,0.6728412
MT2022_2025,W4283799942,132,auto,Metabolites,have,been demonstrated to,Metabolites have been demonstrated to,0.57938296
MT2022_2025,W4283799942,133,auto,Metabolome,is,referred to as,Metabolome is referred to as,0.5464278
MT2022_2025,W4283799942,134,auto,Methods,for,metabolome interrogation include,Methods for metabolome interrogation include,0.59843177
MT2022_2025,W4283799942,135,auto,However,",",these approaches do,"However , these approaches do",0.58362883
MT2022_2025,W4283799942,136,auto,While,targeted,metabolomics addresses specific,While targeted metabolomics addresses specific,0.7510577
MT2022_2025,W4283799942,137,auto,In,these,"approaches , total","In these approaches , total",0.70428026
MT2022_2025,W4283799942,138,auto,While,histone,constitutes as an,While histone constitutes as an,0.66841006
MT2022_2025,W4283799942,139,auto,The,"""",top - down,"The "" top - down",0.7022204
MT2022_2025,W4283799942,140,auto,Peptide,digests,are typically enriched,Peptide digests are typically enriched,0.7446567
MT2022_2025,W4283799942,141,auto,The,earliest,high - throughput,The earliest high - throughput,0.68128276
MT2022_2025,W4283799942,142,auto,Proteins,of,interest are immobilized,Proteins of interest are immobilized,0.6045512
MT2022_2025,W4283799942,143,auto,This,technique,relies on the,This technique relies on the,0.6231394
MT2022_2025,W4283799942,144,auto,This,recent,technology can characterize,This recent technology can characterize,0.6856005
MT2022_2025,W4283799942,145,auto,Proteinmetabolite,interactions,are prevalent in,Proteinmetabolite interactions are prevalent in,0.6722505
MT2022_2025,W4283799942,146,auto,Through,interrogating,the protein -,Through interrogating the protein -,0.65012664
MT2022_2025,W4283799942,147,auto,The,concept,"of "" omics","The concept of "" omics",0.7241377
MT2022_2025,W4283799942,148,auto,This,concept,shift has led,This concept shift has led,0.65774965
MT2022_2025,W4283799942,149,auto,The,term,"of "" immunomics","The term of "" immunomics",0.6471755
MT2022_2025,W4283799942,150,auto,The,suffix,""" omics ""","The suffix "" omics """,0.6030026
MT2022_2025,W4283799942,151,auto,Genomics,",","transcriptomics , proteomics","Genomics , transcriptomics , proteomics",0.55168915
MT2022_2025,W4283799942,152,auto,Whether,omics,studies can significantly,Whether omics studies can significantly,0.5427309
MT2022_2025,W4283799942,153,auto,Technical,problems,"include , e.g.","Technical problems include , e.g.",0.6894841
MT2022_2025,W4283799942,154,auto,The,reproducibility,of MS -,The reproducibility of MS -,0.6466806
MT2022_2025,W4283799942,155,auto,For,example,", the results","For example , the results",0.67885643
MT2022_2025,W4283799942,156,auto,This,renders,the compromise of,This renders the compromise of,0.7458884
MT2022_2025,W4283799942,157,auto,Domain,specific,languages such as,Domain specific languages such as,0.66625017
MT2022_2025,W4283799942,158,auto,As,we,learn more about,As we learn more about,0.6622678
MT2022_2025,W4283799942,159,auto,Besides,",",the number and,"Besides , the number and",0.6513572
MT2022_2025,W4283799942,160,auto,Omics,technologies,at a particular,Omics technologies at a particular,0.6366751
MT2022_2025,W4283799942,161,auto,In,addition,", cells presented","In addition , cells presented",0.58516645
MT2022_2025,W4283799942,162,auto,Further,",",differential clinical manifestations,"Further , differential clinical manifestations",0.5232514
MT2022_2025,W4283799942,163,auto,Accordingly,",",there had been,"Accordingly , there had been",0.56850183
MT2022_2025,W4283799942,164,auto,This,enables,us to portrait,This enables us to portrait,0.6534122
MT2022_2025,W4283799942,165,auto,Redox,imbalance,has been indicated,Redox imbalance has been indicated,0.67643076
MT2022_2025,W4283799942,166,auto,By,leveraging,"multiplexed fluorescence ,","By leveraging multiplexed fluorescence ,",0.6635097
MT2022_2025,W4283799942,167,auto,Various,toolboxes,have been made,Various toolboxes have been made,0.6283695
MT2022_2025,W4283799942,168,auto,Besides,",",numerous databases and,"Besides , numerous databases and",0.615356
MT2022_2025,W4283799942,169,auto,The,Cancer,Genome Atlas (,The Cancer Genome Atlas (,0.6568426
MT2022_2025,W4283799942,170,auto,We,classify,omics technologies into,We classify omics technologies into,0.6160127
MT2022_2025,W4283799942,171,auto,Technology,-,based omics are,Technology - based omics are,0.5811509
MT2022_2025,W4283799942,172,auto,Omics,indicated,by the horizontal,Omics indicated by the horizontal,0.5875984
MT2022_2025,W4283799942,173,auto,Knowledge,-,based omics are,Knowledge - based omics are,0.576932
MT2022_2025,W4283799942,174,auto,Examples,of,this category include,Examples of this category include,0.60433936
MT2022_2025,W4283799942,175,auto,and,accuracy,; • Independent,and accuracy ; • Independent,0.65528363
MT2022_2025,W4283799942,176,auto,(,33,", 37 )","( 33 , 37 )",0.62184393
MT2022_2025,W4283799942,177,auto,Tilling,the,entire transcript with,Tilling the entire transcript with,0.74432564
MT2022_2025,W4283799942,178,auto,Limited,to,analyzing RNA at,Limited to analyzing RNA at,0.6214168
MT2022_2025,W4283799942,179,auto,Limited,to,analyzing RNA at,Limited to analyzing RNA at,0.6214168
MT2022_2025,W4283799942,180,auto,FIGURE,2,| 2 FIGURE,FIGURE 2 | 2 FIGURE,0.7145637
MT2022_2025,W4283799942,181,auto,There,are,three trends regarding,There are three trends regarding,0.6582824
MT2022_2025,W4283799942,182,auto,The,first,category of tasks,The first category of tasks,0.6814989
MT2022_2025,W4283799942,183,auto,The,second,trend is the,The second trend is the,0.6935672
MT2022_2025,W4283799942,184,auto,With,increased,understanding on the,With increased understanding on the,0.73047584
MT2022_2025,W4283799942,185,auto,In,this,"trend , we","In this trend , we",0.73866725
MT2022_2025,W4283799942,186,auto,TABLE,1,| 1 Comparisons,TABLE 1 | 1 Comparisons,0.6559652
MT2022_2025,W4283799942,187,auto,Methods,Advantages,Disadvantages References Genomics,Methods Advantages Disadvantages References Genomics,0.7398847
MT2022_2025,W4283799942,188,auto,TABLE,1,| 1 Continued,TABLE 1 | 1 Continued,0.62324053
MT2022_2025,W4283799942,189,auto,TABLE,1,| 1 Continued,TABLE 1 | 1 Continued,0.62324053
MT2022_2025,W4283799942,190,auto,TABLE,1,| 1 Continued,TABLE 1 | 1 Continued,0.62324053
MT2022_2025,W4283799942,191,auto,This,study,was funded by,This study was funded by,0.46891248
MT2022_2025,W4283799942,192,auto,XD,and,LS conducted literature,XD and LS conducted literature,0.55068904
MT2022_2025,W4283799942,193,auto,All,authors,agree with the,All authors agree with the,0.59285593
MT2022_2025,W4283799942,194,auto,Conflict,of,Interest : The,Conflict of Interest : The,0.58687186
MT2022_2025,W4283799942,195,auto,Publisher's,Note,: All claims,Publisher's Note : All claims,0.57803094
MT2022_2025,W4283799942,196,auto,Any,product,that may be,Any product that may be,0.68103844
MT2022_2025,W4283799942,197,auto,Quantitative,monitoring,of gene expression,Quantitative monitoring of gene expression,0.6965553
MT2022_2025,W4283799942,199,auto,Overview,of,DNA sequencing strategies,Overview of DNA sequencing strategies,0.5347371
MT2022_2025,W4283799942,200,auto,In,situ,localized amplification and,In situ localized amplification and,0.6996213
MT2022_2025,W4283799942,201,auto,Comparing,microarray,studies M Suarez,Comparing microarray studies M Suarez,0.61974263
MT2022_2025,W4283799942,202,auto,Comparing,bioinformatic,gene expression profiling,Comparing bioinformatic gene expression profiling,0.6074135
MT2022_2025,W4283799942,203,auto,Next,-,generation DNA sequencing,Next - generation DNA sequencing,0.55137634
MT2022_2025,W4283799942,204,auto,The,third,revolution in sequencing,The third revolution in sequencing,0.6018149
MT2022_2025,W4283799942,205,auto,Wiley,Interdiscip,Rev RNA 8,Wiley Interdiscip Rev RNA 8,0.5896876
MT2022_2025,W4283799942,206,auto,Mass,analyzers,and mass spectrometers,Mass analyzers and mass spectrometers,0.79288614
MT2022_2025,W4283799942,207,auto,Structural,analysis,of small to,Structural analysis of small to,0.60775006
MT2022_2025,W4283799942,208,auto,A,review,of electron -,A review of electron -,0.69054335
MT2022_2025,W4283799942,209,auto,Electron,-,ion reaction -,Electron - ion reaction -,0.7061541
MT2022_2025,W4283799942,210,auto,Pharmaceutical,hydrates,analysis - overview,Pharmaceutical hydrates analysis - overview,0.7050913
MT2022_2025,W4283799942,211,auto,Analytical,techniques,in lipidomics :,Analytical techniques in lipidomics :,0.747629
MT2022_2025,W4283799942,212,auto,Advantages,and,limitations of Raman,Advantages and limitations of Raman,0.5982256
MT2022_2025,W4283799942,213,auto,Metabolomics,comparison,of rumen fluid,Metabolomics comparison of rumen fluid,0.5763243
MT2022_2025,W4283799942,214,auto,The,expanding,role of mass,The expanding role of mass,0.66509235
MT2022_2025,W4283799942,215,auto,Usage,and,limitations of liquid,Usage and limitations of liquid,0.5868683
MT2022_2025,W4283799942,216,auto,A,comprehensive,technique to capture,A comprehensive technique to capture,0.65191174
MT2022_2025,W4283799942,217,auto,Genome,-,wide approaches for,Genome - wide approaches for,0.57495916
MT2022_2025,W4283799942,218,auto,Genomewide,measurement,of RNA folding,Genomewide measurement of RNA folding,0.667026
MT2022_2025,W4283799942,219,auto,10.1016/j.molcel.2012.08.008,Mol,Cell 48 2012,10.1016/j.molcel.2012.08.008 Mol Cell 48 2012,0.4070709
MT2022_2025,W4283799942,220,auto,Mapping,the,epigenetic modifications of,Mapping the epigenetic modifications of,0.6802308
MT2022_2025,W4283799942,221,auto,Liquid,chromatography,- mass spectrometry,Liquid chromatography - mass spectrometry,0.8154408
MT2022_2025,W4283799942,222,auto,The,determination,of the primary,The determination of the primary,0.69999254
MT2022_2025,W4283799942,223,auto,2,.,Sequence analysis of,2 . Sequence analysis of,0.6206398
MT2022_2025,W4283799942,224,auto,Eur,J,Biochem 46 1974,Eur J Biochem 46 1974,0.6967287
MT2022_2025,W4283799942,225,auto,Protein,purification,and analysis :,Protein purification and analysis :,0.74729145
MT2022_2025,W4283799942,226,auto,Current,approaches,for global posttranslational,Current approaches for global posttranslational,0.721381
MT2022_2025,W4283799942,227,auto,The,fluorescent,toolbox for assessing,The fluorescent toolbox for assessing,0.63848424
MT2022_2025,W4283799942,228,auto,An,introduction,to performing immunofluorescence,An introduction to performing immunofluorescence,0.61733806
MT2022_2025,W4283799942,229,auto,Transcriptome,-,wide identification of,Transcriptome - wide identification of,0.5728084
MT2022_2025,W4283799942,230,auto,Identifying,novel,protein interactions :,Identifying novel protein interactions :,0.5856561
MT2022_2025,W4283799942,231,auto,Identification,of,protein - protein,Identification of protein - protein,0.5764629
MT2022_2025,W4283799942,232,auto,Comparative,assessment,of large -,Comparative assessment of large -,0.6481248
MT2022_2025,W4283799942,233,auto,An,optimized,coimmunoprecipitation protocol for,An optimized coimmunoprecipitation protocol for,0.65059644
MT2022_2025,W4283799942,234,auto,10.1016/j.xpro.2022.101234,STAR,Protoc 3 101234,10.1016/j.xpro.2022.101234 STAR Protoc 3 101234,0.40675613
MT2022_2025,W4283799942,235,auto,Current,experimental,methods for characterizing,Current experimental methods for characterizing,0.68535304
MT2022_2025,W4283799942,236,auto,Towards,detecting,regulatory proteinmetabolite interactions,Towards detecting regulatory proteinmetabolite interactions,0.67728496
MT2022_2025,W4283799942,237,auto,Systematic,identification,of protein -,Systematic identification of protein -,0.69290406
MT2022_2025,W4283799942,238,auto,Detection,of,metabolite - protein,Detection of metabolite - protein,0.5967117
MT2022_2025,W4283799942,239,auto,Development,of,a genome -,Development of a genome -,0.603352
MT2022_2025,W4283799942,240,auto,Coding,-,complete genome sequence,Coding - complete genome sequence,0.52181965
MT2022_2025,W4283799942,241,auto,Whole,-,genome resequencing using,Whole - genome resequencing using,0.5289548
MT2022_2025,W4283799942,242,auto,Complete,genome,insights into Lactococcus,Complete genome insights into Lactococcus,0.72126186
MT2022_2025,W4283799942,243,auto,Transcriptomics,in,"toxicogenomics , part","Transcriptomics in toxicogenomics , part",0.54490227
MT2022_2025,W4283799942,244,auto,Wholegenome,analysis,of Plasmodium spp.,Wholegenome analysis of Plasmodium spp.,0.5498027
MT2022_2025,W4283799942,245,auto,Use,of,the Affymetrix Human,Use of the Affymetrix Human,0.6052268
MT2022_2025,W4283799942,246,auto,Separate,-,channel analysis of,Separate - channel analysis of,0.6250093
MT2022_2025,W4283799942,247,auto,Microarray,probes,and probe sets,Microarray probes and probe sets,0.79786915
MT2022_2025,W4283799942,248,auto,Getting,started,in gene expression,Getting started in gene expression,0.6904456
MT2022_2025,W4283799942,249,auto,Comput,Biol,5 1000543,Comput Biol 5 1000543,0.6413461
MT2022_2025,W4283799942,251,auto,Reliability,and,reproducibility issues in,Reliability and reproducibility issues in,0.630561
MT2022_2025,W4283799942,252,auto,Determination,of,nucleotide sequences in,Determination of nucleotide sequences in,0.6611646
MT2022_2025,W4283799942,253,auto,Cancer,genomics,": technology ,","Cancer genomics : technology ,",0.7715282
MT2022_2025,W4283799942,254,auto,Accurate,multiplex,polony sequencing of,Accurate multiplex polony sequencing of,0.67978305
MT2022_2025,W4283799942,255,auto,Genome,sequencing,in microfabricated high,Genome sequencing in microfabricated high,0.66652215
MT2022_2025,W4283799942,256,auto,Microfabricated,bioprocessor,for integrated nanoliter,Microfabricated bioprocessor for integrated nanoliter,0.73094106
MT2022_2025,W4283799942,257,auto,Comparing,whole,genomes using DNA,Comparing whole genomes using DNA,0.54132277
MT2022_2025,W4283799942,258,auto,Nanopore,-,based single -,Nanopore - based single -,0.52022517
MT2022_2025,W4283799942,259,auto,Accurate,whole,human genome sequencing,Accurate whole human genome sequencing,0.6605254
MT2022_2025,W4283799942,260,auto,A,high,"- resolution ,","A high - resolution ,",0.7521812
MT2022_2025,W4283799942,261,auto,Next,-,generation sequencing in,Next - generation sequencing in,0.54922175
MT2022_2025,W4283799942,262,auto,Pharmacoecon,Open,G Pruneri De,Pharmacoecon Open G Pruneri De,0.6063052
MT2022_2025,W4283799942,263,auto,Repetitive,DNA,and next -,Repetitive DNA and next -,0.634565
MT2022_2025,W4283799942,264,auto,A,tale,of three next,A tale of three next,0.75675714
MT2022_2025,W4283799942,265,auto,Improved,data,analysis for the,Improved data analysis for the,0.59021693
MT2022_2025,W4283799942,266,auto,The,third,generation sequencing :,The third generation sequencing :,0.67248255
MT2022_2025,W4283799942,267,auto,Nanopore,sequencing,meets epigenetics M,Nanopore sequencing meets epigenetics M,0.6884231
MT2022_2025,W4283799942,268,auto,Long,-,read sequencing in,Long - read sequencing in,0.5720016
MT2022_2025,W4283799942,269,auto,Metagenomic,sequencing,at the epicenter,Metagenomic sequencing at the epicenter,0.6484612
MT2022_2025,W4283799942,270,auto,Large,-,scale whole -,Large - scale whole -,0.5110319
MT2022_2025,W4283799942,271,auto,Next,generation,sequencing is a,Next generation sequencing is a,0.781346
MT2022_2025,W4283799942,272,auto,Mutations,in,emerging variant of,Mutations in emerging variant of,0.60589015
MT2022_2025,W4283799942,273,auto,New,approach,for genomic characterisation,New approach for genomic characterisation,0.6403724
MT2022_2025,W4283799942,274,auto,Genomic,landscape,of advanced endometrial,Genomic landscape of advanced endometrial,0.7496486
MT2022_2025,W4283799942,275,auto,Preliminary,study,on the sequencing,Preliminary study on the sequencing,0.5523801
MT2022_2025,W4283799942,276,auto,Genomic,full,- length sequence,Genomic full - length sequence,0.70953953
MT2022_2025,W4283799942,277,auto,Full,genomic,sequence of the,Full genomic sequence of the,0.6598741
MT2022_2025,W4283799942,278,auto,2022,RNA,- Seq :,2022 RNA - Seq :,0.6988989
MT2022_2025,W4283799942,279,auto,Landscape,of,transcription in human,Landscape of transcription in human,0.61236155
MT2022_2025,W4283799942,280,auto,Transcriptional,landscape,of human cancers,Transcriptional landscape of human cancers,0.7000952
MT2022_2025,W4283799942,281,auto,Real,-,time DNA sequencing,Real - time DNA sequencing,0.56114864
MT2022_2025,W4283799942,282,auto,Genome,",",transcriptome and proteome,"Genome , transcriptome and proteome",0.54402304
MT2022_2025,W4283799942,283,auto,Nature,461,2009 3 ',Nature 461 2009 3 ',0.64303243
MT2022_2025,W4283799942,284,auto,Next,-,generation tag sequencing,Next - generation tag sequencing,0.5493018
MT2022_2025,W4283799942,285,auto,Employment,of,digital gene expression,Employment of digital gene expression,0.6091824
MT2022_2025,W4283799942,286,auto,Complex,and,dynamic landscape of,Complex and dynamic landscape of,0.62645006
MT2022_2025,W4283799942,287,auto,A,quantitative,atlas of polyadenylation,A quantitative atlas of polyadenylation,0.6812813
MT2022_2025,W4283799942,288,auto,An,efficient,method for genome,An efficient method for genome,0.63209796
MT2022_2025,W4283799942,289,auto,Formation,",",regulation and evolution,"Formation , regulation and evolution",0.5448738
MT2022_2025,W4283799942,290,auto,Analysis,of,alternative cleavage and,Analysis of alternative cleavage and,0.6367429
MT2022_2025,W4283799942,291,auto,Highthroughput,screening,and classification of,Highthroughput screening and classification of,0.7085288
MT2022_2025,W4283799942,292,auto,An,efficient,method for identifying,An efficient method for identifying,0.63868016
MT2022_2025,W4283799942,293,auto,Targeted,next,- generation sequencing,Targeted next - generation sequencing,0.6120398
MT2022_2025,W4283799942,294,auto,Preparing,unbiased,T - cell,Preparing unbiased T - cell,0.48005307
MT2022_2025,W4283799942,296,auto,Combinatorial,labeling,of single cells,Combinatorial labeling of single cells,0.7332634
MT2022_2025,W4283799942,297,auto,Single,-,cell tagged reverse,Single - cell tagged reverse,0.5905125
MT2022_2025,W4283799942,298,auto,1979,InDrops,and Drop -,1979 InDrops and Drop -,0.7607204
MT2022_2025,W4283799942,299,auto,Splicing,noncoding,RNAs from the,Splicing noncoding RNAs from the,0.6526625
MT2022_2025,W4283799942,300,auto,Wiley,Interdiscip,Rev RNA 6,Wiley Interdiscip Rev RNA 6,0.5985787
MT2022_2025,W4283799942,301,auto,Biomarkers,and,immune repertoire metrics,Biomarkers and immune repertoire metrics,0.50676495
MT2022_2025,W4283799942,302,auto,Single,-,cell transcriptomic sequencing,Single - cell transcriptomic sequencing,0.5596543
MT2022_2025,W4283799942,303,auto,Epigenetic,balance,of gene expression,Epigenetic balance of gene expression,0.7198447
MT2022_2025,W4283799942,304,auto,Epigenomics,:,technologies and applications,Epigenomics : technologies and applications,0.53316164
MT2022_2025,W4283799942,305,auto,Noninvasive,epigenomic,molecular phenotyping of,Noninvasive epigenomic molecular phenotyping of,0.7299224
MT2022_2025,W4283799942,306,auto,Same,-,day genomic and,Same - day genomic and,0.6425979
MT2022_2025,W4283799942,307,auto,Single,-,cell DNA methylome,Single - cell DNA methylome,0.5418961
MT2022_2025,W4283799942,308,auto,New,twists,in detecting mRNA,New twists in detecting mRNA,0.7823456
MT2022_2025,W4283799942,309,auto,Genomewide,measurement,of RNA secondary,Genomewide measurement of RNA secondary,0.6753743
MT2022_2025,W4283799942,310,auto,High,-,throughput nuclease probing,High - throughput nuclease probing,0.55716
MT2022_2025,W4283799942,311,auto,Using,protein,interaction profile sequencing,Using protein interaction profile sequencing,0.64290166
MT2022_2025,W4283799942,312,auto,In,vivo,genome - wide,In vivo genome - wide,0.7004615
MT2022_2025,W4283799942,313,auto,Genome,-,wide profiling of,Genome - wide profiling of,0.56107163
MT2022_2025,W4283799942,314,auto,Mapping,circular,RNA structures in,Mapping circular RNA structures in,0.58872926
MT2022_2025,W4283799942,315,auto,Analysis,of,RNA conformation in,Analysis of RNA conformation in,0.6237781
MT2022_2025,W4283799942,316,auto,10.1016/j.xpro.2021.100477,STAR,Protoc 2 100477,10.1016/j.xpro.2021.100477 STAR Protoc 2 100477,0.38562125
MT2022_2025,W4283799942,317,auto,Mapping,RNA,- RNA interactome,Mapping RNA - RNA interactome,0.7619422
MT2022_2025,W4283799942,318,auto,Genome,-,wide identification of,Genome - wide identification of,0.59671795
MT2022_2025,W4283799942,319,auto,The,molecular,taxonomy of primary,The molecular taxonomy of primary,0.74543613
MT2022_2025,W4283799942,320,auto,Cell,10.1016/j.cell.2015.10.025,2015 163,Cell 10.1016/j.cell.2015.10.025 2015 163,0.5048102
MT2022_2025,W4283799942,321,auto,Single,-,nucleotide - resolution,Single - nucleotide - resolution,0.6139722
MT2022_2025,W4283799942,322,auto,Baseresolution,mapping,reveals distinct m,Baseresolution mapping reveals distinct m,0.6788096
MT2022_2025,W4283799942,323,auto,Transcriptomewide,mapping,of internal N,Transcriptomewide mapping of internal N,0.72673494
MT2022_2025,W4283799942,324,auto,Widespread,occurrence,of 5 -,Widespread occurrence of 5 -,0.7522845
MT2022_2025,W4283799942,325,auto,Deciphering,the,""" m( 6","Deciphering the "" m( 6",0.7139717
MT2022_2025,W4283799942,326,auto,Singlebase,mapping,of m (,Singlebase mapping of m (,0.75164837
MT2022_2025,W4283799942,327,auto,Non-redundant,tRNA,reference sequences for,Non-redundant tRNA reference sequences for,0.69826204
MT2022_2025,W4283799942,328,auto,Dual,isoform,sequencing reveals complex,Dual isoform sequencing reveals complex,0.6950122
MT2022_2025,W4283799942,329,auto,Systematic,mapping,of RNA -,Systematic mapping of RNA -,0.7331637
MT2022_2025,W4283799942,330,auto,The,Xist,lncRNA exploits three,The Xist lncRNA exploits three,0.68171936
MT2022_2025,W4283799942,331,auto,Promoter,-,bound trinucleotide repeat,Promoter - bound trinucleotide repeat,0.5877504
MT2022_2025,W4283799942,332,auto,Enhancer,-,associated long non-coding,Enhancer - associated long non-coding,0.54436785
MT2022_2025,W4283799942,333,auto,Genomic,maps,of long noncoding,Genomic maps of long noncoding,0.71762955
MT2022_2025,W4283799942,334,auto,The,genomic,binding sites of,The genomic binding sites of,0.6958495
MT2022_2025,W4283799942,335,auto,Diagnosis,of,genetic white matter,Diagnosis of genetic white matter,0.5749665
MT2022_2025,W4283799942,338,auto,Cross,-,"linking , ligation","Cross - linking , ligation",0.5696703
MT2022_2025,W4283799942,339,auto,Identification,of,RNA helicase target,Identification of RNA helicase target,0.57651657
MT2022_2025,W4283799942,340,auto,Mapping,the,human miRNA interactome,Mapping the human miRNA interactome,0.65250844
MT2022_2025,W4283799942,341,auto,In,vivo,mapping of eukaryotic,In vivo mapping of eukaryotic,0.72864383
MT2022_2025,W4283799942,342,auto,Global,mapping,of human RNA,Global mapping of human RNA,0.7367177
MT2022_2025,W4283799942,343,auto,Affinity,capillary,electrophoresis for studying,Affinity capillary electrophoresis for studying,0.69983697
MT2022_2025,W4283799942,344,auto,Inferring,interaction,networks from multiomics,Inferring interaction networks from multiomics,0.64957625
MT2022_2025,W4283799942,345,auto,Molecular,modeling,applied to nucleic,Molecular modeling applied to nucleic,0.74267995
MT2022_2025,W4283799942,346,auto,Quantifying,DNA,- protein interactions,Quantifying DNA - protein interactions,0.70681834
MT2022_2025,W4283799942,347,auto,Massively,parallel,biophysical analysis of,Massively parallel biophysical analysis of,0.6437438
MT2022_2025,W4283799942,348,auto,High,-,throughput SELEX determination,High - throughput SELEX determination,0.49737272
MT2022_2025,W4283799942,349,auto,Chromatin,immunoprecipitation,and microarray -,Chromatin immunoprecipitation and microarray -,0.7544557
MT2022_2025,W4283799942,350,auto,Methods,Mol,Biol 1689 2018,Methods Mol Biol 1689 2018,0.7027637
MT2022_2025,W4283799942,351,auto,Identification,of,protein binding sites,Identification of protein binding sites,0.55125856
MT2022_2025,W4283799942,352,auto,High,-,throughput sequencing of,High - throughput sequencing of,0.58247703
MT2022_2025,W4283799942,353,auto,The,multifunctional,RNA - binding,The multifunctional RNA - binding,0.67137575
MT2022_2025,W4283799942,354,auto,Direct,conversion,of fibroblasts to,Direct conversion of fibroblasts to,0.7614582
MT2022_2025,W4283799942,355,auto,Circular,RNAs,are a large,Circular RNAs are a large,0.6450613
MT2022_2025,W4283799942,356,auto,Clinical,proteomics,: translating benchside,Clinical proteomics : translating benchside,0.7532052
MT2022_2025,W4283799942,357,auto,Mass,-,spectrometry - based,Mass - spectrometry - based,0.5912253
MT2022_2025,W4283799942,358,auto,Standard,definitions,of terms relating,Standard definitions of terms relating,0.74722975
MT2022_2025,W4283799942,359,auto,Tandem,mass,spectrometry for peptide,Tandem mass spectrometry for peptide,0.6859139
MT2022_2025,W4283799942,360,auto,Electron,capture,dissociation for structural,Electron capture dissociation for structural,0.6713892
MT2022_2025,W4283799942,361,auto,Anal,Chem,72 2000,Anal Chem 72 2000,0.6788261
MT2022_2025,W4283799942,362,auto,Comparison,of,collision - induced,Comparison of collision - induced,0.5835667
MT2022_2025,W4283799942,363,auto,Peptide,and,protein sequence analysis,Peptide and protein sequence analysis,0.5902741
MT2022_2025,W4283799942,364,auto,Automated,protein,identification by tandem,Automated protein identification by tandem,0.6759274
MT2022_2025,W4283799942,365,auto,Proteome,-,wide identification of,Proteome - wide identification of,0.5903996
MT2022_2025,W4283799942,366,auto,Proteome,sequencing,and analysis of,Proteome sequencing and analysis of,0.740148
MT2022_2025,W4283799942,367,auto,Wholegenome,sequencing,analysis of the,Wholegenome sequencing analysis of the,0.6602716
MT2022_2025,W4283799942,368,auto,Metabolic,profile,characterization of different,Metabolic profile characterization of different,0.6563877
MT2022_2025,W4283799942,369,auto,Metabolite,profiling,of human blood,Metabolite profiling of human blood,0.6695666
MT2022_2025,W4283799942,370,auto,Metabolic,dysfunction,in pregnancy :,Metabolic dysfunction in pregnancy :,0.7381003
MT2022_2025,W4283799942,371,auto,Challenges,and,developments in tandem,Challenges and developments in tandem,0.6109829
MT2022_2025,W4283799942,372,auto,Integration,of,LC / MS,Integration of LC / MS,0.56949747
MT2022_2025,W4283799942,374,auto,Evaluation,of,change in metabolome,Evaluation of change in metabolome,0.56713825
MT2022_2025,W4283799942,375,auto,10.1016/j.jbiosc.2020.12.008,J,Biosci Bioeng 131,10.1016/j.jbiosc.2020.12.008 J Biosci Bioeng 131,0.44145155
MT2022_2025,W4283799942,376,auto,Proteomics,by,FTICR mass spectrometry,Proteomics by FTICR mass spectrometry,0.53574854
MT2022_2025,W4283799942,377,auto,Detect,the,sensitivity and response,Detect the sensitivity and response,0.6989161
MT2022_2025,W4283799942,378,auto,Sensitivity,-,enhanced transmission Raman,Sensitivity - enhanced transmission Raman,0.6149805
MT2022_2025,W4283799942,379,auto,The,strengths,and weaknesses of,The strengths and weaknesses of,0.7193856
MT2022_2025,W4283799942,380,auto,Mass,spectrometry,- based metabolomics,Mass spectrometry - based metabolomics,0.77881104
MT2022_2025,W4283799942,381,auto,Third,-,generation sequencing and,Third - generation sequencing and,0.5084894
MT2022_2025,W4283799942,382,auto,Transcriptome,sequencing,and metabolome analysis,Transcriptome sequencing and metabolome analysis,0.6508032
MT2022_2025,W4283799942,383,auto,Quantifying,the,RNA cap epitranscriptome,Quantifying the RNA cap epitranscriptome,0.58619696
MT2022_2025,W4283799942,384,auto,Decoding,the,atlas of RNA,Decoding the atlas of RNA,0.6785888
MT2022_2025,W4283799942,385,auto,Topological,characterization,of human and,Topological characterization of human and,0.72197545
MT2022_2025,W4283799942,386,auto,Int,J,Genomics 1351964 2018,Int J Genomics 1351964 2018,0.6327964
MT2022_2025,W4283799942,388,auto,Histone,variants,take center stage,Histone variants take center stage,0.73621845
MT2022_2025,W4283799942,389,auto,Progress,in,epigenetic histone modification,Progress in epigenetic histone modification,0.528093
MT2022_2025,W4283799942,390,auto,Tandem,mass,spectrometry strategies for,Tandem mass spectrometry strategies for,0.64932775
MT2022_2025,W4283799942,391,auto,Global,phosphoproteome,analysis using high,Global phosphoproteome analysis using high,0.69192487
MT2022_2025,W4283799942,392,auto,Phosphopeptide,enrichment,coupled with label,Phosphopeptide enrichment coupled with label,0.6852327
MT2022_2025,W4283799942,393,auto,A,fast,sample processing strategy,A fast sample processing strategy,0.60319686
MT2022_2025,W4283799942,394,auto,Mapping,the,phosphoproteome of influenza,Mapping the phosphoproteome of influenza,0.6374463
MT2022_2025,W4283799942,395,auto,10.1371/journal.ppat.1002993,PLoS,Pathog 8 1002993,10.1371/journal.ppat.1002993 PLoS Pathog 8 1002993,0.35068673
MT2022_2025,W4283799942,396,auto,Assessing,budding,yeast phosphoproteome dynamics,Assessing budding yeast phosphoproteome dynamics,0.6406018
MT2022_2025,W4283799942,397,auto,2020,Visualization,and analysis of,2020 Visualization and analysis of,0.7369764
MT2022_2025,W4283799942,398,auto,Mass,spectrometric,phosphoproteome analysis of,Mass spectrometric phosphoproteome analysis of,0.6794701
MT2022_2025,W4283799942,399,auto,A,novel,genetic system to,A novel genetic system to,0.6737188
MT2022_2025,W4283799942,400,auto,A,global,proteomics approach identifies,A global proteomics approach identifies,0.67798316
MT2022_2025,W4283799942,401,auto,Inferring,protein,- protein interaction,Inferring protein - protein interaction,0.68058646
MT2022_2025,W4283799942,402,auto,Building,bridges,between structural and,Building bridges between structural and,0.69205683
MT2022_2025,W4283799942,403,auto,Analyzing,yeast,protein - protein,Analyzing yeast protein - protein,0.65940493
MT2022_2025,W4283799942,404,auto,High,-,"throughput , automated","High - throughput , automated",0.5408706
MT2022_2025,W4283799942,405,auto,Omics,in,systems biology :,Omics in systems biology :,0.5545462
MT2022_2025,W4283799942,406,auto,What,is,the total number,What is the total number,0.59276587
MT2022_2025,W4283799942,407,auto,A,call,to rethink some,A call to rethink some,0.706457
MT2022_2025,W4283799942,408,auto,Absolute,metabolite,concentrations and implied,Absolute metabolite concentrations and implied,0.7469349
MT2022_2025,W4283799942,409,auto,The,regulatory,role of key,The regulatory role of key,0.6939528
MT2022_2025,W4283799942,410,auto,A,global,map of lipid,A global map of lipid,0.67348075
MT2022_2025,W4283799942,411,auto,10.1016/j.cell.2015.05.045,Cell,161 2015,10.1016/j.cell.2015.05.045 Cell 161 2015,0.3582377
MT2022_2025,W4283799942,412,auto,A,systematic,screen for protein,A systematic screen for protein,0.6825528
MT2022_2025,W4283799942,413,auto,Extensive,in,vivo metabolite -,Extensive in vivo metabolite -,0.581684
MT2022_2025,W4283799942,414,auto,A,map,of protein -,A map of protein -,0.74393386
MT2022_2025,W4283799942,415,auto,Systematic,mapping,of proteinmetabolite interactions,Systematic mapping of proteinmetabolite interactions,0.69822484
MT2022_2025,W4283799942,416,auto,Concept,of,immunomics : a,Concept of immunomics : a,0.5974752
MT2022_2025,W4283799942,417,auto,J,Klysik,10.1023/A:1011901410166 Acta Biotheor,J Klysik 10.1023/A:1011901410166 Acta Biotheor,0.52651465
MT2022_2025,W4283799942,418,auto,Immunomics,:,a 21st century,Immunomics : a 21st century,0.4909848
MT2022_2025,W4283799942,419,auto,Parasitology,143,2016 roadmap for,Parasitology 143 2016 roadmap for,0.48971885
MT2022_2025,W4283799942,420,auto,Cancer,immunomics,in the age,Cancer immunomics in the age,0.6082413
MT2022_2025,W4283799942,421,auto,The,vocabulary,of microbiome research,The vocabulary of microbiome research,0.6475863
MT2022_2025,W4283799942,422,auto,Microbiome,J,R Marchesi J,Microbiome J R Marchesi J,0.77924573
MT2022_2025,W4283799942,423,auto,Microbiomics,:,were we all,Microbiomics : were we all,0.5226648
MT2022_2025,W4283799942,424,auto,Periodontology,2021,85 A K,Periodontology 2021 85 A K,0.58779335
MT2022_2025,W4283799942,425,auto,Who,owns,your poop ?,Who owns your poop ?,0.74037874
MT2022_2025,W4283799942,426,auto,The,human,microbiome : our,The human microbiome : our,0.666598
MT2022_2025,W4283799942,427,auto,Identifying,personal,microbiomes using metagenomic,Identifying personal microbiomes using metagenomic,0.5862774
MT2022_2025,W4283799942,428,auto,Nextflow,enables,reproducible computational workflows,Nextflow enables reproducible computational workflows,0.6458638
MT2022_2025,W4283799942,429,auto,False,negatives,are a significant,False negatives are a significant,0.694256
MT2022_2025,W4283799942,431,auto,Proteogenomics,:,integrating next -,Proteogenomics : integrating next -,0.55183274
MT2022_2025,W4283799942,432,auto,The,indigenous,gastrointestinal microflora R,The indigenous gastrointestinal microflora R,0.6115281
MT2022_2025,W4283799942,433,auto,Programmed,cell,"death , redox","Programmed cell death , redox",0.68098176
MT2022_2025,W4283799942,434,auto,Utilization,of,redox modulating small,Utilization of redox modulating small,0.61154306
MT2022_2025,W4283799942,435,auto,Redox,regulation,", oxidative stress","Redox regulation , oxidative stress",0.73130834
MT2022_2025,W4283799942,436,auto,Redox,active,secondary metabolites C,Redox active secondary metabolites C,0.75627583
MT2022_2025,W4283799942,437,auto,Mapping,the,cysteine proteome :,Mapping the cysteine proteome :,0.6607214
MT2022_2025,W4283799942,438,auto,Proteomic,approaches,to the characterization,Proteomic approaches to the characterization,0.7098905
MT2022_2025,W4283799942,439,auto,An,introduction,to methods for,An introduction to methods for,0.61393553
MT2022_2025,W4283799942,440,auto,Spatial,omics,and multiplexed imaging,Spatial omics and multiplexed imaging,0.7218758
MT2022_2025,W4283799942,441,auto,Single,-,cell spatial transcriptomics,Single - cell spatial transcriptomics,0.5590563
MT2022_2025,W4283799942,442,auto,Multiomics,sequencing,goes spatial L,Multiomics sequencing goes spatial L,0.71826226
MT2022_2025,W4283799942,443,auto,The,Cancer,Genome Atlas (,The Cancer Genome Atlas (,0.6568427
MT2022_2025,W4283799942,444,auto,10.5114/wo.2014.47136,Contemp,Oncol 19 2015,10.5114/wo.2014.47136 Contemp Oncol 19 2015,0.53201604
MT2022_2025,W4283799942,445,auto,The,DBSAV,database : predicting,The DBSAV database : predicting,0.7058011
MT2022_2025,W4283799942,446,auto,1093/bib/bbaa205,Brief,Bioinform 22 205,1093/bib/bbaa205 Brief Bioinform 22 205,0.52209246
MT2022_2025,W4401349719,0,auto,Glycosylation,:,"mechanisms , biological","Glycosylation : mechanisms , biological",0.58448046
MT2022_2025,W4401349719,1,auto,Glycosylation,is,one of the,Glycosylation is one of the,0.6590408
MT2022_2025,W4401349719,2,auto,A,growing,body of evidence,A growing body of evidence,0.53411096
MT2022_2025,W4401349719,3,auto,Aberrant,glycosylation,is also closely,Aberrant glycosylation is also closely,0.62257653
MT2022_2025,W4401349719,4,auto,Abnormal,glycosylation,patterns are closely,Abnormal glycosylation patterns are closely,0.70582294
MT2022_2025,W4401349719,5,auto,However,",",the underlying composition,"However , the underlying composition",0.6165183
MT2022_2025,W4401349719,6,auto,It,is,imperative to fully,It is imperative to fully,0.6546157
MT2022_2025,W4401349719,7,auto,Investigations,on,the clinical applications,Investigations on the clinical applications,0.5903472
MT2022_2025,W4401349719,8,auto,These,studies,provide a new,These studies provide a new,0.61422443
MT2022_2025,W4401349719,9,auto,INTRODUCTION,Protein,post - translational,INTRODUCTION Protein post - translational,0.7477242
MT2022_2025,W4401349719,10,auto,1,2,3 4 5,1 2 3 4 5,0.6551462
MT2022_2025,W4401349719,11,auto,In,this,"review , we","In this review , we",0.7411142
MT2022_2025,W4401349719,12,auto,We,further,presented the potential,We further presented the potential,0.6480414
MT2022_2025,W4401349719,13,auto,In,addition,", the targeted","In addition , the targeted",0.5917587
MT2022_2025,W4401349719,15,auto,Protein,is,essential for life,Protein is essential for life,0.5254686
MT2022_2025,W4401349719,16,auto,Proteins,undergo,dynamic changes and,Proteins undergo dynamic changes and,0.65835655
MT2022_2025,W4401349719,17,auto,8,9,"10 10 ,","8 9 10 10 ,",0.65129644
MT2022_2025,W4401349719,18,auto,It,involves,the binding of,It involves the binding of,0.6704075
MT2022_2025,W4401349719,19,auto,This,process,results in three,This process results in three,0.64543796
MT2022_2025,W4401349719,20,auto,12,13,In the ER,12 13 In the ER,0.6416159
MT2022_2025,W4401349719,21,auto,Key,enzymes,include GlcNAc -,Key enzymes include GlcNAc -,0.754728
MT2022_2025,W4401349719,22,auto,14,15,1 The glycan,14 15 1 The glycan,0.5554717
MT2022_2025,W4401349719,23,auto,16,17,", 18 19","16 17 , 18 19",0.6560017
MT2022_2025,W4401349719,24,auto,Unlike,N,"- glycosylation ,","Unlike N - glycosylation ,",0.63888586
MT2022_2025,W4401349719,25,auto,21,22,"23 , 24","21 22 23 , 24",0.6863613
MT2022_2025,W4401349719,26,auto,It,is,shown that mucin,It is shown that mucin,0.67710763
MT2022_2025,W4401349719,27,auto,27,28,29 30 2,27 28 29 30 2,0.70211726
MT2022_2025,W4401349719,28,auto,Protein,function,depends on its,Protein function depends on its,0.7300638
MT2022_2025,W4401349719,29,auto,Protein,folding,is the process,Protein folding is the process,0.7558626
MT2022_2025,W4401349719,30,auto,Protein,folding,is crucial for,Protein folding is crucial for,0.7792827
MT2022_2025,W4401349719,31,auto,Misfolded,proteins,tend to denature,Misfolded proteins tend to denature,0.71869844
MT2022_2025,W4401349719,32,auto,31,32,"32 , 33","31 32 32 , 33",0.655243
MT2022_2025,W4401349719,33,auto,These,interactions,are largely carried,These interactions are largely carried,0.6892259
MT2022_2025,W4401349719,34,auto,Most,of,the proteins involved,Most of the proteins involved,0.57059324
MT2022_2025,W4401349719,35,auto,There,are,several groups of,There are several groups of,0.69018877
MT2022_2025,W4401349719,36,auto,44,45,", 46 47","44 45 , 46 47",0.5946798
MT2022_2025,W4401349719,37,auto,Glycosylation,plays,a critical role,Glycosylation plays a critical role,0.7044651
MT2022_2025,W4401349719,38,auto,As,a,highly conserved signaling,As a highly conserved signaling,0.67759854
MT2022_2025,W4401349719,39,auto,TGF,-β,signaling plays crucial,TGF -β signaling plays crucial,0.5692072
MT2022_2025,W4401349719,40,auto,TGF,-β,signaling governs the,TGF -β signaling governs the,0.58100295
MT2022_2025,W4401349719,41,auto,Malfunctions,in,TGF -β signaling,Malfunctions in TGF -β signaling,0.5153316
MT2022_2025,W4401349719,42,auto,112,113,114 115 116,112 113 114 115 116,0.6302504
MT2022_2025,W4401349719,43,auto,Wnt,/,β- catenin signaling,Wnt / β- catenin signaling,0.49849284
MT2022_2025,W4401349719,44,auto,The,Wnt,signaling pathway plays,The Wnt signaling pathway plays,0.7190771
MT2022_2025,W4401349719,45,auto,119,120,121 121 122,119 120 121 121 122,0.7404573
MT2022_2025,W4401349719,46,auto,Regulation,of,"metabolism Recently ,","Regulation of metabolism Recently ,",0.584301
MT2022_2025,W4401349719,47,auto,125,126,127 128 129,125 126 127 128 129,0.6358156
MT2022_2025,W4401349719,48,auto,Glycans,",",together with proteins,"Glycans , together with proteins",0.5171128
MT2022_2025,W4401349719,49,auto,Protein,glycosylation,is widespread in,Protein glycosylation is widespread in,0.7376419
MT2022_2025,W4401349719,50,auto,Abnormal,glycosylation,is associated with,Abnormal glycosylation is associated with,0.69120467
MT2022_2025,W4401349719,51,auto,Increasing,evidence,suggests that protein,Increasing evidence suggests that protein,0.6941174
MT2022_2025,W4401349719,52,auto,Leukemia,Acute,myeloid leukemia :,Leukemia Acute myeloid leukemia :,0.7208792
MT2022_2025,W4401349719,53,auto,131,132,"133 134 ,","131 132 133 134 ,",0.74744713
MT2022_2025,W4401349719,54,auto,In,addition,", the interaction","In addition , the interaction",0.6318942
MT2022_2025,W4401349719,55,auto,143,144,145 146 147,143 144 145 146 147,0.6852023
MT2022_2025,W4401349719,56,auto,However,",",more comprehensive studies,"However , more comprehensive studies",0.5973598
MT2022_2025,W4401349719,57,auto,Acute,lymphoblastic,leukemia : Acute,Acute lymphoblastic leukemia : Acute,0.7929432
MT2022_2025,W4401349719,58,auto,High,levels,of C -,High levels of C -,0.7140106
MT2022_2025,W4401349719,59,auto,148,149,150 151 152,148 149 150 151 152,0.73074514
MT2022_2025,W4401349719,60,auto,174,175,176 177 178,174 175 176 177 178,0.5914009
MT2022_2025,W4401349719,61,auto,Tumor,immune,escape mediated by,Tumor immune escape mediated by,0.6262392
MT2022_2025,W4401349719,62,auto,179,180,", 181 182","179 180 , 181 182",0.683796
MT2022_2025,W4401349719,63,auto,184,185,186 187 188,184 185 186 187 188,0.6419511
MT2022_2025,W4401349719,64,auto,Typical,myeloproliferative,neoplasms ( MPN,Typical myeloproliferative neoplasms ( MPN,0.713186
MT2022_2025,W4401349719,65,auto,197,JAK2,( V 617F,197 JAK2 ( V 617F,0.6173556
MT2022_2025,W4401349719,66,auto,Cell,surface,type I cytokine,Cell surface type I cytokine,0.8044404
MT2022_2025,W4401349719,67,auto,When,cytokines,bind to their,When cytokines bind to their,0.6857734
MT2022_2025,W4401349719,68,auto,198,199,200 201 202,198 199 200 201 202,0.6645254
MT2022_2025,W4401349719,69,auto,Glycosylation,in,solid malignancies Glycosylation,Glycosylation in solid malignancies Glycosylation,0.4913571
MT2022_2025,W4401349719,70,auto,209,210,", 211 [","209 210 , 211 [",0.6664636
MT2022_2025,W4401349719,71,auto,As,reported,"previously , the","As reported previously , the",0.66241455
MT2022_2025,W4401349719,72,auto,Moreover,",",sialylation is mediated,"Moreover , sialylation is mediated",0.6255647
MT2022_2025,W4401349719,73,auto,233,",","234 68 ,","233 , 234 68 ,",0.75783193
MT2022_2025,W4401349719,74,auto,The,figure,of glycosylation is,The figure of glycosylation is,0.6277093
MT2022_2025,W4401349719,75,auto,Matteo,Rossi,et al. found,Matteo Rossi et al. found,0.6706516
MT2022_2025,W4401349719,76,auto,Low,expression,of PHGDH loses,Low expression of PHGDH loses,0.7233626
MT2022_2025,W4401349719,77,auto,265,266,267 Inhibition of,265 266 267 Inhibition of,0.6289337
MT2022_2025,W4401349719,78,auto,258,181,268 269 Central,258 181 268 269 Central,0.6597298
MT2022_2025,W4401349719,79,auto,Aberrant,glycosylation,in central nervous,Aberrant glycosylation in central nervous,0.6937427
MT2022_2025,W4401349719,80,auto,270,271,272 273 Neuroendocrine,270 271 272 273 Neuroendocrine,0.7161663
MT2022_2025,W4401349719,81,auto,NENs,display,altered glycosylation patterns,NENs display altered glycosylation patterns,0.65102404
MT2022_2025,W4401349719,82,auto,274,275,"265 , 276","274 275 265 , 276",0.70153934
MT2022_2025,W4401349719,83,auto,Glycosylation,in,autoimmune diseases Autoimmune,Glycosylation in autoimmune diseases Autoimmune,0.5719947
MT2022_2025,W4401349719,84,auto,279,280,[ 281 ],279 280 [ 281 ],0.7317759
MT2022_2025,W4401349719,85,auto,Autoimmune,liver,disease .,Autoimmune liver disease .,0.68301564
MT2022_2025,W4401349719,86,auto,Autoimmune,hepatitis,( AIH ),Autoimmune hepatitis ( AIH ),0.78157634
MT2022_2025,W4401349719,87,auto,311,312,", 313 314","311 312 , 313 314",0.6375081
MT2022_2025,W4401349719,88,auto,Another,study,revealed the regulatory,Another study revealed the regulatory,0.56464976
MT2022_2025,W4401349719,89,auto,The,severity,of AIH is,The severity of AIH is,0.6998639
MT2022_2025,W4401349719,90,auto,The,key,to clinical intervention,The key to clinical intervention,0.6306125
MT2022_2025,W4401349719,91,auto,Although,drugs,such as alteplase,Although drugs such as alteplase,0.7169843
MT2022_2025,W4401349719,92,auto,348,349,"350 351 ,","348 349 350 351 ,",0.8296994
MT2022_2025,W4401349719,93,auto,The,EPIC,- Potsdam study,The EPIC - Potsdam study,0.6169323
MT2022_2025,W4401349719,94,auto,347,353,354 Glycosylation also,347 353 354 Glycosylation also,0.79022557
MT2022_2025,W4401349719,95,auto,It,has,been found that,It has been found that,0.6274895
MT2022_2025,W4401349719,96,auto,355,356,357 Neurodegenerative diseases,355 356 357 Neurodegenerative diseases,0.7330904
MT2022_2025,W4401349719,97,auto,Normal,brain,function depends on,Normal brain function depends on,0.71539646
MT2022_2025,W4401349719,98,auto,The,nutrientsensitive,O - GlcNAcylation,The nutrientsensitive O - GlcNAcylation,0.5846777
MT2022_2025,W4401349719,99,auto,358,359,360 361 362,358 359 360 361 362,0.7272216
MT2022_2025,W4401349719,100,auto,However,",",data from different,"However , data from different",0.5852635
MT2022_2025,W4401349719,101,auto,For,example,", in a","For example , in a",0.6969091
MT2022_2025,W4401349719,102,auto,364,365,366 DIAGNOSTIC AND,364 365 366 DIAGNOSTIC AND,0.62285924
MT2022_2025,W4401349719,103,auto,Potential,diagnostic,value of glycosylation,Potential diagnostic value of glycosylation,0.68134576
MT2022_2025,W4401349719,104,auto,As,mentioned,"above , abnormalities","As mentioned above , abnormalities",0.6670729
MT2022_2025,W4401349719,105,auto,Accumulating,studies,indicated the value,Accumulating studies indicated the value,0.60792804
MT2022_2025,W4401349719,106,auto,367,241,", 368 369","367 241 , 368 369",0.6124298
MT2022_2025,W4401349719,107,auto,Potential,prognostic,value of glycosylation,Potential prognostic value of glycosylation,0.6520037
MT2022_2025,W4401349719,108,auto,Recently,",",a prognostic signature,"Recently , a prognostic signature",0.5096724
MT2022_2025,W4401349719,109,auto,379,380,381 382 383,379 380 381 382 383,0.68023336
MT2022_2025,W4401349719,110,auto,Glycan,-,based therapies are,Glycan - based therapies are,0.5771834
MT2022_2025,W4401349719,111,auto,Among,them,", most are","Among them , most are",0.6446797
MT2022_2025,W4401349719,112,auto,388,389,390 391 392,388 389 390 391 392,0.73483455
MT2022_2025,W4401349719,113,auto,Small,molecule,inhibitors of enzymes,Small molecule inhibitors of enzymes,0.663747
MT2022_2025,W4401349719,114,auto,Several,studies,of small molecule,Several studies of small molecule,0.6710546
MT2022_2025,W4401349719,115,auto,400,401,402 403 404,400 401 402 403 404,0.66062725
MT2022_2025,W4401349719,116,auto,Glycosylation,-,mediated targeted drug,Glycosylation - mediated targeted drug,0.5933703
MT2022_2025,W4401349719,117,auto,Molecules,such,"as mannose ,","Molecules such as mannose ,",0.63616866
MT2022_2025,W4401349719,118,auto,411,412,413 414 415,411 412 413 414 415,0.6890508
MT2022_2025,W4401349719,119,auto,Liquid,chromatography,and mass spectrometry,Liquid chromatography and mass spectrometry,0.7908476
MT2022_2025,W4401349719,120,auto,As,mentioned,"earlier , biomarkers","As mentioned earlier , biomarkers",0.66744983
MT2022_2025,W4401349719,121,auto,However,",",this is challenging,"However , this is challenging",0.6382796
MT2022_2025,W4401349719,122,auto,433,434,", 435 436","433 434 , 435 436",0.7306967
MT2022_2025,W4401349719,123,auto,Mass,spectrometry,( MS ),Mass spectrometry ( MS ),0.69547445
MT2022_2025,W4401349719,124,auto,It,has,become a powerful,It has become a powerful,0.55288017
MT2022_2025,W4401349719,125,auto,438,439,440 441 90,438 439 440 441 90,0.7734743
MT2022_2025,W4401349719,126,auto,On,the,"other hand ,","On the other hand ,",0.7228055
MT2022_2025,W4401349719,127,auto,The,researchers,identified Raman markers,The researchers identified Raman markers,0.67354417
MT2022_2025,W4401349719,128,auto,467,468,Molecular fluorescence Fluorescence,467 468 Molecular fluorescence Fluorescence,0.67210835
MT2022_2025,W4401349719,129,auto,A,series,of fluorescent borondipyrromethene,A series of fluorescent borondipyrromethene,0.6356358
MT2022_2025,W4401349719,130,auto,Meanwhile,boron,- dipyrromethene labeled,Meanwhile boron - dipyrromethene labeled,0.6405281
MT2022_2025,W4401349719,131,auto,469,470,471 472 473,469 470 471 472 473,0.63227254
MT2022_2025,W4401349719,132,auto,Nanotechnology,and,other detection technologies,Nanotechnology and other detection technologies,0.56674767
MT2022_2025,W4401349719,133,auto,In,addition,to the common,In addition to the common,0.6405399
MT2022_2025,W4401349719,134,auto,Some,of,the most commonly,Some of the most commonly,0.5725263
MT2022_2025,W4401349719,135,auto,These,include,"PSA , a","These include PSA , a",0.629124
MT2022_2025,W4401349719,136,auto,368,",","483 , 484","368 , 483 , 484",0.67884296
MT2022_2025,W4401349719,137,auto,Different,affinities,between boric acid,Different affinities between boric acid,0.77414405
MT2022_2025,W4401349719,138,auto,Simplifies,analysis,of N -,Simplifies analysis of N -,0.67053
MT2022_2025,W4401349719,139,auto,Good,reusability,and thermal stability,Good reusability and thermal stability,0.7324579
MT2022_2025,W4401349719,140,auto,Incomplete,deglycosylation,may lead to,Incomplete deglycosylation may lead to,0.5861597
MT2022_2025,W4401349719,141,auto,diverse,functions,and play crucial,diverse functions and play crucial,0.7221445
MT2022_2025,W4401349719,142,auto,Targeted,therapies,"at glycosylation ,","Targeted therapies at glycosylation ,",0.7522185
MT2022_2025,W4401349719,143,auto,Catalyze,the,non-lysosomal hydrolysis of,Catalyze the non-lysosomal hydrolysis of,0.70854306
MT2022_2025,W4401349719,144,auto,Table,1,. 1 Diagnostic,Table 1 . 1 Diagnostic,0.62246597
MT2022_2025,W4401349719,145,auto,Wide,range,of pH values,Wide range of pH values,0.76263213
MT2022_2025,W4401349719,146,auto,Multiple,metal,ions can be,Multiple metal ions can be,0.72294784
MT2022_2025,W4401349719,147,auto,Reference,519-523,524 525-527 528,Reference 519-523 524 525-527 528,0.8303331
MT2022_2025,W4401349719,148,auto,Limitations,Lectin,specificity needs to,Limitations Lectin specificity needs to,0.6272557
MT2022_2025,W4401349719,149,auto,Complicated,experimental,"procedures , especially","Complicated experimental procedures , especially",0.63663566
MT2022_2025,W4401349719,150,auto,Co,-expression,of glycopeptides and,Co -expression of glycopeptides and,0.7181067
MT2022_2025,W4401349719,151,auto,Cannot,be,used on proteins,Cannot be used on proteins,0.5981453
MT2022_2025,W4401349719,152,auto,Some,amino,acids are susceptible,Some amino acids are susceptible,0.7019991
MT2022_2025,W4401349719,153,auto,Advantages,Widely,used for the,Advantages Widely used for the,0.69376
MT2022_2025,W4401349719,154,auto,Multilectin,affinity,chromatography allows for,Multilectin affinity chromatography allows for,0.69669163
MT2022_2025,W4401349719,155,auto,Simplified,protein,glycosylation and effective,Simplified protein glycosylation and effective,0.71731234
MT2022_2025,W4401349719,156,auto,Preserves,the,structure of intact,Preserves the structure of intact,0.73778194
MT2022_2025,W4401349719,157,auto,Enriches,all,types of intact,Enriches all types of intact,0.6495816
MT2022_2025,W4401349719,158,auto,Suitable,for,analyzing compounds in,Suitable for analyzing compounds in,0.67620534
MT2022_2025,W4401349719,159,auto,Does,not,require expensive ion,Does not require expensive ion,0.7076625
MT2022_2025,W4401349719,160,auto,Principle,Isolation,and enrichment of,Principle Isolation and enrichment of,0.7266747
MT2022_2025,W4401349719,161,auto,Trapping,of,glycopeptides by formation,Trapping of glycopeptides by formation,0.5428166
MT2022_2025,W4401349719,162,auto,Removal,of,the N -,Removal of the N -,0.6598731
MT2022_2025,W4401349719,163,auto,A,broad,- spectrum enrichment,A broad - spectrum enrichment,0.6994968
MT2022_2025,W4401349719,164,auto,Glycosylated,peptides,are negatively charged,Glycosylated peptides are negatively charged,0.7295504
MT2022_2025,W4401349719,165,auto,Enrichment,of,intact glycopeptides using,Enrichment of intact glycopeptides using,0.5579217
MT2022_2025,W4401349719,167,auto,Hydrazine,chemical,enrichment HILIC MAC,Hydrazine chemical enrichment HILIC MAC,0.7456793
MT2022_2025,W4401349719,168,auto,Glycosylation,:,"mechanisms , biological","Glycosylation : mechanisms , biological",0.5844804
MT2022_2025,W4401349719,169,auto,He,et,"al. 532,533 466,534,535","He et al. 532,533 466,534,535",0.5173412
MT2022_2025,W4401349719,170,auto,Severe,overlap,of signal peaks,Severe overlap of signal peaks,0.72353476
MT2022_2025,W4401349719,171,auto,Multidimensional,NMR,requires milligram samples,Multidimensional NMR requires milligram samples,0.5909559
MT2022_2025,W4401349719,172,auto,Unable,to,quantify glycosylation levels,Unable to quantify glycosylation levels,0.6267808
MT2022_2025,W4401349719,173,auto,Detection,of,low abundance molecules,Detection of low abundance molecules,0.6124553
MT2022_2025,W4401349719,174,auto,nuclear,magnetic,resonance NMR Caused,nuclear magnetic resonance NMR Caused,0.8033616
MT2022_2025,W4401349719,175,auto,Binding,affinity,and epitope information,Binding affinity and epitope information,0.71786153
MT2022_2025,W4401349719,176,auto,Analyze,the,"structure , conformation","Analyze the structure , conformation",0.68558276
MT2022_2025,W4401349719,177,auto,Regardless,of,molecular size and,Regardless of molecular size and,0.6529291
MT2022_2025,W4401349719,178,auto,Raman,imaging,Utilizes spectral and,Raman imaging Utilizes spectral and,0.7693065
MT2022_2025,W4401349719,179,auto,sensitivity,and,"specificity , without","sensitivity and specificity , without",0.53863376
MT2022_2025,W4401349719,180,auto,Ability,to,record vibrational spectra,Ability to record vibrational spectra,0.6417904
MT2022_2025,W4401349719,181,auto,Other,detection,technologies Glycosylation -,Other detection technologies Glycosylation -,0.7718085
MT2022_2025,W4401349719,182,auto,LAC,lectin,"affinity chromatography ,","LAC lectin affinity chromatography ,",0.7601306
MT2022_2025,W4401349719,183,auto,Glycosylation,:,"mechanisms , biological","Glycosylation : mechanisms , biological",0.5844804
MT2022_2025,W4401349719,184,auto,Glycosylation,:,"mechanisms , biological","Glycosylation : mechanisms , biological",0.5844804
MT2022_2025,W4401349719,187,auto,This,study,was supported by,This study was supported by,0.4810544
MT2022_2025,W4401349719,188,auto,Shandong,Provincial,Natural Science Foundation,Shandong Provincial Natural Science Foundation,0.5420706
MT2022_2025,W4401349719,189,auto,1213,Taishan,Scholars Program of,1213 Taishan Scholars Program of,0.69203055
MT2022_2025,W4401349719,190,auto,M.Y.H.,and,X.X.Z. did literature,M.Y.H. and X.X.Z. did literature,0.549668
MT2022_2025,W4401349719,191,auto,X.W.,and,X.X.Z. revised the,X.W. and X.X.Z. revised the,0.5452362
MT2022_2025,W4401349719,192,auto,All,authors,have read and,All authors have read and,0.584901
MT2022_2025,W4401349719,194,auto,Competing,interests,: The authors,Competing interests : The authors,0.60459423
MT2022_2025,W4401349719,195,auto,Jr,Protein,posttranslational modifications :,Jr Protein posttranslational modifications :,0.68603826
MT2022_2025,W4401349719,197,auto,Int.,Ed.,Engl 44 2005,Int. Ed. Engl 44 2005,0.753897
MT2022_2025,W4401349719,198,auto,Altered,cell,adhesion and glycosylation,Altered cell adhesion and glycosylation,0.701628
MT2022_2025,W4401349719,199,auto,Macromol,236,123818 2023,Macromol 236 123818 2023,0.64458764
MT2022_2025,W4401349719,200,auto,Roles,of,glycosylation at the,Roles of glycosylation at the,0.60875475
MT2022_2025,W4401349719,201,auto,Biol,14,199 2018,Biol 14 199 2018,0.49167094
MT2022_2025,W4401349719,202,auto,Role,of,protein glycosylation in,Role of protein glycosylation in,0.62374735
MT2022_2025,W4401349719,203,auto,Glycome,project,": concept ,","Glycome project : concept ,",0.7091218
MT2022_2025,W4401349719,205,auto,Biol,21,2011 Tissue -,Biol 21 2011 Tissue -,0.58070475
MT2022_2025,W4401349719,206,auto,Dolichol,-,linked oligosaccharide selection,Dolichol - linked oligosaccharide selection,0.5411548
MT2022_2025,W4401349719,208,auto,Up,-,regulation of Golgi,Up - regulation of Golgi,0.5850059
MT2022_2025,W4401349719,209,auto,Commun,1,2017 LMAN1 (,Commun 1 2017 LMAN1 (,0.557613
MT2022_2025,W4401349719,210,auto,Res,Commun,464 2015 Hepatitis,Res Commun 464 2015 Hepatitis,0.6595016
MT2022_2025,W4401349719,211,auto,N,-,linked protein glycosylation,N - linked protein glycosylation,0.5488144
MT2022_2025,W4401349719,213,auto,Mannose,receptor,- mediated endothelial,Mannose receptor - mediated endothelial,0.67446977
MT2022_2025,W4401349719,214,auto,Mining,the,O - glycoproteome,Mining the O - glycoproteome,0.6023189
MT2022_2025,W4401349719,215,auto,All,in,the family :,All in the family :,0.51155525
MT2022_2025,W4401349719,216,auto,Control,of,mucin - type,Control of mucin - type,0.57995063
MT2022_2025,W4401349719,217,auto,Fueling,the,fire : emerging,Fueling the fire : emerging,0.6836602
MT2022_2025,W4401349719,218,auto,Single,-,cell transcriptomic analysis,Single - cell transcriptomic analysis,0.55361587
MT2022_2025,W4401349719,219,auto,Immunol,7,1803 2022 Misfolded,Immunol 7 1803 2022 Misfolded,0.57386804
MT2022_2025,W4401349719,220,auto,Soc.,Rev,41 2012,Soc. Rev 41 2012,0.6201868
MT2022_2025,W4401349719,221,auto,Roles,of,N - linked,Roles of N - linked,0.5642769
MT2022_2025,W4401349719,222,auto,Role,of,glycosylation in nucleating,Role of glycosylation in nucleating,0.58290726
MT2022_2025,W4401349719,224,auto,Biol,8,1998 Glycosylation -,Biol 8 1998 Glycosylation -,0.5949572
MT2022_2025,W4401349719,225,auto,Sci.,USA,119 2107453119 2022,Sci. USA 119 2107453119 2022,0.64761806
MT2022_2025,W4401349719,226,auto,Branched,-,chain amino acid,Branched - chain amino acid,0.60288054
MT2022_2025,W4401349719,227,auto,N,-,glycosylation is crucial,N - glycosylation is crucial,0.5968289
MT2022_2025,W4401349719,228,auto,Phase,Separation,as a Missing,Phase Separation as a Missing,0.7271246
MT2022_2025,W4401349719,229,auto,Phase,separation,drives tumor pathogenesis,Phase separation drives tumor pathogenesis,0.6979038
MT2022_2025,W4401349719,231,auto,Chem.,Biol,75 102314 2023,Chem. Biol 75 102314 2023,0.57475436
MT2022_2025,W4401349719,232,auto,The,mechanical,regulation of integrincadherin,The mechanical regulation of integrincadherin,0.60834575
MT2022_2025,W4401349719,233,auto,The,roles,of cell adhesion,The roles of cell adhesion,0.6165208
MT2022_2025,W4401349719,234,auto,N,-,glycosylation affects the,N - glycosylation affects the,0.5645659
MT2022_2025,W4401349719,235,auto,Chem,281,2006 Modulation of,Chem 281 2006 Modulation of,0.63201827
MT2022_2025,W4401349719,236,auto,Rev,79,1999 Selectins :,Rev 79 1999 Selectins :,0.49635953
MT2022_2025,W4401349719,237,auto,Opin.,Cell,Biol 14 2002,Opin. Cell Biol 14 2002,0.5899553
MT2022_2025,W4401349719,238,auto,The,role,of selectins in,The role of selectins in,0.6553743
MT2022_2025,W4401349719,239,auto,The,C,- type lectin,The C - type lectin,0.65039635
MT2022_2025,W4401349719,241,auto,Selectin,-,mediated signaling -,Selectin - mediated signaling -,0.6251156
MT2022_2025,W4401349719,242,auto,Siglecs,and,their roles in,Siglecs and their roles in,0.5372024
MT2022_2025,W4401349719,243,auto,Rev.,Immunol,7 2007,Rev. Immunol 7 2007,0.6549469
MT2022_2025,W4401349719,244,auto,Self,-,associated molecular patterns,Self - associated molecular patterns,0.6415722
MT2022_2025,W4401349719,246,auto,The,mucin,MUC1 modulates the,The mucin MUC1 modulates the,0.71298105
MT2022_2025,W4401349719,247,auto,Immunol,17,2016 Integrins and,Immunol 17 2016 Integrins and,0.5309347
MT2022_2025,W4401349719,248,auto,Rev.,Cancer,10 2010,Rev. Cancer 10 2010,0.58983403
MT2022_2025,W4401349719,249,auto,Integrin,signaling,inhibits paclitaxel -,Integrin signaling inhibits paclitaxel -,0.77458644
MT2022_2025,W4401349719,250,auto,46,2023,C1GALT1 promotes invasive,46 2023 C1GALT1 promotes invasive,0.52212715
MT2022_2025,W4401349719,251,auto,The,clinical,impact of glycobiology,The clinical impact of glycobiology,0.6059295
MT2022_2025,W4401349719,252,auto,Rev.,Drug,Discov 20 2021,Rev. Drug Discov 20 2021,0.62405616
MT2022_2025,W4401349719,253,auto,Glycosylation,and,the immune system,Glycosylation and the immune system,0.5533028
MT2022_2025,W4401349719,254,auto,Regulatory,circuits,mediated by lectin,Regulatory circuits mediated by lectin,0.70794654
MT2022_2025,W4401349719,255,auto,Immunol,9,2008 Targeting cancer,Immunol 9 2008 Targeting cancer,0.5766669
MT2022_2025,W4401349719,256,auto,Med,14,1270 2022,Med 14 1270 2022,0.52169526
MT2022_2025,W4401349719,257,auto,Sialoglycans,and,siglecs can shape,Sialoglycans and siglecs can shape,0.4988066
MT2022_2025,W4401349719,258,auto,Role,of,siglecs and related,Role of siglecs and related,0.53169924
MT2022_2025,W4401349719,259,auto,Immunol,135,2015 Siglec 15,Immunol 135 2015 Siglec 15,0.56604505
MT2022_2025,W4401349719,261,auto,Glycocalyx,engineering,reveals a Siglec,Glycocalyx engineering reveals a Siglec,0.56290185
MT2022_2025,W4401349719,263,auto,Loss,of,effector function of,Loss of effector function of,0.65675104
MT2022_2025,W4401349719,264,auto,Chem,287,2012 Galectin -,Chem 287 2012 Galectin -,0.61989504
MT2022_2025,W4401349719,265,auto,T,cell,exclusion in the,T cell exclusion in the,0.6725978
MT2022_2025,W4401349719,266,auto,Invest,129,2019 Galectin -,Invest 129 2019 Galectin -,0.55901206
MT2022_2025,W4401349719,267,auto,Notch,signaling,pathway : architecture,Notch signaling pathway : architecture,0.7945208
MT2022_2025,W4401349719,268,auto,Target,Ther,7 95 2022,Target Ther 7 95 2022,0.6839907
MT2022_2025,W4401349719,269,auto,The,canonical,Notch signaling pathway,The canonical Notch signaling pathway,0.61846423
MT2022_2025,W4401349719,270,auto,Notch,signaling,in normal and,Notch signaling in normal and,0.7493129
MT2022_2025,W4401349719,271,auto,Mol.,Med,7 2007,Mol. Med 7 2007,0.73763645
MT2022_2025,W4401349719,272,auto,Role,of,glycosylation of Notch,Role of glycosylation of Notch,0.56974447
MT2022_2025,W4401349719,273,auto,Two,novel,protein O-glucosyltransferases that,Two novel protein O-glucosyltransferases that,0.6058764
MT2022_2025,W4401349719,275,auto,Sci.,USA,115 2018 E8395-E8402,Sci. USA 115 2018 E8395-E8402,0.51306415
MT2022_2025,W4401349719,276,auto,O,-,glycosylation of EGF,O - glycosylation of EGF,0.59223497
MT2022_2025,W4401349719,277,auto,The,paradox,of 20q11.21 amplification,The paradox of 20q11.21 amplification,0.60104537
MT2022_2025,W4401349719,279,auto,Fringe,is,a glycosyltransferase that,Fringe is a glycosyltransferase that,0.60254896
MT2022_2025,W4401349719,280,auto,Sci.,USA,98 2001 Intracellular,Sci. USA 98 2001 Intracellular,0.60575694
MT2022_2025,W4401349719,281,auto,Ogt,controls,neural stem /,Ogt controls neural stem /,0.69469273
MT2022_2025,W4401349719,285,auto,Notch,-,dependent control of,Notch - dependent control of,0.5120333
MT2022_2025,W4401349719,286,auto,The,JAK,/ STAT signaling,The JAK / STAT signaling,0.65919685
MT2022_2025,W4401349719,287,auto,Target,Ther,6 402 2021,Target Ther 6 402 2021,0.6712358
MT2022_2025,W4401349719,289,auto,A,role,for STAT5A /,A role for STAT5A /,0.6207167
MT2022_2025,W4401349719,290,auto,The,coactivator,of transcription CREB,The coactivator of transcription CREB,0.7796479
MT2022_2025,W4401349719,291,auto,Chem,279,2004 O -,Chem 279 2004 O -,0.6267155
MT2022_2025,W4401349719,292,auto,Inflammation,-,induced glycolytic switch,Inflammation - induced glycolytic switch,0.5329763
MT2022_2025,W4401349719,293,auto,Cancer,Res,40 149 2021,Cancer Res 40 149 2021,0.5646489
MT2022_2025,W4401349719,294,auto,Chem,289,2014 Sialylation of,Chem 289 2014 Sialylation of,0.5738756
MT2022_2025,W4401349719,295,auto,Chem,296,100119 2021,Chem 296 100119 2021,0.7202821
MT2022_2025,W4401349719,296,auto,Wnt,/,beta - Catenin,Wnt / beta - Catenin,0.5116854
MT2022_2025,W4401349719,297,auto,Wnt,signaling,in cancer :,Wnt signaling in cancer :,0.67580134
MT2022_2025,W4401349719,298,auto,V,modulates,breast cancer stem,V modulates breast cancer stem,0.7198491
MT2022_2025,W4401349719,299,auto,Treat,52,2020 GALNT1 enhances,Treat 52 2020 GALNT1 enhances,0.55901283
MT2022_2025,W4401349719,301,auto,Targeting,protein,modifications in metabolic,Targeting protein modifications in metabolic,0.66302145
MT2022_2025,W4401349719,302,auto,Target,Ther,8 220 2023,Target Ther 8 220 2023,0.6768874
MT2022_2025,W4401349719,303,auto,Arginine,methylation,of MDH1 by,Arginine methylation of MDH1 by,0.69271195
MT2022_2025,W4401349719,304,auto,Biol,18,2022 Multiple roles,Biol 18 2022 Multiple roles,0.5047331
MT2022_2025,W4401349719,305,auto,Acute,myeloid,leukemia : 2023,Acute myeloid leukemia : 2023,0.7088511
MT2022_2025,W4401349719,306,auto,Anchoring,of,FLT3 in the,Anchoring of FLT3 in the,0.55238533
MT2022_2025,W4401349719,307,auto,Invest,122,2012 Antileukemic activity,Invest 122 2012 Antileukemic activity,0.49607077
MT2022_2025,W4401349719,308,auto,Tyrosine,kinase,inhibition increases the,Tyrosine kinase inhibition increases the,0.7029305
MT2022_2025,W4401349719,309,auto,A,chemo,- enzymatically linked,A chemo - enzymatically linked,0.7103942
MT2022_2025,W4401349719,310,auto,Exp.,Hematop,51 2011 O,Exp. Hematop 51 2011 O,0.6583914
MT2022_2025,W4401349719,311,auto,Acta,Rev.,Cancer 1878 189004,Acta Rev. Cancer 1878 189004,0.57026446
MT2022_2025,W4401349719,312,auto,Interferon,-,gamma increases the,Interferon - gamma increases the,0.6506099
MT2022_2025,W4401349719,313,auto,Targeting,B,cell receptor signalling,Targeting B cell receptor signalling,0.67481405
MT2022_2025,W4401349719,314,auto,Immunoglobulin,gene,repertoire in chronic,Immunoglobulin gene repertoire in chronic,0.6487702
MT2022_2025,W4401349719,317,auto,Dis,4,2012052 2012 Multitasking,Dis 4 2012052 2012 Multitasking,0.6424696
MT2022_2025,W4401349719,318,auto,Lower,levels,of surface B,Lower levels of surface B,0.74820507
MT2022_2025,W4401349719,320,auto,High,throughput,sequencing analysis of,High throughput sequencing analysis of,0.6772201
MT2022_2025,W4401349719,321,auto,Chem,282,2007 Follicular lymphoma,Chem 282 2007 Follicular lymphoma,0.6429591
MT2022_2025,W4401349719,322,auto,The,Non-Hodgkin's,lymphoma classification project,The Non-Hodgkin's lymphoma classification project,0.57152873
MT2022_2025,W4401349719,323,auto,Chem,282,2007 Glycosylation of,Chem 282 2007 Glycosylation of,0.5906323
MT2022_2025,W4401349719,324,auto,An,anti-apoptotic,role for galectin,An anti-apoptotic role for galectin,0.6781341
MT2022_2025,W4401349719,325,auto,Galectin,-,3 binds to,Galectin - 3 binds to,0.5803507
MT2022_2025,W4401349719,326,auto,Biol,2,392 2019 PD,Biol 2 392 2019 PD,0.66855
MT2022_2025,W4401349719,329,auto,Retrospective,study,of monoclonal gammopathies,Retrospective study of monoclonal gammopathies,0.53785384
MT2022_2025,W4401349719,330,auto,Chem.,Lab,Med 45 2007,Chem. Lab Med 45 2007,0.65535384
MT2022_2025,W4401349719,331,auto,Four,keys,to unlock IgG,Four keys to unlock IgG,0.7112224
MT2022_2025,W4401349719,332,auto,Glycosylation,at,the Fab portion,Glycosylation at the Fab portion,0.5905785
MT2022_2025,W4401349719,333,auto,An,N,- glycosylation hotspot,An N - glycosylation hotspot,0.6226405
MT2022_2025,W4401349719,334,auto,Oncol,14,103 2021,Oncol 14 103 2021,0.56447184
MT2022_2025,W4401349719,335,auto,Novel,therapeutics,in myeloproliferative neoplasms,Novel therapeutics in myeloproliferative neoplasms,0.7077802
MT2022_2025,W4401349719,336,auto,Oncol,13,162 2020 /,Oncol 13 162 2020 /,0.59986246
MT2022_2025,W4401349719,337,auto,Whole,-,genome CRISPR screening,Whole - genome CRISPR screening,0.56458056
MT2022_2025,W4401349719,338,auto,Severe,congenital,neutropenias J Skokowa,Severe congenital neutropenias J Skokowa,0.6184072
MT2022_2025,W4401349719,339,auto,Oncogenic,CSF3R,mutations in chronic,Oncogenic CSF3R mutations in chronic,0.6873738
MT2022_2025,W4401349719,340,auto,Ligand,independence,of the T618I,Ligand independence of the T618I,0.56681496
MT2022_2025,W4401349719,341,auto,Chem,289,2014 T618I CSF3R,Chem 289 2014 T618I CSF3R,0.5600183
MT2022_2025,W4401349719,342,auto,Res.,Commun,523 2020,Res. Commun 523 2020,0.64741296
MT2022_2025,W4401349719,343,auto,A,novel,germline variant in,A novel germline variant in,0.6332226
MT2022_2025,W4401349719,345,auto,Sci.,USA,59 1968 Initiation,Sci. USA 59 1968 Initiation,0.60150236
MT2022_2025,W4401349719,347,auto,Sci.,USA,110 2013 MALDI,Sci. USA 110 2013 MALDI,0.61405426
MT2022_2025,W4401349719,348,auto,Current,relevance,of incomplete synthesis,Current relevance of incomplete synthesis,0.5735297
MT2022_2025,W4401349719,349,auto,Acta,1780,2008 Up -,Acta 1780 2008 Up -,0.70297104
MT2022_2025,W4401349719,351,auto,Sci.,USA,99 2002,Sci. USA 99 2002,0.652516
MT2022_2025,W4401349719,352,auto,Increased,expression,of UDP -,Increased expression of UDP -,0.6438225
MT2022_2025,W4401349719,353,auto,A,mutant,chaperone converts a,A mutant chaperone converts a,0.7456108
MT2022_2025,W4401349719,356,auto,Sci.,USA,99 2002 Global,Sci. USA 99 2002 Global,0.6177437
MT2022_2025,W4401349719,358,auto,Med,15,8469 2023,Med 15 8469 2023,0.5323426
MT2022_2025,W4401349719,359,auto,Identification,of,distinct N -,Identification of distinct N -,0.6761746
MT2022_2025,W4401349719,360,auto,Chem,298,101950 2022,Chem 298 101950 2022,0.6868486
MT2022_2025,W4401349719,361,auto,N,-,glycosylation regulates MET,N - glycosylation regulates MET,0.5937308
MT2022_2025,W4401349719,362,auto,Aberrant,glycosylation,promotes lung cancer,Aberrant glycosylation promotes lung cancer,0.6928868
MT2022_2025,W4401349719,363,auto,Cancer,Res,42 146 2023,Cancer Res 42 146 2023,0.5529949
MT2022_2025,W4401349719,364,auto,Removal,of,N - linked,Removal of N - linked,0.6079226
MT2022_2025,W4401349719,365,auto,Comprehensive,serum,N - glycan,Comprehensive serum N - glycan,0.60092175
MT2022_2025,W4401349719,366,auto,Proteogenomic,characterization,of human early,Proteogenomic characterization of human early,0.72056276
MT2022_2025,W4401349719,367,auto,N,-,glycosylation regulates intrinsic,N - glycosylation regulates intrinsic,0.5441189
MT2022_2025,W4401349719,368,auto,Signal,21,63 2023,Signal 21 63 2023,0.6683471
MT2022_2025,W4401349719,369,auto,Colorectal,cancer,metastasis determined by,Colorectal cancer metastasis determined by,0.6143313
MT2022_2025,W4401349719,370,auto,The,ligation,"between ERMAP ,","The ligation between ERMAP ,",0.6842526
MT2022_2025,W4401349719,371,auto,Immunol,24,2023 Systemic delivery,Immunol 24 2023 Systemic delivery,0.5559344
MT2022_2025,W4401349719,372,auto,J,18,2001 Clinical correlations,J 18 2001 Clinical correlations,0.5481913
MT2022_2025,W4401349719,373,auto,19,2000,Cell surface sialoprotein,19 2000 Cell surface sialoprotein,0.6865402
MT2022_2025,W4401349719,374,auto,Chem,280,2005 Emerging role,Chem 280 2005 Emerging role,0.61430717
MT2022_2025,W4401349719,375,auto,Chem,286,2011 Selectin ligands,Chem 286 2011 Selectin ligands,0.5873878
MT2022_2025,W4401349719,376,auto,Increased,expression,of sialyl Lewisx,Increased expression of sialyl Lewisx,0.7438088
MT2022_2025,W4401349719,377,auto,Oncol,78,2001 Roles of,Oncol 78 2001 Roles of,0.49215326
MT2022_2025,W4401349719,378,auto,Acta,Rev.,Cancer 1875 188409,Acta Rev. Cancer 1875 188409,0.5238899
MT2022_2025,W4401349719,379,auto,Glycosylation,in,cervical cancer :,Glycosylation in cervical cancer :,0.59109724
MT2022_2025,W4401349719,380,auto,Protein,glycosylation,as biomarkers in,Protein glycosylation as biomarkers in,0.778296
MT2022_2025,W4401349719,381,auto,Glycosyltransferase,-,related prognostic and,Glycosyltransferase - related prognostic and,0.60688484
MT2022_2025,W4401349719,382,auto,Med,163,107164 2023 Altered,Med 163 107164 2023 Altered,0.71727556
MT2022_2025,W4401349719,384,auto,Chem,413,2021 Targeting CD24,Chem 413 2021 Targeting CD24,0.64589083
MT2022_2025,W4401349719,385,auto,Signal,21,312 2023 BTN3A1,Signal 21 312 2023 BTN3A1,0.5604182
MT2022_2025,W4401349719,386,auto,Urokinase,plasminogen,activator receptor :,Urokinase plasminogen activator receptor :,0.69320184
MT2022_2025,W4401349719,387,auto,Sci.,USA,99 2002,Sci. USA 99 2002,0.65251607
MT2022_2025,W4401349719,388,auto,The,role,of ApoE expression,The role of ApoE expression,0.61913186
MT2022_2025,W4401349719,389,auto,Attenuation,of,sialylation augments antitumor,Attenuation of sialylation augments antitumor,0.5914526
MT2022_2025,W4401349719,390,auto,Glycosylation,in,breast cancer progression,Glycosylation in breast cancer progression,0.54889953
MT2022_2025,W4401349719,391,auto,Role,of,glycosylation in breast,Role of glycosylation in breast,0.5538767
MT2022_2025,W4401349719,392,auto,Macromol,236,123855 2023 FUT8,Macromol 236 123855 2023 FUT8,0.6553859
MT2022_2025,W4401349719,393,auto,The,tumor,- derived cytokine,The tumor - derived cytokine,0.72761905
MT2022_2025,W4401349719,394,auto,Invest,117,2007 Involvement of,Invest 117 2007 Involvement of,0.55925333
MT2022_2025,W4401349719,396,auto,Biol,1,3129 2009,Biol 1 3129 2009,0.6399752
MT2022_2025,W4401349719,397,auto,Syndecan,-,1 depletion has,Syndecan - 1 depletion has,0.5220345
MT2022_2025,W4401349719,398,auto,Cancer,metabolism,and elevated O,Cancer metabolism and elevated O,0.7771134
MT2022_2025,W4401349719,400,auto,Nutrient,sensor,O - GlcNAc,Nutrient sensor O - GlcNAc,0.6584206
MT2022_2025,W4401349719,401,auto,Invest,133,164428 2023 RPN2,Invest 133 164428 2023 RPN2,0.5572966
MT2022_2025,W4401349719,402,auto,Protein,glycosylation,in cancers and,Protein glycosylation in cancers and,0.80487275
MT2022_2025,W4401349719,403,auto,Oncol,9,100 2016 Limited,Oncol 9 100 2016 Limited,0.5923012
MT2022_2025,W4401349719,404,auto,2021,EGFR,is a potential,2021 EGFR is a potential,0.66961294
MT2022_2025,W4401349719,405,auto,Detecting,tumor,antigen - specific,Detecting tumor antigen - specific,0.6520707
MT2022_2025,W4401349719,406,auto,Targeting,tumor,vascular CD99 inhibits,Targeting tumor vascular CD99 inhibits,0.66176385
MT2022_2025,W4401349719,407,auto,Gene,co-expression,network analysis reveals,Gene co-expression network analysis reveals,0.75872284
MT2022_2025,W4401349719,408,auto,Immunopathogenic,mechanisms,of systemic autoimmune,Immunopathogenic mechanisms of systemic autoimmune,0.7016747
MT2022_2025,W4401349719,409,auto,Effects,of,terminal galactose residues,Effects of terminal galactose residues,0.6177211
MT2022_2025,W4401349719,410,auto,Immunol,44,2007 Recapitulation of,Immunol 44 2007 Recapitulation of,0.42782164
MT2022_2025,W4401349719,411,auto,Rev,20,102804 2021 Abberant,Rev 20 102804 2021 Abberant,0.62903607
MT2022_2025,W4401349719,413,auto,Chem,409,2017 Association of,Chem 409 2017 Association of,0.53494966
MT2022_2025,W4401349719,414,auto,Autoantibody,activity,of IgG rheumatoid,Autoantibody activity of IgG rheumatoid,0.67017525
MT2022_2025,W4401349719,415,auto,Ther,19,160 2017 Synovial,Ther 19 160 2017 Synovial,0.56970066
MT2022_2025,W4401349719,416,auto,Rev.,Rheumatol,13 2017,Rev. Rheumatol 13 2017,0.58974165
MT2022_2025,W4401349719,417,auto,Integrative,proteomics,and N -,Integrative proteomics and N -,0.64660233
MT2022_2025,W4401349719,418,auto,Loss,of,alpha2 - 6,Loss of alpha2 - 6,0.6473474
MT2022_2025,W4401349719,419,auto,Anti,-,double stranded DNA,Anti - double stranded DNA,0.63650924
MT2022_2025,W4401349719,420,auto,Fucosylation,of,anti-dsDNA IgG1 correlates,Fucosylation of anti-dsDNA IgG1 correlates,0.5413538
MT2022_2025,W4401349719,421,auto,Sci.,USA,98 2001 Protein,Sci. USA 98 2001 Protein,0.60815793
MT2022_2025,W4401349719,422,auto,Arthritis,Rheumatol,I Alves 2021,Arthritis Rheumatol I Alves 2021,0.63724816
MT2022_2025,W4401349719,423,auto,Care,50,2023 Intestinal epithelial,Care 50 2023 Intestinal epithelial,0.54643726
MT2022_2025,W4401349719,424,auto,Hepatol,17,2020 Plasma N,Hepatol 17 2020 Plasma N,0.55530334
MT2022_2025,W4401349719,425,auto,Bowel,Dis,21 2015,Bowel Dis 21 2015,0.6204643
MT2022_2025,W4401349719,426,auto,Glycosylation,of,immunoglobulin G associates,Glycosylation of immunoglobulin G associates,0.6039299
MT2022_2025,W4401349719,427,auto,Core,fucosylation,on T cells,Core fucosylation on T cells,0.68937093
MT2022_2025,W4401349719,428,auto,Bowel,Dis,19 2013 Galectin,Bowel Dis 19 2013 Galectin,0.6327759
MT2022_2025,W4401349719,429,auto,Bowel,Dis,12 2006,Bowel Dis 12 2006,0.6612017
MT2022_2025,W4401349719,430,auto,Inducible,colitis,- associated glycome,Inducible colitis - associated glycome,0.6634439
MT2022_2025,W4401349719,431,auto,T,cells,A Nishida J.,T cells A Nishida J.,0.53512186
MT2022_2025,W4401349719,432,auto,Bile,acids,and intestinal microbiota,Bile acids and intestinal microbiota,0.77178085
MT2022_2025,W4401349719,433,auto,Rev,16,2017 Autoimmune hepatitis,Rev 16 2017 Autoimmune hepatitis,0.551526
MT2022_2025,W4401349719,435,auto,2023,Glycomic,analysis of antibody,2023 Glycomic analysis of antibody,0.7340764
MT2022_2025,W4401349719,437,auto,Genetic,predisposition,and environmental danger,Genetic predisposition and environmental danger,0.78385127
MT2022_2025,W4401349719,438,auto,T,cells,M Hardtke -,T cells M Hardtke -,0.5781073
MT2022_2025,W4401349719,439,auto,Deficient,O,- GlcNAc glycosylation,Deficient O - GlcNAc glycosylation,0.57871073
MT2022_2025,W4401349719,440,auto,Unravelling,the,pathogenesis of myasthenia,Unravelling the pathogenesis of myasthenia,0.6178049
MT2022_2025,W4401349719,441,auto,Acetylcholine,receptor,antibody in myasthenia,Acetylcholine receptor antibody in myasthenia,0.634451
MT2022_2025,W4401349719,442,auto,Exp.,Immunol,67 1987 Auto,Exp. Immunol 67 1987 Auto,0.6680754
MT2022_2025,W4401349719,443,auto,Med,7,2001 MuSK myasthenia,Med 7 2001 MuSK myasthenia,0.5633164
MT2022_2025,W4401349719,445,auto,Neuroinflamm,6,547 2019 Differences,Neuroinflamm 6 547 2019 Differences,0.64456147
MT2022_2025,W4401349719,446,auto,Immunol,151,2023 Electrostatic steering,Immunol 151 2023 Electrostatic steering,0.6009207
MT2022_2025,W4401349719,448,auto,Affinity,maturation,is required for,Affinity maturation is required for,0.7602741
MT2022_2025,W4401349719,449,auto,Elevated,N,- linked glycosylation,Elevated N - linked glycosylation,0.56482077
MT2022_2025,W4401349719,450,auto,Glycosylation,profile,of IgG in,Glycosylation profile of IgG in,0.64571595
MT2022_2025,W4401349719,451,auto,N,-,glycosylation of serum,N - glycosylation of serum,0.6114594
MT2022_2025,W4401349719,453,auto,Acta,543,117298 2023,Acta 543 117298 2023,0.7620509
MT2022_2025,W4401349719,454,auto,Human,plasma,IgG N -,Human plasma IgG N -,0.7131383
MT2022_2025,W4401349719,456,auto,Transcriptional,coactivator,PGC - 1,Transcriptional coactivator PGC - 1,0.7762344
MT2022_2025,W4401349719,457,auto,Med,Cell,Longev 5602396 2020,Med Cell Longev 5602396 2020,0.6351687
MT2022_2025,W4401349719,458,auto,2020,Cardiac,hypertrophy drives PGC,2020 Cardiac hypertrophy drives PGC,0.75351995
MT2022_2025,W4401349719,459,auto,Acta,Mol.,Basis Dis 1867,Acta Mol. Basis Dis 1867,0.5391927
MT2022_2025,W4401349719,460,auto,Increased,O,- GlcNAcylation induces,Increased O - GlcNAcylation induces,0.54254687
MT2022_2025,W4401349719,461,auto,Anim,56,2020 Overexpression of,Anim 56 2020 Overexpression of,0.49305126
MT2022_2025,W4401349719,462,auto,Glycosylation,of,blood cells during,Glycosylation of blood cells during,0.6244686
MT2022_2025,W4401349719,463,auto,Extracorporeal,blood,circulation in the,Extracorporeal blood circulation in the,0.6032755
MT2022_2025,W4401349719,464,auto,Haemost,119,2019 Opinion :,Haemost 119 2019 Opinion :,0.5677446
MT2022_2025,W4401349719,465,auto,On,the,way towards the,On the way towards the,0.80455065
MT2022_2025,W4401349719,466,auto,N,-,glycan profiles of,N - glycan profiles of,0.56033164
MT2022_2025,W4401349719,468,auto,J,17,"2019 Identification ,","J 17 2019 Identification ,",0.54022694
MT2022_2025,W4401349719,469,auto,Adv,66,108174 2023,Adv 66 108174 2023,0.65905625
MT2022_2025,W4401349719,470,auto,A,faster,- acting and,A faster - acting and,0.72843385
MT2022_2025,W4401349719,471,auto,Sci.,USA,91 1994,Sci. USA 91 1994,0.6521403
MT2022_2025,W4401349719,472,auto,Involvement,of,residues 296- 299,Involvement of residues 296- 299,0.62593096
MT2022_2025,W4401349719,473,auto,Haemost,70,1993 Pleiotropic and,Haemost 70 1993 Pleiotropic and,0.49975216
MT2022_2025,W4401349719,474,auto,Chem,286,2011 O -,Chem 286 2011 O -,0.5623062
MT2022_2025,W4401349719,475,auto,Site,-,specific glycoprofiles of,Site - specific glycoprofiles of,0.6008227
MT2022_2025,W4401349719,476,auto,The,cellular,fate of glucose,The cellular fate of glucose,0.6706661
MT2022_2025,W4401349719,477,auto,Rev,25,2004 Role of,Rev 25 2004 Role of,0.56394583
MT2022_2025,W4401349719,478,auto,A,component,of Alzheimer paired,A component of Alzheimer paired,0.7279705
MT2022_2025,W4401349719,479,auto,Chem,261,1986 O -,Chem 261 1986 O -,0.7321764
MT2022_2025,W4401349719,481,auto,Sci.,USA,101 2004,Sci. USA 101 2004,0.63924766
MT2022_2025,W4401349719,482,auto,A,potent,mechanism - inspired,A potent mechanism - inspired,0.6912833
MT2022_2025,W4401349719,484,auto,Biol,4,2008 O -,Biol 4 2008 O -,0.70950276
MT2022_2025,W4401349719,485,auto,Aging,34,2013 O -,Aging 34 2013 O -,0.5695833
MT2022_2025,W4401349719,486,auto,Sci.,USA,109 2012 Opinion,Sci. USA 109 2012 Opinion,0.6149013
MT2022_2025,W4401349719,487,auto,C,A,Ross M A,C A Ross M A,0.8314788
MT2022_2025,W4401349719,488,auto,Glycosylation,in,health and disease,Glycosylation in health and disease,0.5692306
MT2022_2025,W4401349719,489,auto,Quantitative,analysis,of serum IgG,Quantitative analysis of serum IgG,0.63030714
MT2022_2025,W4401349719,490,auto,Distribution,of,IgG galactosylation as,Distribution of IgG galactosylation as,0.6269373
MT2022_2025,W4401349719,491,auto,A,signature,based on glycosyltransferase,A signature based on glycosyltransferase,0.72483486
MT2022_2025,W4401349719,492,auto,The,ST6,Gal - I,The ST6 Gal - I,0.73249
MT2022_2025,W4401349719,494,auto,The,tumor,- associated glycosyltransferase,The tumor - associated glycosyltransferase,0.6762681
MT2022_2025,W4401349719,495,auto,Cancer,109,2022 Development of,Cancer 109 2022 Development of,0.5523666
MT2022_2025,W4401349719,496,auto,Protein,glycosylation,in urine as,Protein glycosylation in urine as,0.6444468
MT2022_2025,W4401349719,498,auto,Differential,glycosylation,levels in saliva,Differential glycosylation levels in saliva,0.804076
MT2022_2025,W4401349719,499,auto,Glycosylation,of,plasma IgG in,Glycosylation of plasma IgG in,0.6841235
MT2022_2025,W4401349719,500,auto,High,FUT3,expression is a,High FUT3 expression is a,0.6818791
MT2022_2025,W4401349719,501,auto,J,37,2020 Expression of,J 37 2020 Expression of,0.5531581
MT2022_2025,W4401349719,502,auto,(,Lausanne,) 13 1090324,( Lausanne ) 13 1090324,0.55058604
MT2022_2025,W4401349719,503,auto,A,novel,glycosylation - related,A novel glycosylation - related,0.71942925
MT2022_2025,W4401349719,504,auto,Acta,Rev.,Cancer 1875 188464,Acta Rev. Cancer 1875 188464,0.5112591
MT2022_2025,W4401349719,505,auto,A,disaccharide,- based inhibitor,A disaccharide - based inhibitor,0.72366184
MT2022_2025,W4401349719,506,auto,Cancer,Res,12 2006 2,Cancer Res 12 2006 2,0.5646178
MT2022_2025,W4401349719,507,auto,J,20,108 2023 2,J 20 108 2023 2,0.6439743
MT2022_2025,W4401349719,508,auto,Sialyl,-,Tn vaccine induces,Sialyl - Tn vaccine induces,0.59733766
MT2022_2025,W4401349719,509,auto,Acta,1856,2015 Glycosylated modification,Acta 1856 2015 Glycosylated modification,0.6624129
MT2022_2025,W4401349719,511,auto,Breast,tumor,targeting with (,Breast tumor targeting with (,0.6210385
MT2022_2025,W4401349719,514,auto,Induction,of,protective and therapeutic,Induction of protective and therapeutic,0.61645883
MT2022_2025,W4401349719,515,auto,T,cells,targeting the cancer,T cells targeting the cancer,0.64477897
MT2022_2025,W4401349719,516,auto,Cancer,Res,26 2020 Golgi,Cancer Res 26 2020 Golgi,0.61417884
MT2022_2025,W4401349719,517,auto,The,alpha-,glucosidase I inhibitor,The alpha- glucosidase I inhibitor,0.6946029
MT2022_2025,W4401349719,518,auto,Ther,191,2018 Obinutuzumab plus,Ther 191 2018 Obinutuzumab plus,0.56573206
MT2022_2025,W4401349719,519,auto,Mass,spectrometry,for structural characterization,Mass spectrometry for structural characterization,0.76104945
MT2022_2025,W4401349719,521,auto,The,impact,of glycosylation on,The impact of glycosylation on,0.7260143
MT2022_2025,W4401349719,522,auto,J,6,2011 Comparison of,J 6 2011 Comparison of,0.6574425
MT2022_2025,W4401349719,523,auto,Antigen,glycosylation,regulates efficacy of,Antigen glycosylation regulates efficacy of,0.77285457
MT2022_2025,W4401349719,524,auto,Sugar,ligand,- mediated drug,Sugar ligand - mediated drug,0.7034382
MT2022_2025,W4401349719,526,auto,Syst,23,2006 Association between,Syst 23 2006 Association between,0.53275865
MT2022_2025,W4401349719,527,auto,Glycosylation,of,OVA antigen -,Glycosylation of OVA antigen -,0.64237934
MT2022_2025,W4401349719,528,auto,Glyco,-,decorated tobacco mosaic,Glyco - decorated tobacco mosaic,0.5567186
MT2022_2025,W4401349719,531,auto,Targeted,hepatoma,chemotherapy in vivo,Targeted hepatoma chemotherapy in vivo,0.728408
MT2022_2025,W4401349719,532,auto,Glycosylation,of,PAMAM dendrimers significantly,Glycosylation of PAMAM dendrimers significantly,0.6423347
MT2022_2025,W4401349719,533,auto,Mannose,-,binding lectin :,Mannose - binding lectin :,0.62475705
MT2022_2025,W4401349719,534,auto,Res,7045630,2017 . 2017,Res 7045630 2017 . 2017,0.5888225
MT2022_2025,W4401349719,535,auto,Saccharide,modified,pharmaceutical nanocarriers for,Saccharide modified pharmaceutical nanocarriers for,0.6156557
MT2022_2025,W4401349719,538,auto,The,immunogenicity,of the tumor,The immunogenicity of the tumor,0.7032488
MT2022_2025,W4401349719,541,auto,Sci.,USA,96 1999,Sci. USA 96 1999,0.6494216
MT2022_2025,W4401349719,542,auto,Fully,synthetic,self - adjuvanting,Fully synthetic self - adjuvanting,0.65538937
MT2022_2025,W4401349719,543,auto,Sci,27,9 2020 D,Sci 27 9 2020 D,0.60979
MT2022_2025,W4401349719,544,auto,Pharm,35,1995 Assessment of,Pharm 35 1995 Assessment of,0.5073444
MT2022_2025,W4401349719,545,auto,In,vivo,antitumor activity of,In vivo antitumor activity of,0.7513163
MT2022_2025,W4401349719,548,auto,Sugar,codes,conjugated alginate :,Sugar codes conjugated alginate :,0.723982
MT2022_2025,W4401349719,549,auto,Devel,Ther,14 2020 Glucose,Devel Ther 14 2020 Glucose,0.6985795
MT2022_2025,W4401349719,551,auto,Dual,targeting,of innate and,Dual targeting of innate and,0.7368445
MT2022_2025,W4401349719,552,auto,Recent,development,in hydrophilic interaction,Recent development in hydrophilic interaction,0.77646786
MT2022_2025,W4401349719,553,auto,Methods,14,2022 Hydrophilic interaction,Methods 14 2022 Hydrophilic interaction,0.4245005
MT2022_2025,W4401349719,555,auto,Chem,410,2018 HILIC -,Chem 410 2018 HILIC -,0.6068992
MT2022_2025,W4401349719,557,auto,Chem,413,2021 Characterization of,Chem 413 2021 Characterization of,0.6725364
MT2022_2025,W4401349719,558,auto,A,1428,2016 Protein glycosylation,A 1428 2016 Protein glycosylation,0.61122376
MT2022_2025,W4401349719,559,auto,Detection,of,hypo - N,Detection of hypo - N,0.6999025
MT2022_2025,W4401349719,561,auto,Genet,Chapter,17 14 2007,Genet Chapter 17 14 2007,0.5572175
MT2022_2025,W4401349719,562,auto,Unit,A,semi - automated,Unit A semi - automated,0.6755895
MT2022_2025,W4401349719,564,auto,Identifying,N,- Glycan biomarkers,Identifying N - Glycan biomarkers,0.6010354
MT2022_2025,W4401349719,565,auto,Determination,of,glycosylation degree for,Determination of glycosylation degree for,0.66484594
MT2022_2025,W4401349719,566,auto,Profiling,the,proteoforms of urinary,Profiling the proteoforms of urinary,0.6274948
MT2022_2025,W4401349719,567,auto,N,-,glycan characterization by,N - glycan characterization by,0.5353876
MT2022_2025,W4401349719,568,auto,Biol,2370,2022 Identification of,Biol 2370 2022 Identification of,0.5751797
MT2022_2025,W4401349719,569,auto,High,-,throughput lectin microarray,High - throughput lectin microarray,0.5196716
MT2022_2025,W4401349719,570,auto,Protoc.,Protein,Sci 12 17,Protoc. Protein Sci 12 17,0.61189413
MT2022_2025,W4401349719,571,auto,Detection,and,verification of glycosylation,Detection and verification of glycosylation,0.6014024
MT2022_2025,W4401349719,572,auto,Chem,83,2011 Lectin microarrays,Chem 83 2011 Lectin microarrays,0.5411801
MT2022_2025,W4401349719,573,auto,Focused,differential,glycan analysis with,Focused differential glycan analysis with,0.6388174
MT2022_2025,W4401349719,574,auto,Cell,Proteom,8 2009,Cell Proteom 8 2009,0.6824593
MT2022_2025,W4401349719,575,auto,A,lectin,microarray approach for,A lectin microarray approach for,0.7115346
MT2022_2025,W4401349719,577,auto,Ther,10,2008 Screening of,Ther 10 2008 Screening of,0.62187994
MT2022_2025,W4401349719,578,auto,Chem,78,2006 Lectin -,Chem 78 2006 Lectin -,0.5845051
MT2022_2025,W4401349719,579,auto,J,Hirabayashi,Methods Mol. Biol,J Hirabayashi Methods Mol. Biol,0.40186176
MT2022_2025,W4401349719,580,auto,Native,detection,of protein O,Native detection of protein O,0.7357333
MT2022_2025,W4401349719,581,auto,Rapid,glycosylation,analysis of mouse,Rapid glycosylation analysis of mouse,0.73067904
MT2022_2025,W4401349719,583,auto,Microfluidic,capillary,electrophoresis - mass,Microfluidic capillary electrophoresis - mass,0.6782806
MT2022_2025,W4401349719,585,auto,Capillary,gel,electrophoresis separation of,Capillary gel electrophoresis separation of,0.65432256
MT2022_2025,W4401349719,586,auto,Bioeng,87,2004 Capillary (,Bioeng 87 2004 Capillary (,0.46959496
MT2022_2025,W4401349719,587,auto,Post,-,translational modifications and,Post - translational modifications and,0.59688646
MT2022_2025,W4401349719,588,auto,Free,Radic,A M N,Free Radic A M N,0.6424179
MT2022_2025,W4401349719,589,auto,Posttranslational,modifications,of intact proteins,Posttranslational modifications of intact proteins,0.74157816
MT2022_2025,W4401349719,591,auto,Int,Ed.,Engl 54 2015,Int Ed. Engl 54 2015,0.63626903
MT2022_2025,W4401349719,592,auto,An,NMR,study of O,An NMR study of O,0.58132166
MT2022_2025,W4401349719,593,auto,J,19,2002 Applications of,J 19 2002 Applications of,0.57169735
MT2022_2025,W4401349719,596,auto,Monitoring,glycosylation,metabolism in brain,Monitoring glycosylation metabolism in brain,0.7100195
MT2022_2025,W4401349719,597,auto,Secondary,structure,and glycosylation of,Secondary structure and glycosylation of,0.69595903
MT2022_2025,W4401349719,598,auto,Chem,88,2016 BODIPYs as,Chem 88 2016 BODIPYs as,0.5286645
MT2022_2025,W4401349719,599,auto,Med,Chem.,Lett 21 2011,Med Chem. Lett 21 2011,0.6549269
MT2022_2025,W4401349719,600,auto,Imaging,the,glycosylation state of,Imaging the glycosylation state of,0.69807804
MT2022_2025,W4401349719,602,auto,Int.,Ed.,Engl 52 2013,Int. Ed. Engl 52 2013,0.75210696
MT2022_2025,W4401349719,604,auto,In,situ,fluorescence imaging of,In situ fluorescence imaging of,0.70096165
MT2022_2025,W4401349719,605,auto,Chem,92,2020 Quantification of,Chem 92 2020 Quantification of,0.6070793
MT2022_2025,W4401349719,606,auto,Mass,Spectrom,25 2011,Mass Spectrom 25 2011,0.7232797
MT2022_2025,W4401349719,607,auto,Simplifying,the,detection and monitoring,Simplifying the detection and monitoring,0.7240316
MT2022_2025,W4401349719,608,auto,Transcriptionally,imprinted,glycomic signatures of,Transcriptionally imprinted glycomic signatures of,0.6053774
MT2022_2025,W4401349719,609,auto,Targeting,altered,glycosylation in secreted,Targeting altered glycosylation in secreted,0.68438095
MT2022_2025,W4401349719,610,auto,Acta,Gen.,Subj 1865 129751,Acta Gen. Subj 1865 129751,0.5874411
MT2022_2025,W4401349719,611,auto,Elevated,serum,CA 125 levels,Elevated serum CA 125 levels,0.7374896
MT2022_2025,W4401349719,612,auto,Heterogeneities,of,site - specific,Heterogeneities of site - specific,0.53841096
MT2022_2025,W4401349719,613,auto,A,radioimmunoassay,using a monoclonal,A radioimmunoassay using a monoclonal,0.6463663
MT2022_2025,W4401349719,614,auto,J.,Med,309 1983,J. Med 309 1983,0.73682916
MT2022_2025,W4401349719,615,auto,Exploring,the,glycosylation of serum,Exploring the glycosylation of serum,0.6836923
MT2022_2025,W4401349719,616,auto,Diagnostic,significance,of the tumour,Diagnostic significance of the tumour,0.6365853
MT2022_2025,W4401349719,617,auto,Oncol,1,1990 Use of,Oncol 1 1990 Use of,0.5904423
MT2022_2025,W4401349719,618,auto,Rep,40,2018 Mucins and,Rep 40 2018 Mucins and,0.52678835
MT2022_2025,W4401349719,619,auto,The,glycan,CA19 - 9,The glycan CA19 - 9,0.69372225
MT2022_2025,W4401349719,620,auto,A,novel,multiple biomarker panel,A novel multiple biomarker panel,0.6852588
MT2022_2025,W4401349719,621,auto,Oncol,149,2018 Prognostic role,Oncol 149 2018 Prognostic role,0.5154209
MT2022_2025,W4401349719,622,auto,Oncol,46,2020 Lectin -,Oncol 46 2020 Lectin -,0.5751122
MT2022_2025,W4401349719,623,auto,Charting,the,proteoform landscape of,Charting the proteoform landscape of,0.72196627
MT2022_2025,W4401349719,625,auto,A,fucosylated,glycopeptide as a,A fucosylated glycopeptide as a,0.7064883
MT2022_2025,W4401349719,627,auto,Acta,866,2015 Analysis of,Acta 866 2015 Analysis of,0.65052986
MT2022_2025,W4401349719,628,auto,The,Serum,Immunoglobulin G Glycosylation,The Serum Immunoglobulin G Glycosylation,0.64817196
MT2022_2025,W4401349719,630,auto,Acta,506,2020 Serum IgG,Acta 506 2020 Serum IgG,0.6993765
MT2022_2025,W4401349719,631,auto,Increased,expression,of GCNT1 is,Increased expression of GCNT1 is,0.7479737
MT2022_2025,W4401349719,632,auto,J,32,2015 Serum paraoxonase,J 32 2015 Serum paraoxonase,0.5478139
MT2022_2025,W4401349719,633,auto,Novel,glycan,biomarkers for the,Novel glycan biomarkers for the,0.6256034
MT2022_2025,W4401349719,634,auto,Treat,176,2019 Serum Sialyl,Treat 176 2019 Serum Sialyl,0.63703877
MT2022_2025,W4401349719,635,auto,Bioeng,108,2011 Alpha1 -,Bioeng 108 2011 Alpha1 -,0.6253911
MT2022_2025,W4401349719,636,auto,Characterization,of,glycoproteins in pancreatic,Characterization of glycoproteins in pancreatic,0.5667712
MT2022_2025,W4401349719,637,auto,Biol,26,534 2019,Biol 26 534 2019,0.60257107
MT2022_2025,W4401349719,638,auto,Solid,-,phase extraction of,Solid - phase extraction of,0.58125246
MT2022_2025,W4401349719,639,auto,Understanding,and,manipulating the separation,Understanding and manipulating the separation,0.5926418
MT2022_2025,W4401349719,640,auto,A,1523,2017 Recent applications,A 1523 2017 Recent applications,0.61582166
MT2022_2025,W4401349719,642,auto,Chem,402,2012 Immobilized metal,Chem 402 2012 Immobilized metal,0.54817057
MT2022_2025,W4401349719,643,auto,A,1540,2018 Preparation of,A 1540 2018 Preparation of,0.6188435
MT2022_2025,W4401349719,644,auto,The,recognition,of glycans by,The recognition of glycans by,0.6496472
MT2022_2025,W4401349719,645,auto,Insights,from,NMR spectroscopy A,Insights from NMR spectroscopy A,0.6388742
MT2022_2025,W4401349719,646,auto,54,2018,Raman imaging of,54 2018 Raman imaging of,0.6000438
MT2022_2025,W4401349719,647,auto,A,glycosyltransferase,gene signature to,A glycosyltransferase gene signature to,0.69398767
