paper_id,year,semantic_knn,structural_novelty,triple_count,cited_by_count,reference_count
SKG_SUM_7,2010,1.0,1.0,336,20,26
SKG_MT_1325,2010,1.0,1.0,107,34,21
SKG_MT_1231,2010,1.0,1.0,59,4,14
SKG_MT_1232,2010,1.0,1.0,95,14,13
SKG_MT_388,2010,1.0,1.0,61,32,29
SKG_MT_1313,2010,1.0,1.0,50,7,24
SKG_MT_1320,2010,1.0,1.0,54,2,13
SKG_MT_157,2010,1.0,1.0,47,19,17
SKG_MT_1199,2010,1.0,1.0,22,3,18
SKG_MT_61,2010,1.0,1.0,91,13,27
SKG_MT_1193,2010,1.0,1.0,95,4,29
SKG_MT_15,2010,1.0,1.0,22,8,7
SKG_MT_17,2010,1.0,1.0,2,41,3
SKG_MT_1375,2010,1.0,1.0,71,7,15
SKG_MT_1384,2010,1.0,1.0,146,30,13
SKG_MT_1394,2010,1.0,1.0,28,2,13
SKG_MT_646,2010,1.0,1.0,30,17,11
SKG_MT_174,2010,1.0,1.0,18,24,15
SKG_MT_194,2010,1.0,1.0,97,30,63
SKG_MT_196,2010,1.0,1.0,17,61,9
SKG_PAR_69,2010,1.0,1.0,61,75,34
SKG_MT_1151,2010,1.0,1.0,70,3,17
SKG_MT_1167,2010,1.0,1.0,74,7,15
SKG_PAR_87,2010,1.0,1.0,149,9,31
SKG_MT_287,2010,1.0,1.0,85,0,14
SKG_MT_1074,2010,1.0,1.0,99,59,30
SKG_QA_101,2010,1.0,1.0,23,246,35
SKG_PAR_202,2010,1.0,1.0,53,4,20
SKG_PAR_219,2010,1.0,1.0,116,29,25
SKG_MT_390,2010,1.0,1.0,25,20,10
SKG_MT_968,2010,1.0,1.0,66,7,15
SKG_QA_416,2010,1.0,1.0,42,2,7
SKG_SA_527,2010,1.0,1.0,106,41,18
SKG_MT_603,2010,1.0,1.0,49,15,27
SKG_MT_606,2010,1.0,1.0,109,12,24
SKG_SA_83,2010,1.0,1.0,55,8,14
SKG_DIA_210,2010,1.0,1.0,50,28,23
SKG_SA_217,2010,1.0,1.0,35,56,18
SKG_DIA_209,2010,1.0,1.0,54,43,28
SKG_MT_478,2010,1.0,1.0,58,15,25
SKG_MT_850,2010,1.0,1.0,128,63,21
SKG_MT_853,2010,1.0,1.0,66,5,7
SKG_MT_488,2010,1.0,1.0,121,18,11
SKG_MT_838,2010,1.0,1.0,133,88,27
SKG_MT_795,2010,1.0,1.0,78,35,27
SKG_DIA_104,2010,1.0,1.0,56,29,27
SKG_SA_420,2010,1.0,1.0,46,65,15
SKG_MT_547,2010,1.0,1.0,60,79,29
SKG_MT_771,2010,1.0,1.0,57,32,38
SKG_MT_567,2010,1.0,1.0,56,15,13
SKG_SA_544,2010,1.0,1.0,114,132,46
SKG_MT_585,2010,1.0,1.0,104,6,18
SKG_MT_743,2010,1.0,1.0,92,5,21
SKG_MT_715,2010,1.0,1.0,30,296,15
SKG_MT_660,2010,1.0,1.0,36,20,18
SKG_SUM_67,2010,1.0,1.0,68,37,16
SKG_SUM_42,2010,1.0,1.0,89,18,31
SKG_MT_137,2010,1.0,1.0,46,90,12
SKG_SUM_83,2010,1.0,1.0,35,56,18
SKG_SUM_45,2011,0.9024702310562134,0.9130434782608696,69,39,22
SKG_PAR_94,2011,0.9246967434883118,0.8983050847457628,59,25,37
SKG_SUM_80,2011,0.9196549654006958,0.9345794392523364,107,76,26
SKG_SA_505,2011,0.919154167175293,0.9066666666666666,75,164,31
SKG_MT_620,2011,0.9220904111862184,1.0,2,6,17
SKG_MT_1399,2011,0.9141175150871276,0.9791666666666666,48,18,46
SKG_MT_565,2011,0.9278997182846068,0.8545454545454545,55,7,15
SKG_MT_87,2011,0.9376262426376344,0.8852459016393442,61,20,26
SKG_SA_423,2011,0.9030024409294128,0.8759124087591241,137,846,32
SKG_MT_789,2011,0.9372465014457704,0.8125,48,2,21
SKG_MT_1220,2011,0.9335318803787231,0.8818181818181818,110,2,23
SKG_PAR_34,2011,0.891863226890564,0.8333333333333334,12,6,11
SKG_MT_1330,2011,0.9063087701797484,0.8867924528301887,53,17,26
SKG_MT_557,2011,0.9079809188842772,0.896551724137931,58,37,23
SKG_MT_820,2011,0.9412185549736024,0.9285714285714286,224,14,15
SKG_PAR_215,2011,0.9362363815307616,0.8181818181818182,22,62,49
SKG_QA_336,2011,0.9182705879211426,0.8363636363636363,55,139,21
SKG_MT_308,2011,0.9181753396987916,0.8275862068965517,116,3,14
SKG_MT_300,2011,0.9275730848312378,0.8958333333333334,48,14,38
SKG_MT_117,2011,0.9307611584663392,0.8529411764705882,68,3,16
SKG_SA_351,2011,0.9250504374504088,0.8625,160,108,41
SKG_MT_800,2011,0.9198769330978394,0.875,104,12,24
SKG_QA_5,2011,0.9236072301864624,0.8932038834951457,206,15,60
SKG_QA_240,2011,0.90122252702713,0.8846153846153846,52,9,27
SKG_MT_1277,2011,0.9274735450744628,0.8761904761904762,105,10,45
SKG_QA_302,2011,0.9208142161369324,0.9157894736842104,95,248,28
SKG_MT_1024,2011,0.9238992929458618,0.8181818181818182,55,26,27
SKG_MT_144,2011,0.928850531578064,0.7692307692307693,26,15,17
SKG_MT_813,2011,0.9405171275138856,0.896551724137931,29,9,28
SKG_SA_343,2011,0.9128748178482056,0.896551724137931,116,140,21
SKG_SA_567,2011,0.9218093752861024,0.8863636363636364,132,38,20
SKG_MT_368,2011,0.9286657571792604,0.8672566371681416,113,62,21
SKG_MT_697,2011,0.9403055310249328,0.9041095890410958,73,5,34
SKG_MT_595,2011,0.9287808537483216,0.8243243243243243,74,11,17
SKG_MT_964,2011,0.9301103353500366,0.8536585365853658,41,4,13
SKG_MT_966,2011,0.9168069958686828,0.9166666666666666,12,17,10
SKG_MT_962,2011,0.9182705879211426,0.8363636363636363,55,139,21
SKG_DIA_288,2011,0.9205222129821776,0.8925619834710744,121,14,37
SKG_MT_496,2011,0.9401029348373412,0.896551724137931,58,9,31
SKG_DIA_213,2011,0.9085872769355774,0.8157894736842105,38,53,43
SKG_MT_881,2011,0.9359639883041382,0.8529411764705882,102,43,24
SKG_SA_77,2011,0.9285492897033693,0.8581560283687943,141,167,27
SKG_MT_1306,2011,0.9360068440437316,0.9145299145299144,117,18,34
SKG_MT_58,2011,0.9207253456115724,0.9130434782608696,92,10,16
SKG_MT_280,2011,0.9221900701522828,0.9047619047619048,42,97,25
SKG_MT_286,2011,0.9354451298713684,0.8985507246376812,69,17,46
SKG_MT_919,2011,0.9286754727363586,0.953125,64,8,82
SKG_MT_440,2011,0.9285810589790344,0.9,80,11,20
SKG_MT_1111,2011,0.8417947888374329,0.8717948717948718,39,17,14
SKG_MT_1129,2011,0.9168069958686828,0.7037037037037037,27,17,10
SKG_SA_181,2011,0.8732399940490723,0.875,8,18,15
SKG_DIA_253,2011,0.8462539911270142,1.0,9,1,2
SKG_DIA_233,2011,0.8982078433036804,1.0,2,8,20
SKG_SA_192,2011,0.9257241487503052,0.811965811965812,117,246,10
SKG_MT_409,2011,0.9176657795906068,0.88,100,14,22
SKG_MT_1227,2011,0.8963740468025208,0.8888888888888888,9,56,15
SKG_QA_392,2011,0.9164015650749208,0.9090909090909092,44,8,26
SKG_PAR_14,2011,0.918910801410675,0.9642857142857144,28,28,35
SKG_MT_1132,2011,0.8417947888374329,0.8636363636363636,22,17,14
SKG_PAR_89,2011,0.9220905303955078,1.0,2,6,17
SKG_MT_1003,2011,0.9326593279838562,0.875,56,6,9
SKG_MT_712,2011,0.9355198740959167,0.8313253012048193,83,15,35
SKG_SUM_130,2011,0.9118784070014954,0.8333333333333334,24,22,10
SKG_SUM_110,2011,0.90122252702713,0.8846153846153846,52,9,27
SKG_QA_219,2012,0.7752321362495422,0.9016393442622952,61,15,27
SKG_QA_203,2012,0.918955624103546,0.819672131147541,61,8,12
SKG_MT_1421,2012,0.9361969232559204,0.9175257731958762,97,24,28
SKG_MT_7,2012,0.953448474407196,0.9020618556701032,194,22,26
SKG_MT_832,2012,0.9353343844413756,0.8571428571428571,70,25,30
SKG_MT_835,2012,0.921446681022644,0.9545454545454546,22,1,21
SKG_MT_93,2012,0.9427056312561036,0.8604651162790697,43,48,45
SKG_SA_268,2012,0.933083713054657,0.9142857142857144,35,163,40
SKG_PAR_200,2012,0.9095252156257628,0.82,50,21,19
SKG_MT_535,2012,0.9369348287582396,0.8333333333333334,114,40,24
SKG_PAR_3,2012,0.9117158651351928,0.912087912087912,91,44,35
SKG_SA_565,2012,0.9297029376029968,0.8666666666666667,60,23,24
SKG_MT_1327,2012,0.9350900650024414,0.8543689320388349,103,5,31
SKG_MT_1276,2012,0.9472177624702454,0.8264462809917356,121,15,25
SKG_MT_346,2012,0.9375354647636414,0.8648648648648649,111,56,21
SKG_MT_1165,2012,0.9422853589057922,0.8732394366197183,71,37,44
SKG_MT_1395,2012,0.9384799003601074,0.8113207547169812,106,13,18
SKG_MT_1400,2012,0.9392881393432616,0.7241379310344828,29,22,21
SKG_MT_613,2012,0.9293379783630372,0.9,110,19,41
SKG_MT_622,2012,0.9146378636360168,0.9285714285714286,42,2,0
SKG_MT_576,2012,0.9128580093383788,0.8,10,3,25
SKG_SA_554,2012,0.9202829599380492,0.8737864077669902,103,61,16
SKG_MT_1177,2012,0.9434460401535034,0.8602941176470589,136,5,34
SKG_MT_1425,2012,0.9386529922485352,0.8225806451612904,62,8,20
SKG_MT_550,2012,0.6738219261169434,0.8837209302325582,86,121,33
SKG_MT_85,2012,0.9423295855522156,0.7708333333333334,48,8,14
SKG_MT_92,2012,0.9361969828605652,0.8095238095238095,21,24,28
SKG_MT_89,2012,0.9286999702453612,0.7946428571428571,112,169,21
SKG_MT_1175,2012,0.7752321362495422,0.9166666666666666,12,7,17
SKG_MT_788,2012,0.9280381202697754,0.8414634146341463,82,15,33
SKG_MT_1376,2012,0.9455555081367492,0.8314606741573034,89,8,18
SKG_MT_1473,2012,0.945178210735321,0.8723404255319149,47,34,30
SKG_SA_24,2012,0.914953351020813,0.7924528301886793,53,966,21
SKG_MT_1361,2012,0.938146710395813,0.8771929824561403,114,70,42
SKG_MT_1236,2012,0.873160719871521,0.8723404255319149,47,26,11
SKG_MT_1228,2012,0.9472177624702454,0.8205128205128205,39,15,25
SKG_SA_148,2012,0.9184222221374512,0.9607843137254902,51,96,26
SKG_MT_78,2012,0.9361068606376648,0.9019607843137256,51,239,33
SKG_MT_74,2012,0.9288231134414672,0.8235294117647058,102,45,46
SKG_MT_451,2012,0.9247159957885742,0.8365384615384616,104,27,22
SKG_MT_239,2012,0.9372634887695312,0.7894736842105263,19,87,26
SKG_MT_234,2012,0.9317084550857544,0.8648648648648649,111,87,17
SKG_MT_373,2012,0.9190605878829956,0.7872340425531915,47,16,31
SKG_MT_389,2012,0.806627094745636,0.8333333333333334,6,26,18
SKG_MT_259,2012,0.9322478175163268,0.8677685950413223,121,5,12
SKG_MT_480,2012,0.9156676530838012,0.8507462686567164,67,51,21
SKG_MT_865,2012,0.9350346326828004,0.8225806451612904,62,4,9
SKG_DIA_182,2012,0.924604058265686,0.88,25,37,37
SKG_MT_453,2012,0.9382346272468568,0.847457627118644,118,143,29
SKG_MT_469,2012,0.9297516942024232,0.8961038961038961,77,40,35
SKG_DIA_231,2012,0.9056790471076964,0.8666666666666667,15,175,16
SKG_MT_981,2012,0.8982251286506653,0.9444444444444444,18,1,9
SKG_QA_417,2012,0.8839455842971802,0.8,80,66,28
SKG_SA_5,2012,0.9315387606620787,0.8780487804878049,369,65,25
SKG_MT_1077,2012,0.922186017036438,0.8490566037735849,106,138,32
SKG_QA_487,2012,0.916898548603058,0.75,60,5,27
SKG_MT_283,2012,0.934609055519104,0.8592592592592593,135,8,35
SKG_MT_1062,2012,0.9308689832687378,0.8625,80,25,16
SKG_MT_1065,2012,0.941053032875061,0.7469879518072289,83,43,22
SKG_MT_945,2012,0.939919650554657,0.8363636363636363,55,3,12
SKG_MT_410,2012,0.9474869966506958,0.8148148148148148,108,4,33
SKG_PAR_127,2012,0.920176327228546,0.9,50,9,32
SKG_MT_1174,2012,0.930456817150116,0.85,100,5,11
SKG_MT_1191,2012,0.9397331476211548,0.8809523809523809,42,10,12
SKG_MT_1209,2012,0.9125903844833374,0.9285714285714286,70,102,52
SKG_MT_1349,2012,0.9352315068244934,0.7833333333333333,60,8,24
SKG_MT_415,2012,0.9241536259651184,0.8461538461538461,39,3,20
SKG_SUM_72,2012,0.9247158765792848,0.8365384615384616,104,27,22
SKG_MT_724,2012,0.9476776123046876,0.8503937007874016,127,2,33
SKG_SUM_147,2012,0.9241622686386108,0.9310344827586208,29,62,11
SKG_SUM_59,2012,0.9229168891906738,0.9391891891891893,148,116,25
SKG_SUM_97,2012,0.7752321362495422,0.9016393442622952,61,15,27
SKG_MT_131,2012,0.9395315051078796,0.7916666666666666,96,58,44
SKG_SUM_0,2013,0.9375856518745422,0.8235294117647058,187,69,34
SKG_SUM_34,2013,0.9232589602470398,0.8461538461538461,52,6,23
SKG_MT_1280,2013,0.9255291223526,0.8269230769230769,52,46,21
SKG_MT_1282,2013,0.9474921226501464,0.7362637362637363,91,23,25
SKG_MT_1290,2013,0.9394739866256714,0.8849557522123894,113,36,51
SKG_SUM_76,2013,0.9217089414596558,0.8909090909090909,55,4,29
SKG_SA_609,2013,0.9303720593452454,0.8195488721804511,133,14,20
SKG_SA_590,2013,0.9236438870429992,0.8363636363636363,55,1,21
SKG_SA_597,2013,0.8616654276847839,0.9126984126984128,126,6646,42
SKG_MT_707,2013,0.932198703289032,0.8478260869565217,138,15,36
SKG_MT_708,2013,0.9454972147941588,0.7560975609756098,82,41,17
SKG_SA_435,2013,0.9240905046463012,0.8807947019867549,151,460,15
SKG_MT_740,2013,0.9581550359725952,0.8616352201257862,159,4,16
SKG_MT_741,2013,0.9436426162719728,0.6511627906976745,86,20,23
SKG_MT_748,2013,0.9360210299491882,0.8205128205128205,78,54,35
SKG_MT_752,2013,0.9489681124687196,0.7974683544303798,158,14,33
SKG_MT_719,2013,0.942929744720459,0.8450704225352113,71,17,17
SKG_MT_725,2013,0.9379891157150269,0.8292682926829268,82,1,25
SKG_SA_414,2013,0.9121801257133484,0.8703703703703703,54,216,27
SKG_SUM_154,2013,0.9351396560668944,0.8297872340425532,47,29,19
SKG_SUM_155,2013,0.9122474789619446,0.9117647058823528,68,48,34
SKG_MT_682,2013,0.9385779500007628,0.82,100,14,49
SKG_SUM_180,2013,0.9168227910995485,0.9210526315789472,76,32,13
SKG_MT_80,2013,0.9375951886177064,0.8181818181818182,44,3,19
SKG_MT_1310,2013,0.9375360608100892,0.8142857142857143,140,83,61
SKG_MT_1242,2013,0.9389768838882446,0.7745098039215687,102,39,19
SKG_MT_147,2013,0.9372722506523132,0.7818181818181819,55,9,12
SKG_MT_156,2013,0.9287856221199036,0.726027397260274,73,3,27
SKG_MT_1211,2013,0.9303218126296996,0.7368421052631579,38,32,21
SKG_MT_940,2013,0.9368577003479004,0.8313253012048193,83,6,17
SKG_MT_1101,2013,0.9374839663505554,0.8279569892473119,93,31,36
SKG_MT_268,2013,0.9365171194076538,0.8785046728971962,107,26,32
SKG_MT_277,2013,0.9526384472846984,0.8258064516129032,155,8,22
SKG_PAR_106,2013,0.9303733110427856,0.8611111111111112,72,4,36
SKG_MT_282,2013,0.9398872256278992,0.8051948051948052,77,7,39
SKG_MT_290,2013,0.9091029167175292,0.8461538461538461,143,10,31
SKG_MT_1069,2013,0.9206191301345824,0.8823529411764706,51,11,23
SKG_MT_1082,2013,0.9310288429260254,0.8301886792452831,159,39,34
SKG_MT_955,2013,0.937743842601776,0.8142857142857143,70,1,32
SKG_MT_922,2013,0.9226472973823548,0.8461538461538461,52,32,27
SKG_SA_32,2013,0.9241930246353148,0.8840579710144928,69,79,58
SKG_SA_40,2013,0.9229097366333008,0.8947368421052632,57,11,10
SKG_SA_48,2013,0.922663390636444,0.902439024390244,41,95,38
SKG_MT_885,2013,0.950334370136261,0.8108108108108109,37,3,20
SKG_MT_891,2013,0.9408011436462402,0.8194444444444444,72,32,28
SKG_SA_111,2013,0.9328662157058716,0.9013157894736842,152,76,37
SKG_DIA_220,2013,0.9117587804794312,0.7647058823529411,68,2,11
SKG_MT_973,2013,0.9341451525688172,0.8521739130434782,115,2,31
SKG_SA_526,2013,0.9249125719070436,0.8629032258064516,124,12,25
SKG_MT_591,2013,0.9361940622329712,0.7976190476190477,84,31,21
SKG_MT_705,2013,0.9376009702682496,0.8155339805825242,103,56,30
SKG_MT_706,2013,0.9377437829971312,0.8235294117647058,85,21,25
SKG_SA_4,2013,0.8616654276847839,0.9096774193548388,155,6646,42
SKG_SA_191,2013,0.9339007139205932,0.8470588235294118,85,28,23
SKG_MT_1225,2013,0.9222047924995422,0.8333333333333334,24,6,16
SKG_MT_77,2013,0.9496658444404602,0.8269230769230769,104,35,24
SKG_MT_79,2013,0.9423406720161438,0.8549618320610687,131,1332,18
SKG_SA_229,2013,0.916316032409668,0.8695652173913043,92,3,19
SKG_MT_225,2013,0.9495899081230164,0.7129629629629629,108,5,38
SKG_PAR_139,2013,0.9163247346878052,0.8615384615384616,65,2,28
SKG_MT_1090,2013,0.9487498998641968,0.8681318681318682,182,258,27
SKG_MT_481,2013,0.9414944648742676,0.8405797101449275,138,9,18
SKG_MT_869,2013,0.9333524703979492,0.9117647058823528,68,2,11
SKG_MT_22,2013,0.936293125152588,0.7653061224489796,98,20,27
SKG_MT_1386,2013,0.9340189099311828,0.8426966292134831,178,11,11
SKG_MT_44,2013,0.9505857229232788,0.7831325301204819,83,20,38
SKG_PAR_20,2013,0.9267780184745787,0.7974683544303798,79,15,16
SKG_MT_371,2013,0.9378458857536316,0.8581560283687943,141,44,27
SKG_MT_372,2013,0.9439321756362916,0.7560975609756098,82,4,40
SKG_MT_375,2013,0.9378825426101683,0.7837837837837838,37,12,14
SKG_MT_376,2013,0.9350557327270508,0.8779342723004695,213,5,40
SKG_QA_84,2013,0.9211609959602356,0.95,20,4,32
SKG_QA_3,2013,0.9292929768562316,0.9315068493150684,73,3,5
SKG_QA_12,2013,0.936293125152588,0.8,135,20,27
SKG_QA_20,2013,0.9466838836669922,0.8734177215189873,79,228,48
SKG_PAR_204,2013,0.9374802708625792,0.8409090909090909,88,24,17
SKG_MT_1461,2013,0.9305721521377563,1.0,4,41,12
SKG_QA_424,2013,0.9254595041275024,0.825,80,78,29
SKG_QA_385,2013,0.9438023567199708,0.8282828282828283,99,7,19
SKG_MT_14,2013,0.9417967796325684,0.8507462686567164,67,11,19
SKG_MT_21,2013,0.9398703575134276,0.8442211055276382,199,56,44
SKG_MT_500,2013,0.9409159421920776,0.7647058823529411,51,26,34
SKG_MT_829,2013,0.9305315017700196,0.8205128205128205,39,5,15
SKG_MT_845,2013,0.9277521967887878,0.8558558558558559,111,9,23
SKG_MT_515,2013,0.9217127561569214,0.864516129032258,155,106,30
SKG_SA_318,2013,0.9123672246932985,0.8,85,40,19
SKG_SA_296,2013,0.9320505261421204,0.8985507246376812,69,241,51
SKG_SA_306,2013,0.9141212701797484,0.8709677419354839,93,189,61
SKG_MT_94,2013,0.929268479347229,0.92,50,9,34
SKG_MT_100,2013,0.9456759691238404,0.8571428571428571,56,112,24
SKG_QA_193,2013,0.905593991279602,0.9230769230769232,13,13,9
SKG_MT_305,2013,0.9461267590522766,0.7611940298507462,67,36,39
SKG_MT_314,2013,0.9167054295539856,0.8607594936708861,79,8,28
SKG_MT_1036,2013,0.9350091218948364,0.9041095890410958,73,540,42
SKG_QA_334,2013,0.9224438667297364,0.875,64,35,30
SKG_MT_332,2013,0.912606418132782,0.8409090909090909,44,17,20
SKG_MT_337,2013,0.9484140276908876,0.7906976744186046,129,18,33
SKG_MT_1048,2013,0.9316379427909852,0.9029850746268656,134,20,19
SKG_MT_1324,2013,0.9376410245895386,0.8588235294117647,85,17,20
SKG_MT_1326,2013,0.9393628239631652,0.8397790055248618,181,15,14
SKG_MT_1244,2013,0.9446197748184204,0.8309859154929577,71,4,19
SKG_MT_1248,2013,0.9440895318984984,0.8125,112,22,31
SKG_SA_557,2013,0.9221968650817872,0.7213114754098361,61,11,10
SKG_SA_577,2013,0.92265784740448,0.6666666666666666,33,5,17
SKG_PAR_52,2013,0.8886574506759644,0.7142857142857143,35,25,22
SKG_PAR_53,2013,0.9233492016792296,0.8588235294117647,85,6,12
SKG_PAR_56,2013,0.938604176044464,0.8431372549019608,51,4,34
SKG_MT_1169,2013,0.941789984703064,0.7972972972972973,74,60,37
SKG_MT_824,2013,0.9299627542495728,0.8918918918918919,37,15,38
SKG_MT_91,2013,0.9159461855888368,0.8452380952380952,84,6,17
SKG_MT_1429,2013,0.9204025268554688,0.7857142857142857,126,37,33
SKG_MT_1437,2013,0.9291980862617492,0.8333333333333334,12,8,17
SKG_MT_641,2013,0.9166921377182008,0.8636363636363636,22,7,28
SKG_MT_572,2013,0.9355510473251344,0.8478260869565217,46,10,32
SKG_MT_178,2013,0.938336193561554,0.7419354838709677,62,22,23
SKG_MT_180,2013,0.9353537559509276,0.8050314465408805,159,42,28
SKG_MT_150,2013,0.9420906901359558,0.8165137614678899,109,45,29
SKG_MT_200,2013,0.9428278207778932,0.864516129032258,155,67,32
SKG_SA_469,2013,0.9288667440414428,0.9375,16,5,12
SKG_SA_484,2013,0.9350420832633972,0.8421052631578947,38,37,20
SKG_MT_681,2013,0.9389041662216188,0.8102189781021898,137,7,38
SKG_SUM_193,2013,0.9402364492416382,0.780952380952381,105,91,27
SKG_MT_680,2014,0.9334610104560852,0.8727272727272727,55,5,29
SKG_MT_676,2014,0.9405230283737184,0.6666666666666666,12,0,16
SKG_SUM_43,2014,0.9290918111801147,0.8544303797468354,158,52,30
SKG_SUM_40,2014,0.9275614023208618,0.775,40,67,23
SKG_SA_618,2014,0.9299222230911256,0.782608695652174,23,2,9
SKG_MT_710,2014,0.9461727142333984,0.8108108108108109,74,15,16
SKG_SA_449,2014,0.937894344329834,0.8601398601398601,143,2,13
SKG_SA_460,2014,0.910736083984375,0.8,15,615,23
SKG_MT_1441,2014,0.9110277891159058,0.9615384615384616,26,44,8
SKG_MT_317,2014,0.9295294880867004,0.861244019138756,209,15,35
SKG_MT_319,2014,0.9536226987838744,0.7321428571428571,56,1,28
SKG_MT_1046,2014,0.9386757612228394,0.6415094339622641,106,12,30
SKG_MT_1053,2014,0.937857449054718,0.8333333333333334,54,85,17
SKG_MT_331,2014,0.9469666481018066,0.7419354838709677,62,27,27
SKG_MT_1030,2014,0.939444899559021,0.6666666666666666,60,8,29
SKG_MT_359,2014,0.9293974041938782,0.8461538461538461,52,4,12
SKG_PAR_185,2014,0.9371232986450196,0.8461538461538461,91,423,21
SKG_PAR_212,2014,0.9168245196342468,0.847457627118644,59,44,25
SKG_MT_1403,2014,0.9398483037948608,0.8300970873786407,206,5,19
SKG_MT_1367,2014,0.93072909116745,0.8080808080808081,99,63,28
SKG_MT_1474,2014,0.9439815282821656,0.8015873015873016,126,119,52
SKG_QA_404,2014,0.9371232986450196,0.8461538461538461,91,423,21
SKG_MT_1009,2014,0.9456993937492372,0.8571428571428571,70,73,29
SKG_SA_530,2014,0.9416950345039368,0.7887323943661971,71,91,14
SKG_MT_586,2014,0.9503926038742064,0.8324607329842932,191,6,19
SKG_MT_590,2014,0.9370393753051758,0.76,100,10,49
SKG_MT_598,2014,0.937218964099884,0.8557692307692307,104,1,32
SKG_MT_394,2014,0.944144070148468,0.7627118644067796,59,9,24
SKG_MT_1316,2014,0.891440749168396,0.8380952380952381,105,28,30
SKG_MT_169,2014,0.9430434107780457,0.8709677419354839,62,133,25
SKG_MT_1206,2014,0.9268969297409058,0.8,10,24,12
SKG_MT_1213,2014,0.9386996030807496,0.8148148148148148,81,36,30
SKG_PAR_113,2014,0.9312899708747864,0.6470588235294118,17,11,13
SKG_MT_1060,2014,0.9512872695922852,0.8076923076923077,26,34,21
SKG_DIA_298,2014,0.9080460667610168,0.8928571428571429,28,32,44
SKG_MT_913,2014,0.9355527758598328,0.8260869565217391,115,39,20
SKG_MT_931,2014,0.9423792958259584,0.8526315789473684,95,89,37
SKG_SA_36,2014,0.9274041056632996,0.8429319371727748,191,1167,59
SKG_SA_52,2014,0.9252495765686036,0.7338709677419355,124,125,13
SKG_DIA_211,2014,0.9329360127449036,0.8452380952380952,84,56,40
SKG_SA_224,2014,0.9324685335159302,0.7777777777777778,27,6,12
SKG_MT_1252,2014,0.923960030078888,0.7272727272727273,22,39,21
SKG_MT_1253,2014,0.9411293268203736,0.8333333333333334,48,123,34
SKG_MT_1347,2014,0.9019412994384766,0.8289473684210527,228,489,29
SKG_SA_118,2014,0.9273529052734376,0.7674418604651163,43,79,25
SKG_MT_1120,2014,0.9373849630355836,0.8235294117647058,153,6,30
SKG_MT_1127,2014,0.919658660888672,0.9090909090909092,11,66,15
SKG_MT_252,2014,0.8539897799491882,0.8055555555555556,72,18,63
SKG_MT_265,2014,0.9398188591003418,0.78125,96,24,45
SKG_MT_266,2014,0.9554926753044128,0.7547169811320755,106,25,35
SKG_MT_1096,2014,0.9329248666763306,0.826530612244898,98,19,38
SKG_SA_246,2014,0.9410964846611024,0.8494623655913979,93,30,24
SKG_MT_476,2014,0.933846652507782,0.826530612244898,98,5,13
SKG_MT_487,2014,0.9365399479866028,0.7692307692307693,26,56,12
SKG_MT_868,2014,0.9369674921035768,0.9056603773584906,159,162,23
SKG_SA_260,2014,0.9204610586166382,0.8017241379310345,116,703,21
SKG_MT_836,2014,0.9435330629348756,0.8243243243243243,74,9,14
SKG_MT_840,2014,0.9390094876289368,0.7857142857142857,42,21,31
SKG_MT_530,2014,0.930432677268982,1.0,4,3,13
SKG_SA_278,2014,0.9367548823356628,0.6470588235294118,17,9,22
SKG_MT_790,2014,0.9217413067817688,0.8235294117647058,102,11,40
SKG_SA_339,2014,0.9240304827690125,0.8888888888888888,45,4,16
SKG_SA_283,2014,0.9274041056632996,0.9069767441860463,43,1167,59
SKG_SA_307,2014,0.9152556657791138,0.827027027027027,185,1073,23
SKG_MT_97,2014,0.9407860040664672,0.6,10,35,17
SKG_MT_116,2014,0.9393316507339478,0.7723577235772358,123,6,20
SKG_PAR_35,2014,0.7344380617141724,0.868421052631579,114,5,26
SKG_MT_224,2014,0.9456491470336914,0.8505747126436781,87,7,22
SKG_MT_827,2014,0.9510356783866882,1.0,12,1,41
SKG_MT_828,2014,0.9327204823493958,0.6911764705882353,68,16,14
SKG_MT_545,2014,0.9409793615341188,0.7894736842105263,133,60,38
SKG_MT_560,2014,0.939796268939972,0.7948717948717948,117,21,33
SKG_MT_770,2014,0.9531439542770386,0.7304347826086957,115,9,47
SKG_SA_540,2014,0.9249135851860046,0.9130434782608696,92,36,29
SKG_MT_652,2014,0.9397424459457396,0.8257575757575758,132,99,45
SKG_MT_187,2014,0.902751088142395,1.0,4,2,7
SKG_MT_220,2014,0.917352855205536,0.6857142857142857,35,9,18
SKG_MT_1158,2014,0.9284906387329102,0.8679245283018868,53,19,29
SKG_MT_647,2014,0.937717080116272,0.8202247191011236,89,44,31
SKG_SA_556,2014,0.9335881471633912,0.8512396694214877,121,241,21
SKG_SA_517,2014,0.910736083984375,0.8421052631578947,57,615,23
SKG_DIA_64,2014,0.9244038462638856,0.8961038961038961,77,8,31
SKG_SA_490,2014,0.9348582029342652,0.8461538461538461,195,125,31
SKG_MT_738,2014,0.92397278547287,0.8404255319148937,94,27,38
SKG_MT_732,2014,0.932684063911438,0.75,40,7,11
SKG_SA_441,2014,0.9251314997673036,0.7368421052631579,38,11,9
SKG_SUM_145,2014,0.9243994951248168,0.8352941176470589,85,19,16
SKG_SUM_68,2014,0.9337983131408693,0.85,20,37,19
SKG_SUM_22,2014,0.9271745681762696,0.8792134831460674,356,31,29
SKG_SUM_186,2015,0.9152650833129884,0.95,20,15,14
SKG_SUM_178,2015,0.926824390888214,0.8849557522123894,113,134,19
SKG_SUM_177,2015,0.9451953768730164,0.7529411764705882,170,29,34
SKG_SUM_172,2015,0.9271828532218932,0.8541666666666666,48,239,45
SKG_MT_668,2015,0.9383308291435242,0.8313253012048193,83,9,23
SKG_SUM_17,2015,0.9241345524787904,0.8941176470588236,85,145,19
SKG_SA_608,2015,0.9219738245010376,0.7209302325581395,43,45,35
SKG_MT_1293,2015,0.7900733351707458,0.823170731707317,164,18,18
SKG_MT_1295,2015,0.9027054905891418,0.8666666666666667,90,5,0
SKG_SUM_129,2015,0.924748420715332,0.7948717948717948,39,2,23
SKG_SUM_107,2015,0.9424497485160828,0.8044692737430168,179,37,49
SKG_PAR_100,2015,0.9290922284126282,0.7486910994764397,191,181,49
SKG_PAR_61,2015,0.9200196266174316,0.7768595041322314,121,20,22
SKG_PAR_67,2015,0.9286469221115112,0.7875647668393783,193,26,28
SKG_MT_217,2015,0.941791534423828,0.8165137614678899,109,11,22
SKG_MT_221,2015,0.9542441368103028,0.7948717948717948,78,24,58
SKG_MT_642,2015,0.9462167024612428,0.7897727272727273,176,14,44
SKG_MT_651,2015,0.9416719675064088,0.8333333333333334,72,7,25
SKG_SA_564,2015,0.943066954612732,0.75,144,9,20
SKG_PAR_79,2015,0.9249542355537416,0.8373983739837398,123,52,18
SKG_PAR_124,2015,0.9240806698799132,0.7850467289719626,107,94,38
SKG_PAR_84,2015,0.926963210105896,0.8620689655172413,87,9,25
SKG_MT_1118,2015,0.7844511270523071,0.875,32,2,15
SKG_MT_262,2015,0.9448484182357788,0.8333333333333334,90,2,34
SKG_MT_1108,2015,0.9416831731796264,0.845360824742268,97,6,22
SKG_PAR_116,2015,0.934484839439392,0.8214285714285714,84,29,27
SKG_MT_296,2015,0.9319493174552916,0.819672131147541,61,9,28
SKG_MT_1085,2015,0.9302794337272644,0.7209302325581395,86,10,26
SKG_QA_168,2015,0.9286983609199524,0.7857142857142857,56,372,29
SKG_QA_107,2015,0.9272851943969728,0.8555555555555555,180,58,23
SKG_QA_28,2015,0.9147764444351196,1.0,2,14,13
SKG_QA_15,2015,0.9253597259521484,0.8343949044585988,157,454,27
SKG_MT_1456,2015,0.9251357913017272,0.6666666666666666,42,5,37
SKG_MT_615,2015,0.9213330149650574,0.7651006711409396,149,72,28
SKG_QA_155,2015,0.9490798115730286,0.775,120,178,30
SKG_MT_304,2015,0.9258716702461244,0.7545454545454545,110,4,29
SKG_MT_320,2015,0.9226373434066772,0.7142857142857143,35,4,58
SKG_MT_1035,2015,0.9700798988342284,0.5882352941176471,102,3,32
SKG_MT_1045,2015,0.9346540570259094,0.8395061728395061,81,9,28
SKG_QA_298,2015,0.921428680419922,0.8933333333333333,75,62,10
SKG_MT_1032,2015,0.9324204325675964,0.7719298245614035,57,36,27
SKG_QA_256,2015,0.9221210479736328,0.8977272727272727,88,112,30
SKG_QA_269,2015,0.9284855127334596,0.7894736842105263,38,43,16
SKG_MT_18,2015,0.9289509057998656,0.875,32,65,44
SKG_MT_24,2015,0.943223774433136,0.7888888888888889,90,47,29
SKG_MT_1380,2015,0.9372695684432985,0.7608695652173914,46,14,20
SKG_MT_48,2015,0.9403510093688964,0.5121951219512195,41,9,18
SKG_MT_1004,2015,0.9431639909744264,0.75,80,66,33
SKG_QA_352,2015,0.9405442476272584,0.7663551401869159,107,74,16
SKG_QA_356,2015,0.9264686703681946,0.9411764705882352,17,141,24
SKG_QA_328,2015,0.9224637150764464,0.8194444444444444,72,18,23
SKG_QA_446,2015,0.9332946538925172,0.7457627118644068,59,21,22
SKG_MT_378,2015,0.9381275177001952,0.8695652173913043,46,14,45
SKG_MT_384,2015,0.9294143915176392,0.8080808080808081,99,20,24
SKG_MT_971,2015,0.9511510133743286,0.8135593220338984,177,4,35
SKG_MT_976,2015,0.9170228838920592,0.7567567567567568,74,10,38
SKG_QA_423,2015,0.9340287446975708,0.853448275862069,116,39,27
SKG_SA_531,2015,0.9357995986938475,0.9,90,24,30
SKG_SA_535,2015,0.9335702061653136,0.7974683544303798,158,534,25
SKG_MT_699,2015,0.9250738024711608,0.8926553672316384,177,51,42
SKG_SA_9,2015,0.9291566610336304,0.7862595419847328,131,66,29
SKG_MT_401,2015,0.9364083409309388,0.7333333333333333,45,414,20
SKG_MT_405,2015,0.9349185824394226,0.7987421383647799,159,9,33
SKG_MT_165,2015,0.9389209747314452,0.8026315789473685,76,49,29
SKG_MT_171,2015,0.9251662492752076,0.82,100,6,13
SKG_MT_959,2015,0.9165172576904296,0.8014184397163121,141,612,24
SKG_QA_438,2015,0.922710120677948,0.8383838383838383,99,102,22
SKG_MT_428,2015,0.9440857172012328,0.7301587301587301,126,6,34
SKG_MT_429,2015,0.933484673500061,0.8118811881188119,101,3,19
SKG_MT_437,2015,0.940869152545929,0.675,40,25,32
SKG_MT_441,2015,0.9287339448928832,0.7272727272727273,88,867,24
SKG_DIA_300,2015,0.935154139995575,0.9078947368421052,76,838,54
SKG_MT_900,2015,0.9238847494125366,0.7714285714285715,35,20,20
SKG_MT_471,2015,0.9376755952835084,0.7662337662337663,77,6,16
SKG_DIA_275,2015,0.9331413507461548,0.7906976744186046,86,18,18
SKG_SA_107,2015,0.9455803036689758,0.8584905660377359,106,11,21
SKG_SA_114,2015,0.9314966201782228,0.75,76,14,19
SKG_SA_65,2015,0.9055344462394714,1.0,4,21,12
SKG_SA_78,2015,0.9374345541000366,0.8461538461538461,39,28,21
SKG_MT_1254,2015,0.9516361951828004,0.6385542168674698,83,4,37
SKG_MT_1333,2015,0.9205471277236938,0.6619718309859155,71,12,11
SKG_MT_1346,2015,0.7576358914375305,0.8416666666666667,120,96,9
SKG_SA_143,2015,0.9366869926452636,0.8778625954198473,262,1512,56
SKG_SA_240,2015,0.9270334243774414,0.7777777777777778,99,247,32
SKG_MT_854,2015,0.9340699315071106,0.7017543859649122,57,2,32
SKG_MT_839,2015,0.9297745823860168,0.8169934640522876,153,5,15
SKG_SA_266,2015,0.9465797543525696,0.7818181818181819,220,18,59
SKG_SA_366,2015,0.9299308061599731,0.75,16,83,38
SKG_SA_313,2015,0.9397709965705872,0.8095238095238095,63,38,28
SKG_SA_321,2015,0.9299396276474,0.7717391304347826,92,16,22
SKG_SA_323,2015,0.9490636587142944,0.8494623655913979,93,245,38
SKG_SA_334,2015,0.9280017614364624,0.7672413793103449,116,115,32
SKG_SA_293,2015,0.9313662648200988,0.9130434782608696,115,91,26
SKG_SA_382,2015,0.917953610420227,1.0,4,375,9
SKG_SA_393,2015,0.9426290392875672,0.7727272727272727,66,14,16
SKG_MT_108,2015,0.9238309860229492,0.75,44,119,15
SKG_MT_109,2015,0.9416676759719848,0.7755102040816326,49,1,34
SKG_SA_401,2015,0.9217155575752258,0.8253968253968254,189,22,35
SKG_MT_809,2015,0.9438775777816772,0.8742857142857143,175,8489,20
SKG_MT_810,2015,0.9433525800704956,0.84375,224,5,34
SKG_MT_815,2015,0.947182834148407,0.9008264462809916,121,10,25
SKG_SA_415,2015,0.9384573101997375,0.8333333333333334,114,201,13
SKG_MT_555,2015,0.9175397157669068,0.9090909090909092,11,95,18
SKG_SA_432,2015,0.92239248752594,0.8846153846153846,26,30,33
SKG_SA_542,2015,0.9108344316482544,0.7575757575757576,33,29,26
SKG_SA_545,2015,0.9323848485946656,0.7777777777777778,9,1,13
SKG_DIA_40,2015,0.9336131811141968,0.7586206896551724,29,3,20
SKG_SA_509,2015,0.9258068203926086,0.8247422680412371,97,71,30
SKG_SA_437,2015,0.9278286695480348,0.8035714285714286,168,376,51
SKG_SA_592,2015,0.9390878677368164,0.8541666666666666,48,8,14
SKG_SA_596,2015,0.9205344915390016,0.7978723404255319,94,266,16
SKG_SA_458,2015,0.933605968952179,0.8627450980392157,51,11,29
SKG_SA_410,2015,0.9320023655891418,0.8518518518518519,27,163,31
SKG_SUM_136,2015,0.9253082275390624,0.8102189781021898,137,159,56
SKG_SUM_92,2015,0.9295283555984496,0.8651685393258427,89,69,27
SKG_SUM_64,2015,0.8876202702522278,0.8275862068965517,29,6,28
SKG_SUM_190,2016,0.946401298046112,0.8764044943820225,89,99,42
SKG_MT_673,2016,0.9243429899215698,0.8108108108108109,111,182,38
SKG_SUM_217,2016,0.9215534925460817,0.8688524590163934,61,24,27
SKG_MT_658,2016,0.943590760231018,0.7647058823529411,170,445,31
SKG_SUM_197,2016,0.919026017189026,0.9230769230769232,13,27,26
SKG_SUM_85,2016,0.942388653755188,0.8269230769230769,104,922,25
SKG_SUM_78,2016,0.9335027933120728,0.8529411764705882,68,13,33
SKG_SUM_128,2016,0.929956078529358,0.8596491228070176,57,25,27
SKG_SA_617,2016,0.9342864751815796,0.8888888888888888,9,13,14
SKG_SUM_108,2016,0.9737148284912108,0.7821782178217822,101,48,49
SKG_MT_1311,2016,0.9714692831039428,0.801980198019802,101,2,28
SKG_MT_1304,2016,0.9393514394760132,0.7246376811594203,69,14,34
SKG_MT_999,2016,0.9443270564079284,0.8125,112,21,41
SKG_MT_1219,2016,0.937630534172058,0.7142857142857143,98,402,27
SKG_SA_463,2016,0.9426835179328918,0.6808510638297872,47,11,17
SKG_SA_504,2016,0.9391423463821412,0.8656716417910447,134,20,42
SKG_SA_497,2016,0.9496183395385742,0.8577981651376146,218,423,51
SKG_MT_698,2016,0.9592517614364624,0.7894736842105263,171,3,43
SKG_SA_462,2016,0.9470115900039672,0.8064516129032258,155,21,11
SKG_MT_731,2016,0.9641974568367004,0.7073170731707317,82,160,39
SKG_DIA_86,2016,0.9376104474067688,0.8108108108108109,111,4,27
SKG_SA_493,2016,0.93747079372406,0.8114035087719298,228,340,27
SKG_DIA_153,2016,0.9388028383255004,0.8492063492063492,126,73,44
SKG_SA_385,2016,0.9333661794662476,0.8294573643410853,129,126,24
SKG_DIA_109,2016,0.9320858120918274,0.8586956521739131,92,60,0
SKG_SA_431,2016,0.9379597902297974,0.8518518518518519,54,4,16
SKG_SA_427,2016,0.9502446055412292,0.8256880733944955,109,38,11
SKG_SA_426,2016,0.9457508325576782,0.7578947368421053,95,5,45
SKG_MT_574,2016,0.9370369911193848,0.813953488372093,129,191,32
SKG_MT_2,2016,0.94842129945755,0.827906976744186,215,102,22
SKG_MT_1,2016,0.9418050050735474,0.8433048433048433,351,57,23
SKG_MT_201,2016,0.9408456087112428,0.8345864661654135,133,199,36
SKG_MT_1190,2016,0.9454105496406556,0.8297872340425532,47,2,24
SKG_SA_309,2016,0.9352682828903198,0.803921568627451,102,11,29
SKG_DIA_158,2016,0.928792119026184,0.7555555555555555,90,69,35
SKG_SA_369,2016,0.9207264184951782,0.797752808988764,89,3,7
SKG_SA_354,2016,0.9366445541381836,0.7840909090909091,88,3,6
SKG_SA_252,2016,0.929382026195526,0.7428571428571429,35,23,5
SKG_SA_238,2016,0.9349491000175476,0.7169811320754716,106,2305,37
SKG_SA_275,2016,0.9333416223526,0.7732558139534884,172,1027,48
SKG_SA_269,2016,0.9318457841873168,0.8227848101265823,79,37,12
SKG_MT_513,2016,0.9526306986808776,0.768,125,6,26
SKG_DIA_204,2016,0.9333661794662476,0.8294573643410853,129,126,24
SKG_PAR_9,2016,0.9198229908943176,0.8048780487804879,41,14,11
SKG_PAR_7,2016,0.9237077832221984,0.900709219858156,141,20,59
SKG_PAR_36,2016,0.9317291378974916,0.8666666666666667,135,6,23
SKG_MT_1166,2016,0.923287034034729,0.8163265306122449,49,1,26
SKG_MT_1160,2016,0.9459717869758606,0.822429906542056,107,124,22
SKG_MT_215,2016,0.9421426057815552,0.7625,80,50,27
SKG_SA_160,2016,0.942427933216095,0.7681159420289855,138,90,26
SKG_DIA_245,2016,0.9127756357192992,0.9444444444444444,18,73,10
SKG_SA_193,2016,0.9405913352966307,0.7352941176470589,68,60,32
SKG_SA_190,2016,0.9301494359970092,0.8865979381443299,97,28,18
SKG_DIA_267,2016,0.9440401196479796,0.8303571428571429,112,172,50
SKG_MT_901,2016,0.9159606695175172,0.7560975609756098,82,1,38
SKG_MT_897,2016,0.9673352241516112,0.8666666666666667,105,51,23
SKG_MT_895,2016,0.9384377598762512,0.8465909090909091,176,732,27
SKG_MT_459,2016,0.9470346570014954,0.7654320987654321,162,147,20
SKG_DIA_260,2016,0.9108562469482422,0.8333333333333334,12,24,40
SKG_MT_1138,2016,0.9262222051620485,0.8775510204081632,49,5,13
SKG_MT_241,2016,0.9484211802482604,0.823943661971831,142,102,22
SKG_MT_237,2016,0.9415037035942078,0.8163265306122449,49,8,28
SKG_MT_230,2016,0.9456451535224916,0.6904761904761905,42,0,17
SKG_SA_17,2016,0.9396945238113404,0.7862595419847328,131,185,46
SKG_SA_8,2016,0.9280512928962708,0.7801857585139319,323,6,29
SKG_SA_41,2016,0.9440622329711914,0.8068965517241379,145,109,21
SKG_SA_26,2016,0.9330215454101562,0.9130434782608696,69,0,14
SKG_MT_905,2016,0.9346609115600586,0.7731958762886598,97,38,25
SKG_MT_431,2016,0.8768914937973022,1.0,2,25,16
SKG_SA_89,2016,0.9358254671096802,0.9052631578947368,95,8,13
SKG_SA_85,2016,0.937578558921814,0.8571428571428571,105,49,19
SKG_QA_470,2016,0.8411714434623718,0.8392857142857143,112,67,31
SKG_DIA_310,2016,0.9312888979911804,0.8921568627450981,102,1047,56
SKG_MT_402,2016,0.942725956439972,0.785234899328859,149,15,22
SKG_PAR_110,2016,0.9425700902938844,0.8166666666666667,60,40,18
SKG_PAR_162,2016,0.9234769940376282,0.9230769230769232,13,33,19
SKG_PAR_147,2016,0.9180652499198914,0.7083333333333334,24,33,14
SKG_MT_1105,2016,0.9472309947013856,0.8314606741573034,89,95,39
SKG_MT_247,2016,0.9370360374450684,0.8243243243243243,74,9,24
SKG_PAR_135,2016,0.9409255981445312,0.8217821782178217,202,39,36
SKG_QA_376,2016,0.9404780268669128,0.826530612244898,98,108,42
SKG_QA_375,2016,0.9358569979667664,0.7914691943127962,211,19,40
SKG_QA_366,2016,0.9391707181930542,0.7378640776699029,103,5,7
SKG_QA_421,2016,0.929574966430664,0.7767857142857143,112,17,23
SKG_QA_419,2016,0.9474691152572632,0.782312925170068,147,30,33
SKG_QA_407,2016,0.9379757642745972,0.8205128205128205,117,13,38
SKG_MT_960,2016,0.938669204711914,0.8076923076923077,78,131,20
SKG_MT_381,2016,0.9746659994125366,0.7861271676300579,173,40,34
SKG_QA_405,2016,0.9249534606933594,0.8043478260869565,92,74,40
SKG_QA_312,2016,0.921117663383484,0.8,90,102,32
SKG_QA_340,2016,0.9243329763412476,0.902439024390244,41,50,57
SKG_QA_337,2016,0.9440708160400392,0.7532467532467533,77,20,17
SKG_QA_335,2016,0.9371559023857116,0.7518248175182481,137,125,44
SKG_MT_994,2016,0.9276052713394164,0.7448979591836735,98,643,34
SKG_MT_370,2016,0.9431808590888976,0.7933884297520661,121,46,38
SKG_MT_365,2016,0.9735990762710572,0.8536585365853658,123,16,34
SKG_MT_362,2016,0.9306853413581848,0.9285714285714286,56,2,20
SKG_MT_360,2016,0.9435526132583618,0.7310924369747899,119,16,0
SKG_QA_345,2016,0.9443270564079284,0.8125,112,21,41
SKG_PAR_182,2016,0.9358322024345398,0.7894736842105263,76,61,31
SKG_PAR_175,2016,0.94792640209198,0.7192982456140351,57,40,32
SKG_PAR_173,2016,0.9348227381706238,0.7425742574257426,101,60,21
SKG_PAR_172,2016,0.9262222051620485,0.8775510204081632,49,5,13
SKG_PAR_223,2016,0.9386937022209167,0.8840579710144928,69,119,38
SKG_QA_182,2016,0.9313288927078248,0.8605769230769231,208,1378,69
SKG_QA_197,2016,0.9365860223770142,0.8372093023255814,43,11,27
SKG_QA_261,2016,0.9363532066345216,0.7985074626865671,134,79,22
SKG_MT_1029,2016,0.9280940890312196,0.6170212765957447,47,1,18
SKG_MT_327,2016,0.9321762919425964,0.5454545454545454,55,7,9
SKG_QA_253,2016,0.9382286071777344,0.8309859154929577,71,26,33
SKG_QA_70,2016,0.944457232952118,0.7870370370370371,216,262,39
SKG_QA_63,2016,0.934772491455078,0.7796610169491526,118,13,34
SKG_QA_131,2016,0.9391707181930542,0.6428571428571429,14,5,7
SKG_QA_118,2016,0.9432796239852904,0.821656050955414,157,12,36
SKG_MT_312,2016,0.966326892375946,0.7976190476190477,84,100,23
SKG_MT_1298,2016,0.943510353565216,0.7935483870967742,155,37,38
SKG_MT_1288,2016,0.9366804361343384,0.8260869565217391,92,257,32
SKG_MT_107,2016,0.9422819018363952,0.6973684210526315,76,2,24
SKG_MT_103,2016,0.9647471308708192,0.9322033898305084,118,29,49
SKG_MT_1233,2016,0.928909957408905,0.8314606741573034,89,75,36
SKG_MT_1230,2016,0.9660218358039856,0.8477157360406091,197,25,26
SKG_MT_1229,2016,0.939369022846222,0.7727272727272727,66,0,29
SKG_MT_1264,2016,0.9474691152572632,0.782312925170068,147,30,33
SKG_MT_1314,2016,0.9487603902816772,0.7814207650273224,183,253,36
SKG_SA_566,2016,0.9463263750076294,0.8767123287671232,73,22,31
SKG_DIA_15,2016,0.9144779443740844,0.8481012658227848,79,95,43
SKG_SA_594,2016,0.92677241563797,0.7794117647058824,68,125,42
SKG_SA_583,2016,0.948583722114563,0.8947368421052632,38,118,10
SKG_SA_634,2016,0.9196149110794068,0.8505747126436781,87,583,25
SKG_SA_622,2017,0.9343218803405762,0.8333333333333334,180,18,29
SKG_SA_630,2017,0.9361844062805176,0.7727272727272727,44,98,40
SKG_SA_578,2017,0.9319470524787904,0.8181818181818182,110,34,16
SKG_SA_593,2017,0.9360672235488892,0.8,90,190,28
SKG_DIA_21,2017,0.9287519454956056,0.8488372093023255,86,44,35
SKG_MT_636,2017,0.947309136390686,0.8207547169811321,106,32,28
SKG_MT_645,2017,0.939247727394104,0.7142857142857143,140,32,36
SKG_MT_650,2017,0.9341138005256652,0.788235294117647,170,10,50
SKG_DIA_24,2017,0.885107159614563,0.8409090909090909,44,145,24
SKG_DIA_25,2017,0.937057375907898,0.7844311377245509,167,32,26
SKG_SA_537,2017,0.9430138468742372,0.6933333333333334,75,7,21
SKG_MT_88,2017,0.9294589161872864,0.7432432432432432,74,16,34
SKG_MT_104,2017,0.9416735768318176,0.7485029940119761,167,53,52
SKG_MT_1287,2017,0.9421640634536744,0.8260869565217391,161,28,33
SKG_MT_123,2017,0.9444717168807985,0.7065868263473054,167,134,27
SKG_MT_136,2017,0.9533851742744446,0.7678571428571429,56,101,44
SKG_SUM_191,2017,0.9116399884223938,0.7,40,62,21
SKG_SUM_103,2017,0.9184681177139282,0.8333333333333334,18,9,17
SKG_QA_145,2017,0.9276148080825806,0.6744186046511628,86,9,46
SKG_MT_1034,2017,0.937767207622528,0.7727272727272727,44,6,20
SKG_MT_1037,2017,0.9526723027229308,0.7219512195121951,205,4,37
SKG_QA_157,2017,0.910950005054474,0.847457627118644,118,18,14
SKG_QA_119,2017,0.94521963596344,0.6865671641791045,134,179,54
SKG_QA_58,2017,0.9335352778434752,0.8046875,128,21,35
SKG_QA_42,2017,0.9370981454849244,0.7377049180327869,122,27,19
SKG_QA_46,2017,0.9475210905075072,0.6870229007633588,131,19,27
SKG_QA_47,2017,0.9685547947883606,0.7724137931034483,145,174,57
SKG_QA_4,2017,0.9360394477844238,0.8051282051282052,195,213,26
SKG_QA_24,2017,0.923051655292511,0.9,20,2,14
SKG_MT_321,2017,0.9229329824447632,0.8041237113402062,97,27,40
SKG_MT_333,2017,0.9652758836746216,0.6363636363636364,11,11,18
SKG_MT_338,2017,0.9385684132575988,0.8360655737704918,122,36,32
SKG_MT_1013,2017,0.941631317138672,0.7874564459930313,287,72,39
SKG_MT_351,2017,0.9420830011367798,0.6944444444444444,108,75,25
SKG_QA_235,2017,0.9296638369560242,0.8333333333333334,72,12,13
SKG_QA_242,2017,0.9475857019424438,0.7706422018348624,109,10,43
SKG_QA_223,2017,0.9423843622207642,0.7936507936507936,63,21,9
SKG_QA_172,2017,0.9656189680099488,0.6272727272727273,110,91,31
SKG_QA_175,2017,0.9343802332878112,0.8269230769230769,104,30,48
SKG_QA_26,2017,0.9392264485359192,0.8,15,43,27
SKG_PAR_203,2017,0.91131591796875,0.8472222222222222,72,1,25
SKG_PAR_210,2017,0.9454017877578736,0.7580645161290323,62,58,16
SKG_PAR_224,2017,0.9433780908584596,0.7671232876712328,146,14,19
SKG_MT_1056,2017,0.8777164220809937,0.824,125,187,22
SKG_MT_1063,2017,0.9508635401725768,0.773109243697479,119,52,29
SKG_PAR_176,2017,0.9342023730278016,0.8125,64,9,12
SKG_PAR_177,2017,0.9448233842849731,0.7737226277372263,137,33,18
SKG_PAR_180,2017,0.949680507183075,0.7945205479452054,73,6,30
SKG_PAR_183,2017,0.9374122619628906,0.7808219178082192,73,106,22
SKG_PAR_186,2017,0.9493204355239868,0.7592592592592593,162,101,63
SKG_MT_363,2017,0.9413607716560364,0.620253164556962,79,17,25
SKG_MT_995,2017,0.9480441808700562,0.7560975609756098,123,7,28
SKG_QA_341,2017,0.9438081979751588,0.8242424242424242,165,1400,43
SKG_QA_272,2017,0.938975155353546,0.8223684210526315,152,720,46
SKG_QA_277,2017,0.9312323331832886,0.7619047619047619,126,302,36
SKG_QA_288,2017,0.9076765179634094,0.9285714285714286,28,46,19
SKG_QA_442,2017,0.9250622987747192,0.8222222222222222,45,9,24
SKG_QA_445,2017,0.9540647268295288,0.7317073170731707,41,9,14
SKG_QA_455,2017,0.926814079284668,0.7901234567901234,81,5,0
SKG_MT_382,2017,0.9324661493301392,0.7368421052631579,133,217,61
SKG_MT_982,2017,0.9376983642578124,0.8159340659340659,364,429,46
SKG_QA_399,2017,0.9435812830924988,0.7801418439716312,141,6,19
SKG_QA_369,2017,0.9384042024612428,0.7906976744186046,43,65,11
SKG_PAR_194,2017,0.9119652509689332,0.8333333333333334,12,15,28
SKG_PAR_197,2017,0.9393933415412904,0.6907216494845361,97,77,59
SKG_PAR_143,2017,0.9360081553459167,0.7738095238095238,168,32,39
SKG_MT_1099,2017,0.9391557574272156,0.7971014492753623,69,14,24
SKG_MT_1103,2017,0.965561032295227,0.8023255813953488,172,17,34
SKG_PAR_156,2017,0.8238086700439453,0.8192771084337349,83,8,26
SKG_PAR_112,2017,0.9544692039489746,0.7166666666666667,180,60,54
SKG_PAR_115,2017,0.9390344619750975,0.7368421052631579,114,13,0
SKG_PAR_118,2017,0.9416431188583374,0.8360655737704918,61,11,25
SKG_PAR_122,2017,0.9506409764289856,0.6909090909090909,55,30,17
SKG_SA_21,2017,0.9449370503425598,0.7748344370860927,151,8,8
SKG_MT_397,2017,0.93848979473114,0.7964601769911505,113,143,38
SKG_MT_400,2017,0.9444352984428406,0.7975460122699386,163,16,9
SKG_MT_408,2017,0.9480029940605164,0.8,205,40,40
SKG_MT_934,2017,0.9439345598220824,0.803347280334728,239,0,14
SKG_MT_939,2017,0.9304971694946288,0.7017543859649122,114,6,24
SKG_DIA_303,2017,0.9210262298583984,0.8904109589041096,73,37,39
SKG_DIA_306,2017,0.9667933583259584,0.875,16,299,41
SKG_DIA_307,2017,0.9313885569572448,0.7916666666666666,72,28,0
SKG_QA_462,2017,0.9487894177436828,0.7777777777777778,81,114,45
SKG_QA_471,2017,0.9344179034233092,0.780952380952381,105,19,28
SKG_QA_472,2017,0.9301617741584778,0.5918367346938775,49,4,8
SKG_QA_431,2017,0.91131591796875,0.8472222222222222,72,1,25
SKG_SA_108,2017,0.9410697817802428,0.7096774193548387,31,6,10
SKG_SA_116,2017,0.9356523752212524,0.7606382978723404,188,112,34
SKG_MT_427,2017,0.9412364959716796,0.8307692307692308,65,1,28
SKG_MT_910,2017,0.9149833917617798,1.0,4,65,40
SKG_MT_911,2017,0.971442699432373,1.0,9,19,28
SKG_MT_924,2017,0.9377115964889526,0.7926267281105991,217,123,23
SKG_MT_448,2017,0.9407390356063844,0.6074766355140186,107,9,19
SKG_DIA_302,2017,0.926428496837616,0.8947368421052632,38,41,5
SKG_PAR_125,2017,0.945237159729004,0.7466666666666667,150,7,23
SKG_PAR_126,2017,0.9476763606071472,0.7666666666666667,180,32,20
SKG_MT_246,2017,0.9379860758781432,0.717391304347826,92,68,48
SKG_PAR_90,2017,0.9285224676132202,0.6470588235294118,17,37,29
SKG_PAR_92,2017,0.934697449207306,0.7456140350877193,114,29,39
SKG_PAR_95,2017,0.943057417869568,0.773972602739726,146,25,25
SKG_PAR_105,2017,0.9301490783691406,0.7435897435897436,78,17,0
SKG_PAR_63,2017,0.9212213754653932,0.7570093457943925,107,17,23
SKG_PAR_65,2017,0.9438022375106812,0.75,40,4,23
SKG_PAR_72,2017,0.9386423230171204,0.8054054054054054,185,25,33
SKG_PAR_74,2017,0.9351674914360046,0.6818181818181818,44,1,40
SKG_PAR_75,2017,0.9203508496284484,0.7777777777777778,27,563,35
SKG_SA_131,2017,0.9622331857681274,0.0,197,839,46
SKG_SA_140,2017,0.9422105550765992,0.9230769230769232,39,16,13
SKG_SA_149,2017,0.9296725988388062,0.7759562841530054,183,172,47
SKG_SA_152,2017,0.9381952285766602,0.8113207547169812,53,41,28
SKG_MT_460,2017,0.9244451522827148,0.8363636363636363,55,29,24
SKG_MT_465,2017,0.9363953471183776,0.8761904761904762,105,13,17
SKG_MT_872,2017,0.9521782994270324,0.7723577235772358,123,115,33
SKG_MT_873,2017,0.944630801677704,0.7078651685393258,178,62,29
SKG_MT_475,2017,0.9391023516654968,0.7586206896551724,232,151,59
SKG_SA_100,2017,0.9512727856636048,0.6351351351351351,148,1,14
SKG_SA_253,2017,0.9347859621047974,0.8142857142857143,70,15,12
SKG_MT_861,2017,0.9426389932632446,0.7863247863247863,117,0,17
SKG_MT_870,2017,0.9516170620918274,0.6914893617021277,94,5,22
SKG_MT_494,2017,0.9388410449028016,0.6907216494845361,97,38,43
SKG_DIA_216,2017,0.920700192451477,0.8018867924528302,106,765,61
SKG_DIA_228,2017,0.9410291910171508,0.7692307692307693,26,29,23
SKG_DIA_235,2017,0.9313443303108216,0.7684210526315789,95,25,19
SKG_DIA_251,2017,0.9385638236999512,0.8290598290598291,117,73,43
SKG_DIA_256,2017,0.9212762713432312,0.8387096774193549,31,50,31
SKG_SA_163,2017,0.9285518527030944,0.7555555555555555,45,46,52
SKG_SA_184,2017,0.9371353983879088,0.8064516129032258,93,3,10
SKG_SA_185,2017,0.9396871328353882,0.9117647058823528,34,7,8
SKG_MT_211,2017,0.9488770365715028,0.8,105,2,15
SKG_MT_216,2017,0.9505949020385742,0.5833333333333334,120,2,20
SKG_MT_1153,2017,0.9337312579154968,0.6792452830188679,106,228,2
SKG_MT_1156,2017,0.9395753145217896,0.7989130434782609,184,185,55
SKG_PAR_78,2017,0.945546805858612,0.8048780487804879,82,7,18
SKG_PAR_28,2017,0.9285224676132202,0.8392857142857143,56,37,29
SKG_PAR_29,2017,0.9213078618049622,0.8103448275862069,58,23,28
SKG_PAR_44,2017,0.9463902711868286,0.803030303030303,66,5,12
SKG_PAR_46,2017,0.9487513303756714,0.8125,16,10,26
SKG_PAR_57,2017,0.9389812350273132,0.7640449438202247,89,43,23
SKG_SA_258,2017,0.9250208139419556,0.9545454545454546,22,21,7
SKG_SA_261,2017,0.9499875903129578,0.8222222222222222,45,73,20
SKG_MT_497,2017,0.943120002746582,0.6923076923076923,91,18,18
SKG_MT_842,2017,0.9389448165893556,0.7421875,128,5,21
SKG_MT_517,2017,0.9733575582504272,0.7163120567375887,141,49,16
SKG_MT_533,2017,0.9507148861885072,0.6333333333333333,90,3,12
SKG_SA_227,2017,0.925611972808838,0.5416666666666666,96,57,40
SKG_SA_228,2017,0.9514896273612976,0.8205128205128205,39,25,44
SKG_SA_247,2017,0.9432581067085266,0.7666666666666667,120,84,40
SKG_SA_249,2017,0.9347414970397948,0.725925925925926,135,23,38
SKG_MT_819,2017,0.9483664631843568,0.8,120,129,27
SKG_MT_781,2017,0.9417272806167604,0.7336956521739131,184,220,24
SKG_SA_353,2017,0.934123992919922,0.7735849056603774,159,113,48
SKG_SA_364,2017,0.9163556098937988,0.875,72,27,43
SKG_SA_370,2017,0.9195470809936525,0.5,10,18,13
SKG_SA_316,2017,0.9432467222213744,0.7058823529411765,68,17,16
SKG_SA_319,2017,0.9414051175117492,0.8620689655172413,29,11,19
SKG_SA_331,2017,0.941289722919464,0.8014184397163121,141,25,25
SKG_DIA_162,2017,0.925556480884552,0.8108108108108109,148,51,29
SKG_DIA_167,2017,0.9285399317741394,0.6571428571428571,70,12,15
SKG_SA_289,2017,0.9407705068588256,0.8508064516129032,248,12,46
SKG_SA_305,2017,0.9163246154785156,0.8333333333333334,30,30,17
SKG_MT_1222,2017,0.941512405872345,0.86,50,0,30
SKG_MT_1189,2017,0.937406361103058,0.7702702702702703,148,1,21
SKG_MT_203,2017,0.954088807106018,0.8059701492537313,134,18,47
SKG_PAR_18,2017,0.9384905695915222,0.7567567567567568,37,22,26
SKG_NLI_2,2017,0.9135330319404602,0.7955801104972375,181,2051,48
SKG_MT_1444,2017,0.9506193995475768,0.78125,96,60,30
SKG_MT_1451,2017,0.9463790655136108,0.7089552238805971,134,13,28
SKG_MT_1466,2017,0.9334514737129213,0.8387096774193549,31,55,47
SKG_MT_1467,2017,0.9463850259780884,0.675392670157068,191,39,23
SKG_MT_1432,2017,0.9424611926078796,0.7528089887640449,89,147,35
SKG_MT_1416,2017,0.949040412902832,0.7548387096774194,155,105,36
SKG_MT_25,2017,0.9416020512580872,0.6869565217391305,115,1,29
SKG_SA_419,2017,0.9372727274894714,0.8765432098765432,162,157,41
SKG_SA_421,2017,0.935758113861084,0.88,25,10,14
SKG_MT_546,2017,0.9430120587348938,0.8157894736842105,76,7,14
SKG_MT_549,2017,0.9446151852607728,0.7647058823529411,34,8,16
SKG_MT_767,2017,0.9413625001907348,0.783068783068783,189,59,24
SKG_DIA_108,2017,0.9297175407409668,0.8253968253968254,126,153,68
SKG_SA_390,2017,0.935910701751709,0.7407407407407407,108,22,13
SKG_SA_391,2017,0.9149833917617798,1.0,4,65,40
SKG_DIA_146,2017,0.9111364483833312,0.9454545454545454,55,16,29
SKG_SA_465,2017,0.9325634241104126,0.7952755905511811,127,21,24
SKG_SA_466,2017,0.9189006686210632,0.7719298245614035,57,19,27
SKG_SA_475,2017,0.9434410929679872,0.3111111111111111,45,3,34
SKG_SA_495,2017,0.9430299997329712,0.7797619047619048,168,1012,28
SKG_DIA_78,2017,0.9439061880111694,0.7313432835820896,67,24,40
SKG_DIA_87,2017,0.9129417538642884,0.7931034482758621,116,19,0
SKG_MT_747,2017,0.9381453394889832,0.7322834645669292,127,78,40
SKG_MT_758,2017,0.9441814422607422,0.8048780487804879,123,13,39
SKG_MT_729,2017,0.9353120923042296,0.825,80,3,26
SKG_SA_447,2017,0.9330105781555176,0.7698412698412699,126,17,61
SKG_SA_404,2017,0.9386503100395204,0.84375,32,1,12
SKG_SA_406,2017,0.9448415637016296,0.7272727272727273,198,85,58
SKG_MT_737,2017,0.9544692039489746,0.7166666666666667,180,60,54
SKG_MT_605,2017,0.9381453394889832,0.7624309392265194,181,78,40
SKG_MT_610,2017,0.9433067440986632,0.6964285714285714,112,124,33
SKG_MT_695,2017,0.941543459892273,0.7545454545454545,110,460,36
SKG_DIA_31,2017,0.9195449948310852,0.9310344827586208,29,36,15
SKG_DIA_46,2017,0.9173623323440552,0.8513513513513513,74,9,62
SKG_SA_506,2017,0.9412220120429992,0.7741935483870968,93,246,32
SKG_SA_510,2017,0.9361844062805176,0.7083333333333334,24,98,40
SKG_SA_511,2017,0.944217085838318,0.743421052631579,152,36,12
SKG_SA_520,2017,0.9418527483940125,0.8066666666666666,150,0,6
SKG_DIA_57,2017,0.9667665362358092,0.84375,32,17,22
SKG_DIA_68,2017,0.9276922345161438,0.8405797101449275,138,9,23
SKG_MT_31,2017,0.9533851742744446,1.0,4,101,44
SKG_MT_1366,2017,0.8501049280166626,0.8461538461538461,78,276,53
SKG_MT_1370,2017,0.9356157183647156,0.7837837837837838,148,1,15
SKG_MT_1387,2017,0.94495952129364,0.7184466019417476,103,109,43
SKG_MT_38,2017,0.946625590324402,0.5735294117647058,68,1,28
SKG_MT_1239,2017,0.9447847604751588,0.7365269461077845,167,10,19
SKG_MT_151,2017,0.9415847063064576,0.7719298245614035,57,0,14
SKG_MT_168,2017,0.9440075755119324,0.7570621468926554,177,53,37
SKG_MT_53,2017,0.936115562915802,0.8152866242038217,157,19,51
SKG_MT_1359,2017,0.9385441541671752,0.7619047619047619,126,17,28
SKG_MT_62,2017,0.93594491481781,0.7777777777777778,99,110,37
SKG_MT_66,2017,0.9217388033866882,0.7701863354037267,161,11,44
SKG_SUM_109,2017,0.9393426775932312,0.8723404255319149,47,60,26
SKG_SUM_113,2017,0.9439679980278016,0.7942857142857143,175,248,52
SKG_SUM_86,2017,0.919173538684845,0.6458333333333334,48,72,34
SKG_MT_665,2017,0.9428932070732116,0.7006369426751592,157,127,36
SKG_MT_1087,2018,0.9513128995895386,0.6038961038961039,154,85,28
SKG_MT_223,2018,0.9737531542778016,0.6470588235294118,34,18,28
SKG_MT_240,2018,0.9232977032661438,0.7027027027027027,74,81,16
SKG_MT_1113,2018,0.9769089818000792,0.7236842105263158,152,49,43
SKG_MT_1195,2018,0.9262431263923644,0.95,20,41,44
SKG_MT_1102,2018,0.9392736554145812,0.8131868131868132,91,53,22
SKG_MT_1106,2018,0.9498296976089478,0.7093023255813954,172,33,32
SKG_MT_1107,2018,0.9297298192977904,0.6363636363636364,110,18,57
SKG_MT_1109,2018,0.9452890157699584,0.7291666666666666,192,139,25
SKG_MT_1110,2018,0.9394687414169312,0.8360655737704918,61,79,33
SKG_MT_281,2018,0.9449701309204102,0.75,96,304,29
SKG_MT_293,2018,0.933566689491272,0.6377952755905512,127,81,34
SKG_MT_1058,2018,0.9364112615585328,0.6767676767676768,99,2,10
SKG_MT_1223,2018,0.946136474609375,0.7244897959183674,98,143,34
SKG_MT_183,2018,0.9499406814575196,0.6419753086419753,81,19,18
SKG_MT_195,2018,0.9439505338668824,0.6842105263157895,133,91,36
SKG_SUM_120,2018,0.9439247846603394,0.8214285714285714,168,25,56
SKG_SUM_122,2018,0.9377446174621582,0.7159090909090909,176,39,38
SKG_SUM_163,2018,0.9714166522026062,0.7552447552447552,143,37,32
SKG_SUM_164,2018,0.9429892301559448,0.75,160,94,45
SKG_SUM_165,2018,0.9414148330688475,0.74,50,67,24
SKG_SUM_167,2018,0.9422098398208618,0.8302752293577982,218,607,67
SKG_SUM_132,2018,0.932611644268036,0.8,60,27,28
SKG_SUM_133,2018,0.9424934387207032,0.7835051546391752,97,13,49
SKG_SUM_141,2018,0.9361130595207214,0.8205128205128205,156,224,30
SKG_SUM_158,2018,0.921181321144104,0.8461538461538461,39,98,35
SKG_MT_669,2018,0.9450277090072632,0.7284768211920529,151,91,37
SKG_MT_672,2018,0.9527654647827148,0.6972477064220184,109,24,37
SKG_MT_684,2018,0.9191579818725586,0.6545454545454545,55,3,15
SKG_MT_691,2018,0.9372929334640504,0.7111111111111111,180,14,25
SKG_SUM_218,2018,0.934685230255127,0.75,208,66,28
SKG_SUM_179,2018,0.9382292628288268,0.7450980392156863,102,43,36
SKG_SA_551,2018,0.9487932324409484,0.8404255319148937,94,93,21
SKG_SA_552,2018,0.9430530667304992,0.7151162790697675,172,53,28
SKG_SA_558,2018,0.8994887471199036,0.8235294117647058,34,4,12
SKG_SA_584,2018,0.9430433511734008,0.5925925925925926,81,58,26
SKG_SA_585,2018,0.939505398273468,0.7156862745098039,102,61,35
SKG_SA_602,2018,0.9417406916618348,0.7484662576687117,163,499,42
SKG_MT_733,2018,0.948522925376892,0.7215189873417721,158,2,24
SKG_MT_734,2018,0.9437001347541808,0.7134146341463414,164,34,41
SKG_MT_735,2018,0.9374321699142456,0.7814569536423841,151,29,40
SKG_MT_587,2018,0.93898743391037,0.8414634146341463,82,7,3
SKG_MT_589,2018,0.9467877149581908,0.7857142857142857,42,7,24
SKG_MT_604,2018,0.9467791318893432,0.7407407407407407,27,37,27
SKG_MT_701,2018,0.9768739938735962,0.7272727272727273,66,116,32
SKG_SA_629,2018,0.9435287714004515,0.8064516129032258,31,2,36
SKG_SA_631,2018,0.9292652010917664,0.7216494845360825,97,2,28
SKG_SA_632,2018,0.9275870323181152,0.84,100,25,21
SKG_SA_488,2018,0.9745271801948548,0.8066666666666666,150,198,33
SKG_DIA_77,2018,0.9272133111953736,0.768,125,74,34
SKG_DIA_89,2018,0.937990665435791,0.7128205128205128,195,14,22
SKG_SA_503,2018,0.9338619112968444,0.8031088082901554,193,70,44
SKG_DIA_54,2018,0.9720865488052368,0.6666666666666666,126,53,32
SKG_DIA_58,2018,0.9751529693603516,0.8013698630136986,146,150,41
SKG_MT_575,2018,0.9376198053359984,0.7368421052631579,95,29,26
SKG_MT_745,2018,0.9406938552856444,0.7312252964426877,253,15,52
SKG_MT_754,2018,0.9459270238876344,0.6986301369863014,73,157,49
SKG_MT_757,2018,0.952645480632782,0.7533333333333333,150,143,33
SKG_MT_717,2018,0.9755749702453612,0.6020408163265306,98,323,31
SKG_SA_547,2018,0.9441124200820924,0.6981132075471698,106,219,38
SKG_DIA_32,2018,0.9318658709526062,0.7604166666666666,192,14,29
SKG_DIA_34,2018,0.930377960205078,0.7457627118644068,118,233,44
SKG_SA_496,2018,0.9440800547599792,0.7659574468085106,188,12,26
SKG_SA_549,2018,0.950821042060852,0.8043478260869565,138,27,43
SKG_DIA_166,2018,0.7023890614509583,0.7708333333333334,144,350,37
SKG_DIA_173,2018,0.9290919303894044,0.7848101265822784,79,8,14
SKG_SA_367,2018,0.9339421391487122,0.7959183673469388,245,9,35
SKG_SA_314,2018,0.9382373094558716,0.8160919540229885,87,40,32
SKG_SA_381,2018,0.9326173067092896,0.6875,96,21,23
SKG_DIA_127,2018,0.9354516863822936,0.7025641025641025,195,0,35
SKG_DIA_128,2018,0.9740983843803406,0.7910447761194029,67,1157,34
SKG_DIA_137,2018,0.928964138031006,0.7637795275590551,127,128,38
SKG_DIA_141,2018,0.947576344013214,0.6407766990291263,103,38,29
SKG_DIA_120,2018,0.9413851499557496,0.8172043010752689,93,181,28
SKG_MT_764,2018,0.8828304409980774,0.8,60,6,21
SKG_MT_777,2018,0.9347234964370728,0.8191489361702128,94,315,51
SKG_MT_566,2018,0.9471648931503296,0.7894736842105263,114,25,35
SKG_SA_459,2018,0.940744698047638,0.6341463414634146,82,15,22
SKG_SA_411,2018,0.9756183624267578,0.7631578947368421,190,49,50
SKG_SA_487,2018,0.9476884603500366,0.7375886524822695,141,71,31
SKG_SA_194,2018,0.9127724766731262,0.7028985507246377,138,185,27
SKG_SA_199,2018,0.9432936906814576,0.751219512195122,205,60,41
SKG_SA_274,2018,0.9429465532302856,0.7282608695652174,92,73,25
SKG_SA_282,2018,0.9450911283493042,0.7464788732394366,71,8,7
SKG_DIA_179,2018,0.9308204650878906,0.8333333333333334,30,39,45
SKG_MT_799,2018,0.9510729908943176,0.6082474226804123,97,20,27
SKG_MT_807,2018,0.927780270576477,0.6976744186046512,43,80,28
SKG_MT_540,2018,0.929294764995575,0.7818181818181819,55,117,11
SKG_MT_558,2018,0.976893424987793,0.6526315789473685,190,31,20
SKG_MT_559,2018,0.9183859825134276,0.7058823529411765,68,4,39
SKG_MT_759,2018,0.9389532208442688,0.7529411764705882,170,15,17
SKG_SA_324,2018,0.9223774075508118,0.839622641509434,106,31,20
SKG_SA_326,2018,0.9488040804862976,0.8072916666666666,192,24,49
SKG_SA_327,2018,0.946130394935608,0.7842465753424658,292,38,29
SKG_DIA_156,2018,0.9725098609924316,0.6481481481481481,54,197,23
SKG_DIA_160,2018,0.9410931468009948,0.7386363636363636,88,20,78
SKG_SA_179,2018,0.9365552067756652,0.7624309392265194,181,176,31
SKG_SA_188,2018,0.9392093420028688,0.7111111111111111,45,13,21
SKG_SA_203,2018,0.8514002561569214,0.8194444444444444,144,46,55
SKG_SA_222,2018,0.9423784017562866,0.7744360902255639,133,32,41
SKG_DIA_238,2018,0.9765106439590454,0.675,40,143,25
SKG_DIA_243,2018,0.9381769895553588,0.8483412322274881,211,31,69
SKG_MT_532,2018,0.9779306650161744,0.6363636363636364,143,27,41
SKG_MT_818,2018,0.9462028741836548,0.6687116564417178,163,232,41
SKG_MT_821,2018,0.9171962738037108,0.7551020408163265,98,70,25
SKG_MT_822,2018,0.9508415460586548,0.7045454545454546,88,344,23
SKG_MT_825,2018,0.9402230381965636,0.7990196078431373,204,9,31
SKG_MT_791,2018,0.9511405825614928,0.6727272727272727,110,57,31
SKG_SA_248,2018,0.9267614483833312,0.8026315789473685,152,4,28
SKG_SA_256,2018,0.9447697401046752,0.8130081300813008,123,8,20
SKG_DIA_219,2018,0.9370800852775574,0.8114285714285714,175,441,61
SKG_DIA_222,2018,0.9424152374267578,0.6458333333333334,96,76,38
SKG_DIA_287,2018,0.860831618309021,1.0,6,155,20
SKG_SA_90,2018,0.9447404742240906,0.6701570680628273,191,8,28
SKG_SA_105,2018,0.925786316394806,0.8085106382978723,94,15,17
SKG_SA_106,2018,0.933968186378479,0.7916666666666666,144,0,27
SKG_SA_117,2018,0.9389058351516724,0.7522123893805309,113,195,34
SKG_SA_144,2018,0.93910151720047,0.7454545454545455,55,130,19
SKG_DIA_259,2018,0.9273438453674316,0.8161764705882353,136,184,47
SKG_MT_507,2018,0.9410562515258788,0.6875,112,16,41
SKG_MT_831,2018,0.9346302151679992,0.7154471544715447,246,178,54
SKG_MT_516,2018,0.9184714555740356,0.75,4,1,0
SKG_SA_153,2018,0.9371278882026672,0.7730496453900709,141,189,52
SKG_SA_155,2018,0.9286897778511048,1.0,9,379,38
SKG_SA_162,2018,0.9460464715957642,0.7303370786516854,89,5,24
SKG_SA_169,2018,0.9485067129135132,0.6850393700787402,127,9,24
SKG_SA_172,2018,0.947670578956604,0.8541666666666666,48,622,43
SKG_SA_176,2018,0.9273632764816284,0.6818181818181818,44,3,17
SKG_SA_10,2018,0.9499963521957396,0.7005494505494505,364,93,22
SKG_SA_18,2018,0.9445512890815736,0.6982758620689655,116,2,15
SKG_DIA_316,2018,0.9224587678909302,0.9285714285714286,14,22,9
SKG_SA_28,2018,0.9303703308105468,0.7066666666666667,75,35,22
SKG_SA_31,2018,0.9347125887870787,0.7727272727272727,264,513,25
SKG_SA_46,2018,0.9420554041862488,0.8142076502732241,183,54,44
SKG_SA_51,2018,0.9335302114486694,0.7401574803149606,127,76,46
SKG_SA_1,2018,0.9338752031326294,0.7006172839506173,324,36,35
SKG_MT_855,2018,0.9319164156913756,0.7627118644067796,59,9,28
SKG_MT_862,2018,0.931897759437561,0.8,55,84,37
SKG_MT_502,2018,0.937430739402771,0.6304347826086957,92,31,63
SKG_MT_505,2018,0.9215408563613892,0.6089743589743589,156,33,25
SKG_SA_64,2018,0.9768222570419312,0.6705882352941176,85,56,22
SKG_SA_76,2018,0.9442407488822936,0.673469387755102,98,6,30
SKG_DIA_280,2018,0.932646095752716,0.8695652173913043,115,62,59
SKG_DIA_285,2018,0.9321473836898804,0.7719298245614035,57,149,30
SKG_QA_348,2018,0.9476916193962096,0.8055555555555556,144,169,43
SKG_QA_353,2018,0.9343221783638,0.8354430379746836,158,164,47
SKG_QA_354,2018,0.9436869621276855,0.7285714285714285,70,12,20
SKG_QA_367,2018,0.9745289087295532,0.7,80,52,46
SKG_QA_389,2018,0.9406694173812866,0.8017241379310345,116,67,39
SKG_QA_394,2018,0.9380871653556824,0.8092485549132948,173,156,33
SKG_QA_415,2018,0.9757397770881652,0.725,120,35,41
SKG_QA_426,2018,0.950821042060852,0.8043478260869565,138,27,43
SKG_QA_450,2018,0.9412435293197632,0.7393939393939394,165,17,56
SKG_QA_476,2018,0.9403350949287416,0.6888888888888889,135,297,36
SKG_QA_483,2018,0.976338267326355,0.7128712871287128,101,87,48
SKG_QA_432,2018,0.9340141415596008,0.7686567164179104,134,4,20
SKG_MT_472,2018,0.9448089599609376,0.7657657657657657,111,43,24
SKG_MT_473,2018,0.9369128942489624,0.7653061224489796,98,13,67
SKG_QA_490,2018,0.9418739080429076,0.7142857142857143,14,90,22
SKG_DIA_1,2018,0.933041214942932,0.603448275862069,58,211,11
SKG_QA_248,2018,0.949586033821106,0.8080808080808081,99,1,16
SKG_QA_294,2018,0.9688137769699096,0.7894736842105263,190,18,35
SKG_QA_254,2018,0.9734634160995485,0.7653631284916201,179,19,36
SKG_QA_321,2018,0.9373278617858888,0.7083333333333334,72,28,20
SKG_QA_322,2018,0.9767058491706848,0.6850393700787402,127,108,24
SKG_QA_364,2018,0.9386377334594728,0.8,100,17,56
SKG_MT_909,2018,0.9763641357421876,0.7128712871287128,101,162,40
SKG_MT_916,2018,0.9236427545547484,0.7425742574257426,202,119,41
SKG_MT_920,2018,0.9562582969665528,0.5040650406504065,123,28,18
SKG_MT_925,2018,0.93079936504364,0.6923076923076923,52,80,28
SKG_MT_452,2018,0.9240269660949708,0.7948717948717948,39,5,18
SKG_QA_380,2018,0.9395219683647156,0.7468354430379747,79,27,47
SKG_QA_381,2018,0.9414628148078918,0.7432432432432432,148,11,24
SKG_QA_382,2018,0.9362872242927552,0.6802721088435374,147,56,28
SKG_QA_384,2018,0.9728867411613464,0.7021276595744681,188,73,70
SKG_QA_343,2018,0.9386836886405944,0.8043478260869565,92,310,41
SKG_QA_127,2018,0.9287282824516296,0.7222222222222222,90,2,26
SKG_QA_133,2018,0.9389174580574036,0.8396946564885496,131,101,25
SKG_QA_136,2018,0.9218215942382812,0.8108108108108109,74,515,51
SKG_QA_202,2018,0.952122688293457,0.7567567567567568,148,3,34
SKG_QA_212,2018,0.9364317059516908,0.7333333333333333,180,59,55
SKG_QA_220,2018,0.9370929598808287,0.8952380952380953,105,31,40
SKG_QA_176,2018,0.9300155639648438,0.6336633663366337,101,194,23
SKG_QA_177,2018,0.935450553894043,0.7746478873239436,71,43,47
SKG_MT_952,2018,0.9492323994636536,0.7151162790697675,172,257,30
SKG_MT_425,2018,0.9327665567398072,0.79,100,37,33
SKG_MT_432,2018,0.9784326553344728,0.76,250,36,29
SKG_QA_271,2018,0.9355170130729676,0.7166666666666667,60,67,49
SKG_QA_224,2018,0.9451125264167786,0.7363636363636363,110,1433,21
SKG_QA_229,2018,0.9418739080429076,0.819672131147541,61,90,22
SKG_QA_230,2018,0.9744961857795716,0.8125,96,158,19
SKG_QA_243,2018,0.9345355033874512,0.7658227848101266,158,67,31
SKG_PAR_222,2018,0.9259433746337892,0.82,100,51,40
SKG_PAR_225,2018,0.945687472820282,0.7966101694915254,236,10,34
SKG_QA_38,2018,0.9301692247390748,0.6575342465753424,146,165,31
SKG_QA_40,2018,0.9400470852851868,0.8108108108108109,111,41,24
SKG_QA_36,2018,0.9226972460746764,0.8235294117647058,136,25,13
SKG_QA_60,2018,0.9318658709526062,0.7604166666666666,192,14,29
SKG_QA_71,2018,0.9459915161132812,0.803921568627451,51,432,58
SKG_QA_72,2018,0.9481443166732788,0.8050847457627118,118,147,46
SKG_QA_87,2018,0.9474641680717468,0.7165775401069518,187,70,0
SKG_MT_393,2018,0.9195404052734376,0.8319327731092437,119,16,29
SKG_MT_403,2018,0.9250303506851196,0.7722772277227723,101,4,16
SKG_MT_412,2018,0.9420722723007202,0.7254901960784313,153,15,40
SKG_MT_941,2018,0.93079936504364,0.7727272727272727,22,80,28
SKG_QA_166,2018,0.9279729127883912,0.8426966292134831,178,24,33
SKG_QA_169,2018,0.9369128346443176,0.7653061224489796,98,13,67
SKG_QA_124,2018,0.9446565508842468,0.6666666666666666,69,3,19
SKG_PAR_99,2018,0.9390777349472046,0.7073170731707317,41,1,13
SKG_PAR_102,2018,0.9316970705986024,0.8241758241758241,91,2,24
SKG_PAR_68,2018,0.978014349937439,0.6898148148148148,216,11,54
SKG_PAR_168,2018,0.9407747387886048,0.8067226890756303,119,5,52
SKG_PAR_114,2018,0.9466387629508972,0.7723214285714286,224,21,18
SKG_PAR_117,2018,0.9388272166252136,0.722972972972973,148,4,51
SKG_PAR_151,2018,0.9149433374404908,0.7966101694915254,118,98,67
SKG_PAR_152,2018,0.9400961995124816,0.7342657342657343,143,20,47
SKG_PAR_155,2018,0.943034529685974,0.8181818181818182,33,66,36
SKG_PAR_161,2018,0.945472240447998,0.723404255319149,141,7,27
SKG_MT_991,2018,0.9360936284065248,0.7285714285714285,140,15,23
SKG_MT_374,2018,0.9080268740653992,0.7828571428571428,175,324,31
SKG_MT_380,2018,0.9382476806640624,0.7468354430379747,158,33,36
SKG_PAR_191,2018,0.9332680702209472,0.6896551724137931,116,68,51
SKG_PAR_192,2018,0.9465969204902648,0.7448979591836735,196,50,52
SKG_PAR_214,2018,0.9537984132766724,0.7476635514018691,107,105,19
SKG_NLI_10,2018,0.9524042010307312,0.6985294117647058,136,17,13
SKG_NLI_12,2018,0.9242371320724488,0.7763975155279503,161,272,74
SKG_PAR_0,2018,0.9780702590942384,0.6721311475409836,61,54,58
SKG_MT_1443,2018,0.935572624206543,0.7222222222222222,72,2,4
SKG_PAR_4,2018,0.9551318883895874,0.7573529411764706,136,483,19
SKG_PAR_38,2018,0.9376839399337769,0.8666666666666667,90,16,45
SKG_PAR_39,2018,0.9696551561355592,0.6808510638297872,141,75,69
SKG_PAR_42,2018,0.9316695928573608,0.7796610169491526,118,370,54
SKG_PAR_76,2018,0.9289537668228148,0.788235294117647,85,2,30
SKG_MT_1020,2018,0.9454343914985656,0.6346153846153846,104,36,37
SKG_MT_1026,2018,0.9467790722846984,0.7445255474452555,137,37,27
SKG_MT_364,2018,0.9313477277755736,0.7272727272727273,66,15,1
SKG_MT_985,2018,0.9394686818122864,0.7416666666666667,120,79,33
SKG_PAR_86,2018,0.9424020648002625,0.7979094076655052,287,270,23
SKG_PAR_88,2018,0.9713549613952636,0.6976744186046512,129,45,38
SKG_PAR_93,2018,0.9353410005569458,0.7454545454545455,55,10,37
SKG_MT_1140,2018,0.9745271801948548,0.8066666666666666,150,198,33
SKG_MT_1355,2018,0.9372175335884094,0.7901234567901234,81,196,31
SKG_MT_1369,2018,0.9713805913925172,0.7824074074074074,216,241,35
SKG_MT_1372,2018,0.9230079650878906,0.7608695652173914,46,5,34
SKG_MT_1402,2018,0.9420801997184752,0.7191011235955056,89,14,6
SKG_MT_1417,2018,0.9492605924606324,0.7181818181818181,110,36,31
SKG_MT_29,2018,0.9373214840888976,0.6976744186046512,172,5,0
SKG_MT_1424,2018,0.950971245765686,0.7837837837837838,222,135,40
SKG_MT_1433,2018,0.93970787525177,0.728,125,9,23
SKG_MT_1434,2018,0.9413671493530272,0.5909090909090909,66,35,31
SKG_MT_1452,2018,0.920352339744568,0.6310679611650486,103,20,13
SKG_MT_1049,2018,0.9338091015815736,0.7606837606837606,117,17,32
SKG_MT_1054,2018,0.9381150007247924,0.6638655462184874,119,54,18
SKG_MT_339,2018,0.9334213137626648,0.7428571428571429,70,21,12
SKG_MT_1475,2018,0.9408089518547058,0.7637362637362637,182,42,33
SKG_NLI_4,2018,0.9447844624519348,0.6621621621621622,148,43,44
SKG_MT_197,2018,0.9468935132026672,0.7111111111111111,135,13,39
SKG_MT_155,2018,0.945470929145813,0.684931506849315,73,13,26
SKG_MT_158,2018,0.9353906512260436,0.611764705882353,85,19,31
SKG_MT_1203,2018,0.9412450790405272,0.7681818181818182,220,34,23
SKG_MT_143,2018,0.9286715388298036,0.7727272727272727,22,59,33
SKG_MT_1271,2018,0.9449135065078736,0.7395833333333334,192,13,30
SKG_MT_1278,2018,0.943787395954132,0.7607655502392344,209,59,27
SKG_MT_1291,2018,0.9372216463088988,0.6041666666666666,96,133,26
SKG_MT_138,2018,0.940743088722229,0.8013245033112583,151,191,29
SKG_MT_82,2018,0.9370023608207704,0.8214285714285714,28,107,28
SKG_MT_83,2018,0.9456151127815248,0.7931034482758621,145,1005,75
SKG_MT_86,2018,0.9332679510116576,0.7272727272727273,143,72,46
SKG_MT_96,2018,0.9408893585205078,0.7383177570093458,107,28,29
SKG_MT_1038,2018,0.9381150007247924,0.7272727272727273,77,54,18
SKG_MT_416,2018,0.9232116937637328,0.9,30,131,20
SKG_MT_64,2018,0.9503315091133118,0.7752808988764045,89,54,27
SKG_SA_636,2018,0.9354836344718932,0.7951807228915663,83,34,35
SKG_DIA_9,2018,0.9399279356002808,0.7777777777777778,63,40,16
SKG_SUM_46,2018,0.9393789172172546,0.7538461538461538,130,8,0
SKG_SUM_54,2018,0.9422640800476074,0.7315436241610739,149,154,31
SKG_SUM_61,2018,0.9261455535888672,0.7777777777777778,63,1,2
SKG_SUM_62,2018,0.9303547739982604,0.8333333333333334,132,33,48
SKG_SUM_69,2018,0.9398662447929382,0.7872340425531915,47,68,20
SKG_SUM_93,2018,0.9746538400650024,0.6972477064220184,109,137,17
SKG_SUM_100,2018,0.9759857058525084,0.8214285714285714,56,13,33
SKG_SUM_102,2018,0.9280633926391602,0.6835443037974683,79,8,26
SKG_SUM_114,2018,0.9340007901191713,0.8260869565217391,92,47,41
SKG_MT_709,2018,0.9415688514709472,0.7435897435897436,117,275,42
SKG_MT_659,2018,0.9307794570922852,0.8536585365853658,41,33,42
SKG_MT_662,2018,0.9274287223815918,0.7304964539007093,141,72,42
SKG_SUM_152,2018,0.9425193667411804,0.7865168539325843,178,720,50
SKG_SUM_117,2018,0.9392855763435364,0.6132075471698113,106,168,40
SKG_SUM_176,2018,0.940156102180481,0.8529411764705882,68,60,50
SKG_SUM_219,2018,0.93965882062912,0.8695652173913043,92,174,44
SKG_SUM_161,2019,0.948292076587677,0.6935483870967742,124,357,49
SKG_SUM_159,2019,0.9275499582290648,0.8238095238095238,210,59,55
SKG_SUM_200,2019,0.946813464164734,0.6381578947368421,152,68,35
SKG_SUM_201,2019,0.9375209808349608,0.6909090909090909,165,35,25
SKG_SUM_202,2019,0.9436197280883788,0.8333333333333334,72,136,22
SKG_SUM_207,2019,0.9317450523376464,0.8169014084507042,71,42,32
SKG_SUM_210,2019,0.93409264087677,0.7532467532467533,154,152,49
SKG_SUM_213,2019,0.9275212287902832,0.7463768115942029,138,123,35
SKG_QA_49,2019,0.9310892224311828,0.7547169811320755,159,149,56
SKG_QA_44,2019,0.9306631088256836,0.7388888888888889,180,38,32
SKG_QA_43,2019,0.9279485940933228,0.6764705882352942,34,28,21
SKG_QA_25,2019,0.9413636922836304,0.5568181818181818,88,5,42
SKG_QA_19,2019,0.9430410265922546,0.7454545454545455,110,121,25
SKG_QA_11,2019,0.9332959055900574,0.7142857142857143,301,30,0
SKG_QA_81,2019,0.9276712536811828,0.8115942028985508,69,302,47
SKG_QA_77,2019,0.9390323758125304,0.7469879518072289,166,48,35
SKG_SUM_169,2019,0.9416730999946594,0.6836734693877551,196,37,43
SKG_SUM_168,2019,0.9346845746040344,0.768,125,31,79
SKG_SUM_126,2019,0.9111997485160828,0.0,31,27,30
SKG_SUM_125,2019,0.9282922744750975,0.6264367816091954,174,158,39
SKG_SUM_124,2019,0.9197368621826172,0.8717948717948718,117,110,64
SKG_SUM_115,2019,0.9359052777290344,0.7477477477477478,111,34,36
SKG_SUM_153,2019,0.9323142766952516,0.6666666666666666,27,44,33
SKG_SUM_149,2019,0.9385773539543152,0.704,125,47,36
SKG_SUM_156,2019,0.9370412826538086,0.7575757575757576,132,16,31
SKG_SUM_137,2019,0.9370412826538086,0.8352941176470589,85,16,31
SKG_MT_1136,2019,0.9329660534858704,0.6707317073170732,164,29,42
SKG_MT_1135,2019,0.9797856211662292,0.8666666666666667,15,16,12
SKG_MT_1134,2019,0.9773168563842772,0.788135593220339,118,119,45
SKG_SUM_183,2019,0.9111997485160828,0.8333333333333334,126,27,30
SKG_SUM_182,2019,0.9282957315444946,0.7439024390243902,164,10,49
SKG_MT_674,2019,0.9839297533035278,0.6788321167883211,137,9,34
SKG_SUM_73,2019,0.943616271018982,0.7457627118644068,59,36,36
SKG_SUM_58,2019,0.9381588101387024,0.691358024691358,81,63,38
SKG_SUM_57,2019,0.9418963193893432,0.6774193548387096,155,32,30
SKG_SUM_79,2019,0.9166313409805298,0.75,160,1570,38
SKG_SUM_112,2019,0.9437150955200196,0.7317073170731707,164,178,61
SKG_SUM_101,2019,0.945541262626648,0.7094594594594594,148,53,38
SKG_SUM_127,2019,0.9138900637626648,0.6935483870967742,124,32,42
SKG_MT_1192,2019,0.948434054851532,0.7319587628865979,97,50,37
SKG_MT_1185,2019,0.9483238458633424,0.75,16,45,49
SKG_MT_1184,2019,0.9523371458053588,0.7445652173913043,184,2,23
SKG_MT_242,2019,0.9039952158927916,0.625,48,3,11
SKG_MT_235,2019,0.945814311504364,0.754601226993865,163,12,36
SKG_MT_232,2019,0.9420326948165894,0.7419354838709677,155,1,35
SKG_MT_222,2019,0.9483203887939452,0.7164179104477612,67,13,32
SKG_MT_1150,2019,0.94740629196167,0.6764705882352942,68,9,35
SKG_MT_263,2019,0.5704745054244995,0.7077922077922078,154,8,12
SKG_DIA_6,2019,0.9230955243110656,0.7415730337078652,89,1,12
SKG_SUM_51,2019,0.9398590922355652,0.735,200,12,35
SKG_SUM_47,2019,0.9374749064445496,0.8378378378378378,37,9,23
SKG_MT_292,2019,0.946742057800293,0.7092198581560284,141,10,0
SKG_MT_276,2019,0.9361168146133424,0.6872427983539094,243,23,41
SKG_MT_271,2019,0.9457899332046508,0.7215189873417721,79,21,33
SKG_MT_1088,2019,0.93646240234375,0.7883211678832117,137,4,39
SKG_MT_214,2019,0.9395207166671752,0.6842105263157895,133,8,64
SKG_MT_213,2019,0.9491218328475952,0.8037383177570093,107,86,37
SKG_MT_202,2019,0.9430424571037292,0.6928571428571428,140,4,25
SKG_MT_95,2019,0.9309028387069702,0.7048192771084337,166,36,42
SKG_MT_1196,2019,0.9262198209762572,0.6435643564356436,101,27,35
SKG_SUM_96,2019,0.9432811737060548,0.782608695652174,161,100,55
SKG_SUM_95,2019,0.9424155354499816,0.7437185929648241,199,52,36
SKG_SUM_94,2019,0.9497200846672058,0.8645833333333334,96,61,76
SKG_SUM_21,2019,0.9282922744750975,0.6600985221674877,203,158,39
SKG_SA_628,2019,0.934177041053772,0.7518248175182481,137,25,35
SKG_SA_623,2019,0.9372504949569702,0.7849462365591398,93,3,28
SKG_SA_610,2019,0.9298498034477234,0.6544117647058824,272,292,38
SKG_DIA_4,2019,0.9387041330337524,0.7403846153846154,104,10,25
SKG_DIA_0,2019,0.942034125328064,0.7949640287769785,278,46,41
SKG_MT_1241,2019,0.9455690383911132,0.5694444444444444,144,2,27
SKG_MT_1179,2019,0.9491453170776368,0.6923076923076923,78,15,27
SKG_MT_1176,2019,0.937981903553009,0.8469387755102041,98,3,20
SKG_MT_75,2019,0.9461262822151184,0.7622950819672131,244,38,31
SKG_MT_189,2019,0.923995316028595,0.7924528301886793,159,53,33
SKG_MT_1217,2019,0.9479929208755492,0.5869565217391305,92,5,21
SKG_MT_1216,2019,0.9493759274482728,0.7540983606557377,61,8,18
SKG_SUM_37,2019,0.9822511672973632,0.7,30,100,37
SKG_SUM_31,2019,0.9484333992004396,0.7604562737642585,263,121,32
SKG_SUM_30,2019,0.9414189457893372,0.7741935483870968,93,15,51
SKG_DIA_8,2019,0.9480792880058287,0.8125,176,84,102
SKG_DIA_30,2019,0.9137243032455444,0.7526881720430108,186,57,34
SKG_MT_703,2019,0.9372583627700806,0.6694214876033058,121,7,28
SKG_MT_702,2019,0.9323318600654602,0.7169811320754716,53,86,42
SKG_MT_696,2019,0.9419373273849488,0.7341772151898734,79,6,27
SKG_MT_609,2019,0.9474915266036988,0.6888888888888889,180,1,38
SKG_MT_602,2019,0.9186558723449708,0.7171717171717171,99,20,23
SKG_MT_597,2019,0.951637089252472,0.7124183006535948,153,33,40
SKG_DIA_23,2019,0.9266420602798462,0.7037037037037037,54,45,37
SKG_MT_1261,2019,0.9360628128051758,0.6395348837209303,86,2,46
SKG_MT_142,2019,0.9392779469490052,0.7757009345794392,107,47,57
SKG_MT_1198,2019,0.9254704713821412,0.75,68,14,17
SKG_MT_1197,2019,0.9475498199462892,0.7567567567567568,37,74,26
SKG_MT_172,2019,0.9435999989509584,0.6666666666666666,102,96,29
SKG_MT_159,2019,0.9437599182128906,0.7307692307692307,156,73,70
SKG_MT_154,2019,0.9464259147644044,0.8271028037383178,214,10,44
SKG_SA_581,2019,0.9405527114868164,0.6341463414634146,164,39,35
SKG_MT_721,2019,0.9491467475891112,0.7336956521739131,184,315,30
SKG_MT_128,2019,0.9371567964553832,0.7101449275362319,69,14,17
SKG_MT_125,2019,0.9735038876533508,0.4923076923076923,65,25,22
SKG_MT_1301,2019,0.9391237497329712,0.6851851851851852,54,77,21
SKG_MT_1296,2019,0.9836074113845824,0.6372549019607843,204,61,55
SKG_MT_1285,2019,0.9348573684692384,0.8876404494382022,89,55,44
SKG_MT_1234,2019,0.9411894083023072,0.7524752475247525,101,17,38
SKG_MT_1267,2019,0.9524520039558412,0.6507936507936508,189,1,48
SKG_SA_598,2019,0.9350866079330444,0.7525773195876289,97,20,28
SKG_SA_587,2019,0.915845513343811,0.7741935483870968,31,1,0
SKG_SA_543,2019,0.9214078783988952,0.6971830985915493,142,87,33
SKG_SA_541,2019,0.947109043598175,0.7037037037037037,135,26,37
SKG_SA_525,2019,0.9429548382759094,0.7132867132867133,143,50,21
SKG_SA_576,2019,0.9351121783256532,0.7834394904458599,157,11,53
SKG_SA_555,2019,0.9287111163139344,0.8571428571428571,21,24,40
SKG_SA_553,2019,0.9321542978286744,0.0,134,348,20
SKG_DIA_66,2019,0.9510451555252076,0.6989247311827957,93,126,34
SKG_DIA_62,2019,0.91977059841156,0.7938931297709924,131,39,46
SKG_MT_113,2019,0.9468711614608764,0.7523809523809524,105,153,63
SKG_MT_111,2019,0.9826110005378724,0.6844919786096256,187,37,31
SKG_MT_106,2019,0.9323573112487792,0.6846846846846847,111,11,30
SKG_MT_101,2019,0.9427650570869446,0.7413793103448276,116,7,34
SKG_MT_98,2019,0.92355477809906,0.695364238410596,151,21,17
SKG_MT_90,2019,0.9490181803703308,0.6578947368421053,114,41,34
SKG_MT_1321,2019,0.9456954002380372,0.652542372881356,118,37,44
SKG_MT_134,2019,0.923208236694336,0.7864077669902912,206,37,37
SKG_MT_130,2019,0.94740092754364,0.6296296296296297,108,52,55
SKG_DIA_27,2019,0.9255094528198242,0.8421052631578947,95,247,28
SKG_DIA_51,2019,0.927747130393982,0.7185185185185186,135,8,27
SKG_DIA_50,2019,0.9370492100715636,0.7555555555555555,90,6,44
SKG_DIA_44,2019,0.942919373512268,0.7741935483870968,93,16,12
SKG_DIA_36,2019,0.9078766703605652,0.753731343283582,134,76,50
SKG_DIA_84,2019,0.9400274157524108,0.8225806451612904,62,37,29
SKG_DIA_76,2019,0.9365172386169434,0.6597222222222222,144,53,28
SKG_SA_479,2019,0.981286346912384,0.7388059701492538,134,26,47
SKG_SA_464,2019,0.9478541612625122,0.7435897435897436,156,4,33
SKG_MT_1043,2019,0.9457147717475892,0.6372549019607843,204,208,23
SKG_MT_307,2019,0.9394322633743286,0.7169811320754716,53,7,14
SKG_MT_303,2019,0.9524941444396972,0.7027027027027027,74,74,30
SKG_MT_298,2019,0.9308093786239624,0.6494845360824743,97,27,0
SKG_MT_1083,2019,0.9832391738891602,0.7807017543859649,114,66,22
SKG_MT_1070,2019,0.9353073835372924,0.8048780487804879,82,126,37
SKG_MT_1066,2019,0.9536851644515992,0.7272727272727273,99,17,27
SKG_MT_756,2019,0.9399067163467408,0.7522935779816514,109,9,27
SKG_MT_751,2019,0.917375385761261,0.7565217391304347,115,52,34
SKG_MT_750,2019,0.9414006471633912,0.6728395061728395,162,4,22
SKG_MT_580,2019,0.9331437349319458,0.7894736842105263,38,20,11
SKG_MT_577,2019,0.946174144744873,0.625,56,1,17
SKG_SA_444,2019,0.9817517995834352,0.6756756756756757,111,16,24
SKG_SA_440,2019,0.9363883137702942,0.7582417582417582,182,358,44
SKG_SA_436,2019,0.9370406866073608,0.75,204,8,26
SKG_DIA_96,2019,0.9318154454231262,0.7464788732394366,142,12,27
SKG_MT_1061,2019,0.9374902844429016,0.7906976744186046,129,2,26
SKG_MT_60,2019,0.9558637738227844,0.8059701492537313,134,43,27
SKG_MT_73,2019,0.9304546117782592,0.6702127659574468,94,28,26
SKG_MT_70,2019,0.9416748881340028,0.7848101265822784,237,611,44
SKG_MT_68,2019,0.9481401443481444,0.6,100,13,32
SKG_MT_67,2019,0.9360440373420716,0.6194690265486725,113,6,25
SKG_MT_608,2019,0.9424607157707214,0.7948717948717948,78,28,30
SKG_MT_508,2019,0.9255274534225464,0.782608695652174,138,44,37
SKG_MT_336,2019,0.9289580583572388,0.6970954356846473,241,58,46
SKG_SA_521,2019,0.9504373669624328,0.6428571428571429,98,49,17
SKG_SA_516,2019,0.9379437565803528,0.6587301587301587,252,2,42
SKG_DIA_90,2019,0.9400121569633484,0.6833333333333333,120,74,52
SKG_MT_562,2019,0.9297504425048828,0.6428571428571429,140,76,64
SKG_MT_561,2019,0.950547993183136,0.7731958762886598,194,26,37
SKG_MT_780,2019,0.9383462071418762,0.7241379310344828,29,3,37
SKG_MT_773,2019,0.9466779828071594,0.6,10,12,38
SKG_MT_765,2019,0.957821488380432,0.8048780487804879,82,25,31
SKG_SA_378,2019,0.9368280172348022,0.7477477477477478,111,17,30
SKG_SA_376,2019,0.922171413898468,0.7553956834532374,139,0,0
SKG_MT_1374,2019,0.946532428264618,0.7677419354838709,155,8,24
SKG_MT_1371,2019,0.9449119567871094,0.806060606060606,165,37,48
SKG_MT_34,2019,0.9301128387451172,0.7976190476190477,84,3,23
SKG_MT_1358,2019,0.9341999292373656,0.7040816326530612,98,4,19
SKG_MT_1357,2019,0.9409836530685424,0.696,125,17,33
SKG_MT_1350,2019,0.9180939793586732,0.7294117647058823,85,5,0
SKG_MT_1275,2019,0.9373914003372192,0.6216216216216216,37,0,15
SKG_SA_455,2019,0.9363623857498168,0.6956521739130435,230,414,34
SKG_SA_446,2019,0.9150816798210144,0.7580645161290323,124,30,21
SKG_SA_348,2019,0.9289849996566772,0.7105263157894737,38,25,17
SKG_DIA_123,2019,0.9285281896591188,0.8041666666666667,240,1,0
SKG_DIA_113,2019,0.9399513006210328,0.6875,128,62,33
SKG_DIA_111,2019,0.9319809675216676,0.9,20,15,34
SKG_DIA_106,2019,0.9426005482673644,0.7280701754385965,114,12,42
SKG_DIA_139,2019,0.9413226842880248,0.7534246575342466,73,185,45
SKG_DIA_129,2019,0.9336376190185548,0.6808510638297872,94,18,22
SKG_MT_1405,2019,0.943860650062561,0.660377358490566,53,3,14
SKG_MT_1404,2019,0.9475471377372742,0.7372881355932204,118,10,24
SKG_MT_1398,2019,0.9376935958862304,0.6987951807228916,166,235,41
SKG_MT_1397,2019,0.9406231641769408,0.796875,128,0,28
SKG_MT_50,2019,0.938143253326416,0.8032786885245902,61,28,27
SKG_MT_43,2019,0.9498960375785828,0.6888888888888889,45,7,32
SKG_MT_35,2019,0.9353229403495787,0.8317757009345794,107,61,22
SKG_MT_1389,2019,0.9324764013290404,0.6724137931034483,232,9,49
SKG_MT_570,2019,0.9417577981948853,0.841025641025641,195,19,36
SKG_DIA_164,2019,0.9213631749153136,0.7788461538461539,104,58,48
SKG_SA_337,2019,0.9423440098762512,0.6717171717171717,198,21,33
SKG_SA_328,2019,0.9317572712898254,0.84375,32,5,0
SKG_MT_761,2019,0.9466779828071594,0.7788944723618091,199,12,38
SKG_MT_1422,2019,0.9439979791641236,0.7659574468085106,94,136,67
SKG_MT_1420,2019,0.9500338435173036,0.7745901639344263,244,10,0
SKG_MT_1419,2019,0.9373912811279296,0.8297872340425532,47,0,15
SKG_MT_1418,2019,0.931922733783722,0.7333333333333333,150,1,15
SKG_MT_30,2019,0.9337581396102904,0.697986577181208,149,92,41
SKG_MT_20,2019,0.9269554018974304,0.75,80,9,32
SKG_MT_19,2019,0.944805920124054,0.6333333333333333,60,13,41
SKG_SA_399,2019,0.9452850222587584,0.776,125,223,38
SKG_SA_394,2019,0.921959400177002,0.69377990430622,209,700,35
SKG_SA_392,2019,0.938720405101776,0.7745098039215687,102,12,44
SKG_SA_383,2019,0.94260436296463,0.7547892720306514,261,50,67
SKG_SA_357,2019,0.7609573602676392,0.7242990654205608,214,274,36
SKG_MT_548,2019,0.9309028387069702,0.7333333333333333,15,36,42
SKG_MT_544,2019,0.9483203887939452,0.75,4,13,32
SKG_MT_808,2019,0.9358874559402466,0.7913043478260869,115,18,23
SKG_MT_804,2019,0.9477778673171996,0.6582278481012658,79,116,30
SKG_DIA_188,2019,0.9221235513687134,0.9318181818181818,44,36,50
SKG_SA_303,2019,0.9139803647994996,0.8145695364238411,151,12,0
SKG_SA_302,2019,0.9247814416885376,0.7348484848484849,132,51,62
SKG_SA_300,2019,0.9297761917114258,0.7586206896551724,116,11,20
SKG_MT_1469,2019,0.9298946261405944,0.7929292929292929,198,301,50
SKG_MT_1465,2019,0.973831295967102,0.6153846153846154,130,10,14
SKG_MT_1463,2019,0.9487754702568054,0.8275862068965517,58,15,41
SKG_MT_1445,2019,0.9369076490402222,0.5833333333333334,84,3,36
SKG_DIA_150,2019,0.9804288744926452,0.7657657657657657,111,63,50
SKG_DIA_149,2019,0.9376274347305298,0.762962962962963,135,29,48
SKG_DIA_147,2019,0.9330106973648072,0.690677966101695,236,10,43
SKG_DIA_168,2019,0.9409283399581908,0.6901408450704225,142,29,54
SKG_DIA_178,2019,0.9220420718193054,0.7727272727272727,176,23,27
SKG_SA_279,2019,0.9471510648727416,0.8378378378378378,37,1,9
SKG_SA_272,2019,0.9361294507980348,0.6610169491525424,59,320,76
SKG_SA_271,2019,0.9227123260498048,0.6056338028169014,142,57,12
SKG_SA_267,2019,0.9376059770584106,0.7445255474452555,137,52,28
SKG_DIA_203,2019,0.98133647441864,0.6976744186046512,129,21,51
SKG_DIA_202,2019,0.946533977985382,0.6956521739130435,46,60,29
SKG_PAR_25,2019,0.9445846676826476,0.8024691358024691,162,3,35
SKG_MT_1016,2019,0.951607882976532,0.7567567567567568,148,60,35
SKG_MT_1012,2019,0.9838212728500366,0.6951219512195121,82,22,50
SKG_MT_347,2019,0.9201968908309937,0.7586206896551724,29,29,17
SKG_MT_334,2019,0.9392147064208984,0.7608695652173914,92,59,25
SKG_MT_328,2019,0.9398599863052368,0.6372549019607843,102,1,13
SKG_MT_322,2019,0.926024615764618,0.8333333333333334,72,25,21
SKG_MT_556,2019,0.9417287707328796,0.5795454545454546,176,2,46
SKG_MT_552,2019,0.98148375749588,0.6433566433566433,143,0,19
SKG_SA_159,2019,0.9368165135383606,0.6857142857142857,70,6,25
SKG_MT_522,2019,0.9293092489242554,0.7659574468085106,47,58,43
SKG_MT_783,2019,0.9434944987297058,0.875,8,32,14
SKG_MT_539,2019,0.9491467475891112,0.7555555555555555,45,315,30
SKG_DIA_247,2019,0.9198483228683472,0.6727272727272727,110,6,0
SKG_DIA_234,2019,0.9404265284538268,0.7397260273972602,146,29,35
SKG_SA_218,2019,0.9422906041145324,0.7245508982035929,167,15,32
SKG_DIA_200,2019,0.9268390536308287,0.9047619047619048,21,8,10
SKG_DIA_196,2019,0.9118574857711792,0.6627906976744186,172,48,25
SKG_DIA_193,2019,0.9399080276489258,0.734375,192,57,37
SKG_DIA_227,2019,0.942923665046692,0.7857142857142857,182,49,29
SKG_DIA_225,2019,0.9450071454048156,0.8144329896907216,97,76,25
SKG_SA_236,2019,0.928326427936554,0.782608695652174,46,88,29
SKG_MT_792,2019,0.9458816647529602,0.6692913385826772,127,32,23
SKG_SA_297,2019,0.9483162760734558,0.668918918918919,148,221,47
SKG_SA_294,2019,0.91569983959198,0.7553956834532374,139,81,29
SKG_SA_139,2019,0.928575873374939,0.7,80,111,40
SKG_SA_101,2019,0.946116268634796,0.6106194690265486,113,39,34
SKG_SA_92,2019,0.9437468647956848,0.7037037037037037,108,20,42
SKG_MT_519,2019,0.9835442304611206,0.7843137254901961,102,295,48
SKG_MT_846,2019,0.9441577792167664,0.8289473684210527,76,5,20
SKG_MT_843,2019,0.943474292755127,0.7473684210526316,190,7,30
SKG_MT_837,2019,0.9438953399658204,0.7829457364341085,129,3,0
SKG_MT_830,2019,0.9422755241394044,0.7670454545454546,176,2,0
SKG_MT_511,2019,0.9230515360832214,0.824,125,124,31
SKG_DIA_268,2019,0.9383098483085632,0.7837837837837838,185,81,36
SKG_DIA_266,2019,0.9329136610031128,0.7703703703703704,135,412,57
SKG_SA_216,2019,0.951618492603302,0.5833333333333334,36,33,24
SKG_SA_208,2019,0.9513404965400696,0.7384615384615385,195,18,33
SKG_SA_200,2019,0.9315217137336732,0.7121212121212122,132,291,22
SKG_SA_134,2019,0.9305078387260436,0.6428571428571429,154,3,37
SKG_SA_189,2019,0.9392245411872864,0.8571428571428571,28,142,38
SKG_MT_852,2019,0.9403520822525024,0.7730496453900709,141,22,34
SKG_SA_0,2019,0.9359347224235536,0.8058252427184466,103,36,29
SKG_SA_49,2019,0.931323230266571,0.7117903930131004,229,91,39
SKG_SA_39,2019,0.9306631088256836,0.7388888888888889,180,38,32
SKG_DIA_276,2019,0.9273080825805664,0.7365269461077845,167,99,31
SKG_DIA_271,2019,0.9786235094070436,0.7121212121212122,132,12,25
SKG_DIA_284,2019,0.9353887438774108,0.7719298245614035,228,146,54
SKG_DIA_282,2019,0.9442410469055176,0.7093023255813954,86,23,36
SKG_DIA_279,2019,0.9370835423469543,0.7799043062200957,209,9,50
SKG_DIA_277,2019,0.934589684009552,0.8367346938775511,49,33,20
SKG_MT_506,2019,0.9504092335700988,0.6547619047619048,84,0,14
SKG_PAR_77,2019,0.9410937428474426,0.6707317073170732,82,8,40
SKG_DIA_261,2019,0.9367319941520692,0.7067307692307693,208,53,0
SKG_DIA_257,2019,0.9408658146858216,0.6911764705882353,68,33,22
SKG_SA_147,2019,0.9329611659049988,0.772972972972973,185,8,47
SKG_SA_141,2019,0.9433076977729796,0.7065217391304348,92,65,21
SKG_DIA_318,2019,0.939444065093994,0.84375,96,17,27
SKG_DIA_313,2019,0.9242612719535828,0.9032258064516128,31,12,33
SKG_DIA_308,2019,0.9452301859855652,0.8020833333333334,192,57,60
SKG_DIA_304,2019,0.9407663345336914,0.7333333333333333,180,0,38
SKG_MT_987,2019,0.9335769414901732,0.7619047619047619,42,22,33
SKG_MT_367,2019,0.9469062089920044,0.6805555555555556,72,6,21
SKG_MT_366,2019,0.9394553899765016,0.7100591715976331,169,0,23
SKG_MT_353,2019,0.9809134602546692,0.5,16,35,31
SKG_MT_1031,2019,0.968453884124756,0.6293706293706294,143,305,34
SKG_MT_1028,2019,0.9482811093330384,0.780373831775701,214,63,37
SKG_MT_1022,2019,0.9419150352478028,0.6804733727810651,169,28,33
SKG_MT_501,2019,0.9411163330078124,0.7134146341463414,164,82,58
SKG_MT_871,2019,0.9346534609794616,0.639344262295082,122,0,11
SKG_MT_864,2019,0.951357364654541,0.7451923076923077,208,35,28
SKG_MT_857,2019,0.9494703412055968,0.7323943661971831,142,7,0
SKG_MT_856,2019,0.922677218914032,0.7246376811594203,69,64,27
SKG_QA_466,2019,0.943354308605194,0.8034934497816594,229,14,47
SKG_MT_485,2019,0.9380051493644714,0.6582278481012658,158,33,36
SKG_MT_482,2019,0.9577167630195618,0.6568627450980392,102,15,18
SKG_MT_470,2019,0.9395980834960938,0.7642276422764228,123,2,14
SKG_MT_902,2019,0.9831860661506652,0.7022900763358778,131,403,45
SKG_MT_896,2019,0.9332512021064758,0.6507936507936508,126,31,14
SKG_MT_883,2019,0.9368280172348022,0.7477477477477478,111,17,30
SKG_MT_876,2019,0.943467140197754,0.743801652892562,242,58,41
SKG_MT_875,2019,0.9506436586380004,0.7225806451612903,155,9,2
SKG_QA_489,2019,0.976138949394226,0.8688524590163934,183,43,32
SKG_SA_15,2019,0.982094407081604,0.4007220216606498,277,49,30
SKG_SA_11,2019,0.9315217137336732,0.7130044843049327,223,291,22
SKG_PAR_101,2019,0.9453161358833312,0.6881720430107527,93,16,40
SKG_SA_38,2019,0.9478005170822144,0.8097345132743363,226,102,61
SKG_SA_35,2019,0.9106721878051758,0.6923076923076923,52,0,17
SKG_SA_27,2019,0.9326540231704712,0.6550218340611353,229,78,32
SKG_QA_371,2019,0.9315139651298524,0.6333333333333333,30,24,12
SKG_QA_370,2019,0.9199556112289428,0.7391304347826086,92,1,62
SKG_QA_403,2019,0.9333399534225464,0.7115384615384616,104,3,21
SKG_QA_457,2019,0.944711208343506,0.6947368421052632,95,90,43
SKG_QA_454,2019,0.9077482223510742,0.6896551724137931,116,12,44
SKG_QA_452,2019,0.938730537891388,0.5955056179775281,89,17,25
SKG_QA_449,2019,0.9388412237167358,0.732484076433121,157,232,29
SKG_QA_447,2019,0.9023401141166688,0.7966101694915254,118,18,46
SKG_QA_387,2019,0.9437797665596008,0.7903225806451613,62,24,24
SKG_QA_386,2019,0.9366174936294556,0.5604395604395604,91,23,23
SKG_QA_440,2019,0.9192619323730468,0.7674418604651163,43,5,18
SKG_QA_484,2019,0.9195083379745485,0.8333333333333334,6,11,32
SKG_QA_482,2019,0.9372507333755492,0.8344827586206897,145,14,27
SKG_QA_481,2019,0.9508288502693176,0.7739130434782608,115,60,33
SKG_QA_475,2019,0.9439979791641236,0.7659574468085106,94,136,67
SKG_QA_473,2019,0.9424479603767396,0.6785714285714286,196,7,25
SKG_MT_444,2019,0.920646071434021,0.603448275862069,174,26,39
SKG_MT_921,2019,0.9358401298522948,0.7349397590361446,83,25,31
SKG_MT_918,2019,0.9455330967903136,0.7572815533980582,103,0,18
SKG_MT_904,2019,0.9282609820365906,0.6770186335403726,161,108,43
SKG_QA_306,2019,0.9473118782043456,0.7924528301886793,159,46,19
SKG_QA_299,2019,0.9402816891670228,0.7792207792207793,154,10,35
SKG_QA_333,2019,0.9375759363174438,0.7301587301587301,63,67,30
SKG_QA_362,2019,0.9396560788154602,0.7697841726618705,139,29,22
SKG_QA_361,2019,0.9355289340019226,0.8146067415730337,178,30,54
SKG_QA_359,2019,0.9470958709716796,0.7310344827586207,145,49,43
SKG_MT_1011,2019,0.9528957605361938,0.7094594594594594,148,55,34
SKG_MT_998,2019,0.9393829107284546,0.7843137254901961,102,37,21
SKG_MT_992,2019,0.9353097677230836,0.7954545454545454,88,37,38
SKG_QA_401,2019,0.9167509078979492,0.7982456140350878,114,15,70
SKG_QA_397,2019,0.9260274767875672,0.8125,144,23,56
SKG_QA_396,2019,0.9234503507614136,0.7373737373737373,99,33,43
SKG_QA_262,2019,0.929179310798645,0.7702702702702703,148,109,67
SKG_QA_260,2019,0.9432077407836914,0.7164179104477612,67,24,31
SKG_QA_259,2019,0.9525531530380248,0.7560975609756098,82,71,30
SKG_QA_257,2019,0.9835554361343384,0.7049180327868853,183,30,32
SKG_QA_252,2019,0.943239688873291,0.6703910614525139,179,45,53
SKG_QA_314,2019,0.9464067220687866,0.7368421052631579,95,9,15
SKG_QA_311,2019,0.9362574815750122,0.7738095238095238,84,41,35
SKG_QA_310,2019,0.9295873641967772,0.6283783783783784,148,7,25
SKG_QA_284,2019,0.9256993532180786,0.735632183908046,87,115,37
SKG_QA_275,2019,0.9418963193893432,0.7310924369747899,119,46,19
SKG_QA_330,2019,0.933230996131897,0.6458333333333334,96,10,26
SKG_QA_329,2019,0.9231091737747192,0.7520661157024794,121,4,23
SKG_QA_365,2019,0.9269683957099916,0.7058823529411765,68,6,16
SKG_QA_319,2019,0.9488072395324708,0.6846846846846847,111,4,24
SKG_PAR_174,2019,0.8107572793960571,0.6666666666666666,42,17,26
SKG_MT_454,2019,0.9483381509780884,0.784688995215311,209,42,35
SKG_QA_206,2019,0.9150937795639038,0.6846846846846847,222,43,40
SKG_QA_204,2019,0.9370376467704772,0.7589285714285714,112,41,32
SKG_QA_194,2019,0.9794809222221376,0.6901408450704225,71,36,32
SKG_MT_424,2019,0.9432918429374696,0.7605633802816901,142,50,30
SKG_MT_419,2019,0.9454318881034852,0.7845303867403315,181,5,26
SKG_MT_953,2019,0.9264785647392272,0.76,225,8,0
SKG_MT_951,2019,0.9307479858398438,0.7428571428571429,140,21,30
SKG_QA_221,2019,0.9289510846138,0.8888888888888888,9,71,34
SKG_QA_292,2019,0.979491412639618,0.0,182,38,67
SKG_QA_291,2019,0.9445440173149108,0.86,50,156,25
SKG_QA_249,2019,0.9428885579109192,0.7867647058823529,136,38,30
SKG_QA_231,2019,0.9400477409362792,0.7636363636363637,275,23,49
SKG_QA_267,2019,0.9398242831230164,0.7303370786516854,89,186,31
SKG_MT_439,2019,0.923442542552948,0.7857142857142857,196,3,32
SKG_QA_265,2019,0.9374240636825562,0.7555555555555555,45,129,24
SKG_QA_263,2019,0.9408286809921264,0.6593406593406593,91,3,49
SKG_MT_970,2019,0.9817448854446412,0.6224489795918368,98,7,28
SKG_QA_51,2019,0.9830812215805054,0.7420634920634921,252,87,20
SKG_QA_50,2019,0.93409264087677,0.6767676767676768,99,7,24
SKG_QA_82,2019,0.920706868171692,0.8288288288288288,111,5,24
SKG_QA_123,2019,0.9369550943374634,0.8021978021978022,91,105,34
SKG_QA_115,2019,0.9455924034118652,0.676923076923077,130,26,38
SKG_QA_109,2019,0.9401911497116088,0.7407407407407407,81,48,23
SKG_QA_187,2019,0.9352256059646606,0.7654320987654321,81,17,23
SKG_QA_186,2019,0.9382286071777344,0.6166666666666667,60,29,28
SKG_QA_160,2019,0.9306207895278932,0.5984251968503937,127,20,0
SKG_QA_153,2019,0.9429521560668944,0.759493670886076,158,94,43
SKG_QA_147,2019,0.9268792271614076,0.7621359223300971,206,91,45
SKG_QA_139,2019,0.979402720928192,0.7073170731707317,123,18,36
SKG_QA_138,2019,0.9398454427719116,0.7846153846153846,130,510,26
SKG_QA_218,2019,0.922599196434021,0.5769230769230769,182,53,31
SKG_QA_209,2019,0.9445264935493468,0.7583333333333333,120,8,20
SKG_QA_68,2019,0.9822511672973632,0.7,30,100,37
SKG_QA_55,2019,0.9803091883659364,0.684931506849315,146,126,47
SKG_QA_30,2019,0.9827483296394348,0.7735849056603774,53,30,48
SKG_QA_29,2019,0.9305722117424012,0.7300884955752213,226,116,65
SKG_QA_27,2019,0.9259158968925476,0.6212121212121212,132,19,27
SKG_QA_102,2019,0.9469510912895204,0.8068181818181818,88,73,60
SKG_QA_100,2019,0.9325097799301147,0.7627118644067796,236,38,23
SKG_QA_99,2019,0.941846489906311,0.7987421383647799,159,137,43
SKG_QA_98,2019,0.9095908999443054,0.8085106382978723,47,25,27
SKG_QA_90,2019,0.939501941204071,0.8453038674033149,181,2,40
SKG_QA_89,2019,0.9413383603096008,0.7713004484304933,223,60,39
SKG_QA_86,2019,0.9372973442077636,0.7850467289719626,107,40,28
SKG_MT_935,2019,0.9393509030342102,0.6551724137931034,58,6,12
SKG_MT_933,2019,0.9382977485656738,0.6290322580645161,62,56,27
SKG_MT_414,2019,0.9367719888687134,0.7142857142857143,84,24,0
SKG_MT_411,2019,0.9360068440437316,0.7571428571428571,70,12,9
SKG_MT_261,2019,0.9500888586044312,0.7792207792207793,154,31,70
SKG_MT_253,2019,0.9326780438423156,0.803921568627451,51,21,20
SKG_MT_251,2019,0.9437671899795532,0.6436781609195402,87,53,58
SKG_MT_249,2019,0.941329300403595,0.7528089887640449,89,13,35
SKG_MT_248,2019,0.9336010217666626,0.6764705882352942,102,6,32
SKG_MT_1139,2019,0.9793975949287416,0.6137931034482759,145,122,52
SKG_MT_655,2019,0.947496771812439,0.6707317073170732,82,17,35
SKG_MT_654,2019,0.978868305683136,0.7435897435897436,78,61,22
SKG_MT_649,2019,0.9469277262687684,0.7638888888888888,216,109,45
SKG_MT_640,2019,0.9825280904769896,0.6541353383458647,133,43,40
SKG_MT_626,2019,0.9468164443969728,0.7205882352941176,68,28,39
SKG_MT_621,2019,0.9410972595214844,0.6428571428571429,112,16,42
SKG_MT_618,2019,0.9291804432868958,0.6167664670658682,167,49,38
SKG_MT_616,2019,0.9355652928352356,0.7023255813953488,215,43,29
SKG_SUM_91,2019,0.9436955451965332,0.680672268907563,119,28,22
SKG_SUM_89,2019,0.943616271018982,0.77,100,36,36
SKG_MT_683,2019,0.9407711029052734,0.6363636363636364,22,56,40
SKG_MT_687,2019,0.9377107620239258,0.7636363636363637,220,65,28
SKG_MT_690,2019,0.9406335949897766,0.6756756756756757,74,4,14
SKG_SUM_220,2019,0.9464888572692872,0.62,50,9,37
SKG_SUM_199,2020,0.9314054250717164,0.768361581920904,177,3,61
SKG_SUM_189,2020,0.9496115446090698,0.7236842105263158,76,72,51
SKG_MT_536,2020,0.9475439786911012,0.7758620689655172,58,3,13
SKG_MT_811,2020,0.9469112157821656,0.6746987951807228,83,67,46
SKG_MT_814,2020,0.9455402493476868,0.8027210884353742,147,33,27
SKG_MT_826,2020,0.9420912861824036,0.7378640776699029,103,3,26
SKG_MT_782,2020,0.9420186877250672,0.6336633663366337,101,6,14
SKG_MT_784,2020,0.9262588620185852,0.7747747747747747,111,11,27
SKG_MT_525,2020,0.9540817141532898,0.7578947368421053,285,42,63
SKG_MT_526,2020,0.9248655438423156,0.7037037037037037,27,0,13
SKG_DIA_248,2020,0.9422345161437988,0.6875,48,24,26
SKG_DIA_254,2020,0.9267699122428894,0.7659574468085106,94,19,32
SKG_SA_156,2020,0.9461801648139954,0.6868686868686869,99,15,31
SKG_SA_124,2020,0.948469340801239,0.7092198581560284,141,129,54
SKG_SA_133,2020,0.9424836039543152,0.808641975308642,162,19,59
SKG_SA_205,2020,0.9494169354438782,0.7384615384615385,130,257,40
SKG_MT_1142,2020,0.9389522671699524,0.6206896551724138,29,2,15
SKG_MT_1143,2020,0.9470283389091492,0.746268656716418,134,23,43
SKG_MT_250,2020,0.9167187809944152,0.6436781609195402,87,119,40
SKG_MT_255,2020,0.9354955554008484,0.8103448275862069,58,19,22
SKG_MT_264,2020,0.9445633888244628,0.6595744680851063,188,41,35
SKG_MT_1146,2020,0.9439184069633484,0.7398373983739838,123,9,17
SKG_SUM_140,2020,0.9429620504379272,0.6774193548387096,217,10,81
SKG_SUM_157,2020,0.9394701719284058,0.8,210,1,24
SKG_SUM_150,2020,0.9349154233932496,0.7948717948717948,78,19,36
SKG_SUM_118,2020,0.9458203315734864,0.75,68,18,28
SKG_SUM_119,2020,0.9420663118362428,0.8035714285714286,112,7,58
SKG_SUM_121,2020,0.939648985862732,0.8131868131868132,91,47,36
SKG_QA_41,2020,0.9424012303352356,0.6612903225806451,124,21,37
SKG_SUM_215,2020,0.9391530752182008,0.7411764705882353,85,7,31
SKG_SUM_209,2020,0.943648636341095,0.6457142857142857,175,42,55
SKG_MT_689,2020,0.9439314603805542,0.7066666666666667,75,22,15
SKG_SUM_104,2020,0.9402391314506532,0.647887323943662,71,6,25
SKG_SUM_105,2020,0.9487453699111938,0.7310344827586207,145,7,37
SKG_SUM_106,2020,0.9420101046562196,0.7142857142857143,84,121,21
SKG_SUM_75,2020,0.9403775334358216,0.8577777777777778,225,1,51
SKG_SUM_84,2020,0.9292961359024048,0.7368421052631579,133,85,1
SKG_SUM_66,2020,0.9456257820129396,0.664179104477612,268,116,68
SKG_SUM_70,2020,0.9390451312065125,0.625,88,63,26
SKG_QA_69,2020,0.9483150243759156,0.6785714285714286,84,9,26
SKG_MT_1149,2020,0.9337345361709596,0.7,20,7,16
SKG_MT_1164,2020,0.9516599774360656,0.7203389830508474,118,37,34
SKG_MT_226,2020,0.9511903524398804,0.6266666666666667,225,27,50
SKG_MT_231,2020,0.9521897435188292,0.6610169491525424,118,73,37
SKG_MT_244,2020,0.9423837661743164,0.6891891891891891,148,0,30
SKG_MT_1126,2020,0.9388251304626464,0.8131868131868132,91,18,29
SKG_MT_1128,2020,0.9351531267166138,0.7101449275362319,69,0,33
SKG_MT_1180,2020,0.953158974647522,0.6932515337423313,163,5,48
SKG_MT_1145,2020,0.9355249404907228,0.6285714285714286,105,66,36
SKG_MT_1094,2020,0.9468332529067992,0.7894736842105263,76,5,21
SKG_MT_1104,2020,0.9451760053634644,0.7350427350427351,117,59,29
SKG_MT_269,2020,0.943158745765686,0.59375,96,54,32
SKG_MT_291,2020,0.9346944093704224,0.7045454545454546,44,2,15
SKG_SUM_53,2020,0.9534764289855956,0.6989247311827957,93,16,24
SKG_QA_88,2020,0.919835090637207,0.7283950617283951,81,7,52
SKG_QA_91,2020,0.933631718158722,0.7627906976744186,215,42,64
SKG_QA_94,2020,0.9471232295036316,0.6990291262135923,103,2,34
SKG_QA_96,2020,0.939553439617157,0.7202072538860104,193,14,29
SKG_QA_32,2020,0.9222815632820128,0.7476635514018691,107,18,20
SKG_QA_33,2020,0.9562163352966307,0.6958174904942965,263,47,33
SKG_QA_59,2020,0.946824550628662,0.7424242424242424,66,59,41
SKG_QA_61,2020,0.9458004236221312,0.6821192052980133,151,55,37
SKG_SUM_131,2020,0.9508735537528992,0.6344827586206897,145,13,33
SKG_SUM_99,2020,0.9304487109184264,0.8203592814371258,167,3,53
SKG_MT_1178,2020,0.9337159991264344,0.68,75,16,24
SKG_MT_1240,2020,0.9621307253837584,0.75,76,142,58
SKG_MT_1243,2020,0.9523401260375975,0.7167381974248928,233,19,56
SKG_MT_152,2020,0.9382790327072144,0.7218543046357616,151,21,55
SKG_SUM_16,2020,0.9446118474006652,0.4366197183098591,284,26,45
SKG_SUM_19,2020,0.947610080242157,0.7553956834532374,278,151,53
SKG_SUM_55,2020,0.9399055242538452,0.85,60,86,57
SKG_SUM_56,2020,0.9344862699508668,0.7482517482517482,143,15,55
SKG_DIA_7,2020,0.9457793235778807,0.7692307692307693,52,5,36
SKG_DIA_10,2020,0.9431403279304504,0.8421052631578947,133,121,48
SKG_SUM_3,2020,0.95047789812088,0.6748466257668712,163,358,34
SKG_SUM_26,2020,0.9390451312065125,0.7,140,63,26
SKG_SUM_28,2020,0.9445691108703612,0.6834862385321101,218,273,53
NOVEL_QA_38,2020,0.9424341320991516,0.75,84,25,54
SKG_MT_207,2020,0.9366145133972168,0.6363636363636364,44,1,26
SKG_MT_208,2020,0.9387027621269226,0.6511627906976745,129,21,29
SKG_QA_132,2020,0.9341353178024292,0.6544117647058824,136,8,23
SKG_QA_135,2020,0.9361218214035034,0.8109756097560976,164,60,38
SKG_QA_103,2020,0.9363161325454712,0.8658536585365854,82,202,52
SKG_QA_52,2020,0.9307311773300172,0.8545454545454545,55,6,31
SKG_MT_965,2020,0.9521018266677856,0.6571428571428571,175,18,35
SKG_MT_967,2020,0.9513727426528932,0.6666666666666666,117,5,34
SKG_MT_974,2020,0.947569727897644,0.6901408450704225,71,1,26
SKG_MT_978,2020,0.95018070936203,0.7741935483870968,62,3,12
SKG_MT_407,2020,0.9587109684944152,0.7619047619047619,147,19,28
SKG_MT_937,2020,0.9434970617294312,0.5862068965517241,174,4,24
SKG_MT_943,2020,0.9467813372612,0.7070707070707071,99,2,14
SKG_MT_173,2020,0.9441021680831908,0.1770833333333333,288,1222,32
SKG_MT_177,2020,0.9387866854667664,0.6851851851851852,54,3,24
SKG_MT_186,2020,0.9382899403572084,0.6942148760330579,121,1,26
SKG_MT_190,2020,0.9311271905899048,0.8068181818181818,88,5,28
SKG_MT_12,2020,0.962131142616272,0.673469387755102,196,46,41
SKG_SUM_13,2020,0.95047789812088,0.7004405286343612,227,358,34
SKG_SUM_14,2020,0.9162918329238892,0.7692307692307693,208,108,43
SKG_DIA_2,2020,0.9359448552131652,0.7990654205607477,214,84,34
SKG_DIA_3,2020,0.9483936429023744,0.7677053824362606,353,33,61
SKG_QA_142,2020,0.9472505450248718,0.6021505376344086,186,9,48
SKG_QA_144,2020,0.9340213537216188,0.7176470588235294,170,134,58
SKG_QA_154,2020,0.937574863433838,0.6716417910447762,134,78,47
SKG_QA_181,2020,0.9417473673820496,0.6576576576576577,111,49,52
SKG_QA_184,2020,0.9298490285873412,0.7719298245614035,114,13,57
SKG_QA_190,2020,0.9528790712356568,0.7954545454545454,44,21,48
SKG_QA_191,2020,0.9292960166931152,0.7368421052631579,133,85,1
SKG_QA_163,2020,0.9400332570075988,0.7555555555555555,45,32,14
SKG_QA_105,2020,0.9562641978263856,0.6567164179104478,67,2,14
SKG_QA_114,2020,0.9361797571182252,0.8333333333333334,30,473,41
SKG_QA_120,2020,0.9322716593742372,0.6791044776119403,134,17,37
SKG_QA_129,2020,0.9419819116592408,0.8181818181818182,55,117,40
SKG_MT_140,2020,0.9486520886421204,0.541033434650456,329,18,33
SKG_MT_145,2020,0.938001275062561,0.7096774193548387,186,2,28
SKG_MT_1251,2020,0.9434856176376344,0.8461538461538461,26,4,12
SKG_MT_1258,2020,0.9439442753791808,0.6416666666666667,120,32,36
SKG_MT_1259,2020,0.9530693888664246,0.7264150943396226,106,2,24
SKG_DIA_13,2020,0.9289547204971312,0.7931034482758621,87,5,16
SKG_DIA_14,2020,0.9239700436592102,0.8181818181818182,22,12,22
SKG_DIA_16,2020,0.9413658380508424,0.7539267015706806,191,17,33
SKG_DIA_17,2020,0.9254835844039916,0.7435897435897436,117,18,64
SKG_SA_620,2020,0.9226388931274414,0.7258687258687259,259,3,24
SKG_QA_214,2020,0.9461172819137572,0.702247191011236,178,18,33
SKG_QA_217,2020,0.9420508146286012,0.7323232323232324,198,170,41
SKG_PAR_211,2020,0.947154700756073,0.6733333333333333,150,57,55
SKG_PAR_213,2020,0.952597975730896,0.8805970149253731,67,40,39
SKG_SUM_9,2020,0.9337643384933472,0.737037037037037,270,7,28
SKG_SUM_10,2020,0.9431403875350952,0.7593582887700535,187,121,48
SKG_MT_1262,2020,0.9349865913391112,0.8351648351648352,91,32,57
SKG_MT_1269,2020,0.9294050335884094,0.5538461538461539,65,8,53
SKG_MT_1272,2020,0.938012719154358,0.7804878048780488,41,2,31
SKG_MT_1274,2020,0.9319813847541808,0.7450980392156863,102,53,41
SKG_MT_948,2020,0.9476011395454408,0.7083333333333334,144,3,30
SKG_MT_949,2020,0.9475702047348022,0.7253521126760564,142,73,51
SKG_MT_418,2020,0.9434857368469238,0.7941176470588235,34,4,12
SKG_MT_420,2020,0.949941337108612,0.5882352941176471,68,1,13
SKG_MT_430,2020,0.9450857043266296,0.7912087912087912,91,12,18
SKG_MT_434,2020,0.9342878460884094,0.7333333333333333,105,0,16
SKG_MT_436,2020,0.959027886390686,0.6950354609929078,141,21,20
NOVEL_MT_95,2020,0.9542403221130372,0.6629834254143646,181,3,46
SKG_MT_161,2020,0.9386000633239746,0.768361581920904,177,78,33
SKG_MT_163,2020,0.9223861694335938,0.7424242424242424,66,2,37
SKG_MT_1200,2020,0.93291175365448,0.7022900763358778,131,13,56
SKG_MT_1212,2020,0.9492653012275696,0.6633663366336634,101,7,37
SKG_QA_222,2020,0.9507023692131042,0.7894736842105263,114,30,32
SKG_QA_171,2020,0.9322074055671692,0.6111111111111112,36,2,22
SKG_QA_174,2020,0.9435113668441772,0.7361111111111112,72,2,16
SKG_QA_178,2020,0.932589054107666,0.6881720430107527,93,307,54
SKG_DIA_18,2020,0.9421062469482422,0.7516339869281046,153,141,44
SKG_DIA_22,2020,0.933184027671814,0.8078817733990148,203,18,45
SKG_MT_730,2020,0.9418689012527466,0.6018518518518519,108,3,12
SKG_MT_594,2020,0.9433516263961792,0.6996047430830039,253,82,42
SKG_MT_693,2020,0.9424818754196168,0.7115384615384616,52,24,41
SKG_SA_548,2020,0.943453311920166,0.7960526315789473,152,8,63
SKG_SA_538,2020,0.946155846118927,0.703125,192,137,55
SKG_SA_546,2020,0.9535004496574402,0.8,65,0,19
SKG_SA_586,2020,0.9496351480484008,0.6717557251908397,131,259,57
SKG_SA_591,2020,0.9347122311592102,0.8571428571428571,28,67,36
SKG_DIA_11,2020,0.9472845792770386,0.6583333333333333,120,11,25
SKG_DIA_12,2020,0.9457941055297852,0.64,125,8,42
SKG_DIA_47,2020,0.9252994656562804,0.7727272727272727,22,6,35
SKG_DIA_49,2020,0.9489261507987976,0.8135593220338984,59,9,24
SKG_SA_498,2020,0.952611804008484,0.61875,160,1,39
SKG_DIA_29,2020,0.9421863555908204,0.7777777777777778,90,44,44
SKG_MT_129,2020,0.9388118982315063,0.5818181818181818,55,2,7
NOVEL_MT_163,2020,0.9451077580451964,0.6804123711340206,194,2,28
SKG_MT_438,2020,0.945259690284729,0.7384615384615385,65,41,22
SKG_QA_226,2020,0.943097710609436,0.6666666666666666,69,24,68
SKG_QA_228,2020,0.9313664436340332,0.6846153846153846,130,26,48
SKG_QA_232,2020,0.9334090948104858,0.6857142857142857,70,156,35
SKG_QA_237,2020,0.9312552213668824,0.7945736434108527,258,36,67
SKG_QA_239,2020,0.9450712203979492,0.7482517482517482,143,6,60
SKG_QA_244,2020,0.9422305822372437,0.7805907172995781,237,16,38
SKG_QA_195,2020,0.9464459419250488,0.6779661016949152,177,39,52
SKG_QA_290,2020,0.9388303756713868,0.6326530612244898,98,62,34
SKG_QA_293,2020,0.942531943321228,0.7050359712230215,139,13,27
SKG_QA_313,2020,0.946811318397522,0.7448275862068966,145,42,28
SKG_QA_317,2020,0.9420146942138672,0.6984924623115578,199,20,24
SKG_QA_297,2020,0.948796570301056,0.7335640138408305,289,60,47
SKG_QA_250,2020,0.9359262585639954,0.6607142857142857,56,9,45
SKG_QA_264,2020,0.952374279499054,0.7654320987654321,81,52,36
SKG_MT_1238,2020,0.9475457072257996,0.6208791208791209,182,1,39
SKG_MT_114,2020,0.9424610137939452,0.7619047619047619,42,0,24
SKG_MT_115,2020,0.9552130699157716,0.725,120,1,14
SKG_MT_118,2020,0.9395233988761902,0.7887931034482759,232,56,38
SKG_MT_1289,2020,0.9486984014511108,0.6911764705882353,136,29,46
SKG_MT_718,2020,0.9433218240737916,0.7931034482758621,29,12,29
SKG_DIA_35,2020,0.9315332174301147,0.5548780487804879,164,3,29
SKG_DIA_39,2020,0.933573603630066,0.725,200,57,56
SKG_DIA_41,2020,0.947201371192932,0.7676767676767676,99,32,38
SKG_DIA_42,2020,0.940852165222168,0.855072463768116,69,41,21
SKG_DIA_45,2020,0.9504268765449524,0.7359550561797753,178,58,40
SKG_MT_579,2020,0.929940700531006,0.7391304347826086,115,13,52
SKG_MT_746,2020,0.9445408582687378,0.6538461538461539,52,20,31
SKG_MT_749,2020,0.9361964464187622,0.684931506849315,73,2,11
SKG_MT_714,2020,0.9486843347549438,0.7346938775510204,49,34,55
SKG_MT_1076,2020,0.9693546295166016,0.9375,16,5,20
SKG_QA_318,2020,0.9489059448242188,0.7068965517241379,174,11,51
SKG_QA_363,2020,0.9412685632705688,0.7792207792207793,77,2,25
SKG_QA_323,2020,0.9408723711967468,0.6607142857142857,112,38,25
SKG_QA_325,2020,0.9429620504379272,0.6774193548387096,217,10,81
SKG_QA_326,2020,0.9386817812919616,0.9333333333333332,15,2,47
SKG_QA_331,2020,0.9450424313545228,0.8611111111111112,144,153,54
SKG_QA_279,2020,0.9435508847236632,0.7975460122699386,163,4,41
SKG_QA_280,2020,0.9447120428085328,0.7551020408163265,147,12,43
SKG_QA_281,2020,0.9290820360183716,0.6610169491525424,59,9,21
SKG_QA_287,2020,0.9191547632217408,0.8611111111111112,72,5,36
SKG_QA_307,2020,0.9419902563095092,0.7674418604651163,86,4,25
SKG_SA_519,2020,0.9282811880111694,0.7058823529411765,187,44,43
SKG_DIA_53,2020,0.9444180727005004,0.6598639455782312,147,152,29
SKG_MT_442,2020,0.9500986933708192,0.6530612244897959,49,8,34
SKG_MT_450,2020,0.931537628173828,0.7117117117117117,111,28,39
SKG_MT_455,2020,0.9528177976608276,0.5681818181818182,44,4,21
SKG_MT_132,2020,0.9327499270439148,0.7307692307692307,104,3,28
SKG_MT_1323,2020,0.913913071155548,0.7157622739018088,387,6,132
SKG_MT_1331,2020,0.9474441409111024,0.6243093922651933,181,18,33
SKG_MT_99,2020,0.9420135617256165,0.8125,32,15,36
SKG_MT_105,2020,0.938077747821808,0.6229508196721312,122,29,35
SKG_MT_112,2020,0.9472583532333374,0.5733333333333334,150,72,36
SKG_DIA_60,2020,0.9359203577041626,0.7921348314606742,178,20,32
SKG_DIA_61,2020,0.9460546374320984,0.6645962732919255,161,30,40
SKG_DIA_65,2020,0.9414424896240234,0.7572815533980582,103,21,27
SKG_DIA_69,2020,0.950666606426239,0.5263157894736842,76,22,21
SKG_DIA_70,2020,0.941844642162323,0.7028985507246377,276,2,38
SKG_QA_301,2020,0.9167329668998718,0.8137931034482758,145,79,94
SKG_MT_908,2020,0.9429811239242554,0.7549019607843137,102,0,16
SKG_MT_1078,2020,0.9566502571105956,0.6857142857142857,105,7,23
SKG_MT_302,2020,0.9427067041397096,0.6557377049180327,61,2,21
SKG_MT_309,2020,1.0,0.6619718309859155,142,7,44
SKG_MT_310,2020,0.9126480221748352,0.7972972972972973,74,37,16
SKG_MT_318,2020,0.938502311706543,0.6216216216216216,74,8,20
SKG_MT_1040,2020,0.9524267315864564,0.7441860465116279,215,210,51
SKG_MT_1041,2020,0.9419665336608888,0.6274509803921569,153,1,39
SKG_MT_267,2020,0.9487167596817015,0.6344827586206897,435,14,95
SKG_SA_467,2020,0.9327462911605836,0.7528735632183908,174,29,33
SKG_SA_470,2020,0.9357253909111024,0.7755102040816326,98,55,48
SKG_SA_478,2020,0.9368523359298706,0.61,100,127,9
SKG_DIA_75,2020,0.9444729089736938,0.8076923076923077,104,33,31
SKG_DIA_88,2020,0.9638363122940063,0.8543689320388349,103,67,32
SKG_SA_518,2020,0.9449915885925292,0.72,75,4,12
SKG_MT_1008,2020,0.94684237241745,0.7898550724637681,138,24,50
SKG_MT_383,2020,0.9504321813583374,0.7579617834394905,157,61,51
SKG_MT_385,2020,0.9527055621147156,0.6666666666666666,78,9,23
SKG_MT_386,2020,0.9427496194839478,0.7338709677419355,124,59,22
SKG_MT_392,2020,0.9464322924613952,0.6675824175824175,364,17,45
SKG_MT_963,2020,0.9468138813972472,0.7468354430379747,79,1,26
SKG_MT_456,2020,0.9439828991889954,0.6917808219178082,146,3,28
SKG_MT_464,2020,0.9475733637809752,0.6666666666666666,174,97,48
SKG_QA_374,2020,0.9422345161437988,0.6875,48,24,26
SKG_QA_383,2020,0.9443422555923462,0.7592592592592593,54,0,48
SKG_QA_346,2020,0.9412253499031068,0.7045454545454546,176,65,26
SKG_QA_351,2020,0.942491352558136,0.6813186813186813,91,40,35
SKG_QA_360,2020,0.9389604330062866,0.8461538461538461,52,32,64
SKG_QA_332,2020,0.9490310549736024,0.7162162162162162,148,2,31
SKG_QA_342,2020,0.9370314478874208,0.6623376623376623,77,1,19
SKG_QA_300,2020,0.9232903718948364,0.7419354838709677,186,99,49
SKG_QA_408,2020,0.935316264629364,0.7238095238095238,105,6,24
SKG_QA_409,2020,0.9546698331832886,0.7130434782608696,115,70,13
SKG_QA_368,2020,0.9450637698173524,0.7878787878787878,132,15,34
SKG_QA_372,2020,0.9476398229599,0.7666666666666667,210,6,44
SKG_QA_373,2020,0.925453007221222,0.7954545454545454,44,119,64
SKG_QA_391,2020,0.9447389841079712,0.7916666666666666,120,3,21
SKG_QA_393,2020,0.9254031181335448,0.7714285714285715,140,35,48
SKG_QA_395,2020,0.9521010518074036,0.6141304347826086,184,29,28
SKG_QA_402,2020,0.9104551076889038,0.746031746031746,63,26,19
SKG_PAR_137,2020,0.9411948919296264,0.8024691358024691,162,48,80
SKG_PAR_146,2020,0.9344063997268676,0.7181208053691275,149,7,0
SKG_PAR_150,2020,0.9425417184829712,0.819672131147541,122,3,26
SKG_MT_990,2020,0.9328261613845824,0.6666666666666666,63,4,11
SKG_MT_996,2020,0.9372912645339966,0.6538461538461539,130,3,54
SKG_MT_997,2020,0.9470612406730652,0.6495726495726496,117,1,36
SKG_MT_1002,2020,1.0,0.620253164556962,79,6,17
SKG_MT_634,2020,0.9296159744262696,0.7014925373134329,67,0,55
SKG_MT_65,2020,0.9492250680923462,0.7014925373134329,134,19,51
SKG_MT_76,2020,0.9352344274520874,0.7073170731707317,205,11,37
SKG_MT_81,2020,0.9471117854118348,0.66,100,61,27
SKG_MT_54,2020,0.9286712408065796,0.7,10,13,19
SKG_DIA_97,2020,0.9396367073059082,0.6162790697674418,86,21,34
SKG_DIA_98,2020,0.9523948431015016,0.6944444444444444,144,46,51
SKG_DIA_99,2020,0.9418950080871582,0.6851851851851852,108,21,40
SKG_DIA_101,2020,0.9431648254394532,0.6883116883116883,154,56,42
SKG_DIA_102,2020,0.9441124796867372,0.723404255319149,141,207,47
SKG_SA_445,2020,0.9447118639945984,0.7761194029850746,67,117,52
SKG_SA_453,2020,0.9417263865470886,0.8502673796791443,187,38,28
SKG_SA_408,2020,0.9530364274978638,0.757085020242915,247,33,55
SKG_QA_422,2020,0.949710726737976,0.7794117647058824,204,65,49
NOVEL_MT_9,2020,0.9488226175308228,0.5094339622641509,53,4,19
SKG_QA_406,2020,0.928335964679718,0.6419753086419753,162,21,41
SKG_MT_1334,2020,0.933776557445526,0.6238532110091743,109,23,10
SKG_MT_1342,2020,0.942100703716278,0.7126436781609196,174,2,31
SKG_MT_1345,2020,0.9486988186836244,0.7731481481481481,216,99,45
SKG_MT_1368,2020,0.9442554712295532,0.7222222222222222,144,1,34
SKG_MT_1382,2020,0.9290742874145508,0.765625,64,6,29
SKG_DIA_124,2020,0.935177445411682,0.7727272727272727,286,30,51
SKG_MT_766,2020,0.9324929118156432,0.6129032258064516,155,7,39
SKG_MT_769,2020,0.9324673414230348,0.7712765957446809,188,21,57
SKG_MT_774,2020,0.9505550265312196,0.69,100,2,11
SKG_MT_775,2020,0.9354322552680968,0.7342657342657343,143,19,55
SKG_PAR_132,2020,0.9307607412338256,0.785234899328859,149,33,63
SKG_QA_412,2020,0.9428098797798156,0.7649769585253456,217,138,35
SKG_QA_413,2020,0.9419657588005066,0.7477477477477478,111,20,68
SKG_DIA_55,2020,0.9248124361038208,0.7933884297520661,121,7,31
SKG_MT_543,2020,0.9325348138809204,0.6610169491525424,59,11,37
SKG_MT_628,2020,0.9481273889541626,0.7239583333333334,192,2,14
SKG_DIA_105,2020,0.950677216053009,0.7217741935483871,248,11,53
SKG_MT_477,2020,0.9376835823059082,0.8,350,32,55
SKG_MT_479,2020,0.945975124835968,0.5454545454545454,99,135,19
SKG_MT_483,2020,0.9571294784545898,0.7246376811594203,69,5,34
SKG_MT_486,2020,0.9350943565368652,0.819672131147541,61,3,27
SKG_QA_458,2020,0.8105308413505554,0.7470355731225297,253,78,42
SKG_QA_460,2020,0.9440971612930298,0.5,106,4,24
SKG_QA_477,2020,0.9410702586174012,0.75,24,29,46
SKG_QA_479,2020,0.9445332288742064,0.688,125,19,61
SKG_QA_441,2020,0.9474600553512572,0.7444444444444445,90,11,22
SKG_DIA_72,2020,0.9377792477607728,0.8176100628930818,159,70,42
SKG_DIA_73,2020,0.9423929452896118,0.6901408450704225,142,227,42
SKG_MT_1341,2020,0.9463487863540648,0.6761904761904762,210,11,47
SKG_MT_1348,2020,0.9352917671203612,0.6705882352941176,85,7,85
SKG_MT_1356,2020,0.9314130544662476,0.7328767123287672,146,14,25
SKG_MT_1362,2020,0.94461190700531,0.6666666666666666,102,18,41
SKG_MT_898,2020,0.9369089007377625,0.6942675159235668,157,26,54
SKG_MT_776,2020,0.9489105343818665,0.6344086021505376,186,20,55
SKG_MT_568,2020,0.9428629875183104,0.6904761904761905,84,8,29
SKG_MT_573,2020,0.9503186941146852,0.6631578947368421,95,25,18
SKG_MT_36,2020,0.9350286722183228,0.64,50,11,42
SKG_MT_37,2020,0.9515542984008788,0.673469387755102,98,4,35
SKG_MT_41,2020,0.9457634687423706,0.7443946188340808,223,3,28
SKG_MT_42,2020,0.9374784231185912,0.6739130434782609,92,23,22
SKG_MT_51,2020,0.9412665367126464,0.6818181818181818,132,78,47
SKG_MT_1391,2020,0.9365527033805848,0.728,125,1,16
SKG_MT_1393,2020,0.9552732706069946,0.68,75,4,27
SKG_MT_1407,2020,0.92434424161911,0.7716535433070866,127,2,24
SKG_DIA_126,2020,0.9429374933242798,0.75,188,102,55
SKG_DIA_143,2020,0.9139351844787598,0.8775510204081632,49,14,72
SKG_SA_413,2020,0.9452865719795228,0.7738095238095238,168,1,24
SKG_DIA_103,2020,0.9489476084709167,0.7411764705882353,170,103,39
SKG_DIA_119,2020,0.9221590757369996,0.7295081967213115,122,6,50
SKG_DIA_151,2020,0.930908977985382,0.6846153846153846,130,2,27
SKG_SA_344,2020,0.9432610273361206,0.6942148760330579,121,41,21
SKG_SA_345,2020,0.9391449689865112,0.6634146341463415,205,126,39
SKG_SA_350,2020,0.9437206983566284,0.7804878048780488,82,3,21
SKG_SA_358,2020,0.9491884112358092,0.7962962962962963,54,1,8
SKG_SA_371,2020,0.9470589756965636,0.5984251968503937,127,11,24
SKG_SA_312,2020,0.9472417831420898,0.6402439024390244,328,14,19
SKG_SA_384,2020,0.9423996210098268,0.7564766839378239,193,189,50
SKG_SA_402,2020,0.951274871826172,0.7301587301587301,189,11,23
SKG_SA_403,2020,0.9447511434555054,0.6060606060606061,99,2,15
SKG_MT_1409,2020,0.9387866854667664,0.6666666666666666,42,55,26
SKG_QA_486,2020,0.92500239610672,0.925,40,25,11
SKG_QA_492,2020,0.9370702505111694,0.75177304964539,141,36,28
SKG_QA_444,2020,0.9420925974845886,0.7901234567901234,81,34,20
SKG_MT_889,2020,0.9536883234977722,0.691358024691358,81,3,24
SKG_DIA_187,2020,0.9366000294685364,0.8135593220338984,59,21,38
SKG_MT_8,2020,0.9434660077095032,0.3774104683195592,363,40,36
SKG_MT_28,2020,0.943877339363098,0.6976744186046512,43,0,27
SKG_MT_5,2020,0.9352399110794068,0.6331360946745562,169,40,43
SKG_MT_760,2020,0.9485644102096558,0.7481481481481481,135,35,25
SKG_DIA_154,2020,0.9498527646064758,0.7265625,128,45,38
SKG_DIA_155,2020,0.9239632487297058,0.7864077669902912,103,0,40
SKG_DIA_159,2020,0.9450293779373168,0.7483443708609272,151,29,39
SKG_DIA_165,2020,0.9348573684692384,0.6448598130841121,107,54,39
SKG_DIA_169,2020,0.9473742246627808,0.6504854368932039,103,114,40
SKG_DIA_144,2020,0.9364923238754272,0.7441860465116279,129,3,45
SKG_DIA_145,2020,0.9437506794929504,0.7272727272727273,198,150,75
SKG_DIA_107,2020,0.9351917505264282,0.7083333333333334,96,20,40
SKG_DIA_112,2020,0.9365537762641908,0.7862595419847328,131,10,23
SKG_DIA_115,2020,0.9504108428955078,0.7094972067039106,179,30,59
SKG_DIA_116,2020,0.9521216154098512,0.743801652892562,121,31,35
SKG_DIA_206,2020,0.9274367094039916,0.7024793388429752,121,48,20
SKG_SA_263,2020,0.9465243220329284,0.7045454545454546,176,65,52
SKG_SA_276,2020,0.9446588754653932,0.7674418604651163,86,1,11
SKG_SA_280,2020,0.9502474069595336,0.7261904761904762,252,22,40
SKG_DIA_177,2020,0.9367183446884156,0.7869565217391304,230,29,65
SKG_SA_2,2020,0.9289762377738952,0.7269230769230769,260,35,35
SKG_MT_1428,2020,0.923199474811554,0.8064516129032258,62,62,61
SKG_MT_1430,2020,0.9349276423454284,0.6434108527131783,129,12,45
SKG_MT_1431,2020,0.9274975061416626,0.6701030927835051,97,21,23
SKG_MT_1447,2020,0.93747740983963,0.6666666666666666,27,54,22
SKG_MT_1450,2020,0.9439184069633484,0.6691729323308271,133,9,17
SKG_MT_1457,2020,0.9336333274841307,0.7801418439716312,141,2,22
SKG_MT_1468,2020,0.9103177785873412,0.5645161290322581,62,29,20
SKG_DIA_180,2020,0.935875415802002,0.7818930041152263,243,7,28
SKG_DIA_185,2020,0.93714702129364,0.6990291262135923,103,26,25
SKG_DIA_186,2020,0.9395254254341124,0.7058823529411765,153,187,30
SKG_DIA_297,2020,0.9318196177482604,0.5728643216080402,199,17,53
SKG_PAR_83,2020,0.932625949382782,0.6326530612244898,196,17,52
SKG_PAR_64,2020,0.9307764172554016,0.7878787878787878,165,0,41
SKG_PAR_70,2020,0.9484125971794128,0.8354430379746836,79,5,26
SKG_PAR_163,2020,0.9409927129745485,0.8125,80,3,20
SKG_PAR_111,2020,0.9527190923690796,0.6547619047619048,252,65,36
SKG_PAR_131,2020,0.9417222738265992,0.6131386861313869,137,21,115
SKG_MT_796,2020,0.9249407052993774,0.7469879518072289,83,1,49
SKG_MT_541,2020,0.9442694783210754,0.7666666666666667,30,20,21
SKG_MT_1044,2020,1.0,0.7073170731707317,164,4,37
SKG_MT_1051,2020,0.9463856816291808,0.7605633802816901,213,21,38
SKG_MT_329,2020,0.9408265352249146,0.7653061224489796,98,18,35
SKG_MT_330,2020,0.9521681666374208,0.62,100,1,14
SKG_MT_343,2020,0.939056396484375,0.7899159663865546,119,1,16
SKG_MT_1014,2020,0.937468647956848,0.7889908256880734,109,52,68
SKG_MT_1015,2020,0.9444239735603333,0.6954314720812182,197,4,40
SKG_NLI_17,2020,0.9405263066291808,0.7410071942446043,139,6,62
SKG_NLI_18,2020,0.9388362765312196,0.6805555555555556,216,8,57
SKG_NLI_19,2020,0.95641028881073,0.6666666666666666,132,11,28
SKG_MT_1018,2020,0.9369250535964966,0.7669172932330827,133,24,67
SKG_MT_1021,2020,0.9430537223815918,1.0,6,6,20
SKG_MT_354,2020,0.9419243931770324,0.691358024691358,81,5,30
SKG_MT_357,2020,0.936004638671875,0.6067415730337079,89,12,53
SKG_MT_361,2020,0.9521005749702454,0.5990990990990991,222,58,59
SKG_DIA_305,2020,0.9400299787521362,0.7877094972067039,179,4,51
SKG_DIA_309,2020,0.9338968396186828,0.7386363636363636,88,120,31
SKG_DIA_311,2020,0.951405704021454,0.7169811320754716,106,51,55
SKG_DIA_314,2020,0.9416298866271972,0.6601941747572816,103,18,22
SKG_DIA_315,2020,0.94277161359787,0.6976744186046512,129,11,52
SKG_DIA_317,2020,0.936453342437744,0.7077922077922078,154,78,50
SKG_DIA_289,2020,0.9394410848617554,0.8125,176,25,44
SKG_DIA_293,2020,0.9413183927536012,0.6285714285714286,70,1,25
SKG_DIA_286,2020,0.9182206392288208,0.8201438848920863,139,0,63
SKG_DIA_273,2020,0.9344598054885864,0.7583333333333333,120,62,53
SKG_SA_91,2020,0.9462509155273438,0.8181818181818182,33,186,25
SKG_MT_859,2020,0.9539244771003724,0.7352941176470589,204,14,44
SKG_MT_489,2020,0.9276365041732788,0.8688524590163934,61,10,9
SKG_MT_490,2020,0.9403047561645508,0.7746478873239436,71,50,34
SKG_MT_495,2020,0.9574669003486632,0.6742424242424242,132,53,37
SKG_MT_499,2020,0.9474188685417176,0.6621621621621622,222,1,22
SKG_SA_284,2020,0.9555996656417848,0.6680161943319838,247,40,37
SKG_SA_299,2020,0.9522997736930848,0.6375,160,163,30
SKG_PAR_26,2020,0.94873046875,0.7207792207792207,154,148,55
SKG_NLI_0,2020,0.9619354009628296,0.802547770700637,157,65,55
SKG_NLI_3,2020,0.9311872720718384,0.7236842105263158,76,17,45
SKG_NLI_5,2020,0.9383934140205384,0.6301369863013698,73,6,25
SKG_NLI_8,2020,0.9435032606124878,0.7096774193548387,124,5,55
SKG_NLI_16,2020,0.9322778582572936,0.746268656716418,134,6,49
SKG_DIA_226,2020,0.946710765361786,0.7013888888888888,144,85,48
SKG_DIA_230,2020,0.9400717616081238,0.6956521739130435,92,7,87
SKG_DIA_191,2020,0.93559467792511,0.6715328467153284,137,46,26
SKG_DIA_197,2020,0.9312507510185242,0.6,15,22,42
SKG_DIA_232,2020,0.9358454942703248,0.6518518518518519,135,17,37
SKG_DIA_236,2020,0.9374648332595824,0.7051282051282052,78,69,42
SKG_DIA_237,2020,0.947135329246521,0.6623376623376623,154,4,46
SKG_DIA_244,2020,0.9341815710067748,0.7481481481481481,135,5,31
SKG_MT_531,2020,0.9420987367630004,0.6666666666666666,102,142,50
SKG_PAR_81,2020,0.9443399310112,0.7659574468085106,235,10,46
SKG_SA_58,2020,0.9522884488105774,0.7062146892655368,177,20,23
SKG_SA_71,2020,0.9405722618103028,0.7931034482758621,29,3,38
SKG_SA_81,2020,0.9313448071479796,0.5,14,1,8
SKG_SA_84,2020,0.9464085698127748,0.6666666666666666,111,14,8
SKG_SA_87,2020,0.9135764241218568,0.7380952380952381,42,150,72
SKG_DIA_283,2020,0.9514808654785156,0.8,200,136,69
SKG_MT_848,2020,0.9412740468978882,0.7965116279069767,172,52,67
SKG_MT_521,2020,0.9514124989509584,0.7105263157894737,76,2,30
SKG_SA_94,2020,0.937868595123291,0.7899159663865546,119,2,25
SKG_SA_95,2020,0.9462919235229492,0.7023809523809523,84,3,14
SKG_SA_102,2020,0.9336117506027222,0.76,100,351,32
SKG_SA_54,2020,0.9322975873947144,0.7560975609756098,82,6,28
SKG_SA_55,2020,0.9419032335281372,0.6111111111111112,54,4,22
SKG_SA_57,2020,0.9462100863456726,0.6735537190082644,242,253,31
SKG_SA_137,2020,0.9482157826423644,0.6885245901639344,122,3,26
SKG_SA_150,2020,0.948172688484192,0.7509881422924901,253,324,42
SKG_DIA_262,2020,0.9342225193977356,0.6904761904761905,126,2,11
SKG_SA_231,2020,0.956856369972229,0.722972972972973,148,595,39
SKG_SA_233,2020,0.9556407928466796,0.8070175438596491,57,54,39
SKG_SA_235,2020,0.9379080533981324,0.6875,48,0,20
SKG_DIA_214,2020,0.9401833415031432,0.7791411042944786,163,18,34
SKG_DIA_218,2020,0.9413731694221495,0.6666666666666666,78,45,16
SKG_SA_214,2020,0.9439760446548462,0.8461538461538461,13,0,13
SKG_PAR_1,2020,0.936724066734314,0.7289719626168224,107,3,33
SKG_PAR_6,2020,0.9442327618598938,0.7375,80,4,20
SKG_PAR_8,2020,0.9322476387023926,0.7865853658536586,164,2,34
SKG_PAR_13,2020,0.9530328512191772,0.6567164179104478,201,4,54
SKG_PAR_16,2020,0.9458249807357788,0.6708860759493671,79,8,49
SKG_PAR_21,2020,0.9388352632522584,0.6952380952380952,105,14,25
SKG_PAR_23,2020,0.9251686930656432,0.75,72,83,27
SKG_PAR_32,2020,0.9489935636520386,0.83,100,27,72
SKG_PAR_51,2020,0.9469523429870604,0.73125,160,2,52
SKG_DIA_263,2020,0.9350322484970092,0.75,68,63,41
SKG_DIA_264,2020,0.9315387606620787,0.6617647058823529,204,18,59
SKG_DIA_265,2020,0.9426552057266236,0.7767441860465116,215,26,32
SKG_DIA_270,2020,0.9299300909042358,0.8888888888888888,27,7,44
SKG_MT_512,2020,0.9494479894638062,0.6387096774193548,155,104,38
SKG_MT_833,2020,0.9441354870796204,0.7964071856287425,167,19,63
SKG_MT_1181,2020,0.9234221577644348,0.7413793103448276,58,3,32
SKG_MT_1182,2020,0.9353069067001344,0.7555555555555555,135,7,41
SKG_MT_1188,2020,0.9514294862747192,0.7903225806451613,62,10,21
SKG_QA_2,2020,0.9483150243759156,0.5681818181818182,44,9,26
SKG_QA_16,2020,0.9479514360427856,0.6470588235294118,34,0,26
SKG_QA_18,2020,0.941074013710022,0.7785714285714286,140,3,43
SKG_SUM_123,2020,0.95047789812088,0.5943396226415094,106,358,34
SKG_SUM_170,2020,0.94944828748703,0.615,200,51,39
SKG_SUM_171,2020,0.9265649914741516,0.7284768211920529,151,2,34
SKG_SUM_135,2020,0.942003071308136,0.7757009345794392,107,2,42
SKG_MT_611,2020,0.9490116834640504,0.6473988439306358,173,6,40
SKG_MT_612,2020,0.9505088925361632,0.7241379310344828,58,3,16
SKG_MT_614,2020,0.9693546295166016,0.9375,16,5,20
SKG_MT_631,2020,0.9538977742195128,0.7246376811594203,207,55,31
SKG_MT_656,2020,0.882542610168457,0.7545454545454545,110,0,19
SKG_SUM_146,2020,0.9479721784591676,0.7071823204419889,181,122,44
SKG_MT_685,2020,0.94566547870636,0.7159090909090909,88,1,10
SKG_MT_677,2020,0.957525074481964,0.5507246376811594,69,2,20
SKG_SUM_160,2020,0.9346485137939452,0.7264150943396226,106,3,28
SKG_SUM_139,2020,0.9368797540664672,0.7817258883248731,197,70,53
SKG_SUM_138,2020,0.916291892528534,0.7951807228915663,166,108,43
SKG_SUM_184,2020,0.9392675161361694,0.796875,128,43,42
SKG_SUM_192,2020,0.946738600730896,0.7251908396946565,131,262,55
SKG_SUM_206,2020,0.9418241381645204,0.7204301075268817,93,4,47
NOVEL_MT_139,2021,0.9878031611442566,0.6789473684210526,190,55,69
NOVEL_DIA_0,2021,0.9455913305282592,0.7575757575757576,99,0,23
NOVEL_DIA_8,2021,0.985718548297882,0.6993865030674846,163,18,28
NOVEL_DIA_10,2021,0.9471548795700072,0.7313432835820896,134,14,70
NOVEL_DIA_11,2021,0.9836711883544922,0.746268656716418,67,57,39
NOVEL_DIA_12,2021,0.9265693426132202,0.7121212121212122,132,1,8
NOVEL_DIA_13,2021,0.9313381314277648,0.6724137931034483,58,12,64
NOVEL_DIA_14,2021,0.9475549459457396,0.6388888888888888,72,1,32
NOVEL_DIA_16,2021,0.9753352403640748,0.7432432432432432,74,37,46
NOVEL_DIA_17,2021,0.9510679244995116,0.6845637583892618,149,24,48
NOVEL_DIA_18,2021,0.9398626089096068,0.6645569620253164,158,15,52
NOVEL_DIA_20,2021,0.935178279876709,0.8227848101265823,79,10,42
NOVEL_DIA_22,2021,0.9429818987846376,0.8571428571428571,35,27,55
NOVEL_DIA_23,2021,0.9512540698051452,0.6759259259259259,108,0,35
NOVEL_DIA_24,2021,0.9279783964157104,0.8148148148148148,54,6,27
NOVEL_QA_80,2021,0.9851056337356568,0.5869565217391305,46,15,32
NOVEL_QA_79,2021,0.9850363731384276,0.7272727272727273,275,24,63
NOVEL_DIA_6,2021,0.953044593334198,0.7409638554216867,166,11,41
NOVEL_DIA_2,2021,0.9817122220993042,0.6170212765957447,94,19,21
NOVEL_DIA_3,2021,0.9461904764175416,0.6262135922330098,206,5,39
NOVEL_DIA_4,2021,0.9165413975715636,0.7572815533980582,206,6,50
NOVEL_DIA_5,2021,0.945256233215332,0.6796116504854369,103,0,35
NOVEL_MT_286,2021,0.9322503805160522,0.6810344827586207,116,2,47
NOVEL_MT_259,2021,0.9499392509460448,0.7320261437908496,153,2,41
NOVEL_MT_261,2021,0.959056556224823,0.5698924731182796,93,5,60
NOVEL_MT_262,2021,0.9565140008926392,0.6428571428571429,70,2,24
NOVEL_MT_264,2021,0.94533509016037,0.7112676056338029,284,1,37
NOVEL_MT_265,2021,0.9267331957817078,0.673469387755102,49,6,13
NOVEL_MT_266,2021,0.985716998577118,0.6756756756756757,74,18,41
NOVEL_MT_283,2021,0.9440288543701172,0.6666666666666666,90,3,29
NOVEL_MT_284,2021,0.9864548444747924,0.6889952153110048,209,137,57
NOVEL_QA_83,2021,0.9354220628738404,0.6041666666666666,96,10,48
NOVEL_MT_268,2021,0.945300281047821,0.8372093023255814,43,0,28
NOVEL_MT_269,2021,0.9361221194267272,0.7466666666666667,225,6,0
NOVEL_MT_270,2021,0.946445643901825,0.5555555555555556,63,0,19
NOVEL_MT_271,2021,0.938757300376892,0.6378205128205128,312,18,55
NOVEL_MT_243,2021,0.9837738275527954,0.6143790849673203,153,16,38
NOVEL_DIA_21,2021,0.9342761039733888,0.851063829787234,47,31,68
NOVEL_MT_245,2021,0.9899581670761108,0.7052631578947368,95,25,64
NOVEL_MT_246,2021,0.9394363164901732,0.64,75,1,13
NOVEL_MT_247,2021,0.9502278566360474,0.6666666666666666,165,1,28
NOVEL_MT_250,2021,0.989532470703125,0.6556291390728477,151,55,56
NOVEL_MT_252,2021,0.981301486492157,0.7028571428571428,175,10,55
NOVEL_MT_253,2021,0.9167448878288268,0.6,60,8,0
NOVEL_MT_254,2021,0.9724591374397278,0.7458333333333333,240,98,59
NOVEL_SA_67,2021,0.933031439781189,0.6428571428571429,98,3,48
NOVEL_SA_69,2021,0.9857831001281738,0.7857142857142857,98,67,34
NOVEL_MT_255,2021,0.9902990460395812,0.5806451612903226,62,181,37
NOVEL_MT_274,2021,0.9571551084518432,0.7048458149779736,227,9,44
NOVEL_MT_275,2021,0.9598344564437866,0.788135593220339,236,16,46
NOVEL_MT_277,2021,0.9391443133354188,0.6792452830188679,159,16,30
NOVEL_SA_46,2021,0.9376837611198424,0.8045454545454546,220,7,52
NOVEL_MT_282,2021,0.9410702586174012,0.7164179104477612,67,123,46
NOVEL_MT_256,2021,0.931268036365509,0.6442307692307693,208,6,19
NOVEL_MT_257,2021,0.9369400143623352,0.77,100,20,40
NOVEL_MT_258,2021,0.9835103750228882,0.7704918032786885,122,22,39
NOVEL_MT_228,2021,0.9510515928268432,0.7289156626506024,166,0,26
NOVEL_MT_230,2021,0.928283989429474,0.6842105263157895,190,33,52
NOVEL_MT_234,2021,0.8862196207046509,0.8666666666666667,75,3,25
NOVEL_MT_235,2021,0.9445611834526062,0.6808510638297872,47,1,34
NOVEL_MT_236,2021,0.943611979484558,0.7012987012987013,154,3,48
NOVEL_MT_238,2021,0.9501498341560364,0.6111111111111112,126,17,48
NOVEL_MT_209,2021,0.9355510473251344,0.6291390728476821,151,0,18
NOVEL_MT_210,2021,0.9525794982910156,0.6,230,18,36
NOVEL_MT_213,2021,0.9802626371383668,0.6875,128,12,28
NOVEL_MT_298,2021,0.9262877702713012,0.8,25,3,41
NOVEL_MT_300,2021,0.9490189552307128,0.7458563535911602,181,5,21
NOVEL_SA_52,2021,0.9504196047782898,0.7468879668049793,241,185,52
NOVEL_SA_53,2021,0.9722620248794556,0.6354166666666666,96,454,67
NOVEL_SA_55,2021,0.9864610433578492,0.6645962732919255,161,41,70
NOVEL_SA_56,2021,0.9411738514900208,0.684931506849315,146,51,31
NOVEL_SA_57,2021,0.9318937063217164,0.7312252964426877,253,46,63
NOVEL_SA_58,2021,0.9482820630073548,0.6875,144,173,59
NOVEL_SA_59,2021,0.94770747423172,0.5886075949367089,158,27,37
NOVEL_SA_60,2021,0.9896837472915648,0.6282051282051282,234,169,53
NOVEL_SA_61,2021,0.9399526715278624,0.7777777777777778,63,1,23
NOVEL_SA_62,2021,0.9435154795646667,0.7631578947368421,76,2,50
NOVEL_SA_63,2021,0.9457635879516602,0.75,4,2,42
NOVEL_SA_64,2021,0.9175283312797546,0.6830357142857143,224,35,77
NOVEL_SA_65,2021,0.941518008708954,0.7261146496815286,157,1,0
NOVEL_SA_31,2021,0.9498823285102844,0.74235807860262,229,19,26
NOVEL_SA_33,2021,0.9423121213912964,0.7027027027027027,185,4,37
NOVEL_MT_287,2021,0.9312946200370787,0.6703296703296703,91,0,18
NOVEL_MT_289,2021,0.9450960159301758,0.6666666666666666,114,1,30
NOVEL_MT_290,2021,0.9757393002510072,0.6666666666666666,57,2,27
NOVEL_MT_291,2021,0.9294455647468568,0.5909090909090909,132,4,45
NOVEL_MT_295,2021,0.990475058555603,0.6575342465753424,146,24,55
NOVEL_MT_301,2021,0.9433164596557616,0.7540983606557377,61,1,35
NOVEL_MT_303,2021,0.9412447810173036,0.7006802721088435,147,36,51
NOVEL_MT_304,2021,0.94342440366745,0.6081871345029239,171,34,55
NOVEL_MT_305,2021,0.9857831001281738,0.7857142857142857,98,67,34
NOVEL_DIA_1,2021,0.9498157501220704,0.6212121212121212,132,12,71
NOVEL_SA_34,2021,0.9463329315185548,0.7514792899408284,169,1,32
NOVEL_SA_37,2021,0.935144543647766,0.6838709677419355,155,20,43
NOVEL_SA_38,2021,0.9435604214668274,0.6363636363636364,66,34,27
NOVEL_SA_39,2021,0.9420676231384276,0.6493506493506493,77,6,18
NOVEL_SA_40,2021,0.9311681985855104,0.7280701754385965,114,45,24
NOVEL_SA_41,2021,0.9836694002151488,0.7619047619047619,168,49,39
NOVEL_SA_42,2021,0.9472902417182922,0.7631578947368421,114,20,53
NOVEL_SA_43,2021,0.9320695996284484,0.85,40,0,32
NOVEL_SA_44,2021,0.9272621273994446,0.7469879518072289,83,3,29
NOVEL_SA_45,2021,0.9814408421516418,0.723404255319149,94,39,63
NOVEL_QA_77,2021,0.9633668065071106,0.7475728155339806,103,29,27
NOVEL_SA_48,2021,0.9872881770133972,0.6779026217228464,267,336,38
NOVEL_SA_50,2021,0.9453245401382446,0.7258064516129032,62,19,29
NOVEL_SA_51,2021,0.9714113473892212,0.7635135135135135,148,325,48
NOVEL_SA_14,2021,0.9898055791854858,0.7394957983193278,119,143,53
NOVEL_SA_15,2021,0.94090473651886,0.7666666666666667,30,122,48
NOVEL_SA_16,2021,0.9547176361083984,0.66,200,99,45
NOVEL_SA_17,2021,0.9819279909133912,0.7338709677419355,124,156,51
NOVEL_SA_18,2021,0.953338623046875,0.7085714285714285,175,39,40
NOVEL_SA_19,2021,0.9848736524581908,0.7272727272727273,99,23,26
NOVEL_SA_20,2021,0.973110854625702,0.575,40,35,34
NOVEL_SA_21,2021,0.950692653656006,0.823076923076923,130,8,24
NOVEL_SA_22,2021,0.9415634274482728,0.7972972972972973,74,5,51
NOVEL_SA_24,2021,0.9416572451591492,0.6333333333333333,120,11,18
NOVEL_SA_25,2021,0.9760361909866332,0.6821705426356589,129,28,59
NOVEL_SA_26,2021,0.9315139651298524,0.7054263565891473,129,0,33
NOVEL_SA_27,2021,0.9428821802139282,0.7916666666666666,168,3,39
NOVEL_SA_28,2021,0.9430295825004578,0.8723404255319149,47,17,90
NOVEL_SA_66,2021,0.946635603904724,0.7557251908396947,131,9,42
NOVEL_SA_30,2021,0.932497501373291,0.8974358974358975,39,45,67
NOVEL_SA_0,2021,0.9733633995056152,0.7431192660550459,109,21,52
NOVEL_SA_1,2021,0.949308693408966,0.5845070422535211,142,10,67
NOVEL_SA_2,2021,0.9803018569946288,0.6733333333333333,150,66,39
NOVEL_SA_3,2021,0.9762760400772096,0.8064516129032258,124,108,51
NOVEL_SA_4,2021,0.9821597337722778,0.5705521472392638,163,46,28
NOVEL_SA_7,2021,0.9899052381515504,0.8333333333333334,24,273,55
NOVEL_SA_8,2021,0.9761104583740234,0.7117903930131004,229,11,49
NOVEL_SA_9,2021,0.9457767605781556,0.6707317073170732,82,1,63
NOVEL_SA_10,2021,0.9451584815979004,0.6987951807228916,83,0,35
NOVEL_SA_11,2021,0.9407485723495485,0.7610062893081762,159,3,42
NOVEL_SA_12,2021,0.9449257850646972,0.60625,160,60,46
NOVEL_SA_49,2021,0.9915273785591124,0.7447916666666666,192,113,41
NOVEL_SA_13,2021,0.9790288805961608,0.7651245551601423,281,49,45
NOVEL_SA_29,2021,0.9733632206916808,0.7666666666666667,150,32,42
NOVEL_MT_11,2021,0.9805216789245604,0.7195121951219512,164,17,55
NOVEL_MT_15,2021,0.9905717968940736,0.7878787878787878,66,58,38
NOVEL_MT_16,2021,0.946126103401184,0.797979797979798,99,20,44
NOVEL_MT_17,2021,0.9285383224487304,0.7520325203252033,246,1,29
NOVEL_MT_214,2021,0.9362362623214722,0.7916666666666666,24,9,44
NOVEL_MT_215,2021,0.984429657459259,0.6545454545454545,165,34,59
NOVEL_MT_218,2021,0.9432324171066284,0.6717557251908397,131,4,34
NOVEL_MT_219,2021,0.9419267773628236,0.6451612903225806,155,1,29
NOVEL_MT_221,2021,0.9516536593437196,0.6766467065868264,167,12,56
NOVEL_MT_224,2021,0.9855804443359376,0.7014925373134329,134,27,61
NOVEL_MT_227,2021,0.9435855150222778,0.6982248520710059,169,37,45
NOVEL_MT_190,2021,0.9272621273994446,0.7469879518072289,83,3,29
NOVEL_MT_192,2021,0.9418121576309204,0.8,50,15,38
NOVEL_MT_193,2021,0.9335503578186036,0.6829268292682927,41,5,22
NOVEL_MT_198,2021,0.9901374578475952,0.6973684210526315,228,13,32
NOVEL_MT_202,2021,0.9866971969604492,0.7094017094017094,117,12,55
NOVEL_MT_205,2021,0.9454737901687622,0.6496350364963503,137,7,54
NOVEL_MT_207,2021,0.9858528971672058,0.6470588235294118,102,5,18
NOVEL_MT_208,2021,0.9815900921821594,0.7043795620437956,274,66,45
NOVEL_MT_0,2021,0.9428442120552064,0.6164383561643836,73,0,24
NOVEL_MT_2,2021,0.9498156309127808,0.6212121212121212,132,12,71
NOVEL_MT_4,2021,0.9395760297775269,0.8333333333333334,30,0,23
NOVEL_MT_5,2021,0.9478248357772828,0.5955882352941176,136,13,34
NOVEL_MT_10,2021,0.9527398347854614,0.6833333333333333,120,13,44
NOVEL_MT_29,2021,0.9401034116744996,0.7263157894736842,95,0,26
NOVEL_MT_31,2021,0.9105274081230164,0.7286245353159851,269,1,27
NOVEL_MT_35,2021,0.9231378436088562,0.8333333333333334,48,2,10
NOVEL_MT_37,2021,0.9893997311592102,0.5822784810126582,158,23,74
NOVEL_MT_39,2021,0.9509337544441224,0.6549295774647887,142,17,52
NOVEL_MT_40,2021,0.9841068387031556,0.6625,80,1,41
NOVEL_MT_19,2021,0.95138680934906,0.6159420289855072,138,0,13
NOVEL_MT_21,2021,0.9222944974899292,0.84,25,2,60
NOVEL_MT_23,2021,0.9340659976005554,0.7207207207207207,222,1,21
NOVEL_MT_24,2021,0.99025696516037,0.788235294117647,85,70,44
NOVEL_MT_25,2021,0.9491503834724426,0.7021276595744681,141,29,60
NOVEL_MT_26,2021,0.9508517384529114,0.6148148148148148,135,15,27
NOVEL_MT_54,2021,0.9851033091545104,0.6739130434782609,184,53,43
NOVEL_DIA_26,2021,0.9535639882087708,0.825,40,18,58
NOVEL_MT_61,2021,0.9449383020401,0.6721311475409836,61,3,33
NOVEL_MT_62,2021,0.9525135159492492,0.8235294117647058,119,9,56
NOVEL_MT_42,2021,0.9391635656356812,0.7265625,128,31,58
NOVEL_MT_45,2021,0.9285638928413392,0.675,40,2,0
NOVEL_MT_47,2021,0.9884319305419922,0.6494845360824743,97,11,26
NOVEL_MT_49,2021,0.9435818791389464,0.664179104477612,134,2,26
NOVEL_MT_52,2021,0.9529212117195128,0.6825396825396826,126,8,35
NOVEL_MT_53,2021,0.9717705845832824,0.7114093959731543,149,1,37
NOVEL_MT_172,2021,0.9809679985046388,0.6859903381642513,207,13,38
NOVEL_MT_174,2021,0.9420593976974488,0.6323529411764706,68,8,1
NOVEL_MT_177,2021,0.9396950006484984,0.782608695652174,92,22,57
NOVEL_MT_179,2021,0.9877514839172364,0.6770833333333334,96,37,52
NOVEL_MT_180,2021,0.982465922832489,0.774390243902439,164,1,27
NOVEL_MT_181,2021,0.9434933662414552,0.7714285714285715,35,4,44
NOVEL_MT_182,2021,0.9507102966308594,0.8,105,19,51
NOVEL_MT_183,2021,0.931450366973877,1.0,4,5,79
NOVEL_MT_185,2021,0.97734797000885,0.6743119266055045,218,22,44
NOVEL_MT_186,2021,0.9888466000556946,0.6518518518518519,135,20,45
NOVEL_MT_187,2021,0.9902198910713196,0.6923076923076923,78,37,28
NOVEL_DIA_25,2021,0.9264565706253052,0.744,125,2,27
NOVEL_MT_189,2021,0.9745506048202516,0.6071428571428571,56,7,21
NOVEL_QA_0,2021,0.9847456812858582,0.7215189873417721,79,48,90
NOVEL_QA_1,2021,0.9399293065071106,0.7325581395348837,86,1,0
NOVEL_MT_63,2021,0.9785011410713196,0.5411764705882353,170,6,40
NOVEL_MT_64,2021,0.9496694803237916,0.6796875,128,6,62
NOVEL_MT_66,2021,0.9868783950805664,0.7457627118644068,177,16,45
NOVEL_MT_67,2021,0.9511993527412416,0.7258064516129032,62,0,33
NOVEL_MT_71,2021,0.938956081867218,0.5905511811023622,127,4,11
NOVEL_MT_74,2021,0.9591352343559264,0.7290076335877863,262,1,28
NOVEL_MT_88,2021,0.9495807886123656,0.7019230769230769,208,33,41
NOVEL_MT_89,2021,0.9853367805480956,0.675,120,67,25
NOVEL_MT_91,2021,0.9284208416938782,0.6844444444444444,225,2,37
NOVEL_MT_92,2021,0.9336553812026978,0.7236842105263158,76,16,40
NOVEL_MT_77,2021,0.9499574899673462,0.6833333333333333,60,4,16
NOVEL_MT_78,2021,0.9859176874160768,0.7272727272727273,88,27,43
NOVEL_MT_81,2021,0.9413436055183412,0.7424242424242424,66,24,63
NOVEL_MT_82,2021,0.9434558749198914,0.7422222222222222,225,3,51
NOVEL_MT_83,2021,0.9313756823539734,0.5476190476190477,84,1,34
NOVEL_MT_86,2021,0.9602211713790894,0.6995515695067265,223,60,65
NOVEL_MT_148,2021,0.9544163942337036,0.71,200,7,31
NOVEL_MT_150,2021,0.9907204508781432,0.6206896551724138,174,35,39
NOVEL_MT_153,2021,0.9391485452651978,0.5846994535519126,183,3,109
NOVEL_MT_154,2021,0.9803964495658876,0.7534246575342466,146,35,60
NOVEL_MT_155,2021,0.9332724809646606,0.6,40,2,29
NOVEL_MT_156,2021,0.9349403381347656,0.7322834645669292,127,3,61
NOVEL_MT_161,2021,0.9842340350151062,0.7037037037037037,27,4,22
NOVEL_MT_165,2021,0.9358266592025756,0.7339449541284404,109,1,21
NOVEL_MT_167,2021,0.9851174354553224,0.7205882352941176,204,28,34
NOVEL_MT_168,2021,0.930760383605957,0.7419354838709677,155,7,69
NOVEL_QA_4,2021,0.9454528093338012,0.7615384615384615,130,34,57
NOVEL_QA_5,2021,0.930329978466034,0.75,12,1,48
NOVEL_QA_7,2021,0.9876142740249634,0.7142857142857143,21,10,19
NOVEL_QA_8,2021,0.94839209318161,0.6682692307692307,208,9,33
NOVEL_QA_10,2021,0.9445055723190308,0.7833333333333333,120,22,51
NOVEL_MT_93,2021,0.9523439407348632,0.7077922077922078,308,29,48
NOVEL_MT_96,2021,0.9843071103096008,0.628099173553719,121,7,48
NOVEL_MT_99,2021,0.946185290813446,0.72,50,14,26
NOVEL_MT_101,2021,0.9262876510620116,0.7619047619047619,21,3,41
NOVEL_MT_104,2021,0.949302852153778,0.6329113924050633,158,4,55
NOVEL_MT_105,2021,0.9314988255500792,0.8,40,3,21
NOVEL_MT_107,2021,0.924057960510254,0.7567567567567568,111,7,69
NOVEL_MT_108,2021,0.9373959302902222,0.6153846153846154,156,54,43
NOVEL_SUM_41,2021,0.990916907787323,0.7272727272727273,143,12,27
NOVEL_SUM_42,2021,0.9720528721809388,0.819047619047619,105,70,34
NOVEL_SUM_44,2021,0.9362020492553712,0.84,25,43,62
NOVEL_SUM_14,2021,0.9462724924087524,0.7407407407407407,81,1,82
NOVEL_SUM_15,2021,0.973110854625702,0.575,40,35,34
NOVEL_SUM_16,2021,0.9484424591064452,0.6818181818181818,110,40,57
NOVEL_SUM_64,2021,0.9377193450927734,0.7682119205298014,151,26,77
NOVEL_SUM_66,2021,0.943414866924286,0.670995670995671,231,11,47
NOVEL_SUM_67,2021,0.9871569871902466,0.7844827586206896,116,19,34
NOVEL_SUM_68,2021,0.952397346496582,0.6979166666666666,192,74,65
NOVEL_SUM_17,2021,0.9513880014419556,0.7235772357723578,123,4,54
NOVEL_SUM_19,2021,0.9342762231826782,0.851063829787234,47,31,68
NOVEL_SUM_20,2021,0.9444537162780762,0.8173913043478261,115,6,64
NOVEL_SUM_21,2021,0.9900585412979126,0.6988636363636364,176,70,52
NOVEL_SUM_22,2021,0.9535640478134156,0.825,40,18,58
NOVEL_SUM_23,2021,0.9879177212715148,0.7,90,23,35
NOVEL_SUM_3,2021,0.9522344470024108,0.6287425149700598,167,26,44
NOVEL_SUM_39,2021,0.9921358227729796,0.6810810810810811,185,43,37
NOVEL_QA_12,2021,0.951568603515625,0.6986301369863014,146,33,51
NOVEL_QA_13,2021,0.94090473651886,0.7666666666666667,30,122,48
NOVEL_QA_14,2021,0.9875497817993164,0.7898550724637681,138,29,49
NOVEL_QA_15,2021,0.9547176361083984,0.66,200,99,45
NOVEL_QA_16,2021,0.9533385038375854,0.7085714285714285,175,39,40
NOVEL_QA_17,2021,0.9342108964920044,0.7897435897435897,195,0,11
NOVEL_QA_18,2021,0.9382205009460448,0.7105263157894737,38,11,25
NOVEL_QA_21,2021,0.9892603754997252,0.6692913385826772,127,27,28
NOVEL_QA_22,2021,0.9366621971130372,0.7916666666666666,120,21,43
NOVEL_QA_25,2021,0.9488630294799804,0.7583892617449665,149,4,28
NOVEL_QA_26,2021,0.96046781539917,0.7714285714285715,35,2,37
NOVEL_QA_27,2021,0.9441213607788086,0.7573529411764706,136,4,38
NOVEL_SUM_36,2021,0.941761314868927,0.6511627906976745,86,1,33
NOVEL_SUM_37,2021,0.9514339566230774,0.8,25,62,73
NOVEL_SUM_38,2021,0.9729690551757812,0.618421052631579,228,122,45
NOVEL_SUM_45,2021,0.9840998649597168,0.7819148936170213,188,27,43
NOVEL_SUM_46,2021,0.9360116124153136,0.7872340425531915,141,129,73
NOVEL_SUM_6,2021,0.9593755602836608,0.7189189189189189,185,10,51
NOVEL_SUM_7,2021,0.951568603515625,0.6986301369863014,146,33,51
NOVEL_SUM_8,2021,0.9332864880561828,0.7591623036649214,191,5,25
NOVEL_SUM_10,2021,0.9529406428337096,0.7155172413793104,232,4,57
NOVEL_SUM_11,2021,0.9417785406112672,0.6231884057971014,69,76,32
NOVEL_SUM_12,2021,0.9851325750350952,0.7285714285714285,70,31,46
NOVEL_SUM_13,2021,0.9443341493606568,0.7073170731707317,82,20,27
NOVEL_SUM_56,2021,0.9885040521621704,0.651685393258427,89,11,26
NOVEL_SUM_58,2021,0.9838992953300476,0.7689243027888446,251,24,57
NOVEL_SUM_59,2021,0.9513789415359496,0.6796875,128,9,40
NOVEL_SUM_60,2021,0.986828625202179,0.6763485477178424,241,33,65
NOVEL_SUM_61,2021,0.9405760765075684,0.7573529411764706,136,35,69
NOVEL_SUM_69,2021,0.9375076293945312,0.8080808080808081,99,13,33
NOVEL_SUM_70,2021,0.9879159927368164,0.6464088397790055,181,7,31
NOVEL_SUM_24,2021,0.9858666658401488,0.6170212765957447,141,12,71
NOVEL_SUM_26,2021,0.9355065226554872,0.7087378640776699,103,22,59
NOVEL_SUM_28,2021,0.9525097012519836,0.7115384615384616,52,2,31
NOVEL_SUM_30,2021,0.9404510259628296,0.6307692307692307,130,8,38
NOVEL_SUM_31,2021,0.9527502059936525,0.6538461538461539,130,20,34
NOVEL_SUM_32,2021,0.9525157809257508,0.6730769230769231,156,26,66
NOVEL_SUM_33,2021,0.9361814260482788,0.6071428571428571,140,5,36
NOVEL_QA_30,2021,0.9351970553398132,0.7777777777777778,225,0,51
NOVEL_QA_32,2021,0.942882239818573,0.7916666666666666,168,3,39
NOVEL_MT_116,2021,0.9506295919418336,0.6881720430107527,186,4,41
NOVEL_MT_117,2021,0.942959189414978,0.7478991596638656,238,36,49
NOVEL_MT_109,2021,0.9311457872390748,0.6956521739130435,23,6,26
NOVEL_MT_110,2021,0.9523591995239258,0.7398373983739838,123,1,0
NOVEL_MT_112,2021,0.929838001728058,0.8095238095238095,126,8,34
NOVEL_MT_113,2021,0.944280445575714,0.7197452229299363,157,2,34
NOVEL_MT_115,2021,0.9450758099555968,0.7094017094017094,117,12,26
NOVEL_SUM_47,2021,0.9865371584892272,0.5490196078431373,51,209,51
NOVEL_SUM_49,2021,0.9791961908340454,0.7440944881889764,254,128,56
NOVEL_SUM_52,2021,0.9462934732437134,0.7094594594594594,148,1,26
NOVEL_SUM_53,2021,0.986458659172058,0.7064220183486238,109,15,26
NOVEL_SUM_54,2021,0.9374068975448608,0.6,25,85,21
NOVEL_DIA_56,2021,0.9374068975448608,0.6,25,85,21
NOVEL_DIA_59,2021,0.9629300832748412,0.59375,160,60,39
NOVEL_DIA_63,2021,0.9488404393196106,0.6186440677966102,118,19,31
NOVEL_SUM_71,2021,0.9524504542350768,0.8888888888888888,27,64,69
NOVEL_SUM_72,2021,0.9814404249191284,0.6826923076923077,104,199,46
NOVEL_SUM_73,2021,0.9334275126457214,0.7037037037037037,135,40,46
NOVEL_SUM_75,2021,0.9446714520454408,0.6590909090909091,44,4,37
NOVEL_SUM_76,2021,0.9366859197616576,0.8421052631578947,38,20,18
NOVEL_SUM_77,2021,0.9376615285873412,0.7582417582417582,91,13,29
NOVEL_QA_33,2021,0.9525097012519836,0.7115384615384616,52,2,31
NOVEL_QA_34,2021,0.9468178749084472,0.6946564885496184,131,14,31
NOVEL_QA_35,2021,0.9902083277702332,0.6834170854271356,199,13,34
NOVEL_QA_36,2021,0.9430295825004578,0.8723404255319149,47,17,90
NOVEL_QA_37,2021,0.9498823285102844,0.74235807860262,229,19,26
NOVEL_QA_39,2021,0.9459601640701294,0.782608695652174,69,19,21
NOVEL_QA_40,2021,0.945486545562744,0.75,208,26,42
NOVEL_QA_43,2021,0.9851803779602052,0.7301587301587301,63,27,38
NOVEL_QA_2,2021,0.981637477874756,0.6884057971014492,138,64,44
NOVEL_QA_3,2021,0.9426175355911256,0.6060606060606061,66,73,38
NOVEL_QA_46,2021,0.9451032876968384,0.7346938775510204,147,49,58
NOVEL_QA_47,2021,0.983712673187256,0.6886792452830188,106,7,45
NOVEL_QA_48,2021,0.935144543647766,0.6838709677419355,155,20,43
NOVEL_QA_50,2021,0.945354461669922,0.6698113207547169,106,26,20
NOVEL_QA_52,2021,0.940133571624756,0.7738095238095238,84,1,25
NOVEL_DIA_65,2021,0.9423785209655762,0.672514619883041,171,8,63
NOVEL_DIA_66,2021,0.971241295337677,0.6428571428571429,196,13,32
NOVEL_DIA_67,2021,0.9377537965774536,0.6641221374045801,131,5,52
NOVEL_DIA_68,2021,0.9497116208076476,0.7012987012987013,154,26,47
NOVEL_DIA_69,2021,0.948009192943573,0.7303370786516854,89,7,30
NOVEL_DIA_70,2021,0.9454887509346008,0.7878787878787878,99,10,63
NOVEL_DIA_71,2021,0.9459776878356934,0.6923076923076923,130,5,34
NOVEL_DIA_55,2021,0.9351077079772948,0.8387096774193549,93,8,15
NOVEL_MT_120,2021,0.9540117383003236,0.6649484536082474,194,52,57
NOVEL_MT_121,2021,0.9835103750228882,0.7407407407407407,81,22,39
NOVEL_MT_122,2021,0.9515420794487,0.6936170212765957,235,7,68
NOVEL_MT_124,2021,0.9870719909667968,0.7692307692307693,65,5,28
NOVEL_MT_125,2021,0.9492318034172058,0.64,150,19,58
NOVEL_MT_140,2021,0.948322296142578,0.7558139534883721,172,3,45
NOVEL_MT_141,2021,0.9544002413749696,0.6756756756756757,185,2,25
NOVEL_MT_144,2021,0.9838348627090454,0.7198275862068966,232,102,44
NOVEL_DIA_41,2021,0.9848536252975464,0.75,152,35,47
NOVEL_DIA_42,2021,0.9469250440597534,0.6538461538461539,156,13,49
NOVEL_DIA_43,2021,0.9362020492553712,0.84,25,43,62
NOVEL_DIA_44,2021,0.9518522024154664,0.7278481012658228,158,85,48
NOVEL_DIA_45,2021,0.9257707595825196,0.8164251207729468,207,72,69
NOVEL_DIA_47,2021,0.9435997009277344,0.6935483870967742,124,12,33
NOVEL_DIA_49,2021,0.9462920427322388,0.9375,16,11,57
NOVEL_MT_118,2021,0.9348195791244508,0.6936936936936937,111,28,35
NOVEL_QA_53,2021,0.9382528066635132,0.7666666666666667,150,2,58
NOVEL_QA_54,2021,1.0,0.6952380952380952,105,18,46
NOVEL_QA_55,2021,0.9420676231384276,0.6493506493506493,77,6,18
NOVEL_QA_57,2021,0.9311681985855104,0.7280701754385965,114,45,24
NOVEL_QA_58,2021,0.940808653831482,0.6349206349206349,126,6,32
NOVEL_QA_59,2021,0.94016695022583,0.6645962732919255,161,10,39
NOVEL_QA_60,2021,0.9472902417182922,0.7631578947368421,114,20,53
NOVEL_QA_61,2021,0.9728542566299438,0.784,125,11,23
NOVEL_QA_62,2021,0.9272621273994446,0.7469879518072289,83,3,29
NOVEL_QA_23,2021,0.9416572451591492,0.6333333333333333,120,11,18
NOVEL_QA_24,2021,0.9255879521369934,0.6881720430107527,93,1,0
NOVEL_QA_65,2021,0.9902598261833192,0.6058394160583942,137,18,38
NOVEL_QA_66,2021,0.9483884572982788,0.6403508771929824,228,1,24
NOVEL_QA_67,2021,0.9447393417358398,0.6944444444444444,72,18,39
NOVEL_DIA_50,2021,0.9492884874343872,0.6601941747572816,206,9,33
NOVEL_DIA_51,2021,0.9574536085128784,0.7786885245901639,122,35,55
NOVEL_DIA_52,2021,0.9458484649658204,0.7708333333333334,48,18,69
NOVEL_DIA_53,2021,0.9458462595939636,0.7089552238805971,134,15,53
NOVEL_DIA_54,2021,0.9455934762954712,0.7704918032786885,183,3,20
NOVEL_QA_69,2021,0.9898211359977722,0.7604166666666666,96,10,35
NOVEL_QA_70,2021,0.9710216522216796,0.6744186046511628,129,33,37
NOVEL_QA_86,2021,0.9870901107788086,0.6257309941520468,171,11,51
NOVEL_QA_63,2021,0.987717628479004,0.5844155844155844,154,19,31
NOVEL_QA_64,2021,0.973040759563446,0.609375,128,11,49
NOVEL_MT_127,2021,0.9510010480880736,0.6170212765957447,94,1,15
NOVEL_MT_128,2021,0.9855377078056335,0.8363636363636363,110,13,38
NOVEL_MT_130,2021,0.9394015073776244,0.7282608695652174,92,1,21
NOVEL_MT_132,2021,0.9454973936080932,0.6973684210526315,228,2,58
NOVEL_MT_133,2021,0.9435830116271972,0.6510067114093959,149,2,17
NOVEL_MT_137,2021,0.9388532638549804,0.7040816326530612,98,6,28
NOVEL_QA_81,2021,0.91752827167511,0.6830357142857143,224,35,77
NOVEL_QA_72,2021,0.9411738514900208,0.684931506849315,146,51,31
NOVEL_DIA_28,2021,0.9536808729171752,0.7193877551020408,196,2,48
NOVEL_DIA_29,2021,0.9222709536552428,0.75,60,49,71
NOVEL_DIA_30,2021,0.9434161186218262,0.7023809523809523,84,20,40
NOVEL_DIA_31,2021,0.9371708035469056,0.7474226804123711,194,22,40
NOVEL_DIA_33,2021,0.957202136516571,0.8918918918918919,37,8,57
NOVEL_DIA_34,2021,0.9449220895767212,0.7616279069767442,172,39,70
NOVEL_DIA_35,2021,0.9855262637138368,0.8,25,51,32
NOVEL_DIA_37,2021,0.947336196899414,0.7772511848341233,211,42,45
NOVEL_DIA_39,2021,0.926443874835968,0.63,100,4,35
NOVEL_DIA_40,2021,0.945058524608612,0.4827586206896552,29,1,18
NOVEL_QA_74,2021,0.949079692363739,0.7626262626262627,198,91,46
NOVEL_QA_75,2021,0.9775126576423644,0.7037037037037037,108,3,33
NOVEL_QA_76,2021,0.9901435971260072,0.6447368421052632,152,32,49
NOVEL_MT_267,2021,0.9885584115982056,0.75,60,3,54
NOVEL_QA_44,2021,0.979805827140808,0.7983193277310925,119,143,46
NOVEL_QA_45,2021,0.9375980496406556,0.7875,160,17,87
NOVEL_QA_84,2021,0.988136887550354,0.6538461538461539,130,5,41
NOVEL_MT_244,2022,0.9472716450691224,0.6923076923076923,117,4,30
NOVEL_MT_280,2022,0.977790355682373,0.5535714285714286,56,10,35
NOVEL_MT_60,2022,0.9416347742080688,0.6133333333333333,75,7,0
NOVEL_MT_306,2024,0.9468058347702026,0.6741573033707865,89,8,28
NOVEL_MT_188,2025,0.615858793258667,0.7105263157894737,76,6,0
