paper_id,year,semantic_knn,structural_novelty,triple_count,cited_by_count,reference_count,citation_signal,struct_norm,semantic_norm,citation_norm,composite_novelty,n_triples,mean_dist,min_dist,pct_unseen_entity,pct_unseen_pred,transe_unexpectedness,n_citations,mean_link_prob,tgn_unexpectedness,kg_unexpectedness,disruptiveness,disruption_class,rank
NOVEL_SA_7,2021,0.9899052381515504,0.8333333333333334,24.0,273,55,5.613128106388071,0.8333333325,0.9764978727632356,0.6037286690570197,0.910588044339967,24.0,2.1524456,1.4581311,0.0,0.0,0.63829833,14.0,0.5526683888265065,0.6292662690620788,0.6337823008766357,1.0,DISRUPTIVE,1
NOVEL_SA_14,2021,0.9898055791854858,0.7394957983193278,119.0,143,53,4.969813299576001,0.7394957975798319,0.9762658516909336,0.5345359507117325,0.8847388507707932,119.0,2.188247,1.4672455,0.0,0.0,0.6743368,14.0,0.5505124126161848,0.6324296766730514,0.6533832338557823,0.9840840109580531,DISRUPTIVE,2
NOVEL_DIA_49,2021,0.9462920427322388,0.9375,16.0,11,57,2.4849066497880004,0.9374999990625,0.8749597897656796,0.2672679753558662,0.8266986501840622,16.0,2.5117683,1.554746,0.0,0.0,1.0,10.0,0.5944689816236496,0.5679333504683622,0.7839666752341812,0.9821904988964237,DISRUPTIVE,3
NOVEL_DIA_W4386347795,2023,0.9310604333877563,1.0,8.0,367,25,5.908082938168931,0.999999999,0.8394983107583058,0.6354529918673862,0.8511941165175527,8.0,1.8911037,1.2990102,0.0,0.0,0.37522632,25.0,0.3,0.9999999999999997,0.6876131594181059,0.9668673152885459,DISRUPTIVE,4
NOVEL_DIA_W3205786327,2022,0.915517807006836,0.998708844415752,1549.0,480,302,6.175867270105761,0.9987088434170432,0.8033127372800761,0.664254949572673,0.8284861797367291,1549.0,1.9894309,1.2913405,0.0,0.0,0.47420445,302.0,0.3,0.9999999999999997,0.737102225422859,0.9655006009654187,DISRUPTIVE,5
NOVEL_MT_15,2021,0.9905717968940736,0.7878787878787878,66.0,58,38,4.07753744390572,0.787878787090909,0.9780497218371308,0.4385658419656898,0.8860671469007424,66.0,2.2707138,1.4754113,0.0,0.0,0.75734955,3.0,0.6812068541844685,0.4406651343791287,0.5990073425515792,0.9640388246747488,DISRUPTIVE,6
NOVEL_MT_183,2021,0.931450366973877,1.0,4.0,5,79,1.791759469228055,0.999999999,0.8404061348342623,0.1927154590318873,0.8075558400871723,4.0,2.471696,2.2478037,0.0,0.0,0.95966226,13.0,0.5990659975088559,0.5611882690665345,0.7604252638457825,0.9555264221266704,DISRUPTIVE,7
NOVEL_DIA_41,2021,0.9848536252975464,0.75,152.0,35,47,3.58351893845611,0.7499999992499999,0.9647369577394708,0.3854309180637747,0.863858962074007,152.0,2.1671953,1.4727666,0.0,0.0,0.65314573,9.0,0.5721054938104417,0.6007467123308474,0.6269462214131502,0.9547034931799121,DISRUPTIVE,8
NOVEL_SA_3,2021,0.9762760400772096,0.8064516129032258,124.0,108,51,4.691347882229144,0.8064516120967741,0.9447670483657696,0.50458517235663,0.8730857735110565,124.0,2.2554097,1.4845824,0.0,0.0,0.7419442,3.0,0.66214994986852,0.46862683259548016,0.6052855132177535,0.9546520940085728,DISRUPTIVE,9
NOVEL_SA_17,2021,0.9819279909133912,0.7338709677419355,124.0,156,51,5.056245805348308,0.7338709670080644,0.9579256405667026,0.5438323324589783,0.8717053750442025,124.0,2.089371,1.4968231,0.0,0.0,0.57480615,20.0,0.5530383345484734,0.6287234573617854,0.6017648055680234,0.9520166315857793,DISRUPTIVE,10
NOVEL_QA_44,2021,0.979805827140808,0.7983193277310925,119.0,143,46,4.969813299576001,0.7983193269327731,0.9529849239050762,0.5345359507117325,0.8802069071912813,119.0,2.191972,1.4845012,0.0,0.0,0.67808646,4.0,0.6626374006271362,0.46791160882241706,0.5729990342295527,0.948526131951021,DISRUPTIVE,11
NOVEL_SA_W4220866631,2022,0.9079337120056152,0.9980657640232108,517.0,413,227,6.025865973825314,0.9980657630251448,0.7856558226630305,0.6481213283112662,0.8143843613002769,517.0,1.96085,1.2524006,0.0,0.0,0.44543433,227.0,0.29999999999999993,0.9999999999999999,0.7227171659469604,0.9470141158248787,DISRUPTIVE,12
NOVEL_SA_13,2021,0.9790288805961608,0.7651245551601423,281.0,49,45,3.912023005428146,0.7651245543950177,0.9511760754137748,0.4207636807183696,0.8609245317404828,281.0,2.1135669,1.4102852,0.0,0.0,0.5991623,17.0,0.5549284829812892,0.62595009190923,0.6125561862343849,0.9464014419640577,DISRUPTIVE,13
NOVEL_SA_48,2021,0.9872881770133972,0.6779026217228464,267.0,336,38,5.820082930352362,0.6779026210449438,0.9704049605493827,0.62598801501506,0.8774627980950628,267.0,2.0366962,1.4731448,0.0,0.0,0.5217827,17.0,0.556661982045454,0.6234065739859155,0.5725946351165081,0.9458649925467698,DISRUPTIVE,14
NOVEL_QA_54,2021,1.0,0.6952380952380952,105.0,18,46,2.9444389791664403,0.695238094542857,0.9999999976718494,0.3166936852890821,0.8707169858077742,105.0,2.1305268,1.4597584,0.0,0.0,0.6162345,3.0,0.6124231417973837,0.5415896799444015,0.5789120806395439,0.9421814080689441,DISRUPTIVE,15
NOVEL_SA_30,2021,0.932497501373291,0.8974358974358975,39.0,45,67,3.828641396489095,0.8974358965384615,0.8428440213164398,0.4117954428954494,0.8106575385187451,39.0,2.3978996,1.4959491,0.0,0.0,0.8853774,8.0,0.6088186882436276,0.546878400548442,0.7161279038112083,0.9410387836829915,DISRUPTIVE,16
NOVEL_SA_49,2021,0.9915273785591124,0.7447916666666666,192.0,113,41,4.736198448394496,0.744791665921875,0.980274459774418,0.5094091443209695,0.8860913694585645,192.0,2.1448734,1.4497769,0.0,0.0,0.63067603,3.0,0.6850621600945791,0.4350083446611884,0.5328421878869296,0.9381954258331542,DISRUPTIVE,17
NOVEL_MT_W4392757206,2024,0.9344531297683716,0.6541019955654102,451.0,551,503,6.313548046277095,0.6541019949113082,0.8473970185546137,0.6790634182513157,0.7919046537956227,451.0,2.0195408,1.3259377,0.0,0.0,0.5045137,503.0,0.29999999999999993,0.9999999999999999,0.752256840467453,0.938056901952147,DISRUPTIVE,18
NOVEL_QA_14,2021,0.9875497817993164,0.7898550724637681,138.0,29,49,3.4011973816621555,0.7898550716739129,0.9710140158641756,0.3658210412290827,0.8742629295626136,138.0,2.0679035,1.3256505,0.0,0.0,0.5531966,9.0,0.5957479165660009,0.5660568026144462,0.5596267058173396,0.9378767549564433,DISRUPTIVE,19
NOVEL_MT_267,2021,0.9885584115982056,0.75,60.0,3,54,1.3862943611198906,0.7499999992499999,0.9733622578411452,0.1491050326479578,0.8462640836035975,60.0,2.153544,1.4798129,0.0,0.0,0.639404,17.0,0.5662284528507906,0.6093699411089536,0.6243869699803648,0.9376537815896334,DISRUPTIVE,20
NOVEL_MT_284,2021,0.9864548444747924,0.6889952153110048,209.0,137,57,4.927253685157205,0.6889952146220095,0.9684648369777,0.5299583856033578,0.8687202673691276,209.0,2.0586226,1.4450481,0.0,0.0,0.54385424,12.0,0.5756891926129659,0.5954884446314803,0.5696713406171318,0.9367476735250686,DISRUPTIVE,21
NOVEL_MT_W3039695075,2022,0.9488046765327454,1.0,206.0,449,50,6.1092475827643655,0.999999999,0.8808095794205173,0.6570895661341866,0.8822756620077808,206.0,1.5884094,1.3148612,0.0,0.0,0.070528045,50.0,0.30000000000000004,0.9999999999999997,0.5352640226483343,0.9356616639484822,DISRUPTIVE,22
NOVEL_QA_79,2021,0.9850363731384276,0.7272727272727273,275.0,24,63,3.218875824868201,0.7272727265454545,0.9651624222177468,0.3462111643943907,0.8556893573009526,275.0,2.179564,1.412911,0.0,0.0,0.6655963,6.0,0.6210388193527857,0.5289481211823138,0.5972722137531594,0.9356512967131764,DISRUPTIVE,23
NOVEL_MT_187,2021,0.9902198910713196,0.6923076923076923,78.0,37,28,3.6375861597263857,0.6923076916153845,0.9772304321177104,0.391246201613061,0.8616474609667804,78.0,2.1333263,1.4807394,0.0,0.0,0.61905247,5.0,0.609204967021942,0.5463116237809493,0.5826820467556633,0.9353823708321952,DISRUPTIVE,24
NOVEL_SUM_42,2021,0.9720528721809388,0.819047619047619,105.0,70,34,4.262679877041316,0.8190476182285713,0.9349348778898068,0.4584791225152151,0.8641118504201005,105.0,2.1638782,1.3137232,0.0,0.0,0.6498067,4.0,0.6389052778482437,0.502733133041408,0.5762699056682717,0.9351236191498769,DISRUPTIVE,25
NOVEL_SUM_12,2021,0.9851325750350952,0.7285714285714285,70.0,31,46,3.4657359027997265,0.728571427842857,0.965386394712182,0.3727625816198946,0.858761020029088,70.0,2.1534214,1.5389348,0.0,0.0,0.6392807,5.0,0.6160234141349792,0.5363070943296816,0.5877938855857088,0.934747828204439,DISRUPTIVE,26
NOVEL_SA_51,2021,0.9714113473892212,0.7635135135135135,148.0,325,48,5.786897381366708,0.7635135127499999,0.9334413116211548,0.6224186920027748,0.8683534898850858,148.0,2.2165518,1.4621112,0.0,0.0,0.702829,3.0,0.6943947394688923,0.4213148945751582,0.5620719489546018,0.9334423374767694,DISRUPTIVE,27
NOVEL_SUM_58,2021,0.9838992953300476,0.7689243027888446,251.0,24,57,3.218875824868201,0.7689243020199202,0.9625151339424454,0.3462111643943907,0.862166570603135,251.0,2.108836,1.4808506,0.0,0.0,0.5944,5.0,0.6018345856666565,0.5571259919374524,0.575762990294364,0.933151059177994,DISRUPTIVE,28
NOVEL_SUM_49,2021,0.9791961908340454,0.7440944881889764,254.0,128,56,4.859812404361672,0.7440944874448818,0.951565598828818,0.5227046344110681,0.8671852801102555,254.0,2.136411,1.2929476,0.0,0.0,0.6221576,5.0,0.6393643152713775,0.5020595994137591,0.5621085865568551,0.9323910726087574,DISRUPTIVE,29
NOVEL_SUM_37,2021,0.9514339566230774,0.8,25.0,62,73,4.143134726391533,0.7999999992,0.886930939194072,0.445621259069719,0.8254137831828223,25.0,2.2858796,1.4536043,0.0,0.0,0.7726158,7.0,0.6117342974458422,0.5426004032789215,0.657608096823024,0.9316220031957206,DISRUPTIVE,30
NOVEL_MT_W4384296800,2023,0.9276413917541504,0.7566539923954373,263.0,363,263,5.8971538676367405,0.7566539916387832,0.8315382672479085,0.6342774987944737,0.7968353352807399,263.0,1.9637855,1.2889992,0.0,0.0,0.4483893,263.0,0.3,0.9999999999999997,0.7241946458816526,0.9315842806531863,DISRUPTIVE,31
NOVEL_MT_258,2021,0.9835103750228882,0.7704918032786885,122.0,22,39,3.1354942159291497,0.7704918025081966,0.9616096689324152,0.3372429265714705,0.860949421411477,122.0,2.1565826,1.4809481,0.0,0.0,0.6424628,4.0,0.6413646265864372,0.49912459483992366,0.5707936924261416,0.9300982177397737,DISRUPTIVE,32
NOVEL_DIA_W4392669753,2023,0.976205050945282,0.8056426332288401,638.0,581,72,6.366470447731438,0.8056426324231974,0.9446017749823294,0.6847555689358814,0.8908253258658583,638.0,1.5183452,1.3184168,0.0,0.0,0.0,72.0,0.3,0.9999999999999997,0.49999999999999983,0.9296747506991118,DISRUPTIVE,33
NOVEL_DIA_W4284991798,2022,0.9040955305099488,1.0,358.0,659,110,6.492239835020471,0.999999999,0.7767199584705596,0.6982828897732075,0.8135322597067125,358.0,1.8765709,1.3316698,0.0,0.0,0.3605973,110.0,0.2999999999999999,1.0,0.6802986562252045,0.9296544885716438,DISRUPTIVE,34
NOVEL_QA_36,2021,0.9430295825004578,0.8723404255319149,47.0,17,90,2.8903717578961645,0.8723404246595744,0.8673642913252207,0.3108784017397958,0.812710929033549,47.0,2.2903445,1.4922906,0.0,0.0,0.7771102,20.0,0.582633153796196,0.5852997516616025,0.6812049853316863,0.9292596134845993,DISRUPTIVE,35
NOVEL_SUM_71,2021,0.9524504542350768,0.8888888888888888,27.0,64,69,4.174387269895637,0.8888888879999999,0.889297498624118,0.448982674689809,0.8451842941058635,27.0,2.2458797,1.4778007,0.0,0.0,0.732351,4.0,0.6608872413635254,0.4704795718214589,0.6014152884494105,0.9276886840531818,DISRUPTIVE,36
NOVEL_MT_66,2021,0.9868783950805664,0.7457627118644068,177.0,16,45,2.833213344056216,0.745762711118644,0.9694509265349834,0.3047306401959732,0.8582412548178147,177.0,2.0976276,1.4781079,0.0,0.0,0.5831175,7.0,0.6019816219806672,0.5569102493923334,0.57001386721936,0.9273231006698146,DISRUPTIVE,37
NOVEL_SA_25,2021,0.9760361909866332,0.6821705426356589,129.0,28,59,3.367295829986474,0.6821705419534883,0.9442086435841046,0.3621747074408277,0.8335976296436537,129.0,2.1687682,1.5198586,0.0,0.0,0.654729,4.0,0.573791716992855,0.5982725610746753,0.6265007848746484,0.9269263627216162,DISRUPTIVE,38
NOVEL_MT_202,2021,0.9866971969604492,0.7094017094017094,117.0,12,55,2.5649493574615367,0.7094017086923077,0.9690290700398888,0.2758770924926137,0.847788400015645,117.0,2.1211193,1.3512427,0.0,0.0,0.6067647,12.0,0.5863973697026571,0.579776615928084,0.5932706450573952,0.9268800999785958,DISRUPTIVE,39
NOVEL_MT_154,2021,0.9803964495658876,0.7534246575342466,146.0,35,60,3.58351893845611,0.7534246567808218,0.9543599818030672,0.3854309180637747,0.8572800104246888,146.0,2.1565115,1.4459254,0.0,0.0,0.64239126,4.0,0.6416582524776459,0.49869376523494885,0.570542514836789,0.926652958253225,DISRUPTIVE,40
NOVEL_DIA_35,2021,0.9855262637138368,0.8,25.0,51,32,3.951243718581428,0.7999999992,0.9663029612089252,0.4249821251405716,0.8789102852003048,25.0,2.1773667,1.4760089,0.0,0.0,0.6633845,2.0,0.724922439455986,0.3765223973192392,0.5199534472424596,0.9266066626067394,DISRUPTIVE,41
NOVEL_MT_179,2021,0.9877514839172364,0.6770833333333334,96.0,37,52,3.6375861597263857,0.67708333265625,0.971483608752136,0.391246201613061,0.8545798128190515,96.0,2.0830646,1.4527544,0.0,0.0,0.568458,11.0,0.585356911204078,0.5813032535215552,0.5748806371043292,0.9258858344983694,DISRUPTIVE,42
NOVEL_SA_W4229024336,2022,0.8992711305618286,1.0,509.0,354,173,5.872117789475416,0.999999999,0.7654880292886697,0.6315847047124106,0.7990000907733098,509.0,1.923991,1.1809739,0.0,0.0,0.40833127,173.0,0.29999999999999993,0.9999999999999999,0.7041656374931335,0.925729067371503,DISRUPTIVE,43
NOVEL_SUM_39,2021,0.9921358227729796,0.6810810810810811,185.0,43,37,3.784189633918261,0.6810810803999999,0.9816910094789982,0.4070143648681038,0.8641013592021091,185.0,2.0720541,1.4763478,0.0,0.0,0.5573747,6.0,0.6092839787403742,0.5461956919491194,0.5517852038770865,0.9255424117306961,DISRUPTIVE,44
NOVEL_SUM_21,2021,0.9900585412979126,0.6988636363636364,176.0,70,52,4.262679877041316,0.6988636356647726,0.9768547855610588,0.4584791225152151,0.8694189892772172,176.0,2.062729,1.4759893,0.0,0.0,0.5479877,5.0,0.6198298406600952,0.5307220240573323,0.5393548617829996,0.9255336008748793,DISRUPTIVE,45
NOVEL_MT_128,2021,0.9855377078056335,0.8363636363636363,110.0,13,38,2.6390573296152584,0.8363636355272726,0.9663296047770362,0.283847889977881,0.8720882394471678,110.0,2.2084856,1.4703813,0.0,0.0,0.6947094,2.0,0.7294217646121979,0.3699206549738181,0.5323150375889903,0.925216337854369,DISRUPTIVE,46
NOVEL_SA_28,2021,0.9430295825004578,0.8723404255319149,47.0,17,90,2.8903717578961645,0.8723404246595744,0.8673642913252207,0.3108784017397958,0.812710929033549,47.0,2.268565,1.4855285,0.0,0.0,0.7551865,20.0,0.5826331529021264,0.5852997529734475,0.6702431255692891,0.9249743682616501,DISRUPTIVE,47
NOVEL_DIA_W4379416244,2023,0.9185075759887696,0.8058252427184466,103.0,430,30,6.066108090103747,0.8058252419126213,0.8102733694491345,0.6524496313252607,0.7936013701294444,103.0,1.9413342,1.3975643,0.0,0.0,0.4257894,30.0,0.30000000000000004,0.9999999999999997,0.7128946930170057,0.92421699236573,DISRUPTIVE,48
NOVEL_MT_W3163465952,2022,0.9273660778999328,0.9948717948717948,195.0,720,126,6.580639137284949,0.9948717938769228,0.8308972951588157,0.7077908133570227,0.8513815467222579,195.0,1.6730958,1.1713874,0.0,0.0,0.1557751,126.0,0.2999999999999998,1.0,0.577887549996376,0.9241439948983613,DISRUPTIVE,49
NOVEL_MT_305,2021,0.9857831001281738,0.7857142857142857,98.0,67,34,4.219507705176107,0.7857142849285713,0.9669009150370046,0.453835672843931,0.8793570647960105,98.0,2.2069485,1.4985188,0.0,0.0,0.69316214,2.0,0.7585663706064224,0.32715753542753534,0.5101598393289868,0.9231856459751031,DISRUPTIVE,50
NOVEL_SA_69,2021,0.9857831001281738,0.7857142857142857,98.0,67,34,4.219507705176107,0.7857142849285713,0.9669009150370046,0.453835672843931,0.8793570647960105,98.0,2.2055209,1.4926568,0.0,0.0,0.691725,2.0,0.7585663706064224,0.32715753542753534,0.5094412755338971,0.9229047427217286,DISRUPTIVE,51
NOVEL_MT_198,2021,0.9901374578475952,0.6973684210526315,228.0,13,32,2.6390573296152584,0.697368420355263,0.9770385151661592,0.283847889977881,0.851785433685152,228.0,2.1054914,1.4608041,0.0,0.0,0.59103334,6.0,0.6043105135361352,0.5534931276094367,0.572263233554932,0.9223137263111777,DISRUPTIVE,52
NOVEL_MT_295,2021,0.990475058555603,0.6575342465753424,146.0,24,55,3.218875824868201,0.6575342459178082,0.9778245004254404,0.3462111643943907,0.8506051159208091,146.0,2.0606205,1.4577277,0.0,0.0,0.5458654,13.0,0.5707622234637919,0.6027176578439948,0.5742915371853946,0.922030005534432,DISRUPTIVE,53
NOVEL_MT_139,2021,0.9878031611442566,0.6789473684210526,190.0,55,69,4.02535169073515,0.6789473677421052,0.9716039211143882,0.4329529226258389,0.8592075105910767,190.0,2.052594,1.4420573,0.0,0.0,0.53778565,11.0,0.5933204287832434,0.5696185920677596,0.5537021206836905,0.9218278348079613,DISRUPTIVE,54
NOVEL_SUM_45,2021,0.9840998649597168,0.7819148936170213,188.0,27,43,3.332204510175204,0.7819148928351063,0.9629820902273114,0.3584004063018599,0.8663104823563252,188.0,2.2412865,1.484058,0.0,0.0,0.7277275,2.0,0.7474562138319015,0.3434591784286769,0.535593325605406,0.9212276917527037,DISRUPTIVE,55
NOVEL_DIA_W4386072877,2023,0.9379662275314332,0.7478991596638656,119.0,326,50,5.7899601708972535,0.7478991589159664,0.8555760388904254,0.6227481150645385,0.8107578705129449,119.0,1.8426541,1.3810487,0.0,0.0,0.32645595,50.0,0.30000000000000004,0.9999999999999997,0.6632279753684995,0.9204504929718672,DISRUPTIVE,56
NOVEL_MT_224,2021,0.9855804443359376,0.7014925373134329,134.0,27,61,3.332204510175204,0.7014925366119402,0.9664291018517018,0.3584004063018599,0.8526389192487652,134.0,2.01783,1.4105462,0.0,0.0,0.50279146,16.0,0.5576882123947143,0.6219008129845096,0.5623461386566377,0.9192154142764336,DISRUPTIVE,57
NOVEL_SA_60,2021,0.9896837472915648,0.6282051282051282,234.0,169,53,5.135798437050262,0.628205127576923,0.975982208705416,0.5523887387171476,0.8640674454808904,234.0,1.9727893,1.4365842,0.0,0.0,0.45745265,9.0,0.5635496881273058,0.613300422657733,0.5353765387481475,0.9190969494200553,DISRUPTIVE,58
NOVEL_MT_37,2021,0.9893997311592102,0.5822784810126582,158.0,23,74,3.1780538303479458,0.5822784804303797,0.9753209764030724,0.3418204916798452,0.8333624287362111,158.0,2.1066122,1.4950058,0.0,0.0,0.59216154,14.0,0.5582703075238636,0.621046719997284,0.6066041281070099,0.9189337586455714,DISRUPTIVE,59
NOVEL_MT_144,2021,0.9838348627090454,0.7198275862068966,232.0,102,44,4.634728988229636,0.7198275854870689,0.9623651251032358,0.4984954397031205,0.8674706486399909,232.0,2.0719488,1.4217869,0.0,0.0,0.5572686,4.0,0.6455763921141624,0.49294478123054714,0.5251067003839504,0.9181864771869648,DISRUPTIVE,60
NOVEL_MT_54,2021,0.9851033091545104,0.6739130434782609,184.0,53,43,3.9889840465642745,0.6739130428043477,0.9653182593374806,0.4290413444477043,0.8534095245418765,184.0,2.0759609,1.4758642,0.0,0.0,0.5613073,8.0,0.6045291721820831,0.5531722954863896,0.557239803272217,0.9179221401330898,DISRUPTIVE,61
NOVEL_MT_24,2021,0.99025696516037,0.788235294117647,85.0,70,44,4.262679877041316,0.7882352933294117,0.9773167461769044,0.4584791225152151,0.8876166932412368,85.0,2.0508814,1.4720219,0.0,0.0,0.53606176,3.0,0.6970058520634969,0.4174836772290048,0.4767727204962163,0.9176679009627328,DISRUPTIVE,62
NOVEL_SUM_60,2021,0.986828625202179,0.6763485477178424,241.0,33,65,3.5263605246161616,0.6763485470414937,0.9693350547674164,0.3792831565199521,0.8517325633974853,241.0,2.0364096,1.4724694,0.0,0.0,0.5214942,11.0,0.5730883489955555,0.5993045945754716,0.5603994021709298,0.9176276536110338,DISRUPTIVE,63
NOVEL_SUM_53,2021,0.986458659172058,0.7064220183486238,109.0,15,26,2.772588722239781,0.7064220176422018,0.9684737181670704,0.2982100652959156,0.8490370127749811,109.0,2.1386795,1.4259857,0.0,0.0,0.62444115,4.0,0.6357947066426277,0.5072971929689755,0.5658691699097806,0.9173071550823193,DISRUPTIVE,64
NOVEL_MT_252,2021,0.981301486492157,0.7028571428571428,175.0,10,55,2.3978952727983707,0.7028571421542856,0.9564670439811964,0.2579093322201459,0.8358892924397093,175.0,2.1325788,1.4737741,0.0,0.0,0.6183001,7.0,0.5910614345754895,0.5729331552970474,0.5956166177982124,0.9169433751611936,DISRUPTIVE,65
NOVEL_SA_W4206670862,2022,0.8915055990219116,1.0,346.0,376,136,5.932245187448011,0.999999999,0.7474087031021942,0.6380517999334414,0.78699127196488,346.0,1.9322877,1.3375529,0.0,0.0,0.41668293,136.0,0.3,0.9999999999999997,0.7083414644002912,0.9164076014356206,DISRUPTIVE,66
NOVEL_SUM_72,2021,0.9814404249191284,0.6826923076923077,104.0,199,46,5.298317366548036,0.6826923070096154,0.9567905135502968,0.5698687133663275,0.8632786922237635,104.0,2.001038,1.3968642,0.0,0.0,0.48588848,8.0,0.59036073833704,0.5739612685958303,0.5299248748679835,0.9162463030358017,DISRUPTIVE,67
NOVEL_MT_78,2021,0.9859176874160768,0.7272727272727273,88.0,27,43,3.332204510175204,0.7272727265454545,0.9672142544994796,0.3584004063018599,0.8583445640889127,88.0,2.0824368,1.4557737,0.0,0.0,0.5678261,5.0,0.6319074988365173,0.5130007915061072,0.5404134418746509,0.9158458418477139,DISRUPTIVE,68
NOVEL_MT_275,2021,0.9598344564437866,0.788135593220339,236.0,16,46,2.833213344056216,0.7881355924322033,0.9064885671049688,0.3047306401959732,0.8226421794795162,236.0,2.2483256,1.4391518,0.0,0.0,0.73481315,8.0,0.6335767693817616,0.5105515144118994,0.6226823340778216,0.9154405827638488,DISRUPTIVE,69
NOVEL_MT_255,2021,0.9902990460395812,0.5806451612903226,62.0,181,37,5.204006687076795,0.5806451607096774,0.977414716797146,0.5597249824704947,0.8562918321469872,62.0,1.9875557,1.4533776,0.0,0.0,0.4723169,11.0,0.5639486437494106,0.6127150454882798,0.5425159682216256,0.914795360267878,DISRUPTIVE,70
NOVEL_MT_245,2021,0.9899581670761108,0.7052631578947368,95.0,25,64,3.258096538021482,0.7052631571894736,0.97662109926575,0.3504296088165927,0.8597303618055788,95.0,2.002899,1.2738589,0.0,0.0,0.48776165,7.0,0.5915794151169914,0.5721731359705455,0.529967391239858,0.9130262994696605,DISRUPTIVE,71
NOVEL_DIA_W4399790131,2024,0.934226393699646,0.6547619047619048,420.0,691,111,6.539585955617669,0.6547619041071429,0.84686914286141,0.7033752749515592,0.7940983083195714,420.0,1.8745666,1.2764162,0.0,0.0,0.35857967,111.0,0.2999999999999998,1.0,0.6792898327112198,0.9115333572805855,DISRUPTIVE,72
NOVEL_QA_61,2021,0.9728542566299438,0.784,125.0,11,23,2.4849066497880004,0.7839999992159999,0.936800621500512,0.2672679753558662,0.839287232429145,125.0,2.1804295,1.4842714,0.0,0.0,0.6664675,4.0,0.6565300777554511,0.47687272423846927,0.5716701060252558,0.9106815732633904,DISRUPTIVE,73
NOVEL_MT_186,2021,0.9888466000556946,0.6518518518518519,135.0,20,45,3.044522437723423,0.6518518512,0.974033203944363,0.3274583163618105,0.8449394446372351,135.0,2.0620174,1.4886303,0.0,0.0,0.54727155,6.0,0.5948124984900156,0.5674293171379584,0.5573504334198245,0.9102393697611754,DISRUPTIVE,74
NOVEL_DIA_W4368367885,2023,0.9296654462814332,0.7294117647058823,85.0,1116,24,7.018401799069201,0.7294117639764705,0.8362505708204144,0.7548750530452434,0.8067452576741085,85.0,1.8088447,1.3464341,0.0,0.0,0.29242268,24.0,0.3,0.9999999999999997,0.6462113410234449,0.9101381746104963,DISRUPTIVE,75
NOVEL_SA_41,2021,0.9836694002151488,0.7619047619047619,168.0,49,39,3.912023005428146,0.761904761142857,0.961979903514294,0.4207636807183696,0.8678432527604142,168.0,2.150783,1.472286,0.0,0.0,0.6366248,2.0,0.7297741264104843,0.36940364370570716,0.5030142283927705,0.9098898898707539,DISRUPTIVE,76
NOVEL_MT_150,2021,0.9907204508781432,0.6206896551724138,174.0,35,39,3.58351893845611,0.6206896545517241,0.9783958106854086,0.3854309180637747,0.8475580901965083,174.0,2.0661783,1.444428,0.0,0.0,0.55145997,7.0,0.610300212247031,0.544704599053895,0.5480822835719762,0.9090048433563229,DISRUPTIVE,77
NOVEL_DIA_W4386544117,2023,0.9286120533943176,0.7183544303797469,316.0,370,103,5.916202062607435,0.7183544296613924,0.8337981136369259,0.6363262568451777,0.7909621911626443,316.0,1.8762101,1.3075886,0.0,0.0,0.36023408,103.0,0.3,0.9999999999999997,0.6801170408725736,0.9089961099581904,DISRUPTIVE,78
NOVEL_SUM_24,2021,0.9858666658401488,0.6170212765957447,141.0,12,71,2.5649493574615367,0.6170212759787234,0.96709546859165,0.2758770924926137,0.8279587924591609,141.0,2.1007216,1.461789,0.0,0.0,0.58623195,11.0,0.5727363391356035,0.5998210894536518,0.5930265181994211,0.9086970069421495,DISRUPTIVE,79
NOVEL_QA_69,2021,0.9898211359977722,0.7604166666666666,96.0,10,35,2.3978952727983707,0.7604166659062499,0.9763020702913348,0.2579093322201459,0.8612857156071989,96.0,2.1746304,1.4010044,0.0,0.0,0.66063005,2.0,0.7325390636920929,0.36534672341195434,0.5129883853666369,0.907807534649116,DISRUPTIVE,80
NOVEL_SUM_22,2021,0.9535640478134156,0.825,40.0,18,58,2.9444389791664403,0.8249999991749999,0.8918901120773586,0.3166936852890821,0.8209924468180592,40.0,2.1934524,1.4839023,0.0,0.0,0.67957664,7.0,0.6199282007558005,0.530577702856625,0.6050771691086714,0.9070535050150363,DISRUPTIVE,81
NOVEL_SUM_19,2021,0.9342762231826782,0.851063829787234,47.0,31,68,3.4657359027997265,0.8510638289361702,0.846985153397561,0.3727625816198946,0.8003786313275161,47.0,2.2767398,1.490181,0.0,0.0,0.7634155,9.0,0.6127356416649288,0.5411311570466593,0.6522733362347402,0.9067006046982624,DISRUPTIVE,82
NOVEL_DIA_26,2021,0.9535639882087708,0.825,40.0,18,58,2.9444389791664403,0.8249999991749999,0.8918899733087744,0.3166936852890821,0.8209923496800503,40.0,2.1887445,1.4822354,0.0,0.0,0.67483765,7.0,0.619928218637194,0.5305776766197229,0.6027076627441419,0.9061271214156078,DISRUPTIVE,83
NOVEL_DIA_33,2021,0.957202136516571,0.8918918918918919,37.0,8,57,2.19722457733622,0.8918918909999999,0.9003601301336346,0.2363258854158169,0.8322630578351259,37.0,2.2190766,1.5241907,0.0,0.0,0.70537055,3.0,0.6768524845441183,0.44705418728023494,0.5762123663337515,0.9060501183884729,DISRUPTIVE,84
NOVEL_MT_250,2021,0.989532470703125,0.6556291390728477,151.0,55,56,4.02535169073515,0.6556291384172185,0.9756300140394458,0.4329529226258389,0.8573621297736397,151.0,1.9992121,1.4582492,0.0,0.0,0.48405045,5.0,0.6059715175628663,0.5510559797620431,0.5175532162356206,0.9060131179350105,DISRUPTIVE,85
NOVEL_MT_213,2021,0.9802626371383668,0.6875,128.0,12,28,2.5649493574615367,0.6874999993124999,0.9540484463321832,0.2758770924926137,0.8329216215442896,128.0,2.0998085,1.5148196,0.0,0.0,0.5853128,6.0,0.5978306750456492,0.563000825468319,0.574156804593214,0.9058472632279121,DISRUPTIVE,86
NOVEL_DIA_21,2021,0.9342762231826782,0.851063829787234,47.0,31,68,3.4657359027997265,0.8510638289361702,0.846985153397561,0.3727625816198946,0.8003786313275161,47.0,2.271885,1.4984769,0.0,0.0,0.7585285,9.0,0.6127356436517503,0.541131154131448,0.649829812562245,0.9057453746212784,DISRUPTIVE,87
NOVEL_SA_53,2021,0.9722620248794556,0.6354166666666666,96.0,454,67,6.12029741895095,0.6354166660312499,0.935421816850756,0.6582780483437112,0.8477064098361502,96.0,1.9915767,1.3311467,0.0,0.0,0.47636443,10.0,0.5721952903270722,0.6006149562461617,0.5384896950057865,0.9053901683719439,DISRUPTIVE,88
NOVEL_MT_124,2021,0.9870719909667968,0.7692307692307693,65.0,5,28,1.791759469228055,0.7692307684615385,0.9699016468955316,0.1927154590318873,0.8520488524223684,65.0,2.0978267,1.411203,0.0,0.0,0.5833179,3.0,0.661094089349111,0.47017606917204047,0.526746972517081,0.9047606426844996,DISRUPTIVE,89
NOVEL_SA_2,2021,0.9803018569946288,0.6733333333333333,150.0,66,39,4.204692619390966,0.67333333266,0.9541397560603972,0.4522422133943151,0.8477887171137095,150.0,2.0428042,1.4722391,0.0,0.0,0.52793115,6.0,0.6099295775095621,0.5452484217286475,0.5365897877514545,0.9047225274832293,DISRUPTIVE,90
NOVEL_MT_W4220991830,2022,0.8855612874031067,1.0,472.0,340,119,5.831882477283517,0.999999999,0.7335694509971697,0.6272571335224596,0.7762243288502647,472.0,1.9209884,1.2804456,0.0,0.0,0.40530887,119.0,0.29999999999999977,1.0,0.7026544362306595,0.9043632987257688,DISRUPTIVE,91
NOVEL_MT_W4283799942,2022,0.8773975372314453,1.0,425.0,466,298,6.1463292576688975,0.999999999,0.7145630119015739,0.6610779429914758,0.7663019024302492,425.0,1.9656991,1.3383946,0.0,0.0,0.4503155,298.0,0.3,0.9999999999999997,0.7251577526330946,0.9041095849170493,DISRUPTIVE,92
NOVEL_QA_0,2021,0.9847456812858582,0.7215189873417721,79.0,48,90,3.8918202981106265,0.721518986620253,0.9644856478340048,0.4185907473078042,0.8613028255386345,79.0,2.0267744,1.4449936,0.0,0.0,0.5117952,3.0,0.6466690202554066,0.4913415964822984,0.5015684096207726,0.9033588081574159,DISRUPTIVE,93
NOVEL_MT_182,2021,0.9507102966308594,0.8,105.0,19,51,2.995732273553991,0.7999999992,0.8852461498167885,0.3222106148451532,0.8118933661962673,105.0,2.2088857,1.4724748,0.0,0.0,0.6951121,8.0,0.6145982004702091,0.5383982731343508,0.616755191159308,0.9033189508299374,DISRUPTIVE,94
NOVEL_MT_180,2021,0.982465922832489,0.774390243902439,164.0,1,27,0.6931471805599453,0.7743902431280487,0.959178027036514,0.0745525163239789,0.8337579191835673,164.0,2.0882163,1.4505146,0.0,0.0,0.57364386,5.0,0.6027125942707061,0.5558377128334192,0.5647407880172803,0.9029291562950865,DISRUPTIVE,95
NOVEL_MT_208,2021,0.9815900921821594,0.7043795620437956,274.0,66,45,4.204692619390966,0.7043795613394159,0.9571389614645016,0.4522422133943151,0.8560974066324657,274.0,2.0276794,1.4544874,0.0,0.0,0.5127062,5.0,0.6359094762802124,0.5071287944758446,0.5099175073129192,0.9018745197987446,DISRUPTIVE,96
NOVEL_DIA_W4385242971,2023,0.91069495677948,0.7712418300653595,153.0,470,72,6.154858094016418,0.7712418292941177,0.7920844160813678,0.6619952751668868,0.7749069846324697,153.0,1.9126681,1.3052518,0.0,0.0,0.39693347,72.0,0.3,0.9999999999999997,0.6984667330980299,0.9015246074917954,DISRUPTIVE,97
NOVEL_MT_62,2021,0.952513575553894,0.8235294117647058,119.0,9,56,2.302585092994046,0.8235294109411764,0.8894444545544817,0.2476580985211743,0.8120828102284899,119.0,2.1823897,1.4788334,0.0,0.0,0.66844076,8.0,0.6040476597845554,0.5538788060572504,0.6111597826196133,0.9013043780097882,DISRUPTIVE,98
NOVEL_SA_19,2021,0.9848736524581908,0.7272727272727273,99.0,23,26,3.1780538303479458,0.7272727265454545,0.9647835839836651,0.3418204916798452,0.854985103265641,99.0,2.2093313,1.4609799,0.0,0.0,0.6955607,2.0,0.7591393977403641,0.326316747672955,0.5109387207068998,0.9012591437035614,DISRUPTIVE,99
NOVEL_DIA_W4322761615,2023,0.9119296073913574,0.749003984063745,251.0,785,1,6.666956792429207,0.7490039833147409,0.7949588685285345,0.717074842167457,0.7779794888496679,251.0,1.8935779,1.3096527,0.0,0.0,0.3777169,1.0,0.3,0.9999999999999997,0.6888584494590757,0.9005711039428634,DISRUPTIVE,100
NOVEL_SA_52,2021,0.9504196047782898,0.7468879668049793,241.0,185,52,5.225746673713202,0.7468879660580913,0.8845693754330465,0.5620632603342011,0.8247824820481708,241.0,2.087192,1.4281534,0.0,0.0,0.5726128,13.0,0.5822124980963193,0.5859169687886832,0.5792648954222499,0.9004199848003863,DISRUPTIVE,101
NOVEL_MT_11,2021,0.9805216789245604,0.7195121951219512,164.0,17,55,2.8903717578961645,0.719512194402439,0.9546515345978672,0.3108784017397958,0.8432463532729744,164.0,2.011525,1.3537811,0.0,0.0,0.49644473,6.0,0.5896479437748591,0.5750071334491936,0.5357259326999768,0.9002414906264073,DISRUPTIVE,102
NOVEL_SA_55,2021,0.9864610433578492,0.6645962732919255,161.0,41,70,3.737669618283368,0.6645962726273291,0.9684792689104272,0.4020108326857894,0.8510558260313439,161.0,2.0472705,1.4778861,0.0,0.0,0.532427,5.0,0.6451526796817779,0.4935664834214395,0.5129967481709096,0.8984795679627605,DISRUPTIVE,103
NOVEL_DIA_W4378214315,2023,0.9141641855239868,0.7391304347826086,207.0,361,50,5.891644211825772,0.7391304340434781,0.8001613027394197,0.6336848992480758,0.771307488651097,207.0,1.9097867,1.3206228,0.0,0.0,0.39403298,50.0,0.30000000000000004,0.9999999999999997,0.6970164924859998,0.8976743797195204,DISRUPTIVE,104
NOVEL_MT_121,2021,0.9835103750228882,0.7407407407407407,81.0,22,39,3.1354942159291497,0.7407407399999999,0.9616096689324152,0.3372429265714705,0.8549992089098377,81.0,2.0162911,1.4344193,0.0,0.0,0.5012425,4.0,0.6413646265864372,0.49912459483992366,0.5001835566324557,0.8970675671404278,DISRUPTIVE,105
NOVEL_MT_254,2021,0.9724591374397278,0.7458333333333333,240.0,98,59,4.59511985013459,0.7458333325875,0.9358807245577552,0.4942352176359628,0.8537066954715249,240.0,2.1999884,1.403844,0.0,0.0,0.6861559,2.0,0.7659771710634231,0.3162838613782389,0.5012198883192769,0.8962937217777954,DISRUPTIVE,106
NOVEL_DIA_43,2021,0.9362020492553712,0.84,25.0,43,62,3.784189633918261,0.8399999991599999,0.8514687663437789,0.4070143648681038,0.8047295727594556,25.0,2.1830077,1.4491725,0.0,0.0,0.66906285,9.0,0.5998911427126989,0.5599775550496089,0.614520203954553,0.895910758812912,DISRUPTIVE,107
NOVEL_SA_45,2021,0.9814408421516418,0.723404255319149,94.0,39,63,3.688879454113936,0.7234042545957446,0.9567914849303842,0.3967631311691321,0.854111203487331,94.0,2.092549,1.5147246,0.0,0.0,0.5780053,3.0,0.6956396540006001,0.419488263981666,0.4987467889274785,0.8956959035184481,DISRUPTIVE,108
NOVEL_DIA_W4361282369,2023,0.9171074032783508,0.7674418604651163,172.0,283,69,5.648974238161206,0.7674418596976744,0.8070135566444423,0.607584155163173,0.7791562771069618,172.0,1.8608998,1.3337097,0.0,0.0,0.34482244,69.0,0.30000000000000004,0.9999999999999997,0.6724112182855604,0.8952149120659633,DISRUPTIVE,109
NOVEL_QA_4,2021,0.9454528093338012,0.7615384615384615,130.0,34,57,3.555348061489413,0.761538460776923,0.8730059281041892,0.3824009558510974,0.8016519374134268,130.0,2.1888933,1.4989821,0.0,0.0,0.6749874,8.0,0.5967326365411282,0.5646119487013646,0.6197996622188006,0.8951673437427848,DISRUPTIVE,110
NOVEL_DIA_W4377010595,2023,0.9251319766044616,0.7046979865771812,149.0,322,10,5.777652323222656,0.7046979858724831,0.8256959710966019,0.6214243254850553,0.7810692094906234,149.0,1.8456367,1.3285291,0.0,0.0,0.3294583,10.0,0.29999999999999993,0.9999999999999999,0.6647291481494904,0.893956701827818,DISRUPTIVE,111
NOVEL_DIA_W4364363895,2023,0.9239557981491088,0.7391304347826086,92.0,348,6,5.855071922202427,0.7391304340434781,0.8229576506302535,0.6297513101120036,0.7868715732610734,92.0,1.818305,1.3355649,0.0,0.0,0.30194566,6.0,0.3,0.9999999999999997,0.6509728282690046,0.8938716873376888,DISRUPTIVE,112
NOVEL_SUM_44,2021,0.9362020492553712,0.84,25.0,43,62,3.784189633918261,0.8399999991599999,0.8514687663437789,0.4070143648681038,0.8047295727594556,25.0,2.1717904,1.4822104,0.0,0.0,0.6577712,9.0,0.5998911367522345,0.5599775637952429,0.6088743967696002,0.8937036818393493,DISRUPTIVE,113
NOVEL_QA_74,2021,0.949079692363739,0.7626262626262627,198.0,91,46,4.5217885770490405,0.7626262618636364,0.8814498576666902,0.4863479592194283,0.8181749486613532,198.0,2.1197329,1.4618648,0.0,0.0,0.6053691,7.0,0.6106509174619402,0.5441900184473278,0.5747795547406317,0.892639472311235,DISRUPTIVE,114
NOVEL_QA_21,2021,0.9892603754997252,0.6692913385826772,127.0,27,28,3.332204510175204,0.6692913379133858,0.9749965354538844,0.3584004063018599,0.8521958830305821,127.0,2.067611,1.46302,0.0,0.0,0.5529021,3.0,0.6855406244595845,0.43430630638887757,0.49360420442963776,0.891938480523288,DISRUPTIVE,115
NOVEL_DIA_52,2021,0.9458484649658204,0.7708333333333334,48.0,18,69,2.9444389791664403,0.7708333325625,0.8739270739642019,0.3166936852890821,0.7975849868163495,48.0,2.2930596,1.486746,0.0,0.0,0.7798433,3.0,0.669546922047933,0.45777344841689677,0.6188083595977764,0.8910701348229203,DISRUPTIVE,116
NOVEL_SA_W4361282369,2023,0.9171074032783508,0.7674418604651163,172.0,283,69,5.648974238161206,0.7674418596976744,0.8070135566444423,0.607584155163173,0.7791562771069618,172.0,1.838284,1.2550716,0.0,0.0,0.32205692,69.0,0.30000000000000004,0.9999999999999997,0.6610284596681593,0.890765127718555,DISRUPTIVE,117
NOVEL_QA_70,2021,0.9710216522216796,0.6744186046511628,129.0,33,37,3.5263605246161616,0.6744186039767441,0.9325340426195337,0.3792831565199521,0.8255858662810175,129.0,2.0551112,1.451862,0.0,0.0,0.54031956,6.0,0.5974186221758525,0.5636054198874028,0.5519624909228579,0.8904796518845097,DISRUPTIVE,118
NOVEL_QA_65,2021,0.9902598261833192,0.6058394160583942,137.0,18,38,2.9444389791664403,0.6058394154525547,0.9773234070689322,0.3166936852890821,0.8369636365676717,137.0,1.9979494,1.4252964,0.0,0.0,0.48277932,8.0,0.594829508662224,0.567404358556333,0.5250918413055254,0.8903535717472693,DISRUPTIVE,119
NOVEL_DIA_W4321351832,2023,0.9084614515304564,0.6666666666666666,63.0,1388,4,7.236339342754344,0.6666666659999999,0.7868844797049929,0.7783156623976021,0.7619840352332551,63.0,1.914285,1.348295,0.0,0.0,0.398561,4.0,0.3,0.9999999999999997,0.6992805004119871,0.890055006501111,DISRUPTIVE,120
NOVEL_QA_2,2021,0.981637477874756,0.6884057971014492,138.0,64,44,4.174387269895637,0.6884057964130433,0.9572492824887124,0.448982674689809,0.8526539244936883,138.0,2.1071558,1.4659356,0.0,0.0,0.59270877,2.0,0.7221741408109664,0.38055490417588184,0.48663183531815024,0.8896306241319407,DISRUPTIVE,121
NOVEL_SUM_W4285744692,2022,0.8693745732307434,0.9953051643192488,213.0,425,210,6.054439346269371,0.9953051633239436,0.6958843442011797,0.6511945815471025,0.7512995317603247,213.0,1.9614757,1.1407093,0.0,0.0,0.4460642,210.0,0.29999999999999993,0.9999999999999999,0.7230321019887924,0.8895941445970782,DISRUPTIVE,122
NOVEL_SA_16,2021,0.9547176361083984,0.66,200.0,99,45,4.605170185988092,0.65999999934,0.8945758392504036,0.4953161970423486,0.8077347070475174,200.0,2.1196692,1.4883324,0.0,0.0,0.605305,17.0,0.5883421491174137,0.5769230918618858,0.591114053951344,0.8895018975257074,DISRUPTIVE,123
NOVEL_MT_W4387230320,2023,0.8998745083808899,0.6778523489932886,298.0,727,378,6.590301048196686,0.6778523483154362,0.7668927836636175,0.7088300151184526,0.7432784197394647,298.0,1.9979553,1.2613502,0.0,0.0,0.4827853,378.0,0.29999999999999993,0.9999999999999999,0.741392657160759,0.8894552210972998,DISRUPTIVE,124
NOVEL_QA_13,2021,0.94090473651886,0.7666666666666667,30.0,122,48,4.812184355372417,0.7666666659,0.862417330077319,0.5175819259887641,0.8087836568329996,30.0,2.1828668,1.4536995,0.0,0.0,0.668921,7.0,0.6359752697604043,0.5070322574199184,0.587976625612425,0.8892322078867874,DISRUPTIVE,125
NOVEL_DIA_W4376872703,2023,0.913109302520752,0.6991869918699187,246.0,282,44,5.645446897643238,0.6991869911707317,0.7977053763413335,0.6072047666019534,0.7589516383332751,246.0,1.9208974,1.3187625,0.0,0.0,0.4052172,44.0,0.30000000000000004,0.9999999999999997,0.702608600258827,0.8885900246019983,DISRUPTIVE,126
NOVEL_DIA_W4376626501,2023,0.9387954473495485,0.7198697068403909,307.0,392,47,5.973809611869261,0.7198697061205211,0.8575065874298182,0.642522325843478,0.8084807850093247,307.0,1.686822,1.3594625,0.0,0.0,0.16959222,47.0,0.3000000000000001,0.9999999999999997,0.584796108305454,0.8877126041236554,DISRUPTIVE,127
NOVEL_SA_15,2021,0.94090473651886,0.7666666666666667,30.0,122,48,4.812184355372417,0.7666666659,0.862417330077319,0.5175819259887641,0.8087836568329996,30.0,2.1745768,1.4751496,0.0,0.0,0.66057605,7.0,0.6359752672059196,0.5070322611680472,0.5838041533406002,0.887601091702282,DISRUPTIVE,128
NOVEL_DIA_16,2021,0.9753352403640748,0.7432432432432432,74.0,37,46,3.6375861597263857,0.7432432424999998,0.9425767250372924,0.391246201613061,0.8475769761874107,74.0,2.1327293,1.4496813,0.0,0.0,0.61845154,2.0,0.7313356995582581,0.36711238819133357,0.49278196194654267,0.8874038919697247,DISRUPTIVE,129
NOVEL_MT_167,2021,0.9851174354553224,0.7205882352941176,204.0,28,34,3.367295829986474,0.7205882345735294,0.9653511474918685,0.3621747074408277,0.8560809209030964,204.0,2.137013,1.4319135,0.0,0.0,0.6227636,2.0,0.7616737723350524,0.3225981259908093,0.4726808500570959,0.8873028093101245,DISRUPTIVE,130
NOVEL_QA_86,2021,0.9870901107788086,0.6257309941520468,171.0,11,51,2.4849066497880004,0.6257309935263158,0.9699438325450412,0.2672679753558662,0.8308336790223786,171.0,2.0490963,1.4138578,0.0,0.0,0.5342649,6.0,0.6216854105393091,0.5279993948137929,0.5311321584779108,0.8871234058084827,DISRUPTIVE,131
NOVEL_DIA_W4389519254,2023,0.9440005421638488,0.6714285714285714,140.0,467,35,6.148468295917647,0.6714285707571428,0.8696248315571575,0.6613080105563885,0.8091538972970777,140.0,1.6793332,1.3489726,0.0,0.0,0.16205378,35.0,0.30000000000000004,0.9999999999999997,0.5810268893837927,0.8868531111714758,DISRUPTIVE,132
NOVEL_SA_42,2021,0.9472902417182922,0.7631578947368421,114.0,20,53,3.044522437723423,0.7631578939736842,0.8772837472404647,0.3274583163618105,0.7994760334992431,114.0,2.194455,1.4943372,0.0,0.0,0.6805858,7.0,0.622711020708084,0.5264945437870233,0.6035401726942167,0.8868263724611191,DISRUPTIVE,133
NOVEL_QA_75,2021,0.9775126576423644,0.7037037037037037,108.0,3,33,1.3862943611198906,0.703703703,0.9476460801762048,0.1491050326479578,0.8190034999881391,108.0,2.1119525,1.4798257,0.0,0.0,0.5975372,5.0,0.6289100193977355,0.5173989148364948,0.5574680671804392,0.886627776817708,DISRUPTIVE,134
NOVEL_QA_W4388424540,2023,0.9136527180671692,0.7205882352941176,408.0,341,90,5.834810737062605,0.7205882345735294,0.7989705295208652,0.6275720870288779,0.7661542262821993,408.0,1.8763931,1.2703068,0.0,0.0,0.3604183,90.0,0.29999999999999993,0.9999999999999999,0.680209144949913,0.8864034282601004,DISRUPTIVE,135
NOVEL_QA_15,2021,0.9547176361083984,0.66,200.0,99,45,4.605170185988092,0.65999999934,0.8945758392504036,0.4953161970423486,0.8077347070475174,200.0,2.1018593,1.4808944,0.0,0.0,0.5873772,17.0,0.5883421417544871,0.5769231026653159,0.5821501466276103,0.8859976982501651,DISRUPTIVE,136
NOVEL_DIA_22,2021,0.9429818987846376,0.8571428571428571,35.0,27,55,3.332204510175204,0.8571428562857142,0.8672532764580909,0.3584004063018599,0.8143459054079925,35.0,2.225833,1.540372,0.0,0.0,0.71217155,3.0,0.6953009744485219,0.4199851996470949,0.5660783771062623,0.8857453025943295,DISRUPTIVE,137
NOVEL_DIA_W4320495408,2023,0.9274331331253052,0.6363636363636364,77.0,1055,22,6.962243464266207,0.6363636357272726,0.8310534098157177,0.748834856547949,0.7838935996712518,77.0,1.7897682,1.3627313,0.0,0.0,0.2732199,22.0,0.29999999999999993,0.9999999999999999,0.6366099566221237,0.8855405368159296,DISRUPTIVE,138
NOVEL_SA_46,2021,0.9376837611198424,0.8045454545454546,220.0,7,52,2.079441541679836,0.804545453740909,0.8549184145712629,0.2236575489719367,0.7817177358452596,220.0,2.2085798,1.4493117,0.0,0.0,0.6948042,8.0,0.5809968382120133,0.5877006748017443,0.6412524331955498,0.8853706654343955,DISRUPTIVE,139
NOVEL_MT_W4282015487,2022,0.8556644320487976,1.0,190.0,507,185,6.230481447578482,0.999999999,0.6639650720667603,0.6701290618416813,0.7317884564309002,190.0,2.029647,1.3795007,0.0,0.0,0.51468694,185.0,0.29999999999999993,0.9999999999999999,0.7573434710502625,0.8852101468544644,DISRUPTIVE,140
NOVEL_SUM_46,2021,0.9360116124153136,0.7872340425531915,141.0,129,73,4.867534450455582,0.7872340417659575,0.8510254007181774,0.523535191013788,0.8055181079572944,141.0,2.110798,1.4303125,0.0,0.0,0.5963749,13.0,0.5908195046278146,0.5732881327936139,0.5848315308724387,0.8850240335541522,DISRUPTIVE,141
NOVEL_DIA_W4389523957,2023,0.9412237405776978,0.830220713073005,589.0,440,14,6.089044875446846,0.8302207122427843,0.8631600195384193,0.6549166327236211,0.8357478193978125,589.0,1.5431057,1.29623,0.0,0.0,0.02492441,14.0,0.29999999999999993,0.9999999999999999,0.5124622052535415,0.8843073414535756,DISRUPTIVE,142
NOVEL_SUM_15,2021,0.973110854625702,0.575,40.0,35,34,3.58351893845611,0.5749999994249999,0.9373980202542564,0.3854309180637747,0.8097217058693569,40.0,2.1302207,1.5012616,0.0,0.0,0.6159263,5.0,0.6201382768154143,0.5302694637384546,0.5730978945298261,0.8842714121106978,DISRUPTIVE,143
NOVEL_MT_89,2021,0.9853367805480956,0.675,120.0,67,25,4.219507705176107,0.674999999325,0.9658618158806664,0.453835672843931,0.8564868382658596,120.0,2.0077586,1.4223799,0.0,0.0,0.49265352,3.0,0.6858799656232198,0.43380839995808257,0.4632309594366295,0.8839788870862286,DISRUPTIVE,144
NOVEL_QA_37,2021,0.9498823285102844,0.74235807860262,229.0,19,26,2.995732273553991,0.7423580778602619,0.8833185154176579,0.3222106148451532,0.7990156378489282,229.0,2.1778219,1.4863089,0.0,0.0,0.6638427,4.0,0.6201306864619255,0.5302806008659803,0.5970616394680244,0.8838738117761429,DISRUPTIVE,145
NOVEL_MT_181,2021,0.9434933662414552,0.7714285714285715,35.0,4,44,1.6094379124341005,0.7714285706571429,0.8684440496766453,0.1731055821971953,0.7795071071247998,35.0,2.256153,1.4841617,0.0,0.0,0.7426925,9.0,0.6121966805722978,0.541921960588129,0.642307215569333,0.8837665702380709,DISRUPTIVE,146
NOVEL_QA_60,2021,0.9472902417182922,0.7631578947368421,114.0,20,53,3.044522437723423,0.7631578939736842,0.8772837472404647,0.3274583163618105,0.7994760334992431,114.0,2.1759303,1.4631782,0.0,0.0,0.66193855,7.0,0.6227110079356601,0.5264945625276675,0.5942165553078707,0.883181554179234,DISRUPTIVE,147
NOVEL_QA_10,2021,0.9445055723190308,0.7833333333333333,120.0,22,51,3.1354942159291497,0.7833333325499999,0.8708006177686497,0.3372429265714705,0.7999513916052019,120.0,2.1207273,1.456284,0.0,0.0,0.6063701,7.0,0.5890879494803292,0.5758287984587314,0.5910994449485124,0.8823966032973946,DISRUPTIVE,148
NOVEL_DIA_W4323568782,2023,0.9214321374893188,0.6261682242990654,107.0,287,22,5.662960480135946,0.6261682236728972,0.8170821887873922,0.6090884670357115,0.758100023589325,107.0,1.8930199,1.3416648,0.0,0.0,0.37715518,22.0,0.29999999999999993,0.9999999999999999,0.6885775923728943,0.8823281742984399,DISRUPTIVE,149
NOVEL_DIA_34,2021,0.9449220895767212,0.7616279069767442,172.0,39,70,3.688879454113936,0.7616279062151162,0.8717703326330313,0.3967631311691321,0.8022411272030584,172.0,2.1643534,1.4207841,0.0,0.0,0.650285,4.0,0.6281407594680786,0.5185276298495096,0.5844063177094838,0.8818686963779637,DISRUPTIVE,150
NOVEL_QA_76,2021,0.9901435971260072,0.6447368421052632,152.0,32,49,3.49650756146648,0.6447368414605262,0.9770528083303024,0.3760722749280544,0.8504915616161224,152.0,1.9323689,1.3499246,0.0,0.0,0.41676465,4.0,0.6225857123732566,0.5266784054355025,0.4717215261020362,0.8818294302371243,DISRUPTIVE,151
NOVEL_MT_243,2021,0.9837738275527954,0.6143790849673203,153.0,16,38,2.833213344056216,0.6143790843529412,0.9622230260733092,0.3047306401959732,0.8269049991415021,153.0,1.9924005,1.473332,0.0,0.0,0.47719374,9.0,0.589537732468711,0.5751688436216041,0.526181293306049,0.8816044362552717,DISRUPTIVE,152
NOVEL_SA_31,2021,0.9498823285102844,0.74235807860262,229.0,19,26,2.995732273553991,0.7423580778602619,0.8833185154176579,0.3222106148451532,0.7990156378489282,229.0,2.1657653,1.4533359,0.0,0.0,0.6517063,4.0,0.6201306909322739,0.5302805943067548,0.590993436315441,0.8815016104220721,DISRUPTIVE,153
NOVEL_SA_58,2021,0.9482820630073548,0.6875,144.0,173,59,5.159055299214529,0.6874999993124999,0.8795928564767714,0.554890166472715,0.8087040160435115,144.0,2.0492315,1.4384328,0.0,0.0,0.534401,21.0,0.5723647358871643,0.6003663331992678,0.5673836663726595,0.8811092978269742,DISRUPTIVE,154
NOVEL_MT_96,2021,0.9843071103096008,0.628099173553719,121.0,7,48,2.079441541679836,0.6280991729256198,0.9634645885935756,0.2236575489719367,0.8224108014978205,121.0,1.9962922,1.3945636,0.0,0.0,0.48111123,10.0,0.5802588975429536,0.588783435881284,0.534947332173659,0.8809318832755282,DISRUPTIVE,155
NOVEL_QA_40,2021,0.945486545562744,0.75,208.0,26,42,3.295836866004329,0.7499999992499999,0.8730844711226837,0.3544888281237253,0.7966080124482512,208.0,2.1360495,1.4523017,0.0,0.0,0.62179375,8.0,0.5943083688616754,0.5681690133811607,0.5949813801647015,0.8808644647432008,DISRUPTIVE,156
NOVEL_QA_22,2021,0.9366621971130372,0.7916666666666666,120.0,21,43,3.091042453358316,0.7916666658749999,0.8525400598115845,0.3324618485441248,0.7883575598975215,120.0,2.171064,1.4926679,0.0,0.0,0.65703994,9.0,0.5929850982295142,0.5701106138353376,0.6135752770962729,0.8806075660405378,DISRUPTIVE,157
NOVEL_MT_177,2021,0.9396950006484984,0.782608695652174,92.0,22,57,3.1354942159291497,0.7826086948695652,0.8596008828982274,0.3372429265714705,0.7919666496598193,92.0,2.2256773,1.3851303,0.0,0.0,0.71201485,6.0,0.6421727339426676,0.49793888001202175,0.6049768669831684,0.8805382941896468,DISRUPTIVE,158
NOVEL_SA_0,2021,0.9733633995056152,0.7431192660550459,109.0,21,52,3.091042453358316,0.7431192653119265,0.937985982744294,0.3324618485441248,0.8384602258378034,109.0,2.051652,1.2945317,0.0,0.0,0.53683746,3.0,0.6723716219266255,0.4536288400245639,0.49523314931754925,0.8800462365925217,DISRUPTIVE,159
NOVEL_MT_185,2021,0.97734797000885,0.6743119266055045,218.0,22,44,3.1354942159291497,0.6743119259311926,0.9472626625788542,0.3372429265714705,0.8316705416485835,218.0,2.0152407,1.4392997,0.0,0.0,0.5001851,4.0,0.6263220384716988,0.521196191689218,0.5106906320556228,0.8798956867137849,DISRUPTIVE,160
NOVEL_DIA_W4321504196,2023,0.9092124700546264,0.6764705882352942,34.0,286,4,5.659482215759621,0.6764705875588235,0.7886329638622922,0.6087143569347578,0.7482086279088449,34.0,1.9254586,1.3445015,0.0,0.0,0.40980858,4.0,0.3,0.9999999999999997,0.7049042880535124,0.8796881810101168,DISRUPTIVE,161
NOVEL_MT_47,2021,0.9884319305419922,0.6494845360824743,97.0,11,26,2.4849066497880004,0.6494845354329897,0.9730677909060826,0.2672679753558662,0.8377711582564423,97.0,2.1412537,1.47817,0.0,0.0,0.6270324,2.0,0.7331204056739807,0.3644937354980443,0.4957630673377978,0.8796248580054599,DISRUPTIVE,162
NOVEL_MT_207,2021,0.9858528971672058,0.6470588235294118,102.0,5,18,1.791759469228055,0.647058822882353,0.9670634130487664,0.1927154590318873,0.8256276996137957,102.0,2.195776,1.5300453,0.0,0.0,0.68191564,2.0,0.7333544820547104,0.36415028133523664,0.5230329610831151,0.8792085861453091,DISRUPTIVE,163
NOVEL_SUM_47,2021,0.9865371584892272,0.5490196078431373,51.0,209,51,5.3471075307174685,0.5490196072941177,0.9686564763920832,0.5751164148829848,0.8453750964215803,51.0,1.9728521,1.434845,0.0,0.0,0.4575159,5.0,0.6436272966861725,0.49580463807029185,0.4766602667184803,0.8790930936944341,DISRUPTIVE,164
NOVEL_MT_172,2021,0.9809679985046388,0.6859903381642513,207.0,13,38,2.6390573296152584,0.6859903374782609,0.9556906337542056,0.283847889977881,0.8345663001213841,207.0,2.0698211,1.4161175,0.0,0.0,0.5551269,3.0,0.6767597635587056,0.4471902343616207,0.5011585699014525,0.8788107605525404,DISRUPTIVE,165
NOVEL_QA_35,2021,0.9902083277702332,0.6834170854271356,199.0,13,34,2.6390573296152584,0.6834170847437185,0.9772035110124312,0.283847889977881,0.8491106636552337,199.0,2.0762193,1.4018755,0.0,0.0,0.5615674,2.0,0.7280521124601365,0.37193030982134057,0.4667488677745924,0.8786259110033278,DISRUPTIVE,166
NOVEL_SA_11,2021,0.9407485723495485,0.7610062893081762,159.0,3,42,1.3862943611198906,0.7610062885471698,0.8620537563874678,0.1491050326479578,0.7705493904454572,159.0,2.2505074,1.325123,0.0,0.0,0.73700935,11.0,0.5987120379101145,0.5617076247455419,0.6493584856153399,0.878352257086865,DISRUPTIVE,167
NOVEL_DIA_W4319460874,2023,0.937935471534729,0.6982248520710059,169.0,1904,21,7.552237287560802,0.698224851372781,0.8555044343011263,0.8122925540988273,0.8197273296952274,169.0,1.5853285,1.3183529,0.0,0.0,0.06742668,21.0,0.29999999999999993,0.9999999999999999,0.5337133407592773,0.87800174755676,DISRUPTIVE,168
NOVEL_QA_64,2021,0.973040759563446,0.609375,128.0,11,49,2.4849066497880004,0.609374999390625,0.9372348283995748,0.2672679753558662,0.8046661772934138,128.0,2.063931,1.3014145,0.0,0.0,0.5491978,8.0,0.5805675372481347,0.5883305768990076,0.5687641849529523,0.8779658433161897,DISRUPTIVE,169
NOVEL_DIA_W4323848232,2023,0.9179856181144714,0.6858974358974359,156.0,710,99,6.566672429803241,0.6858974352115385,0.8090581729598112,0.7062886025470744,0.774149068368883,156.0,1.7958724,1.3460132,0.0,0.0,0.27936456,99.0,0.29999999999999993,0.9999999999999999,0.6396822780370712,0.8778530641615665,DISRUPTIVE,170
NOVEL_SUM_70,2021,0.9879159927368164,0.6464088397790055,181.0,7,31,2.079441541679836,0.6464088391325966,0.9718666100437348,0.2236575489719367,0.8319541497543274,181.0,2.0231028,1.4206227,0.0,0.0,0.50809926,4.0,0.6409408867359161,0.49974633726073214,0.5039227976033733,0.8775086775593831,DISRUPTIVE,171
NOVEL_MT_268,2021,0.945300281047821,0.8372093023255814,43.0,0,28,0.0,0.837209301488372,0.872650819297957,0.0,0.7782974338062442,43.0,2.2602038,1.495166,0.0,0.0,0.74677,6.0,0.6376065532366434,0.5046387177603975,0.6257043710300095,0.8761727247340795,DISRUPTIVE,172
NOVEL_SUM_20,2021,0.9444537162780762,0.8173913043478261,115.0,6,64,1.9459101490553128,0.8173913035304348,0.8706798891006456,0.2092953736539021,0.793883720441929,115.0,2.2440927,1.4389931,0.0,0.0,0.73055226,4.0,0.6764838263392448,0.4475951098403083,0.5890736829738193,0.8760700347207668,DISRUPTIVE,173
NOVEL_DIA_8,2021,0.985718548297882,0.6993865030674846,163.0,18,28,2.9444389791664403,0.6993865023680981,0.9667506286606268,0.3166936852890821,0.8482721090649665,163.0,2.0981777,1.408031,0.0,0.0,0.58367115,2.0,0.7502391666173935,0.3393758244563762,0.4615234885240408,0.8758182980379876,DISRUPTIVE,174
NOVEL_DIA_51,2021,0.9574536085128784,0.7786885245901639,122.0,35,55,3.58351893845611,0.7786885238114754,0.900945594789162,0.3854309180637747,0.824942712921086,122.0,2.2079723,1.4674172,0.0,0.0,0.6941927,2.0,0.75173519551754,0.3371807403054931,0.515686723922049,0.8757119582231382,DISRUPTIVE,175
NOVEL_SUM_23,2021,0.9879177212715148,0.7,90.0,23,35,3.1780538303479458,0.6999999992999999,0.971870634332668,0.3418204916798452,0.854491493060852,90.0,2.086635,1.4676421,0.0,0.0,0.5720522,2.0,0.7625902384519577,0.3212534191821083,0.44665279997458385,0.8756780377050644,DISRUPTIVE,176
NOVEL_SUM_W4389519254,2023,0.9440005421638488,0.6714285714285714,140.0,467,35,6.148468295917647,0.6714285707571428,0.8696248315571575,0.6613080105563885,0.8091538972970777,140.0,1.6178755,1.289122,0.0,0.0,0.10018916,35.0,0.30000000000000004,0.9999999999999997,0.5500945784151552,0.8747609533911119,DISRUPTIVE,177
NOVEL_QA_27,2021,0.9441213607788086,0.7573529411764706,136.0,4,38,1.6094379124341005,0.7573529404191176,0.8699061154767488,0.1731055821971953,0.7777154271372672,136.0,2.2277281,1.3571777,0.0,0.0,0.7140793,6.0,0.619880003730456,0.5306484210937144,0.622363870762235,0.8743359659224913,DISRUPTIVE,178
NOVEL_MT_117,2021,0.942959189414978,0.7478991596638656,238.0,36,49,3.610917912644224,0.7478991589159664,0.8672004056276199,0.3883778570800592,0.7954579014305331,238.0,2.165643,1.4549105,0.0,0.0,0.65158314,6.0,0.6340579966704051,0.5098454221738614,0.5807142786509414,0.8742380453594878,DISRUPTIVE,179
NOVEL_MT_290,2021,0.9757393002510072,0.6666666666666666,57.0,2,27,1.0986122886681098,0.6666666659999999,0.9435174372676364,0.1181629427079084,0.8056118335581361,57.0,2.1105394,1.4733578,0.0,0.0,0.59611475,4.0,0.6315336912870406,0.5135492695650916,0.5548320121209552,0.8733820180787583,DISRUPTIVE,180
NOVEL_SA_20,2021,0.973110854625702,0.575,40.0,35,34,3.58351893845611,0.5749999994249999,0.9373980202542564,0.3854309180637747,0.8097217058693569,40.0,2.0709414,1.4373039,0.0,0.0,0.5562546,5.0,0.6201382768154143,0.5302694637384546,0.5432620445294446,0.8726078863533858,DISRUPTIVE,181
NOVEL_QA_7,2021,0.9876142740249634,0.7142857142857143,21.0,10,19,2.3978952727983707,0.7142857135714286,0.971164163471969,0.2579093322201459,0.8484629903666786,21.0,1.9667286,1.5276214,0.0,0.0,0.45135182,4.0,0.6727650955319404,0.4530515064752367,0.4522016639489068,0.8723482937729402,DISRUPTIVE,182
NOVEL_MT_W4292731246,2022,0.8694731593132019,1.0,150.0,278,57,5.631211781821365,0.999999999,0.6961138674389712,0.6056736867181305,0.7478470756790928,150.0,1.8896922,1.328715,0.0,0.0,0.37380543,57.0,0.30000000000000004,0.9999999999999997,0.6869027167558668,0.8723211579186749,DISRUPTIVE,183
NOVEL_SUM_61,2021,0.9405760765075684,0.7573529411764706,136.0,35,69,3.58351893845611,0.7573529404191176,0.8616521601056244,0.3854309180637747,0.7931701919641381,136.0,2.11495,1.4716312,0.0,0.0,0.60055447,10.0,0.6008950251340867,0.5585045845793709,0.5795295254134647,0.8716881542306725,DISRUPTIVE,184
NOVEL_QA_46,2021,0.9451032876968384,0.7346938775510204,147.0,49,58,3.912023005428146,0.7346938768163265,0.8721921891281257,0.4207636807183696,0.7995496758247902,147.0,2.1989534,1.4265795,0.0,0.0,0.6851141,4.0,0.6797281861305238,0.4428347454135903,0.5639744155439381,0.8714263734806317,DISRUPTIVE,185
NOVEL_QA_W4319460874,2023,0.937935471534729,0.6982248520710059,169.0,1904,21,7.552237287560802,0.698224851372781,0.8555044343011263,0.8122925540988273,0.8197273296952274,169.0,1.5514238,1.2940568,0.0,0.0,0.033297546,21.0,0.29999999999999993,0.9999999999999999,0.5166487731039524,0.8713308122764603,DISRUPTIVE,186
NOVEL_DIA_69,2021,0.948009192943573,0.7303370786516854,89.0,7,30,2.079441541679836,0.7303370779213483,0.878957573899619,0.2236575489719367,0.7837034722111967,89.0,2.1898212,1.4819086,0.0,0.0,0.6759215,5.0,0.6250344169139861,0.5230854851870869,0.5995034924581217,0.8708613338068572,DISRUPTIVE,187
NOVEL_MT_W4315865958,2023,0.8940151929855347,0.671875,192.0,673,167,6.513230110912307,0.671874999328125,0.7532514155592523,0.7005405313390389,0.7317050438910054,192.0,1.9564675,1.2964641,0.0,0.0,0.44102284,167.0,0.3,0.9999999999999997,0.7205114215612409,0.8707355593602739,DISRUPTIVE,188
NOVEL_SA_8,2021,0.9761104583740234,0.7117903930131004,229.0,11,49,2.4849066497880004,0.71179039230131,0.94438154923966,0.2672679753558662,0.8301519604636106,229.0,2.1213691,1.420269,0.0,0.0,0.60701615,2.0,0.7307686984539031,0.36794433411001265,0.48748024014651326,0.8694370261096891,DISRUPTIVE,189
NOVEL_DIA_45,2021,0.9257707595825196,0.8164251207729468,207.0,72,69,4.290459441148391,0.8164251199565217,0.8271831540103942,0.4614669964684681,0.7884599314454271,207.0,2.2461398,1.2726692,0.0,0.0,0.73261285,3.0,0.685390039285024,0.4345272560844373,0.5835700521831488,0.8689712063304298,DISRUPTIVE,190
NOVEL_DIA_28,2021,0.9536808729171752,0.7193877551020408,196.0,2,48,1.0986122886681098,0.719387754382653,0.8921620985018268,0.1181629427079084,0.7802073140986002,196.0,2.1784353,1.4525547,0.0,0.0,0.6644602,6.0,0.6127873520056407,0.5410552838136472,0.6027577330017944,0.8689444568933645,DISRUPTIVE,191
NOVEL_SA_18,2021,0.953338623046875,0.7085714285714285,175.0,39,40,3.688879454113936,0.708571427862857,0.8913652892930006,0.3967631311691321,0.805346301194585,175.0,2.0577123,1.4746239,0.0,0.0,0.54293793,7.0,0.6102378700460706,0.5447960721379016,0.5438670032682764,0.8688533353645773,DISRUPTIVE,192
NOVEL_DIA_W4366989525,2023,0.915643572807312,0.6428571428571429,140.0,606,65,6.408528791059498,0.6428571422142857,0.8036055389921315,0.6892792190573342,0.7600232276430826,140.0,1.8155824,1.2938937,0.0,0.0,0.299205,65.0,0.3,0.9999999999999997,0.6496025025844572,0.8688461662356057,DISRUPTIVE,193
NOVEL_QA_16,2021,0.9533385038375854,0.7085714285714285,175.0,39,40,3.688879454113936,0.708571427862857,0.8913650117558328,0.3967631311691321,0.8053461069185676,175.0,2.0543802,1.4612099,0.0,0.0,0.53958374,7.0,0.6102378674915858,0.5447960758860304,0.5421899092522956,0.8681975432066972,DISRUPTIVE,194
NOVEL_MT_W4323666400,2023,0.902859091758728,0.6580645161290323,155.0,477,107,6.169610732491456,0.6580645154709677,0.7738413429658755,0.663582017999547,0.739660044970261,155.0,1.9063364,1.3006817,0.0,0.0,0.39055985,107.0,0.29999999999999993,0.9999999999999999,0.6952799260616302,0.8681281695585059,DISRUPTIVE,195
NOVEL_DIA_44,2021,0.9518522024154664,0.7278481012658228,158.0,85,48,4.454347296253507,0.7278481005379747,0.8879046783473873,0.4790942080271385,0.81501231575348,158.0,2.1085594,1.4579551,0.0,0.0,0.59412163,4.0,0.6801088720560073,0.44227617489305326,0.5181989049266139,0.8676359753765245,DISRUPTIVE,196
NOVEL_DIA_W4362581834,2023,0.93764990568161,0.6906077348066298,181.0,776,79,6.655440350367647,0.690607734116022,0.8548395940156005,0.7158361734418698,0.8080928799783117,181.0,1.5836588,1.3805555,0.0,0.0,0.06574598,79.0,0.30000000000000004,0.9999999999999997,0.5328729897737501,0.8670608236492248,DISRUPTIVE,197
NOVEL_MT_122,2021,0.9515420794487,0.6936170212765957,235.0,7,68,2.079441541679836,0.6936170205829787,0.8871826654052896,0.2236575489719367,0.7821170247974921,235.0,2.136654,1.4576151,0.0,0.0,0.62240213,13.0,0.6002896185104662,0.5593928819138801,0.5908975067356723,0.8660499698456763,DISRUPTIVE,198
NOVEL_MT_257,2021,0.9369400143623352,0.77,100.0,20,40,3.044522437723423,0.76999999923,0.8531868601812012,0.3274583163618105,0.7839766336090218,100.0,2.1452765,1.3776909,0.0,0.0,0.6310819,8.0,0.6121425174176693,0.5420014327709693,0.5865416559549579,0.866043416583689,DISRUPTIVE,199
NOVEL_SUM_38,2021,0.9729690551757812,0.618421052631579,228.0,122,45,4.812184355372417,0.6184210520131579,0.9370678897931278,0.5175819259887641,0.8313899258566974,228.0,1.9934661,1.3957701,0.0,0.0,0.47826642,3.0,0.6612703045209248,0.46991751325059006,0.4740919656153921,0.8653324543079595,DISRUPTIVE,200
NOVEL_DIA_59,2021,0.9629300832748412,0.59375,160.0,60,39,4.110873864173311,0.59374999940625,0.913695652279056,0.4421513921718883,0.802552095693778,160.0,2.0613081,1.4532158,0.0,0.0,0.54655755,4.0,0.6168419495224953,0.5351060787237012,0.5408318121928137,0.8651180627237108,DISRUPTIVE,201
NOVEL_DIA_W4322631505,2023,0.9093977212905884,0.7230769230769231,65.0,371,7,5.918893854273146,0.7230769223538461,0.7890642566210929,0.6366157766581799,0.7606219417713523,65.0,1.7931646,1.3029099,0.0,0.0,0.2766388,7.0,0.3,0.9999999999999997,0.6383194029331205,0.8649814604468956,DISRUPTIVE,202
NOVEL_MT_282,2021,0.9410702586174012,0.7164179104477612,67.0,123,46,4.820281565605037,0.7164179097313432,0.8628026904348445,0.5184528339502715,0.7990907486456869,67.0,2.054185,1.4225254,0.0,0.0,0.53938717,9.0,0.6049410906102921,0.5525678983299377,0.5459775324150147,0.8639723621420633,DISRUPTIVE,203
NOVEL_SA_22,2021,0.9415634274482728,0.7972972972972973,74.0,5,51,1.791759469228055,0.7972972964999999,0.8639508616981377,0.1927154590318873,0.7834966083918851,74.0,2.1136546,1.4745771,0.0,0.0,0.5992506,15.0,0.5970858124891917,0.5640937428525394,0.5816721787478182,0.8637019680256923,DISRUPTIVE,204
NOVEL_QA_W4406152279,2025,0.935184121131897,0.5854545454545454,275.0,487,57,6.190315405853148,0.5854545448690909,0.8490988764677184,0.6658089411438252,0.7780410166156037,275.0,1.7052267,1.2430423,0.0,0.0,0.18811867,57.0,0.30000000000000004,0.9999999999999997,0.5940593332052229,0.863568053498852,DISRUPTIVE,205
NOVEL_MT_280,2022,0.977790355682373,0.5535714285714286,56.0,10,35,2.3978952727983707,0.5535714280178571,0.948292603008654,0.2579093322201459,0.8003100409316439,56.0,2.0829976,1.4881986,0.0,0.0,0.56839055,4.0,0.6315267175436019,0.5135595019567875,0.5409750250930025,0.8631289484845265,DISRUPTIVE,206
NOVEL_MT_266,2021,0.985716998577118,0.6756756756756757,74.0,18,41,2.9444389791664403,0.6756756749999999,0.9667470206774458,0.3166936852890821,0.8435274180031201,74.0,1.9494765,1.45072,0.0,0.0,0.43398553,3.0,0.6778992017110189,0.44551836650612026,0.4397519489181144,0.8629794087625263,DISRUPTIVE,207
NOVEL_DIA_W4379054888,2023,0.9355481266975404,0.6866359447004609,217.0,286,40,5.659482215759621,0.6866359440138249,0.8499463362096733,0.6087143569347578,0.793161059843012,217.0,1.6312118,1.3118602,0.0,0.0,0.11361375,40.0,0.3,0.9999999999999997,0.5568068735301492,0.8627970126940527,DISRUPTIVE,208
NOVEL_MT_93,2021,0.9523439407348632,0.7077922077922078,308.0,29,48,3.4011973816621555,0.7077922070844155,0.8890495191646661,0.3658210412290827,0.8004752089550576,308.0,2.0529795,1.4577093,0.0,0.0,0.53817374,10.0,0.6131432110071183,0.5405331411905895,0.5393534381661718,0.8626456912375311,DISRUPTIVE,209
NOVEL_QA_26,2021,0.96046781539917,0.7714285714285715,35.0,2,37,1.0986122886681098,0.7714285706571429,0.907963122077625,0.1181629427079084,0.8016761938565569,35.0,2.0718575,1.4553707,0.0,0.0,0.5571767,5.0,0.6309855484962463,0.5143535451725852,0.5357651271738475,0.8623384205690471,DISRUPTIVE,210
NOVEL_DIA_53,2021,0.9458462595939636,0.7089552238805971,134.0,15,53,2.772588722239781,0.7089552231716418,0.8739219395265969,0.2982100652959156,0.7833574088325377,134.0,2.1592948,1.5086386,0.0,0.0,0.645193,5.0,0.6345671665668486,0.5090983304768489,0.5771456556215726,0.8618054736993376,DISRUPTIVE,211
NOVEL_MT_112,2021,0.929838001728058,0.8095238095238095,126.0,8,34,2.19722457733622,0.8095238087142856,0.8366523058708416,0.2363258854158169,0.771193964394028,126.0,2.1981702,1.4765682,0.0,0.0,0.6843257,6.0,0.6228498677412669,0.5262908171598792,0.6053082560988605,0.8617199514795468,DISRUPTIVE,212
NOVEL_MT_W4280531467,2022,0.844420313835144,1.0,246.0,302,208,5.713732805509369,0.999999999,0.6377870725545587,0.6145493629642654,0.7079058868846175,246.0,2.02076,1.4056641,0.0,0.0,0.505741,208.0,0.29999999999999993,0.9999999999999999,0.752870500087738,0.8616769746086658,DISRUPTIVE,213
NOVEL_SUM_W4388522045,2023,0.8866356015205383,0.8181818181818182,66.0,1956,14,7.579167967396076,0.8181818173636364,0.7360706159536113,0.8151891249922026,0.7604047071394754,66.0,1.7760295,1.3602725,0.0,0.0,0.2593902,14.0,0.29999999999999993,0.9999999999999999,0.6296951025724411,0.861411869945842,DISRUPTIVE,214
NOVEL_DIA_W4381930847,2023,0.9295874834060668,0.654320987654321,81.0,414,11,6.028278520230698,0.654320987,0.8360690615126561,0.6483808134686962,0.7809506218057289,81.0,1.6762458,1.3547258,0.0,0.0,0.15894595,11.0,0.29999999999999993,0.9999999999999999,0.5794729739427567,0.8605199157123121,DISRUPTIVE,215
NOVEL_QA_43,2021,0.9851803779602052,0.7301587301587301,63.0,27,38,3.332204510175204,0.7301587294285713,0.9654976871164802,0.3584004063018599,0.8577201674974364,63.0,2.2080913,1.5158812,0.0,0.0,0.69431245,1.0,0.9127601861953736,0.1009129750915861,0.3976127141807723,0.8594521794484076,DISRUPTIVE,216
NOVEL_MT_81,2021,0.9413436055183412,0.7424242424242424,66.0,24,63,3.218875824868201,0.7424242416818181,0.8634390831606679,0.3462111643943907,0.7875133229882703,66.0,2.0912912,1.4517531,0.0,0.0,0.57673913,10.0,0.6095013523101807,0.5458767453847474,0.5613079388945375,0.8594049771117128,DISRUPTIVE,217
NOVEL_SA_21,2021,0.950692653656006,0.823076923076923,130.0,8,24,2.19722457733622,0.8230769222538461,0.8852050743159506,0.2363258854158169,0.8078915250135162,130.0,2.1209004,1.4613779,0.0,0.0,0.6065443,3.0,0.6948065241177876,0.42071069370960096,0.5136275047622865,0.8593536504314522,DISRUPTIVE,218
NOVEL_DIA_W4360980141,2023,0.92762291431427,0.7178217821782178,202.0,1061,19,6.967909201801884,0.717821781460396,0.8314952489868955,0.7494442437054857,0.8005554549534546,202.0,1.5792117,1.1911741,0.0,0.0,0.061269436,19.0,0.3,0.9999999999999997,0.5306347180157898,0.8593105380326234,DISRUPTIVE,219
NOVEL_SUM_69,2021,0.9375076293945312,0.8080808080808081,99.0,13,33,2.6390573296152584,0.8080808072727272,0.8545083534058013,0.283847889977881,0.7881567978363945,99.0,2.201967,1.4782752,0.0,0.0,0.68814766,3.0,0.6891582866509754,0.4289982050956512,0.5585729345828903,0.8589227487248531,DISRUPTIVE,220
NOVEL_QA_53,2021,0.9382528066635132,0.7666666666666667,150.0,2,58,1.0986122886681098,0.7666666659,0.8562432382418772,0.1181629427079084,0.7645198942201049,150.0,2.181477,1.4781837,0.0,0.0,0.6675221,9.0,0.6005953179465399,0.5589443371117085,0.6132332049518809,0.858730217200858,DISRUPTIVE,221
NOVEL_MT_W4294992918,2022,0.840417206287384,0.996078431372549,255.0,891,312,6.79346613258001,0.9960784303764704,0.6284672356904013,0.7306817497784919,0.7122109260364242,255.0,1.9802862,1.3072224,0.0,0.0,0.46499926,312.0,0.3,0.9999999999999997,0.7324996292591093,0.8576403879230977,DISRUPTIVE,222
NOVEL_DIA_W4386867830,2023,0.9253183603286744,0.6629213483146067,89.0,586,7,6.375024819828097,0.6629213476516853,0.8261299004584972,0.6856756476482586,0.779442764616111,89.0,1.6674798,1.3174683,0.0,0.0,0.15012185,7.0,0.3,0.9999999999999997,0.5750609263777731,0.8574197458447126,DISRUPTIVE,223
NOVEL_DIA_W4366703942,2023,0.9167615175247192,0.8256130790190735,367.0,301,74,5.71042701737487,0.8256130781934604,0.8062082825519972,0.6141938038120782,0.7908877938062979,367.0,1.6133436,1.3165652,0.0,0.0,0.09562729,74.0,0.3,0.9999999999999997,0.547813646495342,0.8572077826873531,DISRUPTIVE,224
NOVEL_SUM_17,2021,0.9513880014419556,0.7235772357723578,123.0,4,54,1.6094379124341005,0.7235772350487805,0.8868239486158753,0.1731055821971953,0.7828027692605883,123.0,2.0894258,1.4463992,0.0,0.0,0.57486135,9.0,0.6016865756776597,0.5573431631304604,0.5661022554028919,0.8569824356514263,DISRUPTIVE,225
NOVEL_DIA_W4389203481,2023,0.9172794222831726,0.7023809523809523,252.0,304,78,5.720311776607412,0.7023809516785713,0.8074140427776142,0.6152569743690838,0.7671917177169525,252.0,1.720734,1.3455738,0.0,0.0,0.20372866,78.0,0.30000000000000004,0.9999999999999997,0.6018643304705618,0.8567229752887521,DISRUPTIVE,226
NOVEL_MT_21,2021,0.9222944974899292,0.84,25.0,2,60,1.0986122886681098,0.8399999991599999,0.8190898926594404,0.1181629427079084,0.7531792189643991,25.0,2.2012813,1.4723841,0.0,0.0,0.6874574,5.0,0.5858713042736052,0.5805484979990295,0.6340029403390075,0.8565051448503336,DISRUPTIVE,227
NOVEL_SUM_68,2021,0.952397346496582,0.6979166666666666,192.0,74,65,4.31748811353631,0.6979166659687499,0.8891738558158521,0.4643741071022991,0.8084424429750763,192.0,2.008485,1.4043494,0.0,0.0,0.49338478,7.0,0.6296150573662349,0.516364431030552,0.5048746047650776,0.8564344609009735,DISRUPTIVE,228
NOVEL_QA_72,2021,0.9411738514900208,0.684931506849315,146.0,51,31,3.951243718581428,0.6849315061643835,0.8630438702336843,0.4249821251405716,0.7836152229105129,146.0,2.12085,1.4913926,0.0,0.0,0.6064937,6.0,0.6288638422886531,0.5174666693031835,0.5619801903873706,0.8561121077747618,DISRUPTIVE,229
NOVEL_DIA_W4380997513,2023,0.8823493123054504,0.7394957983193278,119.0,308,24,5.733341276897746,0.7394957975798319,0.726091489547285,0.616658382411029,0.7178290404401687,119.0,1.9453328,1.3203758,0.0,0.0,0.42981437,24.0,0.3,0.9999999999999997,0.714907184243202,0.8558876793265584,DISRUPTIVE,230
NOVEL_DIA_54,2021,0.9455934762954712,0.7704918032786885,183.0,3,20,1.3862943611198906,0.7704918025081966,0.8733334219622233,0.1491050326479578,0.7803422591399913,183.0,2.1423037,1.447274,0.0,0.0,0.62808937,7.0,0.6345451772212982,0.5091305948695364,0.5686099816064448,0.855718399548659,DISRUPTIVE,231
NOVEL_QA_25,2021,0.9488630294799804,0.7583892617449665,149.0,4,28,1.6094379124341005,0.7583892609865771,0.8809454338641675,0.1731055821971953,0.7856502141219521,149.0,2.198331,1.4342779,0.0,0.0,0.6844877,3.0,0.6900343080361684,0.42771284178596947,0.5561002711241554,0.8556697365730243,DISRUPTIVE,232
NOVEL_MT_W4310569000,2022,0.8455017805099487,0.993975903614458,166.0,308,67,5.733341276897746,0.993975902620482,0.6403048897410698,0.616658382411029,0.7086744415839482,166.0,1.9825735,1.3608359,0.0,0.0,0.46730167,67.0,0.30000000000000004,0.9999999999999997,0.7336508333683012,0.8548646014540137,DISRUPTIVE,233
NOVEL_MT_168,2021,0.930760383605957,0.7419354838709677,155.0,7,69,2.079441541679836,0.7419354831290322,0.8387997497068895,0.2236575489719367,0.7579126763178229,155.0,2.219326,1.4612236,0.0,0.0,0.7056216,7.0,0.6222026603562492,0.5272404476603648,0.6164310239057134,0.8539535177816373,DISRUPTIVE,234
NOVEL_DIA_W4323313947,2023,0.9114527702331544,0.7574750830564784,301.0,376,24,5.932245187448011,0.7574750822990032,0.7938487198572335,0.6380517999334414,0.7709943003532082,301.0,1.6831613,1.3018209,0.0,0.0,0.16590717,24.0,0.3,0.9999999999999997,0.5829535871744154,0.8527988685411856,DISRUPTIVE,235
NOVEL_DIA_10,2021,0.9471548795700072,0.7313432835820896,134.0,14,70,2.70805020110221,0.7313432828507462,0.8769686037863988,0.2912685249051038,0.7892735317111388,134.0,2.0908988,1.456547,0.0,0.0,0.5763441,6.0,0.6379105041424433,0.5041927385310506,0.5402684056749034,0.8527857172343334,DISRUPTIVE,236
NOVEL_DIA_17,2021,0.9510679244995116,0.6845637583892618,149.0,24,48,3.218875824868201,0.6845637577046979,0.8860787613202642,0.3462111643943907,0.7917890009045636,149.0,2.1085443,1.4130012,0.0,0.0,0.5941065,4.0,0.6596894338726996,0.4722370834836088,0.5331717894320052,0.8523059809337508,DISRUPTIVE,237
NOVEL_SUM_32,2021,0.9525157809257508,0.6730769230769231,156.0,26,66,3.295836866004329,0.6730769224038462,0.8894495889920868,0.3544888281237253,0.7926789795876026,156.0,2.0332644,1.387134,0.0,0.0,0.51832813,11.0,0.6110159938985652,0.5436543513223024,0.5309912407837556,0.8522653516134289,DISRUPTIVE,238
NOVEL_SUM_7,2021,0.951568603515625,0.6986301369863014,146.0,33,51,3.5263605246161616,0.6986301362876712,0.8872444174251306,0.3792831565199521,0.7987254351071208,146.0,2.0197592,1.4035196,0.0,0.0,0.5047335,7.0,0.6212539272648947,0.5286324989583355,0.5166830009115866,0.8521872280917145,DISRUPTIVE,239
NOVEL_SUM_31,2021,0.9527502059936525,0.6538461538461539,130.0,20,34,3.044522437723423,0.6538461531923077,0.8899953658326153,0.3274583163618105,0.7865118183574733,130.0,2.0720208,1.3792794,0.0,0.0,0.5573411,7.0,0.6198145389556885,0.5307444758487524,0.5440427873170763,0.8517421023511408,DISRUPTIVE,240
NOVEL_MT_99,2021,0.946185290813446,0.72,50.0,14,26,2.70805020110221,0.7199999992799999,0.874711255231892,0.2912685249051038,0.7854247310088347,50.0,2.111943,1.4657037,0.0,0.0,0.5975276,4.0,0.6451886385679244,0.4935137218865147,0.5455206725315447,0.8513282507571391,DISRUPTIVE,241
NOVEL_SUM_16,2021,0.9484424591064452,0.6818181818181818,110.0,40,57,3.713572066704308,0.6818181811363635,0.8799662827360798,0.3994189832808557,0.7922819324706142,110.0,2.041981,1.430049,0.0,0.0,0.5271025,7.0,0.6194087871483395,0.531339824883398,0.5292211476406736,0.851211212986784,DISRUPTIVE,242
NOVEL_MT_228,2021,0.9510515332221984,0.7289156626506024,166.0,0,26,0.0,0.7289156619216867,0.8860405999596882,0.0,0.7660115523561191,166.0,2.140721,1.4693427,0.0,0.0,0.62649626,7.0,0.6036556039537703,0.5544540593430215,0.590475157370409,0.8511941906777801,DISRUPTIVE,243
NOVEL_MT_25,2021,0.9491503834724426,0.7021276595744681,141.0,29,60,3.4011973816621555,0.7021276588723404,0.8816144372072106,0.3658210412290827,0.7941377419424237,141.0,2.0448873,1.465218,0.0,0.0,0.530028,7.0,0.6292724626404897,0.5168671113280956,0.5234475484504553,0.8506469634058709,DISRUPTIVE,244
NOVEL_QA_39,2021,0.9459601640701294,0.782608695652174,69.0,19,21,2.995732273553991,0.7826086948695652,0.8741871262904539,0.3222106148451532,0.8006737888617461,69.0,2.065048,1.4289743,0.0,0.0,0.5503222,4.0,0.6646206483244895,0.4650016412493911,0.5076619081376655,0.850437872597444,DISRUPTIVE,245
NOVEL_QA_12,2021,0.951568603515625,0.6986301369863014,146.0,33,51,3.5263605246161616,0.6986301362876712,0.8872444174251306,0.3792831565199521,0.7987254351071208,146.0,2.0073216,1.3717786,0.0,0.0,0.4922136,7.0,0.6212539272648947,0.5286324989583355,0.5104230528963736,0.8497400692236434,DISRUPTIVE,246
NOVEL_MT_64,2021,0.9496694803237916,0.6796875,128.0,6,62,1.9459101490553128,0.6796874993203125,0.8828229728045062,0.2092953736539021,0.774843118192607,128.0,2.0718205,1.4534197,0.0,0.0,0.5571395,5.0,0.5913834583759308,0.5724606581811919,0.5648000870289809,0.8492129593351397,DISRUPTIVE,247
NOVEL_MT_16,2021,0.946126103401184,0.797979797979798,99.0,20,44,3.044522437723423,0.7979797971818181,0.8745734580280665,0.3274583163618105,0.8045432116921912,99.0,2.2003493,1.4493921,0.0,0.0,0.68651927,2.0,0.7770045012235641,0.30010374770616227,0.493311506440514,0.8483574777087075,DISRUPTIVE,248
NOVEL_MT_113,2021,0.944280445575714,0.7197452229299363,157.0,2,34,1.0986122886681098,0.719745222210191,0.8702764888272113,0.1181629427079084,0.764958880891877,157.0,2.1332228,1.4819291,0.0,0.0,0.61894834,8.0,0.6062287740409374,0.55067851404753,0.5848134272317422,0.8480206904415826,DISRUPTIVE,249
NOVEL_MT_74,2021,0.9591352343559264,0.7290076335877863,262.0,1,28,0.6931471805599453,0.7290076328587786,0.9048606728470894,0.0745525163239789,0.7866592491971162,262.0,2.0693762,1.3889803,0.0,0.0,0.55467904,5.0,0.6321082925796508,0.5127061720885908,0.5336926041145164,0.8478304553296971,DISRUPTIVE,250
NOVEL_DIA_W4319662928,2023,0.9475037455558776,0.4010152284263959,197.0,3286,25,8.097730573664219,0.4010152280253806,0.8777808163080395,0.8709639275926834,0.781746009779972,197.0,1.6074406,1.3165762,0.0,0.0,0.0896852,25.0,0.3,0.9999999999999997,0.5448426008224485,0.8477076160824488,DISRUPTIVE,251
NOVEL_QA_48,2021,0.935144543647766,0.6838709677419355,155.0,20,43,3.044522437723423,0.6838709670580644,0.8490067341280002,0.3274583163618105,0.7638247389373941,155.0,2.10946,1.4102728,0.0,0.0,0.59502834,11.0,0.5876143249598417,0.5779910092482142,0.586509675032356,0.8476492807945778,DISRUPTIVE,252
NOVEL_MT_118,2021,0.9348195791244508,0.6936936936936937,111.0,28,35,3.367295829986474,0.693693693,0.8482501678085089,0.3621747074408277,0.768731326810039,111.0,2.1495197,1.4934967,0.0,0.0,0.6353531,5.0,0.6309221589565277,0.5144465549894107,0.5748998216841585,0.8475862841818438,DISRUPTIVE,253
NOVEL_MT_40,2021,0.9841068387031556,0.6625,80.0,1,41,0.6931471805599453,0.6624999993374999,0.9629983261516296,0.0745525163239789,0.8140540798060386,80.0,2.0773952,1.489096,0.0,0.0,0.5627511,2.0,0.7271677613258362,0.37322789515443683,0.46798950476143775,0.8471338974644865,DISRUPTIVE,254
NOVEL_DIA_W4319350602,2023,0.914042353630066,0.7884615384615384,52.0,621,10,6.432940092739179,0.7884615376730768,0.7998776597539025,0.6919048143392682,0.7867971507962739,52.0,1.5804517,1.4284977,0.0,0.0,0.062517665,10.0,0.29999999999999993,0.9999999999999999,0.5312588326632977,0.8470048251337091,DISRUPTIVE,255
NOVEL_DIA_65,2021,0.9423784017562866,0.672514619883041,171.0,8,63,2.19722457733622,0.6725146192105262,0.8658482445459751,0.2363258854158169,0.7642292835658695,171.0,2.1300514,1.436384,0.0,0.0,0.6157559,9.0,0.6056906547811296,0.5514680823896747,0.5836119990157297,0.8468855190816442,DISRUPTIVE,256
NOVEL_MT_10,2021,0.9527398347854614,0.6833333333333333,120.0,13,44,2.6390573296152584,0.68333333265,0.8899712200990142,0.283847889977881,0.788031309597098,120.0,2.0531433,1.4261234,0.0,0.0,0.5383386,5.0,0.6294595718383789,0.516592570886577,0.5274655862378899,0.8466477001601718,DISRUPTIVE,257
NOVEL_SA_57,2021,0.9318937063217164,0.7312252964426877,253.0,46,63,3.8501476017100575,0.7312252957114624,0.8414382955614049,0.4141085760376883,0.7766627236390448,253.0,2.1099222,1.4376678,0.0,0.0,0.59549344,6.0,0.6324089149634043,0.5122650767127506,0.5538792562862154,0.8466035139081699,DISRUPTIVE,258
NOVEL_QA_63,2021,0.987717628479004,0.5844155844155844,154.0,19,31,2.995732273553991,0.5844155838311688,0.9714047881964738,0.3222106148451532,0.8290875299882807,154.0,2.0179133,1.4613223,0.0,0.0,0.50287545,2.0,0.7376000970602036,0.3579208012707824,0.4303981242720184,0.8461513784499486,DISRUPTIVE,259
NOVEL_MT_264,2021,0.94533509016037,0.7112676056338029,284.0,1,37,0.6931471805599453,0.7112676049225352,0.8727318601509623,0.0745525163239789,0.7606210747225786,284.0,2.150605,1.445413,0.0,0.0,0.6364456,7.0,0.6111536145210267,0.543452424175594,0.5899490030442942,0.8460715583784922,DISRUPTIVE,260
NOVEL_MT_227,2021,0.9435855150222778,0.6982248520710059,169.0,37,45,3.6375861597263857,0.698224851372781,0.868658585907374,0.391246201613061,0.7868306005710242,169.0,2.0742452,1.3486302,0.0,0.0,0.55958027,6.0,0.6428762863079706,0.496906575992867,0.5282434212342723,0.8458565422185021,DISRUPTIVE,261
NOVEL_SUM_59,2021,0.9513789415359496,0.6796875,128.0,9,40,2.302585092994046,0.6796874993203125,0.8868028557911204,0.2476580985211743,0.7814653087699642,128.0,2.0610657,1.4800978,0.0,0.0,0.54631346,7.0,0.6173943102359771,0.5342956142683583,0.5403045394549646,0.8456775400590998,DISRUPTIVE,262
NOVEL_MT_125,2021,0.9492318034172058,0.64,150.0,19,58,2.995732273553991,0.63999999936,0.8818039950928352,0.3222106148451532,0.7774838579215,150.0,2.0323846,1.4506898,0.0,0.0,0.5174426,8.0,0.5859705612063408,0.5804028608927598,0.5489227224652703,0.8454148908960778,DISRUPTIVE,263
NOVEL_SUM_14,2021,0.9462724924087524,0.7407407407407407,81.0,1,82,0.6931471805599453,0.7407407399999999,0.8749142736701562,0.0745525163239789,0.7680433912015072,81.0,2.1147547,1.4846172,0.0,0.0,0.60035795,9.0,0.6129911707507238,0.5407562258897388,0.5705570878117365,0.8452611054906815,DISRUPTIVE,264
NOVEL_SA_37,2021,0.935144543647766,0.6838709677419355,155.0,20,43,3.044522437723423,0.6838709670580644,0.8490067341280002,0.3274583163618105,0.7638247389373941,155.0,2.0942485,1.4233515,0.0,0.0,0.579716,11.0,0.5876143038272859,0.5779910402554618,0.5788535335192256,0.8446563175058203,DISRUPTIVE,265
NOVEL_MT_235,2021,0.9445611834526062,0.6808510638297872,47.0,1,34,0.6931471805599453,0.6808510631489361,0.8709300888574402,0.0745525163239789,0.7532765264623932,47.0,2.1881914,1.4604123,0.0,0.0,0.6742808,3.0,0.6185890575249989,0.5325425927604277,0.6034117075187484,0.8446350818638834,DISRUPTIVE,266
NOVEL_MT_148,2021,0.9544163942337036,0.71,200.0,7,31,2.079441541679836,0.7099999992899999,0.8938745028273092,0.2236575489719367,0.7900779067343101,200.0,2.1276002,1.4769785,0.0,0.0,0.61328846,3.0,0.694078501065572,0.4217789029288478,0.5175336825454329,0.8446319006590902,DISRUPTIVE,267
NOVEL_DIA_1,2021,0.9498157501220704,0.6212121212121212,132.0,12,71,2.5649493574615367,0.621212120590909,0.8831635109094278,0.2758770924926137,0.7700445910040425,132.0,2.0680594,1.4007527,0.0,0.0,0.55335355,16.0,0.5909136094152927,0.5731500552955823,0.5632518016727546,0.844230702345453,DISRUPTIVE,268
NOVEL_QA_34,2021,0.9468178749084472,0.6946564885496184,131.0,14,31,2.70805020110221,0.6946564878549618,0.8761840062129567,0.2912685249051038,0.7813869544105725,131.0,2.1443615,1.4480621,0.0,0.0,0.63016075,4.0,0.6797806501388549,0.44275776634375535,0.5364592576511715,0.8441028589656173,DISRUPTIVE,269
NOVEL_QA_30,2021,0.9351970553398132,0.7777777777777778,225.0,0,51,0.0,0.777777777,0.8491289892504275,0.0,0.7499458478752992,225.0,2.2238443,1.4193372,0.0,0.0,0.7101698,5.0,0.634384239912033,0.5093667339821025,0.6097682630786978,0.8440819146737985,DISRUPTIVE,270
NOVEL_SUM_56,2021,0.9885040521621704,0.651685393258427,89.0,11,26,2.4849066497880004,0.6516853926067415,0.973235700892617,0.2672679753558662,0.8383288666817669,89.0,2.0268703,1.4662846,0.0,0.0,0.51189166,2.0,0.7815166920423507,0.2934831279099074,0.4026873954922004,0.8437481351846166,DISRUPTIVE,271
NOVEL_MT_39,2021,0.9509337544441224,0.6549295774647887,142.0,17,52,2.8903717578961645,0.6549295768098591,0.8857663932378773,0.3108784017397958,0.7821102308024654,142.0,1.9987363,1.323907,0.0,0.0,0.4835714,12.0,0.5852551390727361,0.5814525811130798,0.5325119956461091,0.843219522236881,DISRUPTIVE,272
NOVEL_MT_2,2021,0.9498156309127808,0.6212121212121212,132.0,12,71,2.5649493574615367,0.621212120590909,0.8831632333722597,0.2758770924926137,0.7700443967280248,132.0,2.0625877,1.430577,0.0,0.0,0.5478456,16.0,0.5909136105328798,0.5731500536557759,0.5604978278456492,0.8431539328929953,DISRUPTIVE,273
NOVEL_QA_84,2021,0.988136887550354,0.6538461538461539,130.0,5,41,1.791759469228055,0.6538461531923077,0.9723808864157152,0.1927154590318873,0.8307073970326507,130.0,2.051898,1.3326908,0.0,0.0,0.5370851,2.0,0.7771015703678131,0.299961320684826,0.4185232182972012,0.8429867706806913,DISRUPTIVE,274
NOVEL_MT_88,2021,0.9495807886123656,0.7019230769230769,208.0,33,41,3.5263605246161616,0.7019230762211537,0.8826164851516436,0.3792831565199521,0.7961444705023764,208.0,1.9575146,1.4548919,0.0,0.0,0.4420769,8.0,0.6027185335755348,0.5558289982464915,0.4989529449535909,0.8429019005070985,DISRUPTIVE,275
NOVEL_DIA_20,2021,0.935178279876709,0.8227848101265823,79.0,10,42,2.3978952727983707,0.8227848093037975,0.8490852771464951,0.2579093322201459,0.7847075890853207,79.0,2.2606556,1.4724188,0.0,0.0,0.7472248,2.0,0.7752267867326736,0.3027121417708538,0.5249684747550558,0.8426397760142567,DISRUPTIVE,276
NOVEL_DIA_31,2021,0.9371708035469056,0.7474226804123711,194.0,22,40,3.1354942159291497,0.7474226796649484,0.8537241721381111,0.3372429265714705,0.7808157490868145,194.0,2.0890527,1.3537844,0.0,0.0,0.5744858,5.0,0.6452926659584045,0.4933610852121308,0.5339234320103623,0.8425905186202977,DISRUPTIVE,277
NOVEL_SA_56,2021,0.9411738514900208,0.684931506849315,146.0,51,31,3.951243718581428,0.6849315061643835,0.8630438702336843,0.4249821251405716,0.7836152229105129,146.0,2.0496378,1.409644,0.0,0.0,0.53480995,6.0,0.6288638422886531,0.5174666693031835,0.5261383081585193,0.8421006847195647,DISRUPTIVE,278
NOVEL_QA_45,2021,0.9375980496406556,0.7875,160.0,17,87,2.8903717578961645,0.7874999992124999,0.854718865347597,0.3108784017397958,0.7868910457597974,160.0,2.035523,1.4524453,0.0,0.0,0.52060163,6.0,0.6334987411896388,0.5106660031412508,0.5156338166760637,0.8409822906660482,DISRUPTIVE,279
NOVEL_SA_34,2021,0.9463329315185548,0.7514792899408284,169.0,1,32,0.6931471805599453,0.751479289189349,0.875054985014244,0.0745525163239789,0.7702895989802384,169.0,2.1509907,1.3227663,0.0,0.0,0.6368339,3.0,0.660002322991689,0.47177798944738386,0.554305947810545,0.8409570456211031,DISRUPTIVE,280
NOVEL_MT_132,2021,0.9454973936080932,0.6973684210526315,228.0,2,58,1.0986122886681098,0.697368420355263,0.8731097270049559,0.1181629427079084,0.7624667872453127,228.0,2.1709833,1.5123527,0.0,0.0,0.6569588,5.0,0.6491967427730561,0.48763273521913725,0.5722957768274031,0.840854077091287,DISRUPTIVE,281
NOVEL_DIA_W4323050332,2023,0.9236856698989868,0.6826923076923077,104.0,1049,17,6.956545443151569,0.6826923070096154,0.8223287514079617,0.7482219970801802,0.7869907870955143,104.0,1.547247,1.349802,0.0,0.0,0.029093158,17.0,0.3,0.9999999999999997,0.5145465787500141,0.8406482436141893,DISRUPTIVE,282
NOVEL_SA_38,2021,0.9435604214668274,0.6363636363636364,66.0,34,27,3.555348061489413,0.6363636357272726,0.8686001643335468,0.3824009558510974,0.7735329377640471,66.0,2.0637765,1.4548068,0.0,0.0,0.5490422,7.0,0.6117258650915963,0.5426127758521772,0.5458275003681052,0.8406010486994151,DISRUPTIVE,283
NOVEL_MT_42,2021,0.9391635656356812,0.7265625,128.0,31,58,3.4657359027997265,0.7265624992734374,0.8583636222040625,0.3727625816198946,0.7834432935595207,128.0,2.1053443,1.4002311,0.0,0.0,0.5908852,3.0,0.6725702007611591,0.45333747048461515,0.5221113462213878,0.8403696258342919,DISRUPTIVE,284
NOVEL_SA_29,2021,0.9733632206916808,0.7666666666666667,150.0,32,42,3.49650756146648,0.7666666659,0.937985566438542,0.3760722749280544,0.8475304571797847,150.0,2.168649,1.4779382,0.0,0.0,0.654609,1.0,0.9215455293655396,0.08802247040212911,0.3713157474634089,0.8398774990201601,DISRUPTIVE,285
NOVEL_SUM_26,2021,0.9355065226554872,0.7087378640776699,103.0,22,59,3.1354942159291497,0.708737863368932,0.8498494757381022,0.3372429265714705,0.7703664983476051,103.0,2.0994132,1.3696717,0.0,0.0,0.58491486,6.0,0.6290549377600352,0.5171862799066316,0.5510505715081101,0.8397545875961189,DISRUPTIVE,286
NOVEL_DIA_W4380995257,2023,0.9024443626403807,0.711340206185567,97.0,474,25,6.163314804034641,0.7113402054742268,0.772875791159011,0.6629048496834729,0.7495715798745003,97.0,1.7129823,1.3740603,0.0,0.0,0.19592564,25.0,0.3,0.9999999999999997,0.5979628190398214,0.8391255026935988,DISRUPTIVE,287
NOVEL_QA_59,2021,0.94016695022583,0.6645962732919255,161.0,10,39,2.3978952727983707,0.6645962726273291,0.8606996525456477,0.2579093322201459,0.7611999445294338,161.0,2.1004066,1.4272685,0.0,0.0,0.5859149,5.0,0.6029683482646943,0.5554624516745783,0.5706886807571042,0.8390702701637262,DISRUPTIVE,288
NOVEL_SA_12,2021,0.9449257850646972,0.60625,160.0,60,46,4.110873864173311,0.6062499993937499,0.8717789362852336,0.4421513921718883,0.7757103944956023,160.0,2.017311,1.4838959,0.0,0.0,0.5022692,11.0,0.5946180408651178,0.5677146397345939,0.5349919240829188,0.8383513467404999,DISRUPTIVE,289
NOVEL_SUM_3,2021,0.9522344470024108,0.6287425149700598,167.0,26,44,3.295836866004329,0.6287425143413172,0.8887946012760186,0.3544888281237253,0.783353606573849,167.0,2.0027149,1.4637012,0.0,0.0,0.48757637,7.0,0.6090996146202087,0.5464662046097554,0.5170212850403209,0.8382979945099511,DISRUPTIVE,290
NOVEL_MT_259,2021,0.9499392509460448,0.7320261437908496,153.0,2,41,1.0986122886681098,0.7320261430588234,0.8834510394152942,0.1181629427079084,0.7766372504732615,153.0,2.071828,1.4064589,0.0,0.0,0.55714697,7.0,0.6360866912773677,0.5068687715367715,0.5320078689970692,0.8380302458938834,DISRUPTIVE,291
NOVEL_MT_205,2021,0.9454737901687622,0.6496350364963503,137.0,7,54,2.079441541679836,0.6496350358467152,0.8730547746457268,0.2236575489719367,0.7634311043185454,137.0,2.0854564,1.5041159,0.0,0.0,0.57086563,9.0,0.6034519639280106,0.5547528550367322,0.5628092430701239,0.8380251768105774,DISRUPTIVE,292
NOVEL_MT_304,2021,0.94342440366745,0.6081871345029239,171.0,34,55,3.555348061489413,0.6081871338947368,0.8682834944250581,0.3824009558510974,0.7676759684615978,171.0,2.0758874,1.4771388,0.0,0.0,0.5612334,10.0,0.6120324242115021,0.542162969658361,0.551698185478442,0.8375535770030454,DISRUPTIVE,293
NOVEL_MT_92,2021,0.9336553812026978,0.7236842105263158,76.0,16,40,2.833213344056216,0.7236842098026316,0.8455397398275268,0.3047306401959732,0.7670877238593925,76.0,2.0800154,1.4829565,0.0,0.0,0.5653887,8.0,0.6152520067989826,0.5374389601759599,0.5514138198401772,0.8369058421435347,DISRUPTIVE,294
NOVEL_DIA_50,2021,0.9492884874343872,0.6601941747572816,206.0,9,33,2.302585092994046,0.6601941740970874,0.8819359640161362,0.2476580985211743,0.7741598194828302,206.0,2.1114202,1.2888637,0.0,0.0,0.5970013,3.0,0.660616793235143,0.4708763933001015,0.5339388537316547,0.8365253137332576,DISRUPTIVE,295
NOVEL_DIA_30,2021,0.9434161186218262,0.7023809523809523,84.0,20,40,3.044522437723423,0.7023809516785713,0.8682642055918943,0.3274583163618105,0.7810069658862213,84.0,2.0653026,1.5064243,0.0,0.0,0.5505785,4.0,0.6512894347310065,0.48456218293961373,0.5175703289690439,0.8363721305497911,DISRUPTIVE,296
NOVEL_MT_161,2021,0.9842340350151062,0.7037037037037037,27.0,4,22,1.6094379124341005,0.703703703,0.9632944583096988,0.1731055821971953,0.8323574196365086,27.0,1.9342405,1.4468727,0.0,0.0,0.41864863,2.0,0.7252964735031128,0.3759735869261657,0.39731110865339814,0.8361995399543135,DISRUPTIVE,297
NOVEL_SA_W4376138804,2023,0.886925220489502,0.6428571428571429,14.0,368,8,5.910796644040527,0.6428571422142857,0.7367448925028429,0.6357448686966726,0.7078673400645145,14.0,1.8888716,1.431653,0.0,0.0,0.37297937,8.0,0.3,0.9999999999999997,0.6864896863698957,0.8356920142947888,DISRUPTIVE,298
NOVEL_DIA_W4323359867,2023,0.9107513427734376,0.7094017094017094,117.0,545,13,6.302618975744905,0.7094017086923077,0.7922156911617495,0.6778879251784032,0.7642201180695265,117.0,1.6230137,1.3595725,0.0,0.0,0.10536145,13.0,0.29999999999999993,0.9999999999999999,0.5526807233691216,0.8347854056874437,DISRUPTIVE,299
NOVEL_MT_52,2021,0.9529212117195128,0.6825396825396826,126.0,8,35,2.19722457733622,0.6825396818571429,0.8903934928998601,0.2363258854158169,0.7834159699429123,126.0,2.0568097,1.4413532,0.0,0.0,0.5420293,5.0,0.6602593171596526,0.471400908613644,0.5067151149036695,0.8343259585732062,DISRUPTIVE,300
NOVEL_SUM_28,2021,0.9525097012519836,0.7115384615384616,52.0,2,31,1.0986122886681098,0.7115384608269231,0.8894354345965274,0.1181629427079084,0.7767287906537447,52.0,2.1243374,1.4636453,0.0,0.0,0.6100041,3.0,0.6882687409718832,0.4303034122487155,0.5201537696371599,0.8334797022708412,DISRUPTIVE,301
NOVEL_SUM_67,2021,0.9871569871902466,0.7844827586206896,116.0,19,34,2.995732273553991,0.7844827578362068,0.9700995308961912,0.3222106148451532,0.8681872846790905,116.0,2.1230884,1.4396936,0.0,0.0,0.60874677,,,0.0,0.3043733835220337,0.8325503866030418,DISRUPTIVE,302
NOVEL_MT_107,2021,0.924057960510254,0.7567567567567568,111.0,7,69,2.079441541679836,0.756756756,0.8231954999830803,0.2236575489719367,0.7499539560853499,111.0,2.1475213,1.4576323,0.0,0.0,0.63334143,7.0,0.6239790337426321,0.5246340213633073,0.5789877264905221,0.8320564849560924,DISRUPTIVE,303
NOVEL_DIA_W4389793309,2023,0.8977365493774414,0.7242152466367713,446.0,450,70,6.111467339502679,0.7242152459125559,0.7619152933272546,0.6573283155010017,0.7439165860616895,446.0,1.7019967,1.3562796,0.0,0.0,0.18486731,70.0,0.30000000000000004,0.9999999999999997,0.5924336537718771,0.8318057978586317,DISRUPTIVE,304
NOVEL_MT_244,2022,0.9472716450691224,0.6923076923076923,117.0,4,30,1.6094379124341005,0.6923076916153845,0.8772404514422842,0.1731055821971953,0.7698404125523953,117.0,2.0658517,1.4709164,0.0,0.0,0.5511312,5.0,0.6332410502433776,0.5110441063395972,0.5310876476045368,0.8314707463115214,DISRUPTIVE,305
NOVEL_QA_50,2021,0.945354461669922,0.6698113207547169,106.0,26,20,3.295836866004329,0.6698113200849055,0.8727769599407339,0.3544888281237253,0.7803550187878674,106.0,2.0425878,1.3718354,0.0,0.0,0.52771324,4.0,0.6508837282657622,0.48515746544497274,0.5064353523189677,0.8314245336899907,DISRUPTIVE,306
NOVEL_SUM_76,2021,0.9366859197616576,0.8421052631578947,38.0,20,18,3.044522437723423,0.8421052623157893,0.8525952897079813,0.3274583163618105,0.7979835868949258,38.0,2.146902,1.4889901,0.0,0.0,0.63271815,2.0,0.778879714012146,0.2973522969344917,0.46503522139090614,0.83132023329256,DISRUPTIVE,307
NOVEL_MT_262,2021,0.9565140008926392,0.6428571428571429,70.0,2,24,1.0986122886681098,0.6428571422142857,0.898758046832363,0.1181629427079084,0.7695183554963022,70.0,2.1380186,1.5725349,0.0,0.0,0.6237759,4.0,0.6826200455427169,0.43859159559097255,0.5311837475006101,0.831214548319913,DISRUPTIVE,308
NOVEL_QA_18,2021,0.9382205009460448,0.7105263157894737,38.0,11,25,2.4849066497880004,0.7105263150789473,0.8561680256693963,0.2672679753558662,0.7681496785199534,38.0,2.1999047,1.4576586,0.0,0.0,0.6860717,2.0,0.7211931854486465,0.3819942343708677,0.5340329641340575,0.831079928844882,DISRUPTIVE,309
NOVEL_MT_230,2021,0.928283989429474,0.6842105263157895,190.0,33,52,3.5263605246161616,0.6842105256315789,0.833034331351071,0.3792831565199521,0.7578944527240606,190.0,2.115233,1.3730978,0.0,0.0,0.6008394,6.0,0.6311603138844172,0.5140971164808272,0.5574682464652061,0.830886977811989,DISRUPTIVE,310
NOVEL_MT_189,2021,0.9745506048202516,0.6071428571428571,56.0,7,21,2.079441541679836,0.6071428565357142,0.9407499753986664,0.2236575489719367,0.802319308983403,56.0,1.98205,1.4574976,0.0,0.0,0.46677464,3.0,0.6812594612439473,0.4405879454140791,0.45368129394078893,0.8308365664734567,DISRUPTIVE,311
NOVEL_DIA_W4321748146,2023,0.8705912828445435,0.7062146892655368,177.0,511,36,6.238324625039508,0.706214688559322,0.6987170273045886,0.6709726469158103,0.6974421215166575,177.0,1.9031638,1.3335384,0.0,0.0,0.38736624,36.0,0.30000000000000004,0.9999999999999997,0.6936831176280973,0.828994687386482,DISRUPTIVE,312
NOVEL_QA_33,2021,0.9525097012519836,0.7115384615384616,52.0,2,31,1.0986122886681098,0.7115384608269231,0.8894354345965274,0.1181629427079084,0.7767287906537447,52.0,2.099901,1.4678755,0.0,0.0,0.5854059,3.0,0.6882687469323475,0.4303034035030817,0.507854644838165,0.8286716891294814,DISRUPTIVE,313
NOVEL_MT_63,2021,0.9785011410713196,0.5411764705882353,170.0,6,40,1.9459101490553128,0.5411764700470587,0.9499474183718124,0.2092953736539021,0.7941280242350706,170.0,1.8851007,1.4438577,0.0,0.0,0.36918357,6.0,0.5989375154177348,0.5613767874847715,0.4652801788156661,0.8278991254749317,DISRUPTIVE,314
NOVEL_MT_140,2021,0.948322296142578,0.7558139534883721,172.0,3,45,1.3862943611198906,0.7558139527325581,0.879686525270912,0.1491050326479578,0.7818538615009457,172.0,2.1888824,1.3653555,0.0,0.0,0.67497635,2.0,0.7693289935588837,0.31136581973102273,0.4931710843039879,0.8276063992331945,DISRUPTIVE,315
NOVEL_SUM_13,2021,0.9443342089653016,0.7073170731707317,82.0,20,27,3.044522437723423,0.7073170724634146,0.8704016580899011,0.3274583163618105,0.7834904067917947,82.0,2.0301409,1.4647837,0.0,0.0,0.5151839,4.0,0.6657331794500351,0.4633692533718506,0.4892765895002563,0.8275767324140791,DISRUPTIVE,316
NOVEL_MT_236,2021,0.943611979484558,0.7012987012987013,154.0,3,48,1.3862943611198906,0.7012987005974025,0.868720199158631,0.1491050326479578,0.763274382795318,154.0,2.0497122,1.4759344,0.0,0.0,0.5348848,7.0,0.6151924082211085,0.5375264076134351,0.536205609030564,0.827482245055394,DISRUPTIVE,317
NOVEL_MT_214,2021,0.9362362623214722,0.7916666666666666,24.0,9,44,2.302585092994046,0.7916666658749999,0.8515484195109445,0.2476580985211743,0.7791830366847785,24.0,2.1943545,1.4806013,0.0,0.0,0.6804848,2.0,0.7665137559175492,0.3154965444294949,0.4979906580790052,0.8270542785499309,DISRUPTIVE,318
NOVEL_MT_165,2021,0.9358266592025756,0.7339449541284404,109.0,1,21,0.6931471805599453,0.7339449533944954,0.8505948018022965,0.0745525163239789,0.7496606035729045,109.0,2.1015518,1.3890258,0.0,0.0,0.5870676,7.0,0.6098567843437195,0.5453552292406001,0.5662114166527707,0.8267943464134091,DISRUPTIVE,319
NOVEL_SUM_41,2021,0.990916907787323,0.7272727272727273,143.0,12,27,2.5649493574615367,0.7272727265454545,0.9788531919379848,0.2758770924926137,0.8582394889149416,143.0,2.1314921,1.4524715,0.0,0.0,0.6172062,1.0,0.9765000581741333,0.0073891248864192596,0.3122976703724394,0.8265742512547448,DISRUPTIVE,320
NOVEL_MT_221,2021,0.9516536593437196,0.6766467065868264,167.0,12,56,2.5649493574615367,0.6766467059101796,0.8874424401943742,0.2758770924926137,0.7841267585673592,167.0,2.0872424,1.4303023,0.0,0.0,0.5726635,3.0,0.7108248551686605,0.39720741472219073,0.4849354503630332,0.8264601313323503,DISRUPTIVE,321
NOVEL_MT_26,2021,0.9508517384529114,0.6148148148148148,135.0,15,27,2.772588722239781,0.6148148142,0.8855754476664133,0.2982100652959156,0.7726867827360807,135.0,1.9730073,1.399687,0.0,0.0,0.45767215,10.0,0.5976664716005324,0.5632417568967566,0.5104569529198519,0.8260020575487732,DISRUPTIVE,322
NOVEL_MT_95,2020,0.9542403221130372,0.6629834254143646,181.0,3,46,1.3862943611198906,0.6629834247513812,0.8934645804304314,0.1491050326479578,0.772932394516374,181.0,1.9826827,1.4384465,0.0,0.0,0.46741158,12.0,0.6056080629428227,0.5515892672379368,0.5095004224697527,0.8258521634074775,DISRUPTIVE,323
NOVEL_MT_W4220897376,2022,0.8227041363716125,1.0,95.0,597,176,6.393590753950631,0.999999999,0.5872285429975762,0.687672535388063,0.6798272334371096,95.0,1.9687858,1.3355997,0.0,0.0,0.45342264,176.0,0.29999999999999993,0.9999999999999999,0.726711317896843,0.8258386842098149,DISRUPTIVE,324
NOVEL_MT_115,2021,0.9450758099555968,0.7094017094017094,117.0,12,26,2.5649493574615367,0.7094017086923077,0.8721282168109418,0.2758770924926137,0.7799578027553821,117.0,2.0800247,1.4811782,0.0,0.0,0.56539804,3.0,0.6949133117993672,0.42055400693214506,0.49297602218288467,0.8258006471337008,DISRUPTIVE,325
NOVEL_QA_38,2020,0.9424341320991516,0.75,84.0,25,54,3.258096538021482,0.7499999992499999,0.8659779931719334,0.3504296088165927,0.7912275559520126,84.0,2.1382878,1.4749951,0.0,0.0,0.62404686,2.0,0.770784056186676,0.30923084432212755,0.46663885322376214,0.8257845887254877,DISRUPTIVE,326
NOVEL_MT_238,2021,0.9501498341560364,0.6111111111111112,126.0,17,48,2.8903717578961645,0.6111111105,0.8839413088222579,0.3108784017397958,0.77206897844956,126.0,2.0025644,1.5085834,0.0,0.0,0.48742494,9.0,0.6169822401470608,0.5349002339526068,0.5111625869117206,0.8257143735182846,DISRUPTIVE,327
NOVEL_MT_137,2021,0.9388532638549804,0.7040816326530612,98.0,6,28,1.9459101490553128,0.7040816319489795,0.857641192956213,0.2092953736539021,0.7620946988245352,98.0,2.0871382,1.466546,0.0,0.0,0.5725586,4.0,0.6469662502408027,0.4909054786840084,0.5317320302565397,0.824657365763956,DISRUPTIVE,328
NOVEL_SUM_66,2021,0.943414866924286,0.670995670995671,231.0,11,47,2.4849066497880004,0.6709956703246753,0.8682612914516323,0.2672679753558662,0.7687088356166643,231.0,2.0344446,1.3602759,0.0,0.0,0.5195161,6.0,0.6340728054443995,0.5098236936463671,0.5146699020332971,0.8240204962243848,DISRUPTIVE,329
NOVEL_MT_77,2021,0.9499574899673462,0.6833333333333333,60.0,4,16,1.6094379124341005,0.68333333265,0.8834935026019718,0.1731055821971953,0.7724226765710998,60.0,2.030006,1.4293765,0.0,0.0,0.5150481,5.0,0.6447423088550567,0.49416860982262895,0.504608348232924,0.8234747968022385,DISRUPTIVE,330
NOVEL_MT_116,2021,0.9506295323371888,0.6881720430107527,186.0,4,41,1.6094379124341005,0.6881720423225807,0.8850581183855871,0.1731055821971953,0.7744856495541466,186.0,1.957394,1.4374927,0.0,0.0,0.44195545,11.0,0.6017192347483201,0.5572952433286555,0.499625345262808,0.8234085746701254,DISRUPTIVE,331
NOVEL_DIA_11,2021,0.9836711883544922,0.746268656716418,67.0,57,39,4.060443010546419,0.7462686559701492,0.9619840665718116,0.4367272237648066,0.8663153001707786,67.0,2.0835743,1.434995,0.0,0.0,0.5689711,,,0.0,0.2844855487346649,0.8230682323423347,DISRUPTIVE,332
NOVEL_DIA_25,2021,0.9264565706253052,0.744,125.0,2,27,1.0986122886681098,0.7439999992559999,0.8287798253368929,0.1181629427079084,0.7407621718578158,125.0,2.1195297,1.432429,0.0,0.0,0.6051646,7.0,0.6094149325575148,0.5460035468318194,0.5755840671647653,0.8223415917511216,DISRUPTIVE,333
NOVEL_SA_33,2021,0.9423121213912964,0.7027027027027027,185.0,4,37,1.6094379124341005,0.702702702,0.8656939338806642,0.1731055821971953,0.7638368523361844,185.0,2.0749564,1.4512565,0.0,0.0,0.5602962,4.0,0.6530990496277809,0.4819069822421389,0.5211015800531068,0.8220907887234542,DISRUPTIVE,334
NOVEL_SUM_30,2021,0.9404510259628296,0.6307692307692307,130.0,8,38,2.19722457733622,0.6307692301384614,0.8613610236165757,0.2363258854158169,0.752739151100877,130.0,2.0610206,1.4865218,0.0,0.0,0.5462681,7.0,0.6090762742928096,0.5465004512628414,0.5463842783848691,0.8218515680117503,DISRUPTIVE,335
NOVEL_SA_50,2021,0.9453245401382446,0.7258064516129032,62.0,19,29,2.995732273553991,0.7258064508870967,0.8727072981116094,0.3222106148451532,0.7882774603400613,62.0,1.9763438,1.4688826,0.0,0.0,0.46103066,4.0,0.6651026099920272,0.4642944714763729,0.46266256676807843,0.8215392242665814,DISRUPTIVE,336
NOVEL_DIA_W4353016766,2023,0.8821114301681519,0.7740384615384616,208.0,598,28,6.395261598115449,0.7740384607644231,0.7255376641288895,0.6878522456146441,0.7314692816045717,208.0,1.7065684,1.1635724,0.0,0.0,0.18946925,28.0,0.3,0.9999999999999997,0.5947346240282056,0.8213514404837909,DISRUPTIVE,337
NOVEL_DIA_23,2021,0.9512540698051452,0.6759259259259259,108.0,0,35,0.0,0.67592592525,0.8865121356078234,0.0,0.7557436799754763,108.0,2.1090589,1.413722,0.0,0.0,0.5946244,4.0,0.6541073143482208,0.4804275817389029,0.537525990938879,0.8211292513808875,DISRUPTIVE,338
NOVEL_DIA_18,2021,0.9398626089096068,0.6645569620253164,158.0,15,52,2.772588722239781,0.6645569613607595,0.8599911001561897,0.2982100652959156,0.7647261689110761,158.0,2.0357723,1.3492754,0.0,0.0,0.5208527,6.0,0.6339591930309931,0.5099903941746707,0.5154215395746706,0.8206815229372356,DISRUPTIVE,339
NOVEL_DIA_W4378470708,2023,0.8987409472465515,0.7055837563451777,197.0,290,44,5.673323267171493,0.7055837556395939,0.7642536827347667,0.6102030526119024,0.7371146343034457,197.0,1.6754434,1.2152375,0.0,0.0,0.15813823,44.0,0.30000000000000004,0.9999999999999997,0.5790691152215002,0.8203768614665223,DISRUPTIVE,340
NOVEL_SA_9,2021,0.9457767605781556,0.6707317073170732,82.0,1,63,0.6931471805599453,0.6707317066463414,0.873760135357755,0.0745525163239789,0.7532336877120946,82.0,2.0315206,1.4670525,0.0,0.0,0.51657283,8.0,0.5956302799284459,0.5662294077817897,0.5414011204215039,0.8203546295942247,DISRUPTIVE,341
NOVEL_DIA_71,2021,0.9459776878356934,0.6923076923076923,130.0,5,34,1.791759469228055,0.6923076916153845,0.8742279242541242,0.1927154590318873,0.7696926312041525,130.0,2.0560317,1.466697,0.0,0.0,0.5412462,3.0,0.664831264813741,0.4646926091729216,0.5029693924694564,0.8203438688584455,DISRUPTIVE,342
NOVEL_DIA_29,2021,0.9222709536552428,0.75,60.0,49,71,3.912023005428146,0.7499999992499999,0.8190350790687947,0.4207636807183696,0.7654009232699933,60.0,2.1951928,1.4747341,0.0,0.0,0.6813286,2.0,0.7468957573175431,0.34428152164130266,0.5128050581629517,0.8202741596354667,DISRUPTIVE,343
NOVEL_SUM_10,2021,0.9529405832290648,0.7155172413793104,232.0,4,57,1.6094379124341005,0.7155172406637931,0.8904385926896318,0.1731055821971953,0.7837210212352204,232.0,2.1208982,1.1986203,0.0,0.0,0.60654217,2.0,0.7547018527984619,0.3328278415227113,0.46968500578523564,0.8201282838603517,DISRUPTIVE,344
NOVEL_SUM_64,2021,0.9377193450927734,0.7682119205298014,151.0,26,77,3.295836866004329,0.7682119197615894,0.855001259415859,0.3544888281237253,0.7875921483557917,151.0,2.0763762,1.453774,0.0,0.0,0.5617254,2.0,0.7382333844900131,0.3569915951571891,0.4593584865968441,0.8196224725467063,DISRUPTIVE,345
NOVEL_DIA_4,2021,0.9165413975715636,0.7572815533980582,206.0,6,50,1.9459101490553128,0.7572815526407767,0.8056958101716075,0.2092953736539021,0.7363729150136707,206.0,2.1866047,1.4537172,0.0,0.0,0.67268366,4.0,0.6537123546004295,0.48100709586628937,0.5768453760409785,0.8188309879406155,DISRUPTIVE,346
NOVEL_DIA_W4387356888,2023,0.9102547764778136,0.6839080459770115,174.0,483,22,6.182084906716632,0.6839080452931033,0.7910596100891727,0.6649236970882497,0.7570157058298665,174.0,1.5723175,1.2957073,0.0,0.0,0.054329563,22.0,0.29999999999999993,0.9999999999999999,0.5271647814661264,0.818239097908167,DISRUPTIVE,347
NOVEL_DIA_W4386045865,2023,0.8963301777839661,0.7151162790697675,172.0,349,27,5.857933154483459,0.7151162783546512,0.7586410485898357,0.6300590543722717,0.7370778951210424,172.0,1.6627914,1.4051397,0.0,0.0,0.14540243,27.0,0.3,0.9999999999999997,0.5727012157440183,0.8178539900715874,DISRUPTIVE,348
NOVEL_DIA_W4386091044,2023,0.8774210810661316,0.6414342629482072,251.0,457,38,6.126869184114185,0.6414342623067728,0.7146178254922194,0.6589848847030738,0.6944178187762156,251.0,1.859561,1.2637327,0.0,0.0,0.34347472,38.0,0.3000000000000001,0.9999999999999997,0.6717373579740522,0.8176569507449294,DISRUPTIVE,349
NOVEL_MT_218,2021,0.9432324171066284,0.6717557251908397,131.0,4,34,1.6094379124341005,0.6717557245190839,0.8678365208162755,0.1731055821971953,0.7591472676949291,131.0,2.1139193,1.4461317,0.0,0.0,0.599517,4.0,0.6817519664764404,0.43986530534344487,0.5196911465720215,0.8172617936221255,DISRUPTIVE,350
NOVEL_QA_67,2021,0.9447393417358398,0.6944444444444444,72.0,18,39,2.9444389791664403,0.6944444437499999,0.8713448681547551,0.3166936852890821,0.7804996649872367,72.0,2.1002626,1.4394883,0.0,0.0,0.58576995,2.0,0.7499547988176346,0.33979306990545227,0.46278151062449435,0.8144911741208408,DISRUPTIVE,351
NOVEL_MT_101,2021,0.9262876510620116,0.7619047619047619,21.0,3,41,1.3862943611198906,0.761904761142857,0.8283865551700842,0.1491050326479578,0.7471620441124261,21.0,2.1568067,1.4710894,0.0,0.0,0.6426884,3.0,0.6857845326264699,0.4339484263029056,0.5383184099478701,0.8136112518610096,DISRUPTIVE,352
NOVEL_MT_271,2021,0.938757300376892,0.6378205128205128,312.0,18,55,2.9444389791664403,0.6378205121826922,0.8574177755361136,0.3166936852890821,0.7594259138407262,312.0,1.9761499,1.4320929,0.0,0.0,0.46083555,10.0,0.6034270322322846,0.5547894366630213,0.5078124914590665,0.8128723200624007,DISRUPTIVE,353
NOVEL_DIA_37,2021,0.947336196899414,0.7772511848341233,211.0,42,45,3.7612001156935615,0.777251184056872,0.8773907378186611,0.4045416917031596,0.8100779224547531,211.0,2.2235136,1.4205141,0.0,0.0,0.7098369,1.0,0.9344688594341278,0.06906040556005764,0.38944865289714004,0.8128035885475852,DISRUPTIVE,354
NOVEL_MT_261,2021,0.959056556224823,0.5698924731182796,93.0,5,60,1.791759469228055,0.5698924725483872,0.9046774983163248,0.1927154590318873,0.7665242892342936,93.0,1.9788667,1.4676092,0.0,0.0,0.46357033,4.0,0.6287989243865013,0.5175619216463088,0.49056612410650247,0.8126051274083265,DISRUPTIVE,355
NOVEL_MT_23,2021,0.9340659976005554,0.7207207207207207,222.0,1,21,0.6931471805599453,0.7207207199999999,0.8464957166021011,0.0745525163239789,0.7441463972538687,222.0,2.0964463,1.4382442,0.0,0.0,0.5819283,6.0,0.6383786390225091,0.5035058564423373,0.542717084610405,0.812580061106783,DISRUPTIVE,356
NOVEL_MT_105,2021,0.9314988255500792,0.8,40.0,3,21,1.3862943611198906,0.7999999992,0.840518953692983,0.1491050326479578,0.7632737706898839,40.0,2.0782938,1.5005189,0.0,0.0,0.5636557,3.0,0.6872265895207722,0.43183253386724146,0.4977441041623958,0.8124461924182718,DISRUPTIVE,357
NOVEL_DIA_5,2021,0.945256233215332,0.6796116504854369,103.0,0,35,0.0,0.6796116498058252,0.8725482693144455,0.0,0.7467061184812769,103.0,2.1399944,1.474432,0.0,0.0,0.6257647,3.0,0.6775900026162466,0.44597204626614073,0.5358683869293045,0.8122376065970754,DISRUPTIVE,358
NOVEL_DIA_63,2021,0.9488404393196106,0.6186440677966102,118.0,19,31,2.995732273553991,0.618644067177966,0.8808928405708648,0.3222106148451532,0.7725748633197138,118.0,2.041571,1.4849725,0.0,0.0,0.52668965,3.0,0.6954043408234915,0.4198335328635136,0.47326159074587426,0.8113594400348517,DISRUPTIVE,359
NOVEL_SA_W4378470708,2023,0.8987409472465515,0.7055837563451777,197.0,290,44,5.673323267171493,0.7055837556395939,0.7642536827347667,0.6102030526119024,0.7371146343034457,197.0,1.6257261,1.2228928,0.0,0.0,0.10809178,44.0,0.30000000000000004,0.9999999999999997,0.5540458895266054,0.8105947021709199,DISRUPTIVE,360
NOVEL_QA_55,2021,0.9420676231384276,0.6493506493506493,77.0,6,18,1.9459101490553128,0.6493506487012987,0.8651247051494543,0.2092953736539021,0.7563869607102678,77.0,1.9988741,1.5127844,0.0,0.0,0.48371014,6.0,0.6181273142496745,0.5332200966143589,0.5084651183021058,0.8103554534203958,DISRUPTIVE,361
NOVEL_MT_215,2021,0.984429657459259,0.6545454545454545,165.0,34,59,3.555348061489413,0.654545453890909,0.9637498968021,0.3824009558510974,0.8437741141247616,165.0,2.0231314,1.3775065,0.0,0.0,0.50812805,1.0,0.9151020050048828,0.09747688548630469,0.3028024662378728,0.8096677045539911,DISRUPTIVE,362
NOVEL_DIA_3,2021,0.9461904764175416,0.6262135922330098,206.0,5,39,1.791759469228055,0.6262135916067961,0.8747233280986927,0.1927154590318873,0.7568205938936328,206.0,2.067686,1.4339361,0.0,0.0,0.55297774,4.0,0.6694074884057044,0.45797803576018,0.5054778882623989,0.809583216207907,DISRUPTIVE,363
NOVEL_MT_120,2021,0.9540117383003236,0.6649484536082474,194.0,52,57,3.970291913552122,0.6649484529432989,0.8929324029111264,0.4270308831912757,0.8007454609455759,194.0,2.0211997,1.4159783,0.0,0.0,0.50618356,2.0,0.7791070759296417,0.2970186947283041,0.40160112969561873,0.8090416303901672,DISRUPTIVE,364
NOVEL_SA_W4353016766,2023,0.8821114301681519,0.7740384615384616,208.0,598,28,6.395261598115449,0.7740384607644231,0.7255376641288895,0.6878522456146441,0.7314692816045717,208.0,1.641953,1.2076356,0.0,0.0,0.12442609,28.0,0.3,0.9999999999999997,0.5622130446135996,0.8086380008074997,DISRUPTIVE,365
NOVEL_MT_141,2021,0.9544001817703248,0.6756756756756757,185.0,2,25,1.0986122886681098,0.6756756749999999,0.8938367577724852,0.1181629427079084,0.7726371597115305,185.0,2.008481,1.4084811,0.0,0.0,0.4933807,3.0,0.6859866698582966,0.4336518356195018,0.463516265600469,0.8076065903194659,DISRUPTIVE,366
NOVEL_DIA_W4386317922,2023,0.9169232249259948,0.61875,160.0,277,17,5.627621113690637,0.61874999938125,0.8065847617201519,0.6052874868576422,0.7488880817661205,160.0,1.5546916,1.3069639,0.0,0.0,0.036586944,17.0,0.3,0.9999999999999997,0.5182934720069168,0.8073574515284365,DISRUPTIVE,367
NOVEL_QA_66,2021,0.9483884572982788,0.6403508771929824,228.0,1,24,0.6931471805599453,0.6403508765526316,0.8798405583990552,0.0745525163239789,0.7514138178222628,228.0,2.0222902,1.4706976,0.0,0.0,0.5072813,6.0,0.6296127716700236,0.516367784772934,0.5118245440893479,0.8071324581134999,DISRUPTIVE,368
NOVEL_SUM_75,2021,0.9446714520454408,0.6590909090909091,44.0,4,37,1.6094379124341005,0.6590909084318181,0.8711868107376788,0.1731055821971953,0.7589595074224582,44.0,2.0391681,1.484161,0.0,0.0,0.52427095,4.0,0.6698846846818924,0.45727785812148714,0.4907744049346907,0.8057863023354167,DISRUPTIVE,369
NOVEL_SUM_8,2021,0.9332864880561828,0.7591623036649214,191.0,5,25,1.791759469228055,0.759162302905759,0.8446809010616912,0.1927154590318873,0.7623806372275244,191.0,2.1687586,1.4406844,0.0,0.0,0.6547194,2.0,0.7706440627574921,0.3094362530261969,0.48207783267650484,0.8055072081763516,DISRUPTIVE,370
NOVEL_MT_61,2021,0.9449383020401,0.6721311475409836,61.0,3,33,1.3862943611198906,0.6721311468688523,0.8718080776878553,0.1491050326479578,0.759602387020065,61.0,2.0447824,1.4459485,0.0,0.0,0.5299224,4.0,0.6774533912539482,0.44617249255175884,0.4880474591493383,0.805306681253179,DISRUPTIVE,371
NOVEL_MT_156,2021,0.9349403381347656,0.7322834645669292,127.0,3,61,1.3862943611198906,0.7322834638346456,0.8485313129595157,0.1491050326479578,0.7553391151033859,127.0,2.1503806,1.3402108,0.0,0.0,0.63621974,2.0,0.738246974349022,0.3569716551118329,0.4965956975128867,0.8047596248576572,DISRUPTIVE,372
NOVEL_DIA_42,2021,0.9469250440597534,0.6538461538461539,156.0,13,49,2.6390573296152584,0.6538461531923077,0.8764335121268318,0.283847889977881,0.7726574781250319,156.0,2.0829756,1.4433079,0.0,0.0,0.5683685,2.0,0.7485401302576066,0.34186877615321676,0.4551186353319337,0.8043422954031819,DISRUPTIVE,373
NOVEL_DIA_W4315797044,2023,0.8775672912597656,0.5972222222222222,72.0,557,4,6.324358962381311,0.5972222216249999,0.7149582248285571,0.6802262030421095,0.6879378220092008,72.0,1.8210068,1.353396,0.0,0.0,0.3046653,4.0,0.3,0.9999999999999997,0.6523326486349104,0.8041604440709015,DISRUPTIVE,374
NOVEL_QA_81,2021,0.91752827167511,0.6830357142857143,224.0,35,77,3.58351893845611,0.6830357136026786,0.8079934016154497,0.3854309180637747,0.740745615657728,224.0,2.0713136,1.4466182,0.0,0.0,0.5566293,5.0,0.6421819651126862,0.49792533535723604,0.5272773177373644,0.8034422612003795,DISRUPTIVE,375
NOVEL_SA_39,2021,0.9420676231384276,0.6493506493506493,77.0,6,18,1.9459101490553128,0.6493506487012987,0.8651247051494543,0.2092953736539021,0.7563869607102678,77.0,1.9583427,1.4575152,0.0,0.0,0.4429104,6.0,0.6181273082892099,0.5332201053599929,0.4880652541866111,0.8023806733972461,DISRUPTIVE,376
NOVEL_SA_40,2021,0.9311681985855104,0.7280701754385965,114.0,45,24,3.828641396489095,0.7280701747105263,0.8397492043580201,0.4117954428954494,0.7746180222822643,114.0,2.0979185,1.4375013,0.0,0.0,0.5834103,2.0,0.7722420513629913,0.3070915660613396,0.4452509443637539,0.8022731045652949,DISRUPTIVE,377
NOVEL_SUM_52,2021,0.9462934732437134,0.7094594594594594,148.0,1,26,0.6931471805599453,0.7094594587499999,0.8749631202116934,0.0745525163239789,0.7618213275305833,148.0,2.1122177,1.4920784,0.0,0.0,0.5978041,2.0,0.741660076379776,0.35196369960220203,0.47488391436294486,0.8021847620136433,DISRUPTIVE,378
NOVEL_QA_57,2021,0.9311681985855104,0.7280701754385965,114.0,45,24,3.828641396489095,0.7280701747105263,0.8397492043580201,0.4117954428954494,0.7746180222822643,114.0,2.0968602,1.4437689,0.0,0.0,0.58234495,2.0,0.7722420513629913,0.3070915660613396,0.44471825765339623,0.8020648649754473,DISRUPTIVE,379
NOVEL_DIA_70,2021,0.9454887509346008,0.7878787878787878,99.0,10,63,2.3978952727983707,0.787878787090909,0.8730896055602888,0.2579093322201459,0.7945294145323986,99.0,2.239502,1.4966292,0.0,0.0,0.7259311,1.0,0.9336718678474426,0.07022981050948657,0.3980804592536904,0.8019953263266505,DISRUPTIVE,380
NOVEL_MT_300,2021,0.9490189552307128,0.7458563535911602,181.0,5,21,1.791759469228055,0.7458563528453038,0.8813084524796829,0.1927154590318873,0.7853587332080275,181.0,2.0501108,1.4306208,0.0,0.0,0.5352861,2.0,0.775069198012352,0.30294336758627904,0.4191147480536223,0.8018530429409705,DISRUPTIVE,381
NOVEL_QA_77,2021,0.9633668065071106,0.7475728155339806,103.0,29,27,3.4011973816621555,0.7475728147864077,0.9147124096933842,0.3658210412290827,0.8263953538655587,103.0,2.156397,1.4762597,0.0,0.0,0.64227605,,,0.0,0.32113802433013916,0.800983391743149,DISRUPTIVE,382
NOVEL_MT_86,2021,0.9602211713790894,0.6995515695067265,223.0,60,65,4.110873864173311,0.6995515688071748,0.9073888976773942,0.4421513921718883,0.8192976813527997,223.0,2.0956419,1.4786216,0.0,0.0,0.5811186,1.0,0.9192683339118958,0.09136373984436205,0.33624116176178065,0.8004133872481591,DISRUPTIVE,383
NOVEL_SA_64,2021,0.9175283312797546,0.6830357142857143,224.0,35,77,3.58351893845611,0.6830357136026786,0.8079935403840334,0.3854309180637747,0.7407457127957365,224.0,2.0551648,1.433018,0.0,0.0,0.54037356,5.0,0.6421819615364075,0.4979253406046164,0.519149452185548,0.8002649786488915,DISRUPTIVE,384
NOVEL_DIA_14,2021,0.9475549459457396,0.6388888888888888,72.0,1,32,0.6931471805599453,0.6388888882499999,0.8779000185216205,0.0745525163239789,0.7497630422475322,72.0,2.0299988,1.4644088,0.0,0.0,0.51504093,4.0,0.6536077752709388,0.481160542386375,0.49810073823611045,0.8002617423670318,DISRUPTIVE,385
NOVEL_MT_108,2021,0.9373959302902222,0.6153846153846154,156.0,54,43,4.007333185232471,0.6153846147692308,0.854248301079549,0.4310149144173413,0.7641522251512646,156.0,1.9920901,1.494783,0.0,0.0,0.47688127,3.0,0.6734926064809162,0.451984048651705,0.4644326571459819,0.8002252610309724,DISRUPTIVE,386
NOVEL_SA_1,2021,0.949308693408966,0.5845070422535211,142.0,10,67,2.3978952727983707,0.584507041669014,0.8819830065660823,0.2579093322201459,0.760080446152075,142.0,1.9922389,1.3672312,0.0,0.0,0.47703102,4.0,0.6645172089338303,0.46515341516698777,0.4710922187386224,0.7991145481342377,DISRUPTIVE,387
NOVEL_SUM_33,2021,0.9361814260482788,0.6071428571428571,140.0,5,36,1.791759469228055,0.6071428565357142,0.8514207524137449,0.1927154590318873,0.7366946438999529,140.0,2.0664885,1.4764756,0.0,0.0,0.55177224,5.0,0.6412177252769469,0.4993401392964343,0.525556188060235,0.7990743211212433,DISRUPTIVE,388
NOVEL_DIA_67,2021,0.9377537965774536,0.6641221374045801,131.0,5,52,1.791759469228055,0.664122136740458,0.8550814676573606,0.1927154590318873,0.7506530006114327,131.0,2.152334,1.4493951,0.0,0.0,0.63818604,2.0,0.7501857012510299,0.3394542727927115,0.4888201551665736,0.7974455263839332,DISRUPTIVE,389
NOVEL_SUM_6,2021,0.9593755602836608,0.7189189189189189,185.0,10,51,2.3978952727983707,0.7189189182,0.9054201877774252,0.2579093322201459,0.8033688483062122,185.0,2.1196756,1.3704398,0.0,0.0,0.60531145,1.0,0.8993694186210632,0.1205608987832015,0.36293617606281964,0.7963195368301893,DISRUPTIVE,390
NOVEL_QA_80,2021,0.9851056337356568,0.5869565217391305,46.0,15,32,2.772588722239781,0.5869565211521739,0.9653236713122536,0.2982100652959156,0.8229388806786039,46.0,2.1393087,1.5402323,0.0,0.0,0.6250745,,,0.0,0.3125372529029846,0.7944683144616103,DISRUPTIVE,391
NOVEL_SUM_11,2021,0.9417785406112672,0.6231884057971014,69.0,76,32,4.343805421853684,0.6231884051739129,0.8644516775174784,0.467204705874048,0.7764743258844222,69.0,2.0050929,1.2797832,0.0,0.0,0.48997012,2.0,0.7468004584312439,0.34442135120936235,0.4171957345083753,0.7929989073140656,DISRUPTIVE,392
NOVEL_DIA_W4380685958,2023,0.8582092523574829,0.6811594202898551,69.0,283,21,5.648974238161206,0.6811594196086956,0.6698897967569107,0.607584155163173,0.6659131571678939,69.0,1.8647826,1.3757765,0.0,0.0,0.3487309,21.0,0.29999999999999993,0.9999999999999999,0.674365445971489,0.7926836868367506,DISRUPTIVE,393
NOVEL_MT_127,2021,0.9510010480880736,0.6170212765957447,94.0,1,15,0.6931471805599453,0.6170212759787234,0.8859230629691142,0.0745525163239789,0.7510056509065225,94.0,2.008576,1.4931251,0.0,0.0,0.4934762,4.0,0.6703408882021903,0.4566084826054895,0.4750423473150891,0.7923811331605823,DISRUPTIVE,394
NOVEL_SA_10,2021,0.9451584815979004,0.6987951807228916,83.0,0,35,0.0,0.6987951800240964,0.8723206888368288,0.0,0.7503835181905995,83.0,2.0213442,1.3934585,0.0,0.0,0.506329,3.0,0.6774208267529804,0.4462202735939224,0.4762746367950539,0.7922953827805727,DISRUPTIVE,395
NOVEL_MT_298,2021,0.9262877702713012,0.8,25.0,3,41,1.3862943611198906,0.7999999992,0.828386832707252,0.1491050326479578,0.7547812859998722,25.0,2.010997,1.4030572,0.0,0.0,0.4959134,3.0,0.6857845385869344,0.43394841755727154,0.4649309019510906,0.7918722957473262,DISRUPTIVE,396
NOVEL_MT_17,2021,0.9285383224487304,0.7520325203252033,246.0,1,29,0.6931471805599453,0.7520325195731707,0.8336264568986258,0.0745525163239789,0.7414002753760701,246.0,2.1875896,1.4236662,0.0,0.0,0.6736751,2.0,0.7660515934228896,0.3161746633930126,0.4949248916349371,0.7913920980348401,DISRUPTIVE,397
NOVEL_SA_26,2021,0.9315139651298524,0.7054263565891473,129.0,0,33,0.0,0.7054263558837209,0.8405542009132974,0.0,0.7294732118160523,129.0,2.0564399,1.465554,0.0,0.0,0.5416571,5.0,0.6393932723999022,0.5020171113750097,0.5218371007810412,0.7910333846346422,DISRUPTIVE,398
NOVEL_DIA_6,2021,0.953044593334198,0.7409638554216867,166.0,11,41,2.4849066497880004,0.7409638546807228,0.8906807438685596,0.2672679753558662,0.7983960891797228,166.0,2.1433382,1.4116497,0.0,0.0,0.6291307,1.0,0.9191620111465454,0.09151974446237168,0.3603252327772979,0.7907629358297671,DISRUPTIVE,399
NOVEL_DIA_56,2021,0.9374068975448608,0.6,25.0,85,21,4.454347296253507,0.5999999993999999,0.854273834498989,0.4790942080271385,0.7659011048320061,25.0,2.0840163,1.5182308,0.0,0.0,0.5694161,2.0,0.7777957618236542,0.2989427516837552,0.4341794287154891,0.7899938201671391,DISRUPTIVE,400
NOVEL_DIA_55,2021,0.9351077079772948,0.8387096774193549,93.0,8,15,2.19722457733622,0.8387096765806451,0.8489209751431421,0.2363258854158169,0.7856192064579102,93.0,2.2874248,1.3199514,0.0,0.0,0.77417123,,,0.0,0.38708561658859253,0.7895697043371054,DISRUPTIVE,401
NOVEL_MT_247,2021,0.9502278566360474,0.6666666666666666,165.0,1,28,0.6931471805599453,0.6666666659999999,0.8841229568985995,0.0745525163239789,0.7596746546614175,165.0,2.008853,1.4377716,0.0,0.0,0.4937551,3.0,0.7089821000893911,0.3999112411443057,0.44683317165094927,0.7892609796008887,DISRUPTIVE,402
NOVEL_MT_0,2021,0.9428442120552064,0.6164383561643836,73.0,0,24,0.0,0.6164383555479451,0.8669327210292527,0.0,0.7301405758300659,73.0,2.0777168,1.4633083,0.0,0.0,0.5630749,4.0,0.6629320099949837,0.46747933618784393,0.5152771114933513,0.7890776715076143,DISRUPTIVE,403
NOVEL_MT_67,2021,0.9511993527412416,0.7258064516129032,62.0,0,33,0.0,0.7258064508870967,0.886384746047792,0.0,0.7656306124108738,62.0,2.0829172,1.5126431,0.0,0.0,0.56830966,2.0,0.7794367372989655,0.2965349912070083,0.4324223279666328,0.7890601979556765,DISRUPTIVE,404
NOVEL_MT_234,2021,0.8862196207046509,0.8666666666666667,75.0,3,25,1.3862943611198906,0.8666666658,0.7351021500064849,0.1491050326479578,0.7028153414293352,75.0,2.3254235,1.4344826,0.0,0.0,0.81242144,2.0,0.7470689564943314,0.34402739101061985,0.578224416044403,0.7887604077365857,DISRUPTIVE,405
NOVEL_MT_130,2021,0.9394015073776244,0.7282608695652174,92.0,1,21,0.6931471805599453,0.7282608688369565,0.8589175863910415,0.0745525163239789,0.7543497358735182,92.0,2.0925336,1.4621438,0.0,0.0,0.57798976,2.0,0.7513970673084259,0.3376768669997836,0.4578333120303941,0.7887040430059529,DISRUPTIVE,406
NOVEL_SA_W4396560090,2024,0.972464680671692,0.0,0.0,1859,831,7.528331766707247,0.0,0.9358936300360592,0.8097213588553753,0.736097676910779,,,,,,0.0,831.0,0.29999999999999993,0.9999999999999999,0.49999999999999994,0.7885392885785453,DISRUPTIVE,407
NOVEL_SA_59,2021,0.94770747423172,0.5886075949367089,158.0,27,37,3.332204510175204,0.5886075943481013,0.8782551273278533,0.3584004063018599,0.7683401486293034,158.0,2.0223534,1.4969169,0.0,0.0,0.5073449,2.0,0.7488367646932601,0.34143353218951694,0.42438921687562703,0.7883913831345251,DISRUPTIVE,408
NOVEL_MT_256,2021,0.931268036365509,0.6442307692307693,208.0,6,19,1.9459101490553128,0.6442307685865385,0.8399816417360736,0.2092953736539021,0.7377628402979494,208.0,2.0301223,1.4443994,0.0,0.0,0.5151652,4.0,0.6590473979711533,0.4731791260014,0.4941721678858013,0.7877799394786749,DISRUPTIVE,409
NOVEL_QA_83,2021,0.9354220628738404,0.6041666666666666,96.0,10,48,2.3978952727983707,0.6041666660624999,0.849652840654698,0.2579093322201459,0.7413812548928033,96.0,2.0128865,1.4573853,0.0,0.0,0.49781537,4.0,0.6602091521024704,0.47147451449247285,0.4846449425260826,0.7873560778899942,DISRUPTIVE,410
NOVEL_MT_277,2021,0.9391443133354188,0.6792452830188679,159.0,16,30,2.833213344056216,0.6792452823396226,0.858318799951459,0.3047306401959732,0.767145280453543,159.0,2.0601268,1.4987246,0.0,0.0,0.5453684,2.0,0.7752487987279892,0.30267984414475724,0.42402410876938484,0.7871587499810684,DISRUPTIVE,411
NOVEL_MT_31,2021,0.9105274081230164,0.7286245353159851,269.0,1,27,0.6931471805599453,0.7286245345873605,0.7916943375919894,0.0745525163239789,0.7073661948642626,269.0,2.0883286,1.4032102,0.0,0.0,0.5737569,8.0,0.6045539110898972,0.5531359967327708,0.5634464351702031,0.7871344319623875,DISRUPTIVE,412
NOVEL_MT_29,2021,0.9401034116744996,0.7263157894736842,95.0,0,26,0.0,0.7263157887473684,0.8605517252351974,0.0,0.7476493654141119,95.0,2.1347535,1.4692001,0.0,0.0,0.6204891,2.0,0.7664258420467377,0.3156255381571176,0.468057329320258,0.7865890779885357,DISRUPTIVE,413
NOVEL_DIA_2,2021,0.9817122220993042,0.6170212765957447,94.0,19,21,2.995732273553991,0.6170212759787234,0.9574232982929386,0.3222106148451532,0.825821625485317,94.0,2.0214436,1.5104892,0.0,0.0,0.5064291,1.0,0.9373719751834869,0.0648007396077665,0.28561490790126487,0.7865732529279031,DISRUPTIVE,414
NOVEL_QA_47,2021,0.983712673187256,0.6886792452830188,106.0,7,45,2.079441541679836,0.6886792445943395,0.9620806495062152,0.2236575489719367,0.8335580584704122,106.0,2.0498571,1.4728106,0.0,0.0,0.5350307,,,0.0,0.2675153613090515,0.7865545395804571,DISRUPTIVE,415
NOVEL_SUM_54,2021,0.9374068975448608,0.6,25.0,85,21,4.454347296253507,0.5999999993999999,0.854273834498989,0.4790942080271385,0.7659011048320061,25.0,2.0604453,1.4969594,0.0,0.0,0.545689,2.0,0.7777957528829574,0.29894276480220616,0.4223158757902327,0.785356082173578,DISRUPTIVE,416
NOVEL_SA_44,2021,0.9272621273994446,0.7469879518072289,83.0,3,29,1.3862943611198906,0.7469879510602409,0.8306552827484723,0.1491050326479578,0.7457667914007746,83.0,2.1075046,1.4482538,0.0,0.0,0.59305984,2.0,0.7504474937915803,0.339070151432138,0.46606499462514184,0.7840930305091843,DISRUPTIVE,417
NOVEL_MT_163,2020,0.9451077580451964,0.6804123711340206,194.0,2,28,1.0986122886681098,0.6804123704536083,0.8722025967719189,0.1181629427079084,0.7584405861018557,194.0,1.9767973,1.4416542,0.0,0.0,0.46148726,3.0,0.7022366007169086,0.40980873628018116,0.4356479998606335,0.7837627758087194,DISRUPTIVE,418
NOVEL_MT_190,2021,0.9272621273994446,0.7469879518072289,83.0,3,29,1.3862943611198906,0.7469879510602409,0.8306552827484723,0.1491050326479578,0.7457667914007746,83.0,2.0957177,1.4764103,0.0,0.0,0.5811949,2.0,0.7504474937915803,0.339070151432138,0.4601325145283248,0.7817738864454798,DISRUPTIVE,419
NOVEL_MT_91,2021,0.9284208416938782,0.6844444444444444,225.0,2,37,1.0986122886681098,0.6844444437599999,0.8333529440197341,0.1181629427079084,0.7320522438366047,225.0,2.088101,1.2751368,0.0,0.0,0.5735277,3.0,0.7051233073075611,0.405573147058094,0.48955042040328406,0.780764247117238,DISRUPTIVE,420
NOVEL_QA_58,2021,0.940808653831482,0.6349206349206349,126.0,6,32,1.9459101490553128,0.6349206342857142,0.8621936351200519,0.2092953736539021,0.7514492088065693,126.0,2.0625412,1.4149723,0.0,0.0,0.5477988,2.0,0.74960697889328,0.34030341700051003,0.4440511146949419,0.780670534705033,DISRUPTIVE,421
NOVEL_MT_286,2021,0.9322503805160522,0.6810344827586207,116.0,2,47,1.0986122886681098,0.6810344820775861,0.8422686867675379,0.1181629427079084,0.7376112714235845,116.0,2.0621293,1.4805797,0.0,0.0,0.5473841,3.0,0.7055380841096243,0.4049645558843047,0.47617431957766565,0.7806059089724514,DISRUPTIVE,422
NOVEL_MT_4,2021,0.9395760297775269,0.8333333333333334,30.0,0,23,0.0,0.8333333325,0.859323900804738,0.0,0.7681933970633166,30.0,2.2499545,1.5105871,0.0,0.0,0.7364528,1.0,0.9320512771606445,0.07260766091819934,0.40453023941753474,0.7804941882055088,DISRUPTIVE,423
NOVEL_DIA_68,2021,0.9497116208076476,0.7012987012987013,154.0,26,47,3.295836866004329,0.7012987005974025,0.8829210821933319,0.3544888281237253,0.7937533804671854,154.0,2.1611416,1.4022609,0.0,0.0,0.647052,1.0,0.9534182906150818,0.04125639986906383,0.34415419495062993,0.7802064362138577,DISRUPTIVE,424
NOVEL_QA_3,2021,0.9426175355911256,0.6060606060606061,66.0,73,38,4.30406509320417,0.6060606054545454,0.8664049841046328,0.4629303734040382,0.7739886473045559,66.0,1.946338,1.1835499,0.0,0.0,0.4308263,2.0,0.7476907730102539,0.34311501586952114,0.38697066110629985,0.7789159031496813,DISRUPTIVE,425
NOVEL_MT_5,2021,0.9478248357772828,0.5955882352941176,136.0,13,34,2.6390573296152584,0.5955882346985294,0.8785283626695775,0.283847889977881,0.7624722898061981,136.0,1.9192355,1.4586874,0.0,0.0,0.4035443,3.0,0.6927999635537464,0.4236548676433284,0.41359958719919715,0.7788210750590313,DISRUPTIVE,426
NOVEL_MT_301,2021,0.9433164596557616,0.7540983606557377,61.0,1,35,0.6931471805599453,0.7540983599016392,0.8680321845195921,0.0745525163239789,0.7658974527764402,61.0,2.2217884,1.438241,0.0,0.0,0.70810026,1.0,0.9143603205680847,0.09856513969851469,0.40333269950128064,0.7779317870419831,DISRUPTIVE,427
NOVEL_MT_210,2021,0.9525794982910156,0.6,230.0,18,36,2.9444389791664403,0.5999999993999999,0.8895979326082891,0.3166936852890821,0.7743879212347106,230.0,1.9738958,1.2222276,0.0,0.0,0.4585665,2.0,0.7747354865074159,0.3034330137658287,0.38099975030065425,0.7769459349900518,DISRUPTIVE,428
NOVEL_QA_62,2021,0.9272621273994446,0.7469879518072289,83.0,3,29,1.3862943611198906,0.7469879510602409,0.8306552827484723,0.1491050326479578,0.7457667914007746,83.0,2.0611625,1.397003,0.0,0.0,0.5464109,2.0,0.7504474937915803,0.339070151432138,0.44274053483395837,0.7749749582053493,DISRUPTIVE,429
NOVEL_MT_153,2021,0.9391485452651978,0.5846994535519126,183.0,3,109,1.3862943611198906,0.584699452967213,0.8583286525209165,0.1491050326479578,0.7326804506228799,183.0,1.9497108,1.456635,0.0,0.0,0.43422145,6.0,0.632831064860026,0.5116456671897924,0.47293355685196103,0.7748413511618182,DISRUPTIVE,430
NOVEL_SA_63,2021,0.9457635879516602,0.75,4.0,2,42,1.0986122886681098,0.7499999992499999,0.87372946750071,0.1181629427079084,0.7734269213712879,4.0,2.2634535,1.4772577,0.0,0.0,0.7500412,,,0.0,0.3750205934047699,0.7737319639004462,DISRUPTIVE,431
NOVEL_MT_19,2021,0.9513867497444152,0.6159420289855072,138.0,0,13,0.0,0.6159420283695651,0.8868210344756129,0.0,0.7439631298068421,138.0,1.9945549,1.4525151,0.0,0.0,0.47936237,3.0,0.7050018032391865,0.4057514268057184,0.4425568976946988,0.7732579528385682,DISRUPTIVE,432
NOVEL_MT_289,2021,0.9450960159301758,0.6666666666666666,114.0,1,30,0.6931471805599453,0.6666666659999999,0.8721752593608884,0.0745525163239789,0.7513112663850197,114.0,2.0591905,1.4335002,0.0,0.0,0.5444259,2.0,0.7745920866727829,0.3036434205996882,0.4240346626752561,0.7727198146149054,DISRUPTIVE,433
NOVEL_SA_61,2021,0.9399526715278624,0.7777777777777778,63.0,1,23,0.6931471805599453,0.777777777,0.8602007794864818,0.0745525163239789,0.7651513526729351,63.0,2.2353141,1.541122,0.0,0.0,0.72171557,1.0,0.939600121974945,0.06153143798712797,0.3916235037416414,0.7726738325628668,DISRUPTIVE,434
NOVEL_MT_9,2020,0.9488226175308228,0.5094339622641509,53.0,4,19,1.6094379124341005,0.5094339617547169,0.880851348764275,0.1731055821971953,0.7357932947056554,53.0,1.8923337,1.4804885,0.0,0.0,0.3764645,4.0,0.6130441784858702,0.540678449023742,0.45857146757293665,0.7720662709061823,DISRUPTIVE,435
NOVEL_SA_66,2021,0.946635603904724,0.7557251908396947,131.0,9,42,2.302585092994046,0.7557251900839694,0.8757596518833518,0.2476580985211743,0.7889426041872576,131.0,2.183055,1.4441332,0.0,0.0,0.66911036,,,0.0,0.33455517888069153,0.7720657888059502,DISRUPTIVE,436
NOVEL_MT_109,2021,0.9311457872390748,0.6956521739130435,23.0,6,26,1.9459101490553128,0.6956521732173913,0.8396970273704689,0.2092953736539021,0.7478478911681966,23.0,2.060281,1.5005977,0.0,0.0,0.54552364,2.0,0.7685043394565583,0.312575813167512,0.4290497283305822,0.7715211881302941,DISRUPTIVE,437
NOVEL_MT_W2626778328,2025,0.952605128288269,0.0,0.0,6494,28,8.7787879291047,0.0,0.8896576030993716,0.9442161040900692,0.7171819325785671,,,,,,0.0,28.0,0.3,0.9999999999999997,0.49999999999999983,0.7712852144960501,DISRUPTIVE,438
NOVEL_SA_62,2021,0.9435154795646667,0.7631578947368421,76.0,2,50,1.0986122886681098,0.7631578939736842,0.8684955328212767,0.1181629427079084,0.7723947460404214,76.0,2.238286,1.4203631,0.0,0.0,0.7247071,1.0,0.97311230301857,0.012359889587770826,0.3685335081026012,0.7702545088205724,DISRUPTIVE,439
NOVEL_SUM_36,2021,0.941761314868927,0.6511627906976745,86.0,1,33,0.6931471805599453,0.6511627900465117,0.8644115733967275,0.0745525163239789,0.7427759110194094,86.0,2.0720818,1.4763973,0.0,0.0,0.55740255,2.0,0.7703931868076325,0.30980435675823087,0.43360345396619737,0.7686749175194882,DISRUPTIVE,440
NOVEL_SA_W4213436352,2022,0.8270996809005737,0.996422182468694,559.0,1637,143,7.401231264413015,0.9964221814722716,0.5974620322182145,0.7960508678863117,0.6971129456358357,559.0,1.5926208,1.2995973,0.0,0.0,0.07476735,143.0,0.30000000000000004,0.9999999999999997,0.5373836755752561,0.767593351251232,DISRUPTIVE,441
NOVEL_MT_53,2021,0.9717705845832824,0.7114093959731543,149.0,1,37,0.6931471805599453,0.7114093952617448,0.934277669876396,0.0745525163239789,0.803731499598224,149.0,2.0807552,1.4866581,0.0,0.0,0.5661334,,,0.0,0.28306668996810913,0.7654274961472045,DISRUPTIVE,442
NOVEL_SA_43,2021,0.9320695996284484,0.85,40.0,0,32,0.0,0.8499999991499999,0.8418478016525306,0.0,0.7592934609867714,40.0,2.2697096,1.3855922,0.0,0.0,0.7563387,,,0.0,0.37816935777664185,0.7620709948362183,DISRUPTIVE,443
NOVEL_MT_274,2021,0.9571551084518432,0.7048458149779736,227.0,9,44,2.302585092994046,0.7048458142731278,0.9002506417209273,0.2476580985211743,0.795910421911392,227.0,2.0854163,1.337154,0.0,0.0,0.57082534,1.0,0.9804728209972382,0.0015599937062918694,0.2861926660349697,0.7595154844763716,DISRUPTIVE,444
NOVEL_DIA_0,2021,0.9455913305282592,0.7575757575757576,99.0,0,23,0.0,0.7575757568181818,0.8733284262932022,0.0,0.7628450497688778,99.0,2.223738,1.4809476,0.0,0.0,0.71006274,,,0.0,0.3550313711166382,0.7562654155363616,DISRUPTIVE,445
NOVEL_MT_303,2021,0.9412447810173036,0.7006802721088435,147.0,36,51,3.610917912644224,0.7006802714081632,0.8632090048485407,0.3883778570800592,0.783220143383617,147.0,2.1205964,1.4937599,0.0,0.0,0.60623837,1.0,0.9771443247795105,0.00644380931513027,0.30634108724423503,0.7558164798214724,DISRUPTIVE,446
NOVEL_SUM_77,2021,0.9376615285873412,0.7582417582417582,91.0,13,29,2.6390573296152584,0.7582417574835164,0.8548666538894635,0.283847889977881,0.7784397982171157,91.0,2.1461835,1.4675043,0.0,0.0,0.63199484,,,0.0,0.3159974217414856,0.755230953411042,DISRUPTIVE,447
NOVEL_SA_4,2021,0.9821597337722778,0.5705521472392638,163.0,46,28,3.8501476017100575,0.5705521466687117,0.9584651728209548,0.4141085760376883,0.8264469079121795,163.0,1.923035,1.2948755,0.0,0.0,0.40736902,,,0.0,0.2036845088005066,0.755115113622554,DISRUPTIVE,448
NOVEL_MT_270,2021,0.946445643901825,0.5555555555555556,63.0,0,19,0.0,0.555555555,0.8753173964064225,0.0,0.7238332884844957,63.0,2.0050886,1.5017624,0.0,0.0,0.4899658,3.0,0.7128137846787771,0.3942891103736227,0.4421274534221324,0.7547285554608212,DISRUPTIVE,449
NOVEL_DIA_W4377227441,2023,0.9575446248054504,0.0,0.0,559,27,6.327936783729195,0.0,0.9011574944167968,0.6806110211470131,0.6988713482064589,,,,,,0.0,27.0,0.3,0.9999999999999997,0.49999999999999983,0.7545831395630471,DISRUPTIVE,450
NOVEL_DIA_66,2021,0.971241295337677,0.6428571428571429,196.0,13,32,2.6390573296152584,0.6428571422142857,0.933045404851252,0.283847889977881,0.8100880008365215,196.0,1.9858224,1.4265379,0.0,0.0,0.4705721,1.0,0.9815099596977234,3.822716589971924e-05,0.23530517057834172,0.7525545192487962,DISRUPTIVE,451
NOVEL_MT_192,2021,0.9418121576309204,0.8,50.0,15,38,2.772588722239781,0.7999999992,0.8645299429988049,0.2982100652959156,0.7949919664687549,50.0,2.0550494,1.4955822,0.0,0.0,0.5402574,,,0.0,0.27012869715690613,0.7523979335513524,DISRUPTIVE,452
NOVEL_DIA_13,2021,0.9313381314277648,0.6724137931034483,58.0,12,64,2.5649493574615367,0.6724137924310344,0.8401448335907545,0.2758770924926137,0.7501718512489963,58.0,1.962354,1.4238869,0.0,0.0,0.44694823,2.0,0.7781823217868804,0.29837556234098195,0.3726618963037765,0.7515976865275971,DISRUPTIVE,453
NOVEL_MT_82,2021,0.9434558749198914,0.7422222222222222,225.0,3,51,1.3862943611198906,0.7422222214799999,0.8683567642373641,0.1491050326479578,0.7712046825269506,225.0,2.1538844,1.4520373,0.0,0.0,0.6397467,1.0,0.9803067028522492,0.0018037345238681867,0.3207752300415514,0.7504991689197198,DISRUPTIVE,454
NOVEL_QA_32,2021,0.942882239818573,0.7916666666666666,168.0,3,39,1.3862943611198906,0.7916666658749999,0.8670212553857887,0.1491050326479578,0.7801587152098478,168.0,2.1105294,1.3252107,0.0,0.0,0.5961047,,,0.0,0.2980523407459259,0.7497837222569754,DISRUPTIVE,455
NOVEL_MT_W4391855109,2024,0.9518730044364928,0.0,0.0,568,230,6.343880434126331,0.0,0.8879531085831723,0.6823258651077663,0.6897997625189973,,,,,,0.0,230.0,0.2999999999999999,1.0,0.5,0.7463084553239174,DISRUPTIVE,456
NOVEL_QA_W4391855109,2024,0.9518730044364928,0.0,0.0,568,230,6.343880434126331,0.0,0.8879531085831723,0.6823258651077663,0.6897997625189973,,,,,,0.0,230.0,0.2999999999999999,1.0,0.5,0.7463084553239174,DISRUPTIVE,457
NOVEL_SA_27,2021,0.9428821802139282,0.7916666666666666,168.0,3,39,1.3862943611198906,0.7916666658749999,0.8670211166172048,0.1491050326479578,0.7801586180718392,168.0,2.0843446,1.2787977,0.0,0.0,0.56974655,,,0.0,0.28487327694892883,0.7446316319477628,DISRUPTIVE,458
NOVEL_QA_52,2021,0.940133571624756,0.7738095238095238,84.0,1,25,0.6931471805599453,0.7738095230357143,0.8606219421386572,0.0745525163239789,0.7646525157366008,84.0,2.152949,1.4553679,0.0,0.0,0.6388052,,,0.0,0.3194026052951813,0.7439859921527997,DISRUPTIVE,459
NOVEL_MT_110,2021,0.9523590803146362,0.7398373983739838,123.0,1,0,0.6931471805599453,0.7398373976341464,0.8890847663849802,0.0745525163239789,0.7777820676287134,123.0,2.0919547,1.3934342,0.0,0.0,0.577407,,,0.0,0.2887035012245178,0.7439611751799926,DISRUPTIVE,460
NOVEL_DIA_W4392240262,2024,0.9520476460456848,0.0,0.0,422,69,6.0473721790462776,0.0,0.8883597005340366,0.6504344614535053,0.6868952365191761,,,,,,0.0,69.0,0.30000000000000004,0.9999999999999997,0.49999999999999983,0.7436590799731357,DISRUPTIVE,461
NOVEL_QA_17,2021,0.9342108964920044,0.7897435897435897,195.0,0,11,0.0,0.7897435889538461,0.8468330630295927,0.0,0.7507318619114841,195.0,2.186541,1.3488412,0.0,0.0,0.6726196,1.0,0.9631790816783905,0.026934645950370435,0.3497771135864523,0.7431623102212601,DISRUPTIVE,462
NOVEL_DIA_24,2021,0.9279783964157104,0.8148148148148148,54.0,6,27,1.9459101490553128,0.8148148139999999,0.8323228648213505,0.2092953736539021,0.7665185055403355,54.0,2.1189878,1.4892707,0.0,0.0,0.6046191,1.0,0.9719502985477447,0.014064868413323066,0.30934197710102496,0.7417551295355334,DISRUPTIVE,463
NOVEL_MT_W3213029956,2022,0.949524223804474,0.0,0.0,457,84,6.126869184114185,0.0,0.882484793765511,0.6589848847030738,0.683637844106165,,,,,,0.0,84.0,0.3,0.9999999999999997,0.49999999999999983,0.7406878360705557,DISRUPTIVE,464
NOVEL_MT_306,2024,0.9468058347702026,0.6741573033707865,89.0,8,28,2.19722457733622,0.6741573026966291,0.8761559749590065,0.2363258854158169,0.771773231552212,89.0,2.0984256,1.422641,0.0,0.0,0.5839208,,,0.0,0.29196038842201233,0.7397533833535662,DISRUPTIVE,465
NOVEL_SUM_W4402061574,2024,0.9451265335083008,0.0,0.0,735,52,6.601230118728877,0.0,0.8722463088758516,0.7100055081913651,0.6815729670322326,,,,,,0.0,52.0,0.30000000000000004,0.9999999999999997,0.49999999999999983,0.7388043499449684,DISRUPTIVE,466
NOVEL_DIA_47,2021,0.9435997009277344,0.6935483870967742,124.0,12,33,2.5649493574615367,0.6935483864032258,0.8686916128303452,0.2758770924926137,0.7743815155111482,124.0,2.0758696,1.3917445,0.0,0.0,0.5612154,,,0.0,0.2806077003479004,0.7376945112323094,DISRUPTIVE,467
NOVEL_SUM_73,2021,0.9334275126457214,0.7037037037037037,135.0,40,46,3.713572066704308,0.703703703,0.8450092275312288,0.3994189832808557,0.7721890981999456,135.0,2.0768454,1.3832996,0.0,0.0,0.5621977,1.0,0.9756551086902618,0.008628897206433686,0.28541329122406645,0.73757330568518,DISRUPTIVE,468
NOVEL_DIA_W4389437528,2023,0.93941068649292,0.0,0.0,1397,19,7.242797922793756,0.0,0.8589389567529646,0.7790103249560345,0.6791583022226786,,,,,,0.0,19.0,0.3,0.9999999999999997,0.49999999999999983,0.7366018034960037,DISRUPTIVE,469
NOVEL_MT_287,2021,0.9312946200370787,0.6703296703296703,91.0,0,18,0.0,0.6703296696593406,0.8400435325244984,0.0,0.722096406699017,91.0,1.997231,1.4483347,0.0,0.0,0.4820562,2.0,0.7652681827545166,0.3173241414155362,0.3996901709599196,0.7365545336126019,DISRUPTIVE,470
NOVEL_MT_83,2021,0.9313756823539734,0.5476190476190477,84.0,1,34,0.6931471805599453,0.5476190470714286,0.8402322577986198,0.0745525163239789,0.7051416415057175,84.0,1.9346464,1.5149422,0.0,0.0,0.41905722,4.0,0.6685526013374329,0.45923238923836085,0.4391448047294633,0.7365129061505679,DISRUPTIVE,471
NOVEL_QA_8,2021,0.94839209318161,0.6682692307692307,208.0,9,33,2.302585092994046,0.6682692301009614,0.8798490232826737,0.2476580985211743,0.7743139721701812,208.0,2.0671115,1.4328855,0.0,0.0,0.55239934,1.0,0.9815360128879547,0.0,0.27619966864585876,0.735909699466541,DISRUPTIVE,472
NOVEL_DIA_W4404046121,2024,0.9392459988594056,0.0,0.0,1236,70,7.120444372392488,0.0,0.8585555391556139,0.7658503997346429,0.677573917382394,,,,,,0.0,70.0,0.30000000000000004,0.9999999999999997,0.49999999999999983,0.7351566003398742,DISRUPTIVE,473
NOVEL_DIA_W4385878593,2023,0.941461741924286,0.0,0.0,806,78,6.693323668269949,0.0,0.8637141224939827,0.7199107722507927,0.6765909629708671,,,,,,0.0,78.0,0.30000000000000004,0.9999999999999997,0.49999999999999983,0.7342599944258621,DISRUPTIVE,474
NOVEL_MT_269,2021,0.9361221194267272,0.7466666666666667,225.0,6,0,1.9459101490553128,0.74666666592,0.8512826776727516,0.2092953736539021,0.7661607449203162,225.0,2.0938356,1.311999,0.0,0.0,0.57930034,,,0.0,0.28965017199516296,0.7337308133787711,DISRUPTIVE,475
NOVEL_SA_W4396583326,2024,0.9362714886665344,0.0,0.0,1662,34,7.416378479192928,0.0,0.8516304317440369,0.7976800499832943,0.6759093072191552,,,,,,0.0,34.0,0.30000000000000004,0.9999999999999997,0.49999999999999983,0.7336382193250658,DISRUPTIVE,476
NOVEL_DIA_W4393353064,2024,0.9425148963928224,0.0,0.0,638,202,6.459904454377535,0.0,0.8661660246031353,0.6948050079310321,0.6757967180152978,,,,,,0.0,202.0,0.29999999999999993,0.9999999999999999,0.49999999999999994,0.733535520619156,DISRUPTIVE,477
NOVEL_SA_65,2021,0.941518008708954,0.7261146496815286,157.0,1,0,0.6931471805599453,0.7261146489554139,0.8638451200371963,0.0745525163239789,0.7573697654495181,157.0,2.1323042,1.3693094,0.0,0.0,0.61802363,,,0.0,0.3090118169784546,0.7332810013402624,DISRUPTIVE,478
NOVEL_SA_W4312597583,2022,0.9405253529548644,0.0,0.0,683,47,6.52795791762255,0.0,0.8615340680407145,0.7021246033528568,0.6732863079637859,,,,,,0.0,47.0,0.3000000000000001,0.9999999999999997,0.49999999999999983,0.7312456397534863,DISRUPTIVE,479
NOVEL_DIA_W4319790168,2023,0.9416908025741576,0.0,0.0,536,48,6.285998094508865,0.0,0.8642474101619585,0.676100240608053,0.6725832111741762,,,,,,0.0,48.0,0.3,0.9999999999999997,0.49999999999999983,0.7306043071216833,DISRUPTIVE,480
NOVEL_SA_W4283168218,2022,0.945640742778778,0.0,0.0,287,46,5.662960480135946,0.0,0.8734434654492658,0.6090884670357115,0.6723192725180571,,,,,,0.0,46.0,0.3000000000000001,0.9999999999999997,0.49999999999999983,0.730363554389677,DISRUPTIVE,481
NOVEL_DIA_W4383913712,2023,0.939922332763672,0.0,0.0,677,107,6.519147287940395,0.0,0.8601301462772708,0.7011769624598032,0.6722087986400698,,,,,,0.0,107.0,0.29999999999999993,0.9999999999999999,0.49999999999999994,0.7302627851869697,DISRUPTIVE,482
NOVEL_SA_W4213072767,2022,0.9449625015258788,0.0,0.0,296,29,5.6937321388027,0.0,0.8718644177329238,0.6123981603438713,0.6715449084474338,,,,,,0.0,29.0,0.30000000000000004,0.9999999999999997,0.49999999999999983,0.7296572150140382,DISRUPTIVE,483
NOVEL_QA_W4304013646,2022,0.941607654094696,0.0,0.0,446,17,6.102558594613569,0.0,0.8640538279874006,0.6563701216752186,0.6704746917587022,,,,,,0.0,17.0,0.3,0.9999999999999997,0.49999999999999983,0.7286810124545517,DISRUPTIVE,484
NOVEL_MT_155,2021,0.9332724809646606,0.6,40.0,2,29,1.0986122886681098,0.5999999993999999,0.844648290444472,0.1181629427079084,0.7230700974619212,40.0,1.9630725,1.4648817,0.0,0.0,0.4476716,2.0,0.7724222868680954,0.30682711120980444,0.3772493517226848,0.7286700529346317,DISRUPTIVE,485
NOVEL_QA_W4226115138,2022,0.9426987767219543,0.0,0.0,373,60,5.924255797414532,0.0,0.8665941256845056,0.637192488740098,0.6703351368531637,,,,,,0.0,60.0,0.30000000000000004,0.9999999999999997,0.49999999999999983,0.7285537168728159,DISRUPTIVE,486
NOVEL_MT_W4226115138,2022,0.9426987767219543,0.0,0.0,373,60,5.924255797414532,0.0,0.8665941256845056,0.637192488740098,0.6703351368531637,,,,,,0.0,60.0,0.30000000000000004,0.9999999999999997,0.49999999999999983,0.7285537168728159,DISRUPTIVE,487
NOVEL_DIA_W4386417345,2023,0.939834713935852,0.0,0.0,572,56,6.35088571671474,0.0,0.8599261564589189,0.6830793291038321,0.6702562424316264,,,,,,0.0,56.0,0.3,0.9999999999999997,0.49999999999999983,0.728481753001345,DISRUPTIVE,488
NOVEL_MT_W4362657000,2023,0.9397262334823608,0.0,0.0,492,766,6.20050917404269,0.0,0.8596735976361979,0.6669053476368009,0.6684620531090186,,,,,,0.0,766.0,0.29999999999999993,0.9999999999999999,0.49999999999999994,0.7268451758227468,DISRUPTIVE,489
NOVEL_MT_246,2021,0.9394363164901732,0.64,75.0,1,13,0.6931471805599453,0.63999999936,0.8589986272440465,0.0745525163239789,0.7367542905752303,75.0,1.8608162,1.4652233,0.0,0.0,0.3447383,2.0,0.752846622467041,0.3355499725566379,0.3401441385858293,0.7266468576227425,DISRUPTIVE,490
NOVEL_QA_1,2021,0.9399293065071106,0.7325581395348837,86.0,1,0,0.6931471805599453,0.7325581388023255,0.8601463822015882,0.0745525163239789,0.7560693469339748,86.0,2.1041932,1.4220883,0.0,0.0,0.58972657,,,0.0,0.2948632836341858,0.7265638294009257,DISRUPTIVE,491
NOVEL_QA_W4381598461,2023,0.9398139119148254,0.0,0.0,454,128,6.12029741895095,0.0,0.8598777262231334,0.6582780483437112,0.6677422131905645,,,,,,0.0,128.0,0.29999999999999993,0.9999999999999999,0.49999999999999994,0.7261885708770248,DISRUPTIVE,492
NOVEL_MT_W3212516020,2022,0.9323557615280152,0.0,0.0,1400,43,7.244941546337007,0.0,0.8425140296238958,0.7792408856993842,0.6676839093066653,,,,,,0.0,43.0,0.30000000000000004,0.9999999999999997,0.49999999999999983,0.7261353887492467,DISRUPTIVE,493
NOVEL_MT_35,2021,0.9231378436088562,0.8333333333333334,48.0,2,10,1.0986122886681098,0.8333333325,0.8210533293532205,0.1181629427079084,0.7532202913180452,48.0,2.0840242,1.5425665,0.0,0.0,0.569424,1.0,0.9615000009536743,0.029398317264819774,0.2994111454125765,0.7257429162383707,DISRUPTIVE,494
NOVEL_QA_W4309674289,2022,0.9273932576179504,0.0,0.0,2817,99,7.943782692458625,0.0,0.8309605736330802,0.8544058252898646,0.6671129840721426,,,,,,0.0,99.0,0.29999999999999993,0.9999999999999999,0.49999999999999994,0.7256146169456626,DISRUPTIVE,495
NOVEL_SUM_W4309674289,2022,0.9273932576179504,0.0,0.0,2817,99,7.943782692458625,0.0,0.8309605736330802,0.8544058252898646,0.6671129840721426,,,,,,0.0,99.0,0.29999999999999993,0.9999999999999999,0.49999999999999994,0.7256146169456626,DISRUPTIVE,496
NOVEL_MT_W4309674289,2022,0.9273932576179504,0.0,0.0,2817,99,7.943782692458625,0.0,0.8309605736330802,0.8544058252898646,0.6671129840721426,,,,,,0.0,99.0,0.29999999999999993,0.9999999999999999,0.49999999999999994,0.7256146169456626,DISRUPTIVE,497
NOVEL_DIA_W4309674289,2022,0.9273932576179504,0.0,0.0,2817,99,7.943782692458625,0.0,0.8309605736330802,0.8544058252898646,0.6671129840721426,,,,,,0.0,99.0,0.29999999999999993,0.9999999999999999,0.49999999999999994,0.7256146169456626,DISRUPTIVE,498
NOVEL_QA_5,2021,0.930329978466034,0.75,12.0,1,48,0.6931471805599453,0.7499999992499999,0.8377977017624566,0.0745525163239789,0.7439136427161175,12.0,2.0578358,1.3940558,0.0,0.0,0.54306227,1.0,0.9180852472782135,0.09309965197711795,0.31808096083238524,0.7245522822563335,DISRUPTIVE,499
NOVEL_DIA_W4317910584,2023,0.9304698705673218,0.0,0.0,1568,94,7.358193752733032,0.0,0.8381233916288993,0.7914219017993785,0.6658285643201672,,,,,,0.0,94.0,0.3,0.9999999999999997,0.49999999999999983,0.7244430281800085,DISRUPTIVE,500
NOVEL_MT_104,2021,0.949302852153778,0.6329113924050633,158.0,4,55,1.6094379124341005,0.6329113917721519,0.881969407244859,0.1731055821971953,0.7612714216455511,158.0,2.0590277,1.4501104,0.0,0.0,0.544262,1.0,0.9756672322750092,0.008611108587023887,0.27643655028235775,0.7241054858256165,DISRUPTIVE,501
NOVEL_QA_W4392044798,2024,0.9407401084899902,0.0,0.0,316,27,5.75890177387728,0.0,0.862034051248552,0.6194075811696194,0.6653645939909484,,,,,,0.0,27.0,0.3,0.9999999999999997,0.49999999999999983,0.7240198157337084,DISRUPTIVE,502
NOVEL_SUM_W4392044798,2024,0.9407401084899902,0.0,0.0,316,27,5.75890177387728,0.0,0.862034051248552,0.6194075811696194,0.6653645939909484,,,,,,0.0,27.0,0.3,0.9999999999999997,0.49999999999999983,0.7240198157337084,DISRUPTIVE,503
NOVEL_DIA_W4384662964,2023,0.9343010783195496,0.0,0.0,797,12,6.682108597449809,0.0,0.8470430198970526,0.7187045179748716,0.6648005657254239,,,,,,0.0,12.0,0.29999999999999993,0.9999999999999999,0.49999999999999994,0.7235053350287961,DISRUPTIVE,504
NOVEL_MT_W4403369705,2024,0.938846230506897,0.0,0.0,398,1017,5.988961416889864,0.0,0.8576248182633116,0.6441520016508927,0.6647525729494074,,,,,,0.0,1017.0,0.29999999999999993,0.9999999999999999,0.49999999999999994,0.7234615582205315,DISRUPTIVE,505
NOVEL_QA_W4379259169,2023,0.935333251953125,0.0,0.0,653,103,6.483107351457199,0.0,0.8494460754646679,0.6973006313885174,0.6643423159641193,,,,,,0.0,103.0,0.3,0.9999999999999997,0.49999999999999983,0.7230873406220747,DISRUPTIVE,506
NOVEL_SA_W4379259169,2023,0.935333251953125,0.0,0.0,653,103,6.483107351457199,0.0,0.8494460754646679,0.6973006313885174,0.6643423159641193,,,,,,0.0,103.0,0.3,0.9999999999999997,0.49999999999999983,0.7230873406220747,DISRUPTIVE,507
NOVEL_DIA_W4379259169,2023,0.935333251953125,0.0,0.0,653,103,6.483107351457199,0.0,0.8494460754646679,0.6973006313885174,0.6643423159641193,,,,,,0.0,103.0,0.3,0.9999999999999997,0.49999999999999983,0.7230873406220747,DISRUPTIVE,508
NOVEL_DIA_W4381982883,2023,0.9327677488327026,0.0,0.0,838,54,6.732210706467206,0.0,0.8434731980758997,0.7240933277473759,0.6628405714278673,,,,,,0.0,54.0,0.30000000000000004,0.9999999999999997,0.49999999999999983,0.7217175181595588,DISRUPTIVE,509
NOVEL_QA_W4386071687,2023,0.9368392825126648,0.0,0.0,440,99,6.089044875446846,0.0,0.8529523412743888,0.6549166327236211,0.6625583021644342,,,,,,0.0,99.0,0.29999999999999993,0.9999999999999999,0.49999999999999994,0.7214600450886104,DISRUPTIVE,510
NOVEL_MT_W4385527149,2023,0.9386612772941588,0.0,0.0,298,21,5.700443573390687,0.0,0.8571942193474303,0.6131200190640842,0.6613479554496096,,,,,,0.0,21.0,0.29999999999999993,0.9999999999999999,0.49999999999999994,0.7203560223488061,DISRUPTIVE,511
NOVEL_MT_W4385613852,2023,0.936819553375244,0.0,0.0,389,407,5.966146739123692,0.0,0.8529064088731134,0.6416981337216965,0.661204299583349,,,,,,0.0,407.0,0.29999999999999993,0.9999999999999999,0.49999999999999994,0.7202249860588609,DISRUPTIVE,512
NOVEL_DIA_W4360620450,2023,0.9223556518554688,0.0,0.0,3245,265,8.085178748074537,0.0,0.8192322692265348,0.8696138965914543,0.6604239781177198,,,,,,0.0,265.0,0.29999999999999993,0.9999999999999999,0.49999999999999994,0.7195132126208366,DISRUPTIVE,513
NOVEL_DIA_W4388817859,2023,0.9374387860298156,0.0,0.0,299,104,5.703782474656201,0.0,0.8543480756913819,0.613479139750257,0.659391566958993,,,,,,0.0,104.0,0.29999999999999993,0.9999999999999999,0.49999999999999994,0.7185714945312168,DISRUPTIVE,514
NOVEL_MT_W4312731878,2022,0.9363408088684082,0.0,0.0,349,74,5.857933154483459,0.0,0.8517918196071274,0.6300590543722717,0.6592601791622162,,,,,,0.0,74.0,0.3,0.9999999999999997,0.49999999999999983,0.7184516486113678,DISRUPTIVE,515
NOVEL_MT_W4382372079,2023,0.9349929690361024,0.0,0.0,406,94,6.008813185442595,0.0,0.8486538456191108,0.6462871893002051,0.6586864108633981,,,,,,0.0,94.0,0.3,0.9999999999999997,0.49999999999999983,0.7179282834949797,DISRUPTIVE,516
NOVEL_MT_291,2021,0.9294455647468568,0.5909090909090909,132.0,4,45,1.6094379124341005,0.5909090903181818,0.8357386535143607,0.1731055821971953,0.7205094337434084,132.0,1.9105728,1.4745892,0.0,0.0,0.39482424,2.0,0.7657455086708069,0.3166237735593055,0.35572400509534946,0.7179195757389817,DISRUPTIVE,517
NOVEL_MT_174,2021,0.9420593976974488,0.6323529411764706,68.0,8,1,2.19722457733622,0.6323529405441176,0.8651055550848749,0.2363258854158169,0.7556770652098176,68.0,2.0580225,1.4797958,0.0,0.0,0.54325014,,,0.0,0.2716250717639923,0.7171216520197815,DISRUPTIVE,518
NOVEL_DIA_W1994546180,2025,0.9248414039611816,0.0,0.0,1736,9,7.459914766241105,0.0,0.825019474250028,0.8023626626258541,0.657749898237605,,,,,,0.0,9.0,0.3,0.9999999999999997,0.49999999999999983,0.7170740396470593,DISRUPTIVE,519
NOVEL_DIA_W4381252028,2023,0.9324787259101868,0.0,0.0,542,54,6.297109319933935,0.0,0.8428003092125073,0.6772953256320052,0.6576897490119555,,,,,,0.0,54.0,0.30000000000000004,0.9999999999999997,0.49999999999999983,0.717019174283205,DISRUPTIVE,520
NOVEL_MT_193,2021,0.9335503578186036,0.6829268292682927,41.0,5,22,1.791759469228055,0.6829268285853658,0.845295229582673,0.1927154590318873,0.7475635723281329,41.0,2.0826077,1.4776038,0.0,0.0,0.5679982,1.0,0.9729823768138885,0.012550526916135748,0.29027434888439846,0.7170113310434657,DISRUPTIVE,521
NOVEL_DIA_W4383959108,2023,0.9329349398612976,0.0,0.0,462,117,6.137727054086234,0.0,0.8438624439537746,0.6601527196896936,0.6567189827366116,,,,,,0.0,117.0,0.2999999999999998,1.0,0.5,0.7161336858277998,DISRUPTIVE,522
NOVEL_QA_W4391876619,2024,0.9300309419631958,0.0,0.0,696,55,6.546785410760524,0.0,0.8371014997769666,0.7041496234768289,0.6563860121915595,,,,,,0.0,55.0,0.30000000000000004,0.9999999999999997,0.49999999999999983,0.7158299653740487,DISRUPTIVE,523
NOVEL_DIA_W4379057711,2023,0.9347100257873536,0.0,0.0,328,82,5.796057750765372,0.0,0.8479951111512775,0.6234039496915905,0.6559369727750533,,,,,,0.0,82.0,0.3,0.9999999999999997,0.49999999999999983,0.7154203722212609,DISRUPTIVE,524
NOVEL_MT_265,2021,0.9267331957817078,0.673469387755102,49.0,6,13,1.9459101490553128,0.6734693870816326,0.8294238503348315,0.2092953736539021,0.7362201100160987,49.0,2.1380322,1.5168153,0.0,0.0,0.62378955,,,0.0,0.3118947744369507,0.7151162709840219,DISRUPTIVE,525
NOVEL_MT_283,2021,0.9440288543701172,0.6666666666666666,90.0,3,29,1.3862943611198906,0.6666666659999999,0.8696907466345163,0.1491050326479578,0.7570273591089571,90.0,2.0405145,1.382508,0.0,0.0,0.52562624,,,0.0,0.26281312108039856,0.7149085322594892,DISRUPTIVE,526
NOVEL_DIA_W4386141641,2023,0.9337881803512572,0.0,0.0,347,37,5.8522024797744745,0.0,0.8458489162324839,0.629442682796694,0.6550385096424081,,,,,,0.0,37.0,0.3000000000000001,0.9999999999999997,0.49999999999999983,0.7146008353751929,DISRUPTIVE,527
NOVEL_MT_W4386030674,2023,0.931545615196228,0.0,0.0,479,217,6.173786103901937,0.0,0.8406278870313547,0.6640311065249984,0.6548426315744481,,,,,,0.0,217.0,0.29999999999999993,0.9999999999999999,0.49999999999999994,0.7144221643889309,DISRUPTIVE,528
NOVEL_DIA_W4366420437,2023,0.92359858751297,0.0,0.0,1596,64,7.375882148215011,0.0,0.8221260105068653,0.7933244045143863,0.6548206478062443,,,,,,0.0,64.0,0.3,0.9999999999999997,0.49999999999999983,0.7144021118042406,DISRUPTIVE,529
NOVEL_DIA_W4321605350,2023,0.9298372268676758,0.0,0.0,601,80,6.400257445308821,0.0,0.8366505018792504,0.6883895816810406,0.6544943094835792,,,,,,0.0,80.0,0.29999999999999993,0.9999999999999999,0.49999999999999994,0.7141044409594495,DISRUPTIVE,530
NOVEL_DIA_W4366403195,2023,0.9315284490585328,0.0,0.0,463,70,6.139884552226255,0.0,0.8405879216791882,0.6603847727367433,0.654450022449106,,,,,,0.0,70.0,0.30000000000000004,0.9999999999999997,0.49999999999999983,0.7140640443585929,DISRUPTIVE,531
NOVEL_DIA_W4378189609,2023,0.9323684573173524,0.0,0.0,404,77,6.003887067106539,0.0,0.8425435873322691,0.6457573530288291,0.6543562464354713,,,,,,0.0,77.0,0.30000000000000004,0.9999999999999997,0.49999999999999983,0.7139785061816121,DISRUPTIVE,532
NOVEL_DIA_W4389977189,2023,0.9344026446342468,0.0,0.0,285,539,5.655991810819852,0.0,0.8472794815640398,0.6083389410367386,0.6539295311985017,,,,,,0.0,539.0,0.3,0.9999999999999997,0.49999999999999983,0.7135892761211134,DISRUPTIVE,533
NOVEL_DIA_W4384934594,2023,0.9323245286941528,0.0,0.0,387,44,5.961005339623274,0.0,0.8424413148859252,0.6411451425519518,0.6538234346753429,,,,,,0.0,44.0,0.30000000000000004,0.9999999999999997,0.49999999999999983,0.7134924997406377,DISRUPTIVE,534
NOVEL_SA_W4319831789,2023,0.9332944750785828,0.0,0.0,332,42,5.808142489980444,0.0,0.8446994960519357,0.6247037424958761,0.6537600214859426,,,,,,0.0,42.0,0.30000000000000004,0.9999999999999997,0.49999999999999983,0.7134346571388079,DISRUPTIVE,535
NOVEL_SUM_W4319831789,2023,0.9332944750785828,0.0,0.0,332,42,5.808142489980444,0.0,0.8446994960519357,0.6247037424958761,0.6537600214859426,,,,,,0.0,42.0,0.30000000000000004,0.9999999999999997,0.49999999999999983,0.7134346571388079,DISRUPTIVE,536
NOVEL_MT_133,2021,0.9435830116271972,0.6510067114093959,149.0,2,17,1.0986122886681098,0.6510067107583891,0.8686527576268495,0.1181629427079084,0.7500745667612634,149.0,2.0507514,1.4420602,0.0,0.0,0.535931,1.0,0.971911084651947,0.014122405938936109,0.2750266985558633,0.7133410847983067,DISRUPTIVE,537
NOVEL_DIA_W4324130227,2023,0.9299163818359376,0.0,0.0,540,21,6.293419278846481,0.0,0.8368347865586867,0.6768984375595668,0.6534741943470374,,,,,,0.0,21.0,0.29999999999999993,0.9999999999999999,0.49999999999999994,0.7131739387370976,DISRUPTIVE,538
NOVEL_MT_49,2021,0.9435818791389464,0.664179104477612,134.0,2,26,1.0986122886681098,0.6641791038134328,0.868650121023755,0.1181629427079084,0.752707199750106,134.0,2.0330384,1.4113613,0.0,0.0,0.5181006,1.0,0.9697426795959473,0.01730405007071316,0.2677023346934071,0.7128791881094563,DISRUPTIVE,539
NOVEL_SA_W3140416091,2022,0.933269202709198,0.0,0.0,306,66,5.726847747587197,0.0,0.8446406581723568,0.6159599608297224,0.652844456803622,,,,,,0.0,66.0,0.3,0.9999999999999997,0.49999999999999983,0.7125995210437839,DISRUPTIVE,540
NOVEL_DIA_W4385988359,2023,0.9279118776321412,0.0,0.0,681,165,6.525029657843462,0.0,0.8321679990817044,0.7018096498464386,0.6526985643418369,,,,,,0.0,165.0,0.3,0.9999999999999997,0.49999999999999983,0.7124664446340213,DISRUPTIVE,541
NOVEL_DIA_W4386098991,2023,0.9280762672424316,0.0,0.0,656,41,6.48768401848461,0.0,0.8325507228361352,0.697792881884285,0.652564794173723,,,,,,0.0,41.0,0.30000000000000004,0.9999999999999997,0.49999999999999983,0.7123444256243473,DISRUPTIVE,542
NOVEL_DIA_W4324046518,2023,0.9214681386947632,0.0,0.0,1716,25,7.448333860897476,0.0,0.8171660050120755,0.8011170604523303,0.6521279095536858,,,,,,0.0,25.0,0.3,0.9999999999999997,0.49999999999999983,0.7119459195192088,DISRUPTIVE,543
NOVEL_MT_W4388616071,2023,0.9324415326118468,0.0,0.0,314,56,5.752572638825633,0.0,0.8427137176161456,0.6187268412669144,0.6517722864579933,,,,,,0.0,56.0,0.3,0.9999999999999997,0.49999999999999983,0.7116215364481142,DISRUPTIVE,544
NOVEL_DIA_W4366422585,2023,0.9308703541755676,0.0,0.0,384,30,5.953243334287785,0.0,0.8390557777442084,0.6403102880712435,0.6513700732280702,,,,,,0.0,30.0,0.30000000000000004,0.9999999999999997,0.49999999999999983,0.7112546559942355,DISRUPTIVE,545
NOVEL_DIA_W4327518740,2023,0.9271360635757446,0.0,0.0,676,24,6.517671272912275,0.0,0.8303617871934971,0.701018207382145,0.6513550717736624,,,,,,0.0,24.0,0.3,0.9999999999999997,0.49999999999999983,0.7112409723558256,DISRUPTIVE,546
NOVEL_SA_W4390791326,2024,0.9055083394050598,0.7854938271604939,2592.0,369,0,5.91350300563827,0.785493826375,0.7800091902150409,0.6360359556012335,0.7667087939856518,2592.0,1.9747106,1.2258968,0.0,0.0,0.45938668,,,0.0,0.22969333827495575,0.7107922016916834,DISRUPTIVE,547
NOVEL_DIA_W4378574344,2023,0.927034854888916,0.0,0.0,634,69,6.453624998892692,0.0,0.8301261581380134,0.6941296113909188,0.6505012718357013,,,,,,0.0,69.0,0.30000000000000004,0.9999999999999997,0.49999999999999983,0.7104621752266994,DISRUPTIVE,548
NOVEL_DIA_W4387169527,2023,0.931918740272522,0.0,0.0,288,12,5.666426688112432,0.0,0.8414965783666479,0.6094612803919464,0.6499937328958482,,,,,,0.0,12.0,0.29999999999999993,0.9999999999999999,0.49999999999999994,0.7099992214928058,DISRUPTIVE,549
NOVEL_DIA_W4385452929,2023,0.9266555905342102,0.0,0.0,624,9,6.437751649736401,0.0,0.8292431736385772,0.6924223287887814,0.6497124544258821,,,,,,0.0,9.0,0.3,0.9999999999999997,0.49999999999999983,0.7097426521781983,DISRUPTIVE,550
NOVEL_DIA_W4366498198,2023,0.9292702674865724,0.0,0.0,412,92,6.023447592961033,0.0,0.8353305351090736,0.647861215619592,0.6495174961383107,,,,,,0.0,92.0,0.3,0.9999999999999997,0.49999999999999983,0.709564820173405,DISRUPTIVE,551
NOVEL_MT_W3155072588,2022,0.9202908277511596,0.0,0.0,1551,140,7.347299700743164,0.0,0.8144250479426326,0.7902501751999097,0.6491225510798337,,,,,,0.0,140.0,0.3,0.9999999999999997,0.49999999999999983,0.7092045694120395,DISRUPTIVE,552
NOVEL_SA_W4361002760,2023,0.9296751022338868,0.0,0.0,365,15,5.902633333401366,0.0,0.8362730513310083,0.6348668512037757,0.6488778210520834,,,,,,0.0,15.0,0.29999999999999993,0.9999999999999999,0.49999999999999994,0.7089813379094956,DISRUPTIVE,553
NOVEL_DIA_W4361002760,2023,0.9296751022338868,0.0,0.0,365,15,5.902633333401366,0.0,0.8362730513310083,0.6348668512037757,0.6488778210520834,,,,,,0.0,15.0,0.29999999999999993,0.9999999999999999,0.49999999999999994,0.7089813379094956,DISRUPTIVE,554
NOVEL_MT_W4361002760,2023,0.9296751022338868,0.0,0.0,365,15,5.902633333401366,0.0,0.8362730513310083,0.6348668512037757,0.6488778210520834,,,,,,0.0,15.0,0.29999999999999993,0.9999999999999999,0.49999999999999994,0.7089813379094956,DISRUPTIVE,555
NOVEL_DIA_W4387379065,2023,0.9263431429862976,0.0,0.0,590,93,6.3818160174060985,0.0,0.8285157487217071,0.6864060854001433,0.6486016326452092,,,,,,0.0,93.0,0.3,0.9999999999999997,0.49999999999999983,0.7087294115168968,DISRUPTIVE,556
NOVEL_DIA_W4221055872,2022,0.930190086364746,0.0,0.0,309,12,5.736572297479192,0.0,0.8374720118960131,0.617005899823488,0.6479309983095579,,,,,,0.0,12.0,0.29999999999999993,0.9999999999999999,0.49999999999999994,0.7081176896461435,DISRUPTIVE,557
NOVEL_QA_23,2021,0.9416572451591492,0.6333333333333333,120.0,11,18,2.4849066497880004,0.6333333326999999,0.864169283449216,0.2672679753558662,0.7583119624900377,120.0,1.9825937,1.4193152,0.0,0.0,0.46732193,1.0,0.9704398393630982,0.016281125743946124,0.24180152902988628,0.7078663698622429,DISRUPTIVE,558
NOVEL_MT_W4386113271,2023,0.9273640513420104,0.0,0.0,461,76,6.135564891081739,0.0,0.8308925770269626,0.6599201649059354,0.6476168204094673,,,,,,0.0,76.0,0.3,0.9999999999999997,0.49999999999999983,0.7078311109808771,DISRUPTIVE,559
NOVEL_DIA_W4367595583,2023,0.9203968048095704,0.0,0.0,1304,166,7.173958319756794,0.0,0.8146717784848299,0.77160617505384,0.6474308624447649,,,,,,0.0,166.0,0.3,0.9999999999999997,0.49999999999999983,0.7076614886576498,DISRUPTIVE,560
NOVEL_DIA_W4361204578,2023,0.9216992259025574,0.0,0.0,1069,69,6.975413927455952,0.0,0.8177040108119048,0.7502514260724108,0.6474179501755744,,,,,,0.0,69.0,0.30000000000000004,0.9999999999999997,0.49999999999999983,0.7076497106781384,DISRUPTIVE,561
NOVEL_MT_W4387164156,2023,0.9137722849845886,0.0,0.0,3499,44,8.160518247477505,0.0,0.7992488993001939,0.877717152893446,0.6472459447994803,,,,,,0.0,44.0,0.30000000000000004,0.9999999999999997,0.49999999999999983,0.7074928152660631,DISRUPTIVE,562
NOVEL_DIA_W4362466759,2023,0.92765474319458,0.0,0.0,425,27,6.054439346269371,0.0,0.8315693514107046,0.6511945815471025,0.6472180041422034,,,,,,0.0,27.0,0.3,0.9999999999999997,0.49999999999999983,0.7074673290804759,DISRUPTIVE,563
NOVEL_DIA_W4385422591,2023,0.9275507926940918,0.0,0.0,431,29,6.068425588244111,0.0,0.8313273390003613,0.652698893419641,0.647199026642217,,,,,,0.0,29.0,0.30000000000000004,0.9999999999999997,0.49999999999999983,0.7074500186757191,DISRUPTIVE,564
NOVEL_SA_24,2021,0.9416572451591492,0.6333333333333333,120.0,11,18,2.4849066497880004,0.6333333326999999,0.864169283449216,0.2672679753558662,0.7583119624900377,120.0,1.9788241,1.4339875,0.0,0.0,0.46352747,1.0,0.9704398393630982,0.016281125743946124,0.2399042982855244,0.7071246983612083,DISRUPTIVE,565
NOVEL_DIA_W4318612697,2023,0.9288265109062196,0.0,0.0,316,43,5.75890177387728,0.0,0.834297403001844,0.6194075811696194,0.6459489402182527,,,,,,0.0,43.0,0.30000000000000004,0.9999999999999997,0.49999999999999983,0.7063097471965857,DISRUPTIVE,566
NOVEL_MT_W4323313312,2023,0.9254773259162904,0.0,0.0,522,45,6.259581464064923,0.0,0.8264999962717923,0.6732589590914702,0.6458758932994016,,,,,,0.0,45.0,0.3000000000000001,0.9999999999999997,0.49999999999999983,0.7062431171487684,DISRUPTIVE,567
NOVEL_MT_W4376132442,2023,0.9255744814872742,0.0,0.0,486,62,6.18826412308259,0.0,0.8267261890635695,0.665588312255003,0.6452671635699989,,,,,,0.0,62.0,0.3000000000000001,0.9999999999999997,0.49999999999999983,0.7056878618195112,DISRUPTIVE,568
NOVEL_MT_W4383737134,2023,0.9279803037643432,0.0,0.0,333,212,5.811140992976701,0.0,0.8323273054160355,0.625026251120084,0.6451317389032333,,,,,,0.0,212.0,0.29999999999999993,0.9999999999999999,0.49999999999999994,0.7055643336520789,DISRUPTIVE,569
NOVEL_DIA_W4360615722,2023,0.9242099523544312,0.0,0.0,568,27,6.343880434126331,0.0,0.8235493598720574,0.6823258651077663,0.6447171384212167,,,,,,0.0,27.0,0.3,0.9999999999999997,0.49999999999999983,0.7051861541151961,DISRUPTIVE,570
NOVEL_DIA_W4386961654,2023,0.92509126663208,0.0,0.0,481,152,6.1779441140506,0.0,0.8256011921537895,0.6644783277331019,0.6443686672809629,,,,,,0.0,152.0,0.3,0.9999999999999997,0.49999999999999983,0.7048682947297045,DISRUPTIVE,571
NOVEL_DIA_W4376139682,2023,0.9248096346855164,0.0,0.0,498,124,6.212606095751519,0.0,0.8249455105948025,0.6682064507480316,0.6442825024911648,,,,,,0.0,124.0,0.2999999999999999,1.0,0.5,0.7047896991618872,DISRUPTIVE,572
NOVEL_DIA_W4386251129,2023,0.923505961894989,0.0,0.0,597,154,6.393590753950631,0.0,0.821910364127465,0.687672535388063,0.6441045084280318,,,,,,0.0,154.0,0.3,0.9999999999999997,0.49999999999999983,0.7046273411442695,DISRUPTIVE,573
NOVEL_SA_W4312908198,2022,0.925389289855957,0.0,0.0,426,236,6.056784013228625,0.0,0.826295035073353,0.6514467658257905,0.6435512011339262,,,,,,0.0,236.0,0.29999999999999993,0.9999999999999999,0.49999999999999994,0.7041226396175827,DISRUPTIVE,574
NOVEL_SA_W4285250231,2022,0.927756130695343,0.0,0.0,289,62,5.66988092298052,0.0,0.8318053967719403,0.609832805962002,0.6432470583365584,,,,,,0.0,62.0,0.3000000000000001,0.9999999999999997,0.49999999999999983,0.7038452145125867,DISRUPTIVE,575
NOVEL_DIA_W4327918021,2023,0.9217969179153442,0.0,0.0,676,26,6.517671272912275,0.0,0.8179314525209377,0.701018207382145,0.6426538375028709,,,,,,0.0,26.0,0.29999999999999993,0.9999999999999999,0.49999999999999994,0.7033041056864173,DISRUPTIVE,576
NOVEL_DIA_W4383818129,2023,0.9201613664627076,0.0,0.0,838,97,6.732210706467206,0.0,0.8141236425783749,0.7240933277473759,0.6422958825796,,,,,,0.0,97.0,0.29999999999999993,0.9999999999999999,0.49999999999999994,0.7029775956291953,DISRUPTIVE,577
NOVEL_DIA_W4366489368,2023,0.9234291911125184,0.0,0.0,506,12,6.228511003591184,0.0,0.8217316301913858,0.6699171276931359,0.6422038539032836,,,,,,0.0,12.0,0.29999999999999993,0.9999999999999999,0.49999999999999994,0.7028936512931442,DISRUPTIVE,578
NOVEL_DIA_W4376255328,2023,0.9260320663452148,0.0,0.0,318,31,5.765191102784844,0.0,0.8277915154822669,0.6200840396609736,0.6414624648036842,,,,,,0.0,31.0,0.3000000000000001,0.9999999999999997,0.49999999999999983,0.7022173901731069,DISRUPTIVE,579
NOVEL_DIA_W4366377796,2023,0.9240347146987916,0.0,0.0,430,38,6.066108090103747,0.0,0.8231413802353544,0.6524496313252607,0.6414439292972741,,,,,,0.0,38.0,0.3000000000000001,0.9999999999999997,0.49999999999999983,0.7022004829346108,DISRUPTIVE,580
NOVEL_DIA_W4388333366,2023,0.925671935081482,0.0,0.0,306,37,5.726847747587197,0.0,0.826953075698267,0.6159599608297224,0.6404631490717592,,,,,,0.0,37.0,0.3000000000000001,0.9999999999999997,0.49999999999999983,0.7013058602133223,DISRUPTIVE,581
NOVEL_DIA_W4394828156,2024,0.9240837097167968,0.0,0.0,382,61,5.948034989180646,0.0,0.8232554480113301,0.6397500964632977,0.6402538232542607,,,,,,0.0,61.0,0.30000000000000004,0.9999999999999997,0.49999999999999983,0.7011149228069447,DISRUPTIVE,582
NOVEL_MT_60,2022,0.9416347742080688,0.6133333333333333,75.0,7,0,2.079441541679836,0.6133333327199999,0.8641169676930809,0.2236575489719367,0.7499142988263502,75.0,2.0030608,1.4425052,0.0,0.0,0.4879246,,,0.0,0.24396230280399323,0.7010511029559229,DISRUPTIVE,583
NOVEL_DIA_W4378473491,2023,0.9224209785461426,0.0,0.0,485,95,6.186208623900494,0.0,0.8193843595945031,0.6653672298635211,0.6401057747025043,,,,,,0.0,95.0,0.3,0.9999999999999997,0.49999999999999983,0.7009798797108363,DISRUPTIVE,584
NOVEL_MT_45,2021,0.9285638928413392,0.675,40.0,2,0,1.0986122886681098,0.674999999325,0.8336859886211248,0.1181629427079084,0.7303964861705782,40.0,2.0900116,1.4711598,0.0,0.0,0.575451,,,0.0,0.2877255082130432,0.7003559017809925,DISRUPTIVE,585
NOVEL_DIA_W4385632485,2023,0.9210084080696106,0.0,0.0,562,77,6.333279628139691,0.0,0.8160956829243573,0.6811856790354116,0.6393855459505913,,,,,,0.0,77.0,0.30000000000000004,0.9999999999999997,0.49999999999999983,0.7003229200890737,DISRUPTIVE,586
NOVEL_SA_67,2021,0.933031439781189,0.6428571428571429,98.0,3,48,1.3862943611198906,0.6428571422142857,0.8440871102911293,0.1491050326479578,0.7343429089114435,98.0,2.0668905,1.5067614,0.0,0.0,0.55217683,1.0,0.978972339630127,0.0037616108457194067,0.2779692219992452,0.7001416889728047,DISRUPTIVE,587
NOVEL_DIA_W4381332452,2023,0.9249218106269836,0.0,0.0,279,107,5.634789603169249,0.0,0.8252066730697261,0.6060585048230341,0.6382505216311116,,,,,,0.0,107.0,0.29999999999999993,0.9999999999999999,0.49999999999999994,0.6992876029823403,DISRUPTIVE,588
NOVEL_DIA_W4387873511,2023,0.9245351552963256,0.0,0.0,287,45,5.662960480135946,0.0,0.8243064812658845,0.6090884670357115,0.6379233835896901,,,,,,0.0,45.0,0.3000000000000001,0.9999999999999997,0.49999999999999983,0.6989892026707926,DISRUPTIVE,589
NOVEL_SA_W4386800155,2023,0.9233832359313964,0.0,0.0,339,337,5.828945617610208,0.0,0.8216246396131887,0.6269412550411264,0.6378313732333447,,,,,,0.0,337.0,0.29999999999999993,0.9999999999999999,0.49999999999999994,0.6989052750453786,DISRUPTIVE,590
NOVEL_MT_219,2021,0.9419267773628236,0.6451612903225806,155.0,1,29,0.6931471805599453,0.6451612896774193,0.8647967949856692,0.0745525163239789,0.7418452660578502,155.0,2.0289555,1.4188812,0.0,0.0,0.5139907,,,0.0,0.2569953501224518,0.6987858219663745,DISRUPTIVE,591
NOVEL_SA_W4324309277,2023,0.9090253710746764,0.0,0.0,2897,730,7.971776122880628,0.0,0.7881973692773904,0.8574167019651684,0.63747982869069,,,,,,0.0,730.0,0.29999999999999993,0.9999999999999999,0.49999999999999994,0.6985846122432317,DISRUPTIVE,592
NOVEL_DIA_W4360945746,2023,0.9235390424728394,0.0,0.0,296,71,5.6937321388027,0.0,0.8219873806915365,0.6123981603438713,0.6366309825184626,,,,,,0.0,71.0,0.30000000000000004,0.9999999999999997,0.49999999999999983,0.6978103337119177,DISRUPTIVE,593
NOVEL_MT_W4390621251,2023,0.9205793142318726,0.0,0.0,443,32,6.095824562432225,0.0,0.8150966878887701,0.6556458324359254,0.6361322647657315,,,,,,0.0,32.0,0.3,0.9999999999999997,0.49999999999999983,0.6973554262601807,DISRUPTIVE,594
NOVEL_DIA_W4327946446,2023,0.9086839556694032,0.0,0.0,2520,114,7.83241092718792,0.0,0.7874025028287392,0.8424270629414884,0.6354244582742663,,,,,,0.0,114.0,0.2999999999999999,1.0,0.5,0.6967097976544369,DISRUPTIVE,595
NOVEL_DIA_W4321106177,2023,0.9197975397109984,0.0,0.0,466,31,6.1463292576688975,0.0,0.8132765991421715,0.6610779429914758,0.6354014136986676,,,,,,0.0,31.0,0.3000000000000001,0.9999999999999997,0.49999999999999983,0.6966887774499132,DISRUPTIVE,596
NOVEL_DIA_W4398233424,2023,0.922059178352356,0.0,0.0,330,31,5.802118375377063,0.0,0.8185420342901534,0.6240558095389199,0.6353850049569993,,,,,,0.0,31.0,0.3000000000000001,0.9999999999999997,0.49999999999999983,0.6966738101486338,DISRUPTIVE,597
NOVEL_DIA_W4381587418,2023,0.9214011430740356,0.0,0.0,310,138,5.739792912179234,0.0,0.8170100291237576,0.6173522980152892,0.6336422501881592,,,,,,0.0,138.0,0.3,0.9999999999999997,0.49999999999999983,0.6950841492100482,DISRUPTIVE,598
NOVEL_SUM_W4381587418,2023,0.9214011430740356,0.0,0.0,310,138,5.739792912179234,0.0,0.8170100291237576,0.6173522980152892,0.6336422501881592,,,,,,0.0,138.0,0.3,0.9999999999999997,0.49999999999999983,0.6950841492100482,DISRUPTIVE,599
NOVEL_QA_W4381587418,2023,0.9214011430740356,0.0,0.0,310,138,5.739792912179234,0.0,0.8170100291237576,0.6173522980152892,0.6336422501881592,,,,,,0.0,138.0,0.3,0.9999999999999997,0.49999999999999983,0.6950841492100482,DISRUPTIVE,600
NOVEL_DIA_W4205201623,2022,0.9197809100151062,0.0,0.0,393,98,5.976350909297934,0.0,0.8132378827072602,0.6427956590162136,0.6335460837967034,,,,,,0.0,98.0,0.29999999999999993,0.9999999999999999,0.49999999999999994,0.694996430640095,DISRUPTIVE,601
NOVEL_DIA_12,2021,0.9265693426132202,0.7121212121212122,132.0,1,8,0.6931471805599453,0.7121212114090909,0.8290423754976556,0.0745525163239789,0.7302091567625749,132.0,2.051442,1.4442235,0.0,0.0,0.536626,1.0,0.9742629170417786,0.010671623668655327,0.2736488024997635,0.6946821177413696,DISRUPTIVE,602
NOVEL_DIA_W4385469325,2023,0.921237587928772,0.0,0.0,285,116,5.655991810819852,0.0,0.8166292481295014,0.6083389410367386,0.6324743677943249,,,,,,0.0,116.0,0.2999999999999999,1.0,0.5,0.6940188604754918,DISRUPTIVE,603
NOVEL_DIA_W4319304408,2023,0.9190858602523804,0.0,0.0,395,107,5.981414211254481,0.0,0.8116197022502548,0.6433402502839207,0.6324678166035703,,,,,,0.0,107.0,0.29999999999999993,0.9999999999999999,0.49999999999999994,0.6940128847798689,DISRUPTIVE,604
NOVEL_DIA_W4388103056,2023,0.9208353161811828,0.0,0.0,300,9,5.707110264748875,0.0,0.8156926989566746,0.6138370653570617,0.6323685958053783,,,,,,0.0,9.0,0.3,0.9999999999999997,0.49999999999999983,0.6939223801202339,DISRUPTIVE,605
NOVEL_DIA_W4387835442,2023,0.9120357632637024,0.0,0.0,1139,68,7.038783541388542,0.0,0.7952060153764828,0.7570672428421438,0.6323509350477523,,,,,,0.0,68.0,0.30000000000000004,0.9999999999999997,0.49999999999999983,0.6939062707874432,DISRUPTIVE,606
NOVEL_DIA_W4366989878,2023,0.9187456369400024,0.0,0.0,387,90,5.961005339623274,0.0,0.8108276111732814,0.6411451425519518,0.6316938420764922,,,,,,0.0,90.0,0.29999999999999993,0.9999999999999999,0.49999999999999994,0.6933069007279788,DISRUPTIVE,607
NOVEL_DIA_W4386067316,2023,0.9197314977645874,0.0,0.0,326,22,5.7899601708972535,0.0,0.8131228435511966,0.6227481150645385,0.6314608019922914,,,,,,0.0,22.0,0.29999999999999993,0.9999999999999999,0.49999999999999994,0.6930943322555798,DISRUPTIVE,608
NOVEL_DIA_W4323536358,2023,0.9168936610221864,0.0,0.0,489,65,6.194405391104672,0.0,0.8065159325025317,0.6662488458289785,0.63118603733467,,,,,,0.0,65.0,0.3,0.9999999999999997,0.49999999999999983,0.6928437045417245,DISRUPTIVE,609
NOVEL_DIA_W4385227045,2023,0.9198989868164062,0.0,0.0,294,51,5.68697535633982,0.0,0.8135127832719912,0.6116714241628852,0.6306260907066823,,,,,,0.0,51.0,0.30000000000000004,0.9999999999999997,0.49999999999999983,0.6923329469192983,DISRUPTIVE,610
NOVEL_DIA_W4387163553,2023,0.9187965393066406,0.0,0.0,336,39,5.820082930352362,0.0,0.8109461195439428,0.62598801501506,0.6302610851822659,,,,,,0.0,39.0,0.3000000000000001,0.9999999999999997,0.49999999999999983,0.6920000056272089,DISRUPTIVE,611
NOVEL_QA_W4379929708,2023,0.9189901351928712,0.0,0.0,326,110,5.7899601708972535,0.0,0.8113968399044913,0.6227481150645385,0.6302525994395978,,,,,,0.0,110.0,0.2999999999999999,1.0,0.5,0.6919922653220921,DISRUPTIVE,612
NOVEL_DIA_W4385302156,2023,0.9197842478752136,0.0,0.0,284,26,5.652489180268651,0.0,0.8132456537479593,0.607962210194186,0.6300681786429901,,,,,,0.0,26.0,0.29999999999999993,0.9999999999999999,0.49999999999999994,0.6918240451330719,DISRUPTIVE,613
NOVEL_QA_24,2021,0.9255879521369934,0.6881720430107527,93.0,1,0,0.6931471805599453,0.6881720423225807,0.8267575507635339,0.0745525163239789,0.7238199456313877,93.0,2.0769851,1.443226,0.0,0.0,0.56233835,,,0.0,0.28116917610168457,0.6917940609623896,DISRUPTIVE,614
NOVEL_DIA_W4315498228,2023,0.9165161848068236,0.0,0.0,455,26,6.1224928095143865,0.0,0.8056371110606124,0.6585141769689273,0.6297973954393213,,,,,,0.0,26.0,0.29999999999999993,0.9999999999999999,0.49999999999999994,0.6915770491188343,DISRUPTIVE,615
NOVEL_DIA_W4361028617,2023,0.918847680091858,0.0,0.0,317,49,5.762051382780177,0.0,0.8110651829889401,0.619746342223163,0.6297202623145743,,,,,,0.0,49.0,0.30000000000000004,0.9999999999999997,0.49999999999999983,0.691506691821483,DISRUPTIVE,616
NOVEL_DIA_W4375862891,2023,0.91426819562912,0.0,0.0,612,57,6.418364935936212,0.0,0.8004034539183474,0.6903371608221609,0.6293161338250592,,,,,,0.0,57.0,0.30000000000000004,0.9999999999999997,0.49999999999999983,0.6911380643556811,DISRUPTIVE,617
NOVEL_DIA_W4386069852,2023,0.9187127947807312,0.0,0.0,304,32,5.720311776607412,0.0,0.8107511496835456,0.6152569743690838,0.6290515022153902,,,,,,0.0,32.0,0.3,0.9999999999999997,0.49999999999999983,0.690896679543241,DISRUPTIVE,618
NOVEL_DIA_W4386615720,2023,0.9187052845954896,0.0,0.0,296,91,5.6937321388027,0.0,0.8107336648419727,0.6123981603438713,0.628753381423768,,,,,,0.0,91.0,0.3,0.9999999999999997,0.49999999999999983,0.6906247474355827,DISRUPTIVE,619
NOVEL_MT_W4388290259,2023,0.9156395196914672,0.0,0.0,460,250,6.133398042996649,0.0,0.8035961027284252,0.6596871062110926,0.628485982531007,,,,,,0.0,250.0,0.3,0.9999999999999997,0.49999999999999983,0.6903808384344752,DISRUPTIVE,620
NOVEL_DIA_W4318014888,2023,0.914011001586914,0.0,0.0,582,13,6.368187186350492,0.0,0.7998046674787639,0.6849402154114216,0.6283572887762768,,,,,,0.0,13.0,0.29999999999999993,0.9999999999999999,0.49999999999999994,0.6902634498961724,DISRUPTIVE,621
NOVEL_MT_W4382007903,2023,0.916484534740448,0.0,0.0,350,196,5.860786223465865,0.0,0.8055634249425551,0.630365920616339,0.6269309895214225,,,,,,0.0,196.0,0.29999999999999993,0.9999999999999999,0.49999999999999994,0.6889624451577462,DISRUPTIVE,622
NOVEL_DIA_W4390828922,2024,0.9172919392585754,0.0,0.0,293,354,5.683579767338681,0.0,0.8074431841802359,0.6113062063396916,0.6263408495601341,,,,,,0.0,354.0,0.3,0.9999999999999997,0.49999999999999983,0.688424146562022,DISRUPTIVE,623
NOVEL_DIA_W4323350039,2023,0.9154353141784668,0.0,0.0,376,10,5.932245187448011,0.0,0.8031206815599408,0.6380517999334414,0.6259896570853026,,,,,,0.0,10.0,0.29999999999999993,0.9999999999999999,0.49999999999999994,0.6881038048999897,DISRUPTIVE,624
NOVEL_DIA_W4366548330,2023,0.9110164642333984,0.0,0.0,673,37,6.513230110912307,0.0,0.7928329338229927,0.7005405313390389,0.6250371068099987,,,,,,0.0,37.0,0.3000000000000001,0.9999999999999997,0.49999999999999983,0.6872349322440293,DISRUPTIVE,625
NOVEL_DIA_W4313678819,2023,0.9087337255477904,0.0,0.0,869,3,6.76849321164863,0.0,0.7875183745963058,0.7279957486699105,0.6240624370844051,,,,,,0.0,3.0,0.3,0.9999999999999997,0.49999999999999983,0.6863458832404056,DISRUPTIVE,626
NOVEL_DIA_W4385027818,2023,0.9127321243286132,0.0,0.0,424,59,6.052089168924417,0.0,0.796827248742334,0.650941804590364,0.6228732545786702,,,,,,0.0,59.0,0.30000000000000004,0.9999999999999997,0.49999999999999983,0.6852611655210707,DISRUPTIVE,627
NOVEL_SUM_W4385027818,2023,0.9127321243286132,0.0,0.0,424,59,6.052089168924417,0.0,0.796827248742334,0.650941804590364,0.6228732545786702,,,,,,0.0,59.0,0.30000000000000004,0.9999999999999997,0.49999999999999983,0.6852611655210707,DISRUPTIVE,628
NOVEL_SA_W4386421370,2023,0.9125499725341796,0.0,0.0,409,23,6.016157159698354,0.0,0.796403171949897,0.64707708180203,0.6221899285451308,,,,,,0.0,23.0,0.29999999999999993,0.9999999999999999,0.49999999999999994,0.684637866865828,DISRUPTIVE,629
NOVEL_DIA_W4386421370,2023,0.9125499725341796,0.0,0.0,409,23,6.016157159698354,0.0,0.796403171949897,0.64707708180203,0.6221899285451308,,,,,,0.0,23.0,0.29999999999999993,0.9999999999999999,0.49999999999999994,0.684637866865828,DISRUPTIVE,630
NOVEL_DIA_W4327672398,2023,0.922250747680664,0.8673870333988212,2036.0,317,0,5.762051382780177,0.8673870325314341,0.8189880365188483,0.619746342223163,0.808743666291797,2036.0,1.6442837,1.3781849,0.0,0.0,0.12677218,,,0.0,0.06338609009981155,0.6841211230263798,DISRUPTIVE,631
NOVEL_SA_W4286593299,2022,0.9122248888015748,0.0,0.0,406,28,6.008813185442595,0.0,0.795646328093238,0.6462871893002051,0.6215811485952871,,,,,,0.0,28.0,0.3,0.9999999999999997,0.49999999999999983,0.6840825657277884,DISRUPTIVE,632
NOVEL_MT_W4214706752,2022,0.913588523864746,0.0,0.0,291,60,5.676753802268282,0.0,0.798821075755991,0.6105720291164259,0.6202319559408364,,,,,,0.0,60.0,0.30000000000000004,0.9999999999999997,0.49999999999999983,0.6828518940924243,DISRUPTIVE,633
NOVEL_DIA_W4318671267,2023,0.9115028381347656,0.0,0.0,370,10,5.916202062607435,0.0,0.7939652854677198,0.6363262568451777,0.6194083255119216,,,,,,0.0,10.0,0.29999999999999993,0.9999999999999999,0.49999999999999994,0.6821006162052046,DISRUPTIVE,634
NOVEL_DIA_W4376224599,2023,0.912741482257843,0.0,0.0,299,9,5.703782474656201,0.0,0.7968490354100086,0.613479139750257,0.6191422387620317,,,,,,0.0,9.0,0.3,0.9999999999999997,0.49999999999999983,0.68185790408062,DISRUPTIVE,635
NOVEL_SA_W4367849331,2023,0.9101935625076294,0.0,0.0,409,76,6.016157159698354,0.0,0.7909170947534946,0.64707708180203,0.6183496745076492,,,,,,0.0,76.0,0.3,0.9999999999999997,0.49999999999999983,0.681134963332422,DISRUPTIVE,636
NOVEL_DIA_W4367849331,2023,0.9101935625076294,0.0,0.0,409,76,6.016157159698354,0.0,0.7909170947534946,0.64707708180203,0.6183496745076492,,,,,,0.0,76.0,0.3,0.9999999999999997,0.49999999999999983,0.681134963332422,DISRUPTIVE,637
NOVEL_MT_W4367676419,2023,0.911995530128479,0.0,0.0,308,1520,5.733341276897746,0.0,0.7951123465823419,0.616658382411029,0.6182444808487422,,,,,,0.0,1520.0,0.29999999999999993,0.9999999999999999,0.49999999999999994,0.6810390105032912,DISRUPTIVE,638
NOVEL_QA_W4207072548,2022,0.9120633006095886,0.0,0.0,300,169,5.707110264748875,0.0,0.7952701264622505,0.6138370653570617,0.6180727950592815,,,,,,0.0,169.0,0.29999999999999993,0.9999999999999999,0.49999999999999994,0.6808824066034794,DISRUPTIVE,639
NOVEL_MT_W4376869874,2023,0.9106078147888184,0.0,0.0,361,120,5.891644211825772,0.0,0.7918815364116876,0.6336848992480758,0.6176855654129888,,,,,,0.0,120.0,0.29999999999999993,0.9999999999999999,0.49999999999999994,0.6805291934871076,DISRUPTIVE,640
NOVEL_MT_71,2021,0.938956081867218,0.5905511811023622,127.0,4,11,1.6094379124341005,0.5905511805118109,0.8578805687634625,0.1731055821971953,0.7359371924565054,127.0,1.9530038,1.4249257,0.0,0.0,0.43753615,1.0,0.979108202457428,0.0035622628659621233,0.2205492065415092,0.6791491054705234,DISRUPTIVE,641
NOVEL_SA_W4322502716,2023,0.9098898768424988,0.0,0.0,324,58,5.783825182329737,0.0,0.7902100688184597,0.6220882568870044,0.6153558738616222,,,,,,0.0,58.0,0.30000000000000004,0.9999999999999997,0.49999999999999983,0.6784041557454952,DISRUPTIVE,642
NOVEL_DIA_W4362584541,2023,0.902912139892578,0.0,0.0,930,24,6.836259277277067,0.0,0.7739648470055575,0.7352844325968864,0.6153038361635789,,,,,,0.0,24.0,0.3,0.9999999999999997,0.49999999999999983,0.678356689344948,DISRUPTIVE,643
NOVEL_DIA_W4380319827,2023,0.9083733558654784,0.0,0.0,379,52,5.940171252720432,0.0,0.78667937973797,0.6389043001342353,0.6145659958300025,,,,,,0.0,52.0,0.30000000000000004,0.9999999999999997,0.49999999999999983,0.6776836652464513,DISRUPTIVE,644
NOVEL_DIA_W4385293522,2023,0.9070103764533995,0.0,0.0,396,38,5.983936280687191,0.0,0.7835061585296395,0.6436115153598321,0.6128154625067308,,,,,,0.0,38.0,0.3000000000000001,0.9999999999999997,0.49999999999999983,0.6760869090674109,DISRUPTIVE,645
NOVEL_SA_W4384277430,2023,0.9074922800064088,0.0,0.0,367,109,5.908082938168931,0.0,0.7846281025305737,0.6354529918673862,0.6127849709581401,,,,,,0.0,109.0,0.2999999999999999,1.0,0.5,0.6760590960758083,DISRUPTIVE,646
NOVEL_MT_209,2021,0.9355510473251344,0.6291390728476821,151.0,0,18,0.0,0.629139072218543,0.849953135870285,0.0,0.7207950095529081,151.0,2.0052629,1.4054285,0.0,0.0,0.4901412,,,0.0,0.24507060647010803,0.6749230849481906,DISRUPTIVE,647
NOVEL_DIA_39,2021,0.926443874835968,0.63,100.0,4,35,1.6094379124341005,0.62999999937,0.8287502676285194,0.1731055821971953,0.723435745433683,100.0,1.9899652,1.3655978,0.0,0.0,0.4747423,,,0.0,0.23737114667892456,0.6743219456473255,DISRUPTIVE,648
NOVEL_MT_W4386075553,2023,0.9058364033699036,0.0,0.0,374,53,5.926926025970411,0.0,0.7807729725008962,0.6374796892994945,0.6102890496805767,,,,,,0.0,53.0,0.3000000000000001,0.9999999999999997,0.49999999999999983,0.6737824312049566,DISRUPTIVE,649
NOVEL_SA_W4403939428,2024,0.8970435857772827,0.0,0.0,1015,7,6.923628628138427,0.0,0.7603019697706862,0.7446815781656602,0.6066795366560463,,,,,,0.0,7.0,0.3,0.9999999999999997,0.49999999999999983,0.6704899990366427,DISRUPTIVE,650
NOVEL_DIA_W4327681325,2023,0.9043416976928712,0.0,0.0,282,6,5.645446897643238,0.0,0.7772930727221189,0.6072047666019534,0.6048256275656785,,,,,,0.0,6.0,0.3,0.9999999999999997,0.49999999999999983,0.6687989482259723,TRANSITIONAL,651
NOVEL_DIA_W4285585446,2022,0.889961838722229,0.0,0.0,2441,313,7.80057265467065,0.0,0.7438145967788566,0.8390026483320925,0.6045704825784088,,,,,,0.0,313.0,0.3,0.9999999999999997,0.49999999999999983,0.668566216675217,TRANSITIONAL,652
NOVEL_MT_253,2021,0.9167448878288268,0.6,60.0,8,0,2.19722457733622,0.5999999993999999,0.8061695661170852,0.2363258854158169,0.7079512847035413,60.0,2.0306973,1.516384,0.0,0.0,0.5157441,,,0.0,0.2578720450401306,0.6682120076846645,TRANSITIONAL,653
NOVEL_DIA_W4319301505,2023,0.8975448608398438,0.0,0.0,701,4,6.553933404025811,0.0,0.7614690135613916,0.704918436940318,0.6035201531870059,,,,,,0.0,4.0,0.3,0.9999999999999997,0.49999999999999983,0.6676081543958793,TRANSITIONAL,654
NOVEL_DIA_W4384154918,2023,0.8941106796264648,0.0,0.0,1073,28,6.97914527506881,0.0,0.7534737228306805,0.7506527569320319,0.6024968816746795,,,,,,0.0,28.0,0.3,0.9999999999999997,0.49999999999999983,0.6666747730723583,TRANSITIONAL,655
NOVEL_SA_W4293105742,2022,0.9005336761474609,0.0,0.0,388,56,5.963579343618446,0.0,0.7684274254331074,0.6414219935299982,0.6020413971561749,,,,,,0.0,56.0,0.3,0.9999999999999997,0.49999999999999983,0.6662593009932435,TRANSITIONAL,656
NOVEL_QA_W4403420208,2024,0.900478184223175,0.0,0.0,310,71,5.739792912179234,0.0,0.7682982318814847,0.6173522980152892,0.5995439921185681,,,,,,0.0,71.0,0.30000000000000004,0.9999999999999997,0.49999999999999983,0.6639812827045587,TRANSITIONAL,657
NOVEL_MT_W4225910596,2022,0.8951166272163391,0.0,0.0,651,36,6.480044561926653,0.0,0.7558157202213742,0.6969712083267537,0.5987681249876373,,,,,,0.0,36.0,0.30000000000000004,0.9999999999999997,0.49999999999999983,0.6632735723062714,TRANSITIONAL,658
NOVEL_SA_W4361019934,2023,0.8962827920913696,0.0,0.0,503,66,6.222576268071369,0.0,0.7585307275656251,0.6692788080416557,0.5978993901001031,,,,,,0.0,66.0,0.3,0.9999999999999997,0.49999999999999983,0.6624811522013939,TRANSITIONAL,659
NOVEL_DIA_W4390912254,2024,0.8994668126106262,0.0,0.0,280,66,5.638354669333745,0.0,0.7659436065496549,0.6064419510244743,0.5968047196872058,,,,,,0.0,66.0,0.3,0.9999999999999997,0.49999999999999983,0.6614826440767161,TRANSITIONAL,660
NOVEL_MT_W4366278627,2023,0.8949152231216431,0.0,0.0,532,247,6.278521424165844,0.0,0.7553468211763333,0.6752960757734694,0.5962723824007803,,,,,,0.0,247.0,0.2999999999999999,1.0,0.5,0.6609970704288834,TRANSITIONAL,661
NOVEL_DIA_W4367310920,2023,0.8849126696586609,0.0,0.0,2035,19,7.618742377670413,0.0,0.7320593712670324,0.8194456118549291,0.5943861210724155,,,,,,0.0,19.0,0.3,0.9999999999999997,0.49999999999999983,0.6592765093911066,TRANSITIONAL,662
NOVEL_DIA_W4366769280,2023,0.8955022692680359,0.0,0.0,375,39,5.929589143389895,0.0,0.756713552959289,0.6377661250096252,0.5934760995724648,,,,,,0.0,39.0,0.3000000000000001,0.9999999999999997,0.49999999999999983,0.6584464295327067,TRANSITIONAL,663
NOVEL_SA_W4224234154,2022,0.8966125249862671,0.0,0.0,315,30,5.755742213586912,0.0,0.75929839537183,0.6190677497792154,0.5934156517382024,,,,,,0.0,30.0,0.30000000000000004,0.9999999999999997,0.49999999999999983,0.6583912917917766,TRANSITIONAL,664
NOVEL_DIA_W4224293837,2022,0.8966080546379089,0.0,0.0,307,61,5.730099782973574,0.0,0.7592879877280365,0.6163097385220059,0.5931325652618261,,,,,,0.0,61.0,0.30000000000000004,0.9999999999999997,0.49999999999999983,0.6581330732966771,TRANSITIONAL,665
NOVEL_DIA_W4382560004,2023,0.8947809934616089,0.0,0.0,334,146,5.814130531825066,0.0,0.755034314325362,0.6253477955915105,0.5910587995869045,,,,,,0.0,146.0,0.3,0.9999999999999997,0.49999999999999983,0.6562414793970968,TRANSITIONAL,666
NOVEL_DIA_W4312090823,2022,0.8911246061325073,0.0,0.0,506,53,6.228511003591184,0.0,0.7465216943138245,0.6699171276931359,0.5895568987889908,,,,,,0.0,53.0,0.3000000000000001,0.9999999999999997,0.49999999999999983,0.6548715143998627,TRANSITIONAL,667
NOVEL_SA_W3159301005,2022,0.8930147886276245,0.0,0.0,373,70,5.924255797414532,0.0,0.7509223236468625,0.637192488740098,0.5893648754268135,,,,,,0.0,70.0,0.30000000000000004,0.9999999999999997,0.49999999999999983,0.6546963594993528,TRANSITIONAL,668
NOVEL_DIA_W4310436400,2022,0.8928995132446289,0.0,0.0,301,69,5.71042701737487,0.0,0.7506539452055754,0.6141938038120782,0.5868771420251105,,,,,,0.0,69.0,0.30000000000000004,0.9999999999999997,0.49999999999999983,0.652427163233183,TRANSITIONAL,669
NOVEL_DIA_W4206806123,2022,0.8928750157356262,0.0,0.0,301,43,5.71042701737487,0.0,0.7505969113175873,0.6141938038120782,0.586837218303519,,,,,,0.0,43.0,0.30000000000000004,0.9999999999999997,0.49999999999999983,0.6523907466461382,TRANSITIONAL,670
NOVEL_DIA_W4387242094,2023,0.8896228671073914,0.0,0.0,395,12,5.981414211254481,0.0,0.7430254198421454,0.6433402502839207,0.5844518189178938,,,,,,0.0,12.0,0.29999999999999993,0.9999999999999999,0.49999999999999994,0.6502148947741172,TRANSITIONAL,671
NOVEL_MT_W4206779940,2022,0.8878996968269348,0.0,0.0,462,137,6.137727054086234,0.0,0.7390136200812307,0.6601527196896936,0.5833248060258309,,,,,,0.0,137.0,0.29999999999999993,0.9999999999999999,0.49999999999999994,0.6491868853238908,TRANSITIONAL,672
NOVEL_DIA_W4390692489,2024,0.8843730092048645,0.0,0.0,759,238,6.633318433280377,0.0,0.7308029605082872,0.7134568164582142,0.5829077540016224,,,,,,0.0,238.0,0.2999999999999999,1.0,0.5,0.6488064696027027,TRANSITIONAL,673
NOVEL_QA_W4390692489,2024,0.8843730092048645,0.0,0.0,759,238,6.633318433280377,0.0,0.7308029605082872,0.7134568164582142,0.5829077540016224,,,,,,0.0,238.0,0.2999999999999999,1.0,0.5,0.6488064696027027,TRANSITIONAL,674
NOVEL_DIA_W202708134,2025,0.8801957964897156,0.0,0.0,1003,3,6.911747300251674,0.0,0.721077780610521,0.7434036635811817,0.5790948127854828,,,,,,0.0,3.0,0.3,0.9999999999999997,0.49999999999999983,0.6453284795717507,TRANSITIONAL,675
NOVEL_DIA_W1859731298,2022,0.8880354166030884,0.0,0.0,295,95,5.69035945432406,0.0,0.7393295961467998,0.6120354060519959,0.5787342579079595,,,,,,0.0,95.0,0.3,0.9999999999999997,0.49999999999999983,0.6449995979555512,TRANSITIONAL,676
NOVEL_SA_W4385827828,2023,0.8851041793823242,0.0,0.0,333,11,5.811140992976701,0.0,0.7325052347271437,0.625026251120084,0.575256289421009,,,,,,0.0,11.0,0.29999999999999993,0.9999999999999999,0.49999999999999994,0.6418271546788552,TRANSITIONAL,677
NOVEL_MT_W4385827828,2023,0.8851041793823242,0.0,0.0,333,11,5.811140992976701,0.0,0.7325052347271437,0.625026251120084,0.575256289421009,,,,,,0.0,11.0,0.29999999999999993,0.9999999999999999,0.49999999999999994,0.6418271546788552,TRANSITIONAL,678
NOVEL_MT_W3212407416,2022,0.8845347166061401,0.0,0.0,306,332,5.726847747587197,0.0,0.7311794396764422,0.6159599608297224,0.5734216038564818,,,,,,0.0,332.0,0.3,0.9999999999999997,0.49999999999999983,0.6401536386864377,TRANSITIONAL,679
NOVEL_DIA_W4361289889,2023,0.8740986585617065,0.0,0.0,1469,6,7.293017679772782,0.0,0.7068827258563445,0.784411788536887,0.5732590869531298,,,,,,0.0,6.0,0.3,0.9999999999999997,0.49999999999999983,0.6400053982238448,TRANSITIONAL,680
NOVEL_MT_W4307112113,2022,0.8799851536750793,0.0,0.0,460,36,6.133398042996649,0.0,0.7205873724349737,0.6596871062110926,0.5703798713255908,,,,,,0.0,36.0,0.30000000000000004,0.9999999999999997,0.49999999999999983,0.6373791098333618,TRANSITIONAL,681
NOVEL_SA_W4384498679,2023,0.8794477581977844,0.0,0.0,369,86,5.91350300563827,0.0,0.7193362348824173,0.6360359556012335,0.5671389599778154,,,,,,0.0,86.0,0.3,0.9999999999999997,0.49999999999999983,0.6344228992023009,INCREMENTAL,682
NOVEL_DIA_W4367175039,2023,0.8808982968330383,0.0,0.0,295,15,5.69035945432406,0.0,0.7227133071405155,0.6120354060519959,0.5671028556035604,,,,,,0.0,15.0,0.29999999999999993,0.9999999999999999,0.49999999999999994,0.6343899664486563,INCREMENTAL,683
NOVEL_DIA_W4361298490,2023,0.8725346326828003,0.0,0.0,1030,11,6.93828448401696,0.0,0.7032414382144766,0.7462579113965673,0.5668947978897902,,,,,,0.0,11.0,0.29999999999999993,0.9999999999999999,0.49999999999999994,0.6342001857483159,INCREMENTAL,684
NOVEL_DIA_W4380291159,2023,0.8799793124198914,0.0,0.0,305,8,5.723585101952381,0.0,0.7205737731137503,0.615609041935769,0.565962545373202,,,,,,0.0,8.0,0.3,0.9999999999999997,0.49999999999999983,0.6333498277765488,INCREMENTAL,685
NOVEL_MT_W4281630788,2022,0.8788844347000122,0.0,0.0,351,291,5.863631175598097,0.0,0.7180247329958588,0.6306719138400405,0.5656845044811052,,,,,,0.0,291.0,0.29999999999999993,0.9999999999999999,0.49999999999999994,0.6330962116319263,INCREMENTAL,686
NOVEL_MT_W3173594637,2022,0.8767186999320984,0.0,0.0,465,1525,6.144185634125646,0.0,0.7129825764993928,0.660847382248126,0.5651725417743876,,,,,,0.0,1525.0,0.29999999999999993,0.9999999999999999,0.49999999999999994,0.6326292227408713,INCREMENTAL,687
NOVEL_SA_W4295749386,2022,0.8771504163742065,0.0,0.0,399,156,5.991464547107982,0.0,0.7139876773526721,0.6444212296903064,0.5642334971159011,,,,,,0.0,156.0,0.3,0.9999999999999997,0.49999999999999983,0.6317726692889034,INCREMENTAL,688
NOVEL_MT_W4205647138,2022,0.8790389895439148,0.0,0.0,283,173,5.648974238161206,0.0,0.7183845599339443,0.607584155163173,0.5636276074700783,,,,,,0.0,173.0,0.29999999999999993,0.9999999999999999,0.49999999999999994,0.6312200045535782,INCREMENTAL,689
NOVEL_MT_W4214767244,2022,0.8779675364494324,0.0,0.0,290,200,5.673323267171493,0.0,0.7158900558695306,0.6102030526119024,0.5621433443698617,,,,,,0.0,200.0,0.29999999999999993,0.9999999999999999,0.49999999999999994,0.6298661278549255,INCREMENTAL,690
NOVEL_DIA_40,2021,0.945058524608612,0.4827586206896552,29.0,1,18,0.6931471805599453,0.4827586202068965,0.8720879739216071,0.0745525163239789,0.7144685574189021,29.0,1.7968518,1.4773909,0.0,0.0,0.28035036,,,0.0,0.14017517864704132,0.6281463299751865,INCREMENTAL,691
NOVEL_MT_W4289920177,2022,0.8704490661621094,0.0,0.0,743,665,6.612041034833092,0.0,0.6983859254633731,0.7111682929821589,0.559986977122577,,,,,,0.0,665.0,0.29999999999999993,0.9999999999999999,0.49999999999999994,0.6278991885909836,INCREMENTAL,692
NOVEL_SA_W4213050051,2022,0.8749945759773254,0.0,0.0,363,75,5.8971538676367405,0.0,0.7089685564411354,0.6342774987944737,0.5597057393882421,,,,,,0.0,75.0,0.3,0.9999999999999997,0.49999999999999983,0.6276426564335498,INCREMENTAL,693
NOVEL_DIA_W4319301446,2023,0.8709958791732788,0.0,0.0,576,2,6.3578422665081,0.0,0.6996589884521877,0.6838275515688057,0.5581440470734119,,,,,,0.0,2.0,0.3,0.9999999999999997,0.49999999999999983,0.6262181523579551,INCREMENTAL,694
NOVEL_DIA_W4319062614,2023,0.8720765113830566,0.0,0.0,455,4,6.1224928095143865,0.0,0.7021748628785239,0.6585141769689273,0.5573738217118595,,,,,,0.0,4.0,0.3,0.9999999999999997,0.49999999999999983,0.6255155881228373,INCREMENTAL,695
NOVEL_SA_W4283824584,2022,0.8738683462142944,0.0,0.0,294,326,5.68697535633982,0.0,0.706346524048106,0.6116714241628852,0.5556097092499628,,,,,,0.0,326.0,0.29999999999999993,0.9999999999999999,0.49999999999999994,0.6239064456765852,INCREMENTAL,696
NOVEL_MT_W3140679530,2022,0.8693229556083679,0.0,0.0,502,10,6.220590170099739,0.0,0.6957641706075114,0.6690651902046312,0.5539414384457211,,,,,,0.0,10.0,0.29999999999999993,0.9999999999999999,0.49999999999999994,0.6223847255930125,INCREMENTAL,697
NOVEL_DIA_W4285091711,2022,0.8713213801383972,0.0,0.0,327,135,5.793013608384144,0.0,0.7004168036889347,0.6230765322527925,0.5525994158075335,,,,,,0.0,135.0,0.3,0.9999999999999997,0.49999999999999983,0.6211605941175071,INCREMENTAL,698
NOVEL_MT_W4282921641,2022,0.8696529269218445,0.0,0.0,417,828,6.035481432524756,0.0,0.6965323934880517,0.6491555338332069,0.5524882288249569,,,,,,0.0,828.0,0.29999999999999993,0.9999999999999999,0.49999999999999994,0.6210591744535123,INCREMENTAL,699
NOVEL_DIA_W4376640725,2023,0.8662770390510559,0.0,0.0,436,12,6.07993319509559,0.0,0.6886728184324072,0.6539366118605525,0.5474646340887402,,,,,,0.0,12.0,0.29999999999999993,0.9999999999999999,0.49999999999999994,0.6164768818290814,INCREMENTAL,700
NOVEL_MT_W4283692078,2022,0.8632095456123352,0.0,0.0,558,135,6.326149473155099,0.0,0.6815312320299267,0.6804187841957734,0.545113740840526,,,,,,0.0,135.0,0.3,0.9999999999999997,0.49999999999999983,0.6143325048723867,INCREMENTAL,701
NOVEL_MT_W4307034884,2022,0.8663798570632935,0.0,0.0,314,53,5.752572638825633,0.0,0.6889121942396566,0.6187268412669144,0.544111220094451,,,,,,0.0,53.0,0.3000000000000001,0.9999999999999997,0.49999999999999983,0.6134180514457478,INCREMENTAL,702
NOVEL_MT_W4296268709,2022,0.8662008047103882,0.0,0.0,300,167,5.707110264748875,0.0,0.6884953334135829,0.6138370653570617,0.5433304399252141,,,,,,0.0,167.0,0.3,0.9999999999999997,0.49999999999999983,0.6127058595993389,INCREMENTAL,703
NOVEL_DIA_W4320920036,2023,0.8650470972061157,0.0,0.0,342,41,5.83773044716594,0.0,0.6858093287033697,0.6278861209617063,0.5428551421885294,,,,,,0.0,41.0,0.30000000000000004,0.9999999999999997,0.49999999999999983,0.6122723148116757,INCREMENTAL,704
NOVEL_MT_W4365479119,2023,0.8606233596801758,0.0,0.0,549,267,6.309918278226516,0.0,0.6755102019425409,0.6786730129385156,0.5407244426536302,,,,,,0.0,267.0,0.3,0.9999999999999997,0.49999999999999983,0.6103287884572787,INCREMENTAL,705
NOVEL_MT_W4281683632,2022,0.8639914393424988,0.0,0.0,318,229,5.765191102784844,0.0,0.6833515983136929,0.6200840396609736,0.5403545227856823,,,,,,0.0,229.0,0.2999999999999999,1.0,0.5,0.6099913645265012,INCREMENTAL,706
NOVEL_MT_W4207043059,2022,0.8641288876533508,0.0,0.0,278,66,5.631211781821365,0.0,0.6836715986681954,0.6056736867181305,0.5391374877395497,,,,,,0.0,66.0,0.3,0.9999999999999997,0.49999999999999983,0.6088812409977534,INCREMENTAL,707
NOVEL_SA_W4315436281,2023,0.8575472831726074,0.0,0.0,714,96,6.572282542694008,0.0,0.6683486328639768,0.706892006909955,0.5385332436957793,,,,,,0.0,96.0,0.29999999999999993,0.9999999999999999,0.49999999999999994,0.6083300773051162,INCREMENTAL,708
NOVEL_SUM_W4384937545,2023,0.8624000549316406,0.0,0.0,283,379,5.648974238161206,0.0,0.679646615891809,0.607584155163173,0.5365110466405836,,,,,,0.0,379.0,0.29999999999999993,0.9999999999999999,0.49999999999999994,0.6064855219343644,INCREMENTAL,709
NOVEL_DIA_W4303696390,2022,0.8563845753669739,0.0,0.0,646,136,6.472346294500901,0.0,0.6656416740975928,0.6961432092754396,0.5355634927958589,,,,,,0.0,136.0,0.3,0.9999999999999997,0.49999999999999983,0.6056212067931309,INCREMENTAL,710
NOVEL_MT_W4282020692,2022,0.8579996824264526,0.0,0.0,499,91,6.214608098422191,0.0,0.6694018864158738,0.6684217792395439,0.5354234984150661,,,,,,0.0,91.0,0.3,0.9999999999999997,0.49999999999999983,0.6054935103422322,INCREMENTAL,711
NOVEL_DIA_W4377041488,2023,0.7553972005844116,0.5730337078651685,89.0,322,13,5.777652323222656,0.5730337072921348,0.4305278663659839,0.6214243254850553,0.4781186804631213,89.0,1.7738979,1.3047323,0.0,0.0,0.25724453,13.0,0.29999999999999993,0.9999999999999999,0.6286222636699677,0.6035041107265967,INCREMENTAL,712
NOVEL_MT_W4283757722,2022,0.8602469563484192,0.0,0.0,281,441,5.641907070938114,0.0,0.6746338783351324,0.6068240350695758,0.5329261183415502,,,,,,0.0,441.0,0.2999999999999999,1.0,0.5,0.6032155148246457,INCREMENTAL,713
NOVEL_MT_W4211159471,2022,0.860144317150116,0.0,0.0,284,301,5.652489180268651,0.0,0.6743949188336349,0.607962210194186,0.532872664202963,,,,,,0.0,301.0,0.29999999999999993,0.9999999999999999,0.49999999999999994,0.6031667564120239,INCREMENTAL,714
NOVEL_SA_W4226442993,2022,0.8590186238288879,0.0,0.0,309,54,5.736572297479192,0.0,0.6717741353578606,0.617005899823488,0.5319424847328512,,,,,,0.0,54.0,0.30000000000000004,0.9999999999999997,0.49999999999999983,0.6023182893781364,INCREMENTAL,715
NOVEL_SA_W4281553262,2022,0.8504522442817688,0.0,0.0,491,180,6.198478716492308,0.0,0.6518303144779348,0.6666869586367219,0.5229499159982265,,,,,,0.0,180.0,0.29999999999999993,0.9999999999999999,0.49999999999999994,0.5941156807779071,INCREMENTAL,716
NOVEL_MT_W4285082442,2022,0.8497589826583862,0.0,0.0,472,28,6.159095388491933,0.0,0.6502162970784467,0.6624510239233056,0.5213965103472433,,,,,,0.0,28.0,0.3,0.9999999999999997,0.49999999999999983,0.5926987354168626,INCREMENTAL,717
NOVEL_SA_W4290932423,2022,0.8436835408210754,0.0,0.0,711,142,6.568077911411976,0.0,0.6360717540888144,0.7064397712937952,0.5158942049915496,,,,,,0.0,142.0,0.3,0.9999999999999997,0.49999999999999983,0.5876797849296761,INCREMENTAL,718
NOVEL_MT_W4309782713,2022,0.8490594029426575,0.0,0.0,297,25,5.697093486505405,0.0,0.648587570209064,0.612759695291289,0.5152872686754737,,,,,,0.0,25.0,0.3,0.9999999999999997,0.49999999999999983,0.5871261654697696,INCREMENTAL,719
NOVEL_DIA_W4312943102,2022,0.8471282124519348,0.0,0.0,372,11,5.921578419643816,0.0,0.6440914680902943,0.63690451923585,0.5145544795867909,,,,,,0.0,11.0,0.29999999999999993,0.9999999999999999,0.49999999999999994,0.5864577488851024,INCREMENTAL,720
NOVEL_SA_W4220825176,2022,0.8327623605728149,0.0,0.0,2322,682,7.750614732770409,0.0,0.6106456027642517,0.8336293468278275,0.5108148566177589,,,,,,0.0,682.0,0.29999999999999993,0.9999999999999999,0.49999999999999994,0.583046636395154,INCREMENTAL,721
NOVEL_MT_W4214917757,2022,0.836822509765625,0.0,0.0,687,183,6.533788837933344,0.0,0.6200982411632134,0.7027517569990753,0.5043439445141569,,,,,,0.0,183.0,0.29999999999999993,0.9999999999999999,0.49999999999999994,0.5771441672744049,INCREMENTAL,722
NOVEL_SA_W4297256710,2022,0.8391213417053223,0.0,0.0,362,404,5.8944028342648505,0.0,0.6254502679075564,0.6339816071482003,0.5012133482501095,,,,,,0.0,404.0,0.29999999999999993,0.9999999999999999,0.49999999999999994,0.5742885810012139,INCREMENTAL,723
NOVEL_MT_W4308165701,2022,0.8349979519844055,0.0,0.0,375,247,5.929589143389895,0.0,0.6158503960410634,0.6377661250096252,0.4948718897297068,,,,,,0.0,247.0,0.2999999999999999,1.0,0.5,0.5685041934994348,INCREMENTAL,724
NOVEL_MT_W4385799520,2023,0.8282907605171204,0.0,0.0,626,12,6.440946540632921,0.0,0.6002350448305409,0.6927659602171365,0.4894411274030922,,,,,,0.0,12.0,0.29999999999999993,0.9999999999999999,0.49999999999999994,0.5635505012808175,INCREMENTAL,725
NOVEL_DIA_W4379010216,2023,0.7366389036178589,0.7259615384615384,208.0,365,56,5.902633333401366,0.7259615377355768,0.3868557277856666,0.6348668512037757,0.4794780021174595,208.0,1.55193,1.3239335,0.0,0.0,0.033807058,56.0,0.3,0.9999999999999997,0.5169035289436577,0.5610705770389873,INCREMENTAL,726
NOVEL_MT_W4281901970,2022,0.8312674760818481,0.0,0.0,285,36,5.655991810819852,0.0,0.6071652866797225,0.6083389410367386,0.4858495947794795,,,,,,0.0,36.0,0.30000000000000004,0.9999999999999997,0.49999999999999983,0.5602744700092388,INCREMENTAL,727
NOVEL_MT_W4210920041,2022,0.821036696434021,0.0,0.0,335,45,5.817111159963204,0.0,0.5833464918626199,0.6256683816577262,0.4709093824696065,,,,,,0.0,45.0,0.3000000000000001,0.9999999999999997,0.49999999999999983,0.5466466938310752,INCREMENTAL,728
NOVEL_MT_W4376871556,2023,0.812920093536377,0.0,0.0,486,27,6.18826412308259,0.0,0.5644498187168989,0.665588312255003,0.4616737043273295,,,,,,0.0,27.0,0.3,0.9999999999999997,0.49999999999999983,0.5382223319835976,INCREMENTAL,729
NOVEL_MT_W4210521984,2022,0.811149001121521,0.0,0.0,293,173,5.683579767338681,0.0,0.5603264490145186,0.6113062063396916,0.4533591349441321,,,,,,0.0,173.0,0.29999999999999993,0.9999999999999999,0.49999999999999994,0.5306381632835887,INCREMENTAL,730
NOVEL_SA_W4295048810,2022,0.8107901811599731,0.0,0.0,291,522,5.676753802268282,0.0,0.5594910621393644,0.6105720291164259,0.4527009464091976,,,,,,0.0,522.0,0.29999999999999993,0.9999999999999999,0.49999999999999994,0.5300377939012076,INCREMENTAL,731
NOVEL_MT_W4289261621,2022,0.807147204875946,0.0,0.0,443,116,6.095824562432225,0.0,0.5510096650592072,0.6556458324359254,0.4512713487850376,,,,,,0.0,116.0,0.2999999999999999,1.0,0.5,0.5287337805416377,INCREMENTAL,732
NOVEL_MT_W4224050897,2022,0.8053339123725891,0.0,0.0,456,2093,6.124683390894205,0.0,0.5467880471994166,0.6587497883349666,0.4486266118730883,,,,,,0.0,2093.0,0.29999999999999993,0.9999999999999999,0.49999999999999994,0.5263213728770989,INCREMENTAL,733
NOVEL_MT_W4205713819,2022,0.805689811706543,0.0,0.0,420,47,6.042632833682381,0.0,0.547616634413959,0.6499247138378237,0.4483241154735536,,,,,,0.0,47.0,0.3000000000000001,0.9999999999999997,0.49999999999999983,0.5260454495406658,INCREMENTAL,734
NOVEL_DIA_W4318464200,2023,0.93263578414917,0.0,0.0,510,0,6.236369590203704,0.0,0.8431659644311174,0.6707623701223702,0.6572924121140191,,,,,,0.0,,,0.0,0.0,0.5211951451398789,INCREMENTAL,735
NOVEL_QA_W4229005866,2022,0.926031231880188,0.0,0.0,908,0,6.812345094177479,0.0,0.8277895727220922,0.7327123056721739,0.6527239314726819,,,,,,0.0,,,0.0,0.0,0.5170279867111279,INCREMENTAL,736
NOVEL_MT_W1591719028,2025,0.9292640686035156,0.0,0.0,535,0,6.284134161070802,0.0,0.8353161031763464,0.6758997623662519,0.6523112484600677,,,,,,0.0,,,0.0,0.0,0.5166515562018559,INCREMENTAL,737
NOVEL_QA_W4287824654,2022,0.9211934804916382,0.0,0.0,1557,0,7.351158226430694,0.0,0.816526559377406,0.7906651848939167,0.6506351100535759,,,,,,0.0,,,0.0,0.0,0.5151226596524943,INCREMENTAL,738
NOVEL_SA_W4321153003,2023,0.9284184575080872,0.0,0.0,443,0,6.095824562432225,0.0,0.8333473932763776,0.6556458324359254,0.6489077585370568,,,,,,0.0,,,0.0,0.0,0.5135470488539398,INCREMENTAL,739
NOVEL_DIA_W4321153003,2023,0.9284184575080872,0.0,0.0,443,0,6.095824562432225,0.0,0.8333473932763776,0.6556458324359254,0.6489077585370568,,,,,,0.0,,,0.0,0.0,0.5135470488539398,INCREMENTAL,740
NOVEL_SA_W1541164384,2023,0.9152040481567384,0.0,0.0,3036,0,8.01862546504575,0.0,0.8025822594543599,0.8624556553714441,0.6480531471551962,,,,,,0.0,,,0.0,0.0,0.5127675115629194,INCREMENTAL,741
NOVEL_DIA_W4322493981,2023,0.9237819910049438,0.0,0.0,277,0,5.627621113690637,0.0,0.8225530014395646,0.6052874868576422,0.6363158496934593,,,,,,0.0,,,0.0,0.0,0.5020612873522114,INCREMENTAL,742
NOVEL_DIA_W4360802167,2023,0.9230021238327026,0.0,0.0,284,0,5.652489180268651,0.0,0.8207373532876514,0.607962210194186,0.6353123683207745,,,,,,0.0,,,0.0,0.0,0.5011459576860549,INCREMENTAL,743
NOVEL_DIA_W4205178534,2022,0.784035861492157,0.0,0.0,617,26,6.42648845745769,0.0,0.4972029792585813,0.6912108987350079,0.4171631753545077,,,,,,0.0,26.0,0.29999999999999993,0.9999999999999999,0.49999999999999994,0.497621869698839,INCREMENTAL,744
NOVEL_MT_W2499368528,2023,0.9189714193344116,0.0,0.0,323,0,5.780743515792329,0.0,0.8113532665691425,0.6217568034795916,0.6301229669463589,,,,,,0.0,,,0.0,0.0,0.4964124238538444,INCREMENTAL,745
NOVEL_MT_W4392471745,2024,0.9102314710617064,0.0,0.0,440,0,6.089044875446846,0.0,0.7910053515728628,0.6549166327236211,0.619195409373366,,,,,,0.0,,,0.0,0.0,0.48644480721694194,INCREMENTAL,746
NOVEL_MT_W4322499406,2023,0.8924883008003235,0.0,0.0,3275,0,8.09437844497296,0.0,0.7496965807451621,0.8706033842102906,0.6118479449426426,,,,,,0.0,,,0.0,0.0,0.4797427872816062,INCREMENTAL,747
NOVEL_QA_W1495683013,2022,0.8968058824539185,0.0,0.0,451,0,6.113682179832232,0.0,0.7597485606580425,0.6575665360758738,0.5975806460682171,,,,,,0.0,,,0.0,0.0,0.4667288118644597,INCREMENTAL,748
NOVEL_SA_W4289704658,2022,0.8962615728378296,0.0,0.0,349,0,5.857933154483459,0.0,0.7584813259497523,0.6300590543722717,0.5939428336020537,,,,,,0.0,,,0.0,0.0,0.4634105662439307,INCREMENTAL,749
NOVEL_DIA_W4318263917,2023,0.8817081451416016,0.0,0.0,1322,0,7.187657164114956,0.0,0.7245987558901366,0.7730795754315296,0.5845270866662485,,,,,,0.0,,,0.0,0.0,0.4548219539049622,INCREMENTAL,750
NOVEL_DIA_W4319439342,2023,0.7458986043930054,0.0,0.0,283,27,5.648974238161206,0.0,0.4084137048336643,0.607584155163173,0.3466480088998823,,,,,,0.0,27.0,0.3,0.9999999999999997,0.49999999999999983,0.4333011702550597,INCREMENTAL,751
NOVEL_MT_W1509527650,2022,0.8604758977890015,0.0,0.0,1518,0,7.325807502595773,0.0,0.6751668884659409,0.7879385486101179,0.5514106767871704,,,,,,0.0,,,0.0,0.0,0.42461468426943166,INCREMENTAL,752
NOVEL_MT_W4207073529,2022,0.8673627972602844,0.0,0.0,423,0,6.049733455231958,0.0,0.69120062695696,0.6506884321632125,0.5489092820861933,,,,,,0.0,,,0.0,0.0,0.42233302679287543,INCREMENTAL,753
NOVEL_DIA_W1545565211,2022,0.8592087030410767,0.0,0.0,618,0,6.428105272684596,0.0,0.672216668371958,0.6913847977956653,0.5396901476399372,,,,,,0.0,,,0.0,0.0,0.4139237553458457,INCREMENTAL,754
NOVEL_MT_W2004481065,2022,0.8487054109573364,0.0,0.0,2942,0,7.987184748233473,0.0,0.6477634235892068,0.8590740004803554,0.5393417965604803,,,,,,0.0,,,0.0,0.0,0.4136060054743045,INCREMENTAL,755
NOVEL_MT_W4320012879,2022,0.855423629283905,0.0,0.0,369,0,5.91350300563827,0.0,0.6634044469877531,0.6360359556012335,0.5279867084515505,,,,,,0.0,,,0.0,0.0,0.40324841509859327,INCREMENTAL,756
NOVEL_SA_W4285494161,2022,0.8538028597831726,0.0,0.0,350,0,5.860786223465865,0.0,0.6596310516540004,0.630365920616339,0.5247783282194342,,,,,,0.0,,,0.0,0.0,0.40032187785863493,INCREMENTAL,757
NOVEL_MT_W4283721142,2022,0.7133965492248535,0.0,0.0,409,16,6.016157159698354,0.0,0.3327440286376008,0.64707708180203,0.2976285282265235,,,,,,0.0,16.0,0.3,0.9999999999999997,0.49999999999999983,0.3885878491100249,INCREMENTAL,758
NOVEL_DIA_W1511604355,2025,0.6884059906005859,0.0,0.0,1534,3,7.336285660021297,0.0,0.2745622469233769,0.7890655430269178,0.2711001271490556,,,,,,0.0,3.0,0.3,0.9999999999999997,0.49999999999999983,0.36438985883050373,INCREMENTAL,759
NOVEL_SA_W4295795036,2022,0.6427992582321167,0.0,0.0,484,80,6.184148890937483,0.0,0.1683829098682785,0.6651456921011893,0.1843826061179139,,,,,,0.0,80.0,0.29999999999999993,0.9999999999999999,0.49999999999999994,0.2852901149428852,INCREMENTAL,760
NOVEL_MT_188,2025,0.622496485710144,0.7105263157894737,76.0,6,0,1.9459101490553128,0.7105263150789473,0.1211149997416167,0.2092953736539021,0.2478153002003113,76.0,2.128749,1.4941213,0.0,0.0,0.6144448,,,0.0,0.3072223961353302,0.26778927154693455,INCREMENTAL,761
NOVEL_SA_W4380520708,2022,0.7307897806167603,0.0,0.0,276,0,5.6240175061873385,0.0,0.3732380891091506,0.6048998952829382,0.3217566519046992,,,,,,0.0,,,0.0,0.0,0.21513481982034638,INCREMENTAL,762
