paper_id,year,split,domain,final_novelty_score,structural_novelty,disruption_index,contribution_type
SKG_MT_1151,2010,SKG,MT,0.2684821249163749,1.0,-0.7315178750836251,Incremental
SKG_SUM_67,2010,SKG,SUM,0.321713566011594,1.0,-0.678286433988406,Incremental
SKG_MT_287,2010,SKG,MT,0.1879614833699454,1.0,-0.8120385166300546,Incremental
SKG_SUM_83,2010,SKG,SUM,0.2648921244057551,1.0,-0.7351078755942448,Incremental
SKG_SUM_42,2010,SKG,SUM,0.2496624610061537,1.0,-0.7503375389938463,Incremental
SKG_MT_1074,2010,SKG,MT,0.2767577726084753,1.0,-0.7232422273915247,Incremental
SKG_PAR_202,2010,SKG,PAR,0.2388653849053051,1.0,-0.7611346150946949,Incremental
SKG_MT_390,2010,SKG,MT,0.2832144022824529,1.0,-0.716785597717547,Incremental
SKG_MT_488,2010,SKG,MT,0.205913887699326,1.0,-0.7940861123006739,Incremental
SKG_MT_157,2010,SKG,MT,0.2750953067352324,1.0,-0.7249046932647676,Incremental
SKG_SUM_7,2010,SKG,SUM,0.2169974302075419,1.0,-0.7830025697924581,Incremental
SKG_MT_194,2010,SKG,MT,0.2622584675416816,1.0,-0.7377415324583184,Incremental
SKG_MT_478,2010,SKG,MT,0.274336563773646,1.0,-0.725663436226354,Incremental
SKG_MT_1199,2010,SKG,MT,0.2935564509496479,1.0,-0.7064435490503521,Incremental
SKG_MT_196,2010,SKG,MT,0.1754766135732514,1.0,-0.8245233864267486,Incremental
SKG_PAR_219,2010,SKG,PAR,0.1886296138627381,1.0,-0.8113703861372619,Incremental
SKG_MT_174,2010,SKG,MT,0.2639859997178173,1.0,-0.7360140002821827,Incremental
SKG_QA_101,2010,SKG,QA,0.2469279295382664,1.0,-0.7530720704617336,Incremental
SKG_MT_1231,2010,SKG,MT,0.2988844641147219,1.0,-0.7011155358852781,Incremental
SKG_MT_15,2010,SKG,MT,0.204418236105983,1.0,-0.795581763894017,Incremental
SKG_MT_17,2010,SKG,MT,0.2084763646481543,1.0,-0.7915236353518457,Incremental
SKG_MT_1232,2010,SKG,MT,0.2462525937166299,1.0,-0.7537474062833701,Incremental
SKG_MT_603,2010,SKG,MT,0.2078599815170583,1.0,-0.7921400184829417,Incremental
SKG_MT_567,2010,SKG,MT,0.2404066702479924,1.0,-0.7595933297520077,Incremental
SKG_MT_61,2010,SKG,MT,0.2823814225994451,1.0,-0.7176185774005549,Incremental
SKG_SA_544,2010,SKG,SA,0.2124430073483386,1.0,-0.7875569926516615,Incremental
SKG_MT_968,2010,SKG,MT,0.3471719579065737,1.0,-0.6528280420934263,Incremental
SKG_MT_547,2010,SKG,MT,0.3149237444644132,1.0,-0.6850762555355868,Incremental
SKG_PAR_87,2010,SKG,PAR,0.2842080826330083,1.0,-0.7157919173669918,Incremental
SKG_DIA_104,2010,SKG,DIA,0.1813921885540459,1.0,-0.8186078114459541,Incremental
SKG_PAR_69,2010,SKG,PAR,0.2597933717038942,1.0,-0.7402066282961057,Incremental
SKG_MT_137,2010,SKG,MT,0.299277700394957,1.0,-0.7007222996050431,Incremental
SKG_MT_606,2010,SKG,MT,0.2083877172690452,1.0,-0.7916122827309549,Incremental
SKG_SA_527,2010,SKG,SA,0.1912693843391639,1.0,-0.808730615660836,Incremental
SKG_MT_585,2010,SKG,MT,0.3089341511054956,1.0,-0.6910658488945044,Incremental
SKG_MT_646,2010,SKG,MT,0.2663711819084274,1.0,-0.7336288180915727,Incremental
SKG_QA_416,2010,SKG,QA,0.2345799609896053,1.0,-0.7654200390103947,Incremental
SKG_MT_660,2010,SKG,MT,0.2332616041544804,1.0,-0.7667383958455196,Incremental
SKG_MT_388,2010,SKG,MT,0.2221610308689973,1.0,-0.7778389691310027,Incremental
SKG_MT_1313,2010,SKG,MT,0.280270042904901,1.0,-0.719729957095099,Incremental
SKG_SA_83,2010,SKG,SA,0.2341557199610118,1.0,-0.7658442800389882,Incremental
SKG_MT_795,2010,SKG,MT,0.2637589226875871,1.0,-0.7362410773124128,Incremental
SKG_MT_1384,2010,SKG,MT,0.2853917216530831,1.0,-0.714608278346917,Incremental
SKG_MT_1167,2010,SKG,MT,0.2918669105074161,1.0,-0.7081330894925839,Incremental
SKG_MT_853,2010,SKG,MT,0.3580836642390287,1.0,-0.6419163357609713,Incremental
SKG_MT_838,2010,SKG,MT,0.2937961918911794,1.0,-0.7062038081088207,Incremental
SKG_MT_850,2010,SKG,MT,0.2649336096324317,1.0,-0.7350663903675683,Incremental
SKG_MT_1325,2010,SKG,MT,0.2168727561842136,1.0,-0.7831272438157864,Incremental
SKG_SA_217,2010,SKG,SA,0.2648923427490534,1.0,-0.7351076572509466,Incremental
SKG_MT_1320,2010,SKG,MT,0.2026996560050775,1.0,-0.7973003439949224,Incremental
SKG_SA_420,2010,SKG,SA,0.2009638267836063,1.0,-0.7990361732163938,Incremental
SKG_MT_1375,2010,SKG,MT,0.3002043493529349,1.0,-0.6997956506470651,Incremental
SKG_MT_1394,2010,SKG,MT,0.181758350265292,1.0,-0.818241649734708,Incremental
SKG_MT_1193,2010,SKG,MT,0.273618432665543,1.0,-0.726381567334457,Incremental
SKG_MT_715,2010,SKG,MT,0.278780286580612,1.0,-0.7212197134193881,Incremental
SKG_DIA_209,2010,SKG,DIA,0.2608481881779732,1.0,-0.7391518118220268,Incremental
SKG_DIA_210,2010,SKG,DIA,0.2657301259846238,1.0,-0.7342698740153761,Incremental
SKG_MT_743,2010,SKG,MT,0.271589805081054,1.0,-0.728410194918946,Incremental
SKG_MT_771,2010,SKG,MT,0.2099084783416925,1.0,-0.7900915216583075,Incremental
SKG_MT_620,2011,SKG,MT,0.277899794745416,1.0,-0.722100205254584,Incremental
SKG_MT_964,2011,SKG,MT,0.2869501955388154,0.8536585365853658,-0.5667083410465504,Incremental
SKG_MT_966,2011,SKG,MT,0.3458054766551774,0.9166666666666666,-0.5708611900114893,Incremental
SKG_MT_1227,2011,SKG,MT,0.4020429776075782,0.8888888888888888,-0.48684591128131066,Incremental
SKG_MT_1220,2011,SKG,MT,0.3527838747474607,0.8818181818181818,-0.5290343070707211,Incremental
SKG_MT_1399,2011,SKG,MT,0.3780885869800145,0.9791666666666666,-0.6010780796866522,Incremental
SKG_QA_392,2011,SKG,QA,0.3843398726986524,0.9090909090909092,-0.5247510363922567,Incremental
SKG_MT_595,2011,SKG,MT,0.3146444658774017,0.8243243243243243,-0.5096798584469227,Incremental
SKG_QA_302,2011,SKG,QA,0.3555650549887901,0.9157894736842104,-0.5602244186954203,Incremental
SKG_MT_962,2011,SKG,MT,0.2950994609719357,0.8363636363636363,-0.5412641753917007,Incremental
SKG_QA_240,2011,SKG,QA,0.323271426455021,0.8846153846153846,-0.5613439581603636,Incremental
SKG_PAR_14,2011,SKG,PAR,0.2760263200928498,0.9642857142857144,-0.6882593941928646,Incremental
SKG_MT_496,2011,SKG,MT,0.3811984990592547,0.896551724137931,-0.5153532250786763,Incremental
SKG_MT_565,2011,SKG,MT,0.2643176274034309,0.8545454545454545,-0.5902278271420236,Incremental
SKG_PAR_34,2011,SKG,PAR,0.3062601576095999,0.8333333333333334,-0.5270731757237335,Incremental
SKG_MT_58,2011,SKG,MT,0.3072289631777188,0.9130434782608696,-0.6058145150831509,Incremental
SKG_MT_557,2011,SKG,MT,0.3263128360366849,0.896551724137931,-0.5702388881012461,Incremental
SKG_MT_87,2011,SKG,MT,0.3247711258392998,0.8852459016393442,-0.5604747758000445,Incremental
SKG_SA_567,2011,SKG,SA,0.3270406796238279,0.8863636363636364,-0.5593229567398085,Incremental
SKG_PAR_94,2011,SKG,PAR,0.2761775338560207,0.8983050847457628,-0.6221275508897421,Incremental
SKG_MT_409,2011,SKG,MT,0.4622006498835355,0.88,-0.4177993501164645,Incremental
SKG_MT_144,2011,SKG,MT,0.295919927093303,0.7692307692307693,-0.47331084213746627,Incremental
SKG_MT_117,2011,SKG,MT,0.3355914452190117,0.8529411764705882,-0.5173497312515765,Incremental
SKG_MT_1024,2011,SKG,MT,0.3406002424441028,0.8181818181818182,-0.4775815757377154,Incremental
SKG_SA_505,2011,SKG,SA,0.3661272690534721,0.9066666666666666,-0.5405393976131945,Incremental
SKG_MT_1306,2011,SKG,MT,0.2891419306405589,0.9145299145299144,-0.6253879838893555,Incremental
SKG_SA_192,2011,SKG,SA,0.2933629513026838,0.811965811965812,-0.5186028606631281,Incremental
SKG_SA_181,2011,SKG,SA,0.4982314120045609,0.875,-0.3767685879954391,Disruptive
SKG_DIA_253,2011,SKG,DIA,0.4036569746530472,1.0,-0.5963430253469528,Incremental
SKG_MT_789,2011,SKG,MT,0.2785181760031401,0.8125,-0.5339818239968599,Incremental
SKG_MT_1330,2011,SKG,MT,0.2771175587621506,0.8867924528301887,-0.6096748940680381,Incremental
SKG_DIA_288,2011,SKG,DIA,0.3314115059651897,0.8925619834710744,-0.5611504775058846,Incremental
SKG_MT_881,2011,SKG,MT,0.3226309089028236,0.8529411764705882,-0.5303102675677647,Incremental
SKG_SA_343,2011,SKG,SA,0.3854521674200681,0.896551724137931,-0.5110995567178629,Incremental
SKG_SA_351,2011,SKG,SA,0.3845677071681277,0.8625,-0.47793229283187233,Incremental
SKG_SUM_130,2011,SKG,SUM,0.2708352629332883,0.8333333333333334,-0.5624980704000451,Incremental
SKG_SUM_110,2011,SKG,SUM,0.3232720190390531,0.8846153846153846,-0.5613433655763315,Incremental
SKG_MT_800,2011,SKG,MT,0.4163837787360397,0.875,-0.4586162212639603,Incremental
SKG_MT_1277,2011,SKG,MT,0.3239882065824827,0.8761904761904762,-0.5522022696079936,Incremental
SKG_MT_697,2011,SKG,MT,0.3229785448262378,0.9041095890410958,-0.5811310442148581,Incremental
SKG_DIA_213,2011,SKG,DIA,0.295417532461101,0.8157894736842105,-0.5203719412231096,Incremental
SKG_MT_712,2011,SKG,MT,0.3902933081672254,0.8313253012048193,-0.4410319930375939,Incremental
SKG_SA_77,2011,SKG,SA,0.3785385063741336,0.8581560283687943,-0.47961752199466073,Incremental
SKG_MT_919,2011,SKG,MT,0.3217748255463499,0.953125,-0.63135017445365,Incremental
SKG_MT_820,2011,SKG,MT,0.349857494484022,0.9285714285714286,-0.5787139340874066,Incremental
SKG_SA_423,2011,SKG,SA,0.3844714179786402,0.8759124087591241,-0.4914409907804839,Incremental
SKG_MT_813,2011,SKG,MT,0.3650877322844142,0.896551724137931,-0.5314639918535169,Incremental
SKG_DIA_233,2011,SKG,DIA,0.4545340098462987,1.0,-0.5454659901537013,Incremental
SKG_QA_336,2011,SKG,QA,0.2950998976585323,0.8363636363636363,-0.541263738705104,Incremental
SKG_MT_1003,2011,SKG,MT,0.3207482692728218,0.875,-0.5542517307271781,Incremental
SKG_MT_440,2011,SKG,MT,0.3262757590299538,0.9,-0.5737242409700463,Incremental
SKG_MT_308,2011,SKG,MT,0.3854293991390816,0.8275862068965517,-0.4421568077574701,Incremental
SKG_MT_1132,2011,SKG,MT,0.5259927862743368,0.8636363636363636,-0.3376435773620269,Disruptive
SKG_MT_300,2011,SKG,MT,0.2267523773406065,0.8958333333333334,-0.6690809559927269,Incremental
SKG_MT_368,2011,SKG,MT,0.350442998810222,0.8672566371681416,-0.5168136383579196,Incremental
SKG_SUM_80,2011,SKG,SUM,0.257841229129139,0.9345794392523364,-0.6767382101231975,Incremental
SKG_PAR_215,2011,SKG,PAR,0.3975287709295361,0.8181818181818182,-0.42065304725228214,Incremental
SKG_PAR_89,2011,SKG,PAR,0.2779001065402872,1.0,-0.7220998934597128,Incremental
SKG_SUM_45,2011,SKG,SUM,0.2753040035743537,0.9130434782608696,-0.6377394746865159,Incremental
SKG_MT_280,2011,SKG,MT,0.3982392255299519,0.9047619047619048,-0.5065226792319528,Incremental
SKG_QA_5,2011,SKG,QA,0.2425530517665858,0.8932038834951457,-0.6506508317285599,Incremental
SKG_MT_1111,2011,SKG,MT,0.5122247129135439,0.8717948717948718,-0.35957015888132793,Disruptive
SKG_MT_286,2011,SKG,MT,0.4026422903001908,0.8985507246376812,-0.4959084343374904,Incremental
SKG_MT_1129,2011,SKG,MT,0.2909397359721959,0.7037037037037037,-0.4127639677315078,Incremental
SKG_MT_389,2012,SKG,MT,0.6515266445917721,0.8333333333333334,-0.18180668874156125,Disruptive
SKG_MT_283,2012,SKG,MT,0.3099845346354279,0.8592592592592593,-0.5492747246238314,Incremental
SKG_SUM_72,2012,SKG,SUM,0.3488719206797448,0.8365384615384616,-0.48766654085871675,Incremental
SKG_MT_234,2012,SKG,MT,0.327116368289475,0.8648648648648649,-0.5377484965753899,Incremental
SKG_MT_1191,2012,SKG,MT,0.2900090220494637,0.8809523809523809,-0.5909433589029172,Incremental
SKG_MT_1400,2012,SKG,MT,0.2482124956989272,0.7241379310344828,-0.47592543533555554,Incremental
SKG_QA_417,2012,SKG,QA,0.4302144998067413,0.8,-0.36978550019325873,Disruptive
SKG_MT_622,2012,SKG,MT,0.26880126671674,0.9285714285714286,-0.6597701618546886,Incremental
SKG_MT_1425,2012,SKG,MT,0.3609862853237426,0.8225806451612904,-0.46159435983754776,Incremental
SKG_DIA_182,2012,SKG,DIA,0.3521513351075376,0.88,-0.5278486648924624,Incremental
SKG_MT_1236,2012,SKG,MT,0.4134104882906928,0.8723404255319149,-0.4589299372412221,Incremental
SKG_MT_945,2012,SKG,MT,0.3337222478893658,0.8363636363636363,-0.5026413884742705,Incremental
SKG_MT_7,2012,SKG,MT,0.3392907000889265,0.9020618556701032,-0.5627711555811767,Incremental
SKG_MT_576,2012,SKG,MT,0.129786718039937,0.8,-0.670213281960063,Incremental
SKG_SA_554,2012,SKG,SA,0.2861790711898021,0.8737864077669902,-0.5876073365771881,Incremental
SKG_MT_613,2012,SKG,MT,0.333192460881667,0.9,-0.566807539118333,Incremental
SKG_MT_1473,2012,SKG,MT,0.3548043993630158,0.8723404255319149,-0.5175360261688992,Incremental
SKG_MT_92,2012,SKG,MT,0.2477736627576201,0.8095238095238095,-0.5617501467661894,Incremental
SKG_QA_203,2012,SKG,QA,0.3563194324427907,0.819672131147541,-0.4633526987047503,Incremental
SKG_MT_78,2012,SKG,MT,0.2858770639265757,0.9019607843137256,-0.6160837203871499,Incremental
SKG_MT_981,2012,SKG,MT,0.2468432575789797,0.9444444444444444,-0.6976011868654647,Incremental
SKG_MT_74,2012,SKG,MT,0.3454112696134659,0.8235294117647058,-0.47811814215123993,Incremental
SKG_QA_219,2012,SKG,QA,0.5289496223346909,0.9016393442622952,-0.3726897219276043,Disruptive
SKG_MT_89,2012,SKG,MT,0.3648241445283329,0.7946428571428571,-0.4298187126145242,Incremental
SKG_MT_85,2012,SKG,MT,0.3449674752167032,0.7708333333333334,-0.4258658581166302,Incremental
SKG_MT_131,2012,SKG,MT,0.3142703540241391,0.7916666666666666,-0.4773963126425275,Incremental
SKG_SA_565,2012,SKG,SA,0.3046796276844298,0.8666666666666667,-0.5619870389822369,Incremental
SKG_MT_535,2012,SKG,MT,0.3325248419927379,0.8333333333333334,-0.5008084913405955,Incremental
SKG_MT_550,2012,SKG,MT,0.620973127746174,0.8837209302325582,-0.2627478024863842,Disruptive
SKG_MT_93,2012,SKG,MT,0.3939644116384242,0.8604651162790697,-0.4665007046406455,Incremental
SKG_PAR_3,2012,SKG,PAR,0.2676566032917383,0.912087912087912,-0.6444313087961737,Incremental
SKG_MT_415,2012,SKG,MT,0.3458264299596938,0.8461538461538461,-0.5003274161941523,Incremental
SKG_MT_480,2012,SKG,MT,0.2192755051462142,0.8507462686567164,-0.6314707635105022,Incremental
SKG_MT_1228,2012,SKG,MT,0.3188536735968133,0.8205128205128205,-0.5016591469160072,Incremental
SKG_MT_1209,2012,SKG,MT,0.3919546022416053,0.9285714285714286,-0.5366168263298233,Incremental
SKG_MT_453,2012,SKG,MT,0.3639816112008307,0.847457627118644,-0.4834760159178133,Incremental
SKG_MT_469,2012,SKG,MT,0.2921163842597101,0.8961038961038961,-0.603987511844186,Incremental
SKG_MT_239,2012,SKG,MT,0.441728806844166,0.7894736842105263,-0.34774487736636034,Disruptive
SKG_SUM_59,2012,SKG,SUM,0.3476124247625203,0.9391891891891893,-0.591576764426669,Incremental
SKG_MT_1077,2012,SKG,MT,0.3422656152958325,0.8490566037735849,-0.5067909884777524,Incremental
SKG_MT_1065,2012,SKG,MT,0.425709598213986,0.7469879518072289,-0.32127835359324286,Disruptive
SKG_PAR_200,2012,SKG,PAR,0.3717326229308106,0.82,-0.44826737706918934,Incremental
SKG_MT_259,2012,SKG,MT,0.2926998498416519,0.8677685950413223,-0.5750687451996703,Incremental
SKG_PAR_127,2012,SKG,PAR,0.3237709423942641,0.9,-0.5762290576057358,Incremental
SKG_MT_410,2012,SKG,MT,0.3198150707185318,0.8148148148148148,-0.49499974409628295,Incremental
SKG_MT_373,2012,SKG,MT,0.3427754571640724,0.7872340425531915,-0.44445858538911914,Incremental
SKG_SUM_97,2012,SKG,SUM,0.5289496223346909,0.9016393442622952,-0.3726897219276043,Disruptive
SKG_MT_1175,2012,SKG,MT,0.5570052077629282,0.9166666666666666,-0.35966145890373846,Disruptive
SKG_MT_1177,2012,SKG,MT,0.3014843989542193,0.8602941176470589,-0.5588097186928396,Incremental
SKG_MT_1062,2012,SKG,MT,0.3549865809830334,0.8625,-0.5075134190169667,Incremental
SKG_MT_1276,2012,SKG,MT,0.3455983258620679,0.8264462809917356,-0.48084795512966766,Incremental
SKG_MT_724,2012,SKG,MT,0.3292737846496462,0.8503937007874016,-0.5211199161377554,Incremental
SKG_QA_487,2012,SKG,QA,0.357004895317542,0.75,-0.392995104682458,Incremental
SKG_MT_451,2012,SKG,MT,0.3488717957880194,0.8365384615384616,-0.48766666575044215,Incremental
SKG_DIA_231,2012,SKG,DIA,0.2130856735092179,0.8666666666666667,-0.6535809931574488,Incremental
SKG_MT_1395,2012,SKG,MT,0.3552872063994312,0.8113207547169812,-0.45603354831755,Incremental
SKG_MT_1376,2012,SKG,MT,0.2285158647457412,0.8314606741573034,-0.6029448094115621,Incremental
SKG_SA_148,2012,SKG,SA,0.3808827043402476,0.9607843137254902,-0.5799016093852426,Incremental
SKG_MT_1421,2012,SKG,MT,0.3581539045086899,0.9175257731958762,-0.5593718686871864,Incremental
SKG_SA_5,2012,SKG,SA,0.3442081152634289,0.8780487804878049,-0.5338406652243759,Incremental
SKG_MT_788,2012,SKG,MT,0.3147529448773821,0.8414634146341463,-0.5267104697567642,Incremental
SKG_MT_835,2012,SKG,MT,0.3664392651345194,0.9545454545454546,-0.5881061894109352,Incremental
SKG_MT_832,2012,SKG,MT,0.3654138437970332,0.8571428571428571,-0.4917290133458239,Incremental
SKG_MT_1349,2012,SKG,MT,0.3397251445838399,0.7833333333333333,-0.4436081887494934,Incremental
SKG_MT_1361,2012,SKG,MT,0.3434808890127014,0.8771929824561403,-0.533712093443439,Incremental
SKG_MT_1327,2012,SKG,MT,0.3196339965804146,0.8543689320388349,-0.5347349354584203,Incremental
SKG_SA_268,2012,SKG,SA,0.3318035779080363,0.9142857142857144,-0.5824821363776781,Incremental
SKG_MT_865,2012,SKG,MT,0.3503795667787064,0.8225806451612904,-0.47220107838258396,Incremental
SKG_SA_24,2012,SKG,SA,0.2774040384717223,0.7924528301886793,-0.515048791716957,Incremental
SKG_MT_1165,2012,SKG,MT,0.2723297278196646,0.8732394366197183,-0.6009097088000537,Incremental
SKG_MT_1174,2012,SKG,MT,0.367535355463085,0.85,-0.48246464453691495,Incremental
SKG_MT_346,2012,SKG,MT,0.298895605615497,0.8648648648648649,-0.5659692592493679,Incremental
SKG_SUM_147,2012,SKG,SUM,0.2671637873069123,0.9310344827586208,-0.6638706954517084,Incremental
SKG_SUM_193,2013,SKG,SUM,0.2811464737717767,0.780952380952381,-0.49980590718060425,Incremental
SKG_MT_1090,2013,SKG,MT,0.3308807665238011,0.8681318681318682,-0.537251101608067,Incremental
SKG_MT_376,2013,SKG,MT,0.3177271467291068,0.8779342723004695,-0.5602071255713628,Incremental
SKG_PAR_204,2013,SKG,PAR,0.2855259726689659,0.8409090909090909,-0.555383118240125,Incremental
SKG_MT_332,2013,SKG,MT,0.3915500266067449,0.8409090909090909,-0.449359064302346,Incremental
SKG_MT_337,2013,SKG,MT,0.3357062847992904,0.7906976744186046,-0.45499138961931423,Incremental
SKG_MT_372,2013,SKG,MT,0.3342340150675261,0.7560975609756098,-0.42186354590808367,Incremental
SKG_MT_375,2013,SKG,MT,0.4018561806340424,0.7837837837837838,-0.3819276031497414,Incremental
SKG_MT_371,2013,SKG,MT,0.3588180722049744,0.8581560283687943,-0.49933795616381993,Incremental
SKG_SA_306,2013,SKG,SA,0.2928988884327906,0.8709677419354839,-0.5780688535026932,Incremental
SKG_SA_296,2013,SKG,SA,0.3106444744119786,0.8985507246376812,-0.5879062502257025,Incremental
SKG_MT_824,2013,SKG,MT,0.3278828242284908,0.8918918918918919,-0.5640090676634011,Incremental
SKG_MT_290,2013,SKG,MT,0.3106437269750396,0.8461538461538461,-0.5355101191788065,Incremental
SKG_MT_282,2013,SKG,MT,0.3911538680087556,0.8051948051948052,-0.4140409371860496,Incremental
SKG_MT_268,2013,SKG,MT,0.3504334199555977,0.8785046728971962,-0.5280712529415985,Incremental
SKG_MT_277,2013,SKG,MT,0.2900245305085346,0.8258064516129032,-0.5357819211043686,Incremental
SKG_SA_318,2013,SKG,SA,0.385569540807168,0.8,-0.41443045919283206,Incremental
SKG_MT_1326,2013,SKG,MT,0.2750721371171366,0.8397790055248618,-0.5647068684077252,Incremental
SKG_PAR_139,2013,SKG,PAR,0.2706892715115607,0.8615384615384616,-0.5908491900269008,Incremental
SKG_MT_829,2013,SKG,MT,0.2541253667854429,0.8205128205128205,-0.5663874537273776,Incremental
SKG_SUM_0,2013,SKG,SUM,0.3548836721701768,0.8235294117647058,-0.46864573959452904,Incremental
SKG_SA_229,2013,SKG,SA,0.3965110722364512,0.8695652173913043,-0.4730541451548531,Incremental
SKG_MT_1324,2013,SKG,MT,0.39451719644482,0.8588235294117647,-0.4643063329669447,Incremental
SKG_QA_3,2013,SKG,QA,0.3074410367543232,0.9315068493150684,-0.6240658125607452,Incremental
SKG_MT_1290,2013,SKG,MT,0.2971598789602303,0.8849557522123894,-0.5877958732521591,Incremental
SKG_MT_869,2013,SKG,MT,0.2240508179708689,0.9117647058823528,-0.6877138879114839,Incremental
SKG_MT_225,2013,SKG,MT,0.3321819665299142,0.7129629629629629,-0.3807809964330487,Incremental
SKG_MT_1310,2013,SKG,MT,0.3434800276394775,0.8142857142857143,-0.4708056866462368,Incremental
SKG_MT_1069,2013,SKG,MT,0.336980781135743,0.8823529411764706,-0.5453721600407275,Incremental
SKG_MT_845,2013,SKG,MT,0.2451824238823061,0.8558558558558559,-0.6106734319735498,Incremental
SKG_SUM_34,2013,SKG,SUM,0.298345897618796,0.8461538461538461,-0.5478079485350502,Incremental
SKG_MT_1082,2013,SKG,MT,0.2800334647057815,0.8301886792452831,-0.5501552145395016,Incremental
SKG_PAR_52,2013,SKG,PAR,0.2781576600405258,0.7142857142857143,-0.4361280542451885,Incremental
SKG_MT_515,2013,SKG,MT,0.326177700362078,0.864516129032258,-0.53833842867018,Incremental
SKG_QA_84,2013,SKG,QA,0.3671294026586853,0.95,-0.5828705973413146,Incremental
SKG_MT_885,2013,SKG,MT,0.2311940159799451,0.8108108108108109,-0.5796167948308657,Incremental
SKG_MT_1386,2013,SKG,MT,0.3678989310589611,0.8426966292134831,-0.474797698154522,Incremental
SKG_MT_740,2013,SKG,MT,0.2918072987090041,0.8616352201257862,-0.5698279214167821,Incremental
SKG_MT_741,2013,SKG,MT,0.3295663551964611,0.6511627906976745,-0.32159643550121336,Disruptive
SKG_SA_111,2013,SKG,SA,0.3070433624308049,0.9013157894736842,-0.5942724270428793,Incremental
SKG_SA_577,2013,SKG,SA,0.3691167019766647,0.6666666666666666,-0.29754996469000194,Disruptive
SKG_SA_557,2013,SKG,SA,0.3701304508374189,0.7213114754098361,-0.3511810245724172,Disruptive
SKG_MT_1211,2013,SKG,MT,0.2984425372281435,0.7368421052631579,-0.43839956803501434,Incremental
SKG_SA_469,2013,SKG,SA,0.2904509096601249,0.9375,-0.6470490903398751,Incremental
SKG_SA_191,2013,SKG,SA,0.3021448762721616,0.8470588235294118,-0.5449139472572502,Incremental
SKG_PAR_56,2013,SKG,PAR,0.2972246344679948,0.8431372549019608,-0.5459126204339659,Incremental
SKG_MT_891,2013,SKG,MT,0.2771908464711007,0.8194444444444444,-0.5422535979733437,Incremental
SKG_PAR_53,2013,SKG,PAR,0.327467434641269,0.8588235294117647,-0.5313560947704956,Incremental
SKG_MT_156,2013,SKG,MT,0.2707467903246765,0.726027397260274,-0.45528060693559746,Incremental
SKG_MT_147,2013,SKG,MT,0.3460570963622252,0.7818181818181819,-0.43576108545595665,Incremental
SKG_MT_500,2013,SKG,MT,0.3959423442587479,0.7647058823529411,-0.3687635380941932,Disruptive
SKG_SA_590,2013,SKG,SA,0.2663481286300322,0.8363636363636363,-0.5700155077336041,Incremental
SKG_MT_1225,2013,SKG,MT,0.350318190038722,0.8333333333333334,-0.48301514329461137,Incremental
SKG_QA_20,2013,SKG,QA,0.2989920075296202,0.8734177215189873,-0.5744257139893671,Incremental
SKG_MT_150,2013,SKG,MT,0.3644441957095988,0.8165137614678899,-0.4520695657582911,Incremental
SKG_MT_200,2013,SKG,MT,0.3828206349855941,0.864516129032258,-0.48169549404666395,Incremental
SKG_MT_178,2013,SKG,MT,0.3303723894165045,0.7419354838709677,-0.41156309445446326,Incremental
SKG_MT_481,2013,SKG,MT,0.3690793713779364,0.8405797101449275,-0.4715003387669911,Incremental
SKG_QA_12,2013,SKG,QA,0.3176969434050263,0.8,-0.48230305659497374,Incremental
SKG_MT_180,2013,SKG,MT,0.3019273905804118,0.8050314465408805,-0.5031040559604687,Incremental
SKG_SA_435,2013,SKG,SA,0.3427099882123621,0.8807947019867549,-0.5380847137743928,Incremental
SKG_SA_414,2013,SKG,SA,0.3396252525739872,0.8703703703703703,-0.5307451177963831,Incremental
SKG_PAR_106,2013,SKG,PAR,0.3660957490885148,0.8611111111111112,-0.4950153620225964,Incremental
SKG_MT_1036,2013,SKG,MT,0.3937280057666226,0.9041095890410958,-0.5103815832744732,Incremental
SKG_MT_100,2013,SKG,MT,0.3981487376211149,0.8571428571428571,-0.4589941195217422,Incremental
SKG_MT_719,2013,SKG,MT,0.3038657206788084,0.8450704225352113,-0.5412047018564028,Incremental
SKG_SA_32,2013,SKG,SA,0.2932004449987495,0.8840579710144928,-0.5908575260157434,Incremental
SKG_PAR_20,2013,SKG,PAR,0.3185384270430915,0.7974683544303798,-0.4789299273872883,Incremental
SKG_SA_48,2013,SKG,SA,0.3368925941011346,0.902439024390244,-0.5655464302891094,Incremental
SKG_SA_40,2013,SKG,SA,0.3606880764640732,0.8947368421052632,-0.53404876564119,Incremental
SKG_SA_609,2013,SKG,SA,0.3838839605609033,0.8195488721804511,-0.43566491161954785,Incremental
SKG_SA_597,2013,SKG,SA,0.5895880691934091,0.9126984126984128,-0.32311034350500367,Disruptive
SKG_MT_80,2013,SKG,MT,0.250887466674294,0.8181818181818182,-0.5672943515075242,Incremental
SKG_MT_1429,2013,SKG,MT,0.304917137358985,0.7857142857142857,-0.4807971483553007,Incremental
SKG_MT_21,2013,SKG,MT,0.3220381566776363,0.8442211055276382,-0.5221829488500018,Incremental
SKG_QA_334,2013,SKG,QA,0.2890698074675009,0.875,-0.5859301925324991,Incremental
SKG_SA_4,2013,SKG,SA,0.5900000829972979,0.9096774193548388,-0.3196773363575409,Disruptive
SKG_MT_572,2013,SKG,MT,0.3127985603571339,0.8478260869565217,-0.5350275265993878,Incremental
SKG_QA_424,2013,SKG,QA,0.3690924494963735,0.825,-0.45590755050362647,Incremental
SKG_MT_1101,2013,SKG,MT,0.2830875732494491,0.8279569892473119,-0.5448694159978628,Incremental
SKG_MT_22,2013,SKG,MT,0.3330338133640921,0.7653061224489796,-0.43227230908488745,Incremental
SKG_SUM_155,2013,SKG,SUM,0.2573715813293952,0.9117647058823528,-0.6543931245529576,Incremental
SKG_SUM_154,2013,SKG,SUM,0.2823187009618248,0.8297872340425532,-0.5474685330807283,Incremental
SKG_SUM_180,2013,SKG,SUM,0.3651712630914814,0.9210526315789472,-0.5558813684874658,Incremental
SKG_MT_1169,2013,SKG,MT,0.2893559054230132,0.7972972972972973,-0.5079413918742841,Incremental
SKG_SUM_76,2013,SKG,SUM,0.3253225160184911,0.8909090909090909,-0.5655865748905997,Incremental
SKG_MT_305,2013,SKG,MT,0.4213112482286486,0.7611940298507462,-0.3398827816220976,Disruptive
SKG_MT_314,2013,SKG,MT,0.3225297189338599,0.8607594936708861,-0.5382297747370262,Incremental
SKG_MT_1048,2013,SKG,MT,0.2916467912450431,0.9029850746268656,-0.6113382833818225,Incremental
SKG_SA_526,2013,SKG,SA,0.3267009502104269,0.8629032258064516,-0.5362022755960247,Incremental
SKG_SA_484,2013,SKG,SA,0.3944277617166929,0.8421052631578947,-0.4476775014412018,Incremental
SKG_MT_922,2013,SKG,MT,0.3663117813762208,0.8461538461538461,-0.47984206477762537,Incremental
SKG_MT_955,2013,SKG,MT,0.2363669210975271,0.8142857142857143,-0.5779187931881872,Incremental
SKG_MT_1248,2013,SKG,MT,0.2970294008665225,0.8125,-0.5154705991334775,Incremental
SKG_MT_1242,2013,SKG,MT,0.3609240321510416,0.7745098039215687,-0.4135857717705271,Incremental
SKG_MT_1244,2013,SKG,MT,0.3437703160322792,0.8309859154929577,-0.48721559946067855,Incremental
SKG_MT_1461,2013,SKG,MT,0.4227416227909287,1.0,-0.5772583772090714,Incremental
SKG_MT_708,2013,SKG,MT,0.2818522648976981,0.7560975609756098,-0.47424529607791166,Incremental
SKG_MT_706,2013,SKG,MT,0.367835413628137,0.8235294117647058,-0.45569399813656886,Incremental
SKG_MT_707,2013,SKG,MT,0.3308602270417859,0.8478260869565217,-0.5169658599147358,Incremental
SKG_MT_705,2013,SKG,MT,0.2809234821817611,0.8155339805825242,-0.5346104984007631,Incremental
SKG_MT_641,2013,SKG,MT,0.3795377955160482,0.8636363636363636,-0.48409856812031543,Incremental
SKG_MT_1437,2013,SKG,MT,0.3983782496454568,0.8333333333333334,-0.43495508368787655,Incremental
SKG_QA_385,2013,SKG,QA,0.2611586408640216,0.8282828282828283,-0.5671241874188067,Incremental
SKG_MT_14,2013,SKG,MT,0.3803280721295743,0.8507462686567164,-0.4704181965271421,Incremental
SKG_MT_1280,2013,SKG,MT,0.3404486371164479,0.8269230769230769,-0.48647443980662897,Incremental
SKG_MT_940,2013,SKG,MT,0.362581124989324,0.8313253012048193,-0.4687441762154953,Incremental
SKG_MT_973,2013,SKG,MT,0.3251962778524233,0.8521739130434782,-0.5269776351910549,Incremental
SKG_MT_748,2013,SKG,MT,0.2687477784352561,0.8205128205128205,-0.5517650420775644,Incremental
SKG_DIA_220,2013,SKG,DIA,0.3925321751826313,0.7647058823529411,-0.37217370717030984,Disruptive
SKG_MT_752,2013,SKG,MT,0.3153644095032853,0.7974683544303798,-0.48210394492709446,Incremental
SKG_MT_44,2013,SKG,MT,0.3158887141744282,0.7831325301204819,-0.4672438159460537,Incremental
SKG_MT_77,2013,SKG,MT,0.3248171680097376,0.8269230769230769,-0.5021059089133393,Incremental
SKG_MT_591,2013,SKG,MT,0.3115052361091012,0.7976190476190477,-0.4861138115099465,Incremental
SKG_QA_193,2013,SKG,QA,0.3318969871153673,0.9230769230769232,-0.5911799359615559,Incremental
SKG_MT_91,2013,SKG,MT,0.270832805303226,0.8452380952380952,-0.5744052899348693,Incremental
SKG_MT_682,2013,SKG,MT,0.3325088763970215,0.82,-0.48749112360297847,Incremental
SKG_MT_681,2013,SKG,MT,0.2461573181244845,0.8102189781021898,-0.5640616599777053,Incremental
SKG_MT_725,2013,SKG,MT,0.3399049018007984,0.8292682926829268,-0.4893633908821284,Incremental
SKG_MT_79,2013,SKG,MT,0.3879659965582126,0.8549618320610687,-0.46699583550285606,Incremental
SKG_MT_1282,2013,SKG,MT,0.2972325666436987,0.7362637362637363,-0.43903116962003763,Incremental
SKG_MT_94,2013,SKG,MT,0.3502877529795745,0.92,-0.5697122470204256,Incremental
SKG_SUM_40,2014,SKG,SUM,0.3104518911313567,0.775,-0.46454810886864334,Incremental
SKG_MT_220,2014,SKG,MT,0.4127379216056922,0.6857142857142857,-0.2729763641085935,Disruptive
SKG_SA_278,2014,SKG,SA,0.3021963966224588,0.6470588235294118,-0.344862426906953,Disruptive
SKG_MT_868,2014,SKG,MT,0.3725847831831546,0.9056603773584906,-0.533075594175336,Incremental
SKG_MT_1030,2014,SKG,MT,0.3391985114173498,0.6666666666666666,-0.32746815524931683,Disruptive
SKG_SUM_43,2014,SKG,SUM,0.3263135932466921,0.8544303797468354,-0.5281167865001433,Incremental
SKG_MT_97,2014,SKG,MT,0.1800707962032104,0.6,-0.41992920379678955,Incremental
SKG_PAR_35,2014,SKG,PAR,0.4333114456696947,0.868421052631579,-0.4351096069618843,Incremental
SKG_MT_710,2014,SKG,MT,0.3498198652054821,0.8108108108108109,-0.4609909456053288,Incremental
SKG_SA_36,2014,SKG,SA,0.3067783040306716,0.8429319371727748,-0.5361536331421033,Incremental
SKG_SA_556,2014,SKG,SA,0.3933428929488418,0.8512396694214877,-0.45789677647264587,Incremental
SKG_SA_618,2014,SKG,SA,0.3112637286653267,0.782608695652174,-0.47134496698684725,Incremental
SKG_SA_52,2014,SKG,SA,0.377176672743123,0.7338709677419355,-0.3566942949988125,Disruptive
SKG_MT_738,2014,SKG,MT,0.2953512934268848,0.8404255319148937,-0.5450742384880088,Incremental
SKG_SA_118,2014,SKG,SA,0.3602298886070308,0.7674418604651163,-0.4072119718580855,Incremental
SKG_MT_790,2014,SKG,MT,0.3533926655554716,0.8235294117647058,-0.47013674620923424,Incremental
SKG_MT_476,2014,SKG,MT,0.3253177380038198,0.826530612244898,-0.5012128742410782,Incremental
SKG_MT_770,2014,SKG,MT,0.252541197282675,0.7304347826086957,-0.47789358532602066,Incremental
SKG_MT_732,2014,SKG,MT,0.3185151218372791,0.75,-0.4314848781627209,Incremental
SKG_MT_1367,2014,SKG,MT,0.3076838675532479,0.8080808080808081,-0.5003969405275601,Incremental
SKG_MT_913,2014,SKG,MT,0.2561932144329767,0.8260869565217391,-0.5698937420887624,Incremental
SKG_MT_116,2014,SKG,MT,0.354164284497578,0.7723577235772358,-0.4181934390796578,Incremental
SKG_MT_169,2014,SKG,MT,0.3816831850295935,0.8709677419354839,-0.4892845569058904,Incremental
SKG_MT_487,2014,SKG,MT,0.254906362857803,0.7692307692307693,-0.5143244063729663,Incremental
SKG_MT_1206,2014,SKG,MT,0.3504773425586839,0.8,-0.44952265744131614,Incremental
SKG_MT_1213,2014,SKG,MT,0.3364692476218666,0.8148148148148148,-0.4783455671929482,Incremental
SKG_PAR_113,2014,SKG,PAR,0.3001813197275642,0.6470588235294118,-0.3468775038018476,Disruptive
SKG_SA_283,2014,SKG,SA,0.3778171695052012,0.9069767441860463,-0.5291595746808451,Incremental
SKG_SA_441,2014,SKG,SA,0.2268194868698862,0.7368421052631579,-0.5100226183932717,Incremental
SKG_MT_1316,2014,SKG,MT,0.3488506724718508,0.8380952380952381,-0.4892445656233873,Incremental
SKG_MT_827,2014,SKG,MT,0.2912026018885749,1.0,-0.7087973981114251,Incremental
SKG_MT_828,2014,SKG,MT,0.3324880568669311,0.6911764705882353,-0.35868841372130417,Disruptive
SKG_SA_260,2014,SKG,SA,0.353031517544877,0.8017241379310345,-0.4486926203861575,Incremental
SKG_SA_224,2014,SKG,SA,0.3242414304477513,0.7777777777777778,-0.4535363473300265,Incremental
SKG_SA_246,2014,SKG,SA,0.340114956468085,0.8494623655913979,-0.5093474091233129,Incremental
SKG_MT_187,2014,SKG,MT,0.2303339438201878,1.0,-0.7696660561798122,Incremental
SKG_SUM_22,2014,SKG,SUM,0.2904820232133754,0.8792134831460674,-0.588731459932692,Incremental
SKG_DIA_64,2014,SKG,DIA,0.3856280940325706,0.8961038961038961,-0.5104758020713255,Incremental
SKG_MT_252,2014,SKG,MT,0.5689340479807304,0.8055555555555556,-0.23662150757482514,Disruptive
SKG_MT_265,2014,SKG,MT,0.3286579112261881,0.78125,-0.4525920887738119,Incremental
SKG_MT_266,2014,SKG,MT,0.3496391668155389,0.7547169811320755,-0.4050778143165366,Incremental
SKG_SA_339,2014,SKG,SA,0.3118172500799273,0.8888888888888888,-0.5770716388089616,Incremental
SKG_SA_307,2014,SKG,SA,0.3428588648021827,0.827027027027027,-0.4841681622248443,Incremental
SKG_PAR_185,2014,SKG,PAR,0.3378305126649975,0.8461538461538461,-0.5083233334888486,Incremental
SKG_MT_394,2014,SKG,MT,0.3682194278832025,0.7627118644067796,-0.39449243652357713,Incremental
SKG_PAR_212,2014,SKG,PAR,0.3540690972192766,0.847457627118644,-0.49338852989936743,Incremental
SKG_MT_1127,2014,SKG,MT,0.2677226319728029,0.9090909090909092,-0.6413682771181063,Incremental
SKG_MT_1347,2014,SKG,MT,0.5923771712081352,0.8289473684210527,-0.2365701972129175,Disruptive
SKG_MT_840,2014,SKG,MT,0.2717994766027738,0.7857142857142857,-0.5139148091115119,Incremental
SKG_MT_1096,2014,SKG,MT,0.332587470979881,0.826530612244898,-0.493943141265017,Incremental
SKG_MT_319,2014,SKG,MT,0.3068331011642259,0.7321428571428571,-0.4253097559786312,Incremental
SKG_MT_836,2014,SKG,MT,0.3375227119072987,0.8243243243243243,-0.48680161241702563,Incremental
SKG_MT_331,2014,SKG,MT,0.3427255638317192,0.7419354838709677,-0.39920992003924854,Incremental
SKG_DIA_298,2014,SKG,DIA,0.3556248569277002,0.8928571428571429,-0.5372322859294427,Incremental
SKG_MT_224,2014,SKG,MT,0.2861800451735501,0.8505747126436781,-0.564394667470128,Incremental
SKG_MT_1403,2014,SKG,MT,0.3379765230031155,0.8300970873786407,-0.49212056437552526,Incremental
SKG_QA_404,2014,SKG,QA,0.3378305126649975,0.8461538461538461,-0.5083233334888486,Incremental
SKG_MT_676,2014,SKG,MT,0.3806959344352038,0.6666666666666666,-0.28597073223146285,Disruptive
SKG_MT_1009,2014,SKG,MT,0.3270984315204183,0.8571428571428571,-0.5300444256224388,Incremental
SKG_MT_1441,2014,SKG,MT,0.3071639818411491,0.9615384615384616,-0.6543744796973124,Incremental
SKG_MT_680,2014,SKG,MT,0.2525728276265975,0.8727272727272727,-0.6201544451006752,Incremental
SKG_MT_590,2014,SKG,MT,0.3243839904081509,0.76,-0.4356160095918491,Incremental
SKG_SA_449,2014,SKG,SA,0.321355271271636,0.8601398601398601,-0.5387845888682241,Incremental
SKG_SA_460,2014,SKG,SA,0.3437958031179768,0.8,-0.45620419688202324,Incremental
SKG_MT_545,2014,SKG,MT,0.3111207103871446,0.7894736842105263,-0.4783529738233817,Incremental
SKG_MT_530,2014,SKG,MT,0.2347373957868152,1.0,-0.7652626042131848,Incremental
SKG_MT_586,2014,SKG,MT,0.3398304138772505,0.8324607329842932,-0.49263031910704275,Incremental
SKG_DIA_211,2014,SKG,DIA,0.2917431950454903,0.8452380952380952,-0.5534949001926049,Incremental
SKG_MT_1253,2014,SKG,MT,0.3614382352073441,0.8333333333333334,-0.4718950981259893,Incremental
SKG_MT_560,2014,SKG,MT,0.3036854190756921,0.7948717948717948,-0.49118637579610275,Incremental
SKG_MT_598,2014,SKG,MT,0.3056892814031914,0.8557692307692307,-0.5500799493660393,Incremental
SKG_MT_647,2014,SKG,MT,0.3706898433711245,0.8202247191011236,-0.4495348757299991,Incremental
SKG_MT_652,2014,SKG,MT,0.2820044222843844,0.8257575757575758,-0.5437531534731914,Incremental
SKG_MT_1252,2014,SKG,MT,0.3377870129544797,0.7272727272727273,-0.3894857143182476,Incremental
SKG_SA_517,2014,SKG,SA,0.3250053972097275,0.8421052631578947,-0.5170998659481671,Incremental
SKG_SA_530,2014,SKG,SA,0.2990637968673039,0.7887323943661971,-0.48966859749889324,Incremental
SKG_MT_931,2014,SKG,MT,0.3075092581893006,0.8526315789473684,-0.5451223207580678,Incremental
SKG_SA_490,2014,SKG,SA,0.3642088975864341,0.8461538461538461,-0.48194494856741205,Incremental
SKG_SA_540,2014,SKG,SA,0.2866847673815342,0.9130434782608696,-0.6263587108793354,Incremental
SKG_MT_1474,2014,SKG,MT,0.3599149409708024,0.8015873015873016,-0.4416723606164992,Incremental
SKG_SUM_145,2014,SKG,SUM,0.324941076012377,0.8352941176470589,-0.5103530416346819,Incremental
SKG_MT_1158,2014,SKG,MT,0.2750971510076815,0.8679245283018868,-0.5928273772942053,Incremental
SKG_MT_1060,2014,SKG,MT,0.3239361488571855,0.8076923076923077,-0.4837561588351222,Incremental
SKG_MT_317,2014,SKG,MT,0.3454679583893791,0.861244019138756,-0.5157760607493769,Incremental
SKG_MT_1053,2014,SKG,MT,0.3096734753513329,0.8333333333333334,-0.5236598579820004,Incremental
SKG_MT_359,2014,SKG,MT,0.4028967814318404,0.8461538461538461,-0.44325706472200577,Incremental
SKG_MT_1046,2014,SKG,MT,0.392462818649657,0.6415094339622641,-0.24904661531260713,Disruptive
SKG_SUM_68,2014,SKG,SUM,0.3174270174961128,0.85,-0.5325729825038872,Incremental
SKG_MT_1120,2014,SKG,MT,0.2406488509004664,0.8235294117647058,-0.5828805608642394,Incremental
SKG_MT_1118,2015,SKG,MT,0.3862087594415896,0.875,-0.4887912405584104,Incremental
SKG_SUM_92,2015,SKG,SUM,0.5768523416199923,0.8651685393258427,-0.2883161977058504,Disruptive
SKG_SUM_64,2015,SKG,SUM,0.5395343832059475,0.8275862068965517,-0.2880518236906042,Disruptive
SKG_SUM_178,2015,SKG,SUM,0.6036110384683554,0.8849557522123894,-0.281344713744034,Disruptive
SKG_SUM_129,2015,SKG,SUM,0.4917880560077365,0.7948717948717948,-0.3030837388640583,Disruptive
SKG_MT_642,2015,SKG,MT,0.3409797854765042,0.7897727272727273,-0.4487929417962231,Incremental
SKG_SUM_177,2015,SKG,SUM,0.3367154502141842,0.7529411764705882,-0.416225726256404,Incremental
SKG_MT_651,2015,SKG,MT,0.23476621117051,0.8333333333333334,-0.5985671221628234,Incremental
SKG_QA_328,2015,SKG,QA,0.5683755945081561,0.8194444444444444,-0.2510688499362883,Disruptive
SKG_SA_531,2015,SKG,SA,0.3150932143861081,0.9,-0.5849067856138919,Incremental
SKG_QA_352,2015,SKG,QA,0.3376325626877197,0.7663551401869159,-0.4287225774991962,Incremental
SKG_SA_535,2015,SKG,SA,0.3234542786507849,0.7974683544303798,-0.47401407577959487,Incremental
SKG_QA_298,2015,SKG,QA,0.2603867311284837,0.8933333333333333,-0.6329466022048496,Incremental
SKG_MT_18,2015,SKG,MT,0.2948379003438277,0.875,-0.5801620996561723,Incremental
SKG_SA_509,2015,SKG,SA,0.5411824464056774,0.8247422680412371,-0.2835598216355597,Disruptive
SKG_MT_959,2015,SKG,MT,0.5178893058704174,0.8014184397163121,-0.28352913384589473,Disruptive
SKG_MT_1004,2015,SKG,MT,0.3374905942433769,0.75,-0.4125094057566231,Incremental
SKG_SA_542,2015,SKG,SA,0.3302591960166217,0.7575757575757576,-0.4273165615591359,Incremental
SKG_SA_545,2015,SKG,SA,0.2713590202719111,0.7777777777777778,-0.5064187575058667,Incremental
SKG_MT_615,2015,SKG,MT,0.5832616711795382,0.7651006711409396,-0.1818389999614014,Disruptive
SKG_MT_1456,2015,SKG,MT,0.6118162351643033,0.6666666666666666,-0.05485043150236335,Disruptive
SKG_MT_24,2015,SKG,MT,0.3310403278513127,0.7888888888888889,-0.45784856103757615,Incremental
SKG_QA_256,2015,SKG,QA,0.3289844838231576,0.8977272727272727,-0.5687427889041151,Incremental
SKG_MT_48,2015,SKG,MT,0.3280014850493317,0.5121951219512195,-0.18419363690188784,Disruptive
SKG_QA_438,2015,SKG,QA,0.5598389571565251,0.8383838383838383,-0.27854488122731325,Disruptive
SKG_QA_423,2015,SKG,QA,0.2740811412138323,0.853448275862069,-0.5793671346482366,Incremental
SKG_QA_356,2015,SKG,QA,0.4969470269989451,0.9411764705882352,-0.44422944358929006,Incremental
SKG_QA_269,2015,SKG,QA,0.2085990828696005,0.7894736842105263,-0.5808746013409258,Incremental
SKG_MT_1254,2015,SKG,MT,0.414245287410374,0.6385542168674698,-0.22430892945709585,Disruptive
SKG_MT_971,2015,SKG,MT,0.3294497085509968,0.8135593220338984,-0.48410961348290155,Incremental
SKG_QA_446,2015,SKG,QA,0.531553383462672,0.7457627118644068,-0.2142093284017348,Disruptive
SKG_MT_668,2015,SKG,MT,0.3380477545834756,0.8313253012048193,-0.4932775466213437,Incremental
SKG_PAR_84,2015,SKG,PAR,0.5279448036952877,0.8620689655172413,-0.3341241618219536,Disruptive
SKG_SA_596,2015,SKG,SA,0.3283676004504844,0.7978723404255319,-0.4695047399750475,Incremental
SKG_SA_608,2015,SKG,SA,0.3577576362420234,0.7209302325581395,-0.3631725963161161,Disruptive
SKG_MT_555,2015,SKG,MT,0.3070795022850037,0.9090909090909092,-0.6020114068059055,Incremental
SKG_SA_78,2015,SKG,SA,0.2115845301812693,0.8461538461538461,-0.6345693159725768,Incremental
SKG_SA_114,2015,SKG,SA,0.5733821584091832,0.75,-0.17661784159081684,Disruptive
SKG_SA_107,2015,SKG,SA,0.324106566114305,0.8584905660377359,-0.5343839999234309,Incremental
SKG_SA_564,2015,SKG,SA,0.3564859383962957,0.75,-0.3935140616037043,Incremental
SKG_MT_1380,2015,SKG,MT,0.3596205536534588,0.7608695652173914,-0.40124901156393256,Incremental
SKG_MT_471,2015,SKG,MT,0.3627546048851912,0.7662337662337663,-0.4034791613485751,Incremental
SKG_MT_109,2015,SKG,MT,0.2941932725910949,0.7755102040816326,-0.4813169314905377,Incremental
SKG_MT_900,2015,SKG,MT,0.3144387378882355,0.7714285714285715,-0.45698983354033595,Incremental
SKG_PAR_79,2015,SKG,PAR,0.5353218771236447,0.8373983739837398,-0.3020764968600952,Disruptive
SKG_MT_108,2015,SKG,MT,0.3307053072087045,0.75,-0.4192946927912955,Incremental
SKG_PAR_67,2015,SKG,PAR,0.5429895550969182,0.7875647668393783,-0.2445752117424601,Disruptive
SKG_PAR_61,2015,SKG,PAR,0.5301490039586497,0.7768595041322314,-0.24671050017358165,Disruptive
SKG_MT_699,2015,SKG,MT,0.5389355213630062,0.8926553672316384,-0.35371984586863225,Disruptive
SKG_SA_458,2015,SKG,SA,0.3133308791548372,0.8627450980392157,-0.5494142188843785,Incremental
SKG_SA_65,2015,SKG,SA,0.4193794419616212,1.0,-0.5806205580383788,Incremental
SKG_MT_976,2015,SKG,MT,0.2613380863908264,0.7567567567567568,-0.4954186703659304,Incremental
SKG_QA_168,2015,SKG,QA,0.5301232795732143,0.7857142857142857,-0.25559100614107144,Disruptive
SKG_QA_155,2015,SKG,QA,0.2761006160045783,0.775,-0.4988993839954217,Incremental
SKG_SA_9,2015,SKG,SA,0.2661313752605336,0.7862595419847328,-0.5201281667241993,Incremental
SKG_SA_437,2015,SKG,SA,0.5144923021910831,0.8035714285714286,-0.2890791263803455,Disruptive
SKG_MT_1035,2015,SKG,MT,0.3258132669087127,0.5882352941176471,-0.26242202720893437,Disruptive
SKG_SA_293,2015,SKG,SA,0.5174121418638307,0.9130434782608696,-0.39563133639703896,Incremental
SKG_PAR_100,2015,SKG,PAR,0.5211362959879191,0.7486910994764397,-0.22755480348852064,Disruptive
SKG_QA_107,2015,SKG,QA,0.3117663870448999,0.8555555555555555,-0.5437891685106556,Incremental
SKG_SA_592,2015,SKG,SA,0.2759226522184679,0.8541666666666666,-0.5782440144481987,Incremental
SKG_QA_28,2015,SKG,QA,0.4167502606194889,1.0,-0.5832497393805112,Incremental
SKG_QA_15,2015,SKG,QA,0.5252508693437653,0.8343949044585988,-0.30914403511483346,Disruptive
SKG_SA_143,2015,SKG,SA,0.3365306078589999,0.8778625954198473,-0.5413319875608474,Incremental
SKG_MT_1045,2015,SKG,MT,0.3363656608350641,0.8395061728395061,-0.5031405120044421,Incremental
SKG_SUM_17,2015,SKG,SUM,0.319796965432304,0.8941176470588236,-0.5743206816265196,Incremental
SKG_MT_429,2015,SKG,MT,0.3231556740794721,0.8118811881188119,-0.48872551403933984,Incremental
SKG_SA_393,2015,SKG,SA,0.3516948818857153,0.7727272727272727,-0.4210323908415574,Incremental
SKG_SA_313,2015,SKG,SA,0.3538083641397554,0.8095238095238095,-0.4557154453840541,Incremental
SKG_MT_1085,2015,SKG,MT,0.3508041739418105,0.7209302325581395,-0.37012605861632897,Disruptive
SKG_DIA_40,2015,SKG,DIA,0.3188166222473289,0.7586206896551724,-0.4398040674078435,Incremental
SKG_SA_410,2015,SKG,SA,0.5011970566580333,0.8518518518518519,-0.3506547951938186,Disruptive
SKG_SA_401,2015,SKG,SA,0.5455763736716324,0.8253968253968254,-0.279820451725193,Disruptive
SKG_MT_320,2015,SKG,MT,0.3501106566232532,0.7142857142857143,-0.3641750576624611,Disruptive
SKG_MT_401,2015,SKG,MT,0.3648615336049727,0.7333333333333333,-0.3684717997283606,Disruptive
SKG_MT_384,2015,SKG,MT,0.5374524744908002,0.8080808080808081,-0.2706283335900078,Disruptive
SKG_PAR_124,2015,SKG,PAR,0.5373401540312683,0.7850467289719626,-0.24770657494069426,Disruptive
SKG_SA_334,2015,SKG,SA,0.586344815290501,0.7672413793103449,-0.1808965640198439,Disruptive
SKG_MT_854,2015,SKG,MT,0.349248741997779,0.7017543859649122,-0.35250564396713324,Disruptive
SKG_MT_262,2015,SKG,MT,0.3720164954286141,0.8333333333333334,-0.4613168379047193,Incremental
SKG_MT_1346,2015,SKG,MT,0.5594291115194778,0.8416666666666667,-0.28223755514718885,Disruptive
SKG_MT_839,2015,SKG,MT,0.5098937752802862,0.8169934640522876,-0.30709968877200133,Disruptive
SKG_MT_1333,2015,SKG,MT,0.3358791270168318,0.6619718309859155,-0.3260927039690837,Disruptive
SKG_MT_1108,2015,SKG,MT,0.3293551988288018,0.845360824742268,-0.5160056259134662,Incremental
SKG_SUM_136,2015,SKG,SUM,0.5515686828915926,0.8102189781021898,-0.25865029521059724,Disruptive
SKG_SUM_172,2015,SKG,SUM,0.5286668858148934,0.8541666666666666,-0.3254997808517732,Disruptive
SKG_SUM_186,2015,SKG,SUM,0.5377503051189235,0.95,-0.41224969488107643,Incremental
SKG_SUM_107,2015,SKG,SUM,0.2843277392340169,0.8044692737430168,-0.5201415345089999,Incremental
SKG_SA_382,2015,SKG,SA,0.3408109274719143,1.0,-0.6591890725280857,Incremental
SKG_SA_321,2015,SKG,SA,0.3377918910238003,0.7717391304347826,-0.4339472394109823,Incremental
SKG_MT_378,2015,SKG,MT,0.3391371874207216,0.8695652173913043,-0.5304280299705828,Incremental
SKG_SA_323,2015,SKG,SA,0.350397273884557,0.8494623655913979,-0.4990650917068409,Incremental
SKG_PAR_116,2015,SKG,PAR,0.5832088622197504,0.8214285714285714,-0.23821970920882096,Disruptive
SKG_MT_296,2015,SKG,MT,0.2562841166965525,0.819672131147541,-0.5633880144509885,Incremental
SKG_MT_304,2015,SKG,MT,0.5746745252853299,0.7545454545454545,-0.1798709292601246,Disruptive
SKG_SA_366,2015,SKG,SA,0.2738411756110871,0.75,-0.4761588243889129,Incremental
SKG_MT_1293,2015,SKG,MT,0.4529185734940495,0.823170731707317,-0.3702521582132675,Disruptive
SKG_MT_171,2015,SKG,MT,0.5937779902043722,0.82,-0.2262220097956278,Disruptive
SKG_MT_165,2015,SKG,MT,0.3217460973228169,0.8026315789473685,-0.4808854816245516,Incremental
SKG_MT_428,2015,SKG,MT,0.2609322981178079,0.7301587301587301,-0.46922643204092224,Incremental
SKG_MT_437,2015,SKG,MT,0.2659061389709874,0.675,-0.40909386102901263,Incremental
SKG_MT_809,2015,SKG,MT,0.3058895559217749,0.8742857142857143,-0.5683961583639394,Incremental
SKG_SA_266,2015,SKG,SA,0.37765643397031,0.7818181818181819,-0.40416174784787184,Incremental
SKG_MT_441,2015,SKG,MT,0.544777883249039,0.7272727272727273,-0.18249484402368832,Disruptive
SKG_MT_815,2015,SKG,MT,0.30655256045875,0.9008264462809916,-0.5942738858222416,Incremental
SKG_MT_810,2015,SKG,MT,0.3167176531617647,0.84375,-0.5270323468382353,Incremental
SKG_DIA_300,2015,SKG,DIA,0.3823224430449355,0.9078947368421052,-0.5255722937971696,Incremental
SKG_MT_1295,2015,SKG,MT,0.3808045267152181,0.8666666666666667,-0.4858621399514486,Incremental
SKG_MT_1032,2015,SKG,MT,0.269093983419306,0.7719298245614035,-0.5028358411420975,Incremental
SKG_MT_221,2015,SKG,MT,0.3672570279990699,0.7948717948717948,-0.4276147668727249,Incremental
SKG_MT_217,2015,SKG,MT,0.2782720493821554,0.8165137614678899,-0.5382417120857346,Incremental
SKG_MT_405,2015,SKG,MT,0.329353290373526,0.7987421383647799,-0.4693888479912539,Incremental
SKG_SA_415,2015,SKG,SA,0.3257257931486009,0.8333333333333334,-0.5076075401847324,Incremental
SKG_SA_240,2015,SKG,SA,0.5709224272810187,0.7777777777777778,-0.20685535049675907,Disruptive
SKG_SA_432,2015,SKG,SA,0.5640027826711178,0.8846153846153846,-0.3206126019442668,Disruptive
SKG_DIA_275,2015,SKG,DIA,0.3118855248084156,0.7906976744186046,-0.47881214961018903,Incremental
SKG_QA_407,2016,SKG,QA,0.3803311773828872,0.8205128205128205,-0.4401816431299333,Incremental
SKG_QA_405,2016,SKG,QA,0.3794843082821507,0.8043478260869565,-0.42486351780480586,Incremental
SKG_DIA_153,2016,SKG,DIA,0.4838321201478897,0.8492063492063492,-0.3653742290584595,Disruptive
SKG_MT_1,2016,SKG,MT,0.3207379353608862,0.8433048433048433,-0.5225669079439572,Incremental
SKG_SA_504,2016,SKG,SA,0.3232493475800997,0.8656716417910447,-0.542422294210945,Incremental
SKG_SA_497,2016,SKG,SA,0.3741732209840692,0.8577981651376146,-0.48362494415354546,Incremental
SKG_SA_493,2016,SKG,SA,0.2754268251932341,0.8114035087719298,-0.5359766835786957,Incremental
SKG_DIA_204,2016,SKG,DIA,0.2731674093756119,0.8294573643410853,-0.5562899549654734,Incremental
SKG_MT_360,2016,SKG,MT,0.2799002107670582,0.7310924369747899,-0.4511922262077317,Incremental
SKG_MT_1166,2016,SKG,MT,0.2731262192927663,0.8163265306122449,-0.5432003113194785,Incremental
SKG_MT_1160,2016,SKG,MT,0.3209880914156013,0.822429906542056,-0.5014418151264548,Incremental
SKG_SUM_85,2016,SKG,SUM,0.3427330755486397,0.8269230769230769,-0.4841900013744372,Incremental
SKG_SA_463,2016,SKG,SA,0.3084475368740731,0.6808510638297872,-0.3724035269557141,Disruptive
SKG_MT_905,2016,SKG,MT,0.2678788158856708,0.7731958762886598,-0.5053170604029891,Incremental
SKG_MT_901,2016,SKG,MT,0.2948227298600817,0.7560975609756098,-0.4612748311155281,Incremental
SKG_MT_897,2016,SKG,MT,0.5225911601704597,0.8666666666666667,-0.344075506496207,Disruptive
SKG_QA_131,2016,SKG,QA,0.2908059056871552,0.6428571428571429,-0.3520512371699877,Disruptive
SKG_MT_895,2016,SKG,MT,0.3714651786222575,0.8465909090909091,-0.4751257304686516,Incremental
SKG_QA_118,2016,SKG,QA,0.3572921835228454,0.821656050955414,-0.46436386743256863,Incremental
SKG_MT_459,2016,SKG,MT,0.3380503263143923,0.7654320987654321,-0.42738177245103975,Incremental
SKG_MT_1314,2016,SKG,MT,0.3604568213744565,0.7814207650273224,-0.4209639436528659,Incremental
SKG_QA_70,2016,SKG,QA,0.3317801942446046,0.7870370370370371,-0.4552568427924325,Incremental
SKG_QA_63,2016,SKG,QA,0.3294264315359754,0.7796610169491526,-0.4502345854131772,Incremental
SKG_MT_731,2016,SKG,MT,0.498007194039297,0.7073170731707317,-0.20930987913143467,Disruptive
SKG_SA_566,2016,SKG,SA,0.2994488732379172,0.8767123287671232,-0.577263455529206,Incremental
SKG_SA_583,2016,SKG,SA,0.3592641646994172,0.8947368421052632,-0.535472677405846,Incremental
SKG_SA_160,2016,SKG,SA,0.3975229478236324,0.7681159420289855,-0.3705929942053531,Disruptive
SKG_MT_1311,2016,SKG,MT,0.5052972167444347,0.801980198019802,-0.2966829812753673,Disruptive
SKG_DIA_109,2016,SKG,DIA,0.3243699028962615,0.8586956521739131,-0.5343257492776516,Incremental
SKG_SA_617,2016,SKG,SA,0.2992382941065781,0.8888888888888888,-0.5896505947823107,Incremental
SKG_MT_698,2016,SKG,MT,0.3038582389328282,0.7894736842105263,-0.4856154452776981,Incremental
SKG_MT_1264,2016,SKG,MT,0.3494961782377742,0.782312925170068,-0.4328167469322938,Incremental
SKG_MT_994,2016,SKG,MT,0.3129223374892523,0.7448979591836735,-0.4319756216944212,Incremental
SKG_MT_513,2016,SKG,MT,0.3366323485666997,0.768,-0.4313676514333003,Incremental
SKG_MT_107,2016,SKG,MT,0.3814532514671344,0.6973684210526315,-0.31591516958549715,Disruptive
SKG_MT_103,2016,SKG,MT,0.4763406657370964,0.9322033898305084,-0.45586272409341205,Incremental
SKG_QA_182,2016,SKG,QA,0.3502389756871188,0.8605769230769231,-0.5103379473898043,Incremental
SKG_PAR_36,2016,SKG,PAR,0.2955456213740876,0.8666666666666667,-0.5711210452925791,Incremental
SKG_SA_26,2016,SKG,SA,0.2967401107095848,0.9130434782608696,-0.6163033675512848,Incremental
SKG_SA_17,2016,SKG,SA,0.3097027855916566,0.7862595419847328,-0.4765567563930762,Incremental
SKG_SUM_217,2016,SKG,SUM,0.2083573583353192,0.8688524590163934,-0.6604951006810742,Incremental
SKG_SA_85,2016,SKG,SA,0.3133910292068932,0.8571428571428571,-0.5437518279359639,Incremental
SKG_SA_89,2016,SKG,SA,0.3072911263725674,0.9052631578947368,-0.5979720315221694,Incremental
SKG_SA_41,2016,SKG,SA,0.3435887046854107,0.8068965517241379,-0.4633078470387272,Incremental
SKG_QA_197,2016,SKG,QA,0.267171562513419,0.8372093023255814,-0.5700377398121624,Incremental
SKG_QA_470,2016,SKG,QA,0.4126198318527596,0.8392857142857143,-0.4266658824329547,Incremental
SKG_PAR_9,2016,SKG,PAR,0.3065909054947942,0.8048780487804879,-0.4982871432856937,Incremental
SKG_SA_8,2016,SKG,SA,0.3285246851663687,0.7801857585139319,-0.4516610733475632,Incremental
SKG_SA_462,2016,SKG,SA,0.3031504823004754,0.8064516129032258,-0.5033011306027504,Incremental
SKG_QA_340,2016,SKG,QA,0.2842194339205416,0.902439024390244,-0.6182195904697024,Incremental
SKG_QA_345,2016,SKG,QA,0.3226481213394118,0.8125,-0.4898518786605882,Incremental
SKG_QA_312,2016,SKG,QA,0.3068607397954944,0.8,-0.49313926020450566,Incremental
SKG_MT_658,2016,SKG,MT,0.2643842907748097,0.7647058823529411,-0.5003215915781314,Incremental
SKG_QA_335,2016,SKG,QA,0.2983906296743923,0.7518248175182481,-0.45343418784385586,Incremental
SKG_QA_337,2016,SKG,QA,0.3315345860872517,0.7532467532467533,-0.42171216715950155,Incremental
SKG_MT_312,2016,SKG,MT,0.487912619258097,0.7976190476190477,-0.3097064283609507,Disruptive
SKG_MT_362,2016,SKG,MT,0.329445035548767,0.9285714285714286,-0.5991263930226616,Incremental
SKG_MT_365,2016,SKG,MT,0.4988106086357347,0.8536585365853658,-0.35484792794963116,Disruptive
SKG_SUM_128,2016,SKG,SUM,0.252628848331397,0.8596491228070176,-0.6070202744756206,Incremental
SKG_PAR_7,2016,SKG,PAR,0.336764150102215,0.900709219858156,-0.5639450697559409,Incremental
SKG_QA_419,2016,SKG,QA,0.3494961782377742,0.782312925170068,-0.4328167469322938,Incremental
SKG_QA_366,2016,SKG,QA,0.3354745776530118,0.7378640776699029,-0.4023895000168911,Incremental
SKG_QA_376,2016,SKG,QA,0.3650564251386486,0.826530612244898,-0.4614741871062494,Incremental
SKG_QA_375,2016,SKG,QA,0.3048390671093207,0.7914691943127962,-0.4866301272034755,Incremental
SKG_QA_261,2016,SKG,QA,0.2138988786105655,0.7985074626865671,-0.5846085840760016,Incremental
SKG_MT_960,2016,SKG,MT,0.3550281789023764,0.8076923076923077,-0.4526641287899313,Incremental
SKG_MT_1233,2016,SKG,MT,0.3406700104242672,0.8314606741573034,-0.4907906637330362,Incremental
SKG_MT_2,2016,SKG,MT,0.3564181353527481,0.827906976744186,-0.47148884139143793,Incremental
SKG_DIA_158,2016,SKG,DIA,0.3083841150986408,0.7555555555555555,-0.44717144045691476,Incremental
SKG_MT_673,2016,SKG,MT,0.3580421660217485,0.8108108108108109,-0.45276864478906237,Incremental
SKG_QA_253,2016,SKG,QA,0.3092005627940772,0.8309859154929577,-0.5217853526988805,Incremental
SKG_MT_574,2016,SKG,MT,0.3742759668141273,0.813953488372093,-0.43967752155796574,Incremental
SKG_QA_421,2016,SKG,QA,0.3058796509340692,0.7767857142857143,-0.4709060633516451,Incremental
SKG_SA_238,2016,SKG,SA,0.2988381918730752,0.7169811320754716,-0.41814294020239645,Incremental
SKG_SA_431,2016,SKG,SA,0.2996307623592091,0.8518518518518519,-0.5522210894926427,Incremental
SKG_SA_427,2016,SKG,SA,0.2962045788395093,0.8256880733944955,-0.5294834945549862,Incremental
SKG_MT_1304,2016,SKG,MT,0.2859942422062909,0.7246376811594203,-0.4386434389531294,Incremental
SKG_MT_1298,2016,SKG,MT,0.3371486822915114,0.7935483870967742,-0.4563997048052628,Incremental
SKG_SA_275,2016,SKG,SA,0.3019395606951224,0.7732558139534884,-0.471316253258366,Incremental
SKG_MT_1288,2016,SKG,MT,0.2955467977978812,0.8260869565217391,-0.530540158723858,Incremental
SKG_MT_215,2016,SKG,MT,0.2883864683151974,0.7625,-0.4741135316848026,Incremental
SKG_MT_402,2016,SKG,MT,0.377041474672826,0.785234899328859,-0.40819342465603303,Incremental
SKG_MT_230,2016,SKG,MT,0.3877025089035308,0.6904761904761905,-0.30277368157265966,Disruptive
SKG_MT_1029,2016,SKG,MT,0.365056281681233,0.6170212765957447,-0.2519649949145117,Disruptive
SKG_MT_381,2016,SKG,MT,0.4944954084320389,0.7861271676300579,-0.291631759198019,Disruptive
SKG_SA_252,2016,SKG,SA,0.3124598142784158,0.7428571428571429,-0.4303973285787271,Incremental
SKG_MT_1190,2016,SKG,MT,0.3398188825754731,0.8297872340425532,-0.48996835146708007,Incremental
SKG_SA_634,2016,SKG,SA,0.3138692528954639,0.8505747126436781,-0.5367054597482142,Incremental
SKG_MT_431,2016,SKG,MT,0.3563173795626907,1.0,-0.6436826204373093,Incremental
SKG_PAR_135,2016,SKG,PAR,0.3232653949223394,0.8217821782178217,-0.4985167832954823,Incremental
SKG_SA_269,2016,SKG,SA,0.3344328468379292,0.8227848101265823,-0.48835196328865316,Incremental
SKG_MT_999,2016,SKG,MT,0.3226481213394118,0.8125,-0.4898518786605882,Incremental
SKG_MT_201,2016,SKG,MT,0.2898826282234995,0.8345864661654135,-0.544703837941914,Incremental
SKG_MT_1230,2016,SKG,MT,0.4589268347160097,0.8477157360406091,-0.3887889013245994,Incremental
SKG_DIA_86,2016,SKG,DIA,0.3215330487884976,0.8108108108108109,-0.48927776202231327,Incremental
SKG_SA_594,2016,SKG,SA,0.3122839579053834,0.7794117647058824,-0.467127806800499,Incremental
SKG_DIA_245,2016,SKG,DIA,0.3327621962102727,0.9444444444444444,-0.6116822482341717,Incremental
SKG_PAR_110,2016,SKG,PAR,0.2958911061980965,0.8166666666666667,-0.5207755604685702,Incremental
SKG_MT_1219,2016,SKG,MT,0.2768166946844986,0.7142857142857143,-0.4374690196012157,Incremental
SKG_MT_1229,2016,SKG,MT,0.3077374421882682,0.7727272727272727,-0.4649898305390045,Incremental
SKG_SA_193,2016,SKG,SA,0.3247186616637042,0.7352941176470589,-0.41057545598335465,Incremental
SKG_SA_190,2016,SKG,SA,0.3178290438681583,0.8865979381443299,-0.5687688942761715,Incremental
SKG_DIA_260,2016,SKG,DIA,0.4202313347770385,0.8333333333333334,-0.41310199855629487,Incremental
SKG_DIA_267,2016,SKG,DIA,0.3515639350245175,0.8303571428571429,-0.4787932078326254,Incremental
SKG_SA_426,2016,SKG,SA,0.2842230530786027,0.7578947368421053,-0.4736716837635026,Incremental
SKG_SA_309,2016,SKG,SA,0.266376106336492,0.803921568627451,-0.537545462290959,Incremental
SKG_MT_241,2016,SKG,MT,0.3707797906900412,0.823943661971831,-0.4531638712817898,Incremental
SKG_PAR_223,2016,SKG,PAR,0.4110999288814636,0.8840579710144928,-0.47295804213302917,Incremental
SKG_PAR_172,2016,SKG,PAR,0.3105848218096629,0.8775510204081632,-0.5669661985985004,Incremental
SKG_PAR_162,2016,SKG,PAR,0.316443242022288,0.9230769230769232,-0.6066336810546352,Incremental
SKG_PAR_147,2016,SKG,PAR,0.2660006891128161,0.7083333333333334,-0.44233264422051727,Incremental
SKG_MT_327,2016,SKG,MT,0.2910037399386047,0.5454545454545454,-0.25445080551594074,Disruptive
SKG_MT_370,2016,SKG,MT,0.3193010827200455,0.7933884297520661,-0.47408734703202066,Incremental
SKG_PAR_182,2016,SKG,PAR,0.2597197292021876,0.7894736842105263,-0.5297539550083388,Incremental
SKG_DIA_310,2016,SKG,DIA,0.2961915649467984,0.8921568627450981,-0.5959652977982997,Incremental
SKG_SA_354,2016,SKG,SA,0.311582403673576,0.7840909090909091,-0.4725085054173331,Incremental
SKG_SA_369,2016,SKG,SA,0.349774432601885,0.797752808988764,-0.447978376386879,Incremental
SKG_MT_247,2016,SKG,MT,0.3891245285755109,0.8243243243243243,-0.43519979574881346,Incremental
SKG_MT_237,2016,SKG,MT,0.3247938198969906,0.8163265306122449,-0.49153271071525434,Incremental
SKG_SUM_78,2016,SKG,SUM,0.3166123744407427,0.8529411764705882,-0.5363288020298456,Incremental
SKG_SA_385,2016,SKG,SA,0.2731674093756119,0.8294573643410853,-0.5562899549654734,Incremental
SKG_PAR_175,2016,SKG,PAR,0.3363828769659441,0.7192982456140351,-0.382915368648091,Incremental
SKG_SUM_108,2016,SKG,SUM,0.4885850659549055,0.7821782178217822,-0.29359315186687673,Disruptive
SKG_PAR_173,2016,SKG,PAR,0.3578169344563848,0.7425742574257426,-0.3847573229693578,Incremental
SKG_DIA_15,2016,SKG,DIA,0.330057551994307,0.8481012658227848,-0.5180437138284778,Incremental
SKG_SUM_190,2016,SKG,SUM,0.2846184505255023,0.8764044943820225,-0.5917860438565202,Incremental
SKG_MT_1105,2016,SKG,MT,0.3253202397087725,0.8314606741573034,-0.506140434448531,Incremental
SKG_MT_1138,2016,SKG,MT,0.3105848218096629,0.8775510204081632,-0.5669661985985004,Incremental
SKG_SUM_197,2016,SKG,SUM,0.2902942172546898,0.9230769230769232,-0.6327827058222335,Incremental
SKG_SUM_191,2017,SKG,SUM,0.4545525879887019,0.7,-0.24544741201129805,Disruptive
SKG_SUM_109,2017,SKG,SUM,0.4091909639016043,0.8723404255319149,-0.4631494616303106,Incremental
SKG_SUM_113,2017,SKG,SUM,0.3104162797997476,0.7942857142857143,-0.48386943448596664,Incremental
SKG_PAR_177,2017,SKG,PAR,0.3659874079992682,0.7737226277372263,-0.4077352197379581,Incremental
SKG_PAR_176,2017,SKG,PAR,0.372183852024989,0.8125,-0.440316147975011,Incremental
SKG_PAR_156,2017,SKG,PAR,0.4635021362533887,0.8192771084337349,-0.3557749721803462,Disruptive
SKG_MT_321,2017,SKG,MT,0.3376125655463552,0.8041237113402062,-0.466511145793851,Incremental
SKG_PAR_210,2017,SKG,PAR,0.3305052399665601,0.7580645161290323,-0.42755927616247213,Incremental
SKG_PAR_125,2017,SKG,PAR,0.3165445720839576,0.7466666666666667,-0.4301220945827091,Incremental
SKG_PAR_122,2017,SKG,PAR,0.3325454430309769,0.6909090909090909,-0.35836364787811403,Disruptive
SKG_PAR_118,2017,SKG,PAR,0.259490625319022,0.8360655737704918,-0.5765749484514698,Incremental
SKG_MT_1189,2017,SKG,MT,0.2941932492371405,0.7702702702702703,-0.47607702103312977,Incremental
SKG_MT_1037,2017,SKG,MT,0.3512976759876528,0.7219512195121951,-0.3706535435245423,Disruptive
SKG_MT_1034,2017,SKG,MT,0.3258631946216084,0.7727272727272727,-0.4468640781056643,Incremental
SKG_DIA_46,2017,SKG,DIA,0.2846628796193411,0.8513513513513513,-0.5666884717320102,Incremental
SKG_DIA_31,2017,SKG,DIA,0.2680875707869714,0.9310344827586208,-0.6629469119716493,Incremental
SKG_MT_1063,2017,SKG,MT,0.3266390562597451,0.773109243697479,-0.4464701874377339,Incremental
SKG_MT_1056,2017,SKG,MT,0.3919483377594425,0.824,-0.43205166224055747,Incremental
SKG_MT_1222,2017,SKG,MT,0.3647266790453234,0.86,-0.4952733209546766,Incremental
SKG_SA_630,2017,SKG,SA,0.2711399646474505,0.7727272727272727,-0.5015873080798222,Incremental
SKG_SA_622,2017,SKG,SA,0.2593653398627752,0.8333333333333334,-0.5739679934705582,Incremental
SKG_DIA_68,2017,SKG,DIA,0.2677929018056089,0.8405797101449275,-0.5727868083393186,Incremental
SKG_DIA_57,2017,SKG,DIA,0.4801202689608172,0.84375,-0.3636297310391828,Disruptive
SKG_PAR_115,2017,SKG,PAR,0.3073486404079064,0.7368421052631579,-0.42949346485525147,Incremental
SKG_PAR_203,2017,SKG,PAR,0.2761487335937148,0.8472222222222222,-0.5710734886285074,Incremental
SKG_PAR_197,2017,SKG,PAR,0.4247741035392904,0.6907216494845361,-0.26594754594524567,Disruptive
SKG_PAR_194,2017,SKG,PAR,0.2290415827094729,0.8333333333333334,-0.6042917506238605,Incremental
SKG_PAR_186,2017,SKG,PAR,0.3022313794765878,0.7592592592592593,-0.4570278797826715,Incremental
SKG_PAR_183,2017,SKG,PAR,0.3087894302003178,0.7808219178082192,-0.4720324876079014,Incremental
SKG_PAR_180,2017,SKG,PAR,0.4812921600539271,0.7945205479452054,-0.3132283878912783,Disruptive
SKG_MT_400,2017,SKG,MT,0.3080177287786823,0.7975460122699386,-0.4895282834912563,Incremental
SKG_MT_397,2017,SKG,MT,0.3587681497260021,0.7964601769911505,-0.4376920272651484,Incremental
SKG_MT_382,2017,SKG,MT,0.3259332503811953,0.7368421052631579,-0.41090885488196255,Incremental
SKG_PAR_143,2017,SKG,PAR,0.3221398712198844,0.7738095238095238,-0.4516696525896394,Incremental
SKG_MT_1013,2017,SKG,MT,0.3210039647748156,0.7874564459930313,-0.46645248121821575,Incremental
SKG_MT_995,2017,SKG,MT,0.2666592824590865,0.7560975609756098,-0.4894382785165233,Incremental
SKG_MT_982,2017,SKG,MT,0.3521782189588623,0.8159340659340659,-0.4637558469752036,Incremental
SKG_SA_578,2017,SKG,SA,0.3426543647141938,0.8181818181818182,-0.47552745346762443,Incremental
SKG_DIA_108,2017,SKG,DIA,0.3094176620520064,0.8253968253968254,-0.515979163344819,Incremental
SKG_SA_593,2017,SKG,SA,0.2767093067896879,0.8,-0.5232906932103121,Incremental
SKG_DIA_87,2017,SKG,DIA,0.3441931058953105,0.7931034482758621,-0.4489103423805516,Incremental
SKG_DIA_78,2017,SKG,DIA,0.3419912492533429,0.7313432835820896,-0.38935203432874665,Incremental
SKG_PAR_126,2017,SKG,PAR,0.3331583315729987,0.7666666666666667,-0.43350833509366804,Incremental
SKG_PAR_224,2017,SKG,PAR,0.3296902129399878,0.7671232876712328,-0.43743307473124504,Incremental
SKG_MT_246,2017,SKG,MT,0.2834659072431045,0.717391304347826,-0.43392539710472156,Incremental
SKG_QA_4,2017,SKG,QA,0.306066496732454,0.8051282051282052,-0.49906170839575115,Incremental
SKG_MT_216,2017,SKG,MT,0.257934497979278,0.5833333333333334,-0.3253988353540554,Disruptive
SKG_MT_211,2017,SKG,MT,0.2465696777056072,0.8,-0.5534303222943928,Incremental
SKG_PAR_95,2017,SKG,PAR,0.3236948710608858,0.773972602739726,-0.4502777316788402,Incremental
SKG_PAR_92,2017,SKG,PAR,0.2914327482962229,0.7456140350877193,-0.4541812867914964,Incremental
SKG_PAR_90,2017,SKG,PAR,0.3367246073862887,0.6470588235294118,-0.3103342161431231,Disruptive
SKG_MT_427,2017,SKG,MT,0.2485758800811643,0.8307692307692308,-0.5821933506880665,Incremental
SKG_MT_408,2017,SKG,MT,0.3443295887076352,0.8,-0.45567041129236485,Incremental
SKG_QA_26,2017,SKG,QA,0.4127929071655635,0.8,-0.38720709283443655,Incremental
SKG_QA_24,2017,SKG,QA,0.3817852875057515,0.9,-0.5182147124942484,Incremental
SKG_MT_203,2017,SKG,MT,0.4917894146878989,0.8059701492537313,-0.31418073456583245,Disruptive
SKG_QA_58,2017,SKG,QA,0.3084291145231526,0.8046875,-0.4962583854768474,Incremental
SKG_MT_448,2017,SKG,MT,0.3533810876684846,0.6074766355140186,-0.25409554784553406,Disruptive
SKG_PAR_112,2017,SKG,PAR,0.3904309091483328,0.7166666666666667,-0.3262357575183339,Disruptive
SKG_PAR_105,2017,SKG,PAR,0.3402288208291559,0.7435897435897436,-0.4033609227605877,Incremental
SKG_DIA_167,2017,SKG,DIA,0.2934396211010164,0.6571428571428571,-0.36370323604184074,Disruptive
SKG_DIA_162,2017,SKG,DIA,0.3447348747264107,0.8108108108108109,-0.4660759360844002,Incremental
SKG_SA_537,2017,SKG,SA,0.2182691337136982,0.6933333333333334,-0.4750641996196352,Incremental
SKG_DIA_146,2017,SKG,DIA,0.2894636820719037,0.9454545454545454,-0.6559908633826417,Incremental
SKG_MT_924,2017,SKG,MT,0.3219718446886469,0.7926267281105991,-0.47065488342195216,Incremental
SKG_SA_495,2017,SKG,SA,0.3427998134434776,0.7797619047619048,-0.43696209131842717,Incremental
SKG_SA_475,2017,SKG,SA,0.3702757996268149,0.3111111111111111,0.05916468851570378,Disruptive
SKG_MT_1239,2017,SKG,MT,0.3388712068491936,0.7365269461077845,-0.3976557392585909,Incremental
SKG_SA_520,2017,SKG,SA,0.3271611399894631,0.8066666666666666,-0.47950552667720353,Incremental
SKG_SA_511,2017,SKG,SA,0.2985414201594883,0.743421052631579,-0.44487963247209067,Incremental
SKG_SA_510,2017,SKG,SA,0.2929162151599284,0.7083333333333334,-0.415417118173405,Incremental
SKG_SA_506,2017,SKG,SA,0.3130486162030388,0.7741935483870968,-0.46114493218405794,Incremental
SKG_QA_47,2017,SKG,QA,0.5543961769007693,0.7724137931034483,-0.218017616202679,Disruptive
SKG_QA_46,2017,SKG,QA,0.2519673818160531,0.6870229007633588,-0.4350555189473057,Incremental
SKG_QA_42,2017,SKG,QA,0.3270495265832139,0.7377049180327869,-0.410655391449573,Incremental
SKG_MT_168,2017,SKG,MT,0.3160613486077543,0.7570621468926554,-0.4410007982849011,Incremental
SKG_MT_475,2017,SKG,MT,0.3589209448569177,0.7586206896551724,-0.39969974479825465,Incremental
SKG_MT_465,2017,SKG,MT,0.3633043851150971,0.8761904761904762,-0.5128860910753791,Incremental
SKG_MT_460,2017,SKG,MT,0.3095015683545635,0.8363636363636363,-0.5268620680090728,Incremental
SKG_SA_465,2017,SKG,SA,0.3541629100904562,0.7952755905511811,-0.44111268046072494,Incremental
SKG_MT_911,2017,SKG,MT,0.5263150638945318,1.0,-0.47368493610546825,Incremental
SKG_MT_910,2017,SKG,MT,0.0890691567818104,1.0,-0.9109308432181896,Incremental
SKG_SA_447,2017,SKG,SA,0.3294583351169194,0.7698412698412699,-0.44038293472435047,Incremental
SKG_DIA_228,2017,SKG,DIA,0.3751203855748625,0.7692307692307693,-0.3941103836559068,Incremental
SKG_DIA_216,2017,SKG,DIA,0.3483868258652288,0.8018867924528302,-0.45349996658760144,Incremental
SKG_MT_939,2017,SKG,MT,0.338925915837846,0.7017543859649122,-0.36282847012706626,Disruptive
SKG_MT_934,2017,SKG,MT,0.3327605384323805,0.803347280334728,-0.4705867419023475,Incremental
SKG_MT_151,2017,SKG,MT,0.2929742859649357,0.7719298245614035,-0.4789555385964678,Incremental
SKG_MT_497,2017,SKG,MT,0.3014299030804074,0.6923076923076923,-0.3908777892272849,Incremental
SKG_PAR_78,2017,SKG,PAR,0.3435281438017802,0.8048780487804879,-0.46134990497870765,Incremental
SKG_PAR_75,2017,SKG,PAR,0.369493032628922,0.7777777777777778,-0.40828474514885577,Incremental
SKG_PAR_74,2017,SKG,PAR,0.3104940343015922,0.6818181818181818,-0.37132414751658954,Disruptive
SKG_PAR_72,2017,SKG,PAR,0.332125273769304,0.8054054054054054,-0.4732801316361014,Incremental
SKG_MT_494,2017,SKG,MT,0.3400304978843245,0.6907216494845361,-0.3506911516002116,Disruptive
SKG_MT_1287,2017,SKG,MT,0.3233316670270685,0.8260869565217391,-0.5027552894946706,Incremental
SKG_MT_873,2017,SKG,MT,0.3589641908411587,0.7078651685393258,-0.3489009776981671,Disruptive
SKG_MT_872,2017,SKG,MT,0.3048238193250601,0.7723577235772358,-0.46753390425217567,Incremental
SKG_MT_870,2017,SKG,MT,0.3360582565746591,0.6914893617021277,-0.3554311051274686,Disruptive
SKG_SA_421,2017,SKG,SA,0.3312475736581226,0.88,-0.5487524263418775,Incremental
SKG_SA_419,2017,SKG,SA,0.2540772989542013,0.8765432098765432,-0.6224659109223419,Incremental
SKG_DIA_256,2017,SKG,DIA,0.387065211055187,0.8387096774193549,-0.4516444663641679,Incremental
SKG_DIA_251,2017,SKG,DIA,0.3960991309185944,0.8290598290598291,-0.4329606981412347,Incremental
SKG_DIA_235,2017,SKG,DIA,0.3487913435450204,0.7684210526315789,-0.4196297090865585,Incremental
SKG_SA_466,2017,SKG,SA,0.3220051871668468,0.7719298245614035,-0.4499246373945567,Incremental
SKG_MT_136,2017,SKG,MT,0.5178179473695702,0.7678571428571429,-0.2500391954875727,Disruptive
SKG_QA_145,2017,SKG,QA,0.3401893193777163,0.6744186046511628,-0.3342292852734465,Disruptive
SKG_QA_119,2017,SKG,QA,0.326635325861406,0.6865671641791045,-0.3599318383176985,Disruptive
SKG_MT_123,2017,SKG,MT,0.3270881064504052,0.7065868263473054,-0.3794987198969002,Incremental
SKG_PAR_57,2017,SKG,PAR,0.3506852865252243,0.7640449438202247,-0.4133596572950004,Incremental
SKG_PAR_46,2017,SKG,PAR,0.4025425951307574,0.8125,-0.4099574048692426,Incremental
SKG_PAR_44,2017,SKG,PAR,0.342549711406392,0.803030303030303,-0.460480591623911,Incremental
SKG_MT_517,2017,SKG,MT,0.4841392198030607,0.7163120567375887,-0.232172836934528,Disruptive
SKG_SA_370,2017,SKG,SA,0.3680370518736606,0.5,-0.1319629481263394,Disruptive
SKG_SA_364,2017,SKG,SA,0.484708030294956,0.875,-0.390291969705044,Incremental
SKG_SA_353,2017,SKG,SA,0.3103315817124303,0.7735849056603774,-0.4632533239479471,Incremental
SKG_DIA_307,2017,SKG,DIA,0.3412025578184374,0.7916666666666666,-0.45046410884822924,Incremental
SKG_DIA_306,2017,SKG,DIA,0.4759128592498478,0.875,-0.3990871407501522,Incremental
SKG_DIA_303,2017,SKG,DIA,0.3232873004018889,0.8904109589041096,-0.5671236585022207,Incremental
SKG_DIA_302,2017,SKG,DIA,0.4012848810003558,0.8947368421052632,-0.49345196110490736,Incremental
SKG_SA_406,2017,SKG,SA,0.3329790914145415,0.7272727272727273,-0.3942936358581858,Incremental
SKG_SA_404,2017,SKG,SA,0.3351512228401448,0.84375,-0.5085987771598552,Incremental
SKG_SA_391,2017,SKG,SA,0.089069593468407,1.0,-0.910930406531593,Incremental
SKG_SA_390,2017,SKG,SA,0.3523560962500914,0.7407407407407407,-0.3883846444906493,Incremental
SKG_QA_175,2017,SKG,QA,0.33120814698552,0.8269230769230769,-0.4957149299375569,Incremental
SKG_QA_172,2017,SKG,QA,0.5200765095148037,0.6272727272727273,-0.10719621775792365,Disruptive
SKG_QA_157,2017,SKG,QA,0.286650242080069,0.847457627118644,-0.5608073850385751,Incremental
SKG_MT_104,2017,SKG,MT,0.2711630079884291,0.7485029940119761,-0.477339986023547,Incremental
SKG_MT_549,2017,SKG,MT,0.3159442141894233,0.7647058823529411,-0.4487616681635178,Incremental
SKG_MT_546,2017,SKG,MT,0.2627549606250773,0.8157894736842105,-0.5530345130591332,Incremental
SKG_SA_319,2017,SKG,SA,0.4295224103459568,0.8620689655172413,-0.43254655517128454,Incremental
SKG_SA_316,2017,SKG,SA,0.3109535938867167,0.7058823529411765,-0.39492875905445984,Incremental
SKG_SA_305,2017,SKG,SA,0.2516037903557377,0.8333333333333334,-0.5817295429775957,Incremental
SKG_SA_331,2017,SKG,SA,0.2841262309524083,0.8014184397163121,-0.5172922087639038,Incremental
SKG_MT_861,2017,SKG,MT,0.3149213372622628,0.7863247863247863,-0.4714034490625235,Incremental
SKG_MT_842,2017,SKG,MT,0.2432758304816078,0.7421875,-0.49891166951839216,Incremental
SKG_MT_533,2017,SKG,MT,0.323498249123763,0.6333333333333333,-0.3098350842095703,Disruptive
SKG_PAR_65,2017,SKG,PAR,0.363887104172092,0.75,-0.386112895827908,Incremental
SKG_PAR_63,2017,SKG,PAR,0.4471372176949419,0.7570093457943925,-0.3098721280994506,Disruptive
SKG_MT_88,2017,SKG,MT,0.2892866168575363,0.7432432432432432,-0.4539566263857069,Incremental
SKG_PAR_29,2017,SKG,PAR,0.2899728417285949,0.8103448275862069,-0.5203719858576119,Incremental
SKG_PAR_28,2017,SKG,PAR,0.2938321581520885,0.8392857142857143,-0.5454535561336258,Incremental
SKG_PAR_18,2017,SKG,PAR,0.292364337364725,0.7567567567567568,-0.4643924193920318,Incremental
SKG_SA_163,2017,SKG,SA,0.3744680855547386,0.7555555555555555,-0.38108747000081694,Incremental
SKG_SA_228,2017,SKG,SA,0.3495434585201795,0.8205128205128205,-0.470969361992641,Incremental
SKG_SA_227,2017,SKG,SA,0.305250488254465,0.5416666666666666,-0.23641617841220164,Disruptive
SKG_SA_261,2017,SKG,SA,0.3980403791258332,0.8222222222222222,-0.424181843096389,Incremental
SKG_SA_258,2017,SKG,SA,0.2489075532880844,0.9545454545454546,-0.7056379012573701,Incremental
SKG_SA_253,2017,SKG,SA,0.363851825554873,0.8142857142857143,-0.4504338887308413,Incremental
SKG_SA_249,2017,SKG,SA,0.3389315090379823,0.725925925925926,-0.38699441688794367,Incremental
SKG_SA_247,2017,SKG,SA,0.316831040511928,0.7666666666666667,-0.4498356261547387,Incremental
SKG_SA_289,2017,SKG,SA,0.3182607849030147,0.8508064516129032,-0.5325456667098886,Incremental
SKG_QA_223,2017,SKG,QA,0.253421843705577,0.7936507936507936,-0.5402289499452166,Incremental
SKG_MT_66,2017,SKG,MT,0.2717407899872152,0.7701863354037267,-0.49844554541651154,Incremental
SKG_MT_62,2017,SKG,MT,0.3568611378995756,0.7777777777777778,-0.4209166398782022,Incremental
SKG_SA_140,2017,SKG,SA,0.3130232260103786,0.9230769230769232,-0.6100536970665447,Incremental
SKG_SA_185,2017,SKG,SA,0.3000678337958933,0.9117647058823528,-0.6116968720864595,Incremental
SKG_SA_184,2017,SKG,SA,0.2971256323376086,0.8064516129032258,-0.5093259805656172,Incremental
SKG_MT_819,2017,SKG,MT,0.3496543225643521,0.8,-0.45034567743564796,Incremental
SKG_SA_152,2017,SKG,SA,0.2636515654049005,0.8113207547169812,-0.5476691893120806,Incremental
SKG_SA_149,2017,SKG,SA,0.3135846659281177,0.7759562841530054,-0.46237161822488776,Incremental
SKG_MT_1370,2017,SKG,MT,0.3487063584834484,0.7837837837837838,-0.4350774253003354,Incremental
SKG_MT_1366,2017,SKG,MT,0.4494117313493515,0.8461538461538461,-0.39674211480449467,Incremental
SKG_MT_1359,2017,SKG,MT,0.3407675285017157,0.7619047619047619,-0.42113723340304615,Incremental
SKG_MT_781,2017,SKG,MT,0.2797775933281018,0.7336956521739131,-0.45391805884581127,Incremental
SKG_MT_53,2017,SKG,MT,0.3128027761086851,0.8152866242038217,-0.5024838480951366,Incremental
SKG_QA_242,2017,SKG,QA,0.4641147474457357,0.7706422018348624,-0.3065274543891267,Disruptive
SKG_QA_235,2017,SKG,QA,0.3089269758121166,0.8333333333333334,-0.5244063575212168,Incremental
SKG_MT_38,2017,SKG,MT,0.2811834273640744,0.5735294117647058,-0.2923459844006314,Disruptive
SKG_MT_31,2017,SKG,MT,0.2788599849057866,1.0,-0.7211400150942133,Incremental
SKG_MT_25,2017,SKG,MT,0.3260469144491658,0.6869565217391305,-0.3609096072899647,Disruptive
SKG_MT_1467,2017,SKG,MT,0.3146456928806392,0.675392670157068,-0.36074697727642885,Disruptive
SKG_MT_1466,2017,SKG,MT,0.3651905365990848,0.8387096774193549,-0.4735191408202701,Incremental
SKG_MT_610,2017,SKG,MT,0.3577834277052392,0.6964285714285714,-0.3386451437233322,Disruptive
SKG_MT_605,2017,SKG,MT,0.3797161772768416,0.7624309392265194,-0.3827147619496778,Incremental
SKG_SA_100,2017,SKG,SA,0.3780251327418899,0.6351351351351351,-0.25711000239324516,Disruptive
SKG_SA_131,2017,SKG,SA,0.5161921518021828,0.0,0.5161921518021828,Disruptive
SKG_MT_767,2017,SKG,MT,0.3029347147670916,0.783068783068783,-0.4801340683016914,Incremental
SKG_MT_1387,2017,SKG,MT,0.3347808622565322,0.7184466019417476,-0.3836657396852154,Incremental
SKG_MT_758,2017,SKG,MT,0.3041118003075954,0.8048780487804879,-0.5007662484728925,Incremental
SKG_SA_116,2017,SKG,SA,0.322240336481725,0.7606382978723404,-0.4383979613906154,Incremental
SKG_SA_108,2017,SKG,SA,0.2312442121883487,0.7096774193548387,-0.47843320716649007,Incremental
SKG_QA_277,2017,SKG,QA,0.2847736105955107,0.7619047619047619,-0.47713115130925116,Incremental
SKG_QA_272,2017,SKG,QA,0.2831373312262383,0.8223684210526315,-0.5392310898263932,Incremental
SKG_QA_288,2017,SKG,QA,0.3925976243396716,0.9285714285714286,-0.535973804231757,Incremental
SKG_QA_341,2017,SKG,QA,0.2895177173946953,0.8242424242424242,-0.534724706847729,Incremental
SKG_MT_650,2017,SKG,MT,0.3304045155757992,0.788235294117647,-0.45783077854184784,Incremental
SKG_MT_645,2017,SKG,MT,0.311754523721468,0.7142857142857143,-0.4025311905642463,Incremental
SKG_MT_636,2017,SKG,MT,0.3551265139135479,0.8207547169811321,-0.46562820306758423,Incremental
SKG_NLI_2,2017,SKG,NLI,0.3466791396684206,0.7955801104972375,-0.4489009708288169,Incremental
SKG_SA_21,2017,SKG,SA,0.2940663484369015,0.7748344370860927,-0.4807680886491912,Incremental
SKG_MT_747,2017,SKG,MT,0.3277633545364571,0.7322834645669292,-0.40452011003047206,Incremental
SKG_MT_737,2017,SKG,MT,0.3904309091483328,0.7166666666666667,-0.3262357575183339,Disruptive
SKG_MT_729,2017,SKG,MT,0.3789889561477478,0.825,-0.44601104385225215,Incremental
SKG_QA_471,2017,SKG,QA,0.2514805826502369,0.780952380952381,-0.5294717983021441,Incremental
SKG_QA_462,2017,SKG,QA,0.3681747588660023,0.7777777777777778,-0.4096030189117755,Incremental
SKG_QA_455,2017,SKG,QA,0.2995248679276167,0.7901234567901234,-0.49059858886250673,Incremental
SKG_QA_445,2017,SKG,QA,0.3611276633963164,0.7317073170731707,-0.3705796536768543,Disruptive
SKG_QA_472,2017,SKG,QA,0.2740965839264128,0.5918367346938775,-0.31774015076746476,Disruptive
SKG_MT_1416,2017,SKG,MT,0.3525271121965237,0.7548387096774194,-0.4023115974808957,Incremental
SKG_QA_369,2017,SKG,QA,0.2865108618102918,0.7906976744186046,-0.5041868126083129,Incremental
SKG_MT_1432,2017,SKG,MT,0.3179083027581496,0.7528089887640449,-0.4349006860058953,Incremental
SKG_MT_665,2017,SKG,MT,0.2916383468674782,0.7006369426751592,-0.408998595807681,Incremental
SKG_QA_399,2017,SKG,QA,0.3663537713300251,0.7801418439716312,-0.4137880726416061,Incremental
SKG_QA_442,2017,SKG,QA,0.294273383401287,0.8222222222222222,-0.5279488388209352,Incremental
SKG_QA_431,2017,SKG,QA,0.2761490768287385,0.8472222222222222,-0.5710731453934836,Incremental
SKG_MT_695,2017,SKG,MT,0.2515589097076907,0.7545454545454545,-0.5029865448377638,Incremental
SKG_MT_1451,2017,SKG,MT,0.2727350460895117,0.7089552238805971,-0.43622017779108535,Incremental
SKG_MT_1444,2017,SKG,MT,0.3967487509082779,0.78125,-0.3845012490917221,Incremental
SKG_MT_1103,2017,SKG,MT,0.5417802679939232,0.8023255813953488,-0.2605453134014256,Disruptive
SKG_MT_1153,2017,SKG,MT,0.2946491713278947,0.6792452830188679,-0.3845961116909732,Incremental
SKG_MT_363,2017,SKG,MT,0.2867347979334863,0.620253164556962,-0.3335183666234757,Disruptive
SKG_MT_351,2017,SKG,MT,0.3606526411489088,0.6944444444444444,-0.3337918032955356,Disruptive
SKG_MT_338,2017,SKG,MT,0.2956219071288348,0.8360655737704918,-0.540443666641657,Incremental
SKG_MT_333,2017,SKG,MT,0.4011148288736322,0.6363636363636364,-0.23524880749000415,Disruptive
SKG_SUM_103,2017,SKG,SUM,0.3035111803964736,0.8333333333333334,-0.5298221529368597,Incremental
SKG_SUM_86,2017,SKG,SUM,0.2169385445867799,0.6458333333333334,-0.42889478874655346,Incremental
SKG_MT_1156,2017,SKG,MT,0.3599180317230784,0.7989130434782609,-0.43899501175518246,Incremental
SKG_MT_1099,2017,SKG,MT,0.2989448236685964,0.7971014492753623,-0.4981566256067659,Incremental
SKG_DIA_25,2017,SKG,DIA,0.2726998671410715,0.7844311377245509,-0.5117312705834793,Incremental
SKG_DIA_24,2017,SKG,DIA,0.4916588062953849,0.8409090909090909,-0.34925028461370605,Disruptive
SKG_DIA_21,2017,SKG,DIA,0.2869589088647554,0.8488372093023255,-0.5618783004375701,Incremental
SKG_SUM_120,2018,SKG,SUM,0.3191743240255427,0.8214285714285714,-0.5022542474030287,Incremental
SKG_MT_1087,2018,SKG,MT,0.332825189824772,0.6038961038961039,-0.27107091407133194,Disruptive
SKG_MT_1102,2018,SKG,MT,0.3193045582577214,0.8131868131868132,-0.49388225492909177,Incremental
SKG_SUM_93,2018,SKG,SUM,0.4890240187646849,0.6972477064220184,-0.2082236876573335,Disruptive
SKG_SUM_100,2018,SKG,SUM,0.4535987712050232,0.8214285714285714,-0.3678298002235482,Disruptive
SKG_SUM_102,2018,SKG,SUM,0.2764768704923854,0.6835443037974683,-0.40706743330508294,Incremental
SKG_SUM_61,2018,SKG,SUM,0.2130392533107603,0.7777777777777778,-0.5647385244670176,Incremental
SKG_SUM_62,2018,SKG,SUM,0.3262973059525436,0.8333333333333334,-0.5070360273807898,Incremental
SKG_SUM_69,2018,SKG,SUM,0.2563342332522906,0.7872340425531915,-0.530899809300901,Incremental
SKG_MT_339,2018,SKG,MT,0.3547702588594029,0.7428571428571429,-0.38808688399774,Incremental
SKG_MT_364,2018,SKG,MT,0.321839199224978,0.7272727272727273,-0.4054335280477493,Incremental
SKG_SUM_179,2018,SKG,SUM,0.2930429085021129,0.7450980392156863,-0.4520551307135734,Incremental
SKG_SUM_141,2018,SKG,SUM,0.275017815914934,0.8205128205128205,-0.5454950045978865,Incremental
SKG_SUM_152,2018,SKG,SUM,0.2646541870239411,0.7865168539325843,-0.5218626669086432,Incremental
SKG_SUM_158,2018,SKG,SUM,0.3371443586615553,0.8461538461538461,-0.5090094874922908,Incremental
SKG_DIA_9,2018,SKG,DIA,0.3291436426810596,0.7777777777777778,-0.4486341350967182,Incremental
SKG_SUM_122,2018,SKG,SUM,0.3434894799691014,0.7159090909090909,-0.37241961093998954,Disruptive
SKG_MT_1106,2018,SKG,MT,0.3371340859657736,0.7093023255813954,-0.3721682396156218,Disruptive
SKG_SUM_117,2018,SKG,SUM,0.3873000802303109,0.6132075471698113,-0.22590746693950042,Disruptive
SKG_QA_415,2018,SKG,QA,0.5058533509214145,0.725,-0.2191466490785855,Disruptive
SKG_MT_684,2018,SKG,MT,0.33812904155684,0.6545454545454545,-0.31641641298861456,Disruptive
SKG_MT_691,2018,SKG,MT,0.2833571454084559,0.7111111111111111,-0.4277539657026552,Incremental
SKG_MT_701,2018,SKG,MT,0.4623887841525387,0.7272727272727273,-0.2648839431201886,Disruptive
SKG_QA_426,2018,SKG,QA,0.464291605449489,0.8043478260869565,-0.34005622063746754,Disruptive
SKG_QA_432,2018,SKG,QA,0.3450232958127113,0.7686567164179104,-0.42363342060519915,Incremental
SKG_QA_394,2018,SKG,QA,0.321344964321511,0.8092485549132948,-0.48790359059178384,Incremental
SKG_MT_662,2018,SKG,MT,0.3359390241512011,0.7304964539007093,-0.3945574297495082,Incremental
SKG_MT_669,2018,SKG,MT,0.3047887503072328,0.7284768211920529,-0.42368807088482013,Incremental
SKG_MT_672,2018,SKG,MT,0.3591997348672091,0.6972477064220184,-0.3380479715548093,Disruptive
SKG_MT_1433,2018,SKG,MT,0.3446180485203629,0.728,-0.3833819514796371,Incremental
SKG_MT_1434,2018,SKG,MT,0.4002207792486196,0.5909090909090909,-0.19068831166047134,Disruptive
SKG_MT_1443,2018,SKG,MT,0.3230791385149125,0.7222222222222222,-0.3991430837073097,Incremental
SKG_QA_380,2018,SKG,QA,0.301198306644641,0.7468354430379747,-0.4456371363933337,Incremental
SKG_QA_381,2018,SKG,QA,0.3154935296813639,0.7432432432432432,-0.4277497135618793,Incremental
SKG_QA_382,2018,SKG,QA,0.2902947096533583,0.6802721088435374,-0.3899773991901791,Incremental
SKG_QA_384,2018,SKG,QA,0.460318425004409,0.7021276595744681,-0.2418092345700591,Disruptive
SKG_QA_389,2018,SKG,QA,0.2961404370359861,0.8017241379310345,-0.5055837008950483,Incremental
SKG_QA_353,2018,SKG,QA,0.3161895260454765,0.8354430379746836,-0.519253511929207,Incremental
SKG_QA_354,2018,SKG,QA,0.3058132718618346,0.7285714285714285,-0.42275815670959394,Incremental
SKG_QA_364,2018,SKG,QA,0.3028022102733152,0.8,-0.4971977897266848,Incremental
SKG_QA_367,2018,SKG,QA,0.4990855951862324,0.7,-0.20091440481376754,Disruptive
SKG_MT_1475,2018,SKG,MT,0.3006794617661472,0.7637362637362637,-0.4630568019701165,Incremental
SKG_MT_717,2018,SKG,MT,0.4577915773615826,0.6020408163265306,-0.144249238964948,Disruptive
SKG_MT_1402,2018,SKG,MT,0.3694266447403977,0.7191011235955056,-0.3496744788551079,Disruptive
SKG_MT_1417,2018,SKG,MT,0.346509684744687,0.7181818181818181,-0.3716721334371311,Disruptive
SKG_MT_1424,2018,SKG,MT,0.2470001287630554,0.7837837837837838,-0.5367836550207283,Incremental
SKG_SUM_219,2018,SKG,SUM,0.322759439962653,0.8695652173913043,-0.5468057774286513,Incremental
SKG_SA_1,2018,SKG,SA,0.3089695033506409,0.7006172839506173,-0.3916477805999764,Incremental
SKG_QA_476,2018,SKG,QA,0.2977990089236138,0.6888888888888889,-0.3910898799652751,Incremental
SKG_QA_483,2018,SKG,QA,0.4852935539684885,0.7128712871287128,-0.22757773316022434,Disruptive
SKG_QA_490,2018,SKG,QA,0.2782128237688092,0.7142857142857143,-0.4360728905169051,Incremental
SKG_QA_450,2018,SKG,QA,0.3423056912050795,0.7393939393939394,-0.3970882481888599,Incremental
SKG_MT_733,2018,SKG,MT,0.3611687118273858,0.7215189873417721,-0.3603502755143863,Disruptive
SKG_MT_734,2018,SKG,MT,0.309990726834435,0.7134146341463414,-0.4034239073119064,Incremental
SKG_MT_735,2018,SKG,MT,0.2721770749502465,0.7814569536423841,-0.5092798786921375,Incremental
SKG_MT_745,2018,SKG,MT,0.3172906406744121,0.7312252964426877,-0.41393465576827565,Incremental
SKG_MT_754,2018,SKG,MT,0.3128521364682108,0.6986301369863014,-0.3857780005180906,Incremental
SKG_SA_64,2018,SKG,SA,0.5020851780571474,0.6705882352941176,-0.16850305723697023,Disruptive
SKG_SA_10,2018,SKG,SA,0.3174315177635941,0.7005494505494505,-0.38311793278585643,Incremental
SKG_SA_18,2018,SKG,SA,0.3238009900076894,0.6982758620689655,-0.3744748720612761,Disruptive
SKG_SA_28,2018,SKG,SA,0.2733850666850558,0.7066666666666667,-0.43328159998161087,Incremental
SKG_SA_31,2018,SKG,SA,0.3764065792230801,0.7727272727272727,-0.39632069350419263,Incremental
SKG_SUM_218,2018,SKG,SUM,0.3321222511411584,0.75,-0.4178777488588416,Incremental
SKG_MT_709,2018,SKG,MT,0.2884757754989208,0.7435897435897436,-0.45511396809082283,Incremental
SKG_MT_659,2018,SKG,MT,0.3357609229488739,0.8536585365853658,-0.5178976136364919,Incremental
SKG_QA_343,2018,SKG,QA,0.3040621592132318,0.8043478260869565,-0.5002856668737248,Incremental
SKG_QA_348,2018,SKG,QA,0.3243625430642611,0.8055555555555556,-0.4811930124912945,Incremental
SKG_QA_321,2018,SKG,QA,0.2480122573650677,0.7083333333333334,-0.46032107596826566,Incremental
SKG_QA_322,2018,SKG,QA,0.4766934396318072,0.6850393700787402,-0.20834593044693295,Disruptive
SKG_QA_294,2018,SKG,QA,0.4791665660506555,0.7894736842105263,-0.31030711815987083,Disruptive
SKG_QA_271,2018,SKG,QA,0.3755098790645819,0.7166666666666667,-0.3411567876020848,Disruptive
SKG_MT_604,2018,SKG,MT,0.2783860714946518,0.7407407407407407,-0.4623546692460889,Incremental
SKG_SA_117,2018,SKG,SA,0.2814112436732478,0.7522123893805309,-0.4708011457072831,Incremental
SKG_MT_757,2018,SKG,MT,0.3447087270735309,0.7533333333333333,-0.4086246062598024,Incremental
SKG_MT_759,2018,SKG,MT,0.2759794369093011,0.7529411764705882,-0.4769617395612871,Incremental
SKG_MT_764,2018,SKG,MT,0.4248779159102296,0.8,-0.37512208408977044,Disruptive
SKG_MT_1372,2018,SKG,MT,0.305064831790964,0.7608695652173914,-0.45580473342642736,Incremental
SKG_SA_76,2018,SKG,SA,0.3328642134072707,0.673469387755102,-0.34060517434783133,Disruptive
SKG_SA_90,2018,SKG,SA,0.292366688036312,0.6701570680628273,-0.37779038002651527,Disruptive
SKG_SA_46,2018,SKG,SA,0.3438885521679501,0.8142076502732241,-0.47031909810527395,Incremental
SKG_SA_51,2018,SKG,SA,0.2821963266082845,0.7401574803149606,-0.45796115370667617,Incremental
SKG_MT_1452,2018,SKG,MT,0.302793707464589,0.6310679611650486,-0.3282742537004596,Disruptive
SKG_MT_29,2018,SKG,MT,0.2778424501869416,0.6976744186046512,-0.4198319684177096,Incremental
SKG_QA_243,2018,SKG,QA,0.3089864704292541,0.7658227848101266,-0.45683631438087247,Incremental
SKG_QA_248,2018,SKG,QA,0.3248457605088031,0.8080808080808081,-0.48323504757200497,Incremental
SKG_QA_254,2018,SKG,QA,0.4950878406962007,0.7653631284916201,-0.2702752877954194,Disruptive
SKG_MT_575,2018,SKG,MT,0.2524913909114722,0.7368421052631579,-0.48435071435168564,Incremental
SKG_MT_777,2018,SKG,MT,0.3018933614446548,0.8191489361702128,-0.517255574725558,Incremental
SKG_MT_1355,2018,SKG,MT,0.3110008891185111,0.7901234567901234,-0.4791225676716123,Incremental
SKG_MT_1369,2018,SKG,MT,0.482185265474979,0.7824074074074074,-0.30022214193242847,Disruptive
SKG_MT_791,2018,SKG,MT,0.2830602839123202,0.6727272727272727,-0.38966698881495254,Incremental
SKG_MT_799,2018,SKG,MT,0.2264238494598617,0.6082474226804123,-0.3818235732205506,Incremental
SKG_SA_153,2018,SKG,SA,0.3323730171451628,0.7730496453900709,-0.4406766282449081,Incremental
SKG_SA_155,2018,SKG,SA,0.28962669201533,1.0,-0.71037330798467,Incremental
SKG_SA_162,2018,SKG,SA,0.2814547760604713,0.7303370786516854,-0.4488823025912141,Incremental
SKG_SA_105,2018,SKG,SA,0.2841256549929113,0.8085106382978723,-0.524384983304961,Incremental
SKG_SA_106,2018,SKG,SA,0.3594408323772061,0.7916666666666666,-0.43222583428946054,Incremental
SKG_MT_807,2018,SKG,MT,0.339300240330871,0.6976744186046512,-0.3583741782737802,Disruptive
SKG_MT_416,2018,SKG,MT,0.2601416713261115,0.9,-0.6398583286738886,Incremental
SKG_MT_1140,2018,SKG,MT,0.4805915453174073,0.8066666666666666,-0.32607512134925937,Disruptive
SKG_MT_818,2018,SKG,MT,0.3467386667515935,0.6687116564417178,-0.32197298969012433,Disruptive
SKG_MT_821,2018,SKG,MT,0.3204663315525997,0.7551020408163265,-0.4346357092637268,Incremental
SKG_SA_172,2018,SKG,SA,0.3128095531811303,0.8541666666666666,-0.5413571134855364,Incremental
SKG_SA_176,2018,SKG,SA,0.328875062634576,0.6818181818181818,-0.35294311918360577,Disruptive
SKG_SA_179,2018,SKG,SA,0.2243607433756815,0.7624309392265194,-0.5380701958508379,Incremental
SKG_SA_188,2018,SKG,SA,0.2700614741935511,0.7111111111111111,-0.44104963691756005,Incremental
SKG_SA_194,2018,SKG,SA,0.3546144646718101,0.7028985507246377,-0.34828408605282757,Disruptive
SKG_SA_199,2018,SKG,SA,0.3896937840810838,0.751219512195122,-0.36152572811403816,Disruptive
SKG_SA_144,2018,SKG,SA,0.3216451594970272,0.7454545454545455,-0.42380938595751827,Incremental
SKG_MT_587,2018,SKG,MT,0.3508554318838204,0.8414634146341463,-0.4906079827503259,Incremental
SKG_MT_589,2018,SKG,MT,0.3473329496991785,0.7857142857142857,-0.4383813360151072,Incremental
SKG_NLI_4,2018,SKG,NLI,0.2898856699671253,0.6621621621621622,-0.3722764921950369,Disruptive
SKG_NLI_10,2018,SKG,NLI,0.3774780028358924,0.6985294117647058,-0.32105140892881345,Disruptive
SKG_NLI_12,2018,SKG,NLI,0.3044552474936273,0.7763975155279503,-0.47194226803432304,Incremental
SKG_PAR_0,2018,SKG,PAR,0.4853032603456702,0.6721311475409836,-0.1868278871953134,Disruptive
SKG_PAR_4,2018,SKG,PAR,0.3307829472407126,0.7573529411764706,-0.42656999393575795,Incremental
SKG_MT_64,2018,SKG,MT,0.3024751831108221,0.7752808988764045,-0.4728057157655824,Incremental
SKG_QA_212,2018,SKG,QA,0.355097196976282,0.7333333333333333,-0.3782361363570513,Disruptive
SKG_QA_220,2018,SKG,QA,0.2998563713908576,0.8952380952380953,-0.5953817238472376,Incremental
SKG_QA_224,2018,SKG,QA,0.4839662880463385,0.7363636363636363,-0.2523973483172978,Disruptive
SKG_QA_229,2018,SKG,QA,0.2740704147134947,0.819672131147541,-0.5456017164340463,Incremental
SKG_QA_230,2018,SKG,QA,0.4551477211206028,0.8125,-0.3573522788793972,Disruptive
SKG_SA_274,2018,SKG,SA,0.3949197556956059,0.7282608695652174,-0.3333411138696115,Disruptive
SKG_SA_282,2018,SKG,SA,0.3230836692363487,0.7464788732394366,-0.42339520400308794,Incremental
SKG_SA_248,2018,SKG,SA,0.3170990005066931,0.8026315789473685,-0.4855325784406754,Incremental
SKG_SA_256,2018,SKG,SA,0.3316536664205849,0.8130081300813008,-0.4813544636607159,Incremental
SKG_SA_203,2018,SKG,SA,0.4239600382060274,0.8194444444444444,-0.395484406238417,Incremental
SKG_SA_222,2018,SKG,SA,0.3200673363056729,0.7744360902255639,-0.454368753919891,Incremental
SKG_SA_169,2018,SKG,SA,0.3333652674060864,0.6850393700787402,-0.35167410267265375,Disruptive
SKG_MT_558,2018,SKG,MT,0.4552766364725514,0.6526315789473685,-0.19735494247481705,Disruptive
SKG_MT_559,2018,SKG,MT,0.3449167349086176,0.7058823529411765,-0.36096561803255894,Disruptive
SKG_MT_566,2018,SKG,MT,0.3700712647343285,0.7894736842105263,-0.41940241947619783,Incremental
SKG_MT_82,2018,SKG,MT,0.3758537515463768,0.8214285714285714,-0.4455748198821946,Incremental
SKG_MT_83,2018,SKG,MT,0.3246648648750171,0.7931034482758621,-0.468438583400845,Incremental
SKG_MT_86,2018,SKG,MT,0.3711719616216051,0.7272727272727273,-0.3561007656511222,Disruptive
SKG_QA_202,2018,SKG,QA,0.3442428276992417,0.7567567567567568,-0.4125139290575151,Incremental
SKG_PAR_68,2018,SKG,PAR,0.4732287158218042,0.6898148148148148,-0.21658609899301057,Disruptive
SKG_MT_532,2018,SKG,MT,0.4762004864403417,0.6363636363636364,-0.16016314992329467,Disruptive
SKG_DIA_1,2018,SKG,DIA,0.2727823094391381,0.603448275862069,-0.33066596642293083,Disruptive
SKG_SA_324,2018,SKG,SA,0.3011970065664036,0.839622641509434,-0.5384256349430304,Incremental
SKG_MT_855,2018,SKG,MT,0.3080458609260387,0.7627118644067796,-0.45466600348074093,Incremental
SKG_MT_862,2018,SKG,MT,0.3753487672248824,0.8,-0.4246512327751176,Incremental
SKG_SA_326,2018,SKG,SA,0.3285379489013689,0.8072916666666666,-0.47875371776529774,Incremental
SKG_SA_327,2018,SKG,SA,0.3210806597832784,0.7842465753424658,-0.4631659155591874,Incremental
SKG_SA_314,2018,SKG,SA,0.2857171393547708,0.8160919540229885,-0.5303748146682177,Incremental
SKG_MT_822,2018,SKG,MT,0.3557222817268113,0.7045454545454546,-0.3488231728186433,Disruptive
SKG_MT_825,2018,SKG,MT,0.3361638210518073,0.7990196078431373,-0.46285578679133,Incremental
SKG_MT_831,2018,SKG,MT,0.283738681198633,0.7154471544715447,-0.43170847327291173,Incremental
SKG_MT_540,2018,SKG,MT,0.2755737057381968,0.7818181818181819,-0.5062444760799851,Incremental
SKG_MT_96,2018,SKG,MT,0.297893879010737,0.7383177570093458,-0.44042387799860877,Incremental
SKG_QA_166,2018,SKG,QA,0.3128026768584748,0.8426966292134831,-0.5298939523550084,Incremental
SKG_QA_169,2018,SKG,QA,0.3521653748382995,0.7653061224489796,-0.41314074761068004,Incremental
SKG_QA_176,2018,SKG,QA,0.3725300123711775,0.6336633663366337,-0.26113335396545617,Disruptive
SKG_QA_177,2018,SKG,QA,0.2934564431889198,0.7746478873239436,-0.48119144413502385,Incremental
SKG_MT_502,2018,SKG,MT,0.3580676218726414,0.6304347826086957,-0.27236716073605427,Disruptive
SKG_MT_505,2018,SKG,MT,0.3379677624306929,0.6089743589743589,-0.27100659654366605,Disruptive
SKG_MT_507,2018,SKG,MT,0.2516839662684003,0.6875,-0.4358160337315997,Incremental
SKG_MT_516,2018,SKG,MT,0.269479317074973,0.75,-0.480520682925027,Incremental
SKG_DIA_287,2018,SKG,DIA,0.522029122844825,1.0,-0.47797087715517494,Incremental
SKG_SA_411,2018,SKG,SA,0.4502717889861469,0.7631578947368421,-0.31288610575069525,Disruptive
SKG_DIA_316,2018,SKG,DIA,0.4344123166645031,0.9285714285714286,-0.4941591119069255,Incremental
SKG_SA_367,2018,SKG,SA,0.2769140485357514,0.7959183673469388,-0.5190043188111874,Incremental
SKG_SA_381,2018,SKG,SA,0.2663795528211926,0.6875,-0.4211204471788074,Incremental
SKG_PAR_38,2018,SKG,PAR,0.4536100810811173,0.8666666666666667,-0.4130565855855494,Incremental
SKG_PAR_39,2018,SKG,PAR,0.4423203830835676,0.6808510638297872,-0.23853068074621964,Disruptive
SKG_PAR_42,2018,SKG,PAR,0.2901714750066574,0.7796610169491526,-0.48948954194249517,Incremental
SKG_QA_124,2018,SKG,QA,0.3549096537480367,0.6666666666666666,-0.31175701291862995,Disruptive
SKG_QA_127,2018,SKG,QA,0.3198854148062385,0.7222222222222222,-0.4023368074159837,Incremental
SKG_QA_133,2018,SKG,QA,0.2668375338232007,0.8396946564885496,-0.5728571226653489,Incremental
SKG_QA_136,2018,SKG,QA,0.3130493219216096,0.8108108108108109,-0.49776148888920124,Incremental
SKG_MT_138,2018,SKG,MT,0.354412006927049,0.8013245033112583,-0.44691249638420927,Incremental
SKG_DIA_238,2018,SKG,DIA,0.4738693723875161,0.675,-0.20113062761248396,Disruptive
SKG_DIA_243,2018,SKG,DIA,0.3473051091623663,0.8483412322274881,-0.5010361230651219,Incremental
SKG_DIA_259,2018,SKG,DIA,0.3115575585895922,0.8161764705882353,-0.5046189119986431,Incremental
SKG_DIA_280,2018,SKG,DIA,0.3035348460186227,0.8695652173913043,-0.5660303713726816,Incremental
SKG_DIA_285,2018,SKG,DIA,0.2982380449660962,0.7719298245614035,-0.4736917795953073,Incremental
SKG_MT_1291,2018,SKG,MT,0.2900282000452064,0.6041666666666666,-0.3141384666214602,Disruptive
SKG_PAR_76,2018,SKG,PAR,0.3496875430274988,0.788235294117647,-0.4385477510901482,Incremental
SKG_PAR_86,2018,SKG,PAR,0.2604767467760073,0.7979094076655052,-0.5374326608894979,Incremental
SKG_PAR_88,2018,SKG,PAR,0.442286735042341,0.6976744186046512,-0.2553876835623102,Disruptive
SKG_MT_143,2018,SKG,MT,0.3238217668721704,0.7727272727272727,-0.4489055058551023,Incremental
SKG_MT_155,2018,SKG,MT,0.2822143054561684,0.684931506849315,-0.40271720139314665,Incremental
SKG_QA_60,2018,SKG,QA,0.3273442483595626,0.7604166666666666,-0.433072418307104,Incremental
SKG_QA_71,2018,SKG,QA,0.2957647099423551,0.803921568627451,-0.508156858685096,Incremental
SKG_QA_72,2018,SKG,QA,0.2618940540507707,0.8050847457627118,-0.5431906917119411,Incremental
SKG_QA_87,2018,SKG,QA,0.2798345650563599,0.7165775401069518,-0.43674297505059195,Incremental
SKG_MT_1271,2018,SKG,MT,0.3650117563028421,0.7395833333333334,-0.37457157703049127,Disruptive
SKG_MT_1278,2018,SKG,MT,0.3042023551980182,0.7607655502392344,-0.45656319504121623,Incremental
SKG_MT_941,2018,SKG,MT,0.3487745059092227,0.7727272727272727,-0.42395276681805,Incremental
SKG_DIA_219,2018,SKG,DIA,0.3191307954132959,0.8114285714285714,-0.49229777601527547,Incremental
SKG_DIA_222,2018,SKG,DIA,0.2785638240125606,0.6458333333333334,-0.3672695093207728,Disruptive
SKG_SA_459,2018,SKG,SA,0.2840470095791596,0.6341463414634146,-0.350099331884255,Disruptive
SKG_MT_909,2018,SKG,MT,0.4321625238550375,0.7128712871287128,-0.28070876327367533,Disruptive
SKG_MT_916,2018,SKG,MT,0.3438188273974343,0.7425742574257426,-0.39875543002830827,Incremental
SKG_MT_452,2018,SKG,MT,0.3213238897576649,0.7948717948717948,-0.4735479051141299,Incremental
SKG_MT_472,2018,SKG,MT,0.3111186567213159,0.7657657657657657,-0.4546471090444498,Incremental
SKG_MT_473,2018,SKG,MT,0.3521653123924368,0.7653061224489796,-0.41314081005654274,Incremental
SKG_MT_158,2018,SKG,MT,0.2552990802870785,0.611764705882353,-0.3564656255952745,Disruptive
SKG_MT_183,2018,SKG,MT,0.3477570268961126,0.6419753086419753,-0.2942182817458627,Disruptive
SKG_QA_36,2018,SKG,QA,0.2961887204533523,0.8235294117647058,-0.5273406913113535,Incremental
SKG_QA_38,2018,SKG,QA,0.3287032057402078,0.6575342465753424,-0.32883104083513465,Disruptive
SKG_QA_40,2018,SKG,QA,0.28064398229023,0.8108108108108109,-0.5301668285205808,Incremental
SKG_PAR_102,2018,SKG,PAR,0.3057110013191866,0.8241758241758241,-0.5184648228566375,Incremental
SKG_MT_952,2018,SKG,MT,0.325140705031351,0.7151162790697675,-0.3899755740384165,Incremental
SKG_DIA_179,2018,SKG,DIA,0.4028183492551203,0.8333333333333334,-0.4305149840782131,Incremental
SKG_SA_487,2018,SKG,SA,0.3376450554108904,0.7375886524822695,-0.39994359707137905,Incremental
SKG_SA_488,2018,SKG,SA,0.4805915453174073,0.8066666666666666,-0.32607512134925937,Disruptive
SKG_SA_496,2018,SKG,SA,0.3141948745008661,0.7659574468085106,-0.45176257230764455,Incremental
SKG_SA_503,2018,SKG,SA,0.2800599287390637,0.8031088082901554,-0.5230488795510917,Incremental
SKG_MT_920,2018,SKG,MT,0.3253023557229785,0.5040650406504065,-0.17876268492742797,Disruptive
SKG_MT_925,2018,SKG,MT,0.3011715183575361,0.6923076923076923,-0.3911361739501562,Incremental
SKG_DIA_127,2018,SKG,DIA,0.2884886017111371,0.7025641025641025,-0.4140755008529654,Incremental
SKG_DIA_128,2018,SKG,DIA,0.5006078338744041,0.7910447761194029,-0.29043694224499883,Disruptive
SKG_DIA_137,2018,SKG,DIA,0.3145561579161043,0.7637795275590551,-0.4492233696429508,Incremental
SKG_DIA_141,2018,SKG,DIA,0.3687067833434665,0.6407766990291263,-0.27206991568565975,Disruptive
SKG_SA_547,2018,SKG,SA,0.371468346733665,0.6981132075471698,-0.32664486081350474,Disruptive
SKG_SA_549,2018,SKG,SA,0.464291605449489,0.8043478260869565,-0.34005622063746754,Disruptive
SKG_SA_551,2018,SKG,SA,0.3513969751256189,0.8404255319148937,-0.48902855678927476,Incremental
SKG_SA_552,2018,SKG,SA,0.3213074787760102,0.7151162790697675,-0.3938088002937573,Incremental
SKG_DIA_156,2018,SKG,DIA,0.4995115642424544,0.6481481481481481,-0.14863658390569373,Disruptive
SKG_DIA_160,2018,SKG,DIA,0.3080577968874777,0.7386363636363636,-0.43057856674888595,Incremental
SKG_DIA_166,2018,SKG,DIA,0.5758034630720035,0.7708333333333334,-0.1950298702613299,Disruptive
SKG_DIA_173,2018,SKG,DIA,0.2609482534867169,0.7848101265822784,-0.5238618730955615,Incremental
SKG_PAR_114,2018,SKG,PAR,0.281855224785061,0.7723214285714286,-0.4904662037863676,Incremental
SKG_MT_432,2018,SKG,MT,0.4914420103274812,0.76,-0.2685579896725188,Disruptive
SKG_MT_195,2018,SKG,MT,0.305813340529054,0.6842105263157895,-0.3783971857867355,Incremental
SKG_MT_197,2018,SKG,MT,0.3227447328370526,0.7111111111111111,-0.38836637827405857,Incremental
SKG_MT_403,2018,SKG,MT,0.3260775510325089,0.7722772277227723,-0.4461996766902634,Incremental
SKG_MT_412,2018,SKG,MT,0.3781287251484864,0.7254901960784313,-0.34736147092994496,Disruptive
SKG_MT_425,2018,SKG,MT,0.3222108393763404,0.79,-0.46778916062365966,Incremental
SKG_PAR_93,2018,SKG,PAR,0.373951683833596,0.7454545454545455,-0.3715028616209495,Disruptive
SKG_PAR_99,2018,SKG,PAR,0.2804158559292004,0.7073170731707317,-0.4269012172415313,Incremental
SKG_MT_223,2018,SKG,MT,0.500135012225418,0.6470588235294118,-0.1469238113039938,Disruptive
SKG_MT_240,2018,SKG,MT,0.3274106878144569,0.7027027027027027,-0.3752920148882458,Disruptive
SKG_PAR_214,2018,SKG,PAR,0.3302619650985702,0.7476635514018691,-0.41740158630329893,Incremental
SKG_PAR_222,2018,SKG,PAR,0.2943164777529282,0.82,-0.5256835222470717,Incremental
SKG_PAR_225,2018,SKG,PAR,0.3235034527184868,0.7966101694915254,-0.4731067167730386,Incremental
SKG_DIA_89,2018,SKG,DIA,0.3121243337390732,0.7128205128205128,-0.4006961790814396,Incremental
SKG_SA_602,2018,SKG,SA,0.3029763675325355,0.7484662576687117,-0.4454898901361762,Incremental
SKG_DIA_120,2018,SKG,DIA,0.3317349208341912,0.8172043010752689,-0.48546938024107766,Incremental
SKG_SA_558,2018,SKG,SA,0.2878732016057514,0.8235294117647058,-0.5356562101589544,Incremental
SKG_SA_584,2018,SKG,SA,0.3046602472244666,0.5925925925925926,-0.28793234536812595,Disruptive
SKG_SA_585,2018,SKG,SA,0.2864264016275546,0.7156862745098039,-0.4292598728822493,Incremental
SKG_MT_985,2018,SKG,MT,0.2687508948313764,0.7416666666666667,-0.4729157718352903,Incremental
SKG_MT_991,2018,SKG,MT,0.2855476912431837,0.7285714285714285,-0.44302373732824485,Incremental
SKG_MT_380,2018,SKG,MT,0.2928576718238131,0.7468354430379747,-0.45397777121416155,Incremental
SKG_MT_393,2018,SKG,MT,0.3079131748321443,0.8319327731092437,-0.5240195982770994,Incremental
SKG_PAR_191,2018,SKG,PAR,0.3082549052654484,0.6896551724137931,-0.38140026714834474,Incremental
SKG_PAR_192,2018,SKG,PAR,0.3065214171865147,0.7448979591836735,-0.4383765419971588,Incremental
SKG_MT_374,2018,SKG,MT,0.3133730469150725,0.7828571428571428,-0.4694840959420703,Incremental
SKG_MT_1203,2018,SKG,MT,0.3639818452975932,0.7681818181818182,-0.404199972884225,Incremental
SKG_DIA_54,2018,SKG,DIA,0.4876636371253791,0.6666666666666666,-0.17900302954128755,Disruptive
SKG_DIA_58,2018,SKG,DIA,0.5210541177965116,0.8013698630136986,-0.28031574521718705,Disruptive
SKG_SA_629,2018,SKG,SA,0.312592185000459,0.8064516129032258,-0.49385942790276677,Incremental
SKG_SA_631,2018,SKG,SA,0.3209486866736191,0.7216494845360825,-0.4007007978624634,Incremental
SKG_SA_632,2018,SKG,SA,0.2979282856239948,0.84,-0.5420717143760052,Incremental
SKG_SA_636,2018,SKG,SA,0.2176894127203388,0.7951807228915663,-0.5774913101712275,Incremental
SKG_MT_1223,2018,SKG,MT,0.3746509321551055,0.7244897959183674,-0.3498388637632619,Disruptive
SKG_MT_1020,2018,SKG,MT,0.3496442437897964,0.6346153846153846,-0.28497114082558817,Disruptive
SKG_MT_1026,2018,SKG,MT,0.2985972996907905,0.7445255474452555,-0.44592824775446493,Incremental
SKG_DIA_77,2018,SKG,DIA,0.3222549253378296,0.768,-0.4457450746621704,Incremental
SKG_MT_1049,2018,SKG,MT,0.314267641120089,0.7606837606837606,-0.44641611956367167,Incremental
SKG_MT_1054,2018,SKG,MT,0.2794279503848719,0.6638655462184874,-0.3844375958336155,Incremental
SKG_MT_1058,2018,SKG,MT,0.3379448237795599,0.6767676767676768,-0.3388228529881169,Disruptive
SKG_DIA_32,2018,SKG,DIA,0.3273442483595626,0.7604166666666666,-0.433072418307104,Incremental
SKG_DIA_34,2018,SKG,DIA,0.3266331875025492,0.7457627118644068,-0.4191295243618576,Incremental
SKG_SUM_46,2018,SKG,SUM,0.3313178219422491,0.7538461538461538,-0.4225283319039047,Incremental
SKG_SUM_54,2018,SKG,SUM,0.3165497264640973,0.7315436241610739,-0.4149938976969766,Incremental
SKG_MT_1038,2018,SKG,MT,0.2997893363243771,0.7272727272727273,-0.4274833909483502,Incremental
SKG_MT_1195,2018,SKG,MT,0.4073411060603904,0.95,-0.5426588939396095,Incremental
SKG_PAR_117,2018,SKG,PAR,0.2900299593564976,0.722972972972973,-0.4329430136164754,Incremental
SKG_MT_281,2018,SKG,MT,0.3329721265180712,0.75,-0.4170278734819288,Incremental
SKG_MT_293,2018,SKG,MT,0.2766993089395203,0.6377952755905512,-0.36109596665103083,Disruptive
SKG_PAR_151,2018,SKG,PAR,0.3353296525636808,0.7966101694915254,-0.4612805169278446,Incremental
SKG_PAR_152,2018,SKG,PAR,0.3429840619421782,0.7342657342657343,-0.3912816723235561,Incremental
SKG_PAR_155,2018,SKG,PAR,0.3467414043313505,0.8181818181818182,-0.47144041385046775,Incremental
SKG_PAR_161,2018,SKG,PAR,0.2925923170183917,0.723404255319149,-0.43081193830075726,Incremental
SKG_PAR_168,2018,SKG,PAR,0.3094608281614099,0.8067226890756303,-0.49726186091422037,Incremental
SKG_SUM_114,2018,SKG,SUM,0.3119041248558064,0.8260869565217391,-0.5141828316659327,Incremental
SKG_MT_1107,2018,SKG,MT,0.3645360443379898,0.6363636363636364,-0.27182759202564655,Disruptive
SKG_MT_1109,2018,SKG,MT,0.3253248507190999,0.7291666666666666,-0.40384181594756674,Incremental
SKG_SUM_133,2018,SKG,SUM,0.3289733460854927,0.7835051546391752,-0.4545318085536825,Incremental
SKG_SUM_132,2018,SKG,SUM,0.2788055694611171,0.8,-0.5211944305388829,Incremental
SKG_SUM_176,2018,SKG,SUM,0.2735154903494093,0.8529411764705882,-0.5794256861211788,Incremental
SKG_SUM_167,2018,SKG,SUM,0.3397462631579871,0.8302752293577982,-0.49052896619981107,Incremental
SKG_MT_1110,2018,SKG,MT,0.3117895716295736,0.8360655737704918,-0.5242760021409183,Incremental
SKG_SUM_165,2018,SKG,SUM,0.2586904788734959,0.74,-0.4813095211265041,Incremental
SKG_SUM_164,2018,SKG,SUM,0.244428214885038,0.75,-0.505571785114962,Incremental
SKG_SUM_163,2018,SKG,SUM,0.4729224813749077,0.7552447552447552,-0.2823222738698475,Disruptive
SKG_MT_1113,2018,SKG,MT,0.4859436851256278,0.7236842105263158,-0.23774052540068802,Disruptive
SKG_QA_29,2019,SKG,QA,0.485747794218501,0.7300884955752213,-0.24434070135672026,Disruptive
SKG_QA_30,2019,SKG,QA,0.500933672175777,0.7735849056603774,-0.2726512334846004,Disruptive
SKG_MT_213,2019,SKG,MT,0.2936902147851972,0.8037383177570093,-0.5100481029718121,Incremental
SKG_MT_214,2019,SKG,MT,0.3386913457585521,0.6842105263157895,-0.3455191805572374,Disruptive
SKG_MT_222,2019,SKG,MT,0.3046524755082828,0.7164179104477612,-0.41176543493947837,Incremental
SKG_MT_232,2019,SKG,MT,0.2962722381292645,0.7419354838709677,-0.44566324574170324,Incremental
SKG_MT_235,2019,SKG,MT,0.518790003332451,0.754601226993865,-0.23581122366141405,Disruptive
SKG_MT_242,2019,SKG,MT,0.3472830582521345,0.625,-0.2777169417478655,Disruptive
SKG_MT_248,2019,SKG,MT,0.285693363910291,0.6764705882352942,-0.39077722432500317,Incremental
SKG_MT_249,2019,SKG,MT,0.3075186797326933,0.7528089887640449,-0.4452903090313516,Incremental
SKG_QA_50,2019,SKG,QA,0.4453372682586766,0.6767676767676768,-0.2314304085090002,Disruptive
SKG_QA_51,2019,SKG,QA,0.4978390267128597,0.7420634920634921,-0.2442244653506324,Disruptive
SKG_QA_55,2019,SKG,QA,0.5054561365460388,0.684931506849315,-0.1794753703032762,Disruptive
SKG_MT_189,2019,SKG,MT,0.3333464973636463,0.7924528301886793,-0.459106332825033,Incremental
SKG_MT_75,2019,SKG,MT,0.2875470012426008,0.7622950819672131,-0.4747480807246123,Incremental
SKG_MT_95,2019,SKG,MT,0.5059881232411167,0.7048192771084337,-0.19883115386731698,Disruptive
SKG_DIA_0,2019,SKG,DIA,0.3172858452031685,0.7949640287769785,-0.47767818357381,Incremental
SKG_DIA_4,2019,SKG,DIA,0.3511895737735311,0.7403846153846154,-0.3891950416110843,Incremental
SKG_DIA_6,2019,SKG,DIA,0.3034857442705609,0.7415730337078652,-0.4380872894373043,Incremental
SKG_DIA_8,2019,SKG,DIA,0.4610796983402391,0.8125,-0.3514203016597609,Disruptive
SKG_SUM_124,2019,SKG,SUM,0.3508984961347574,0.8717948717948718,-0.5208963756601144,Incremental
SKG_SUM_125,2019,SKG,SUM,0.5007749943936566,0.6264367816091954,-0.12566178721553878,Disruptive
SKG_SUM_126,2019,SKG,SUM,0.4269053886246268,0.0,0.4269053886246268,Disruptive
SKG_SUM_127,2019,SKG,SUM,0.4820674583395646,0.6935483870967742,-0.21148092875720964,Disruptive
SKG_SUM_149,2019,SKG,SUM,0.3477762826159611,0.704,-0.35622371738403885,Disruptive
SKG_SUM_153,2019,SKG,SUM,0.560538478987258,0.6666666666666666,-0.10612818767940868,Disruptive
SKG_SUM_156,2019,SKG,SUM,0.2881249957416263,0.7575757575757576,-0.46945076183413126,Incremental
SKG_SUM_159,2019,SKG,SUM,0.5283556450943785,0.8238095238095238,-0.2954538787151453,Disruptive
SKG_SUM_161,2019,SKG,SUM,0.3616671180293583,0.6935483870967742,-0.33188126906741594,Disruptive
SKG_SUM_168,2019,SKG,SUM,0.4859257041133242,0.768,-0.2820742958866758,Disruptive
SKG_SUM_169,2019,SKG,SUM,0.3055027947652939,0.6836734693877551,-0.3781706746224612,Disruptive
SKG_QA_27,2019,SKG,QA,0.5363840516984328,0.6212121212121212,-0.08482806951368838,Disruptive
SKG_DIA_36,2019,SKG,DIA,0.502199107802363,0.753731343283582,-0.25153223548121906,Disruptive
SKG_DIA_44,2019,SKG,DIA,0.270963299130152,0.7741935483870968,-0.5032302492569447,Incremental
SKG_DIA_50,2019,SKG,DIA,0.3497622088803197,0.7555555555555555,-0.4057933466752358,Incremental
SKG_SUM_37,2019,SKG,SUM,0.468054340433082,0.7,-0.23194565956691798,Disruptive
SKG_SUM_47,2019,SKG,SUM,0.3521182200755442,0.8378378378378378,-0.4857196177622936,Incremental
SKG_MT_1185,2019,SKG,MT,0.3740352970412509,0.75,-0.3759647029587491,Disruptive
SKG_MT_1192,2019,SKG,MT,0.3373056286060742,0.7319587628865979,-0.3946531342805237,Incremental
SKG_MT_1196,2019,SKG,MT,0.4545301390472964,0.6435643564356436,-0.1890342173883472,Disruptive
SKG_MT_1197,2019,SKG,MT,0.3124000357017611,0.7567567567567568,-0.4443567210549957,Incremental
SKG_MT_1198,2019,SKG,MT,0.2623746244895848,0.75,-0.4876253755104152,Incremental
SKG_MT_1043,2019,SKG,MT,0.2917807943622629,0.6372549019607843,-0.3454741075985214,Disruptive
SKG_MT_1066,2019,SKG,MT,0.3867079429596053,0.7272727272727273,-0.340564784313122,Disruptive
SKG_MT_1070,2019,SKG,MT,0.2894633740660617,0.8048780487804879,-0.5154146747144261,Incremental
SKG_MT_1083,2019,SKG,MT,0.4894885099532373,0.7807017543859649,-0.2912132444327276,Disruptive
SKG_DIA_23,2019,SKG,DIA,0.2511507773851719,0.7037037037037037,-0.45255292631853183,Incremental
SKG_DIA_27,2019,SKG,DIA,0.3036083102891496,0.8421052631578947,-0.5384969528687451,Incremental
SKG_SUM_58,2019,SKG,SUM,0.2516620608969898,0.691358024691358,-0.4396959637943682,Incremental
SKG_DIA_51,2019,SKG,DIA,0.5349131312183475,0.7185185185185186,-0.18360538730017106,Disruptive
SKG_DIA_62,2019,SKG,DIA,0.2826297793417396,0.7938931297709924,-0.5112633504292527,Incremental
SKG_DIA_66,2019,SKG,DIA,0.328566713709406,0.6989247311827957,-0.37035801747338976,Disruptive
SKG_MT_1011,2019,SKG,MT,0.3513921731121017,0.7094594594594594,-0.35806728634735774,Disruptive
SKG_MT_1012,2019,SKG,MT,0.4795091160409417,0.6951219512195121,-0.21561283517857044,Disruptive
SKG_MT_1016,2019,SKG,MT,0.3638125378089848,0.7567567567567568,-0.392944218947772,Incremental
SKG_MT_1216,2019,SKG,MT,0.3754182485388926,0.7540983606557377,-0.37868011211684505,Incremental
SKG_MT_1217,2019,SKG,MT,0.3780481987930244,0.5869565217391305,-0.20890832294610606,Disruptive
SKG_MT_1022,2019,SKG,MT,0.3169534011703277,0.6804733727810651,-0.3635199716107374,Disruptive
SKG_MT_1028,2019,SKG,MT,0.3456533016895059,0.780373831775701,-0.43472053008619504,Incremental
SKG_MT_1031,2019,SKG,MT,0.5393364272765214,0.6293706293706294,-0.09003420209410795,Disruptive
SKG_MT_1184,2019,SKG,MT,0.2669818282928428,0.7445652173913043,-0.47758338909846154,Incremental
SKG_SUM_73,2019,SKG,SUM,0.2006030675888445,0.7457627118644068,-0.5451596442755623,Incremental
SKG_SUM_79,2019,SKG,SUM,0.5301745222953119,0.75,-0.21982547770468808,Disruptive
SKG_DIA_30,2019,SKG,DIA,0.4878318004368288,0.7526881720430108,-0.264856371606182,Disruptive
SKG_DIA_76,2019,SKG,DIA,0.5417967853646027,0.6597222222222222,-0.11792543685761947,Disruptive
SKG_DIA_84,2019,SKG,DIA,0.3472206486421094,0.8225806451612904,-0.475359996519181,Incremental
SKG_DIA_90,2019,SKG,DIA,0.3049044544522091,0.6833333333333333,-0.37842887888112425,Incremental
SKG_DIA_96,2019,SKG,DIA,0.5126419336119767,0.7464788732394366,-0.23383693962745988,Disruptive
SKG_SA_623,2019,SKG,SA,0.2979821356365023,0.7849462365591398,-0.4869641009226375,Incremental
SKG_SA_628,2019,SKG,SA,0.4863888708390659,0.7518248175182481,-0.26543594667918224,Disruptive
SKG_SUM_21,2019,SKG,SUM,0.5098753247234294,0.6600985221674877,-0.1502231974440582,Disruptive
SKG_SUM_30,2019,SKG,SUM,0.2468237970557195,0.7741935483870968,-0.5273697513313773,Incremental
SKG_SUM_31,2019,SKG,SUM,0.4945285559728888,0.7604562737642585,-0.2659277177913697,Disruptive
SKG_MT_1241,2019,SKG,MT,0.4743665055537467,0.5694444444444444,-0.09507793889069771,Disruptive
SKG_MT_970,2019,SKG,MT,0.5016814510907185,0.6224489795918368,-0.12076752850111827,Disruptive
SKG_MT_987,2019,SKG,MT,0.323998539096496,0.7619047619047619,-0.43790622280826585,Incremental
SKG_MT_992,2019,SKG,MT,0.5357636889067896,0.7954545454545454,-0.2596908565477558,Disruptive
SKG_MT_998,2019,SKG,MT,0.3514692821760898,0.7843137254901961,-0.43284444331410626,Incremental
SKG_SUM_51,2019,SKG,SUM,0.5273818058576236,0.735,-0.20761819414237637,Disruptive
SKG_SUM_57,2019,SKG,SUM,0.5054596081735876,0.6774193548387096,-0.17195974666512204,Disruptive
SKG_DIA_139,2019,SKG,DIA,0.2713033314089729,0.7534246575342466,-0.4821213261252737,Incremental
SKG_DIA_147,2019,SKG,DIA,0.513724014928143,0.690677966101695,-0.17695395117355195,Disruptive
SKG_DIA_149,2019,SKG,DIA,0.3533604034311127,0.762962962962963,-0.40960255953185026,Incremental
SKG_DIA_150,2019,SKG,DIA,0.5208320277163,0.7657657657657657,-0.24493373804946572,Disruptive
SKG_SA_587,2019,SKG,SA,0.3839383569069167,0.7741935483870968,-0.39025519148018006,Incremental
SKG_SA_598,2019,SKG,SA,0.5288834248718121,0.7525773195876289,-0.2236938947158168,Disruptive
SKG_SA_610,2019,SKG,SA,0.498533607065008,0.6544117647058824,-0.15587815764087437,Disruptive
SKG_DIA_106,2019,SKG,DIA,0.3103833925650257,0.7280701754385965,-0.41768678287357086,Incremental
SKG_DIA_111,2019,SKG,DIA,0.3062758093598372,0.9,-0.5937241906401628,Incremental
SKG_DIA_113,2019,SKG,DIA,0.3152353685939664,0.6875,-0.3722646314060336,Disruptive
SKG_MT_1261,2019,SKG,MT,0.3283584497867196,0.6395348837209303,-0.3111764339342107,Disruptive
SKG_MT_1267,2019,SKG,MT,0.2957144702689253,0.6507936507936508,-0.35507918052472554,Disruptive
SKG_MT_1285,2019,SKG,MT,0.3015218824839964,0.8876404494382022,-0.5861185669542057,Incremental
SKG_MT_951,2019,SKG,MT,0.3365487071466286,0.7428571428571429,-0.4063084357105143,Incremental
SKG_MT_953,2019,SKG,MT,0.3314361527117228,0.76,-0.42856384728827723,Incremental
SKG_MT_1234,2019,SKG,MT,0.2844874440283381,0.7524752475247525,-0.4679878034964144,Incremental
SKG_DIA_168,2019,SKG,DIA,0.2725194149964131,0.6901408450704225,-0.4176214300740094,Incremental
SKG_SA_516,2019,SKG,SA,0.3421181702781797,0.6587301587301587,-0.316611988451979,Disruptive
SKG_MT_1296,2019,SKG,MT,0.4831203313830279,0.6372549019607843,-0.15413457057775637,Disruptive
SKG_MT_1301,2019,SKG,MT,0.5469951646637786,0.6851851851851852,-0.1381900205214066,Disruptive
SKG_MT_896,2019,SKG,MT,0.3385426006041878,0.6507936507936508,-0.31225105018946303,Disruptive
SKG_MT_902,2019,SKG,MT,0.498353864616695,0.7022900763358778,-0.2039362117191828,Disruptive
SKG_MT_904,2019,SKG,MT,0.5194909778203907,0.6770186335403726,-0.15752765571998195,Disruptive
SKG_MT_918,2019,SKG,MT,0.3514266645084667,0.7572815533980582,-0.40585488888959154,Incremental
SKG_MT_921,2019,SKG,MT,0.4858011057377183,0.7349397590361446,-0.24913865329842633,Disruptive
SKG_MT_933,2019,SKG,MT,0.3112456189001713,0.6290322580645161,-0.31778663916434485,Disruptive
SKG_MT_935,2019,SKG,MT,0.3295588774388213,0.6551724137931034,-0.32561353635428214,Disruptive
SKG_DIA_123,2019,SKG,DIA,0.2694295749139081,0.8041666666666667,-0.5347370917527585,Incremental
SKG_SA_555,2019,SKG,SA,0.5343241601590378,0.8571428571428571,-0.32281869698381926,Disruptive
SKG_SA_576,2019,SKG,SA,0.3200549394340688,0.7834394904458599,-0.4633845510117911,Incremental
SKG_SA_581,2019,SKG,SA,0.3370889726376753,0.6341463414634146,-0.29705736882573935,Disruptive
SKG_DIA_129,2019,SKG,DIA,0.4828166187375964,0.6808510638297872,-0.19803444509219081,Disruptive
SKG_DIA_202,2019,SKG,DIA,0.3320708613918739,0.6956521739130435,-0.36358131252116954,Disruptive
SKG_MT_837,2019,SKG,MT,0.3362759063725987,0.7829457364341085,-0.4466698300615098,Incremental
SKG_MT_843,2019,SKG,MT,0.3289702037235182,0.7473684210526316,-0.41839821732911336,Incremental
SKG_MT_846,2019,SKG,MT,0.3317834380889344,0.8289473684210527,-0.49716393033211825,Incremental
SKG_MT_852,2019,SKG,MT,0.2870297695012229,0.7730496453900709,-0.48601987588884804,Incremental
SKG_MT_856,2019,SKG,MT,0.4972361935734578,0.7246376811594203,-0.22740148758596251,Disruptive
SKG_MT_857,2019,SKG,MT,0.3347081358386999,0.7323943661971831,-0.3976862303584832,Incremental
SKG_MT_864,2019,SKG,MT,0.3439662350267939,0.7451923076923077,-0.4012260726655138,Incremental
SKG_MT_871,2019,SKG,MT,0.2998595041615223,0.639344262295082,-0.3394847581335597,Disruptive
SKG_MT_875,2019,SKG,MT,0.3173389524200488,0.7225806451612903,-0.4052416927412415,Incremental
SKG_MT_876,2019,SKG,MT,0.3872375844820773,0.743801652892562,-0.35656406841048466,Disruptive
SKG_MT_883,2019,SKG,MT,0.5001726494795455,0.7477477477477478,-0.24757509826820223,Disruptive
SKG_SA_541,2019,SKG,SA,0.3662148811692476,0.7037037037037037,-0.3374888225344561,Disruptive
SKG_SA_543,2019,SKG,SA,0.5086017536864922,0.6971830985915493,-0.18858134490505707,Disruptive
SKG_SA_553,2019,SKG,SA,0.3133071876502119,0.0,0.3133071876502119,Disruptive
SKG_DIA_164,2019,SKG,DIA,0.5391978723216644,0.7788461538461539,-0.23964828152448947,Disruptive
SKG_SA_446,2019,SKG,SA,0.3338639571048073,0.7580645161290323,-0.42420055902422493,Incremental
SKG_SA_455,2019,SKG,SA,0.5032701156606929,0.6956521739130435,-0.19238205825235055,Disruptive
SKG_MT_336,2019,SKG,MT,0.5280254162887958,0.6970954356846473,-0.16907001939585142,Disruptive
SKG_MT_508,2019,SKG,MT,0.5100247431342582,0.782608695652174,-0.2725839525179158,Disruptive
SKG_MT_608,2019,SKG,MT,0.3435246197381043,0.7948717948717948,-0.45134717513369055,Incremental
SKG_MT_1061,2019,SKG,MT,0.2986435909175027,0.7906976744186046,-0.4920540835011019,Incremental
SKG_MT_1275,2019,SKG,MT,0.3373640393707465,0.6216216216216216,-0.2842575822508751,Disruptive
SKG_MT_830,2019,SKG,MT,0.3726484710283252,0.7670454545454546,-0.3943969835171294,Incremental
SKG_MT_1321,2019,SKG,MT,0.2759864841719177,0.652542372881356,-0.3765558887094383,Disruptive
SKG_SA_521,2019,SKG,SA,0.278969886562393,0.6428571428571429,-0.3638872562947499,Disruptive
SKG_SA_525,2019,SKG,SA,0.2389742222554397,0.7132867132867133,-0.4743124910312736,Incremental
SKG_DIA_178,2019,SKG,DIA,0.3526035404313756,0.7727272727272727,-0.4201237322958971,Incremental
SKG_DIA_188,2019,SKG,DIA,0.5220938445304245,0.9318181818181818,-0.40972433728775726,Incremental
SKG_DIA_193,2019,SKG,DIA,0.3366921031513523,0.734375,-0.3976828968486477,Incremental
SKG_DIA_196,2019,SKG,DIA,0.4958713041789779,0.6627906976744186,-0.16691939349544066,Disruptive
SKG_DIA_200,2019,SKG,DIA,0.4285125178363982,0.9047619047619048,-0.47624938692550656,Incremental
SKG_DIA_234,2019,SKG,DIA,0.2969394521126918,0.7397260273972602,-0.44278657528456844,Incremental
SKG_DIA_247,2019,SKG,DIA,0.3272794680858693,0.6727272727272727,-0.34544780464140346,Disruptive
SKG_DIA_257,2019,SKG,DIA,0.4990941649094831,0.6911764705882353,-0.19208230567875217,Disruptive
SKG_DIA_261,2019,SKG,DIA,0.3266481873607706,0.7067307692307693,-0.38008258186999866,Incremental
SKG_MT_783,2019,SKG,MT,0.3432367649867851,0.875,-0.5317632350132149,Incremental
SKG_MT_1350,2019,SKG,MT,0.3449637020385002,0.7294117647058823,-0.38444806266738213,Incremental
SKG_MT_1357,2019,SKG,MT,0.3378641416997552,0.696,-0.35813585830024475,Disruptive
SKG_MT_1358,2019,SKG,MT,0.3267345429285101,0.7040816326530612,-0.3773470897245511,Disruptive
SKG_MT_1371,2019,SKG,MT,0.3403783605781771,0.806060606060606,-0.4656822454824289,Incremental
SKG_MT_792,2019,SKG,MT,0.3877313646790404,0.6692913385826772,-0.2815599739036368,Disruptive
SKG_MT_804,2019,SKG,MT,0.4149527758036901,0.6582278481012658,-0.24327507229757567,Disruptive
SKG_MT_808,2019,SKG,MT,0.2999898490830956,0.7913043478260869,-0.4913144987429913,Incremental
SKG_DIA_203,2019,SKG,DIA,0.491551339953143,0.6976744186046512,-0.2061230786515082,Disruptive
SKG_SA_479,2019,SKG,SA,0.4902996924029892,0.7388059701492538,-0.24850627774626455,Disruptive
SKG_DIA_225,2019,SKG,DIA,0.2989532351530348,0.8144329896907216,-0.5154797545376868,Incremental
SKG_DIA_227,2019,SKG,DIA,0.4903462189787477,0.7857142857142857,-0.295368066735538,Disruptive
SKG_SA_436,2019,SKG,SA,0.377389164097142,0.75,-0.372610835902858,Disruptive
SKG_SA_440,2019,SKG,SA,0.2938875369432887,0.7582417582417582,-0.46435422129846954,Incremental
SKG_SA_444,2019,SKG,SA,0.5022711579481858,0.6756756756756757,-0.17340451772748988,Disruptive
SKG_DIA_276,2019,SKG,DIA,0.4938197576577058,0.7365269461077845,-0.24270718845007866,Disruptive
SKG_DIA_277,2019,SKG,DIA,0.4874886730553324,0.8367346938775511,-0.3492460208222187,Disruptive
SKG_DIA_279,2019,SKG,DIA,0.2834791366132932,0.7799043062200957,-0.49642516960680244,Incremental
SKG_DIA_282,2019,SKG,DIA,0.2816925291021817,0.7093023255813954,-0.4276097964792137,Incremental
SKG_DIA_284,2019,SKG,DIA,0.3060202616596862,0.7719298245614035,-0.46590956290171726,Incremental
SKG_MT_765,2019,SKG,MT,0.2592148556561591,0.8048780487804879,-0.5456631931243288,Incremental
SKG_MT_1374,2019,SKG,MT,0.3129875339666518,0.7677419354838709,-0.45475440151721913,Incremental
SKG_MT_1389,2019,SKG,MT,0.5300776421243343,0.6724137931034483,-0.142336150979114,Disruptive
SKG_MT_1397,2019,SKG,MT,0.2945360362573707,0.796875,-0.5023389637426293,Incremental
SKG_MT_1398,2019,SKG,MT,0.3376024675108241,0.6987951807228916,-0.3611927132120675,Disruptive
SKG_MT_773,2019,SKG,MT,0.4329788777450004,0.6,-0.1670211222549996,Disruptive
SKG_MT_780,2019,SKG,MT,0.3398748976751172,0.7241379310344828,-0.38426303335936557,Incremental
SKG_SA_464,2019,SKG,SA,0.2906933693416997,0.7435897435897436,-0.4528963742480439,Incremental
SKG_DIA_304,2019,SKG,DIA,0.2811253977594716,0.7333333333333333,-0.4522079355738617,Incremental
SKG_DIA_308,2019,SKG,DIA,0.3417292623199706,0.8020833333333334,-0.4603540710133628,Incremental
SKG_DIA_313,2019,SKG,DIA,0.5557033547802075,0.9032258064516128,-0.3475224516714053,Disruptive
SKG_MT_1404,2019,SKG,MT,0.3140019920823218,0.7372881355932204,-0.42328614351089855,Incremental
SKG_MT_1405,2019,SKG,MT,0.3182399750645791,0.660377358490566,-0.34213738342598693,Disruptive
SKG_MT_1418,2019,SKG,MT,0.3402643107171266,0.7333333333333333,-0.3930690226162067,Incremental
SKG_MT_1419,2019,SKG,MT,0.3280786788157424,0.8297872340425532,-0.5017085552268108,Incremental
SKG_MT_1420,2019,SKG,MT,0.3141607585011032,0.7745901639344263,-0.46042940543332306,Incremental
SKG_MT_1422,2019,SKG,MT,0.3312215888306795,0.7659574468085106,-0.43473585797783115,Incremental
SKG_MT_750,2019,SKG,MT,0.3635179845307326,0.6728395061728395,-0.3093215216421069,Disruptive
SKG_MT_751,2019,SKG,MT,0.4998850404522682,0.7565217391304347,-0.2566366986781665,Disruptive
SKG_MT_756,2019,SKG,MT,0.3299855341500139,0.7522935779816514,-0.4223080438316375,Incremental
SKG_MT_761,2019,SKG,MT,0.4920472902336265,0.7788944723618091,-0.2868471821281826,Disruptive
SKG_DIA_266,2019,SKG,DIA,0.2833874698285318,0.7703703703703704,-0.48698290054183857,Incremental
SKG_DIA_268,2019,SKG,DIA,0.5337075142353845,0.7837837837837838,-0.25007626954839923,Disruptive
SKG_DIA_271,2019,SKG,DIA,0.4791748796078719,0.7121212121212122,-0.23294633251334024,Disruptive
SKG_DIA_318,2019,SKG,DIA,0.3129567046369616,0.84375,-0.5307932953630383,Incremental
SKG_SA_357,2019,SKG,SA,0.4888008912316868,0.7242990654205608,-0.23549817418887398,Disruptive
SKG_SA_376,2019,SKG,SA,0.3237574175860528,0.7553956834532374,-0.43163826586718457,Incremental
SKG_SA_378,2019,SKG,SA,0.5001726494795455,0.7477477477477478,-0.24757509826820223,Disruptive
SKG_SA_383,2019,SKG,SA,0.5057883509614096,0.7547892720306514,-0.24900092106924177,Disruptive
SKG_MT_1445,2019,SKG,MT,0.2708263568174509,0.5833333333333334,-0.3125069765158825,Disruptive
SKG_MT_683,2019,SKG,MT,0.5013030243335677,0.6363636363636364,-0.1350606120300687,Disruptive
SKG_MT_687,2019,SKG,MT,0.5165172527443633,0.7636363636363637,-0.24711911089200034,Disruptive
SKG_MT_690,2019,SKG,MT,0.3718793352658958,0.6756756756756757,-0.3037963404097799,Disruptive
SKG_MT_696,2019,SKG,MT,0.3200805218688007,0.7341772151898734,-0.41409669332107274,Incremental
SKG_MT_702,2019,SKG,MT,0.3334397520780867,0.7169811320754716,-0.38354137999738497,Incremental
SKG_MT_703,2019,SKG,MT,0.3846007230092563,0.6694214876033058,-0.2848207645940495,Disruptive
SKG_MT_721,2019,SKG,MT,0.3741386835250519,0.7336956521739131,-0.35955696864886116,Disruptive
SKG_SA_392,2019,SKG,SA,0.2767331820507709,0.7745098039215687,-0.49777662187079774,Incremental
SKG_SA_394,2019,SKG,SA,0.5304475805102996,0.69377990430622,-0.16333232379592044,Disruptive
SKG_SA_399,2019,SKG,SA,0.325301304993021,0.776,-0.450698695006979,Incremental
SKG_SA_300,2019,SKG,SA,0.2530594526630216,0.7586206896551724,-0.5055612369921507,Incremental
SKG_SA_302,2019,SKG,SA,0.4912842412517242,0.7348484848484849,-0.24356424359676065,Disruptive
SKG_SA_303,2019,SKG,SA,0.311255686500536,0.8145695364238411,-0.5033138499233052,Incremental
SKG_SA_328,2019,SKG,SA,0.2651753805386377,0.84375,-0.5785746194613623,Incremental
SKG_SA_337,2019,SKG,SA,0.517734620590166,0.6717171717171717,-0.15398255112700576,Disruptive
SKG_SA_348,2019,SKG,SA,0.3262047511581797,0.7105263157894737,-0.38432156463129397,Incremental
SKG_SA_297,2019,SKG,SA,0.3476987986663477,0.668918918918919,-0.3212201202525713,Disruptive
SKG_MT_1469,2019,SKG,MT,0.5126195727884615,0.7929292929292929,-0.28030972014083144,Disruptive
SKG_MT_618,2019,SKG,MT,0.5267922001253315,0.6167664670658682,-0.08997426694053678,Disruptive
SKG_MT_621,2019,SKG,MT,0.3505922212139041,0.6428571428571429,-0.2922649216432388,Disruptive
SKG_MT_626,2019,SKG,MT,0.3127102853573389,0.7205882352941176,-0.4078779499367787,Incremental
SKG_MT_640,2019,SKG,MT,0.4917428963171082,0.6541353383458647,-0.16239244202875647,Disruptive
SKG_MT_649,2019,SKG,MT,0.3575053869884271,0.7638888888888888,-0.40638350190046174,Incremental
SKG_MT_654,2019,SKG,MT,0.4656826620499721,0.7435897435897436,-0.2779070815397715,Disruptive
SKG_MT_655,2019,SKG,MT,0.3716030652822283,0.6707317073170732,-0.2991286420348449,Disruptive
SKG_MT_674,2019,SKG,MT,0.4797459055644859,0.6788321167883211,-0.19908621122383524,Disruptive
SKG_SA_208,2019,SKG,SA,0.3129361452178386,0.7384615384615385,-0.4255253932436999,Incremental
SKG_SA_216,2019,SKG,SA,0.3159514886233514,0.5833333333333334,-0.267381844709982,Disruptive
SKG_SA_218,2019,SKG,SA,0.3103229534731833,0.7245508982035929,-0.4142279447304096,Incremental
SKG_SA_200,2019,SKG,SA,0.5137616855500324,0.7121212121212122,-0.19835952657117972,Disruptive
SKG_SA_271,2019,SKG,SA,0.2756364243853332,0.6056338028169014,-0.3299973784315682,Disruptive
SKG_SA_272,2019,SKG,SA,0.3342878357761958,0.6610169491525424,-0.3267291133763466,Disruptive
SKG_SA_279,2019,SKG,SA,0.3675372491967519,0.8378378378378378,-0.4703005886410859,Incremental
SKG_SA_294,2019,SKG,SA,0.5095049633617388,0.7553956834532374,-0.2458907200914986,Disruptive
SKG_SA_236,2019,SKG,SA,0.3775453388051563,0.782608695652174,-0.40506335684701766,Incremental
SKG_SA_267,2019,SKG,SA,0.2957016064271691,0.7445255474452555,-0.44882394101808637,Incremental
SKG_MT_597,2019,SKG,MT,0.2853063011216639,0.7124183006535948,-0.4271119995319309,Incremental
SKG_MT_602,2019,SKG,MT,0.5259864301157926,0.7171717171717171,-0.19118528705592452,Disruptive
SKG_MT_609,2019,SKG,MT,0.3484753064067497,0.6888888888888889,-0.3404135824821392,Disruptive
SKG_MT_616,2019,SKG,MT,0.336265584154718,0.7023255813953488,-0.3660599972406308,Disruptive
SKG_MT_1463,2019,SKG,MT,0.3473124767311007,0.8275862068965517,-0.480273730165451,Incremental
SKG_MT_1465,2019,SKG,MT,0.5077748564436565,0.6153846153846154,-0.10760975894095892,Disruptive
SKG_SUM_210,2019,SKG,SUM,0.5072166323695946,0.7532467532467533,-0.2460301208771587,Disruptive
SKG_SA_92,2019,SKG,SA,0.3141163372440576,0.7037037037037037,-0.38958736645964614,Incremental
SKG_SA_38,2019,SKG,SA,0.3010361600876117,0.8097345132743363,-0.5086983531867246,Incremental
SKG_SA_39,2019,SKG,SA,0.3307504397031841,0.7388888888888889,-0.40813844918570485,Incremental
SKG_SA_49,2019,SKG,SA,0.5067747819075017,0.7117903930131004,-0.20501561110559874,Disruptive
SKG_SA_134,2019,SKG,SA,0.5392191680511575,0.6428571428571429,-0.10363797480598536,Disruptive
SKG_SA_139,2019,SKG,SA,0.230702068019849,0.7,-0.46929793198015096,Incremental
SKG_SA_141,2019,SKG,SA,0.3667183463975892,0.7065217391304348,-0.3398033927328456,Disruptive
SKG_SA_147,2019,SKG,SA,0.3164274089897134,0.772972972972973,-0.4565455639832596,Incremental
SKG_SA_159,2019,SKG,SA,0.3007756973746338,0.6857142857142857,-0.38493858833965194,Incremental
SKG_SA_101,2019,SKG,SA,0.293528526326107,0.6106194690265486,-0.31709094270044164,Disruptive
SKG_SA_189,2019,SKG,SA,0.3019765111282802,0.8571428571428571,-0.5551663460145768,Incremental
SKG_PAR_25,2019,SKG,PAR,0.5289268419880391,0.8024691358024691,-0.27354229381443007,Disruptive
SKG_MT_570,2019,SKG,MT,0.3270010060671643,0.841025641025641,-0.5140246349584767,Incremental
SKG_MT_577,2019,SKG,MT,0.3068357414883785,0.625,-0.3181642585116215,Disruptive
SKG_MT_580,2019,SKG,MT,0.343733418926566,0.7894736842105263,-0.4457402652839603,Incremental
SKG_MT_522,2019,SKG,MT,0.342573548223737,0.7659574468085106,-0.42338389858477365,Incremental
SKG_MT_539,2019,SKG,MT,0.3310573673378237,0.7555555555555555,-0.42449818821773183,Incremental
SKG_MT_544,2019,SKG,MT,0.4780613780466498,0.75,-0.2719386219533502,Disruptive
SKG_MT_548,2019,SKG,MT,0.5557203946378079,0.7333333333333333,-0.1776129386955254,Disruptive
SKG_MT_552,2019,SKG,MT,0.514575050713814,0.6433566433566433,-0.1287815926428293,Disruptive
SKG_MT_556,2019,SKG,MT,0.3545933284331137,0.5795454545454546,-0.2249521261123409,Disruptive
SKG_MT_561,2019,SKG,MT,0.3842028817236295,0.7731958762886598,-0.38899299456503034,Incremental
SKG_MT_562,2019,SKG,MT,0.5234292757802069,0.6428571428571429,-0.11942786707693598,Disruptive
SKG_SA_11,2019,SKG,SA,0.5104221248025607,0.7130044843049327,-0.20258235950237202,Disruptive
SKG_SA_15,2019,SKG,SA,0.502754587573872,0.4007220216606498,0.10203256591322224,Disruptive
SKG_SA_27,2019,SKG,SA,0.51876456062873,0.6550218340611353,-0.13625727343240535,Disruptive
SKG_SA_35,2019,SKG,SA,0.3215233872040671,0.6923076923076923,-0.3707843051036252,Disruptive
SKG_SUM_200,2019,SKG,SUM,0.3314225898517592,0.6381578947368421,-0.30673530488508294,Disruptive
SKG_SUM_201,2019,SKG,SUM,0.3411979815714654,0.6909090909090909,-0.3497111093376255,Disruptive
SKG_SUM_202,2019,SKG,SUM,0.2629785976495273,0.8333333333333334,-0.5703547356838061,Incremental
SKG_SUM_207,2019,SKG,SUM,0.229567001226232,0.8169014084507042,-0.5873344072244723,Incremental
SKG_QA_466,2019,SKG,QA,0.3094825654457203,0.8034934497816594,-0.4940108843359391,Incremental
SKG_QA_473,2019,SKG,QA,0.3293707782426529,0.6785714285714286,-0.34920065032877573,Disruptive
SKG_QA_475,2019,SKG,QA,0.3312218071739778,0.7659574468085106,-0.4347356396345328,Incremental
SKG_QA_481,2019,SKG,QA,0.2700819085494561,0.7739130434782608,-0.5038311349288047,Incremental
SKG_QA_482,2019,SKG,QA,0.3438243713905592,0.8344827586206897,-0.49065838723013044,Incremental
SKG_QA_484,2019,SKG,QA,0.282443836778477,0.8333333333333334,-0.5508894965548563,Incremental
SKG_QA_489,2019,SKG,QA,0.4519727026736876,0.8688524590163934,-0.4168797563427058,Incremental
SKG_QA_447,2019,SKG,QA,0.4626221647903453,0.7966101694915254,-0.3339880047011801,Disruptive
SKG_SA_0,2019,SKG,SA,0.5464542801586192,0.8058252427184466,-0.2593709625598274,Disruptive
SKG_SUM_213,2019,SKG,SUM,0.2785095249050413,0.7463768115942029,-0.4678672866891616,Incremental
SKG_SUM_220,2019,SKG,SUM,0.389272329702429,0.62,-0.23072767029757102,Disruptive
SKG_PAR_77,2019,SKG,PAR,0.3853205686512662,0.6707317073170732,-0.28541113866580703,Disruptive
SKG_MT_501,2019,SKG,MT,0.3255638521806339,0.7134146341463414,-0.38785078196570755,Incremental
SKG_MT_506,2019,SKG,MT,0.391278471980123,0.6547619047619048,-0.26348343278178177,Disruptive
SKG_MT_511,2019,SKG,MT,0.3452035211706929,0.824,-0.47879647882930704,Incremental
SKG_MT_519,2019,SKG,MT,0.5133661530316369,0.7843137254901961,-0.27094757245855916,Disruptive
SKG_QA_359,2019,SKG,QA,0.3111186148711407,0.7310344827586207,-0.41991586788748003,Incremental
SKG_QA_361,2019,SKG,QA,0.3037388649063092,0.8146067415730337,-0.5108678766667245,Incremental
SKG_QA_396,2019,SKG,QA,0.3815704280538643,0.7373737373737373,-0.35580330931987303,Disruptive
SKG_QA_397,2019,SKG,QA,0.4754747018713555,0.8125,-0.3370252981286445,Disruptive
SKG_QA_401,2019,SKG,QA,0.4857823355976263,0.7982456140350878,-0.31246327843746147,Disruptive
SKG_QA_440,2019,SKG,QA,0.39031422928781,0.7674418604651163,-0.3771276311773063,Disruptive
SKG_MT_439,2019,SKG,MT,0.2524840067162374,0.7857142857142857,-0.5332302789980483,Incremental
SKG_MT_444,2019,SKG,MT,0.5122614815259334,0.603448275862069,-0.09118679433613552,Disruptive
SKG_MT_454,2019,SKG,MT,0.2730439582433889,0.784688995215311,-0.5116450369719221,Incremental
SKG_MT_470,2019,SKG,MT,0.357567729560136,0.7642276422764228,-0.4066599127162868,Incremental
SKG_MT_482,2019,SKG,MT,0.5324237853392194,0.6568627450980392,-0.1244389597588198,Disruptive
SKG_MT_485,2019,SKG,MT,0.277263534075706,0.6582278481012658,-0.3809643140255598,Incremental
SKG_QA_449,2019,SKG,QA,0.5206240176589055,0.732484076433121,-0.21186005877421543,Disruptive
SKG_QA_452,2019,SKG,QA,0.3049233499757071,0.5955056179775281,-0.290582268001821,Disruptive
SKG_QA_454,2019,SKG,QA,0.5022937218130237,0.6896551724137931,-0.18736145060076947,Disruptive
SKG_QA_457,2019,SKG,QA,0.3347866417782755,0.6947368421052632,-0.3599502003269877,Disruptive
SKG_QA_333,2019,SKG,QA,0.2125130593987096,0.7301587301587301,-0.5176456707600205,Incremental
SKG_QA_310,2019,SKG,QA,0.5134602648877494,0.6283783783783784,-0.11491811349062897,Disruptive
SKG_QA_311,2019,SKG,QA,0.2753549435477581,0.7738095238095238,-0.49845458026176576,Incremental
SKG_QA_314,2019,SKG,QA,0.3418556121235455,0.7368421052631579,-0.39498649313961237,Incremental
SKG_QA_362,2019,SKG,QA,0.2797640916301907,0.7697841726618705,-0.49002008103167977,Incremental
SKG_QA_365,2019,SKG,QA,0.3668873889907518,0.7058823529411765,-0.3389949639504247,Disruptive
SKG_QA_370,2019,SKG,QA,0.3074971728191055,0.7391304347826086,-0.43163326196350316,Incremental
SKG_QA_371,2019,SKG,QA,0.2144635001451572,0.6333333333333333,-0.4188698331881761,Incremental
SKG_MT_411,2019,SKG,MT,0.3000099683133544,0.7571428571428571,-0.4571328888295027,Incremental
SKG_MT_414,2019,SKG,MT,0.3336554995724174,0.7142857142857143,-0.3806302147132969,Incremental
SKG_MT_419,2019,SKG,MT,0.315608893057721,0.7845303867403315,-0.4689214936826105,Incremental
SKG_MT_424,2019,SKG,MT,0.2747844804713369,0.7605633802816901,-0.4857788998103532,Incremental
SKG_PAR_101,2019,SKG,PAR,0.5304240713336978,0.6881720430107527,-0.1577479716770549,Disruptive
SKG_QA_403,2019,SKG,QA,0.2644231618893925,0.7115384615384616,-0.44711529964906904,Incremental
SKG_QA_386,2019,SKG,QA,0.3026311676094554,0.5604395604395604,-0.25780839283010504,Disruptive
SKG_QA_387,2019,SKG,QA,0.2230683016950651,0.7903225806451613,-0.5672542789500962,Incremental
SKG_QA_291,2019,SKG,QA,0.2990978239613401,0.86,-0.5609021760386599,Incremental
SKG_QA_292,2019,SKG,QA,0.4848403587985704,0.0,0.4848403587985704,Disruptive
SKG_QA_299,2019,SKG,QA,0.2830729007785574,0.7792207792207793,-0.49614787844222186,Incremental
SKG_QA_306,2019,SKG,QA,0.2790582948592073,0.7924528301886793,-0.513394535329472,Incremental
SKG_QA_259,2019,SKG,QA,0.3142602575536505,0.7560975609756098,-0.44183730342195926,Incremental
SKG_QA_260,2019,SKG,QA,0.2235616981403048,0.7164179104477612,-0.49285621230745635,Incremental
SKG_QA_262,2019,SKG,QA,0.4962126609236671,0.7702702702702703,-0.27405760934660317,Disruptive
SKG_QA_319,2019,SKG,QA,0.2946936114673963,0.6846846846846847,-0.3899910732172884,Incremental
SKG_QA_329,2019,SKG,QA,0.4923521528237697,0.7520661157024794,-0.2597139628787097,Disruptive
SKG_QA_330,2019,SKG,QA,0.4958648321446737,0.6458333333333334,-0.14996850118865968,Disruptive
SKG_PAR_174,2019,SKG,PAR,0.4544275605054429,0.6666666666666666,-0.2122391061612237,Disruptive
SKG_MT_334,2019,SKG,MT,0.3281124637102148,0.7608695652173914,-0.43275710150717656,Incremental
SKG_MT_347,2019,SKG,MT,0.3093328456148728,0.7586206896551724,-0.4492878440402996,Incremental
SKG_MT_353,2019,SKG,MT,0.5277705043539208,0.5,0.02777050435392081,Disruptive
SKG_MT_366,2019,SKG,MT,0.3564176456441137,0.7100591715976331,-0.3536415259535194,Disruptive
SKG_MT_367,2019,SKG,MT,0.4184579373948009,0.6805555555555556,-0.26209761816075466,Disruptive
SKG_QA_267,2019,SKG,QA,0.2596053090885222,0.7303370786516854,-0.4707317695631632,Incremental
SKG_QA_275,2019,SKG,QA,0.5173497108257172,0.7310924369747899,-0.21374272614907264,Disruptive
SKG_MT_20,2019,SKG,MT,0.2969630236243239,0.75,-0.4530369763756761,Incremental
SKG_MT_30,2019,SKG,MT,0.2732517496393398,0.697986577181208,-0.42473482754186825,Incremental
SKG_MT_34,2019,SKG,MT,0.5135119329783577,0.7976190476190477,-0.28410711464068994,Disruptive
SKG_MT_35,2019,SKG,MT,0.4403159628643229,0.8317757009345794,-0.3914597380702565,Incremental
SKG_MT_271,2019,SKG,MT,0.3023550196532936,0.7215189873417721,-0.4191639676884785,Incremental
SKG_MT_276,2019,SKG,MT,0.2967017033022471,0.6872427983539094,-0.39054109505166235,Incremental
SKG_MT_292,2019,SKG,MT,0.3214012058820354,0.7092198581560284,-0.387818652273993,Incremental
SKG_MT_298,2019,SKG,MT,0.3159013835207072,0.6494845360824743,-0.33358315256176707,Disruptive
SKG_MT_303,2019,SKG,MT,0.3137567881584894,0.7027027027027027,-0.38894591454421334,Incremental
SKG_MT_307,2019,SKG,MT,0.354892073907544,0.7169811320754716,-0.36208905816792764,Disruptive
SKG_MT_322,2019,SKG,MT,0.3144368528665056,0.8333333333333334,-0.5188964804668278,Incremental
SKG_MT_328,2019,SKG,MT,0.2919619707821522,0.6372549019607843,-0.3452929311786321,Disruptive
SKG_MT_19,2019,SKG,MT,0.2747864598173115,0.6333333333333333,-0.3585468735160218,Disruptive
SKG_QA_284,2019,SKG,QA,0.3181774434373929,0.735632183908046,-0.41745474047065306,Incremental
SKG_QA_221,2019,SKG,QA,0.175476200468832,0.8888888888888888,-0.7134126884200569,Incremental
SKG_QA_231,2019,SKG,QA,0.5209008371609946,0.7636363636363637,-0.2427355264753691,Disruptive
SKG_MT_70,2019,SKG,MT,0.2967842202347482,0.7848101265822784,-0.48802590634753024,Incremental
SKG_MT_73,2019,SKG,MT,0.384584600631345,0.6702127659574468,-0.28562816532610186,Disruptive
SKG_QA_249,2019,SKG,QA,0.3423663309291421,0.7867647058823529,-0.44439837495321083,Incremental
SKG_QA_252,2019,SKG,QA,0.3273899856356761,0.6703910614525139,-0.3430010758168378,Disruptive
SKG_QA_257,2019,SKG,QA,0.5143983125186019,0.7049180327868853,-0.19051972026828334,Disruptive
SKG_MT_43,2019,SKG,MT,0.224130224511821,0.6888888888888889,-0.4647586643770679,Incremental
SKG_MT_50,2019,SKG,MT,0.5332816063514805,0.8032786885245902,-0.2699970821731097,Disruptive
SKG_MT_60,2019,SKG,MT,0.3023063513965683,0.8059701492537313,-0.503663797857163,Incremental
SKG_MT_67,2019,SKG,MT,0.3750331860756903,0.6194690265486725,-0.24443584047298222,Disruptive
SKG_MT_253,2019,SKG,MT,0.299326432829422,0.803921568627451,-0.504595135798029,Incremental
SKG_MT_261,2019,SKG,MT,0.3209844283589429,0.7792207792207793,-0.45823635086183634,Incremental
SKG_MT_263,2019,SKG,MT,0.6965940815875006,0.7077922077922078,-0.01119812620470717,Disruptive
SKG_QA_263,2019,SKG,QA,0.2579809744136006,0.6593406593406593,-0.40135968492705876,Incremental
SKG_QA_265,2019,SKG,QA,0.3099973866136801,0.7555555555555555,-0.44555816894187544,Incremental
SKG_MT_125,2019,SKG,MT,0.4591736011346681,0.4923076923076923,-0.03313409117302418,Disruptive
SKG_MT_128,2019,SKG,MT,0.3142608489964525,0.7101449275362319,-0.3958840785397794,Incremental
SKG_MT_130,2019,SKG,MT,0.3123796040819125,0.6296296296296297,-0.31725002554771714,Disruptive
SKG_QA_186,2019,SKG,QA,0.5457327312137672,0.6166666666666667,-0.0709339354528995,Disruptive
SKG_QA_187,2019,SKG,QA,0.4048358396943346,0.7654320987654321,-0.36059625907109744,Disruptive
SKG_QA_194,2019,SKG,QA,0.47654054830729,0.6901408450704225,-0.21360029676313252,Disruptive
SKG_QA_204,2019,SKG,QA,0.265497522070641,0.7589285714285714,-0.4934310493579304,Incremental
SKG_QA_206,2019,SKG,QA,0.3268605832130517,0.6846846846846847,-0.35782410147163296,Disruptive
SKG_MT_90,2019,SKG,MT,0.2969698078617235,0.6578947368421053,-0.3609249289803818,Disruptive
SKG_MT_98,2019,SKG,MT,0.3116138751498899,0.695364238410596,-0.3837503632607061,Incremental
SKG_MT_101,2019,SKG,MT,0.3658381457479536,0.7413793103448276,-0.37554116459687403,Disruptive
SKG_MT_106,2019,SKG,MT,0.3111086647436266,0.6846846846846847,-0.3735760199410581,Disruptive
SKG_QA_147,2019,SKG,QA,0.505425961496713,0.7621359223300971,-0.25670996083338404,Disruptive
SKG_MT_68,2019,SKG,MT,0.3054976517519557,0.6,-0.2945023482480443,Disruptive
SKG_QA_209,2019,SKG,QA,0.3091060439720317,0.7583333333333333,-0.44922728936130163,Incremental
SKG_QA_218,2019,SKG,QA,0.5040571011097872,0.5769230769230769,-0.07286597581328969,Disruptive
SKG_QA_99,2019,SKG,QA,0.2620813063287304,0.7987421383647799,-0.5366608320360495,Incremental
SKG_QA_100,2019,SKG,QA,0.5175877156763609,0.7627118644067796,-0.24512414873041877,Disruptive
SKG_QA_102,2019,SKG,QA,0.4174032613384956,0.8068181818181818,-0.3894149204796862,Incremental
SKG_QA_109,2019,SKG,QA,0.4688348880355186,0.7407407407407407,-0.2719058527052221,Disruptive
SKG_QA_115,2019,SKG,QA,0.3232683335932989,0.676923076923077,-0.3536547433297781,Disruptive
SKG_QA_68,2019,SKG,QA,0.468054340433082,0.7,-0.23194565956691798,Disruptive
SKG_QA_123,2019,SKG,QA,0.5525547899769405,0.8021978021978022,-0.24964301222086172,Disruptive
SKG_QA_138,2019,SKG,QA,0.5269663439032821,0.7846153846153846,-0.2576490407121025,Disruptive
SKG_QA_139,2019,SKG,QA,0.5292277097949319,0.7073170731707317,-0.17808936337579973,Disruptive
SKG_MT_134,2019,SKG,MT,0.516874435041728,0.7864077669902912,-0.2695333319485632,Disruptive
SKG_MT_142,2019,SKG,MT,0.5284397227382769,0.7757009345794392,-0.24726121184116234,Disruptive
SKG_MT_154,2019,SKG,MT,0.3249811486734978,0.8271028037383178,-0.50212165506482,Incremental
SKG_QA_153,2019,SKG,QA,0.2813760256993102,0.759493670886076,-0.4781176451867658,Incremental
SKG_QA_160,2019,SKG,QA,0.3256693856814909,0.5984251968503937,-0.27275581116890285,Disruptive
SKG_MT_111,2019,SKG,MT,0.4975438795039185,0.6844919786096256,-0.18694809910570714,Disruptive
SKG_MT_113,2019,SKG,MT,0.3604343340817211,0.7523809523809524,-0.3919466182992313,Incremental
SKG_MT_202,2019,SKG,MT,0.346591612574306,0.6928571428571428,-0.34626553028283685,Disruptive
SKG_QA_11,2019,SKG,QA,0.517315215677315,0.7142857142857143,-0.19697049860839932,Disruptive
SKG_QA_19,2019,SKG,QA,0.3321424967637389,0.7454545454545455,-0.41331204869080657,Incremental
SKG_QA_77,2019,SKG,QA,0.3087940752148544,0.7469879518072289,-0.43819387659237446,Incremental
SKG_QA_81,2019,SKG,QA,0.5200162396280665,0.8115942028985508,-0.29157796327048424,Disruptive
SKG_QA_82,2019,SKG,QA,0.2913911393562641,0.8288288288288288,-0.5374376894725648,Incremental
SKG_QA_86,2019,SKG,QA,0.3175948672001301,0.7850467289719626,-0.4674518617718325,Incremental
SKG_QA_89,2019,SKG,QA,0.5103806801423919,0.7713004484304933,-0.2609197682881014,Disruptive
SKG_MT_159,2019,SKG,MT,0.3250639318612819,0.7307692307692307,-0.4057052989079488,Incremental
SKG_MT_172,2019,SKG,MT,0.3396482454111057,0.6666666666666666,-0.3270184212555609,Disruptive
SKG_QA_43,2019,SKG,QA,0.293954996752177,0.6764705882352942,-0.38251559148311715,Incremental
SKG_QA_44,2019,SKG,QA,0.3307502213598857,0.7388888888888889,-0.40813866752900324,Incremental
SKG_QA_49,2019,SKG,QA,0.5106068880691439,0.7547169811320755,-0.24411009306293163,Disruptive
SKG_MT_251,2019,SKG,MT,0.3027248159459747,0.6436781609195402,-0.3409533449735655,Disruptive
SKG_QA_90,2019,SKG,QA,0.2587135252016146,0.8453038674033149,-0.5865903422017003,Incremental
SKG_QA_98,2019,SKG,QA,0.4781225412578186,0.8085106382978723,-0.3303880970400537,Disruptive
SKG_SUM_89,2019,SKG,SUM,0.2527130975040038,0.77,-0.5172869024959963,Incremental
SKG_SUM_91,2019,SKG,SUM,0.3792912101926466,0.680672268907563,-0.30138105871491644,Disruptive
SKG_SUM_94,2019,SKG,SUM,0.3061836944554101,0.8645833333333334,-0.5583996388779233,Incremental
SKG_SUM_95,2019,SKG,SUM,0.3705150800254848,0.7437185929648241,-0.37320351293933934,Disruptive
SKG_SUM_96,2019,SKG,SUM,0.3114035323600527,0.782608695652174,-0.47120516329212125,Incremental
SKG_SUM_101,2019,SKG,SUM,0.5295224845935392,0.7094594594594594,-0.1799369748659202,Disruptive
SKG_SUM_137,2019,SKG,SUM,0.3146261952292783,0.8352941176470589,-0.5206679224177806,Incremental
SKG_SUM_112,2019,SKG,SUM,0.3356374399043348,0.7317073170731707,-0.3960698771688359,Incremental
SKG_SUM_115,2019,SKG,SUM,0.5070464334731046,0.7477477477477478,-0.24070131427464314,Disruptive
SKG_MT_1088,2019,SKG,MT,0.3516743842776868,0.7883211678832117,-0.4366467836055249,Incremental
SKG_MT_1176,2019,SKG,MT,0.4590685092439012,0.8469387755102041,-0.38787026626630294,Incremental
SKG_MT_1179,2019,SKG,MT,0.3561565548047207,0.6923076923076923,-0.3361511375029716,Disruptive
SKG_MT_1134,2019,SKG,MT,0.5477778329696963,0.788135593220339,-0.2403577602506427,Disruptive
SKG_MT_1135,2019,SKG,MT,0.4704550968920989,0.8666666666666667,-0.3962115697745678,Incremental
SKG_MT_1136,2019,SKG,MT,0.3572147118201346,0.6707317073170732,-0.3135169954969386,Disruptive
SKG_MT_1139,2019,SKG,MT,0.5303282901233932,0.6137931034482759,-0.08346481332488265,Disruptive
SKG_QA_25,2019,SKG,QA,0.31866706558191,0.5568181818181818,-0.23815111623627178,Disruptive
SKG_SUM_183,2019,SKG,SUM,0.4919913424143529,0.8333333333333334,-0.3413419909189805,Disruptive
SKG_SUM_182,2019,SKG,SUM,0.2590107554928764,0.7439024390243902,-0.48489168353151385,Incremental
SKG_MT_1150,2019,SKG,MT,0.3101523408940791,0.6764705882352942,-0.36631824734121504,Disruptive
SKG_SA_276,2020,SKG,SA,0.3092664820295085,0.7674418604651163,-0.4581753784356078,Incremental
SKG_SA_312,2020,SKG,SA,0.3001330813406312,0.6402439024390244,-0.3401108210983932,Disruptive
SKG_SA_299,2020,SKG,SA,0.3683228834973558,0.6375,-0.26917711650264414,Disruptive
SKG_MT_1468,2020,SKG,MT,0.2803463624141662,0.5645161290322581,-0.2841697666180919,Disruptive
SKG_MT_1457,2020,SKG,MT,0.3312989445227653,0.7801418439716312,-0.4488428994488659,Incremental
SKG_MT_614,2020,SKG,MT,0.4179294725778616,0.9375,-0.5195705274221384,Incremental
SKG_MT_612,2020,SKG,MT,0.3302669810939913,0.7241379310344828,-0.3938709499404915,Incremental
SKG_MT_611,2020,SKG,MT,0.3104171728741098,0.6473988439306358,-0.33698167105652604,Disruptive
SKG_PAR_8,2020,SKG,PAR,0.3034739064446063,0.7865853658536586,-0.48311145940905226,Incremental
SKG_PAR_6,2020,SKG,PAR,0.2983686630960008,0.7375,-0.43913133690399925,Incremental
SKG_PAR_1,2020,SKG,PAR,0.3136281663943595,0.7289719626168224,-0.4153437962224629,Incremental
SKG_NLI_19,2020,SKG,NLI,0.3676487885742801,0.6666666666666666,-0.2990178780923865,Disruptive
SKG_NLI_18,2020,SKG,NLI,0.3787918656878818,0.6805555555555556,-0.30176368986767377,Disruptive
SKG_SA_263,2020,SKG,SA,0.3490274743757617,0.7045454545454546,-0.3555179801696929,Disruptive
NOVEL_MT_95,2020,NOVEL,MT,0.2638123715768559,0.6629834254143646,-0.3991710538375087,Incremental
SKG_SA_235,2020,SKG,SA,0.3122043334059105,0.6875,-0.3752956665940895,Disruptive
SKG_SUM_157,2020,SKG,SUM,0.2596033696056901,0.8,-0.54039663039431,Incremental
SKG_SUM_150,2020,SKG,SUM,0.2494973203083681,0.7948717948717948,-0.5453744745634267,Incremental
SKG_SUM_146,2020,SKG,SUM,0.2793772307193668,0.7071823204419889,-0.4278050897226221,Incremental
SKG_SUM_140,2020,SKG,SUM,0.2789199964018531,0.6774193548387096,-0.3984993584368565,Incremental
SKG_SUM_139,2020,SKG,SUM,0.3009144666713469,0.7817258883248731,-0.4808114216535262,Incremental
SKG_SUM_171,2020,SKG,SUM,0.3381511484753778,0.7284768211920529,-0.3903256727166751,Incremental
SKG_SUM_135,2020,SKG,SUM,0.3765616849682299,0.7757009345794392,-0.39913924961120933,Incremental
SKG_SUM_131,2020,SKG,SUM,0.3460395029168141,0.6344827586206897,-0.2884432557038756,Disruptive
SKG_SUM_123,2020,SKG,SUM,0.2746393793404364,0.5943396226415094,-0.319700243301073,Disruptive
SKG_DIA_7,2020,SKG,DIA,0.2946206248530328,0.7692307692307693,-0.47461014437773646,Incremental
SKG_QA_33,2020,SKG,QA,0.4695883922238794,0.6958174904942965,-0.22622909827041715,Disruptive
SKG_QA_32,2020,SKG,QA,0.3084232713969847,0.7476635514018691,-0.4392402800048844,Incremental
SKG_SUM_199,2020,SKG,SUM,0.2666680297661534,0.768361581920904,-0.5016935521547505,Incremental
SKG_SUM_192,2020,SKG,SUM,0.3059242878927296,0.7251908396946565,-0.4192665518019269,Incremental
SKG_SUM_189,2020,SKG,SUM,0.3264961285537703,0.7236842105263158,-0.3971880819725455,Incremental
SKG_SA_280,2020,SKG,SA,0.3534704709080117,0.7261904761904762,-0.37272000528246446,Disruptive
SKG_MT_177,2020,SKG,MT,0.3097678614228705,0.6851851851851852,-0.37541732376231474,Disruptive
SKG_MT_173,2020,SKG,MT,0.3503576484611786,0.1770833333333333,0.17327431512784533,Disruptive
SKG_MT_163,2020,SKG,MT,0.292159331639945,0.7424242424242424,-0.4502649107842974,Incremental
SKG_MT_161,2020,SKG,MT,0.3360329142060906,0.768361581920904,-0.4323286677148134,Incremental
SKG_QA_88,2020,SKG,QA,0.3136984039421597,0.7283950617283951,-0.4146966577862354,Incremental
SKG_QA_18,2020,SKG,QA,0.2963102299476394,0.7785714285714286,-0.4822611986237892,Incremental
SKG_QA_16,2020,SKG,QA,0.335503364093835,0.6470588235294118,-0.3115554594355768,Disruptive
SKG_MT_12,2020,SKG,MT,0.382239767456875,0.673469387755102,-0.291229620298227,Disruptive
SKG_MT_190,2020,SKG,MT,0.2985904839913916,0.8068181818181818,-0.5082276978267901,Incremental
SKG_MT_186,2020,SKG,MT,0.2761291312542513,0.6942148760330579,-0.41808574477880656,Incremental
SKG_QA_59,2020,SKG,QA,0.3725108256764575,0.7424242424242424,-0.36991341674778494,Disruptive
SKG_QA_52,2020,SKG,QA,0.4030915896920352,0.8545454545454545,-0.4514538648534193,Incremental
SKG_MT_244,2020,SKG,MT,0.3709377632227747,0.6891891891891891,-0.3182514259664144,Disruptive
SKG_MT_231,2020,SKG,MT,0.364402737720864,0.6610169491525424,-0.2966142114316784,Disruptive
SKG_DIA_3,2020,SKG,DIA,0.2855429625735893,0.7677053824362606,-0.48216241986267133,Incremental
SKG_DIA_2,2020,SKG,DIA,0.2900629984104575,0.7990654205607477,-0.5090024221502902,Incremental
SKG_SUM_119,2020,SKG,SUM,0.3457570603734128,0.8035714285714286,-0.4578143681980158,Incremental
SKG_SUM_118,2020,SKG,SUM,0.2790268157080551,0.75,-0.4709731842919449,Incremental
SKG_SUM_106,2020,SKG,SUM,0.3162710417560664,0.7142857142857143,-0.3980146725296479,Incremental
SKG_SUM_105,2020,SKG,SUM,0.3085177699018031,0.7310344827586207,-0.42251671285681763,Incremental
SKG_SUM_104,2020,SKG,SUM,0.2330843386628223,0.647887323943662,-0.4148029852808397,Incremental
SKG_SUM_138,2020,SKG,SUM,0.3267420541366396,0.7951807228915663,-0.4684386687549267,Incremental
SKG_SUM_70,2020,SKG,SUM,0.2564829066485278,0.625,-0.3685170933514722,Disruptive
SKG_SUM_66,2020,SKG,SUM,0.3227798648795873,0.664179104477612,-0.34139923959802465,Disruptive
SKG_SUM_99,2020,SKG,SUM,0.3136126167341556,0.8203592814371258,-0.5067466647029701,Incremental
SKG_SUM_84,2020,SKG,SUM,0.3281133090693532,0.7368421052631579,-0.40872879619380464,Incremental
SKG_DIA_29,2020,SKG,DIA,0.27437343060309,0.7777777777777778,-0.5034043471746878,Incremental
SKG_DIA_22,2020,SKG,DIA,0.3835480278812995,0.8078817733990148,-0.4243337455177153,Incremental
SKG_QA_94,2020,SKG,QA,0.3340756062618853,0.6990291262135923,-0.36495351995170694,Disruptive
SKG_QA_91,2020,SKG,QA,0.3115658898876704,0.7627906976744186,-0.4512248077867482,Incremental
SKG_MT_250,2020,SKG,MT,0.3592118158323957,0.6436781609195402,-0.2844663450871445,Disruptive
SKG_QA_41,2020,SKG,QA,0.3925419099638889,0.6612903225806451,-0.26874841261675625,Disruptive
SKG_QA_144,2020,SKG,QA,0.2878532460255364,0.7176470588235294,-0.429793812797993,Incremental
SKG_QA_142,2020,SKG,QA,0.2343573719482836,0.6021505376344086,-0.367793165686125,Disruptive
SKG_QA_135,2020,SKG,QA,0.341716662525892,0.8109756097560976,-0.4692589472302056,Incremental
SKG_QA_132,2020,SKG,QA,0.3312404984682512,0.6544117647058824,-0.32317126623763115,Disruptive
SKG_QA_129,2020,SKG,QA,0.3615956775378263,0.8181818181818182,-0.45658614064399194,Incremental
SKG_QA_120,2020,SKG,QA,0.3463965243021562,0.6791044776119403,-0.3327079533097841,Disruptive
SKG_QA_69,2020,SKG,QA,0.3762469678788739,0.6785714285714286,-0.3023244606925547,Disruptive
SKG_QA_61,2020,SKG,QA,0.2793295538243204,0.6821192052980133,-0.4027896514736929,Incremental
SKG_QA_114,2020,SKG,QA,0.367563052520271,0.8333333333333334,-0.4657702808130624,Incremental
SKG_QA_105,2020,SKG,QA,0.2771483260500516,0.6567164179104478,-0.3795680918603962,Incremental
SKG_QA_103,2020,SKG,QA,0.2892539306253952,0.8658536585365854,-0.5765997279111902,Incremental
SKG_QA_96,2020,SKG,QA,0.274773744077197,0.7202072538860104,-0.44543350980881335,Incremental
SKG_DIA_12,2020,SKG,DIA,0.271672104972206,0.64,-0.368327895027794,Disruptive
SKG_DIA_11,2020,SKG,DIA,0.3198989693523661,0.6583333333333333,-0.3384343639809672,Disruptive
SKG_DIA_10,2020,SKG,DIA,0.2551538913565109,0.8421052631578947,-0.5869513718013838,Incremental
SKG_SUM_121,2020,SKG,SUM,0.308599825048774,0.8131868131868132,-0.5045869881380391,Incremental
SKG_MT_1044,2020,SKG,MT,0.3036572302722234,0.7073170731707317,-0.40365984289850826,Incremental
SKG_MT_1041,2020,SKG,MT,0.3564287553554147,0.6274509803921569,-0.27102222503674217,Disruptive
SKG_MT_1200,2020,SKG,MT,0.3131081744275152,0.7022900763358778,-0.3891819019083626,Incremental
SKG_MT_1188,2020,SKG,MT,0.2563478951698538,0.7903225806451613,-0.5339746854753075,Incremental
SKG_DIA_49,2020,SKG,DIA,0.3444323093468591,0.8135593220338984,-0.46912701268703927,Incremental
SKG_DIA_47,2020,SKG,DIA,0.2716220155347685,0.7727272727272727,-0.5011052571925042,Incremental
SKG_DIA_45,2020,SKG,DIA,0.3312852324848834,0.7359550561797753,-0.4046698236948919,Incremental
SKG_DIA_42,2020,SKG,DIA,0.3209735217820229,0.855072463768116,-0.5340989419860931,Incremental
SKG_DIA_41,2020,SKG,DIA,0.417196947045128,0.7676767676767676,-0.3504798206316396,Disruptive
SKG_DIA_39,2020,SKG,DIA,0.3871418960368041,0.725,-0.3378581039631959,Disruptive
SKG_DIA_35,2020,SKG,DIA,0.3204140665275594,0.5548780487804879,-0.23446398225292847,Disruptive
NOVEL_QA_38,2020,NOVEL,QA,0.3441214732282609,0.75,-0.4058785267717391,Incremental
SKG_MT_152,2020,SKG,MT,0.3027937252704042,0.7218543046357616,-0.4190605793653574,Incremental
SKG_MT_145,2020,SKG,MT,0.334999526216528,0.7096774193548387,-0.37467789313831074,Disruptive
SKG_MT_140,2020,SKG,MT,0.3675616379186027,0.541033434650456,-0.17347179673185326,Disruptive
SKG_MT_132,2020,SKG,MT,0.3497096043257637,0.7307692307692307,-0.381059626443467,Incremental
SKG_QA_190,2020,SKG,QA,0.3822456269424419,0.7954545454545454,-0.4132089185121035,Incremental
SKG_QA_184,2020,SKG,QA,0.3078333821275305,0.7719298245614035,-0.464096442433873,Incremental
SKG_MT_129,2020,SKG,MT,0.2843273786174976,0.5818181818181818,-0.2974908032006842,Disruptive
SKG_MT_118,2020,SKG,MT,0.3220857112921286,0.7887931034482759,-0.4667073921561473,Incremental
SKG_MT_115,2020,SKG,MT,0.3600261110380776,0.725,-0.3649738889619224,Disruptive
SKG_MT_114,2020,SKG,MT,0.2820691844264663,0.7619047619047619,-0.4798355774782956,Incremental
SKG_MT_112,2020,SKG,MT,0.3417826096916358,0.5733333333333334,-0.23155072364169754,Disruptive
SKG_QA_174,2020,SKG,QA,0.266918590530703,0.7361111111111112,-0.46919252058040817,Incremental
SKG_QA_171,2020,SKG,QA,0.4502224479316536,0.6111111111111112,-0.16088866317945755,Disruptive
SKG_QA_163,2020,SKG,QA,0.3474669338003916,0.7555555555555555,-0.4080886217551639,Incremental
SKG_QA_154,2020,SKG,QA,0.3394936936392726,0.6716417910447762,-0.33214809740550355,Disruptive
SKG_DIA_18,2020,SKG,DIA,0.2370658496657664,0.7516339869281046,-0.5145681372623382,Incremental
SKG_DIA_17,2020,SKG,DIA,0.3024609431920415,0.7435897435897436,-0.44112880039770214,Incremental
SKG_MT_1078,2020,SKG,MT,0.3932804511409754,0.6857142857142857,-0.29243383457331035,Disruptive
SKG_MT_1076,2020,SKG,MT,0.4179294725778616,0.9375,-0.5195705274221384,Incremental
SKG_MT_1051,2020,SKG,MT,0.3273451622649651,0.7605633802816901,-0.43321821801672505,Incremental
SKG_MT_1018,2020,SKG,MT,0.3417594324374368,0.7669172932330827,-0.4251578607956459,Incremental
SKG_MT_1015,2020,SKG,MT,0.3415793513359231,0.6954314720812182,-0.35385212074529515,Disruptive
SKG_MT_1014,2020,SKG,MT,0.3757890419039971,0.7889908256880734,-0.41320178378407635,Incremental
SKG_DIA_70,2020,SKG,DIA,0.3554669240862521,0.7028985507246377,-0.3474316266383856,Disruptive
SKG_DIA_69,2020,SKG,DIA,0.3472325278390107,0.5263157894736842,-0.17908326163467347,Disruptive
SKG_DIA_65,2020,SKG,DIA,0.3461666044171416,0.7572815533980582,-0.41111494898091666,Incremental
SKG_DIA_61,2020,SKG,DIA,0.3204571813976252,0.6645962732919255,-0.3441390918943003,Disruptive
SKG_DIA_60,2020,SKG,DIA,0.3188595417335145,0.7921348314606742,-0.4732752897271597,Incremental
SKG_DIA_55,2020,SKG,DIA,0.2793312575675777,0.7933884297520661,-0.5140571721844884,Incremental
SKG_DIA_53,2020,SKG,DIA,0.3940695854614806,0.6598639455782312,-0.26579436011675067,Disruptive
SKG_SUM_56,2020,SKG,SUM,0.3114067322634066,0.7482517482517482,-0.43684501598834163,Incremental
SKG_QA_214,2020,SKG,QA,0.3914747399599481,0.702247191011236,-0.3107724510512879,Disruptive
SKG_MT_105,2020,SKG,MT,0.2803936280070749,0.6229508196721312,-0.34255719166505627,Disruptive
SKG_MT_99,2020,SKG,MT,0.2987213524447788,0.8125,-0.5137786475552212,Incremental
SKG_QA_195,2020,SKG,QA,0.2090648541866877,0.6779661016949152,-0.46890124750822754,Incremental
SKG_QA_191,2020,SKG,QA,0.3281134339610787,0.7368421052631579,-0.4087286713020791,Incremental
SKG_QA_237,2020,SKG,QA,0.2859428775094104,0.7945736434108527,-0.5086307659014423,Incremental
SKG_QA_232,2020,SKG,QA,0.2983620602645089,0.6857142857142857,-0.3873522254497768,Incremental
SKG_MT_42,2020,SKG,MT,0.305636234547489,0.6739130434782609,-0.36827680893077186,Disruptive
SKG_QA_181,2020,SKG,QA,0.2926558344492157,0.6576576576576577,-0.365001823208442,Disruptive
SKG_QA_178,2020,SKG,QA,0.2942438366163635,0.6881720430107527,-0.39392820639438925,Incremental
SKG_MT_81,2020,SKG,MT,0.3236756773448848,0.66,-0.33632432265511525,Disruptive
SKG_MT_76,2020,SKG,MT,0.312519129888182,0.7073170731707317,-0.3947979432825497,Incremental
SKG_QA_228,2020,SKG,QA,0.2196593820698984,0.6846153846153846,-0.4649560025454862,Incremental
SKG_QA_226,2020,SKG,QA,0.4493716720116173,0.6666666666666666,-0.2172949946550493,Disruptive
SKG_QA_222,2020,SKG,QA,0.3181944850980821,0.7894736842105263,-0.4712791991124442,Incremental
SKG_QA_217,2020,SKG,QA,0.3623313603241785,0.7323232323232324,-0.36999187199905387,Disruptive
SKG_SUM_75,2020,SKG,SUM,0.2831054588999019,0.8577777777777778,-0.5746723188778758,Incremental
SKG_MT_1182,2020,SKG,MT,0.3807949102214379,0.7555555555555555,-0.3747606453341176,Disruptive
SKG_MT_1040,2020,SKG,MT,0.3320597348670706,0.7441860465116279,-0.4121263116445573,Incremental
SKG_MT_1021,2020,SKG,MT,0.4814303780816312,1.0,-0.5185696219183689,Incremental
SKG_MT_1212,2020,SKG,MT,0.3194513618324807,0.6633663366336634,-0.3439149748011827,Disruptive
SKG_MT_974,2020,SKG,MT,0.2781630371938766,0.6901408450704225,-0.4119778078765459,Incremental
SKG_MT_967,2020,SKG,MT,0.3416051169704783,0.6666666666666666,-0.32506154969618833,Disruptive
SKG_MT_1251,2020,SKG,MT,0.3466448012016469,0.8461538461538461,-0.4995090449521992,Incremental
SKG_MT_1243,2020,SKG,MT,0.3963744031537066,0.7167381974248928,-0.32036379427118616,Disruptive
SKG_MT_1240,2020,SKG,MT,0.4818822604728134,0.75,-0.2681177395271866,Disruptive
SKG_QA_279,2020,SKG,QA,0.293736471420554,0.7975460122699386,-0.5038095408493846,Incremental
SKG_QA_264,2020,SKG,QA,0.3116609420716147,0.7654320987654321,-0.45377115669381735,Incremental
SKG_MT_264,2020,SKG,MT,0.3141237840849737,0.6595744680851063,-0.3454506840001326,Disruptive
SKG_MT_255,2020,SKG,MT,0.1881117125551151,0.8103448275862069,-0.6222331150310918,Incremental
SKG_PAR_213,2020,SKG,PAR,0.5029579790457958,0.8805970149253731,-0.37763903587957737,Disruptive
SKG_MT_65,2020,SKG,MT,0.3163126876202352,0.7014925373134329,-0.3851798496931977,Incremental
SKG_MT_54,2020,SKG,MT,0.2054747711846724,0.7,-0.49452522881532757,Incremental
SKG_MT_51,2020,SKG,MT,0.3243892271797054,0.6818181818181818,-0.35742895463847635,Disruptive
SKG_QA_250,2020,SKG,QA,0.3228983875373746,0.6607142857142857,-0.3378158981769111,Disruptive
SKG_QA_244,2020,SKG,QA,0.2973057628291281,0.7805907172995781,-0.48328495447045,Incremental
SKG_QA_239,2020,SKG,QA,0.349015107020266,0.7482517482517482,-0.3992366412314822,Incremental
SKG_PAR_211,2020,SKG,PAR,0.3315526478725544,0.6733333333333333,-0.34178068546077894,Disruptive
SKG_MT_269,2020,SKG,MT,0.3250815262246579,0.59375,-0.2686684737753421,Disruptive
SKG_MT_41,2020,SKG,MT,0.2796095396038515,0.7443946188340808,-0.46478507923022927,Incremental
SKG_MT_37,2020,SKG,MT,0.3468747993897556,0.673469387755102,-0.32659458836534644,Disruptive
SKG_MT_36,2020,SKG,MT,0.2910221987370571,0.64,-0.3489778012629429,Disruptive
SKG_MT_28,2020,SKG,MT,0.3188438952499631,0.6976744186046512,-0.3788305233546881,Incremental
SKG_QA_281,2020,SKG,QA,0.2447029609416305,0.6610169491525424,-0.4163139882109119,Incremental
SKG_QA_280,2020,SKG,QA,0.3426079161977318,0.7551020408163265,-0.4124941246185947,Incremental
SKG_SUM_55,2020,SKG,SUM,0.2540430537397678,0.85,-0.5959569462602321,Incremental
SKG_SUM_53,2020,SKG,SUM,0.3084693309934824,0.6989247311827957,-0.39045540018931335,Incremental
SKG_MT_1008,2020,SKG,MT,0.4829753917054958,0.7898550724637681,-0.30687968075827227,Disruptive
SKG_MT_1002,2020,SKG,MT,0.3196395230210589,0.620253164556962,-0.3006136415359031,Disruptive
SKG_MT_997,2020,SKG,MT,0.3460885135853351,0.6495726495726496,-0.3034841359873145,Disruptive
SKG_MT_996,2020,SKG,MT,0.3501116804215481,0.6538461538461539,-0.30373447342460574,Disruptive
SKG_MT_990,2020,SKG,MT,0.3270229076480885,0.6666666666666666,-0.33964375901857813,Disruptive
SKG_MT_978,2020,SKG,MT,0.3471675619810098,0.7741935483870968,-0.42702598640608697,Incremental
SKG_QA_323,2020,SKG,QA,0.2884074106499992,0.6607142857142857,-0.3723068750642865,Disruptive
SKG_QA_318,2020,SKG,QA,0.2747174674807511,0.7068965517241379,-0.4321790842433868,Incremental
SKG_QA_317,2020,SKG,QA,0.3061309558609273,0.6984924623115578,-0.3923615064506305,Incremental
SKG_QA_307,2020,SKG,QA,0.2769064170514322,0.7674418604651163,-0.4905354434136841,Incremental
SKG_QA_301,2020,SKG,QA,0.3252295051440977,0.8137931034482758,-0.4885635983041781,Incremental
SKG_QA_300,2020,SKG,QA,0.3265371351036447,0.7419354838709677,-0.41539834876732307,Incremental
SKG_QA_297,2020,SKG,QA,0.5248019440090744,0.7335640138408305,-0.20876206983175605,Disruptive
SKG_QA_293,2020,SKG,QA,0.2545912615102622,0.7050359712230215,-0.45044470971275935,Incremental
SKG_QA_290,2020,SKG,QA,0.2818178150829501,0.6326530612244898,-0.3508352461415397,Disruptive
SKG_QA_287,2020,SKG,QA,0.2584947523853175,0.8611111111111112,-0.6026163587257937,Incremental
SKG_MT_329,2020,SKG,MT,0.2595697048700949,0.7653061224489796,-0.5057364175788847,Incremental
SKG_MT_318,2020,SKG,MT,0.2945817572919829,0.6216216216216216,-0.3270398643296387,Disruptive
SKG_MT_310,2020,SKG,MT,0.2947093966764652,0.7972972972972973,-0.502587900620832,Incremental
SKG_MT_309,2020,SKG,MT,0.2861423859126325,0.6619718309859155,-0.375829445073283,Disruptive
SKG_MT_302,2020,SKG,MT,0.310239424988704,0.6557377049180327,-0.34549827992932874,Disruptive
SKG_MT_291,2020,SKG,MT,0.2864797585071518,0.7045454545454546,-0.4180656960383028,Incremental
SKG_SUM_3,2020,SKG,SUM,0.2855109105060047,0.6748466257668712,-0.38933571526086647,Incremental
SKG_DIA_72,2020,SKG,DIA,0.3307034787053075,0.8176100628930818,-0.4869065841877743,Incremental
SKG_PAR_137,2020,SKG,PAR,0.2746326695093268,0.8024691358024691,-0.5278364662931423,Incremental
SKG_PAR_132,2020,SKG,PAR,0.329788535814582,0.785234899328859,-0.45544636351427703,Incremental
SKG_PAR_131,2020,SKG,PAR,0.3641908644099053,0.6131386861313869,-0.2489478217214816,Disruptive
SKG_MT_361,2020,SKG,MT,0.3551547754004597,0.5990990990990991,-0.2439443236986394,Disruptive
SKG_MT_357,2020,SKG,MT,0.333500682186771,0.6067415730337079,-0.2732408908469369,Disruptive
SKG_MT_354,2020,SKG,MT,0.3784692451375493,0.691358024691358,-0.31288877955380867,Disruptive
SKG_MT_343,2020,SKG,MT,0.2737545048438609,0.7899159663865546,-0.5161614615426937,Incremental
SKG_PAR_163,2020,SKG,PAR,0.2988432528216666,0.8125,-0.5136567471783333,Incremental
SKG_PAR_150,2020,SKG,PAR,0.2988693383289903,0.819672131147541,-0.5208027928185507,Incremental
SKG_MT_330,2020,SKG,MT,0.4005926004264988,0.62,-0.2194073995735012,Disruptive
SKG_MT_8,2020,SKG,MT,0.2774540138227221,0.3774104683195592,-0.0999564544968371,Disruptive
SKG_MT_5,2020,SKG,MT,0.3804373648498146,0.6331360946745562,-0.2526987298247416,Disruptive
SKG_QA_326,2020,SKG,QA,0.3202294219136495,0.9333333333333332,-0.6131039114196837,Incremental
SKG_QA_325,2020,SKG,QA,0.2789199964018531,0.6774193548387096,-0.3984993584368565,Incremental
SKG_QA_368,2020,SKG,QA,0.3600868043644801,0.7878787878787878,-0.42779198351430775,Incremental
SKG_QA_363,2020,SKG,QA,0.3018409750380939,0.7792207792207793,-0.4773798041826854,Incremental
SKG_QA_313,2020,SKG,QA,0.3141759356805551,0.7448275862068966,-0.4306516505263415,Incremental
SKG_QA_351,2020,SKG,QA,0.3464750920193995,0.6813186813186813,-0.3348435892992818,Disruptive
SKG_QA_346,2020,SKG,QA,0.3563161757481734,0.7045454545454546,-0.34822927879728116,Disruptive
SKG_QA_342,2020,SKG,QA,0.3234197946572776,0.6623376623376623,-0.33891786768038473,Disruptive
SKG_QA_332,2020,SKG,QA,0.2962001967133602,0.7162162162162162,-0.42001601950285605,Incremental
SKG_QA_331,2020,SKG,QA,0.2701720270112102,0.8611111111111112,-0.5909390840999009,Incremental
SKG_SUM_28,2020,SKG,SUM,0.2545089771302343,0.6834862385321101,-0.4289772614018758,Incremental
SKG_SUM_26,2020,SKG,SUM,0.2557652122270215,0.7,-0.4442347877729785,Incremental
SKG_SUM_19,2020,SKG,SUM,0.2675627711555756,0.7553956834532374,-0.4878329122976618,Incremental
SKG_SUM_16,2020,SKG,SUM,0.3193438228194691,0.4366197183098591,-0.11727589549038997,Disruptive
SKG_SUM_14,2020,SKG,SUM,0.3271755280296246,0.7692307692307693,-0.4420552412011447,Incremental
SKG_SUM_13,2020,SKG,SUM,0.2997318278674681,0.7004405286343612,-0.40070870076689313,Incremental
SKG_SUM_10,2020,SKG,SUM,0.2457759842487382,0.7593582887700535,-0.5135823045213153,Incremental
SKG_SUM_9,2020,SKG,SUM,0.2635451358994144,0.737037037037037,-0.47349190113762263,Incremental
SKG_DIA_97,2020,SKG,DIA,0.256684538948826,0.6162790697674418,-0.35959453081861587,Disruptive
SKG_DIA_88,2020,SKG,DIA,0.4615968911914915,0.8543689320388349,-0.3927720408473434,Incremental
SKG_DIA_75,2020,SKG,DIA,0.2650502862474574,0.8076923076923077,-0.5426420214448503,Incremental
SKG_DIA_73,2020,SKG,DIA,0.3186955326028322,0.6901408450704225,-0.3714453124675903,Disruptive
SKG_QA_402,2020,SKG,QA,0.2934976289230444,0.746031746031746,-0.4525341171087017,Incremental
SKG_MT_434,2020,SKG,MT,0.2950302558667204,0.7333333333333333,-0.4383030774666129,Incremental
SKG_MT_430,2020,SKG,MT,0.3566517735644775,0.7912087912087912,-0.43455701764431365,Incremental
SKG_PAR_111,2020,SKG,PAR,0.3181229208273645,0.6547619047619048,-0.3366389839345403,Disruptive
SKG_MT_420,2020,SKG,MT,0.3043481638868418,0.5882352941176471,-0.28388713023080525,Disruptive
SKG_MT_418,2020,SKG,MT,0.3210596453019289,0.7941176470588235,-0.4730580017568946,Incremental
SKG_MT_407,2020,SKG,MT,0.3120613671036375,0.7619047619047619,-0.44984339480112434,Incremental
SKG_MT_392,2020,SKG,MT,0.3025870735617679,0.6675824175824175,-0.36499534402064965,Disruptive
SKG_MT_386,2020,SKG,MT,0.362823059216134,0.7338709677419355,-0.3710479085258015,Disruptive
SKG_MT_385,2020,SKG,MT,0.3320239481532783,0.6666666666666666,-0.33464271851338834,Disruptive
SKG_MT_383,2020,SKG,MT,0.366518318058751,0.7579617834394905,-0.3914434653807395,Incremental
SKG_PAR_146,2020,SKG,PAR,0.287751814533649,0.7181208053691275,-0.43036899083547847,Incremental
SKG_MT_1269,2020,SKG,MT,0.3217080950242219,0.5538461538461539,-0.232138058821932,Disruptive
SKG_MT_1262,2020,SKG,MT,0.3423909345873466,0.8351648351648352,-0.4927739005774886,Incremental
SKG_DIA_116,2020,SKG,DIA,0.338666808856339,0.743801652892562,-0.40513484403622296,Incremental
SKG_DIA_115,2020,SKG,DIA,0.2999009889772029,0.7094972067039106,-0.4095962177267077,Incremental
SKG_QA_360,2020,SKG,QA,0.3639458893370458,0.8461538461538461,-0.48220795681680034,Incremental
SKG_QA_391,2020,SKG,QA,0.3707619152090144,0.7916666666666666,-0.4209047514576522,Incremental
SKG_QA_383,2020,SKG,QA,0.2557239506870844,0.7592592592592593,-0.5035353085721749,Incremental
SKG_QA_374,2020,SKG,QA,0.4016616592867134,0.6875,-0.2858383407132866,Disruptive
SKG_QA_373,2020,SKG,QA,0.3898171966410406,0.7954545454545454,-0.4056373488135048,Incremental
SKG_QA_372,2020,SKG,QA,0.3339610307742131,0.7666666666666667,-0.43270563589245364,Incremental
SKG_QA_412,2020,SKG,QA,0.2859476274807511,0.7649769585253456,-0.47902933104459455,Incremental
SKG_QA_409,2020,SKG,QA,0.2956931338987196,0.7130434782608696,-0.41735034436214996,Incremental
SKG_QA_408,2020,SKG,QA,0.3572621093221206,0.7238095238095238,-0.3665474144874032,Disruptive
SKG_QA_406,2020,SKG,QA,0.327908972570098,0.6419753086419753,-0.3140663360718773,Disruptive
SKG_DIA_99,2020,SKG,DIA,0.3386344748579986,0.6851851851851852,-0.34655071032718665,Disruptive
SKG_DIA_98,2020,SKG,DIA,0.3419419545599867,0.6944444444444444,-0.3525024898844577,Disruptive
SKG_DIA_124,2020,SKG,DIA,0.3104691951848236,0.7727272727272727,-0.46225807754244913,Incremental
SKG_SA_586,2020,SKG,SA,0.333493320465389,0.6717557251908397,-0.3382624047254507,Disruptive
SKG_DIA_119,2020,SKG,DIA,0.2828322855085116,0.7295081967213115,-0.4466759112127999,Incremental
SKG_MT_1259,2020,SKG,MT,0.3444667355459382,0.7264150943396226,-0.3819483587936844,Incremental
SKG_QA_422,2020,SKG,QA,0.3561790480785808,0.7794117647058824,-0.42323271662730155,Incremental
SKG_QA_413,2020,SKG,QA,0.3030286916569322,0.7477477477477478,-0.4447190560908156,Incremental
SKG_QA_395,2020,SKG,QA,0.2892958234544524,0.6141304347826086,-0.3248346113281562,Disruptive
SKG_QA_393,2020,SKG,QA,0.328730501841783,0.7714285714285715,-0.4426980695867885,Incremental
SKG_MT_1238,2020,SKG,MT,0.3063868031651918,0.6208791208791209,-0.3144923177139291,Disruptive
SKG_MT_965,2020,SKG,MT,0.3082716643999342,0.6571428571428571,-0.34887119274292294,Disruptive
SKG_MT_963,2020,SKG,MT,0.3547527891837833,0.7468354430379747,-0.3920826538541914,Incremental
SKG_MT_949,2020,SKG,MT,0.332332854904876,0.7253521126760564,-0.39301925777118035,Incremental
SKG_MT_948,2020,SKG,MT,0.3598636667926779,0.7083333333333334,-0.3484696665406555,Disruptive
SKG_MT_943,2020,SKG,MT,0.3741238038087404,0.7070707070707071,-0.3329469032619667,Disruptive
SKG_MT_1274,2020,SKG,MT,0.3167342345705827,0.7450980392156863,-0.4283638046451036,Incremental
SKG_MT_1272,2020,SKG,MT,0.2994571867086981,0.7804878048780488,-0.4810306181693507,Incremental
SKG_MT_442,2020,SKG,MT,0.3506583328818313,0.6530612244897959,-0.3024028916079646,Disruptive
SKG_MT_438,2020,SKG,MT,0.2738128000573978,0.7384615384615385,-0.4646487384041407,Incremental
SKG_MT_436,2020,SKG,MT,0.3514149836634325,0.6950354609929078,-0.3436204773294753,Disruptive
SKG_QA_441,2020,SKG,QA,0.3634091162146518,0.7444444444444445,-0.3810353282297927,Incremental
SKG_DIA_112,2020,SKG,DIA,0.274340586370261,0.7862595419847328,-0.5119189556144719,Incremental
SKG_DIA_107,2020,SKG,DIA,0.3520429295778223,0.7083333333333334,-0.3562904037555111,Disruptive
SKG_DIA_105,2020,SKG,DIA,0.3257916727773607,0.7217741935483871,-0.3959825207710264,Incremental
SKG_DIA_103,2020,SKG,DIA,0.3092960779472386,0.7411764705882353,-0.4318803926409967,Incremental
SKG_DIA_102,2020,SKG,DIA,0.3298507415723655,0.723404255319149,-0.3935535137467835,Incremental
SKG_SA_620,2020,SKG,SA,0.3127397958703738,0.7258687258687259,-0.41312892999835205,Incremental
SKG_SA_591,2020,SKG,SA,0.4088545147717632,0.8571428571428571,-0.4482883423710939,Incremental
SKG_DIA_101,2020,SKG,DIA,0.2906496239338657,0.6883116883116883,-0.39766206437782264,Incremental
SKG_DIA_145,2020,SKG,DIA,0.3765779565756897,0.7272727272727273,-0.3506947706970376,Disruptive
SKG_DIA_144,2020,SKG,DIA,0.3014179642336305,0.7441860465116279,-0.4427680822779974,Incremental
SKG_DIA_143,2020,SKG,DIA,0.3011314979132846,0.8775510204081632,-0.5764195224948787,Incremental
SKG_DIA_126,2020,SKG,DIA,0.2761887032696984,0.75,-0.4738112967303016,Incremental
SKG_DIA_154,2020,SKG,DIA,0.370442644021693,0.7265625,-0.356119855978307,Disruptive
SKG_SA_548,2020,SKG,SA,0.3119670843257021,0.7960526315789473,-0.48408554725324526,Incremental
SKG_SA_546,2020,SKG,SA,0.3603332318080711,0.8,-0.43966676819192896,Incremental
SKG_SA_538,2020,SKG,SA,0.3430985898259661,0.703125,-0.3600264101740339,Disruptive
SKG_DIA_151,2020,SKG,DIA,0.3430683327847841,0.6846153846153846,-0.3415470518306005,Disruptive
SKG_QA_479,2020,SKG,QA,0.2687917230071908,0.688,-0.41920827699280916,Incremental
SKG_QA_477,2020,SKG,QA,0.424747840618693,0.75,-0.325252159381307,Disruptive
SKG_QA_460,2020,SKG,QA,0.3531838893276638,0.5,-0.1468161106723362,Disruptive
SKG_QA_458,2020,SKG,QA,0.4752218138728512,0.7470355731225297,-0.2718137592496785,Disruptive
SKG_MT_483,2020,SKG,MT,0.330523908506985,0.7246376811594203,-0.3941137726524353,Incremental
SKG_MT_479,2020,SKG,MT,0.3328142160057877,0.5454545454545454,-0.21264032944875771,Disruptive
SKG_MT_477,2020,SKG,MT,0.3104488686744822,0.8,-0.48955113132551786,Incremental
SKG_MT_464,2020,SKG,MT,0.3021850695110931,0.6666666666666666,-0.36448159715557354,Disruptive
SKG_MT_456,2020,SKG,MT,0.3255851346709112,0.6917808219178082,-0.366195687246897,Disruptive
SKG_MT_455,2020,SKG,MT,0.3684162005320456,0.5681818181818182,-0.19976561764977263,Disruptive
SKG_MT_450,2020,SKG,MT,0.3425343902935754,0.7117117117117117,-0.36917732141813625,Disruptive
SKG_MT_1323,2020,SKG,MT,0.3514873807953803,0.7157622739018088,-0.3642748931064285,Disruptive
SKG_MT_833,2020,SKG,MT,0.2609626895891593,0.7964071856287425,-0.5354444960395832,Incremental
SKG_QA_444,2020,SKG,QA,0.3116264819867314,0.7901234567901234,-0.47849697480339204,Incremental
SKG_QA_492,2020,SKG,QA,0.3023836875228571,0.75177304964539,-0.44938936212253294,Incremental
SKG_QA_486,2020,SKG,QA,0.2928483502587573,0.925,-0.6321516497412427,Incremental
SKG_MT_1258,2020,SKG,MT,0.3010894897870125,0.6416666666666667,-0.3405771768796542,Disruptive
SKG_MT_937,2020,SKG,MT,0.3080367034424116,0.5862068965517241,-0.2781701931093125,Disruptive
SKG_MT_908,2020,SKG,MT,0.3267604280261499,0.7549019607843137,-0.4281415327581638,Incremental
SKG_MT_898,2020,SKG,MT,0.3925468490463444,0.6942675159235668,-0.30172066687722243,Disruptive
SKG_MT_889,2020,SKG,MT,0.3314832114129698,0.691358024691358,-0.35987481327838816,Disruptive
SKG_MT_1289,2020,SKG,MT,0.3089748425228796,0.6911764705882353,-0.3822016280653557,Incremental
SKG_DIA_177,2020,SKG,DIA,0.3493682253966764,0.7869565217391304,-0.43758829634245405,Incremental
SKG_DIA_169,2020,SKG,DIA,0.2569082068937862,0.6504854368932039,-0.39357722999941774,Incremental
SKG_DIA_165,2020,SKG,DIA,0.2923778834945639,0.6448598130841121,-0.3524819295895482,Disruptive
SKG_DIA_159,2020,SKG,DIA,0.2838483162028699,0.7483443708609272,-0.4644960546580573,Incremental
SKG_DIA_155,2020,SKG,DIA,0.3127396645630811,0.7864077669902912,-0.47366810242721014,Incremental
SKG_SA_478,2020,SKG,SA,0.3057321153297923,0.61,-0.3042678846702077,Disruptive
SKG_SA_470,2020,SKG,SA,0.3210978883175511,0.7755102040816326,-0.45441231576408153,Incremental
SKG_MT_859,2020,SKG,MT,0.3250597423690474,0.7352941176470589,-0.4102343752780115,Incremental
SKG_MT_848,2020,SKG,MT,0.3003179624388453,0.7965116279069767,-0.49619366546813143,Incremental
SKG_MT_1345,2020,SKG,MT,0.3122595986680357,0.7731481481481481,-0.46088854948011243,Incremental
SKG_MT_1342,2020,SKG,MT,0.3394731356297956,0.7126436781609196,-0.37317054253112397,Disruptive
SKG_MT_1334,2020,SKG,MT,0.3510593941430707,0.6238532110091743,-0.27279381686610366,Disruptive
SKG_DIA_197,2020,SKG,DIA,0.286652809802621,0.6,-0.313347190197379,Disruptive
SKG_DIA_191,2020,SKG,DIA,0.299436310565681,0.6715328467153284,-0.37209653614964744,Disruptive
SKG_DIA_187,2020,SKG,DIA,0.3110552445451304,0.8135593220338984,-0.5025040774887679,Incremental
SKG_DIA_186,2020,SKG,DIA,0.3270989336947056,0.7058823529411765,-0.3787834192464709,Incremental
SKG_DIA_185,2020,SKG,DIA,0.2424178041407632,0.6990291262135923,-0.45661132207282906,Incremental
SKG_DIA_180,2020,SKG,DIA,0.2667948492524904,0.7818930041152263,-0.5150981548627359,Incremental
SKG_SA_519,2020,SKG,SA,0.2990956993571904,0.7058823529411765,-0.40678665358398614,Incremental
SKG_SA_518,2020,SKG,SA,0.2949323659376806,0.72,-0.4250676340623194,Incremental
SKG_MT_1331,2020,SKG,MT,0.2599550836294498,0.6243093922651933,-0.36435430863574353,Disruptive
SKG_DIA_237,2020,SKG,DIA,0.3158736229437107,0.6623376623376623,-0.34646403939395165,Disruptive
SKG_SA_2,2020,SKG,SA,0.3030872268875531,0.7269230769230769,-0.4238358500355238,Incremental
SKG_MT_826,2020,SKG,MT,0.2916527191508964,0.7378640776699029,-0.4462113585190065,Incremental
SKG_MT_1341,2020,SKG,MT,0.3317509005632773,0.6761904761904762,-0.34443957562719896,Disruptive
SKG_MT_634,2020,SKG,MT,0.3376041096797972,0.7014925373134329,-0.36388842763363566,Disruptive
SKG_MT_628,2020,SKG,MT,0.3592009771882317,0.7239583333333334,-0.3647573561451017,Disruptive
SKG_MT_543,2020,SKG,MT,0.2682328743109457,0.6610169491525424,-0.39278407484159666,Incremental
SKG_MT_267,2020,SKG,MT,0.4062116095282451,0.6344827586206897,-0.22827114909244461,Disruptive
SKG_SA_453,2020,SKG,SA,0.3142457663988088,0.8502673796791443,-0.5360216132803355,Incremental
SKG_SA_445,2020,SKG,SA,0.4968940633221296,0.7761194029850746,-0.27922533966294505,Disruptive
SKG_DIA_230,2020,SKG,DIA,0.3071426919236171,0.6956521739130435,-0.38850948198942636,Incremental
SKG_DIA_226,2020,SKG,DIA,0.2909045749620282,0.7013888888888888,-0.41048431392686063,Incremental
SKG_DIA_218,2020,SKG,DIA,0.2600520486800939,0.6666666666666666,-0.4066146179865727,Incremental
SKG_DIA_214,2020,SKG,DIA,0.3881523374677364,0.7791411042944786,-0.39098876682674216,Incremental
SKG_DIA_206,2020,SKG,DIA,0.274210682902431,0.7024793388429752,-0.4282686559405442,Incremental
SKG_SA_498,2020,SKG,SA,0.3588308011164361,0.61875,-0.2599191988835639,Disruptive
SKG_SUM_215,2020,SKG,SUM,0.3138040235435048,0.7411764705882353,-0.42737244704473054,Incremental
SKG_MT_814,2020,SKG,MT,0.2838048018209155,0.8027210884353742,-0.5189162866144587,Incremental
SKG_MT_811,2020,SKG,MT,0.3956000089692406,0.6746987951807228,-0.27909878621148226,Disruptive
SKG_MT_796,2020,SKG,MT,0.3465701922536152,0.7469879518072289,-0.4004177595536137,Incremental
SKG_MT_1368,2020,SKG,MT,0.2588151271251802,0.7222222222222222,-0.46340709509704203,Incremental
SKG_MT_1362,2020,SKG,MT,0.3511325795161472,0.6666666666666666,-0.31553408715051945,Disruptive
SKG_MT_1356,2020,SKG,MT,0.4400669741444024,0.7328767123287672,-0.2928097381843648,Disruptive
SKG_MT_1348,2020,SKG,MT,0.3803271410648486,0.6705882352941176,-0.290261094229269,Disruptive
SKG_MT_784,2020,SKG,MT,0.3555150932617834,0.7747747747747747,-0.41925968151299137,Incremental
SKG_DIA_265,2020,SKG,DIA,0.3297549714213473,0.7767441860465116,-0.44698921462516433,Incremental
SKG_DIA_264,2020,SKG,DIA,0.3132642846853023,0.6617647058823529,-0.3485004211970506,Disruptive
SKG_DIA_263,2020,SKG,DIA,0.2343906808850432,0.75,-0.5156093191149568,Incremental
SKG_DIA_262,2020,SKG,DIA,0.3443469008366701,0.6904761904761905,-0.3461292896395204,Disruptive
SKG_DIA_254,2020,SKG,DIA,0.3521711325884629,0.7659574468085106,-0.41378631422004775,Incremental
SKG_DIA_248,2020,SKG,DIA,0.4016616592867134,0.6875,-0.2858383407132866,Disruptive
SKG_DIA_244,2020,SKG,DIA,0.3576428026644942,0.7481481481481481,-0.3905053454836539,Incremental
SKG_DIA_273,2020,SKG,DIA,0.3162163013509296,0.7583333333333333,-0.4421170319824037,Incremental
SKG_MT_531,2020,SKG,MT,0.306832218217783,0.6666666666666666,-0.3598344484488836,Disruptive
SKG_MT_526,2020,SKG,MT,0.4123348976600062,0.7037037037037037,-0.2913688060436975,Disruptive
SKG_MT_525,2020,SKG,MT,0.3288216960596807,0.7578947368421053,-0.4290730407824246,Incremental
SKG_PAR_64,2020,SKG,PAR,0.3296077000490572,0.7878787878787878,-0.45827108782973064,Incremental
SKG_PAR_51,2020,SKG,PAR,0.3329465438503155,0.73125,-0.39830345614968443,Incremental
SKG_MT_521,2020,SKG,MT,0.3017221455962365,0.7105263157894737,-0.40880417019323717,Incremental
SKG_MT_512,2020,SKG,MT,0.305358484147066,0.6387096774193548,-0.3333511932722888,Disruptive
SKG_MT_499,2020,SKG,MT,0.2915243069206191,0.6621621621621622,-0.3706378552415431,Disruptive
SKG_PAR_83,2020,SKG,PAR,0.3353825452533821,0.6326530612244898,-0.2972705159711077,Disruptive
SKG_PAR_81,2020,SKG,PAR,0.2750954017244716,0.7659574468085106,-0.490862045084039,Incremental
SKG_PAR_70,2020,SKG,PAR,0.2687316317769028,0.8354430379746836,-0.5667114061977807,Incremental
SKG_MT_495,2020,SKG,MT,0.4891863331357413,0.6742424242424242,-0.18505609110668292,Disruptive
SKG_MT_490,2020,SKG,MT,0.2678605560567444,0.7746478873239436,-0.5067873312671992,Incremental
SKG_MT_489,2020,SKG,MT,0.3244506751587598,0.8688524590163934,-0.5444017838576336,Incremental
SKG_MT_486,2020,SKG,MT,0.4017761445671524,0.819672131147541,-0.4178959865803886,Incremental
SKG_MT_536,2020,SKG,MT,0.3487804021464141,0.7758620689655172,-0.42708166681910315,Incremental
SKG_DIA_236,2020,SKG,DIA,0.1863407070284878,0.7051282051282052,-0.5187874980997174,Incremental
SKG_DIA_232,2020,SKG,DIA,0.2761140842986072,0.6518518518518519,-0.37573776755324473,Disruptive
SKG_SA_467,2020,SKG,SA,0.2642865980642008,0.7528735632183908,-0.48858696515419003,Incremental
SKG_MT_782,2020,SKG,MT,0.3177245129638305,0.6336633663366337,-0.3159388533728032,Disruptive
SKG_MT_776,2020,SKG,MT,0.2793745069112845,0.6344086021505376,-0.3550340952392531,Disruptive
SKG_MT_775,2020,SKG,MT,0.3424144259194628,0.7342657342657343,-0.39185130834627147,Incremental
SKG_MT_774,2020,SKG,MT,0.2910862887020083,0.69,-0.39891371129799164,Incremental
SKG_MT_769,2020,SKG,MT,0.3052123141719273,0.7712765957446809,-0.4660642815727536,Incremental
SKG_MT_1393,2020,SKG,MT,0.365319438510542,0.68,-0.31468056148945805,Disruptive
SKG_MT_1391,2020,SKG,MT,0.334218429774717,0.728,-0.393781570225283,Incremental
SKG_MT_1382,2020,SKG,MT,0.3173187409765919,0.765625,-0.4483062590234081,Incremental
SKG_MT_766,2020,SKG,MT,0.2979908948745775,0.6129032258064516,-0.3149123309318741,Disruptive
SKG_DIA_289,2020,SKG,DIA,0.3420540714283416,0.8125,-0.4704459285716584,Incremental
SKG_DIA_286,2020,SKG,DIA,0.324749534749047,0.8201438848920863,-0.49539435014303934,Incremental
SKG_DIA_283,2020,SKG,DIA,0.324536609689378,0.8,-0.47546339031062207,Incremental
SKG_DIA_309,2020,SKG,DIA,0.3717292674951383,0.7386363636363636,-0.36690709614122535,Disruptive
SKG_DIA_305,2020,SKG,DIA,0.345983232118134,0.7877094972067039,-0.44172626508856994,Incremental
SKG_SA_413,2020,SKG,SA,0.3302244144937061,0.7738095238095238,-0.44358510931581774,Incremental
SKG_SA_408,2020,SKG,SA,0.3192673331237159,0.757085020242915,-0.4378176871191991,Incremental
SKG_SA_403,2020,SKG,SA,0.2930787881225671,0.6060606060606061,-0.312981817938039,Disruptive
SKG_SA_402,2020,SKG,SA,0.3893711217224467,0.7301587301587301,-0.3407876084362834,Disruptive
SKG_DIA_297,2020,SKG,DIA,0.2929900995825957,0.5728643216080402,-0.27987422202544454,Disruptive
SKG_SA_58,2020,SKG,SA,0.2829607718302774,0.7062146892655368,-0.42325391743525936,Incremental
SKG_SA_57,2020,SKG,SA,0.3167486457664801,0.6735537190082644,-0.35680507324178434,Disruptive
SKG_SA_55,2020,SKG,SA,0.3050195485713621,0.6111111111111112,-0.30609156253974906,Disruptive
SKG_SA_54,2020,SKG,SA,0.2915589854150688,0.7560975609756098,-0.46453857556054096,Incremental
SKG_SUM_209,2020,SKG,SUM,0.2982556393491327,0.6457142857142857,-0.347458646365153,Disruptive
SKG_SUM_206,2020,SKG,SUM,0.2623521064842374,0.7204301075268817,-0.45807800104264434,Incremental
SKG_PAR_13,2020,SKG,PAR,0.3305744940850838,0.6567164179104478,-0.32614192382536394,Disruptive
SKG_MT_568,2020,SKG,MT,0.2760185042679843,0.6904761904761905,-0.41445768620820617,Incremental
SKG_MT_541,2020,SKG,MT,0.296711399230957,0.7666666666666667,-0.4699552674357097,Incremental
SKG_SA_95,2020,SKG,SA,0.3025336944207314,0.7023809523809523,-0.3998472579602209,Incremental
SKG_SA_94,2020,SKG,SA,0.2604290960448118,0.7899159663865546,-0.5294868703417428,Incremental
SKG_SA_91,2020,SKG,SA,0.3122501386621166,0.8181818181818182,-0.5059316795197016,Incremental
SKG_SA_87,2020,SKG,SA,0.3978467547260806,0.7380952380952381,-0.34024848336915753,Disruptive
SKG_SA_84,2020,SKG,SA,0.2706423196216146,0.6666666666666666,-0.396024347045052,Incremental
SKG_SA_81,2020,SKG,SA,0.0735195525444577,0.5,-0.4264804474555423,Incremental
SKG_SA_71,2020,SKG,SA,0.3081118021743755,0.7931034482758621,-0.4849916461014866,Incremental
SKG_DIA_270,2020,SKG,DIA,0.4110674127924173,0.8888888888888888,-0.4778214760964715,Incremental
SKG_MT_760,2020,SKG,MT,0.2766840356962313,0.7481481481481481,-0.47146411245191683,Incremental
SKG_MT_749,2020,SKG,MT,0.3388336422957763,0.684931506849315,-0.34609786455353875,Disruptive
SKG_MT_746,2020,SKG,MT,0.2429993514974184,0.6538461538461539,-0.4108468023487355,Incremental
SKG_MT_730,2020,SKG,MT,0.390979063851132,0.6018518518518519,-0.21087278800071985,Disruptive
SKG_MT_1409,2020,SKG,MT,0.304468014543277,0.6666666666666666,-0.36219865212338964,Disruptive
SKG_MT_1407,2020,SKG,MT,0.2700902090144099,0.7716535433070866,-0.5015633342926766,Incremental
SKG_DIA_314,2020,SKG,DIA,0.3471514184168429,0.6601941747572816,-0.3130427563404387,Disruptive
SKG_DIA_311,2020,SKG,DIA,0.3300121452263571,0.7169811320754716,-0.38696898684911457,Incremental
SKG_MT_718,2020,SKG,MT,0.3136895755580008,0.7931034482758621,-0.4794138727178613,Incremental
SKG_MT_714,2020,SKG,MT,0.2618215320450146,0.7346938775510204,-0.4728723455060058,Incremental
SKG_MT_693,2020,SKG,MT,0.2940690920355032,0.7115384615384616,-0.4174693695029584,Incremental
SKG_MT_689,2020,SKG,MT,0.3107724669559423,0.7066666666666667,-0.39589419971072437,Incremental
SKG_MT_685,2020,SKG,MT,0.3520796850469045,0.7159090909090909,-0.36382940586218643,Disruptive
SKG_MT_1450,2020,SKG,MT,0.3426491984638491,0.6691729323308271,-0.32652373386697797,Disruptive
SKG_MT_1447,2020,SKG,MT,0.2561139792669362,0.6666666666666666,-0.41055268739973044,Incremental
SKG_MT_1431,2020,SKG,MT,0.3069255574361418,0.6701030927835051,-0.3631775353473633,Disruptive
NOVEL_MT_9,2020,NOVEL,MT,0.3606427226867774,0.5094339622641509,-0.14879123957737356,Disruptive
SKG_SA_384,2020,SKG,SA,0.3435999805989454,0.7564766839378239,-0.41287670333887844,Incremental
SKG_SA_150,2020,SKG,SA,0.3420098575800496,0.7509881422924901,-0.4089782847124405,Incremental
NOVEL_MT_163,2020,NOVEL,MT,0.3919996278896781,0.6804123711340206,-0.2884127432443425,Disruptive
SKG_SA_137,2020,SKG,SA,0.2720372111350824,0.6885245901639344,-0.416487379028852,Incremental
SKG_SA_133,2020,SKG,SA,0.3344553327082025,0.808641975308642,-0.4741866426004395,Incremental
SKG_SA_124,2020,SKG,SA,0.3460373275149777,0.7092198581560284,-0.3631825306410507,Disruptive
SKG_SA_102,2020,SKG,SA,0.2672445605167947,0.76,-0.4927554394832053,Incremental
SKG_SA_371,2020,SKG,SA,0.3486426646553318,0.5984251968503937,-0.24978253219506197,Disruptive
SKG_SA_358,2020,SKG,SA,0.2810864657176824,0.7962962962962963,-0.5152098305786139,Incremental
SKG_DIA_317,2020,SKG,DIA,0.3603026659542789,0.7077922077922078,-0.34748954183792885,Disruptive
SKG_DIA_315,2020,SKG,DIA,0.3943071729805113,0.6976744186046512,-0.30336724562413986,Disruptive
SKG_MT_1430,2020,SKG,MT,0.3022890988535484,0.6434108527131783,-0.34112175385962995,Disruptive
SKG_MT_1428,2020,SKG,MT,0.350294664967533,0.8064516129032258,-0.4561569479356928,Incremental
SKG_MT_677,2020,SKG,MT,0.3429727140484874,0.5507246376811594,-0.20775192363267203,Disruptive
SKG_MT_656,2020,SKG,MT,0.3355569667022105,0.7545454545454545,-0.418988487843244,Incremental
SKG_MT_631,2020,SKG,MT,0.3490519868202892,0.7246376811594203,-0.3755856943391311,Disruptive
SKG_NLI_3,2020,SKG,NLI,0.3500674741250313,0.7236842105263158,-0.3736167364012845,Disruptive
SKG_NLI_0,2020,SKG,NLI,0.4995991198050913,0.802547770700637,-0.3029486508955457,Disruptive
SKG_SA_350,2020,SKG,SA,0.3679079497208764,0.7804878048780488,-0.4125798551571724,Incremental
SKG_SA_345,2020,SKG,SA,0.3087311374912705,0.6634146341463415,-0.354683496655071,Disruptive
SKG_SA_344,2020,SKG,SA,0.2344527311424779,0.6942148760330579,-0.45976214489058,Incremental
SKG_SA_156,2020,SKG,SA,0.2324027543653144,0.6868686868686869,-0.4544659325033724,Incremental
SKG_DIA_293,2020,SKG,DIA,0.2641714951495114,0.6285714285714286,-0.3643999334219172,Disruptive
SKG_SA_233,2020,SKG,SA,0.3774653375533947,0.8070175438596491,-0.4295522063062544,Incremental
SKG_SA_231,2020,SKG,SA,0.3504620240134887,0.722972972972973,-0.37251094895948433,Disruptive
SKG_SA_214,2020,SKG,SA,0.2661625452978188,0.8461538461538461,-0.5799913008560273,Incremental
SKG_SA_205,2020,SKG,SA,0.3328433213366036,0.7384615384615385,-0.4056182171249349,Incremental
SKG_NLI_17,2020,SKG,NLI,0.3699930232662429,0.7410071942446043,-0.37101417097836137,Disruptive
SKG_NLI_16,2020,SKG,NLI,0.3327229560671756,0.746268656716418,-0.41354570064924234,Incremental
SKG_NLI_8,2020,SKG,NLI,0.3801723632335151,0.7096774193548387,-0.32950505612132364,Disruptive
SKG_NLI_5,2020,SKG,NLI,0.336169718708403,0.6301369863013698,-0.2939672675929668,Disruptive
SKG_MT_594,2020,SKG,MT,0.3096537181925323,0.6996047430830039,-0.3899510248904716,Incremental
SKG_MT_579,2020,SKG,MT,0.3237089343178231,0.7391304347826086,-0.41542150046478554,Incremental
SKG_MT_573,2020,SKG,MT,0.3343512281486813,0.6631578947368421,-0.32880666658816077,Disruptive
SKG_PAR_32,2020,SKG,PAR,0.2821631010630468,0.83,-0.5478368989369531,Incremental
SKG_PAR_26,2020,SKG,PAR,0.3397903162353796,0.7207792207792207,-0.38098890454384116,Incremental
SKG_PAR_23,2020,SKG,PAR,0.2724450564009186,0.75,-0.4775549435990814,Incremental
SKG_PAR_21,2020,SKG,PAR,0.3272654372722492,0.6952380952380952,-0.367972657965846,Disruptive
SKG_PAR_16,2020,SKG,PAR,0.2372788548188016,0.6708860759493671,-0.4336072211305655,Incremental
SKG_MT_1142,2020,SKG,MT,0.3629784498768507,0.6206896551724138,-0.25771120529556313,Disruptive
SKG_MT_1128,2020,SKG,MT,0.3486582431764865,0.7101449275362319,-0.3614866843597454,Disruptive
SKG_MT_1126,2020,SKG,MT,0.2943880937627445,0.8131868131868132,-0.5187987194240686,Incremental
SKG_MT_1104,2020,SKG,MT,0.2877788107751472,0.7350427350427351,-0.4472639242675879,Incremental
SKG_MT_1181,2020,SKG,MT,0.2904429479672195,0.7413793103448276,-0.45093636237760815,Incremental
SKG_MT_1180,2020,SKG,MT,0.3497543866873661,0.6932515337423313,-0.3434971470549652,Disruptive
SKG_MT_1178,2020,SKG,MT,0.3322228248956403,0.68,-0.34777717510435974,Disruptive
SKG_MT_1164,2020,SKG,MT,0.3542150479295087,0.7203389830508474,-0.36612393512133873,Disruptive
SKG_MT_1094,2020,SKG,MT,0.3319999001193618,0.7894736842105263,-0.4574737840911645,Incremental
SKG_DIA_16,2020,SKG,DIA,0.2712782081877775,0.7539267015706806,-0.48264849338290317,Incremental
SKG_DIA_14,2020,SKG,DIA,0.34683820561551,0.8181818181818182,-0.47134361256630825,Incremental
SKG_DIA_13,2020,SKG,DIA,0.2730735923569089,0.7931034482758621,-0.5200298559189531,Incremental
SKG_QA_2,2020,SKG,QA,0.3037720585314367,0.5681818181818182,-0.26440975965038155,Disruptive
SKG_MT_226,2020,SKG,MT,0.3342552788171994,0.6266666666666667,-0.2924113878494673,Disruptive
SKG_MT_208,2020,SKG,MT,0.2832689951370525,0.6511627906976745,-0.36789379556062196,Disruptive
SKG_MT_207,2020,SKG,MT,0.3503095490860168,0.6363636363636364,-0.28605408727761955,Disruptive
SKG_SA_284,2020,SKG,SA,0.3402177916256391,0.6680161943319838,-0.3277984027063447,Disruptive
SKG_MT_1149,2020,SKG,MT,0.3262775671165071,0.7,-0.3737224328834929,Disruptive
SKG_SUM_160,2020,SKG,SUM,0.2781631100636716,0.7264150943396226,-0.448251984275951,Incremental
SKG_SUM_170,2020,SKG,SUM,0.3361354065592772,0.615,-0.2788645934407228,Disruptive
SKG_MT_1143,2020,SKG,MT,0.3275410956432045,0.746268656716418,-0.41872756107321346,Incremental
SKG_MT_1145,2020,SKG,MT,0.3670853129886302,0.6285714285714286,-0.2614861155827984,Disruptive
SKG_MT_1146,2020,SKG,MT,0.348886393123037,0.7398373983739838,-0.3909510052509468,Incremental
SKG_SUM_184,2020,SKG,SUM,0.365489038362868,0.796875,-0.431385961637132,Incremental
NOVEL_DIA_59,2021,NOVEL,DIA,0.483860554182184,0.59375,-0.10988944581781601,Disruptive
NOVEL_DIA_56,2021,NOVEL,DIA,0.2762553485825777,0.6,-0.32374465141742226,Disruptive
NOVEL_DIA_55,2021,NOVEL,DIA,0.3062186228513516,0.8387096774193549,-0.5324910545680033,Incremental
NOVEL_DIA_54,2021,NOVEL,DIA,0.2735266411257426,0.7704918032786885,-0.4969651621529459,Incremental
NOVEL_DIA_53,2021,NOVEL,DIA,0.3448266627019046,0.7089552238805971,-0.36412856117869247,Disruptive
NOVEL_DIA_52,2021,NOVEL,DIA,0.3476449109323992,0.7708333333333334,-0.4231884224009342,Incremental
NOVEL_DIA_51,2021,NOVEL,DIA,0.4943808900018595,0.7786885245901639,-0.28430763458830444,Disruptive
NOVEL_DIA_50,2021,NOVEL,DIA,0.292538093206437,0.6601941747572816,-0.3676560815508446,Disruptive
NOVEL_DIA_49,2021,NOVEL,DIA,0.4622086786044128,0.9375,-0.4752913213955872,Incremental
NOVEL_DIA_47,2021,NOVEL,DIA,0.4092930828120166,0.6935483870967742,-0.28425530428475765,Disruptive
NOVEL_DIA_45,2021,NOVEL,DIA,0.2876754029594525,0.8164251207729468,-0.5287497178134943,Incremental
NOVEL_DIA_44,2021,NOVEL,DIA,0.302858227007106,0.7278481012658228,-0.42498987425871676,Incremental
NOVEL_DIA_43,2021,NOVEL,DIA,0.248961382641187,0.84,-0.5910386173588129,Incremental
NOVEL_DIA_42,2021,NOVEL,DIA,0.3333478560656549,0.6538461538461539,-0.32049829778049893,Disruptive
NOVEL_DIA_41,2021,NOVEL,DIA,0.5203745764504952,0.75,-0.22962542354950477,Disruptive
NOVEL_DIA_40,2021,NOVEL,DIA,0.4025271012813703,0.4827586206896552,-0.08023151940828488,Disruptive
NOVEL_DIA_10,2021,NOVEL,DIA,0.3014800380603479,0.7313432835820896,-0.42986324552174165,Incremental
NOVEL_DIA_11,2021,NOVEL,DIA,0.5207537599105416,0.746268656716418,-0.22551489680587633,Disruptive
NOVEL_DIA_12,2021,NOVEL,DIA,0.3565241086585636,0.7121212121212122,-0.35559710346264856,Disruptive
NOVEL_DIA_13,2021,NOVEL,DIA,0.2696750301640236,0.6724137931034483,-0.4027387629394247,Incremental
NOVEL_DIA_14,2021,NOVEL,DIA,0.2312443217388422,0.6388888888888888,-0.4076445671500466,Incremental
NOVEL_DIA_16,2021,NOVEL,DIA,0.5330545747519705,0.7432432432432432,-0.2101886684912727,Disruptive
NOVEL_DIA_17,2021,NOVEL,DIA,0.3382115373250749,0.6845637583892618,-0.34635222106418684,Disruptive
NOVEL_DIA_18,2021,NOVEL,DIA,0.3288710311147036,0.6645569620253164,-0.33568593091061283,Disruptive
NOVEL_DIA_20,2021,NOVEL,DIA,0.3128676954477443,0.8227848101265823,-0.509917114678838,Incremental
NOVEL_DIA_21,2021,NOVEL,DIA,0.2888687760505757,0.851063829787234,-0.5621950537366583,Incremental
NOVEL_MT_62,2021,NOVEL,MT,0.3362803763565239,0.8235294117647058,-0.48724903540818193,Incremental
NOVEL_MT_61,2021,NOVEL,MT,0.3012625055588873,0.6721311475409836,-0.3708686419820963,Disruptive
NOVEL_MT_54,2021,NOVEL,MT,0.512907225200952,0.6739130434782609,-0.16100581827730887,Disruptive
NOVEL_MT_53,2021,NOVEL,MT,0.4712195653789172,0.7114093959731543,-0.24018983059423715,Disruptive
NOVEL_MT_52,2021,NOVEL,MT,0.3539982922195833,0.6825396825396826,-0.32854139032009927,Disruptive
NOVEL_MT_91,2021,NOVEL,MT,0.34552834618341,0.6844444444444444,-0.3389160982610344,Disruptive
NOVEL_MT_89,2021,NOVEL,MT,0.4538479271805146,0.675,-0.22115207281948546,Disruptive
NOVEL_MT_88,2021,NOVEL,MT,0.3793827128380129,0.7019230769230769,-0.322540364085064,Disruptive
NOVEL_MT_86,2021,NOVEL,MT,0.4658658046324006,0.6995515695067265,-0.23368576487432585,Disruptive
NOVEL_MT_83,2021,NOVEL,MT,0.3377214616355301,0.5476190476190477,-0.2098975859835176,Disruptive
NOVEL_MT_82,2021,NOVEL,MT,0.3371861069132277,0.7422222222222222,-0.4050361153089945,Incremental
NOVEL_MT_81,2021,NOVEL,MT,0.2090227864910817,0.7424242424242424,-0.5334014559331608,Incremental
NOVEL_MT_78,2021,NOVEL,MT,0.4874410607340836,0.7272727272727273,-0.23983166653864368,Disruptive
NOVEL_MT_29,2021,NOVEL,MT,0.277844762556278,0.7263157894736842,-0.44847102691740626,Incremental
NOVEL_MT_26,2021,NOVEL,MT,0.3108389988778121,0.6148148148148148,-0.30397581593700274,Disruptive
NOVEL_MT_63,2021,NOVEL,MT,0.4878119192988026,0.5411764705882353,-0.05336455128943268,Disruptive
NOVEL_MT_23,2021,NOVEL,MT,0.2768666014563931,0.7207207207207207,-0.4438541192643276,Incremental
NOVEL_MT_21,2021,NOVEL,MT,0.2446772769611903,0.84,-0.5953227230388096,Incremental
NOVEL_MT_19,2021,NOVEL,MT,0.3552229243652794,0.6159420289855072,-0.2607191046202278,Disruptive
NOVEL_MT_17,2021,NOVEL,MT,0.3081727111321958,0.7520325203252033,-0.4438598091930075,Incremental
NOVEL_MT_16,2021,NOVEL,MT,0.3475673595060975,0.797979797979798,-0.4504124384737005,Incremental
NOVEL_MT_15,2021,NOVEL,MT,0.4940228833536396,0.7878787878787878,-0.29385590452514826,Disruptive
NOVEL_MT_11,2021,NOVEL,MT,0.5391902667966415,0.7195121951219512,-0.1803219283253097,Disruptive
NOVEL_MT_49,2021,NOVEL,MT,0.2850619718252736,0.664179104477612,-0.3791171326523384,Incremental
NOVEL_MT_47,2021,NOVEL,MT,0.4751439683416247,0.6494845360824743,-0.17434056774084955,Disruptive
NOVEL_MT_45,2021,NOVEL,MT,0.374580800543684,0.675,-0.30041919945631607,Disruptive
NOVEL_MT_42,2021,NOVEL,MT,0.2424855118886497,0.7265625,-0.4840769881113503,Incremental
NOVEL_MT_40,2021,NOVEL,MT,0.473181916133037,0.6625,-0.18931808386696297,Disruptive
NOVEL_MT_39,2021,NOVEL,MT,0.3287078794763152,0.6549295774647887,-0.32622169798847356,Disruptive
NOVEL_MT_37,2021,NOVEL,MT,0.4983652676058922,0.5822784810126582,-0.083913213406766,Disruptive
NOVEL_MT_35,2021,NOVEL,MT,0.2492010022313455,0.8333333333333334,-0.5841323311019879,Incremental
NOVEL_MT_31,2021,NOVEL,MT,0.3504861214450622,0.7286245353159851,-0.37813841387092295,Disruptive
NOVEL_MT_77,2021,NOVEL,MT,0.3455780368529598,0.6833333333333333,-0.33775529648037356,Disruptive
NOVEL_MT_74,2021,NOVEL,MT,0.3456373834469542,0.7290076335877863,-0.3833702501408321,Incremental
NOVEL_MT_71,2021,NOVEL,MT,0.3189387585975443,0.5905511811023622,-0.2716124225048179,Disruptive
NOVEL_MT_67,2021,NOVEL,MT,0.3614739138196094,0.7258064516129032,-0.36433253779329383,Disruptive
NOVEL_MT_66,2021,NOVEL,MT,0.5080413744311054,0.7457627118644068,-0.23772133743330137,Disruptive
NOVEL_MT_64,2021,NOVEL,MT,0.295082206912731,0.6796875,-0.384605293087269,Incremental
NOVEL_MT_105,2021,NOVEL,MT,0.276754363561733,0.8,-0.523245636438267,Incremental
NOVEL_MT_104,2021,NOVEL,MT,0.3303139018229734,0.6329113924050633,-0.30259749058208996,Disruptive
NOVEL_MT_101,2021,NOVEL,MT,0.275350321315032,0.7619047619047619,-0.48655444058972985,Incremental
NOVEL_MT_99,2021,NOVEL,MT,0.2738441822772844,0.72,-0.44615581772271556,Incremental
NOVEL_MT_96,2021,NOVEL,MT,0.4862731350798941,0.628099173553719,-0.1418260384738249,Disruptive
NOVEL_MT_93,2021,NOVEL,MT,0.343733514324537,0.7077922077922078,-0.3640586934676707,Disruptive
NOVEL_MT_92,2021,NOVEL,MT,0.3727881407992006,0.7236842105263158,-0.35089606972711523,Disruptive
NOVEL_MT_25,2021,NOVEL,MT,0.2807459521524881,0.7021276595744681,-0.42138170742198,Incremental
NOVEL_MT_24,2021,NOVEL,MT,0.4946603681080438,0.788235294117647,-0.2935749260096032,Disruptive
NOVEL_MT_125,2021,NOVEL,MT,0.3614509466237848,0.64,-0.2785490533762152,Disruptive
NOVEL_MT_124,2021,NOVEL,MT,0.4683489813386368,0.7692307692307693,-0.3008817878921325,Disruptive
NOVEL_MT_122,2021,NOVEL,MT,0.3820009149940514,0.6936170212765957,-0.3116161062825443,Disruptive
NOVEL_MT_121,2021,NOVEL,MT,0.5046932181723576,0.7407407407407407,-0.23604752256838313,Disruptive
NOVEL_MT_120,2021,NOVEL,MT,0.3320408977444428,0.6649484536082474,-0.3329075558638046,Disruptive
NOVEL_MT_118,2021,NOVEL,MT,0.2992989999040201,0.6936936936936937,-0.3943946937896736,Incremental
NOVEL_MT_117,2021,NOVEL,MT,0.2600229795592705,0.7478991596638656,-0.48787618010459505,Incremental
NOVEL_MT_116,2021,NOVEL,MT,0.2918595518936224,0.6881720430107527,-0.39631249111713035,Incremental
NOVEL_MT_115,2021,NOVEL,MT,0.3628371063968688,0.7094017094017094,-0.34656460300484065,Disruptive
NOVEL_MT_113,2021,NOVEL,MT,0.3712977704290003,0.7197452229299363,-0.34844745250093595,Disruptive
NOVEL_MT_112,2021,NOVEL,MT,0.2619354176820556,0.8095238095238095,-0.5475883918417539,Incremental
NOVEL_MT_110,2021,NOVEL,MT,0.3283919186245431,0.7398373983739838,-0.4114454797494407,Incremental
NOVEL_MT_109,2021,NOVEL,MT,0.292340138178673,0.6956521739130435,-0.40331203573437047,Incremental
NOVEL_MT_108,2021,NOVEL,MT,0.2975088030828677,0.6153846153846154,-0.3178758123017477,Disruptive
NOVEL_MT_107,2021,NOVEL,MT,0.3450770817957461,0.7567567567567568,-0.4116796749610107,Incremental
NOVEL_MT_10,2021,NOVEL,MT,0.3805419143979665,0.6833333333333333,-0.3027914189353669,Disruptive
NOVEL_MT_5,2021,NOVEL,MT,0.3028410540452394,0.5955882352941176,-0.2927471812488782,Disruptive
NOVEL_MT_4,2021,NOVEL,MT,0.248041233130877,0.8333333333333334,-0.5852921002024564,Incremental
NOVEL_MT_2,2021,NOVEL,MT,0.2723196411184578,0.6212121212121212,-0.3488924800936634,Disruptive
NOVEL_MT_0,2021,NOVEL,MT,0.28933877507389,0.6164383561643836,-0.3270995810904936,Disruptive
NOVEL_MT_141,2021,NOVEL,MT,0.3730073729647706,0.6756756756756757,-0.30266830271090506,Disruptive
NOVEL_MT_140,2021,NOVEL,MT,0.3199107087020377,0.7558139534883721,-0.4359032447863344,Incremental
NOVEL_MT_139,2021,NOVEL,MT,0.5303570928874954,0.6789473684210526,-0.1485902755335572,Disruptive
NOVEL_MT_137,2021,NOVEL,MT,0.3819249807547373,0.7040816326530612,-0.32215665189832393,Disruptive
NOVEL_MT_133,2021,NOVEL,MT,0.319187842877898,0.6510067114093959,-0.33181886853149795,Disruptive
NOVEL_MT_132,2021,NOVEL,MT,0.3718961987484143,0.6973684210526315,-0.32547222230421724,Disruptive
NOVEL_MT_130,2021,NOVEL,MT,0.2957888520915249,0.7282608695652174,-0.4324720174736925,Incremental
NOVEL_MT_128,2021,NOVEL,MT,0.5056970147904006,0.8363636363636363,-0.3306666215732357,Disruptive
NOVEL_MT_127,2021,NOVEL,MT,0.3727577900410881,0.6170212765957447,-0.24426348655465657,Disruptive
NOVEL_MT_167,2021,NOVEL,MT,0.501750585362616,0.7205882352941176,-0.21883764993150168,Disruptive
NOVEL_MT_165,2021,NOVEL,MT,0.2564604309846724,0.7339449541284404,-0.477484523143768,Incremental
NOVEL_MT_161,2021,NOVEL,MT,0.5471578655971054,0.7037037037037037,-0.15654583810659828,Disruptive
NOVEL_MT_156,2021,NOVEL,MT,0.3032351983375027,0.7322834645669292,-0.4290482662294265,Incremental
NOVEL_MT_155,2021,NOVEL,MT,0.371336868478813,0.6,-0.228663131521187,Disruptive
NOVEL_MT_154,2021,NOVEL,MT,0.4845876042234921,0.7534246575342466,-0.26883705331075447,Disruptive
NOVEL_MT_153,2021,NOVEL,MT,0.3372225012272166,0.5846994535519126,-0.24747695232469596,Disruptive
NOVEL_MT_150,2021,NOVEL,MT,0.5118649631073413,0.6206896551724138,-0.1088246920650725,Disruptive
NOVEL_MT_148,2021,NOVEL,MT,0.3623247542548268,0.71,-0.34767524574517317,Disruptive
NOVEL_MT_144,2021,NOVEL,MT,0.5009128275442029,0.7198275862068966,-0.21891475866269372,Disruptive
NOVEL_MT_179,2021,NOVEL,MT,0.5141027358140158,0.6770833333333334,-0.1629805975193176,Disruptive
NOVEL_MT_177,2021,NOVEL,MT,0.2707895800886368,0.782608695652174,-0.5118191155635372,Incremental
NOVEL_MT_174,2021,NOVEL,MT,0.2943411821947801,0.6323529411764706,-0.33801175898169045,Disruptive
NOVEL_MT_172,2021,NOVEL,MT,0.5111666562145581,0.6859903381642513,-0.1748236819496931,Disruptive
NOVEL_MT_168,2021,NOVEL,MT,0.342752170453024,0.7419354838709677,-0.3991833134179438,Incremental
NOVEL_MT_198,2021,NOVEL,MT,0.485292660482766,0.6973684210526315,-0.21207576056986555,Disruptive
NOVEL_MT_193,2021,NOVEL,MT,0.3665424153392211,0.6829268292682927,-0.31638441392907163,Disruptive
NOVEL_MT_192,2021,NOVEL,MT,0.2921154608988774,0.8,-0.5078845391011226,Incremental
NOVEL_MT_190,2021,NOVEL,MT,0.3512604716271635,0.7469879518072289,-0.39572748018006537,Incremental
NOVEL_MT_189,2021,NOVEL,MT,0.5290885619009699,0.6071428571428571,-0.07805429524188723,Disruptive
NOVEL_MT_187,2021,NOVEL,MT,0.4836163219563601,0.6923076923076923,-0.20869137035133217,Disruptive
NOVEL_MT_186,2021,NOVEL,MT,0.4779731097540626,0.6518518518518519,-0.1738787420977893,Disruptive
NOVEL_MT_185,2021,NOVEL,MT,0.4690689405236311,0.6743119266055045,-0.20524298608187347,Disruptive
NOVEL_MT_183,2021,NOVEL,MT,0.2924057607115675,1.0,-0.7075942392884325,Incremental
NOVEL_MT_182,2021,NOVEL,MT,0.267684684961739,0.8,-0.5323153150382611,Incremental
NOVEL_MT_181,2021,NOVEL,MT,0.337379582421537,0.7714285714285715,-0.4340489890070345,Incremental
NOVEL_MT_180,2021,NOVEL,MT,0.5120667919412726,0.774390243902439,-0.26232345196116647,Disruptive
NOVEL_MT_209,2021,NOVEL,MT,0.3027993106682671,0.6291390728476821,-0.326339762179415,Disruptive
NOVEL_MT_208,2021,NOVEL,MT,0.5086814800691145,0.7043795620437956,-0.19569808197468108,Disruptive
NOVEL_MT_207,2021,NOVEL,MT,0.5194479787186747,0.6470588235294118,-0.12761084481073715,Disruptive
NOVEL_MT_205,2021,NOVEL,MT,0.309763830523714,0.6496350364963503,-0.33987120597263637,Disruptive
NOVEL_MT_202,2021,NOVEL,MT,0.4753740369527836,0.7094017094017094,-0.23402767244892586,Disruptive
NOVEL_SA_67,2021,NOVEL,SA,0.2851132261970046,0.6428571428571429,-0.35774391666013833,Disruptive
NOVEL_SA_66,2021,NOVEL,SA,0.2392311539457213,0.7557251908396947,-0.5164940368939734,Incremental
NOVEL_SA_65,2021,NOVEL,SA,0.3048646140253375,0.7261146496815286,-0.4212500356561911,Incremental
NOVEL_SA_64,2021,NOVEL,SA,0.2957797181898535,0.6830357142857143,-0.3872559960958608,Incremental
NOVEL_SA_63,2021,NOVEL,SA,0.2747829361032431,0.75,-0.4752170638967569,Incremental
NOVEL_SA_62,2021,NOVEL,SA,0.2420347179549815,0.7631578947368421,-0.5211231767818607,Incremental
NOVEL_SA_61,2021,NOVEL,SA,0.3016027602263632,0.7777777777777778,-0.4761750175514146,Incremental
NOVEL_SA_60,2021,NOVEL,SA,0.4855765113174929,0.6282051282051282,-0.14262861688763528,Disruptive
NOVEL_SA_59,2021,NOVEL,SA,0.3039631488820282,0.5886075949367089,-0.2846444460546807,Disruptive
NOVEL_SA_58,2021,NOVEL,SA,0.3344373173819103,0.6875,-0.3530626826180897,Disruptive
NOVEL_SA_57,2021,NOVEL,SA,0.2901668123990834,0.7312252964426877,-0.44105848404360437,Incremental
NOVEL_MT_213,2021,NOVEL,MT,0.5344471843274814,0.6875,-0.1530528156725186,Disruptive
NOVEL_MT_210,2021,NOVEL,MT,0.3643965925797371,0.6,-0.23560340742026287,Disruptive
NOVEL_SA_52,2021,NOVEL,SA,0.3325317307546845,0.7468879668049793,-0.41435623605029476,Incremental
NOVEL_SA_51,2021,NOVEL,SA,0.5211537416951267,0.7635135135135135,-0.24235977181838675,Disruptive
NOVEL_SA_50,2021,NOVEL,SA,0.2203738964958825,0.7258064516129032,-0.5054325551170208,Incremental
NOVEL_SA_49,2021,NOVEL,SA,0.4847744882185388,0.7447916666666666,-0.26001717844812783,Disruptive
NOVEL_SA_48,2021,NOVEL,SA,0.5064327869705167,0.6779026217228464,-0.1714698347523297,Disruptive
NOVEL_SA_46,2021,NOVEL,SA,0.3616785694166129,0.8045454545454546,-0.44286688512884165,Incremental
NOVEL_SA_45,2021,NOVEL,SA,0.4909841313509174,0.723404255319149,-0.23242012396823158,Disruptive
NOVEL_SA_44,2021,NOVEL,SA,0.3512604716271635,0.7469879518072289,-0.39572748018006537,Incremental
NOVEL_SA_43,2021,NOVEL,SA,0.3520433420498806,0.85,-0.4979566579501194,Incremental
NOVEL_SA_42,2021,NOVEL,SA,0.3753600951218986,0.7631578947368421,-0.38779779961494354,Incremental
NOVEL_SA_41,2021,NOVEL,SA,0.519411075255504,0.7619047619047619,-0.24249368664925786,Disruptive
NOVEL_SA_40,2021,NOVEL,SA,0.3161909698001008,0.7280701754385965,-0.4118792056384957,Incremental
NOVEL_SA_39,2021,NOVEL,SA,0.3462089672516995,0.6493506493506493,-0.30314168209894987,Disruptive
NOVEL_SA_69,2021,NOVEL,SA,0.5409036803696136,0.7857142857142857,-0.24481060534467214,Disruptive
NOVEL_SA_33,2021,NOVEL,SA,0.2829550958378534,0.7027027027027027,-0.41974760686484935,Incremental
NOVEL_SA_31,2021,NOVEL,SA,0.3734804859313457,0.74235807860262,-0.36887759267127435,Disruptive
NOVEL_SA_30,2021,NOVEL,SA,0.2251231811546316,0.8974358974358975,-0.6723127162812659,Incremental
NOVEL_SA_29,2021,NOVEL,SA,0.4633291012976445,0.7666666666666667,-0.30333756536902223,Disruptive
NOVEL_SA_28,2021,NOVEL,SA,0.3432993833444268,0.8723404255319149,-0.5290410421874882,Incremental
NOVEL_SA_27,2021,NOVEL,SA,0.2612680844237819,0.7916666666666666,-0.5303985822428847,Incremental
NOVEL_SA_26,2021,NOVEL,SA,0.3081611597438862,0.7054263565891473,-0.3972651968452611,Incremental
NOVEL_SA_25,2021,NOVEL,SA,0.4959252220424642,0.6821705426356589,-0.1862453205931947,Disruptive
NOVEL_SA_24,2021,NOVEL,SA,0.3220953735416967,0.6333333333333333,-0.3112379597916366,Disruptive
NOVEL_SA_22,2021,NOVEL,SA,0.1895195415517318,0.7972972972972973,-0.6077777557455655,Incremental
NOVEL_SA_21,2021,NOVEL,SA,0.2308671261111127,0.823076923076923,-0.5922097969658103,Incremental
NOVEL_SA_20,2021,NOVEL,SA,0.5170129317556269,0.575,-0.05798706824437305,Disruptive
NOVEL_SA_19,2021,NOVEL,SA,0.5409900931359689,0.7272727272727273,-0.18628263413675838,Disruptive
NOVEL_SA_56,2021,NOVEL,SA,0.2283082910289009,0.684931506849315,-0.4566232158204141,Incremental
NOVEL_SA_55,2021,NOVEL,SA,0.4744011267668525,0.6645962732919255,-0.19019514652507302,Disruptive
NOVEL_SA_53,2021,NOVEL,SA,0.5304811990454626,0.6354166666666666,-0.10493546762120398,Disruptive
NOVEL_SA_15,2021,NOVEL,SA,0.2592286024030727,0.7666666666666667,-0.5074380642635941,Incremental
NOVEL_SA_14,2021,NOVEL,SA,0.4783153780753077,0.7394957983193278,-0.26118042024402005,Disruptive
NOVEL_SA_13,2021,NOVEL,SA,0.4773665438139207,0.7651245551601423,-0.28775801134622164,Disruptive
NOVEL_SA_12,2021,NOVEL,SA,0.313875337561666,0.60625,-0.29237466243833393,Disruptive
NOVEL_SA_11,2021,NOVEL,SA,0.3424794775814312,0.7610062893081762,-0.41852681172674494,Incremental
NOVEL_SA_10,2021,NOVEL,SA,0.2953166947088924,0.6987951807228916,-0.4034784860139992,Incremental
NOVEL_SA_9,2021,NOVEL,SA,0.3807990429974855,0.6707317073170732,-0.2899326643195877,Disruptive
NOVEL_SA_8,2021,NOVEL,SA,0.5171422180371945,0.7117903930131004,-0.19464817497590592,Disruptive
NOVEL_SA_7,2021,NOVEL,SA,0.457587134008712,0.8333333333333334,-0.3757461993246214,Disruptive
NOVEL_SA_4,2021,NOVEL,SA,0.5264822912733214,0.5705521472392638,-0.044069855965942484,Disruptive
NOVEL_SA_3,2021,NOVEL,SA,0.554035793466048,0.8064516129032258,-0.2524158194371777,Disruptive
NOVEL_SA_2,2021,NOVEL,SA,0.4964444924210544,0.6733333333333333,-0.17688884091227897,Disruptive
NOVEL_SA_1,2021,NOVEL,SA,0.4020422893513306,0.5845070422535211,-0.18246475290219055,Disruptive
NOVEL_SA_38,2021,NOVEL,SA,0.3488075072576157,0.6363636363636364,-0.28755612910602063,Disruptive
NOVEL_SA_37,2021,NOVEL,SA,0.3430734984216212,0.6838709677419355,-0.34079746932031424,Disruptive
NOVEL_SA_34,2021,NOVEL,SA,0.2783511332938937,0.7514792899408284,-0.47312815664693464,Incremental
NOVEL_SA_0,2021,NOVEL,SA,0.4749489259521908,0.7431192660550459,-0.26817034010285506,Disruptive
NOVEL_SA_18,2021,NOVEL,SA,0.316618171143799,0.7085714285714285,-0.39195325742762954,Incremental
NOVEL_SA_17,2021,NOVEL,SA,0.4986642551203382,0.7338709677419355,-0.2352067126215973,Disruptive
NOVEL_SA_16,2021,NOVEL,SA,0.2979681901003636,0.66,-0.36203180989963646,Disruptive
NOVEL_MT_230,2021,NOVEL,MT,0.3312813701233655,0.6842105263157895,-0.352929156192424,Disruptive
NOVEL_MT_228,2021,NOVEL,MT,0.3643141837850263,0.7289156626506024,-0.3646014788655761,Disruptive
NOVEL_MT_227,2021,NOVEL,MT,0.2747674246355501,0.6982248520710059,-0.42345742743545584,Incremental
NOVEL_MT_224,2021,NOVEL,MT,0.5002700788037491,0.7014925373134329,-0.2012224585096838,Disruptive
NOVEL_MT_221,2021,NOVEL,MT,0.3964149811840103,0.6766467065868264,-0.28023172540281605,Disruptive
NOVEL_MT_219,2021,NOVEL,MT,0.3026961642110876,0.6451612903225806,-0.34246512611149305,Disruptive
NOVEL_MT_218,2021,NOVEL,MT,0.3241010569132259,0.6717557251908397,-0.3476546682776138,Disruptive
NOVEL_MT_215,2021,NOVEL,MT,0.5112271511213682,0.6545454545454545,-0.14331830342408636,Disruptive
NOVEL_MT_214,2021,NOVEL,MT,0.444637554145601,0.7916666666666666,-0.3470291125210656,Disruptive
NOVEL_MT_254,2021,NOVEL,MT,0.5474406223462234,0.7458333333333333,-0.19839271098710998,Disruptive
NOVEL_MT_253,2021,NOVEL,MT,0.3668941664074179,0.6,-0.23310583359258208,Disruptive
NOVEL_MT_252,2021,NOVEL,MT,0.4721054415107287,0.7028571428571428,-0.23075170134641415,Disruptive
NOVEL_MT_250,2021,NOVEL,MT,0.4951584773284337,0.6556291390728477,-0.160470661744414,Disruptive
NOVEL_MT_247,2021,NOVEL,MT,0.2883023780110709,0.6666666666666666,-0.37836428865559574,Incremental
NOVEL_MT_246,2021,NOVEL,MT,0.3209328245839186,0.64,-0.3190671754160814,Disruptive
NOVEL_MT_245,2021,NOVEL,MT,0.4812937648930812,0.7052631578947368,-0.22396939300165564,Disruptive
NOVEL_MT_243,2021,NOVEL,MT,0.495956404649898,0.6143790849673203,-0.11842268031742231,Disruptive
NOVEL_MT_238,2021,NOVEL,MT,0.3004021714703571,0.6111111111111112,-0.3107089396407541,Disruptive
NOVEL_MT_236,2021,NOVEL,MT,0.3669842836210387,0.7012987012987013,-0.3343144176776626,Disruptive
NOVEL_MT_235,2021,NOVEL,MT,0.3507451041693906,0.6808510638297872,-0.33010595966039663,Disruptive
NOVEL_MT_234,2021,NOVEL,MT,0.4245632477318724,0.8666666666666667,-0.4421034189347943,Incremental
NOVEL_MT_267,2021,NOVEL,MT,0.4470777083530596,0.75,-0.3029222916469404,Disruptive
NOVEL_MT_266,2021,NOVEL,MT,0.4901111715526269,0.6756756756756757,-0.18556450412304876,Disruptive
NOVEL_MT_265,2021,NOVEL,MT,0.3171687750125284,0.673469387755102,-0.35630061274257363,Disruptive
NOVEL_MT_264,2021,NOVEL,MT,0.286575667130417,0.7112676056338029,-0.4246919385033859,Incremental
NOVEL_MT_262,2021,NOVEL,MT,0.3193395396139475,0.6428571428571429,-0.3235176032431954,Disruptive
NOVEL_SUM_10,2021,NOVEL,SUM,0.2309640380828456,0.7155172413793104,-0.4845532032964648,Incremental
NOVEL_SUM_8,2021,NOVEL,SUM,0.2821077770462933,0.7591623036649214,-0.4770545266186281,Incremental
NOVEL_SUM_7,2021,NOVEL,SUM,0.3266228821232176,0.6986301369863014,-0.3720072548630838,Disruptive
NOVEL_SUM_6,2021,NOVEL,SUM,0.5037237947882297,0.7189189189189189,-0.2151951241306892,Disruptive
NOVEL_MT_261,2021,NOVEL,MT,0.473512214300396,0.5698924731182796,-0.09638025881788365,Disruptive
NOVEL_MT_259,2021,NOVEL,MT,0.31768108122634,0.7320261437908496,-0.41434506256450965,Incremental
NOVEL_MT_258,2021,NOVEL,MT,0.5011344407533944,0.7704918032786885,-0.2693573625252941,Disruptive
NOVEL_MT_257,2021,NOVEL,MT,0.3172231510970952,0.77,-0.4527768489029048,Incremental
NOVEL_MT_256,2021,NOVEL,MT,0.3087635754416499,0.6442307692307693,-0.3354671937891194,Disruptive
NOVEL_MT_255,2021,NOVEL,MT,0.5495481800313009,0.5806451612903226,-0.031096981259021717,Disruptive
NOVEL_SUM_24,2021,NOVEL,SUM,0.5218362033788511,0.6170212765957447,-0.09518507321689362,Disruptive
NOVEL_SUM_23,2021,NOVEL,SUM,0.553186480993504,0.7,-0.14681351900649597,Disruptive
NOVEL_SUM_22,2021,NOVEL,SUM,0.2862816304740375,0.825,-0.5387183695259625,Incremental
NOVEL_SUM_21,2021,NOVEL,SUM,0.5281874377054876,0.6988636363636364,-0.17067619865814876,Disruptive
NOVEL_SUM_20,2021,NOVEL,SUM,0.3315640068491213,0.8173913043478261,-0.48582729749870485,Incremental
NOVEL_SUM_19,2021,NOVEL,SUM,0.2888694310804706,0.851063829787234,-0.5621943987067635,Incremental
NOVEL_SUM_17,2021,NOVEL,SUM,0.3155990730032758,0.7235772357723578,-0.407978162769082,Incremental
NOVEL_SUM_16,2021,NOVEL,SUM,0.3080401318272491,0.6818181818181818,-0.37377804999093267,Disruptive
NOVEL_SUM_12,2021,NOVEL,SUM,0.5095942094790187,0.7285714285714285,-0.21897721909240986,Disruptive
NOVEL_SUM_11,2021,NOVEL,SUM,0.2804293570829292,0.6231884057971014,-0.34275904871417223,Disruptive
NOVEL_SUM_52,2021,NOVEL,SUM,0.3332112693288888,0.7094594594594594,-0.37624819013057065,Disruptive
NOVEL_SUM_49,2021,NOVEL,SUM,0.5146327670693356,0.7440944881889764,-0.2294617211196408,Disruptive
NOVEL_SUM_47,2021,NOVEL,SUM,0.5001090369889207,0.5490196078431373,-0.04891057085421657,Disruptive
NOVEL_SUM_46,2021,NOVEL,SUM,0.2622861678633105,0.7872340425531915,-0.524947874689881,Incremental
NOVEL_SUM_45,2021,NOVEL,SUM,0.5013255947475878,0.7819148936170213,-0.2805892988694335,Disruptive
NOVEL_SUM_44,2021,NOVEL,SUM,0.2489618193277835,0.84,-0.5910381806722165,Incremental
NOVEL_SUM_42,2021,NOVEL,SUM,0.4908146779045548,0.819047619047619,-0.3282329411430642,Disruptive
NOVEL_SUM_41,2021,NOVEL,SUM,0.4861760768559946,0.7272727272727273,-0.24109665041673267,Disruptive
NOVEL_SUM_39,2021,NOVEL,SUM,0.4765827994169547,0.6810810810810811,-0.20449828166412642,Disruptive
NOVEL_SUM_38,2021,NOVEL,SUM,0.491224271714987,0.618421052631579,-0.12719678091659198,Disruptive
NOVEL_SUM_3,2021,NOVEL,SUM,0.2955467596114856,0.6287425149700598,-0.33319575535857426,Disruptive
NOVEL_SUM_32,2021,NOVEL,SUM,0.2767668531620266,0.6730769230769231,-0.39631006991489653,Incremental
NOVEL_SUM_31,2021,NOVEL,SUM,0.3528357298318008,0.6538461538461539,-0.3010104240143531,Disruptive
NOVEL_SUM_30,2021,NOVEL,SUM,0.2728248441350441,0.6307692307692307,-0.35794438663418665,Disruptive
NOVEL_SUM_28,2021,NOVEL,SUM,0.2967699752713754,0.7115384615384616,-0.4147684862670862,Incremental
NOVEL_SUM_26,2021,NOVEL,SUM,0.2107291036086996,0.7087378640776699,-0.49800876046897036,Incremental
NOVEL_SUM_73,2021,NOVEL,SUM,0.2554826300668638,0.7037037037037037,-0.44822107363683994,Incremental
NOVEL_SUM_72,2021,NOVEL,SUM,0.5185368725976167,0.6826923076923077,-0.164155435094691,Disruptive
NOVEL_SUM_71,2021,NOVEL,SUM,0.3054845546839229,0.8888888888888888,-0.583404334204966,Incremental
NOVEL_SUM_70,2021,NOVEL,SUM,0.4969253724747319,0.6464088397790055,-0.14948346730427364,Disruptive
NOVEL_SUM_69,2021,NOVEL,SUM,0.263347910808689,0.8080808080808081,-0.544732897272119,Incremental
NOVEL_SUM_68,2021,NOVEL,SUM,0.3015001878992299,0.6979166666666666,-0.39641647876743674,Incremental
NOVEL_SUM_67,2021,NOVEL,SUM,0.496141062671237,0.7844827586206896,-0.28834169594945264,Disruptive
NOVEL_SUM_66,2021,NOVEL,SUM,0.2585143455406023,0.670995670995671,-0.4124813254550687,Incremental
NOVEL_SUM_64,2021,NOVEL,SUM,0.3483767155216276,0.7682119205298014,-0.4198352050081738,Incremental
NOVEL_SUM_61,2021,NOVEL,SUM,0.2514852747780697,0.7573529411764706,-0.5058676663984009,Incremental
NOVEL_SUM_15,2021,NOVEL,SUM,0.5170129317556269,0.575,-0.05798706824437305,Disruptive
NOVEL_SUM_14,2021,NOVEL,SUM,0.2677379027985453,0.7407407407407407,-0.4730028379421954,Incremental
NOVEL_SUM_13,2021,NOVEL,SUM,0.2420333040000263,0.7073170731707317,-0.46528376917070535,Incremental
NOVEL_SUM_56,2021,NOVEL,SUM,0.5424170542376752,0.651685393258427,-0.10926833902075184,Disruptive
NOVEL_SUM_54,2021,NOVEL,SUM,0.2762553485825777,0.6,-0.32374465141742226,Disruptive
NOVEL_SUM_53,2021,NOVEL,SUM,0.5076151686756154,0.7064220183486238,-0.19880684967300843,Disruptive
NOVEL_MT_284,2021,NOVEL,MT,0.5110460632776231,0.6889952153110048,-0.17794915203338169,Disruptive
NOVEL_MT_283,2021,NOVEL,MT,0.275149905962435,0.6666666666666666,-0.39151676070423164,Incremental
NOVEL_MT_282,2021,NOVEL,MT,0.3239612291541146,0.7164179104477612,-0.3924566812936465,Incremental
NOVEL_MT_277,2021,NOVEL,MT,0.3282735495934544,0.6792452830188679,-0.3509717334254135,Disruptive
NOVEL_MT_275,2021,NOVEL,MT,0.4018740910496953,0.788135593220339,-0.3862615021706437,Incremental
NOVEL_MT_274,2021,NOVEL,MT,0.5108252584474366,0.7048458149779736,-0.19402055653053696,Disruptive
NOVEL_MT_271,2021,NOVEL,MT,0.309484887913557,0.6378205128205128,-0.3283356249069558,Disruptive
NOVEL_MT_270,2021,NOVEL,MT,0.3075183430516665,0.5555555555555556,-0.2480372125038891,Disruptive
NOVEL_MT_269,2021,NOVEL,MT,0.3307081362262753,0.7466666666666667,-0.4159585304403914,Incremental
NOVEL_MT_268,2021,NOVEL,MT,0.2863354945553255,0.8372093023255814,-0.550873807770256,Incremental
NOVEL_MT_295,2021,NOVEL,MT,0.5102995412134315,0.6575342465753424,-0.14723470536191097,Disruptive
NOVEL_MT_291,2021,NOVEL,MT,0.2664014146351687,0.5909090909090909,-0.32450767627392224,Disruptive
NOVEL_SUM_37,2021,NOVEL,SUM,0.4010570013195608,0.8,-0.39894299868043925,Incremental
NOVEL_SUM_36,2021,NOVEL,SUM,0.3086067024321963,0.6511627906976745,-0.3425560882654782,Disruptive
NOVEL_SUM_33,2021,NOVEL,SUM,0.2826244509383038,0.6071428571428571,-0.3245184062045533,Disruptive
NOVEL_SUM_77,2021,NOVEL,SUM,0.3168655021044732,0.7582417582417582,-0.44137625613728504,Incremental
NOVEL_SUM_76,2021,NOVEL,SUM,0.2951168117499138,0.8421052631578947,-0.5469884514079809,Incremental
NOVEL_SUM_75,2021,NOVEL,SUM,0.3078943372638577,0.6590909090909091,-0.3511965718270514,Disruptive
NOVEL_MT_290,2021,NOVEL,MT,0.4353335503472452,0.6666666666666666,-0.23133311631942144,Disruptive
NOVEL_MT_289,2021,NOVEL,MT,0.3443805575441764,0.6666666666666666,-0.3222861091224902,Disruptive
NOVEL_MT_287,2021,NOVEL,MT,0.2785827334351684,0.6703296703296703,-0.3917469368945019,Incremental
NOVEL_MT_286,2021,NOVEL,MT,0.3327932288365848,0.6810344827586207,-0.34824125392203586,Disruptive
NOVEL_MT_305,2021,NOVEL,MT,0.5409036803696136,0.7857142857142857,-0.24481060534467214,Disruptive
NOVEL_MT_304,2021,NOVEL,MT,0.290942089627644,0.6081871345029239,-0.31724504487527994,Disruptive
NOVEL_MT_303,2021,NOVEL,MT,0.2965302357568209,0.7006802721088435,-0.4041500363520226,Incremental
NOVEL_MT_301,2021,NOVEL,MT,0.3393038077698583,0.7540983606557377,-0.41479455288587935,Incremental
NOVEL_MT_300,2021,NOVEL,MT,0.3458744013915436,0.7458563535911602,-0.39998195219961663,Incremental
NOVEL_MT_298,2021,NOVEL,MT,0.3239254666823152,0.8,-0.47607453331768484,Incremental
NOVEL_SUM_60,2021,NOVEL,SUM,0.4971444736900463,0.6763485477178424,-0.1792040740277961,Disruptive
NOVEL_SUM_59,2021,NOVEL,SUM,0.3398125744206717,0.6796875,-0.3398749255793283,Disruptive
NOVEL_SUM_58,2021,NOVEL,SUM,0.5198283082639068,0.7689243027888446,-0.2490959945249378,Disruptive
NOVEL_QA_8,2021,NOVEL,QA,0.3043736388380694,0.6682692307692307,-0.36389559193116133,Disruptive
NOVEL_QA_7,2021,NOVEL,QA,0.4886529397934647,0.7142857142857143,-0.2256327744922496,Disruptive
NOVEL_QA_5,2021,NOVEL,QA,0.3025757361703647,0.75,-0.4474242638296353,Incremental
NOVEL_QA_4,2021,NOVEL,QA,0.3747639036677727,0.7615384615384615,-0.3867745578706888,Incremental
NOVEL_QA_3,2021,NOVEL,QA,0.3952480811106724,0.6060606060606061,-0.2108125249499337,Disruptive
NOVEL_QA_2,2021,NOVEL,QA,0.4716992850443685,0.6884057971014492,-0.21670651205708075,Disruptive
NOVEL_QA_1,2021,NOVEL,QA,0.2801064501510963,0.7325581395348837,-0.4524516893837874,Incremental
NOVEL_QA_0,2021,NOVEL,QA,0.5070999465727977,0.7215189873417721,-0.21441904076897444,Disruptive
NOVEL_QA_30,2021,NOVEL,QA,0.3101265941309853,0.7777777777777778,-0.4676511836467925,Incremental
NOVEL_QA_27,2021,NOVEL,QA,0.320164680501534,0.7573529411764706,-0.43718826067493655,Incremental
NOVEL_QA_26,2021,NOVEL,QA,0.5914165937884516,0.7714285714285715,-0.1800119776401199,Disruptive
NOVEL_QA_25,2021,NOVEL,QA,0.3478617996825091,0.7583892617449665,-0.4105274620624574,Incremental
NOVEL_QA_24,2021,NOVEL,QA,0.2593788009183735,0.6881720430107527,-0.42879324209237923,Incremental
NOVEL_QA_23,2021,NOVEL,QA,0.3220953735416967,0.6333333333333333,-0.3112379597916366,Disruptive
NOVEL_QA_22,2021,NOVEL,QA,0.3304065096547413,0.7916666666666666,-0.46126015701192535,Incremental
NOVEL_QA_21,2021,NOVEL,QA,0.5000724206158593,0.6692913385826772,-0.16921891796681787,Disruptive
NOVEL_QA_18,2021,NOVEL,QA,0.3063430812979499,0.7105263157894737,-0.40418323449152377,Incremental
NOVEL_QA_17,2021,NOVEL,QA,0.2959958188635473,0.7897435897435897,-0.4937477708800424,Incremental
NOVEL_QA_16,2021,NOVEL,QA,0.3166182960355245,0.7085714285714285,-0.391953132535904,Incremental
NOVEL_QA_15,2021,NOVEL,QA,0.2979681901003636,0.66,-0.36203180989963646,Disruptive
NOVEL_QA_14,2021,NOVEL,QA,0.4749247032572951,0.7898550724637681,-0.314930369206473,Disruptive
NOVEL_QA_13,2021,NOVEL,QA,0.2592286024030727,0.7666666666666667,-0.5074380642635941,Incremental
NOVEL_QA_12,2021,NOVEL,QA,0.3266228821232176,0.6986301369863014,-0.3720072548630838,Disruptive
NOVEL_QA_10,2021,NOVEL,QA,0.4108975554633777,0.7833333333333333,-0.37243577786995563,Disruptive
NOVEL_QA_50,2021,NOVEL,QA,0.2850236939874576,0.6698113207547169,-0.38478762676725936,Incremental
NOVEL_QA_48,2021,NOVEL,QA,0.3430734984216212,0.6838709677419355,-0.34079746932031424,Disruptive
NOVEL_QA_47,2021,NOVEL,QA,0.5491881589572063,0.6886792452830188,-0.13949108632581253,Disruptive
NOVEL_QA_46,2021,NOVEL,QA,0.302331592091486,0.7346938775510204,-0.4323622854595344,Incremental
NOVEL_QA_45,2021,NOVEL,QA,0.3341968482313525,0.7875,-0.4533031517686475,Incremental
NOVEL_QA_44,2021,NOVEL,QA,0.4856031100505959,0.7983193277310925,-0.31271621768049657,Disruptive
NOVEL_QA_43,2021,NOVEL,QA,0.4978767354092191,0.7301587301587301,-0.232281994749511,Disruptive
NOVEL_QA_40,2021,NOVEL,QA,0.2968203953271592,0.75,-0.4531796046728408,Incremental
NOVEL_QA_39,2021,NOVEL,QA,0.3228697236788693,0.782608695652174,-0.45973897197330466,Incremental
NOVEL_QA_37,2021,NOVEL,QA,0.3734804859313457,0.74235807860262,-0.36887759267127435,Disruptive
NOVEL_QA_36,2021,NOVEL,QA,0.3432989466578301,0.8723404255319149,-0.5290414788740848,Incremental
NOVEL_QA_35,2021,NOVEL,QA,0.4790475940554383,0.6834170854271356,-0.20436949137169735,Disruptive
NOVEL_QA_34,2021,NOVEL,QA,0.2872794344203269,0.6946564885496184,-0.4073770541292915,Incremental
NOVEL_QA_33,2021,NOVEL,QA,0.2967697569280771,0.7115384615384616,-0.41476870461038445,Incremental
NOVEL_QA_32,2021,NOVEL,QA,0.2612680219779192,0.7916666666666666,-0.5303986446887474,Incremental
NOVEL_QA_69,2021,NOVEL,QA,0.4921730495655947,0.7604166666666666,-0.2682436171010719,Disruptive
NOVEL_QA_67,2021,NOVEL,QA,0.3722637424261298,0.6944444444444444,-0.3221807020183146,Disruptive
NOVEL_QA_66,2021,NOVEL,QA,0.270967866589889,0.6403508771929824,-0.3693830106030935,Disruptive
NOVEL_QA_65,2021,NOVEL,QA,0.486165126462619,0.6058394160583942,-0.1196742895957752,Disruptive
NOVEL_QA_64,2021,NOVEL,QA,0.4952607719923402,0.609375,-0.1141142280076598,Disruptive
NOVEL_QA_63,2021,NOVEL,QA,0.5048049024350068,0.5844155844155844,-0.07961068198057764,Disruptive
NOVEL_QA_62,2021,NOVEL,QA,0.3512604716271635,0.7469879518072289,-0.39572748018006537,Incremental
NOVEL_QA_61,2021,NOVEL,QA,0.5353018519466648,0.784,-0.24869814805333523,Disruptive
NOVEL_QA_60,2021,NOVEL,QA,0.3753600951218986,0.7631578947368421,-0.38779779961494354,Incremental
NOVEL_QA_59,2021,NOVEL,QA,0.4397959095894241,0.6645962732919255,-0.2248003637025014,Disruptive
NOVEL_QA_58,2021,NOVEL,QA,0.3189291252105271,0.6349206349206349,-0.3159915097101078,Disruptive
NOVEL_QA_57,2021,NOVEL,QA,0.3161909698001008,0.7280701754385965,-0.4118792056384957,Incremental
NOVEL_QA_55,2021,NOVEL,QA,0.3462089672516995,0.6493506493506493,-0.30314168209894987,Disruptive
NOVEL_QA_54,2021,NOVEL,QA,0.319837997079212,0.6952380952380952,-0.3754000981588832,Disruptive
NOVEL_QA_53,2021,NOVEL,QA,0.3363572036655424,0.7666666666666667,-0.4303094630011243,Incremental
NOVEL_QA_52,2021,NOVEL,QA,0.2759585569739757,0.7738095238095238,-0.49785096683554814,Incremental
NOVEL_DIA_71,2021,NOVEL,DIA,0.3663010259266749,0.6923076923076923,-0.3260066663810174,Disruptive
NOVEL_DIA_70,2021,NOVEL,DIA,0.2643347156558093,0.7878787878787878,-0.5235440722229785,Incremental
NOVEL_QA_86,2021,NOVEL,QA,0.5123445132405123,0.6257309941520468,-0.11338648091153447,Disruptive
NOVEL_QA_84,2021,NOVEL,QA,0.4903934338916464,0.6538461538461539,-0.16345271995450744,Disruptive
NOVEL_QA_83,2021,NOVEL,QA,0.3807563618947444,0.6041666666666666,-0.22341030477192225,Disruptive
NOVEL_QA_81,2021,NOVEL,QA,0.2957797806357162,0.6830357142857143,-0.3872559336499981,Incremental
NOVEL_QA_80,2021,NOVEL,QA,0.4821452409779412,0.5869565217391305,-0.10481128076118928,Disruptive
NOVEL_QA_79,2021,NOVEL,QA,0.509526872761825,0.7272727272727273,-0.21774585451090234,Disruptive
NOVEL_QA_77,2021,NOVEL,QA,0.5171529919935921,0.7475728155339806,-0.23041982354038848,Disruptive
NOVEL_QA_76,2021,NOVEL,QA,0.486028159086519,0.6447368421052632,-0.1587086830187442,Disruptive
NOVEL_QA_75,2021,NOVEL,QA,0.5034734656666329,0.7037037037037037,-0.20023023803707085,Disruptive
NOVEL_QA_74,2021,NOVEL,QA,0.3040796878268385,0.7626262626262627,-0.4585465747994242,Incremental
NOVEL_QA_72,2021,NOVEL,QA,0.2283082910289009,0.684931506849315,-0.4566232158204141,Incremental
NOVEL_QA_70,2021,NOVEL,QA,0.4965324470887343,0.6744186046511628,-0.17788615756242848,Disruptive
NOVEL_DIA_69,2021,NOVEL,DIA,0.3002806309515711,0.7303370786516854,-0.4300564477001143,Incremental
NOVEL_DIA_68,2021,NOVEL,DIA,0.3441984879862075,0.7012987012987013,-0.3571002133124938,Disruptive
NOVEL_DIA_67,2021,NOVEL,DIA,0.3277342546927561,0.6641221374045801,-0.33638788271182407,Disruptive
NOVEL_DIA_66,2021,NOVEL,DIA,0.5449396138401867,0.6428571428571429,-0.09791752901695616,Disruptive
NOVEL_DIA_65,2021,NOVEL,DIA,0.3862720811558792,0.672514619883041,-0.28624253872716177,Disruptive
NOVEL_DIA_63,2021,NOVEL,DIA,0.3052921477489637,0.6186440677966102,-0.3133519200476465,Disruptive
NOVEL_DIA_6,2021,NOVEL,DIA,0.3421739071969193,0.7409638554216867,-0.39878994822476743,Incremental
NOVEL_DIA_5,2021,NOVEL,DIA,0.2667086925279348,0.6796116504854369,-0.41290295795750215,Incremental
NOVEL_DIA_4,2021,NOVEL,DIA,0.2761435734221462,0.7572815533980582,-0.48113797997591207,Incremental
NOVEL_DIA_3,2021,NOVEL,DIA,0.320148271339792,0.6262135922330098,-0.30606532089321775,Disruptive
NOVEL_DIA_2,2021,NOVEL,DIA,0.5006575797999582,0.6170212765957447,-0.11636369679578651,Disruptive
NOVEL_DIA_39,2021,NOVEL,DIA,0.3253224205206825,0.63,-0.3046775794793175,Disruptive
NOVEL_DIA_37,2021,NOVEL,DIA,0.2395899734828148,0.7772511848341233,-0.5376612113513084,Incremental
NOVEL_DIA_35,2021,NOVEL,DIA,0.4949918419423791,0.8,-0.30500815805762094,Disruptive
NOVEL_DIA_34,2021,NOVEL,DIA,0.3219186094484987,0.7616279069767442,-0.4397092975282455,Incremental
NOVEL_DIA_33,2021,NOVEL,DIA,0.4463793446647198,0.8918918918918919,-0.4455125472271721,Incremental
NOVEL_DIA_8,2021,NOVEL,DIA,0.4844874263723137,0.6993865030674846,-0.21489907669517094,Disruptive
NOVEL_DIA_1,2021,NOVEL,DIA,0.2723199529133288,0.6212121212121212,-0.34889216829879244,Disruptive
NOVEL_DIA_22,2021,NOVEL,DIA,0.3163424574681243,0.8571428571428571,-0.5408003996747328,Incremental
NOVEL_DIA_23,2021,NOVEL,DIA,0.348941762512623,0.6759259259259259,-0.32698416341330294,Disruptive
NOVEL_DIA_24,2021,NOVEL,DIA,0.2947353558605712,0.8148148148148148,-0.5200794589542436,Incremental
NOVEL_DIA_25,2021,NOVEL,DIA,0.227026905718817,0.744,-0.516973094281183,Incremental
NOVEL_DIA_26,2021,NOVEL,DIA,0.2862819112631986,0.825,-0.5387180887368014,Incremental
NOVEL_DIA_28,2021,NOVEL,DIA,0.3255081924291446,0.7193877551020408,-0.3938795626728962,Incremental
NOVEL_DIA_29,2021,NOVEL,DIA,0.318287346439563,0.75,-0.431712653560437,Incremental
NOVEL_DIA_30,2021,NOVEL,DIA,0.2437231141806557,0.7023809523809523,-0.4586578382002966,Incremental
NOVEL_DIA_31,2021,NOVEL,DIA,0.2968332961794179,0.7474226804123711,-0.45058938423295325,Incremental
NOVEL_DIA_0,2021,NOVEL,DIA,0.3049598436534322,0.7575757575757576,-0.45261591392232536,Incremental
SKG_SUM_W3118800713,2022,SKG,SUM,0.3809584523545067,0.0,0.3809584523545067,Disruptive
SKG_SUM_W4213077304,2022,SKG,SUM,0.350374779271242,0.0,0.350374779271242,Disruptive
SKG_SA_W4281936363,2022,SKG,SA,0.3724062684102912,0.0,0.3724062684102912,Disruptive
SKG_SUM_W4281645619,2022,SKG,SUM,0.5437682424321234,0.0,0.5437682424321234,Disruptive
SKG_SUM_W4280504305,2022,SKG,SUM,0.4258944796200148,1.0,-0.5741055203799852,Incremental
NOVEL_MT_244,2022,NOVEL,MT,0.3401429000651113,0.6923076923076923,-0.352164792242581,Disruptive
NOVEL_MT_280,2022,NOVEL,MT,0.5133743588699965,0.5535714285714286,-0.04019706970143211,Disruptive
SKG_SA_W4210904809,2022,SKG,SA,0.4144031093844646,0.0,0.4144031093844646,Disruptive
SKG_SA_W4210592306,2022,SKG,SA,0.4686690636904077,0.0,0.4686690636904077,Disruptive
SKG_SA_W4385894687,2022,SKG,SA,0.5119643504574273,1.0,-0.4880356495425727,Incremental
SKG_SA_W4212926655,2022,SKG,SA,0.3555583121915937,0.0,0.3555583121915937,Disruptive
SKG_SUM_W4293872386,2022,SKG,SUM,0.4561907299740776,0.0,0.4561907299740776,Disruptive
SKG_SUM_W4291885054,2022,SKG,SUM,0.4206027703408966,0.0,0.4206027703408966,Disruptive
SKG_SUM_W3162720533,2022,SKG,SUM,0.4057924226240806,0.0,0.4057924226240806,Disruptive
NOVEL_DIA_W4303696390,2022,NOVEL,DIA,0.4285602958720346,0.0,0.4285602958720346,Disruptive
NOVEL_DIA_W1545565211,2022,NOVEL,DIA,0.4256015484485702,0.0,0.4256015484485702,Disruptive
SKG_SUM_W4220927247,2022,SKG,SUM,0.3438039062941589,1.0,-0.6561960937058411,Incremental
SKG_SUM_W4210897413,2022,SKG,SUM,0.410665697753925,0.0,0.410665697753925,Disruptive
SKG_SUM_W4225383465,2022,SKG,SUM,0.4273119538359053,0.0,0.4273119538359053,Disruptive
SKG_SUM_W4297014776,2022,SKG,SUM,0.4658468586244888,0.0,0.4658468586244888,Disruptive
SKG_SUM_W4296698991,2022,SKG,SUM,0.4635504744673272,0.0,0.4635504744673272,Disruptive
SKG_SUM_W4306850861,2022,SKG,SUM,0.4594329191686127,0.0,0.4594329191686127,Disruptive
SKG_SA_W3188542058,2022,SKG,SA,0.4903799486146657,1.0,-0.5096200513853343,Incremental
SKG_SA_W4206271254,2022,SKG,SA,0.4160820288506485,0.0,0.4160820288506485,Disruptive
NOVEL_QA_W4309674289,2022,NOVEL,QA,0.3682501181739031,0.0,0.3682501181739031,Disruptive
NOVEL_SUM_W4309674289,2022,NOVEL,SUM,0.3616533763279016,0.0,0.3616533763279016,Disruptive
SKG_SUM_W4291111820,2022,SKG,SUM,0.4182732898764718,0.0,0.4182732898764718,Disruptive
NOVEL_SUM_W4285744692,2022,NOVEL,SUM,0.4275438309377762,0.9953051643192488,-0.5677613333814726,Incremental
SKG_SUM_W4298110867,2022,SKG,SUM,0.3599280595856866,0.0,0.3599280595856866,Disruptive
SKG_SA_W4288062238,2022,SKG,SA,0.3982685971478081,0.0,0.3982685971478081,Disruptive
SKG_SA_W4282972980,2022,SKG,SA,0.3452090174502727,1.0,-0.6547909825497273,Incremental
SKG_SA_W4229369233,2022,SKG,SA,0.3931792593328118,0.0,0.3931792593328118,Disruptive
SKG_SA_W3201869313,2022,SKG,SA,0.2905816341949281,0.995575221238938,-0.7049935870440099,Incremental
SKG_QA_W4220751443,2022,SKG,QA,0.430329798395366,0.0,0.430329798395366,Disruptive
SKG_QA_W4221113039,2022,SKG,QA,0.404473214677223,0.0,0.404473214677223,Disruptive
SKG_SA_W4206134861,2022,SKG,SA,0.3716633499810273,0.0,0.3716633499810273,Disruptive
SKG_SA_W4287093414,2022,SKG,SA,0.4085304506669981,0.0,0.4085304506669981,Disruptive
SKG_SA_W3198571508,2022,SKG,SA,0.3886064672299159,1.0,-0.6113935327700841,Incremental
SKG_SA_W4286669989,2022,SKG,SA,0.4176450487955486,0.0,0.4176450487955486,Disruptive
SKG_SA_W4283588903,2022,SKG,SA,0.3507359596844609,1.0,-0.6492640403155391,Incremental
SKG_SUM_W4286383196,2022,SKG,SUM,0.4480775761466202,0.0,0.4480775761466202,Disruptive
SKG_QA_W4206738234,2022,SKG,QA,0.405608327669436,1.0,-0.594391672330564,Incremental
SKG_SUM_W4206738234,2022,SKG,SUM,0.4099599346130037,0.0,0.4099599346130037,Disruptive
SKG_QA_W4206556168,2022,SKG,QA,0.4722667845302614,1.0,-0.5277332154697386,Incremental
SKG_SA_W4296079469,2022,SKG,SA,0.3787457099518937,0.0,0.3787457099518937,Disruptive
SKG_SUM_W4296079469,2022,SKG,SUM,0.3810122182423436,0.0,0.3810122182423436,Disruptive
SKG_SA_W4283758677,2022,SKG,SA,0.4101295353458022,1.0,-0.5898704646541978,Incremental
SKG_SA_W4313310852,2022,SKG,SA,0.4100284020229016,0.0,0.4100284020229016,Disruptive
SKG_SUM_W4313310852,2022,SKG,SUM,0.4122949103133514,0.0,0.4122949103133514,Disruptive
SKG_SA_W4211256381,2022,SKG,SA,0.5233733255070682,0.0,0.5233733255070682,Disruptive
SKG_SA_W4293030664,2022,SKG,SA,0.4235024082766387,0.0,0.4235024082766387,Disruptive
SKG_SA_W4312474588,2022,SKG,SA,0.3941246896950086,0.0,0.3941246896950086,Disruptive
SKG_PAR_W3213472637,2022,SKG,PAR,0.2952431236158481,1.0,-0.7047568763841519,Incremental
SKG_PAR_W4294133266,2022,SKG,PAR,0.350402718183453,0.0,0.350402718183453,Disruptive
SKG_QA_W4308821586,2022,SKG,QA,0.3884686711865739,0.999438202247191,-0.6109695310606171,Incremental
SKG_QA_W4290769249,2022,SKG,QA,0.4562061774520042,0.0,0.4562061774520042,Disruptive
SKG_QA_W4283740148,2022,SKG,QA,0.3969464275010885,0.0,0.3969464275010885,Disruptive
SKG_QA_W4220728596,2022,SKG,QA,0.5502468031567539,1.0,-0.4497531968432461,Incremental
SKG_QA_W4282006100,2022,SKG,QA,0.3809828920366708,0.0,0.3809828920366708,Disruptive
SKG_QA_W4285004952,2022,SKG,QA,0.4218148678869065,0.0,0.4218148678869065,Disruptive
SKG_PAR_W4285106586,2022,SKG,PAR,0.3238659650308591,1.0,-0.6761340349691409,Incremental
SKG_QA_W4283641177,2022,SKG,QA,0.4326675841595381,0.0,0.4326675841595381,Disruptive
SKG_QA_W4220935272,2022,SKG,QA,0.4106058261569465,1.0,-0.5893941738430535,Incremental
SKG_PAR_W3202031169,2022,SKG,PAR,0.3289515160257422,0.9959183673469388,-0.6669668513211966,Incremental
SKG_PAR_W4285158119,2022,SKG,PAR,0.4162967367969973,1.0,-0.5837032632030027,Incremental
SKG_SUM_W4298086991,2022,SKG,SUM,0.4430919609096694,0.0,0.4430919609096694,Disruptive
SKG_QA_W4224246016,2022,SKG,QA,0.4484828731457618,0.0,0.4484828731457618,Disruptive
SKG_PAR_W4288436242,2022,SKG,PAR,0.3907363760488582,0.0,0.3907363760488582,Disruptive
SKG_QA_W2117226423,2022,SKG,QA,0.3401571746011803,1.0,-0.6598428253988198,Incremental
SKG_QA_W4205941964,2022,SKG,QA,0.393975253350935,0.0,0.393975253350935,Disruptive
SKG_SA_W4205941964,2022,SKG,SA,0.3851120032144836,0.0,0.3851120032144836,Disruptive
SKG_SUM_W4205941964,2022,SKG,SUM,0.3873785115049335,0.0,0.3873785115049335,Disruptive
SKG_QA_W4292736944,2022,SKG,QA,0.378447806095993,1.0,-0.621552193904007,Incremental
SKG_QA_W4206918024,2022,SKG,QA,0.3983325383167876,0.0,0.3983325383167876,Disruptive
SKG_QA_W4313310852,2022,SKG,QA,0.4188916521593529,0.0,0.4188916521593529,Disruptive
SKG_PAR_W4385572754,2022,SKG,PAR,0.2992860948464925,1.0,-0.7007139051535075,Incremental
SKG_PAR_W4385573325,2022,SKG,PAR,0.2986777642407661,1.0,-0.7013222357592339,Incremental
SKG_PAR_W4226388780,2022,SKG,PAR,0.3480844837479541,1.0,-0.6519155162520459,Incremental
SKG_PAR_W4312257891,2022,SKG,PAR,0.3626182529649739,0.0,0.3626182529649739,Disruptive
SKG_PAR_W4311798217,2022,SKG,PAR,0.3694914050830341,1.0,-0.630508594916966,Incremental
SKG_PAR_W4312634749,2022,SKG,PAR,0.3471319479758263,1.0,-0.6528680520241736,Incremental
SKG_PAR_W4385573236,2022,SKG,PAR,0.2780076027347645,1.0,-0.7219923972652356,Incremental
SKG_PAR_W3200957830,2022,SKG,PAR,0.4378928064336338,0.0,0.4378928064336338,Disruptive
SKG_PAR_W4225580830,2022,SKG,PAR,0.304031258886525,1.0,-0.695968741113475,Incremental
SKG_PAR_W4285251400,2022,SKG,PAR,0.3236534540578131,1.0,-0.6763465459421869,Incremental
SKG_PAR_W3035620341,2022,SKG,PAR,0.3365123853626904,0.0,0.3365123853626904,Disruptive
SKG_PAR_W4285248702,2022,SKG,PAR,0.5151550741598293,0.0,0.5151550741598293,Disruptive
NOVEL_DIA_W4285091711,2022,NOVEL,DIA,0.4129114875559307,0.0,0.4129114875559307,Disruptive
SKG_QA_W4281564584,2022,SKG,QA,0.3563239814298314,1.0,-0.6436760185701687,Incremental
SKG_QA_W4220831425,2022,SKG,QA,0.3956730314676726,0.0,0.3956730314676726,Disruptive
SKG_QA_W4292865744,2022,SKG,QA,0.3830196412663157,1.0,-0.6169803587336843,Incremental
SKG_QA_W4225147016,2022,SKG,QA,0.4706830018158153,0.0,0.4706830018158153,Disruptive
SKG_QA_W4281296357,2022,SKG,QA,0.3984046632882763,0.0,0.3984046632882763,Disruptive
SKG_QA_W4285794683,2022,SKG,QA,0.330067007763938,1.0,-0.669932992236062,Incremental
SKG_QA_W4298086991,2022,SKG,QA,0.4496887027556708,0.0,0.4496887027556708,Disruptive
SKG_PAR_W4285059900,2022,SKG,PAR,0.6559798836327422,1.0,-0.3440201163672578,Disruptive
SKG_PAR_W4285289306,2022,SKG,PAR,0.2982148676765056,1.0,-0.7017851323234944,Incremental
SKG_PAR_W4210894209,2022,SKG,PAR,0.3453016405462575,0.0,0.3453016405462575,Disruptive
SKG_PAR_W4285248746,2022,SKG,PAR,0.3747464259844927,0.0,0.3747464259844927,Disruptive
SKG_PAR_W4225729224,2022,SKG,PAR,0.4411208602598927,1.0,-0.5588791397401073,Incremental
SKG_PAR_W4293479414,2022,SKG,PAR,0.3057775664518213,1.0,-0.6942224335481787,Incremental
SKG_PAR_W4288036466,2022,SKG,PAR,0.4086853152738894,0.0,0.4086853152738894,Disruptive
SKG_PAR_W4294833327,2022,SKG,PAR,0.3154298939586901,1.0,-0.6845701060413099,Incremental
SKG_PAR_W4213306338,2022,SKG,PAR,0.3938498018743808,0.0,0.3938498018743808,Disruptive
SKG_PAR_W4385565879,2022,SKG,PAR,0.4056083531547473,0.9971830985915492,-0.5915747454368019,Incremental
SKG_PAR_W4312299829,2022,SKG,PAR,0.4818320884148414,0.0,0.4818320884148414,Disruptive
SKG_PAR_W3152268000,2022,SKG,PAR,0.2679235646955666,1.0,-0.7320764353044333,Incremental
SKG_PAR_W4210457441,2022,SKG,PAR,0.4150690904792078,1.0,-0.5849309095207922,Incremental
SKG_PAR_W4385573003,2022,SKG,PAR,0.4245107645953865,1.0,-0.5754892354046135,Incremental
SKG_PAR_W4281566573,2022,SKG,PAR,0.3148719688017575,1.0,-0.6851280311982425,Incremental
SKG_PAR_W3152884768,2022,SKG,PAR,0.2843083523659161,1.0,-0.7156916476340839,Incremental
SKG_PAR_W4385572845,2022,SKG,PAR,0.3863190535083263,1.0,-0.6136809464916737,Incremental
SKG_SA_W4385572845,2022,SKG,SA,0.3870520319607136,1.0,-0.6129479680392864,Incremental
NOVEL_MT_W2004481065,2022,NOVEL,MT,0.4441100286856663,0.0,0.4441100286856663,Disruptive
SKG_PAR_W4303456980,2022,SKG,PAR,0.4132700280719166,0.0,0.4132700280719166,Disruptive
SKG_PAR_W4284962095,2022,SKG,PAR,0.4043575672011223,0.0,0.4043575672011223,Disruptive
SKG_PAR_W4385574286,2022,SKG,PAR,0.4691245317492453,1.0,-0.5308754682507547,Incremental
SKG_NLI_W4296027312,2022,SKG,NLI,0.3078117806431287,0.996124031007752,-0.6883122503646233,Incremental
SKG_NLI_W4200628723,2022,SKG,NLI,0.4131259747660755,0.0,0.4131259747660755,Disruptive
NOVEL_MT_W3212516020,2022,NOVEL,MT,0.3564722559700563,0.0,0.3564722559700563,Disruptive
SKG_PAR_W4385572953,2022,SKG,PAR,0.4126016489560163,0.993127147766323,-0.5805254988103068,Incremental
SKG_PAR_W3198599617,2022,SKG,PAR,0.5014547013841149,1.0,-0.49854529861588515,Incremental
SKG_PAR_W3205717164,2022,SKG,PAR,0.3147143386645814,1.0,-0.6852856613354186,Incremental
SKG_PAR_W3207553988,2022,SKG,PAR,0.4964377592103576,1.0,-0.5035622407896424,Incremental
SKG_NLI_W4224291780,2022,SKG,NLI,0.4209600667046813,1.0,-0.5790399332953187,Incremental
SKG_PAR_W3213990450,2022,SKG,PAR,0.3333574330384318,0.0,0.3333574330384318,Disruptive
SKG_PAR_W3123221944,2022,SKG,PAR,0.354937411845409,0.0,0.354937411845409,Disruptive
SKG_NLI_W3020975691,2022,SKG,NLI,0.3748440381675356,0.0,0.3748440381675356,Disruptive
SKG_PAR_W3020975691,2022,SKG,PAR,0.3663105519382882,0.0,0.3663105519382882,Disruptive
SKG_SA_W3020975691,2022,SKG,SA,0.3734305054512921,0.0,0.3734305054512921,Disruptive
NOVEL_MT_W1509527650,2022,NOVEL,MT,0.4317784694911359,0.0,0.4317784694911359,Disruptive
SKG_PAR_W4221153690,2022,SKG,PAR,0.3097589554397119,0.9958677685950412,-0.6861088131553293,Incremental
SKG_SA_W4221153690,2022,SKG,SA,0.3097589554397119,0.9958677685950412,-0.6861088131553293,Incremental
SKG_PAR_W4385573087,2022,SKG,PAR,0.2759864806202062,0.9937888198757764,-0.7178023392555701,Incremental
SKG_PAR_W4281286553,2022,SKG,PAR,0.385773803335266,0.0,0.385773803335266,Disruptive
SKG_NLI_W4285225959,2022,SKG,NLI,0.4782586351428276,1.0,-0.5217413648571724,Incremental
SKG_NLI_W4221166835,2022,SKG,NLI,0.4478595780825379,0.9914893617021276,-0.5436297836195898,Incremental
SKG_SA_W4221166835,2022,SKG,SA,0.4478595780825379,0.9914893617021276,-0.5436297836195898,Incremental
SKG_NLI_W4290876361,2022,SKG,NLI,0.355070680616088,0.0,0.355070680616088,Disruptive
SKG_NLI_W4295854586,2022,SKG,NLI,0.3972582937009954,0.0,0.3972582937009954,Disruptive
SKG_PAR_W4213025374,2022,SKG,PAR,0.3701021398333918,0.0,0.3701021398333918,Disruptive
SKG_NLI_W4213199992,2022,SKG,NLI,0.3985456151618071,0.0,0.3985456151618071,Disruptive
SKG_NLI_W4229073893,2022,SKG,NLI,0.3909173481135835,1.0,-0.6090826518864165,Incremental
SKG_SA_W3156470785,2022,SKG,SA,0.3572539534650641,0.9925373134328358,-0.6352833599677716,Incremental
SKG_NLI_W4285105424,2022,SKG,NLI,0.3962429864183693,0.0,0.3962429864183693,Disruptive
SKG_MT_W3199093552,2022,SKG,MT,0.3467891507069324,0.0,0.3467891507069324,Disruptive
SKG_NLI_W4286001073,2022,SKG,NLI,0.40265861191254,0.0,0.40265861191254,Disruptive
SKG_NLI_W3203321135,2022,SKG,NLI,0.3716815923397458,0.0,0.3716815923397458,Disruptive
SKG_PAR_W3203321135,2022,SKG,PAR,0.3631481061104984,0.0,0.3631481061104984,Disruptive
SKG_NLI_W4307233260,2022,SKG,NLI,0.4406962602959602,0.0,0.4406962602959602,Disruptive
SKG_MT_W4309305948,2022,SKG,MT,0.3898352070672112,0.0,0.3898352070672112,Disruptive
SKG_MT_W4220863497,2022,SKG,MT,0.3943734196901513,1.0,-0.6056265803098487,Incremental
SKG_SUM_W4220863497,2022,SKG,SUM,0.3890041646501825,0.0,0.3890041646501825,Disruptive
NOVEL_MT_W4294992918,2022,NOVEL,MT,0.4127608871742927,0.996078431372549,-0.5833175441982563,Incremental
SKG_NLI_W4309811444,2022,SKG,NLI,0.3520409322466648,0.0,0.3520409322466648,Disruptive
SKG_NLI_W4309306035,2022,SKG,NLI,0.392776179455484,0.0,0.392776179455484,Disruptive
SKG_NLI_W3156470785,2022,SKG,NLI,0.3572539534650641,0.9925373134328358,-0.6352833599677716,Incremental
SKG_MT_W4283816760,2022,SKG,MT,0.4068966032448246,0.0,0.4068966032448246,Disruptive
SKG_MT_W4281763794,2022,SKG,MT,0.3604972665001595,0.0,0.3604972665001595,Disruptive
SKG_SUM_W4281763794,2022,SKG,SUM,0.3604793316621378,0.0,0.3604793316621378,Disruptive
SKG_MT_W3162090017,2022,SKG,MT,0.5021830533947069,1.0,-0.4978169466052931,Incremental
SKG_NLI_W3162090017,2022,SKG,NLI,0.5021830533947069,1.0,-0.4978169466052931,Incremental
SKG_SUM_W3162090017,2022,SKG,SUM,0.3051243215096483,0.0,0.3051243215096483,Disruptive
SKG_MT_W4307135222,2022,SKG,MT,0.3068446844549495,0.996138996138996,-0.6892943116840465,Incremental
SKG_NLI_W4307135222,2022,SKG,NLI,0.3068446844549495,0.996138996138996,-0.6892943116840465,Incremental
SKG_SA_W4307135222,2022,SKG,SA,0.3068446844549495,0.996138996138996,-0.6892943116840465,Incremental
SKG_MT_W3158304688,2022,SKG,MT,0.3412796771272821,0.0,0.3412796771272821,Disruptive
SKG_MT_W3139434170,2022,SKG,MT,0.3394134200728162,0.0,0.3394134200728162,Disruptive
SKG_MT_W4221166942,2022,SKG,MT,0.338055758788415,0.9901960784313726,-0.6521403196429576,Incremental
SKG_NLI_W4221166942,2022,SKG,NLI,0.338055758788415,0.9901960784313726,-0.6521403196429576,Incremental
SKG_QA_W4221166942,2022,SKG,QA,0.338055758788415,0.9901960784313726,-0.6521403196429576,Incremental
SKG_MT_W4210747461,2022,SKG,MT,0.3782230866575468,0.0,0.3782230866575468,Disruptive
SKG_NLI_W4308834893,2022,SKG,NLI,0.4138239321741517,0.0,0.4138239321741517,Disruptive
NOVEL_MT_W4289920177,2022,NOVEL,MT,0.4213299028422915,0.0,0.4213299028422915,Disruptive
NOVEL_MT_W4283799942,2022,NOVEL,MT,0.4561670520877011,1.0,-0.543832947912299,Incremental
SKG_SUM_W4221166942,2022,SKG,SUM,0.3437798717050854,0.0,0.3437798717050854,Disruptive
SKG_MT_W4385573131,2022,SKG,MT,0.2857822878933171,0.9894736842105264,-0.7036913963172093,Incremental
SKG_NLI_W4385573131,2022,SKG,NLI,0.2857822878933171,0.9894736842105264,-0.7036913963172093,Incremental
SKG_QA_W4385573131,2022,SKG,QA,0.2857822878933171,0.9894736842105264,-0.7036913963172093,Incremental
SKG_MT_W4221049439,2022,SKG,MT,0.3625991245537077,1.0,-0.6374008754462923,Incremental
SKG_NLI_W4221049439,2022,SKG,NLI,0.3974608056339284,0.0,0.3974608056339284,Disruptive
SKG_SUM_W4221049439,2022,SKG,SUM,0.3983137812081347,0.0,0.3983137812081347,Disruptive
SKG_MT_W4287854497,2022,SKG,MT,0.4098227539279278,0.0,0.4098227539279278,Disruptive
SKG_NLI_W4205773061,2022,SKG,NLI,0.5849978460016609,0.0,0.5849978460016609,Disruptive
SKG_NLI_W4229011615,2022,SKG,NLI,0.2887801234332499,1.0,-0.7112198765667501,Incremental
SKG_SA_W4229011615,2022,SKG,SA,0.2887801234332499,1.0,-0.7112198765667501,Incremental
SKG_SUM_W4229011615,2022,SKG,SUM,0.2887801234332499,1.0,-0.7112198765667501,Incremental
SKG_MT_W4307116049,2022,SKG,MT,0.5003690675933424,0.0,0.5003690675933424,Disruptive
SKG_MT_W3195968524,2022,SKG,MT,0.3772764698239573,0.0,0.3772764698239573,Disruptive
SKG_MT_W4285294723,2022,SKG,MT,0.4663374597243055,1.0,-0.5336625402756945,Incremental
SKG_NLI_W3195968524,2022,SKG,NLI,0.3764055594117292,0.0,0.3764055594117292,Disruptive
SKG_MT_W4226225860,2022,SKG,MT,0.39834695283667,0.0,0.39834695283667,Disruptive
SKG_QA_W4226225860,2022,SKG,QA,0.4049257598446497,0.0,0.4049257598446497,Disruptive
SKG_MT_W4225278475,2022,SKG,MT,0.3978087965951488,0.9966329966329966,-0.5988242000378479,Incremental
SKG_MT_W4225597912,2022,SKG,MT,0.3290532497773362,1.0,-0.6709467502226638,Incremental
SKG_MT_W4206693420,2022,SKG,MT,0.3708702736550637,0.0,0.3708702736550637,Disruptive
SKG_NLI_W4206693420,2022,SKG,NLI,0.3699993632428356,0.0,0.3699993632428356,Disruptive
SKG_SUM_W4206693420,2022,SKG,SUM,0.370852338817042,0.0,0.370852338817042,Disruptive
SKG_MT_W4294733719,2022,SKG,MT,0.3835812724475015,1.0,-0.6164187275524985,Incremental
SKG_MT_W4308463927,2022,SKG,MT,0.2960542149181911,0.9954954954954957,-0.6994412805773045,Incremental
SKG_QA_W4308463927,2022,SKG,QA,0.3901741112388289,0.0,0.3901741112388289,Disruptive
SKG_MT_W4225264859,2022,SKG,MT,0.3670101202026486,0.0,0.3670101202026486,Disruptive
SKG_SUM_W3045710579,2022,SKG,SUM,0.3334088050014575,1.0,-0.6665911949985426,Incremental
SKG_SUM_W4295122555,2022,SKG,SUM,0.3679426113958447,0.0,0.3679426113958447,Disruptive
SKG_MT_W4308834828,2022,SKG,MT,0.4002295707071793,0.0,0.4002295707071793,Disruptive
SKG_QA_W4308834828,2022,SKG,QA,0.4068083777151591,0.0,0.4068083777151591,Disruptive
SKG_MT_W4205129187,2022,SKG,MT,0.40167475530905,0.0,0.40167475530905,Disruptive
SKG_MT_W4210542665,2022,SKG,MT,0.4145991130787676,0.0,0.4145991130787676,Disruptive
SKG_NLI_W4210542665,2022,SKG,NLI,0.4137283275582651,0.0,0.4137283275582651,Disruptive
SKG_MT_W3045710579,2022,SKG,MT,0.3334088050014575,1.0,-0.6665911949985426,Incremental
SKG_NLI_W4285294723,2022,SKG,NLI,0.4663374597243055,1.0,-0.5336625402756945,Incremental
SKG_QA_W4285294723,2022,SKG,QA,0.4663374597243055,1.0,-0.5336625402756945,Incremental
SKG_SA_W4285294723,2022,SKG,SA,0.4663374597243055,1.0,-0.5336625402756945,Incremental
SKG_SUM_W4285294723,2022,SKG,SUM,0.4663374597243055,1.0,-0.5336625402756945,Incremental
SKG_MT_W4295122555,2022,SKG,MT,0.3679605462338664,0.0,0.3679605462338664,Disruptive
SKG_NLI_W4295122555,2022,SKG,NLI,0.3670896358216384,0.0,0.3670896358216384,Disruptive
SKG_SA_W4295122555,2022,SKG,SA,0.3656761031053948,0.0,0.3656761031053948,Disruptive
SKG_DIA_W4214688262,2022,SKG,DIA,0.4029795979755682,0.0,0.4029795979755682,Disruptive
SKG_DIA_W4280521333,2022,SKG,DIA,0.4825956376068024,0.0,0.4825956376068024,Disruptive
SKG_DIA_W4282940054,2022,SKG,DIA,0.3972079766640486,0.0,0.3972079766640486,Disruptive
SKG_DIA_W4281660018,2022,SKG,DIA,0.3847614546361758,0.0,0.3847614546361758,Disruptive
SKG_DIA_W4206046353,2022,SKG,DIA,0.3971290450935191,0.0,0.3971290450935191,Disruptive
SKG_DIA_W4206929493,2022,SKG,DIA,0.4111322062285064,1.0,-0.5888677937714937,Incremental
SKG_MT_W2914057887,2022,SKG,MT,0.4056351765334114,1.0,-0.5943648234665886,Incremental
SKG_QA_W2914057887,2022,SKG,QA,0.4056351765334114,1.0,-0.5943648234665886,Incremental
SKG_MT_W4220773259,2022,SKG,MT,0.4291117122020694,1.0,-0.5708882877979307,Incremental
SKG_DIA_W4287891464,2022,SKG,DIA,0.3732118144618295,1.0,-0.6267881855381705,Incremental
SKG_PAR_W4287891464,2022,SKG,PAR,0.3732118144618295,1.0,-0.6267881855381705,Incremental
SKG_DIA_W4205475170,2022,SKG,DIA,0.3915106034833513,0.0,0.3915106034833513,Disruptive
SKG_DIA_W4220747294,2022,SKG,DIA,0.3650691518145917,0.0,0.3650691518145917,Disruptive
NOVEL_QA_W4287824654,2022,NOVEL,QA,0.3747454245889564,0.0,0.3747454245889564,Disruptive
SKG_MT_W4288039037,2022,SKG,MT,0.3502436952808951,0.9984894259818732,-0.6482457307009781,Incremental
SKG_NLI_W4288039037,2022,SKG,NLI,0.3502439136241934,0.9984894259818732,-0.6482455123576798,Incremental
SKG_QA_W4288039037,2022,SKG,QA,0.3502439136241934,0.9984894259818732,-0.6482455123576798,Incremental
SKG_MT_W4306871314,2022,SKG,MT,0.4306764249051353,0.0,0.4306764249051353,Disruptive
SKG_MT_W4308697725,2022,SKG,MT,0.4261567826275889,0.9989165763813652,-0.5727597937537763,Incremental
SKG_SUM_W4308697725,2022,SKG,SUM,0.4261567826275889,0.9989165763813652,-0.5727597937537763,Incremental
SKG_MT_W4307934708,2022,SKG,MT,0.4407002972413443,0.0,0.4407002972413443,Disruptive
SKG_QA_W4307934708,2022,SKG,QA,0.447279104249324,0.0,0.447279104249324,Disruptive
SKG_SUM_W4307934708,2022,SKG,SUM,0.4406823624033226,0.0,0.4406823624033226,Disruptive
SKG_MT_W4213212652,2022,SKG,MT,0.4244545064772482,0.0,0.4244545064772482,Disruptive
SKG_QA_W4213212652,2022,SKG,QA,0.431033313485228,0.0,0.431033313485228,Disruptive
SKG_DIA_W4297325261,2022,SKG,DIA,0.425898291188409,0.0,0.425898291188409,Disruptive
SKG_NLI_W4297325261,2022,SKG,NLI,0.4325319008610391,0.0,0.4325319008610391,Disruptive
SKG_MT_W3212386989,2022,SKG,MT,0.3411861779042452,1.0,-0.6588138220957548,Incremental
SKG_NLI_W3212386989,2022,SKG,NLI,0.3411861779042452,1.0,-0.6588138220957548,Incremental
SKG_SUM_W3212386989,2022,SKG,SUM,0.3411861779042452,1.0,-0.6588138220957548,Incremental
NOVEL_QA_W4229005866,2022,NOVEL,QA,0.3696770685838476,0.0,0.3696770685838476,Disruptive
SKG_SA_W4284966012,2022,SKG,SA,0.3457908224285513,0.9975550122249388,-0.6517641897963875,Incremental
SKG_DIA_W4212802598,2022,SKG,DIA,0.4023514550420585,0.0,0.4023514550420585,Disruptive
SKG_MT_W4307468223,2022,SKG,MT,0.4095597319539797,0.0,0.4095597319539797,Disruptive
SKG_SUM_W4307468223,2022,SKG,SUM,0.409541797115958,0.0,0.409541797115958,Disruptive
SKG_MT_W3194620979,2022,SKG,MT,0.4104779983658758,0.0,0.4104779983658758,Disruptive
SKG_QA_W3194620979,2022,SKG,QA,0.4170568053738555,0.0,0.4170568053738555,Disruptive
SKG_SUM_W3194620979,2022,SKG,SUM,0.4104600635278541,0.0,0.4104600635278541,Disruptive
SKG_DIA_W4288391568,2022,SKG,DIA,0.3921468643790201,0.0,0.3921468643790201,Disruptive
SKG_NLI_W4288391568,2022,SKG,NLI,0.39878047405165,0.0,0.39878047405165,Disruptive
SKG_SA_W4288391568,2022,SKG,SA,0.3973669413354065,0.0,0.3973669413354065,Disruptive
SKG_DIA_W4228997948,2022,SKG,DIA,0.3735699695580673,0.0,0.3735699695580673,Disruptive
SKG_DIA_W4206528627,2022,SKG,DIA,0.4198013269319062,0.0,0.4198013269319062,Disruptive
SKG_DIA_W4307127952,2022,SKG,DIA,0.3741270152377927,1.0,-0.6258729847622073,Incremental
SKG_SA_W4307127952,2022,SKG,SA,0.3741270152377927,1.0,-0.6258729847622073,Incremental
SKG_DIA_W4284966012,2022,SKG,DIA,0.3457903857419547,0.9975550122249388,-0.6517646264829842,Incremental
SKG_NLI_W4284966012,2022,SKG,NLI,0.3457903857419547,0.9975550122249388,-0.6517646264829842,Incremental
SKG_SUM_W3201174429,2022,SKG,SUM,0.3824253056707555,0.0,0.3824253056707555,Disruptive
SKG_PAR_W4385567149,2022,SKG,PAR,0.3530403944098852,0.996078431372549,-0.6430380369626638,Incremental
SKG_QA_W4385567149,2022,SKG,QA,0.3534000058221824,0.996078431372549,-0.6426784255503666,Incremental
SKG_SA_W4385567149,2022,SKG,SA,0.3534000058221824,0.996078431372549,-0.6426784255503666,Incremental
NOVEL_MT_W4285082442,2022,NOVEL,MT,0.4430062356155083,0.0,0.4430062356155083,Disruptive
SKG_SA_W4212802598,2022,SKG,SA,0.4075715319984449,0.0,0.4075715319984449,Disruptive
SKG_DIA_W4224108448,2022,SKG,DIA,0.4335322979109036,0.0,0.4335322979109036,Disruptive
SKG_DIA_W4221054016,2022,SKG,DIA,0.4224502804302147,0.0,0.4224502804302147,Disruptive
SKG_DIA_W4221079197,2022,SKG,DIA,0.3912675546561031,1.0,-0.6087324453438969,Incremental
SKG_MT_W4221079197,2022,SKG,MT,0.3912675546561031,1.0,-0.6087324453438969,Incremental
SKG_QA_W4221079197,2022,SKG,QA,0.3912675546561031,1.0,-0.6087324453438969,Incremental
SKG_SUM_W4221079197,2022,SKG,SUM,0.4228109809398402,0.0,0.4228109809398402,Disruptive
SKG_DIA_W3201174429,2022,SKG,DIA,0.3515469530736348,1.0,-0.6484530469263652,Incremental
SKG_PAR_W3201174429,2022,SKG,PAR,0.3515469530736348,1.0,-0.6484530469263652,Incremental
SKG_DIA_W4282978483,2022,SKG,DIA,0.4194837897197681,0.0,0.4194837897197681,Disruptive
SKG_DIA_W4205955331,2022,SKG,DIA,0.4055390402170846,1.0,-0.5944609597829154,Incremental
SKG_QA_W4205955331,2022,SKG,QA,0.4055390402170846,1.0,-0.5944609597829154,Incremental
SKG_DIA_W4283170666,2022,SKG,DIA,0.3756200047866381,0.0,0.3756200047866381,Disruptive
SKG_MT_W4283170666,2022,SKG,MT,0.3831245248714962,0.0,0.3831245248714962,Disruptive
SKG_NLI_W4283170666,2022,SKG,NLI,0.3822536144592682,0.0,0.3822536144592682,Disruptive
SKG_QA_W4283170666,2022,SKG,QA,0.3897033318794759,0.0,0.3897033318794759,Disruptive
SKG_SA_W4283170666,2022,SKG,SA,0.3808400817430246,0.0,0.3808400817430246,Disruptive
NOVEL_QA_W1495683013,2022,NOVEL,QA,0.40029552401267,0.0,0.40029552401267,Disruptive
SKG_NLI_W4292289324,2022,SKG,NLI,0.3355785346319908,0.998567335243553,-0.6629888006115623,Incremental
SKG_QA_W4292289324,2022,SKG,QA,0.3945709244358091,0.0,0.3945709244358091,Disruptive
SKG_SA_W4292289324,2022,SKG,SA,0.3355785346319908,0.998567335243553,-0.6629888006115623,Incremental
SKG_SUM_W4292289324,2022,SKG,SUM,0.3879741825898076,0.0,0.3879741825898076,Disruptive
SKG_DIA_W4285247752,2022,SKG,DIA,0.2935287018299745,0.9916666666666668,-0.6981379648366923,Incremental
SKG_NLI_W4285247752,2022,SKG,NLI,0.2935287018299745,0.9916666666666668,-0.6981379648366923,Incremental
SKG_QA_W4285247752,2022,SKG,QA,0.3635303974205872,0.0,0.3635303974205872,Disruptive
SKG_SA_W4285247752,2022,SKG,SA,0.2935287018299745,0.9916666666666668,-0.6981379648366923,Incremental
SKG_DIA_W4385567149,2022,SKG,DIA,0.3534000058221824,0.996078431372549,-0.6426784255503666,Incremental
SKG_MT_W4385567149,2022,SKG,MT,0.3530406127531835,0.996078431372549,-0.6430378186193655,Incremental
SKG_NLI_W4385567149,2022,SKG,NLI,0.3534000058221824,0.996078431372549,-0.6426784255503666,Incremental
SKG_SA_W4213072767,2022,SKG,SA,0.3409801381925221,0.0,0.3409801381925221,Disruptive
NOVEL_SA_W4283824584,2022,NOVEL,SA,0.4154631903506901,0.0,0.4154631903506901,Disruptive
NOVEL_SA_W4295048810,2022,NOVEL,SA,0.4815481482096238,0.0,0.4815481482096238,Disruptive
NOVEL_SA_W4286593299,2022,NOVEL,SA,0.3752782785303807,0.0,0.3752782785303807,Disruptive
SKG_DIA_W4292289324,2022,SKG,DIA,0.3355789713185874,0.998567335243553,-0.6629883639249656,Incremental
SKG_MT_W4292289324,2022,SKG,MT,0.3355785346319908,0.998567335243553,-0.6629888006115623,Incremental
NOVEL_SA_W4380520708,2022,NOVEL,SA,0.56536198607322,0.0,0.56536198607322,Disruptive
NOVEL_SA_W4213050051,2022,NOVEL,SA,0.4142832757738268,0.0,0.4142832757738268,Disruptive
NOVEL_SA_W4297256710,2022,NOVEL,SA,0.4518665056139374,0.0,0.4518665056139374,Disruptive
NOVEL_SA_W4229024336,2022,NOVEL,SA,0.3647909998284774,1.0,-0.6352090001715226,Incremental
NOVEL_SA_W4285494161,2022,NOVEL,SA,0.4364851529280376,0.0,0.4364851529280376,Disruptive
NOVEL_SA_W4289704658,2022,NOVEL,SA,0.3920025294949493,0.0,0.3920025294949493,Disruptive
NOVEL_SA_W4224234154,2022,NOVEL,SA,0.3916348482550143,0.0,0.3916348482550143,Disruptive
SKG_DIA_W4224234154,2022,SKG,DIA,0.3864147712986279,0.0,0.3864147712986279,Disruptive
SKG_SA_W4224234154,2022,SKG,SA,0.3916348482550143,0.0,0.3916348482550143,Disruptive
NOVEL_SA_W4226442993,2022,NOVEL,SA,0.4310207652613005,0.0,0.4310207652613005,Disruptive
NOVEL_SA_W3140416091,2022,NOVEL,SA,0.3532308299947772,0.0,0.3532308299947772,Disruptive
NOVEL_SA_W4213072767,2022,NOVEL,SA,0.3409801381925221,0.0,0.3409801381925221,Disruptive
SKG_MT_W4312597583,2022,SKG,MT,0.3479132386824878,0.0,0.3479132386824878,Disruptive
NOVEL_SA_W4285250231,2022,NOVEL,SA,0.3590066976249647,0.0,0.3590066976249647,Disruptive
NOVEL_SA_W4283168218,2022,NOVEL,SA,0.3402695667201682,0.0,0.3402695667201682,Disruptive
SKG_SA_W4283168218,2022,SKG,SA,0.3402695667201682,0.0,0.3402695667201682,Disruptive
SKG_QA_W3137125108,2022,SKG,QA,0.3887098182029533,0.0,0.3887098182029533,Disruptive
SKG_SUM_W3137125108,2022,SKG,SUM,0.3821130763569519,0.0,0.3821130763569519,Disruptive
NOVEL_SA_W4290932423,2022,NOVEL,SA,0.4470868368323712,0.0,0.4470868368323712,Disruptive
NOVEL_SA_W4312597583,2022,NOVEL,SA,0.3456287955540162,0.0,0.3456287955540162,Disruptive
SKG_NLI_W4206484811,2022,SKG,NLI,0.3869707124863479,0.0,0.3869707124863479,Disruptive
SKG_PAR_W4206484811,2022,SKG,PAR,0.3784372262571006,0.0,0.3784372262571006,Disruptive
SKG_QA_W4206484811,2022,SKG,QA,0.3944204299065557,0.0,0.3944204299065557,Disruptive
NOVEL_SA_W4281553262,2022,NOVEL,SA,0.4399954846572671,0.0,0.4399954846572671,Disruptive
NOVEL_SA_W4295795036,2022,NOVEL,SA,0.6575468167316125,0.0,0.6575468167316125,Disruptive
NOVEL_SA_W4312908198,2022,NOVEL,SA,0.3614863603893289,0.0,0.3614863603893289,Disruptive
SKG_SA_W4312908198,2022,SKG,SA,0.3614863603893289,0.0,0.3614863603893289,Disruptive
NOVEL_SA_W4220866631,2022,NOVEL,SA,0.4094078566079417,0.9980657640232108,-0.5886579074152691,Incremental
NOVEL_SA_W4295749386,2022,NOVEL,SA,0.4120246713636354,0.0,0.4120246713636354,Disruptive
NOVEL_SA_W4293105742,2022,NOVEL,SA,0.3875267847274395,0.0,0.3875267847274395,Disruptive
NOVEL_SA_W4206670862,2022,NOVEL,SA,0.39500950111568,1.0,-0.60499049888432,Incremental
NOVEL_SA_W3159301005,2022,NOVEL,SA,0.3954040805312496,0.0,0.3954040805312496,Disruptive
NOVEL_MT_W4283757722,2022,NOVEL,MT,0.4320183240499998,0.0,0.4320183240499998,Disruptive
NOVEL_MT_W4207043059,2022,NOVEL,MT,0.4279513499001215,0.0,0.4279513499001215,Disruptive
NOVEL_MT_W4292731246,2022,NOVEL,MT,0.3938482106942856,1.0,-0.6061517893057145,Incremental
NOVEL_SA_W4220825176,2022,NOVEL,SA,0.4585286049284245,0.0,0.4585286049284245,Disruptive
SKG_DIA_W4206484811,2022,SKG,DIA,0.3803371028137179,0.0,0.3803371028137179,Disruptive
SKG_MT_W4206484811,2022,SKG,MT,0.387841622898576,0.0,0.387841622898576,Disruptive
NOVEL_DIA_W4285585446,2022,NOVEL,DIA,0.3933824806654659,0.0,0.3933824806654659,Disruptive
SKG_SA_W4206484811,2022,SKG,SA,0.3855571797701044,0.0,0.3855571797701044,Disruptive
SKG_SUM_W4206484811,2022,SKG,SUM,0.3878236880605543,0.0,0.3878236880605543,Disruptive
NOVEL_SA_W4213436352,2022,NOVEL,SA,0.4645623844668838,0.996422182468694,-0.5318597980018102,Incremental
SKG_DIA_W4213436352,2022,SKG,DIA,0.4686447491151663,0.996661101836394,-0.5280163527212277,Incremental
SKG_QA_W4213436352,2022,SKG,QA,0.4686447491151663,0.996661101836394,-0.5280163527212277,Incremental
NOVEL_MT_W4309782713,2022,NOVEL,MT,0.4437391627067306,0.0,0.4437391627067306,Disruptive
SKG_NLI_W4309782713,2022,SKG,NLI,0.4428682522945025,0.0,0.4428682522945025,Disruptive
SKG_DIA_W3137125108,2022,SKG,DIA,0.3746264911101156,0.0,0.3746264911101156,Disruptive
SKG_NLI_W3137125108,2022,SKG,NLI,0.3812601007827456,0.0,0.3812601007827456,Disruptive
NOVEL_MT_W4281683632,2022,NOVEL,MT,0.4280953500596476,0.0,0.4280953500596476,Disruptive
NOVEL_MT_W4307034884,2022,NOVEL,MT,0.4255930818929639,0.0,0.4255930818929639,Disruptive
NOVEL_MT_W4310569000,2022,NOVEL,MT,0.383128403571527,0.993975903614458,-0.610847500042931,Incremental
NOVEL_MT_W3212407416,2022,NOVEL,MT,0.4065728214464104,0.0,0.4065728214464104,Disruptive
NOVEL_MT_W4280531467,2022,NOVEL,MT,0.4676779500172162,1.0,-0.5323220499827839,Incremental
NOVEL_QA_W4207072548,2022,NOVEL,QA,0.3843108194007764,0.0,0.3843108194007764,Disruptive
NOVEL_MT_W4296268709,2022,NOVEL,MT,0.425780669264697,0.0,0.425780669264697,Disruptive
NOVEL_MT_W4210521984,2022,NOVEL,MT,0.483456667244276,0.0,0.483456667244276,Disruptive
NOVEL_MT_W4214706752,2022,NOVEL,MT,0.3761340852106134,0.0,0.3761340852106134,Disruptive
NOVEL_MT_W4214767244,2022,NOVEL,MT,0.4134530441595206,0.0,0.4134530441595206,Disruptive
NOVEL_MT_W4281901970,2022,NOVEL,MT,0.4623791902949343,0.0,0.4623791902949343,Disruptive
NOVEL_MT_W4211159471,2022,NOVEL,MT,0.4321258558256737,0.0,0.4321258558256737,Disruptive
NOVEL_MT_W4205647138,2022,NOVEL,MT,0.4123305173305344,0.0,0.4123305173305344,Disruptive
NOVEL_MT_W4307112113,2022,NOVEL,MT,0.4113392517050712,0.0,0.4113392517050712,Disruptive
NOVEL_QA_W4304013646,2022,NOVEL,QA,0.3533581537144589,0.0,0.3533581537144589,Disruptive
NOVEL_MT_W4312731878,2022,NOVEL,MT,0.3522972504776021,0.0,0.3522972504776021,Disruptive
NOVEL_MT_W4220991830,2022,NOVEL,MT,0.3483264697729221,1.0,-0.651673530227078,Incremental
NOVEL_MT_W4210920041,2022,NOVEL,MT,0.4730976479626304,0.0,0.4730976479626304,Disruptive
NOVEL_MT_W4283721142,2022,NOVEL,MT,0.585868756413889,0.0,0.585868756413889,Disruptive
SKG_MT_W3039695075,2022,SKG,MT,0.3178068430478737,1.0,-0.6821931569521262,Incremental
SKG_NLI_W3039695075,2022,SKG,NLI,0.3178068430478737,1.0,-0.6821931569521262,Incremental
SKG_PAR_W3039695075,2022,SKG,PAR,0.3178068430478737,1.0,-0.6821931569521262,Incremental
SKG_SA_W3039695075,2022,SKG,SA,0.3178068430478737,1.0,-0.6821931569521262,Incremental
NOVEL_MT_W4289261621,2022,NOVEL,MT,0.4876492200241661,0.0,0.4876492200241661,Disruptive
NOVEL_MT_W4207073529,2022,NOVEL,MT,0.4245632871701774,0.0,0.4245632871701774,Disruptive
NOVEL_MT_W4205713819,2022,NOVEL,MT,0.4891760838145278,0.0,0.4891760838145278,Disruptive
NOVEL_MT_W4282921641,2022,NOVEL,MT,0.422163992231186,0.0,0.422163992231186,Disruptive
NOVEL_MT_W4308165701,2022,NOVEL,MT,0.4584708910823308,0.0,0.4584708910823308,Disruptive
NOVEL_MT_W4226115138,2022,NOVEL,MT,0.3456362127427819,0.0,0.3456362127427819,Disruptive
NOVEL_QA_W4226115138,2022,NOVEL,QA,0.3522150197507616,0.0,0.3522150197507616,Disruptive
NOVEL_MT_W4320012879,2022,NOVEL,MT,0.4370715681563205,0.0,0.4370715681563205,Disruptive
NOVEL_MT_W4281630788,2022,NOVEL,MT,0.4124924394526729,0.0,0.4124924394526729,Disruptive
NOVEL_MT_W4206779940,2022,NOVEL,MT,0.4030474402642555,0.0,0.4030474402642555,Disruptive
NOVEL_DIA_W4310436400,2022,NOVEL,DIA,0.3903047738734424,0.0,0.3903047738734424,Disruptive
NOVEL_DIA_W1859731298,2022,NOVEL,DIA,0.3954007309498914,0.0,0.3954007309498914,Disruptive
SKG_DIA_W4224293837,2022,SKG,DIA,0.3864194547383349,0.0,0.3864194547383349,Disruptive
NOVEL_MT_W3163465952,2022,NOVEL,MT,0.2942401669977712,0.9948717948717948,-0.7006316278740236,Incremental
SKG_MT_W3163465952,2022,SKG,MT,0.2897145654539433,0.9951219512195122,-0.7054073857655689,Incremental
NOVEL_MT_W4214917757,2022,NOVEL,MT,0.4565593607773633,0.0,0.4565593607773633,Disruptive
NOVEL_MT_W4225910596,2022,NOVEL,MT,0.395486495201191,0.0,0.395486495201191,Disruptive
NOVEL_MT_W4220897376,2022,NOVEL,MT,0.3853664233561087,1.0,-0.6146335766438913,Incremental
NOVEL_MT_W4283692078,2022,NOVEL,MT,0.4289145148873423,0.0,0.4289145148873423,Disruptive
NOVEL_MT_W4282015487,2022,NOVEL,MT,0.4004703122472227,1.0,-0.5995296877527774,Incremental
NOVEL_MT_W3140679530,2022,NOVEL,MT,0.4225096925274293,0.0,0.4225096925274293,Disruptive
NOVEL_MT_W4282020692,2022,NOVEL,MT,0.4343727204136661,0.0,0.4343727204136661,Disruptive
NOVEL_MT_W3173594637,2022,NOVEL,MT,0.4147614098760827,0.0,0.4147614098760827,Disruptive
NOVEL_MT_W3213029956,2022,NOVEL,MT,0.3384854121063294,0.0,0.3384854121063294,Disruptive
NOVEL_MT_W4224050897,2022,NOVEL,MT,0.4895489480610719,0.0,0.4895489480610719,Disruptive
NOVEL_MT_W3039695075,2022,NOVEL,MT,0.3147504735582948,1.0,-0.6852495264417052,Incremental
NOVEL_DIA_W4205178534,2022,NOVEL,DIA,0.5043577085495897,0.0,0.5043577085495897,Disruptive
NOVEL_DIA_W4312090823,2022,NOVEL,DIA,0.3921642867747303,0.0,0.3921642867747303,Disruptive
SKG_DIA_W4312090823,2022,SKG,DIA,0.3921642867747303,0.0,0.3921642867747303,Disruptive
SKG_MT_W4312090823,2022,SKG,MT,0.3996688068595883,0.0,0.3996688068595883,Disruptive
SKG_QA_W4312090823,2022,SKG,QA,0.4062476138675681,0.0,0.4062476138675681,Disruptive
SKG_SUM_W4312090823,2022,SKG,SUM,0.3996508720215666,0.0,0.3996508720215666,Disruptive
NOVEL_DIA_W3205786327,2022,NOVEL,DIA,0.3462093816794069,0.998708844415752,-0.6524994627363452,Incremental
NOVEL_DIA_W4205201623,2022,NOVEL,DIA,0.3621420019976843,0.0,0.3621420019976843,Disruptive
SKG_DIA_W4205201623,2022,SKG,DIA,0.3621420019976843,0.0,0.3621420019976843,Disruptive
NOVEL_DIA_W4312943102,2022,NOVEL,DIA,0.438257888575319,0.0,0.438257888575319,Disruptive
NOVEL_DIA_W4221055872,2022,NOVEL,DIA,0.3512366438627455,0.0,0.3512366438627455,Disruptive
SKG_SA_W4221055872,2022,SKG,SA,0.3564567208191319,0.0,0.3564567208191319,Disruptive
NOVEL_DIA_W4224293837,2022,NOVEL,DIA,0.3864194547383349,0.0,0.3864194547383349,Disruptive
NOVEL_MT_W3155072588,2022,NOVEL,MT,0.3691122977266247,0.0,0.3691122977266247,Disruptive
SKG_MT_W3155072588,2022,SKG,MT,0.3691122977266247,0.0,0.3691122977266247,Disruptive
NOVEL_DIA_W4206806123,2022,NOVEL,DIA,0.390330439123037,0.0,0.390330439123037,Disruptive
SKG_SA_W4220880259,2022,SKG,SA,0.4002205923718446,0.0,0.4002205923718446,Disruptive
SKG_SA_W4290716979,2022,SKG,SA,0.3930311377463434,0.0,0.3930311377463434,Disruptive
SKG_SA_W4280645626,2022,SKG,SA,0.4265974125726469,0.0,0.4265974125726469,Disruptive
NOVEL_DIA_W4284991798,2022,NOVEL,DIA,0.3758942541139959,1.0,-0.6241057458860041,Incremental
NOVEL_DIA_W4309674289,2022,NOVEL,DIA,0.3541667910810653,0.0,0.3541667910810653,Disruptive
NOVEL_MT_W4309674289,2022,NOVEL,MT,0.3616713111659233,0.0,0.3616713111659233,Disruptive
SKG_SUM_W3165898284,2022,SKG,SUM,0.4368684813352133,0.0,0.4368684813352133,Disruptive
SKG_SUM_W4281650778,2022,SKG,SUM,0.5066560417348167,0.0,0.5066560417348167,Disruptive
SKG_SUM_W4225295961,2022,SKG,SUM,0.4751398021370839,0.0,0.4751398021370839,Disruptive
SKG_SUM_W4281616414,2022,SKG,SUM,0.5018986661262562,0.0,0.5018986661262562,Disruptive
SKG_SUM_W4205325549,2022,SKG,SUM,0.4347629941805111,0.0,0.4347629941805111,Disruptive
SKG_SUM_W4312072518,2022,SKG,SUM,0.4709106560816161,0.0,0.4709106560816161,Disruptive
SKG_SUM_W4210274399,2022,SKG,SUM,0.4786059221954789,0.0,0.4786059221954789,Disruptive
SKG_SUM_W4304808118,2022,SKG,SUM,0.4339468892000916,0.0,0.4339468892000916,Disruptive
NOVEL_MT_60,2022,NOVEL,MT,0.3215684721769476,0.6133333333333333,-0.29176486115638567,Disruptive
SKG_SUM_W4386154055,2023,SKG,SUM,0.3835129252624582,0.0,0.3835129252624582,Disruptive
SKG_SA_W4382630561,2023,SKG,SA,0.3544547689048867,0.0,0.3544547689048867,Disruptive
SKG_SA_W4324290234,2023,SKG,SA,0.3520773924637245,0.0,0.3520773924637245,Disruptive
SKG_SUM_W4383301908,2023,SKG,SUM,0.4180674058669498,0.0,0.4180674058669498,Disruptive
SKG_SUM_W4318016874,2023,SKG,SUM,0.375555011849824,0.0,0.375555011849824,Disruptive
SKG_SUM_W4317355154,2023,SKG,SUM,0.3734898022766023,0.0,0.3734898022766023,Disruptive
SKG_SUM_W4390229867,2023,SKG,SUM,0.3814042533687554,0.0,0.3814042533687554,Disruptive
NOVEL_DIA_W4379259169,2023,NOVEL,DIA,0.3458483152568508,0.0,0.3458483152568508,Disruptive
NOVEL_QA_W4379259169,2023,NOVEL,QA,0.3599316423496886,0.0,0.3599316423496886,Disruptive
NOVEL_SA_W4379259169,2023,NOVEL,SA,0.3510683922132372,0.0,0.3510683922132372,Disruptive
SKG_SUM_W4360949780,2023,SKG,SUM,0.3866139243612915,0.0,0.3866139243612915,Disruptive
SKG_SUM_W4361000553,2023,SKG,SUM,0.4017006574666863,0.0,0.4017006574666863,Disruptive
NOVEL_DIA_W4385452929,2023,NOVEL,DIA,0.3549396210785916,0.0,0.3549396210785916,Disruptive
SKG_DIA_W4385452929,2023,SKG,DIA,0.3549396210785916,0.0,0.3549396210785916,Disruptive
SKG_MT_W4385452929,2023,SKG,MT,0.3624441411634497,0.0,0.3624441411634497,Disruptive
SKG_QA_W4385452929,2023,SKG,QA,0.3690229481714294,0.0,0.3690229481714294,Disruptive
SKG_SUM_W4226083230,2023,SKG,SUM,0.5788937904515614,0.0,0.5788937904515614,Disruptive
NOVEL_DIA_W4392669753,2023,NOVEL,DIA,0.5086237988706127,0.8056426332288401,-0.2970188343582274,Disruptive
SKG_QA_W4379259169,2023,SKG,QA,0.3599316423496886,0.0,0.3599316423496886,Disruptive
SKG_SA_W4372355147,2023,SKG,SA,0.4259842566461997,0.0,0.4259842566461997,Disruptive
NOVEL_DIA_W4366420437,2023,NOVEL,DIA,0.358142344487862,0.0,0.358142344487862,Disruptive
SKG_SUM_W4320892455,2023,SKG,SUM,0.4072524693412884,0.0,0.4072524693412884,Disruptive
SKG_SUM_W4386373863,2023,SKG,SUM,0.3875305671807557,0.0,0.3875305671807557,Disruptive
SKG_SUM_W4386765496,2023,SKG,SUM,0.3935384211910991,0.0,0.3935384211910991,Disruptive
NOVEL_DIA_W4360615722,2023,NOVEL,DIA,0.3575018372735256,0.0,0.3575018372735256,Disruptive
NOVEL_DIA_W4385632485,2023,NOVEL,DIA,0.3608559918999906,0.0,0.3608559918999906,Disruptive
SKG_DIA_W4385632485,2023,SKG,DIA,0.3608559918999906,0.0,0.3608559918999906,Disruptive
SKG_MT_W4385632485,2023,SKG,MT,0.3683605119848486,0.0,0.3683605119848486,Disruptive
SKG_PAR_W4385632485,2023,SKG,PAR,0.3589561153433732,0.0,0.3589561153433732,Disruptive
SKG_QA_W4385632485,2023,SKG,QA,0.3749393189928284,0.0,0.3749393189928284,Disruptive
SKG_SA_W4385632485,2023,SKG,SA,0.366076068856377,0.0,0.366076068856377,Disruptive
NOVEL_DIA_W4321605350,2023,NOVEL,DIA,0.3516063233702887,0.0,0.3516063233702887,Disruptive
SKG_DIA_W4321605350,2023,SKG,DIA,0.3516063233702887,0.0,0.3516063233702887,Disruptive
SKG_MT_W4321605350,2023,SKG,MT,0.3591108434551467,0.0,0.3591108434551467,Disruptive
SKG_PAR_W4321605350,2023,SKG,PAR,0.3497064468136713,0.0,0.3497064468136713,Disruptive
SKG_QA_W4321605350,2023,SKG,QA,0.365689525571401,0.0,0.365689525571401,Disruptive
NOVEL_DIA_W4353016766,2023,NOVEL,DIA,0.3945919537532288,0.7740384615384616,-0.37944650778523276,Incremental
SKG_PAR_W4386098991,2023,SKG,PAR,0.3515513473830731,0.0,0.3515513473830731,Disruptive
SKG_QA_W4386098991,2023,SKG,QA,0.3675345510325283,0.0,0.3675345510325283,Disruptive
SKG_SUM_W4386098991,2023,SKG,SUM,0.3609378091865268,0.0,0.3609378091865268,Disruptive
NOVEL_DIA_W4319790168,2023,NOVEL,DIA,0.33918771464307,0.0,0.33918771464307,Disruptive
NOVEL_DIA_W4318464200,2023,NOVEL,DIA,0.3486743652219485,0.0,0.3486743652219485,Disruptive
NOVEL_DIA_W4366489368,2023,NOVEL,DIA,0.3583198156298277,0.0,0.3583198156298277,Disruptive
NOVEL_DIA_W4376139682,2023,NOVEL,DIA,0.3568735694482903,0.0,0.3568735694482903,Disruptive
SKG_DIA_W4376139682,2023,SKG,DIA,0.3568735694482903,0.0,0.3568735694482903,Disruptive
SKG_MT_W4376139682,2023,SKG,MT,0.3643780895331483,0.0,0.3643780895331483,Disruptive
SKG_QA_W4376139682,2023,SKG,QA,0.370956896541128,0.0,0.370956896541128,Disruptive
SKG_DIA_W4392669753,2023,SKG,DIA,0.5090041528962482,0.8149210903873745,-0.30591693749112625,Disruptive
SKG_MT_W4392669753,2023,SKG,MT,0.5090041528962482,0.8149210903873745,-0.30591693749112625,Disruptive
SKG_NLI_W4392669753,2023,SKG,NLI,0.5090041528962482,0.8149210903873745,-0.30591693749112625,Disruptive
SKG_PAR_W4392669753,2023,SKG,PAR,0.5090041528962482,0.8149210903873745,-0.30591693749112625,Disruptive
SKG_QA_W4392669753,2023,SKG,QA,0.5090041528962482,0.8149210903873745,-0.30591693749112625,Disruptive
SKG_SA_W4392669753,2023,SKG,SA,0.5090041528962482,0.8149210903873745,-0.30591693749112625,Disruptive
NOVEL_DIA_W4319350602,2023,NOVEL,DIA,0.3044210088395275,0.7884615384615384,-0.48404052962201094,Incremental
SKG_DIA_W4319350602,2023,SKG,DIA,0.3166261808711015,0.7962962962962963,-0.4796701154251948,Incremental
SKG_MT_W4319350602,2023,SKG,MT,0.3166263992143999,0.7962962962962963,-0.4796698970818964,Incremental
SKG_SUM_W4387356888,2023,SKG,SUM,0.37960880992266,0.0,0.37960880992266,Disruptive
NOVEL_DIA_W4380995257,2023,NOVEL,DIA,0.3737136009316711,0.711340206185567,-0.33762660525389593,Disruptive
SKG_DIA_W4380995257,2023,SKG,DIA,0.3757332764409299,0.7,-0.32426672355907005,Disruptive
SKG_SUM_W4380995257,2023,SKG,SUM,0.3877915284412327,0.0,0.3877915284412327,Disruptive
NOVEL_DIA_W4385242971,2023,NOVEL,DIA,0.3707931525949026,0.7712418300653595,-0.4004486774704569,Incremental
NOVEL_DIA_W4389519254,2023,NOVEL,DIA,0.2789293955522207,0.6714285714285714,-0.3924991758763507,Incremental
SKG_DIA_W4389519254,2023,SKG,DIA,0.2783420520797984,0.6973684210526315,-0.41902636897283313,Incremental
SKG_SUM_W4385632485,2023,SKG,SUM,0.3683425771468269,0.0,0.3683425771468269,Disruptive
NOVEL_DIA_W4377227441,2023,NOVEL,DIA,0.3225781767283929,0.0,0.3225781767283929,Disruptive
NOVEL_DIA_W4315797044,2023,NOVEL,DIA,0.3718997435134443,0.5972222222222222,-0.22532247870877792,Disruptive
SKG_QA_W4315797044,2023,SKG,QA,0.4204511751359384,0.0,0.4204511751359384,Disruptive
NOVEL_DIA_W4323359867,2023,NOVEL,DIA,0.3197679494333563,0.7094017094017094,-0.38963375996835314,Incremental
SKG_PAR_W4323359867,2023,SKG,PAR,0.3170249025768353,0.7244094488188977,-0.4073845462420624,Incremental
NOVEL_SA_W4353016766,2023,NOVEL,SA,0.3945919537532288,0.7740384615384616,-0.37944650778523276,Incremental
SKG_DIA_W4353016766,2023,SKG,DIA,0.4007688856620864,0.7889908256880734,-0.38822194002598703,Incremental
SKG_QA_W4353016766,2023,SKG,QA,0.4156904274507888,0.0,0.4156904274507888,Disruptive
NOVEL_DIA_W4315498228,2023,NOVEL,DIA,0.3655623492386758,0.0,0.3655623492386758,Disruptive
NOVEL_DIA_W4319062614,2023,NOVEL,DIA,0.4121203609206155,0.0,0.4121203609206155,Disruptive
NOVEL_DIA_W4389793309,2023,NOVEL,DIA,0.3477768861291511,0.7242152466367713,-0.3764383605076202,Disruptive
SKG_SA_W4389793309,2023,SKG,SA,0.34713037162289,0.7346072186836518,-0.38747684706076174,Incremental
NOVEL_DIA_W4389523957,2023,NOVEL,DIA,0.3320365586126143,0.830220713073005,-0.49818415446039077,Incremental
SKG_DIA_W4389523957,2023,SKG,DIA,0.3319931082962529,0.8341463414634146,-0.5021532331671617,Incremental
SKG_MT_W4389523957,2023,SKG,MT,0.3319931082962529,0.8341463414634146,-0.5021532331671617,Incremental
SKG_SA_W4376139682,2023,SKG,SA,0.3620936464046767,0.0,0.3620936464046767,Disruptive
SKG_SUM_W4392669753,2023,SKG,SUM,0.3105148357207394,0.0,0.3105148357207394,Disruptive
NOVEL_DIA_W4319301446,2023,NOVEL,DIA,0.4132525044124669,0.0,0.4132525044124669,Disruptive
NOVEL_DIA_W4386417345,2023,NOVEL,DIA,0.3411322788094378,0.0,0.3411322788094378,Disruptive
SKG_MT_W4378473491,2023,SKG,MT,0.366880607483283,0.0,0.366880607483283,Disruptive
NOVEL_DIA_W4387356888,2023,NOVEL,DIA,0.3508809204704788,0.6839080459770115,-0.3330271255065327,Disruptive
SKG_DIA_W4387356888,2023,SKG,DIA,0.355110230158516,0.6839080459770115,-0.3287978158184955,Disruptive
SKG_MT_W4387356888,2023,SKG,MT,0.3538244064748376,0.6853932584269663,-0.3315688519521287,Disruptive
SKG_SA_W4387356888,2023,SKG,SA,0.3538244064748376,0.6853932584269663,-0.3315688519521287,Disruptive
NOVEL_DIA_W4362466759,2023,NOVEL,DIA,0.3538928410811343,0.0,0.3538928410811343,Disruptive
SKG_DIA_W4362466759,2023,SKG,DIA,0.3538928410811343,0.0,0.3538928410811343,Disruptive
SKG_MT_W4362466759,2023,SKG,MT,0.3613973611659923,0.0,0.3613973611659923,Disruptive
SKG_SA_W4362466759,2023,SKG,SA,0.3591129180375207,0.0,0.3591129180375207,Disruptive
NOVEL_DIA_W4385027818,2023,NOVEL,DIA,0.369526787281901,0.0,0.369526787281901,Disruptive
NOVEL_SUM_W4385027818,2023,NOVEL,SUM,0.3770133725287373,0.0,0.3770133725287373,Disruptive
NOVEL_DIA_W4381930847,2023,NOVEL,DIA,0.3168072832940183,0.654320987654321,-0.3375137043603027,Disruptive
SKG_QA_W4323359867,2023,SKG,QA,0.3170249025768353,0.7244094488188977,-0.4073845462420624,Incremental
SKG_SUM_W4323359867,2023,SKG,SUM,0.3790885734400004,0.0,0.3790885734400004,Disruptive
NOVEL_DIA_W4324130227,2023,NOVEL,DIA,0.3515233952645423,0.0,0.3515233952645423,Disruptive
NOVEL_DIA_W4321106177,2023,NOVEL,DIA,0.3621245796019742,0.0,0.3621245796019742,Disruptive
NOVEL_DIA_W4366403195,2023,NOVEL,DIA,0.3498344844603167,0.0,0.3498344844603167,Disruptive
NOVEL_DIA_W4383959108,2023,NOVEL,DIA,0.3483609494367528,0.0,0.3483609494367528,Disruptive
SKG_MT_W4383959108,2023,SKG,MT,0.3558654695216108,0.0,0.3558654695216108,Disruptive
NOVEL_DIA_W4386091044,2023,NOVEL,DIA,0.3960556203400214,0.6414342629482072,-0.24537864260818576,Disruptive
SKG_SUM_W4386091044,2023,SKG,SUM,0.4140076129912889,0.0,0.4140076129912889,Disruptive
NOVEL_DIA_W4386421370,2023,NOVEL,DIA,0.3697176218384977,0.0,0.3697176218384977,Disruptive
NOVEL_SA_W4386421370,2023,NOVEL,SA,0.3749376987948841,0.0,0.3749376987948841,Disruptive
SKG_SA_W4386421370,2023,SKG,SA,0.3749376987948841,0.0,0.3749376987948841,Disruptive
NOVEL_DIA_W4378189609,2023,NOVEL,DIA,0.3489544349164303,0.0,0.3489544349164303,Disruptive
NOVEL_DIA_W4385293522,2023,NOVEL,DIA,0.3755212778776136,0.0,0.3755212778776136,Disruptive
NOVEL_DIA_W4387242094,2023,NOVEL,DIA,0.3937376102869859,0.0,0.3937376102869859,Disruptive
NOVEL_DIA_W4319304408,2023,NOVEL,DIA,0.3628701832033367,0.0,0.3628701832033367,Disruptive
SKG_NLI_W4319304408,2023,SKG,NLI,0.3695037928759667,0.0,0.3695037928759667,Disruptive
NOVEL_DIA_W4376626501,2023,NOVEL,DIA,0.392350309611833,0.7198697068403909,-0.3275193972285579,Disruptive
SKG_NLI_W4389523957,2023,SKG,NLI,0.3319931082962529,0.8341463414634146,-0.5021532331671617,Incremental
SKG_SA_W4389523957,2023,SKG,SA,0.3319931082962529,0.8341463414634146,-0.5021532331671617,Incremental
NOVEL_DIA_W4323536358,2023,NOVEL,DIA,0.3651668795898121,0.0,0.3651668795898121,Disruptive
SKG_QA_W4323536358,2023,SKG,QA,0.3792502066826498,0.0,0.3792502066826498,Disruptive
NOVEL_DIA_W4378473491,2023,NOVEL,DIA,0.3593760873984249,0.0,0.3593760873984249,Disruptive
NOVEL_DIA_W4366377796,2023,NOVEL,DIA,0.3576854281100419,0.0,0.3576854281100419,Disruptive
NOVEL_DIA_W4379416244,2023,NOVEL,DIA,0.4381590533132706,0.8058252427184466,-0.367666189405176,Disruptive
NOVEL_DIA_W4366422585,2023,NOVEL,DIA,0.3505239492310576,0.0,0.3505239492310576,Disruptive
SKG_DIA_W4366422585,2023,SKG,DIA,0.3505239492310576,0.0,0.3505239492310576,Disruptive
SKG_SA_W4366422585,2023,SKG,SA,0.355744026187444,0.0,0.355744026187444,Disruptive
NOVEL_DIA_W4380319827,2023,NOVEL,DIA,0.3740933283338649,0.0,0.3740933283338649,Disruptive
SKG_DIA_W4380319827,2023,SKG,DIA,0.3740933283338649,0.0,0.3740933283338649,Disruptive
NOVEL_DIA_W4323313947,2023,NOVEL,DIA,0.3389658645653342,0.7574750830564784,-0.4185092184911442,Incremental
SKG_NLI_W4323313947,2023,SKG,NLI,0.3447080749672799,0.7694704049844237,-0.42476233001714375,Incremental
NOVEL_DIA_W4323350039,2023,NOVEL,DIA,0.366694742513978,0.0,0.366694742513978,Disruptive
NOVEL_DIA_W4366769280,2023,NOVEL,DIA,0.3875779503842713,0.0,0.3875779503842713,Disruptive
SKG_DIA_W4381930847,2023,SKG,DIA,0.3116270885418922,0.654320987654321,-0.3426938991124288,Disruptive
NOVEL_DIA_W4366498198,2023,NOVEL,DIA,0.3522003084168683,0.0,0.3522003084168683,Disruptive
SKG_MT_W4389519254,2023,SKG,MT,0.2783420520797984,0.6973684210526315,-0.41902636897283313,Incremental
SKG_SUM_W4389519254,2023,SKG,SUM,0.3442544602620668,0.0,0.3442544602620668,Disruptive
NOVEL_SUM_W4389519254,2023,NOVEL,SUM,0.2789293955522207,0.6714285714285714,-0.3924991758763507,Incremental
NOVEL_DIA_W4367849331,2023,NOVEL,DIA,0.3721863565768788,0.0,0.3721863565768788,Disruptive
NOVEL_SA_W4367849331,2023,NOVEL,SA,0.3774064335332652,0.0,0.3774064335332652,Disruptive
NOVEL_DIA_W4361002760,2023,NOVEL,DIA,0.3517761761169976,0.0,0.3517761761169976,Disruptive
NOVEL_MT_W4361002760,2023,NOVEL,MT,0.3592806962018556,0.0,0.3592806962018556,Disruptive
NOVEL_SA_W4361002760,2023,NOVEL,SA,0.356996253073384,0.0,0.356996253073384,Disruptive
SKG_SA_W4361002760,2023,SKG,SA,0.356996253073384,0.0,0.356996253073384,Disruptive
NOVEL_DIA_W4379010216,2023,NOVEL,DIA,0.4904551161772756,0.7259615384615384,-0.23550642228426283,Disruptive
SKG_DIA_W4379010216,2023,SKG,DIA,0.487027781423888,0.7268722466960352,-0.23984446527214726,Disruptive
SKG_SA_W4379010216,2023,SKG,SA,0.487027781423888,0.7268722466960352,-0.23984446527214726,Disruptive
NOVEL_DIA_W4378214315,2023,NOVEL,DIA,0.3585649980643567,0.7391304347826086,-0.38056543671825194,Incremental
NOVEL_DIA_W4386045865,2023,NOVEL,DIA,0.3553104145052577,0.7151162790697675,-0.3598058645645098,Disruptive
SKG_DIA_W4386045865,2023,SKG,DIA,0.3553241701330504,0.7195767195767195,-0.36425254944366914,Disruptive
SKG_NLI_W4386045865,2023,SKG,NLI,0.3553241701330504,0.7195767195767195,-0.36425254944366914,Disruptive
NOVEL_DIA_W4364363895,2023,NOVEL,DIA,0.3271336735342016,0.7391304347826086,-0.41199676124840706,Incremental
SKG_SA_W4376626501,2023,SKG,SA,0.3931324153063373,0.7272727272727273,-0.33414031196639,Disruptive
NOVEL_DIA_W4366989878,2023,NOVEL,DIA,0.3632266241879747,0.0,0.3632266241879747,Disruptive
NOVEL_DIA_W4376640725,2023,NOVEL,DIA,0.4181962809213681,0.0,0.4181962809213681,Disruptive
NOVEL_DIA_W4384934594,2023,NOVEL,DIA,0.349000457517285,0.0,0.349000457517285,Disruptive
NOVEL_DIA_W4320920036,2023,NOVEL,DIA,0.419484851299435,0.0,0.419484851299435,Disruptive
SKG_DIA_W4320920036,2023,SKG,DIA,0.419484851299435,0.0,0.419484851299435,Disruptive
SKG_SA_W4320920036,2023,SKG,SA,0.4247049282558214,0.0,0.4247049282558214,Disruptive
NOVEL_DIA_W4387163553,2023,NOVEL,DIA,0.3631732954211771,0.0,0.3631732954211771,Disruptive
NOVEL_DIA_W4382560004,2023,NOVEL,DIA,0.3883336077695384,0.0,0.3883336077695384,Disruptive
NOVEL_DIA_W4398233424,2023,NOVEL,DIA,0.3597551337853824,0.0,0.3597551337853824,Disruptive
NOVEL_DIA_W4379057711,2023,NOVEL,DIA,0.3465012491978765,0.0,0.3465012491978765,Disruptive
SKG_DIA_W4379057711,2023,SKG,DIA,0.3465012491978765,0.0,0.3465012491978765,Disruptive
NOVEL_DIA_W4386067316,2023,NOVEL,DIA,0.3621937696179129,0.0,0.3621937696179129,Disruptive
SKG_NLI_W4386067316,2023,SKG,NLI,0.3688273792905429,0.0,0.3688273792905429,Disruptive
NOVEL_DIA_W4386072877,2023,NOVEL,DIA,0.4017778954045529,0.7478991596638656,-0.34612126425931267,Disruptive
NOVEL_DIA_W4377010595,2023,NOVEL,DIA,0.3500700673562767,0.7046979865771812,-0.3546279192209045,Disruptive
NOVEL_DIA_W4322631505,2023,NOVEL,DIA,0.3424175789598754,0.7230769230769231,-0.38065934411704766,Incremental
NOVEL_DIA_W4386544117,2023,NOVEL,DIA,0.3829031547464165,0.7183544303797469,-0.3354512756333304,Disruptive
SKG_SA_W4366498198,2023,SKG,SA,0.3574203853732547,0.0,0.3574203853732547,Disruptive
NOVEL_DIA_W4386347795,2023,NOVEL,DIA,0.4822334247751325,1.0,-0.5177665752248675,Incremental
NOVEL_DIA_W4361028617,2023,NOVEL,DIA,0.3631197168709283,0.0,0.3631197168709283,Disruptive
NOVEL_DIA_W4381587418,2023,NOVEL,DIA,0.3604445361102604,0.0,0.3604445361102604,Disruptive
NOVEL_QA_W4381587418,2023,NOVEL,QA,0.3745278632030981,0.0,0.3745278632030981,Disruptive
SKG_DIA_W4381587418,2023,SKG,DIA,0.3604445361102604,0.0,0.3604445361102604,Disruptive
SKG_NLI_W4381587418,2023,SKG,NLI,0.3670781457828904,0.0,0.3670781457828904,Disruptive
SKG_SA_W4381587418,2023,SKG,SA,0.3656646130666469,0.0,0.3656646130666469,Disruptive
NOVEL_SUM_W4381587418,2023,NOVEL,SUM,0.3679311213570967,0.0,0.3679311213570967,Disruptive
NOVEL_DIA_W4380997513,2023,NOVEL,DIA,0.3604490837768149,0.7394957983193278,-0.3790467145425129,Incremental
NOVEL_DIA_W4386141641,2023,NOVEL,DIA,0.3474670369113335,0.0,0.3474670369113335,Disruptive
SKG_DIA_W4386141641,2023,SKG,DIA,0.3474670369113335,0.0,0.3474670369113335,Disruptive
SKG_NLI_W4386141641,2023,SKG,NLI,0.3541006465839635,0.0,0.3541006465839635,Disruptive
NOVEL_DIA_W4327518740,2023,NOVEL,DIA,0.3544362449788777,0.0,0.3544362449788777,Disruptive
SKG_QA_W4327518740,2023,SKG,QA,0.3685195720717155,0.0,0.3685195720717155,Disruptive
SKG_SUM_W4327518740,2023,SKG,SUM,0.361922830225714,0.0,0.361922830225714,Disruptive
SKG_DIA_W4366989878,2023,SKG,DIA,0.3632266241879747,0.0,0.3632266241879747,Disruptive
SKG_SA_W4386141641,2023,SKG,SA,0.35268711386772,0.0,0.35268711386772,Disruptive
SKG_SA_W4327918021,2023,SKG,SA,0.3652499725379158,0.0,0.3652499725379158,Disruptive
NOVEL_DIA_W4366548330,2023,NOVEL,DIA,0.3713242289956047,0.0,0.3713242289956047,Disruptive
SKG_DIA_W4366548330,2023,SKG,DIA,0.3713242289956047,0.0,0.3713242289956047,Disruptive
SKG_MT_W4366548330,2023,SKG,MT,0.3788287490804627,0.0,0.3788287490804627,Disruptive
SKG_QA_W4366548330,2023,SKG,QA,0.3854075560884424,0.0,0.3854075560884424,Disruptive
SKG_SA_W4366548330,2023,SKG,SA,0.3765443059519911,0.0,0.3765443059519911,Disruptive
NOVEL_DIA_W4386098991,2023,NOVEL,DIA,0.3534512239396905,0.0,0.3534512239396905,Disruptive
SKG_DIA_W4386098991,2023,SKG,DIA,0.3534512239396905,0.0,0.3534512239396905,Disruptive
SKG_SUM_W4385878593,2023,SKG,SUM,0.34691415444877,0.0,0.34691415444877,Disruptive
NOVEL_DIA_W4384662964,2023,NOVEL,DIA,0.3469296902622777,0.0,0.3469296902622777,Disruptive
NOVEL_DIA_W4362581834,2023,NOVEL,DIA,0.3366831629497494,0.6906077348066298,-0.3539245718568804,Disruptive
NOVEL_MT_W4322499406,2023,NOVEL,MT,0.3982401079654865,0.0,0.3982401079654865,Disruptive
SKG_NLI_W4322499406,2023,SKG,NLI,0.3973691975532584,0.0,0.3973691975532584,Disruptive
SKG_QA_W4322499406,2023,SKG,QA,0.4048189149734662,0.0,0.4048189149734662,Disruptive
SKG_DIA_W4327672398,2023,SKG,DIA,0.3562450086364653,0.8708609271523179,-0.5146159185158525,Incremental
SKG_SA_W4327672398,2023,SKG,SA,0.3562450086364653,0.8708609271523179,-0.5146159185158525,Incremental
NOVEL_DIA_W4380291159,2023,NOVEL,DIA,0.4038408513147637,0.0,0.4038408513147637,Disruptive
NOVEL_DIA_W4386069852,2023,NOVEL,DIA,0.3632610318583559,0.0,0.3632610318583559,Disruptive
NOVEL_DIA_W4389203481,2023,NOVEL,DIA,0.31811827472017,0.7023809523809523,-0.3842626776607823,Incremental
SKG_DIA_W4389203481,2023,SKG,DIA,0.3161027477335788,0.7132075471698113,-0.39710479943623245,Incremental
NOVEL_DIA_W4366703942,2023,NOVEL,DIA,0.3592043788528052,0.8256130790190735,-0.46640870016626834,Incremental
NOVEL_DIA_W4377041488,2023,NOVEL,DIA,0.4753697405866374,0.5730337078651685,-0.0976639672785311,Disruptive
NOVEL_DIA_W4376255328,2023,NOVEL,DIA,0.3555928672489312,0.0,0.3555928672489312,Disruptive
NOVEL_DIA_W4327672398,2023,NOVEL,DIA,0.3547102735927269,0.8673870333988212,-0.5126767598060943,Incremental
NOVEL_DIA_W4376224599,2023,NOVEL,DIA,0.3695169832814475,0.0,0.3695169832814475,Disruptive
NOVEL_DIA_W4388817859,2023,NOVEL,DIA,0.3436424151548295,0.0,0.3436424151548295,Disruptive
NOVEL_DIA_W4360945746,2023,NOVEL,DIA,0.3582047279047599,0.0,0.3582047279047599,Disruptive
NOVEL_DIA_W4386615720,2023,NOVEL,DIA,0.3632689000370636,0.0,0.3632689000370636,Disruptive
NOVEL_DIA_W4367175039,2023,NOVEL,DIA,0.4028780610027194,0.0,0.4028780610027194,Disruptive
NOVEL_DIA_W4385227045,2023,NOVEL,DIA,0.3620182967435553,0.0,0.3620182967435553,Disruptive
NOVEL_DIA_W4327918021,2023,NOVEL,DIA,0.3600298955815294,0.0,0.3600298955815294,Disruptive
SKG_QA_W4327918021,2023,SKG,QA,0.3741132226743672,0.0,0.3741132226743672,Disruptive
NOVEL_SA_W4378470708,2023,NOVEL,SA,0.3469560547919669,0.7055837563451777,-0.3586277015532108,Disruptive
SKG_DIA_W4378470708,2023,SKG,DIA,0.3450464243050504,0.7170731707317073,-0.3720267464266569,Disruptive
NOVEL_DIA_W4387169527,2023,NOVEL,DIA,0.3494255889509598,0.0,0.3494255889509598,Disruptive
NOVEL_DIA_W4323568782,2023,NOVEL,DIA,0.3060672959146853,0.6261682242990654,-0.3201009283843801,Disruptive
NOVEL_DIA_W4388333366,2023,NOVEL,DIA,0.3559701651517312,0.0,0.3559701651517312,Disruptive
NOVEL_MT_W4387164156,2023,NOVEL,MT,0.3759415646157221,0.0,0.3759415646157221,Disruptive
SKG_DIA_W4379054888,2023,SKG,DIA,0.4026446472149808,0.70042194092827,-0.29777729371328926,Disruptive
NOVEL_DIA_W4385469325,2023,NOVEL,DIA,0.3606158875576757,0.0,0.3606158875576757,Disruptive
SKG_DIA_W4385469325,2023,SKG,DIA,0.3606158875576757,0.0,0.3606158875576757,Disruptive
NOVEL_DIA_W4389977189,2023,NOVEL,DIA,0.3468232825121335,0.0,0.3468232825121335,Disruptive
NOVEL_DIA_W4360802167,2023,NOVEL,DIA,0.3587672402365082,0.0,0.3587672402365082,Disruptive
NOVEL_DIA_W4385302156,2023,NOVEL,DIA,0.3621385050293697,0.0,0.3621385050293697,Disruptive
NOVEL_DIA_W4319439342,2023,NOVEL,DIA,0.5443128820408024,0.0,0.5443128820408024,Disruptive
NOVEL_DIA_W4361282369,2023,NOVEL,DIA,0.3847447260182214,0.7674418604651163,-0.3826971344468949,Incremental
NOVEL_SA_W4361282369,2023,NOVEL,SA,0.3847447260182214,0.7674418604651163,-0.3826971344468949,Incremental
NOVEL_MT_W4387230320,2023,NOVEL,MT,0.3937280015317917,0.6778523489932886,-0.2841243474614969,Disruptive
SKG_QA_W4362581834,2023,SKG,QA,0.335492536944129,0.7043010752688172,-0.36880853832468824,Disruptive
NOVEL_DIA_W4380685958,2023,NOVEL,DIA,0.4058311408119936,0.6811594202898551,-0.2753282794778615,Disruptive
NOVEL_DIA_W4327681325,2023,NOVEL,DIA,0.3783171664909979,0.0,0.3783171664909979,Disruptive
NOVEL_DIA_W4376872703,2023,NOVEL,DIA,0.3574810550347571,0.6991869918699187,-0.34170593683516165,Disruptive
SKG_DIA_W4366703942,2023,SKG,DIA,0.35989019515276,0.8342105263157895,-0.4743203311630295,Incremental
SKG_SA_W4366703942,2023,SKG,SA,0.35989019515276,0.8342105263157895,-0.4743203311630295,Incremental
NOVEL_DIA_W4388103056,2023,NOVEL,DIA,0.3610373346854477,0.0,0.3610373346854477,Disruptive
SKG_DIA_W4386317922,2023,SKG,DIA,0.2997789938452712,0.6352941176470588,-0.3355151238017876,Disruptive
SKG_PAR_W4386317922,2023,SKG,PAR,0.2997789938452712,0.6352941176470588,-0.3355151238017876,Disruptive
NOVEL_MT_W4315865958,2023,NOVEL,MT,0.3528149464552724,0.671875,-0.3190600535447276,Disruptive
NOVEL_MT_W4385799520,2023,NOVEL,MT,0.465497799127066,0.0,0.465497799127066,Disruptive
NOVEL_MT_W4365479119,2023,NOVEL,MT,0.431623978426666,0.0,0.431623978426666,Disruptive
NOVEL_DIA_W4387873511,2023,NOVEL,DIA,0.3571611326463033,0.0,0.3571611326463033,Disruptive
NOVEL_DIA_W4321504196,2023,NOVEL,DIA,0.3436025025890132,0.6764705882352942,-0.33286808564628095,Disruptive
NOVEL_DIA_W4378470708,2023,NOVEL,DIA,0.3469560547919669,0.7055837563451777,-0.3586277015532108,Disruptive
NOVEL_MT_W4386030674,2023,NOVEL,MT,0.3573210201366997,0.0,0.3573210201366997,Disruptive
NOVEL_MT_W4323666400,2023,NOVEL,MT,0.3720832363738026,0.6580645161290323,-0.2859812797552297,Disruptive
NOVEL_DIA_W4381332452,2023,NOVEL,DIA,0.3567560463345746,0.0,0.3567560463345746,Disruptive
NOVEL_DIA_W4322493981,2023,NOVEL,DIA,0.3579501985681473,0.0,0.3579501985681473,Disruptive
NOVEL_DIA_W4386317922,2023,NOVEL,DIA,0.2959876808136203,0.61875,-0.3227623191863797,Disruptive
SKG_DIA_W4362581834,2023,SKG,DIA,0.335492536944129,0.7043010752688172,-0.36880853832468824,Disruptive
SKG_MT_W4362581834,2023,SKG,MT,0.335492536944129,0.7043010752688172,-0.36880853832468824,Disruptive
SKG_SA_W4360860566,2023,SKG,SA,0.360342169127251,0.6861702127659575,-0.3258280436387065,Disruptive
SKG_SA_W4362667540,2023,SKG,SA,0.3488214651793819,0.0,0.3488214651793819,Disruptive
SKG_SA_W4317743691,2023,SKG,SA,0.3640979712617066,0.0,0.3640979712617066,Disruptive
SKG_QA_W4380730833,2023,SKG,QA,0.4006013838484719,0.0,0.4006013838484719,Disruptive
NOVEL_DIA_W4321748146,2023,NOVEL,DIA,0.3428918966231767,0.7062146892655368,-0.36332279264236006,Disruptive
NOVEL_DIA_W4319301505,2023,NOVEL,DIA,0.3854379931133251,0.0,0.3854379931133251,Disruptive
SKG_DIA_W4319301505,2023,SKG,DIA,0.3854379931133251,0.0,0.3854379931133251,Disruptive
NOVEL_DIA_W4385988359,2023,NOVEL,DIA,0.3536234496291844,0.0,0.3536234496291844,Disruptive
NOVEL_DIA_W4313678819,2023,NOVEL,DIA,0.3737157806476138,0.0,0.3737157806476138,Disruptive
NOVEL_DIA_W4381982883,2023,NOVEL,DIA,0.3485361100817965,0.0,0.3485361100817965,Disruptive
SKG_DIA_W4381982883,2023,SKG,DIA,0.3485361100817965,0.0,0.3485361100817965,Disruptive
NOVEL_MT_W4390621251,2023,NOVEL,MT,0.3688100597508628,0.0,0.3688100597508628,Disruptive
NOVEL_MT_W4366278627,2023,NOVEL,MT,0.3956974997714594,0.0,0.3956974997714594,Disruptive
NOVEL_DIA_W4379054888,2023,NOVEL,DIA,0.4030966178424582,0.6866359447004609,-0.28353932685800265,Disruptive
SKG_SA_W4323313312,2023,SKG,SA,0.3613941278500313,0.0,0.3613941278500313,Disruptive
SKG_SUM_W4323313312,2023,SKG,SUM,0.3636606361404811,0.0,0.3636606361404811,Disruptive
NOVEL_MT_W4362657000,2023,NOVEL,MT,0.3487504503645203,0.0,0.3487504503645203,Disruptive
NOVEL_MT_W4376132442,2023,NOVEL,MT,0.3635767842222031,0.0,0.3635767842222031,Disruptive
SKG_SUM_W4376132442,2023,SKG,SUM,0.3635588493841813,0.0,0.3635588493841813,Disruptive
NOVEL_MT_W4376871556,2023,NOVEL,MT,0.4816011508782049,0.0,0.4816011508782049,Disruptive
SKG_MT_W4376871556,2023,SKG,MT,0.4816011508782049,0.0,0.4816011508782049,Disruptive
SKG_MT_W4381982883,2023,SKG,MT,0.3560406301666545,0.0,0.3560406301666545,Disruptive
SKG_QA_W4381982883,2023,SKG,QA,0.3626194371746343,0.0,0.3626194371746343,Disruptive
SKG_SUM_W4381982883,2023,SKG,SUM,0.3560226953286328,0.0,0.3560226953286328,Disruptive
NOVEL_DIA_W4383818129,2023,NOVEL,DIA,0.3617434100556826,0.0,0.3617434100556826,Disruptive
SKG_DIA_W4383818129,2023,SKG,DIA,0.3617434100556826,0.0,0.3617434100556826,Disruptive
SKG_MT_W4383818129,2023,SKG,MT,0.3692479301405407,0.0,0.3692479301405407,Disruptive
SKG_QA_W4383818129,2023,SKG,QA,0.3758267371485204,0.0,0.3758267371485204,Disruptive
NOVEL_DIA_W4385878593,2023,NOVEL,DIA,0.3394276940936591,0.0,0.3394276940936591,Disruptive
SKG_DIA_W4385878593,2023,SKG,DIA,0.3394276940936591,0.0,0.3394276940936591,Disruptive
SKG_MT_W4385878593,2023,SKG,MT,0.3469322141785171,0.0,0.3469322141785171,Disruptive
SKG_PAR_W4385878593,2023,SKG,PAR,0.3375278175370417,0.0,0.3375278175370417,Disruptive
SKG_QA_W4385878593,2023,SKG,QA,0.3535108962947715,0.0,0.3535108962947715,Disruptive
SKG_SA_W4385878593,2023,SKG,SA,0.3446476461583201,0.0,0.3446476461583201,Disruptive
SKG_SUM_W4362581834,2023,SKG,SUM,0.335492536944129,0.7043010752688172,-0.36880853832468824,Disruptive
NOVEL_DIA_W4323848232,2023,NOVEL,DIA,0.3360878166827619,0.6858974358974359,-0.349809619214674,Disruptive
NOVEL_MT_W4385613852,2023,NOVEL,MT,0.3517956853079083,0.0,0.3517956853079083,Disruptive
NOVEL_MT_W4386075553,2023,NOVEL,MT,0.3842557316754061,0.0,0.3842557316754061,Disruptive
NOVEL_MT_W4384296800,2023,NOVEL,MT,0.3529007082621366,0.7566539923954373,-0.4037532841333007,Incremental
NOVEL_MT_W4376869874,2023,NOVEL,MT,0.37925687791555,0.0,0.37925687791555,Disruptive
NOVEL_SA_W1541164384,2023,NOVEL,SA,0.3721571094178758,0.0,0.3721571094178758,Disruptive
NOVEL_SA_W4324309277,2023,NOVEL,SA,0.3786303099975121,0.0,0.3786303099975121,Disruptive
SKG_DIA_W4324309277,2023,SKG,DIA,0.3734102330411257,0.0,0.3734102330411257,Disruptive
SKG_QA_W4324309277,2023,SKG,QA,0.3874935601339634,0.0,0.3874935601339634,Disruptive
NOVEL_MT_W4386113271,2023,NOVEL,MT,0.3617019096386762,0.0,0.3617019096386762,Disruptive
NOVEL_DIA_W4361298490,2023,NOVEL,DIA,0.4116404020194369,0.0,0.4116404020194369,Disruptive
NOVEL_DIA_W4362584541,2023,NOVEL,DIA,0.3798148680634505,0.0,0.3798148680634505,Disruptive
NOVEL_DIA_W4361204578,2023,NOVEL,DIA,0.3601322443505942,0.0,0.3601322443505942,Disruptive
NOVEL_DIA_W4360980141,2023,NOVEL,DIA,0.3873960365942898,0.7178217821782178,-0.330425745583928,Disruptive
SKG_DIA_W4360980141,2023,SKG,DIA,0.3863425301800007,0.7311320754716981,-0.3447895452916974,Disruptive
NOVEL_MT_W4323313312,2023,NOVEL,MT,0.3636785709785028,0.0,0.3636785709785028,Disruptive
SKG_NLI_W4323313312,2023,SKG,NLI,0.3628076605662749,0.0,0.3628076605662749,Disruptive
NOVEL_DIA_W4386961654,2023,NOVEL,DIA,0.3565785127467461,0.0,0.3565785127467461,Disruptive
NOVEL_DIA_W4378574344,2023,NOVEL,DIA,0.3545422780538453,0.0,0.3545422780538453,Disruptive
SKG_SA_W4321506460,2023,SKG,SA,0.3767574961274561,0.0,0.3767574961274561,Disruptive
SKG_SA_W4381511236,2023,SKG,SA,0.418356418967474,0.7654320987654321,-0.34707567979795806,Disruptive
NOVEL_DIA_W4389437528,2023,NOVEL,DIA,0.3415765186771173,0.0,0.3415765186771173,Disruptive
NOVEL_QA_W4386071687,2023,NOVEL,QA,0.3583538227353142,0.0,0.3583538227353142,Disruptive
NOVEL_MT_W4382007903,2023,NOVEL,MT,0.3731000280766596,0.0,0.3731000280766596,Disruptive
NOVEL_QA_W4388424540,2023,NOVEL,QA,0.3040506052426627,0.7205882352941176,-0.41653763005145494,Incremental
NOVEL_MT_W4385827828,2023,NOVEL,MT,0.4059762136735947,0.0,0.4059762136735947,Disruptive
NOVEL_SA_W4385827828,2023,NOVEL,SA,0.4036917705451232,0.0,0.4036917705451232,Disruptive
NOVEL_MT_W4382372079,2023,NOVEL,MT,0.3537093387722095,0.0,0.3537093387722095,Disruptive
NOVEL_MT_W4388616071,2023,NOVEL,MT,0.3563823963735439,0.0,0.3563823963735439,Disruptive
SKG_NLI_W4388616071,2023,SKG,NLI,0.3555114859613159,0.0,0.3555114859613159,Disruptive
NOVEL_MT_W4367676419,2023,NOVEL,MT,0.3778030133387556,0.0,0.3778030133387556,Disruptive
SKG_SUM_W4387835442,2023,SKG,SUM,0.3777429275433704,0.0,0.3777429275433704,Disruptive
SKG_MT_W4360980141,2023,SKG,MT,0.3863425301800007,0.7311320754716981,-0.3447895452916974,Disruptive
SKG_QA_W4360980141,2023,SKG,QA,0.3863425301800007,0.7311320754716981,-0.3447895452916974,Disruptive
SKG_SUM_W4360980141,2023,SKG,SUM,0.3863425301800007,0.7311320754716981,-0.3447895452916974,Disruptive
NOVEL_DIA_W4320495408,2023,NOVEL,DIA,0.4017941655962518,0.6363636363636364,-0.23456947076738455,Disruptive
NOVEL_DIA_W4323050332,2023,NOVEL,DIA,0.306070127282806,0.6826923076923077,-0.3766221804095017,Disruptive
SKG_DIA_W4323050332,2023,SKG,DIA,0.302408291827046,0.6851851851851852,-0.38277689335813925,Incremental
SKG_MT_W4323050332,2023,SKG,MT,0.302408291827046,0.6851851851851852,-0.38277689335813925,Incremental
SKG_QA_W4323050332,2023,SKG,QA,0.302408291827046,0.6851851851851852,-0.38277689335813925,Incremental
SKG_SUM_W4323050332,2023,SKG,SUM,0.302408291827046,0.6851851851851852,-0.38277689335813925,Incremental
NOVEL_DIA_W4361289889,2023,NOVEL,DIA,0.4100018225805963,0.0,0.4100018225805963,Disruptive
NOVEL_DIA_W4368367885,2023,NOVEL,DIA,0.3765555980186175,0.7294117647058823,-0.3528561666872648,Disruptive
SKG_SA_W4319440851,2023,SKG,SA,0.4134526209073841,0.0,0.4134526209073841,Disruptive
SKG_QA_W4380871934,2023,SKG,QA,0.3639977780953623,0.7958333333333333,-0.43183555523797096,Incremental
SKG_QA_W4387835442,2023,SKG,QA,0.3843396693893718,0.0,0.3843396693893718,Disruptive
SKG_SA_W4362659486,2023,SKG,SA,0.3594794128060632,0.0,0.3594794128060632,Disruptive
NOVEL_DIA_W4318671267,2023,NOVEL,DIA,0.3708146707554774,0.0,0.3708146707554774,Disruptive
SKG_SUM_W4380871934,2023,SKG,SUM,0.3895350169295111,0.0,0.3895350169295111,Disruptive
SKG_QA_W4368358112,2023,SKG,QA,0.3671309844265742,0.5529411764705883,-0.18581019204401406,Disruptive
SKG_QA_W4389132715,2023,SKG,QA,0.3914766070442913,0.0,0.3914766070442913,Disruptive
SKG_QA_W4384665204,2023,SKG,QA,0.4177523273932841,0.0,0.4177523273932841,Disruptive
SKG_QA_W4376611376,2023,SKG,QA,0.3792705015880471,0.0,0.3792705015880471,Disruptive
SKG_QA_W4382464460,2023,SKG,QA,0.3638832165451851,0.0,0.3638832165451851,Disruptive
SKG_QA_W4320891754,2023,SKG,QA,0.3940806619672749,0.0,0.3940806619672749,Disruptive
SKG_QA_W4384922756,2023,SKG,QA,0.4640322052024879,0.0,0.4640322052024879,Disruptive
SKG_SUM_W4384922756,2023,SKG,SUM,0.4574354633564864,0.0,0.4574354633564864,Disruptive
SKG_SUM_W4380730833,2023,SKG,SUM,0.3940046420024704,0.0,0.3940046420024704,Disruptive
SKG_QA_W4376321189,2023,SKG,QA,0.4204120215799874,0.0,0.4204120215799874,Disruptive
SKG_MT_W4366091323,2023,SKG,MT,0.3444524744768007,0.7724425887265136,-0.4279901142497129,Incremental
SKG_NLI_W4366091323,2023,SKG,NLI,0.3444524744768007,0.7724425887265136,-0.4279901142497129,Incremental
SKG_PAR_W4366091323,2023,SKG,PAR,0.3444524744768007,0.7724425887265136,-0.4279901142497129,Incremental
SKG_QA_W4366091323,2023,SKG,QA,0.3444524744768007,0.7724425887265136,-0.4279901142497129,Incremental
SKG_DIA_W4385827828,2023,SKG,DIA,0.3984716935887367,0.0,0.3984716935887367,Disruptive
NOVEL_QA_W4379929708,2023,NOVEL,QA,0.377053798351768,0.0,0.377053798351768,Disruptive
NOVEL_MT_W2499368528,2023,NOVEL,MT,0.3704945993446953,0.0,0.3704945993446953,Disruptive
SKG_DIA_W4389437528,2023,SKG,DIA,0.3415765186771173,0.0,0.3415765186771173,Disruptive
SKG_MT_W4389437528,2023,SKG,MT,0.3490810387619753,0.0,0.3490810387619753,Disruptive
SKG_QA_W4389437528,2023,SKG,QA,0.3556598457699551,0.0,0.3556598457699551,Disruptive
NOVEL_DIA_W4318263917,2023,NOVEL,DIA,0.4020296090653898,0.0,0.4020296090653898,Disruptive
NOVEL_DIA_W4367595583,2023,NOVEL,DIA,0.3614967488977779,0.0,0.3614967488977779,Disruptive
NOVEL_DIA_W4387835442,2023,NOVEL,DIA,0.3702563422965341,0.0,0.3702563422965341,Disruptive
SKG_DIA_W4387835442,2023,SKG,DIA,0.3702563422965341,0.0,0.3702563422965341,Disruptive
SKG_MT_W4387835442,2023,SKG,MT,0.3777608623813921,0.0,0.3777608623813921,Disruptive
SKG_NLI_W4387835442,2023,SKG,NLI,0.3768899519691641,0.0,0.3768899519691641,Disruptive
SKG_SUM_W4319460874,2023,SKG,SUM,0.3285985178338421,0.6927374301675978,-0.3641389123337557,Disruptive
NOVEL_DIA_W4324046518,2023,NOVEL,DIA,0.3603743469605174,0.0,0.3603743469605174,Disruptive
SKG_MT_W4324046518,2023,SKG,MT,0.3678788670453754,0.0,0.3678788670453754,Disruptive
SKG_QA_W4324046518,2023,SKG,QA,0.3744576740533551,0.0,0.3744576740533551,Disruptive
NOVEL_DIA_W4317910584,2023,NOVEL,DIA,0.3509435229829467,0.0,0.3509435229829467,Disruptive
SKG_DIA_W4317910584,2023,SKG,DIA,0.3509435229829467,0.0,0.3509435229829467,Disruptive
SKG_MT_W4317910584,2023,SKG,MT,0.3584480430678047,0.0,0.3584480430678047,Disruptive
SKG_NLI_W4317910584,2023,SKG,NLI,0.3575771326555766,0.0,0.3575771326555766,Disruptive
SKG_QA_W4317910584,2023,SKG,QA,0.3650268500757845,0.0,0.3650268500757845,Disruptive
NOVEL_DIA_W4384154918,2023,NOVEL,DIA,0.3890358739421451,0.0,0.3890358739421451,Disruptive
SKG_SA_W4360620450,2023,SKG,SA,0.3646646050203971,0.0,0.3646646050203971,Disruptive
NOVEL_DIA_W4367310920,2023,NOVEL,DIA,0.3986723321457868,0.0,0.3986723321457868,Disruptive
SKG_DIA_W4388503650,2023,SKG,DIA,0.3706911528389369,0.0,0.3706911528389369,Disruptive
SKG_QA_W4388503650,2023,SKG,QA,0.3847744799317746,0.0,0.3847744799317746,Disruptive
SKG_SUM_W4388503650,2023,SKG,SUM,0.3781777380857732,0.0,0.3781777380857732,Disruptive
NOVEL_MT_W4385527149,2023,NOVEL,MT,0.3498661705944657,0.0,0.3498661705944657,Disruptive
NOVEL_SA_W4376138804,2023,NOVEL,SA,0.2856622697144312,0.6428571428571429,-0.3571948731427117,Disruptive
NOVEL_SA_W4384277430,2023,NOVEL,SA,0.3802364800335797,0.0,0.3802364800335797,Disruptive
SKG_DIA_W4366091323,2023,SKG,DIA,0.3453500837761048,0.7705442902881536,-0.4251942065120488,Incremental
NOVEL_SA_W4386800155,2023,NOVEL,SA,0.3635880383464029,0.0,0.3635880383464029,Disruptive
NOVEL_SA_W4319831789,2023,NOVEL,SA,0.3532043529489667,0.0,0.3532043529489667,Disruptive
SKG_SA_W4319831789,2023,SKG,SA,0.3532043529489667,0.0,0.3532043529489667,Disruptive
NOVEL_SUM_W4319831789,2023,NOVEL,SUM,0.3554708612394166,0.0,0.3554708612394166,Disruptive
NOVEL_SA_W4322502716,2023,NOVEL,SA,0.3777245952040309,0.0,0.3777245952040309,Disruptive
NOVEL_SA_W4361019934,2023,NOVEL,SA,0.3919802987678065,0.0,0.3919802987678065,Disruptive
SKG_SA_W4366091323,2023,SKG,SA,0.3444524744768007,0.7724425887265136,-0.4279901142497129,Incremental
SKG_SUM_W4366091323,2023,SKG,SUM,0.3444524744768007,0.7724425887265136,-0.4279901142497129,Incremental
NOVEL_SA_W4315436281,2023,NOVEL,SA,0.4325622413835482,0.0,0.4325622413835482,Disruptive
NOVEL_DIA_W4319460874,2023,NOVEL,DIA,0.3317487749416892,0.6982248520710059,-0.36647607712931674,Disruptive
NOVEL_QA_W4319460874,2023,NOVEL,QA,0.3317487749416892,0.6982248520710059,-0.36647607712931674,Disruptive
SKG_DIA_W4319460874,2023,SKG,DIA,0.3285985178338421,0.6927374301675978,-0.3641389123337557,Disruptive
SKG_QA_W4319460874,2023,SKG,QA,0.3285985178338421,0.6927374301675978,-0.3641389123337557,Disruptive
NOVEL_DIA_W4319662928,2023,NOVEL,DIA,0.2696405743192148,0.4010152284263959,-0.13137465410718113,Disruptive
SKG_MT_W4319662928,2023,SKG,MT,0.2650678106229545,0.4221105527638191,-0.1570427421408646,Disruptive
SKG_NLI_W4319662928,2023,SKG,NLI,0.2650678106229545,0.4221105527638191,-0.1570427421408646,Disruptive
SKG_QA_W4319662928,2023,SKG,QA,0.3471810089701713,0.0,0.3471810089701713,Disruptive
NOVEL_DIA_W4360620450,2023,NOVEL,DIA,0.3594445280640107,0.0,0.3594445280640107,Disruptive
SKG_DIA_W4360620450,2023,SKG,DIA,0.3594445280640107,0.0,0.3594445280640107,Disruptive
SKG_MT_W4360620450,2023,SKG,MT,0.3669490481488687,0.0,0.3669490481488687,Disruptive
SKG_PAR_W4360620450,2023,SKG,PAR,0.3575446515073933,0.0,0.3575446515073933,Disruptive
SKG_QA_W4360620450,2023,SKG,QA,0.3735278551568485,0.0,0.3735278551568485,Disruptive
SKG_DIA_W4322766882,2023,SKG,DIA,0.3294275498873881,0.5488215488215489,-0.21939399893416078,Disruptive
SKG_NLI_W4322766882,2023,SKG,NLI,0.3300670774081036,0.5488215488215489,-0.21875447141344528,Disruptive
SKG_PAR_W4322766882,2023,SKG,PAR,0.3300670774081036,0.5488215488215489,-0.21875447141344528,Disruptive
NOVEL_SA_W4384498679,2023,NOVEL,SA,0.40961782047525,0.0,0.40961782047525,Disruptive
SKG_SUM_W4322766882,2023,SKG,SUM,0.3294275498873881,0.5488215488215489,-0.21939399893416078,Disruptive
SKG_DIA_W4376226279,2023,SKG,DIA,0.3653435389355621,0.0,0.3653435389355621,Disruptive
SKG_MT_W4376226279,2023,SKG,MT,0.3728480590204201,0.0,0.3728480590204201,Disruptive
SKG_NLI_W4376226279,2023,SKG,NLI,0.3719771486081921,0.0,0.3719771486081921,Disruptive
SKG_QA_W4361019934,2023,SKG,QA,0.4008435489042578,0.0,0.4008435489042578,Disruptive
NOVEL_SA_W4321153003,2023,NOVEL,SA,0.3583127991979679,0.0,0.3583127991979679,Disruptive
SKG_QA_W4322766882,2023,SKG,QA,0.3511620576128909,0.0,0.3511620576128909,Disruptive
SKG_SA_W4322766882,2023,SKG,SA,0.3294275498873881,0.5488215488215489,-0.21939399893416078,Disruptive
SKG_MT_W4385572634,2023,SKG,MT,0.5045112910323761,0.7858672376873662,-0.2813559466549901,Disruptive
SKG_QA_W4376226279,2023,SKG,QA,0.3794268660283998,0.0,0.3794268660283998,Disruptive
SKG_SA_W4376226279,2023,SKG,SA,0.3705636158919485,0.0,0.3705636158919485,Disruptive
SKG_SUM_W4376226279,2023,SKG,SUM,0.3728301241823984,0.0,0.3728301241823984,Disruptive
NOVEL_DIA_W4385422591,2023,NOVEL,DIA,0.3540017466657888,0.0,0.3540017466657888,Disruptive
SKG_QA_W3163892065,2023,SKG,QA,0.3968616260194595,0.0,0.3968616260194595,Disruptive
SKG_QA_W4324129606,2023,SKG,QA,0.3254762945568371,0.7617021276595745,-0.4362258331027374,Incremental
SKG_SUM_W4324129606,2023,SKG,SUM,0.3254762945568371,0.7617021276595745,-0.4362258331027374,Incremental
SKG_QA_W4388455891,2023,SKG,QA,0.360946075390236,0.0,0.360946075390236,Disruptive
SKG_QA_W4380574892,2023,SKG,QA,0.3960077412920697,0.0,0.3960077412920697,Disruptive
SKG_QA_W4385782790,2023,SKG,QA,0.4216367722863129,0.0,0.4216367722863129,Disruptive
SKG_PAR_W4387414057,2023,SKG,PAR,0.3285092754705639,0.8105263157894737,-0.48201704031890974,Incremental
NOVEL_DIA_W4321153003,2023,NOVEL,DIA,0.3530927222415814,0.0,0.3530927222415814,Disruptive
NOVEL_MT_W4388290259,2023,NOVEL,MT,0.373985323073018,0.0,0.373985323073018,Disruptive
SKG_DIA_W4389636360,2023,SKG,DIA,0.3587043572527081,0.0,0.3587043572527081,Disruptive
SKG_NLI_W4389636360,2023,SKG,NLI,0.3653379669253381,0.0,0.3653379669253381,Disruptive
SKG_PAR_W4389636360,2023,SKG,PAR,0.3568044806960907,0.0,0.3568044806960907,Disruptive
NOVEL_QA_W4381598461,2023,NOVEL,QA,0.3552373995083791,0.0,0.3552373995083791,Disruptive
SKG_DIA_W4383551991,2023,SKG,DIA,0.3610297787360534,0.0,0.3610297787360534,Disruptive
SKG_SA_W4383551991,2023,SKG,SA,0.3662498556924399,0.0,0.3662498556924399,Disruptive
SKG_DIA_W4366452046,2023,SKG,DIA,0.4382915824001828,0.7738693467336684,-0.3355777643334856,Disruptive
SKG_DIA_W4385572634,2023,SKG,DIA,0.5045112910323761,0.7858672376873662,-0.2813559466549901,Disruptive
SKG_DIA_W4322761281,2023,SKG,DIA,0.3532820580974718,0.0,0.3532820580974718,Disruptive
SKG_DIA_W4376643243,2023,SKG,DIA,0.4228654205258478,0.0,0.4228654205258478,Disruptive
SKG_NLI_W4385572634,2023,SKG,NLI,0.5045112910323761,0.7858672376873662,-0.2813559466549901,Disruptive
SKG_QA_W4385572634,2023,SKG,QA,0.5045112910323761,0.7858672376873662,-0.2813559466549901,Disruptive
SKG_SA_W4385572634,2023,SKG,SA,0.5045112910323761,0.7858672376873662,-0.2813559466549901,Disruptive
NOVEL_DIA_W4322761615,2023,NOVEL,DIA,0.387154669750776,0.749003984063745,-0.361849314312969,Disruptive
SKG_SUM_W4385572634,2023,SKG,SUM,0.3062660816643647,0.0,0.3062660816643647,Disruptive
SKG_DIA_W4390175962,2023,SKG,DIA,0.2582505343414357,0.676923076923077,-0.41867254258164127,Incremental
SKG_PAR_W4390175962,2023,SKG,PAR,0.2582507526847341,0.676923076923077,-0.4186723242383429,Incremental
SKG_DIA_W4378190160,2023,SKG,DIA,0.3525973859908011,0.6834532374100719,-0.3308558514192708,Disruptive
SKG_DIA_W4385571689,2023,SKG,DIA,0.3540610619943536,0.66796875,-0.3139076880056464,Disruptive
SKG_NLI_W4385571689,2023,SKG,NLI,0.3540610619943536,0.66796875,-0.3139076880056464,Disruptive
SKG_PAR_W4385571689,2023,SKG,PAR,0.3540610619943536,0.66796875,-0.3139076880056464,Disruptive
SKG_DIA_W4367854022,2023,SKG,DIA,0.3825868808517182,0.7048192771084337,-0.3222323962567155,Disruptive
NOVEL_DIA_W4321351832,2023,NOVEL,DIA,0.4017631706103314,0.6666666666666666,-0.26490349605633523,Disruptive
SKG_DIA_W4385571124,2023,SKG,DIA,0.4544245213230238,0.8286334056399133,-0.3742088843168895,Disruptive
SKG_SA_W4389636360,2023,SKG,SA,0.3639244342090945,0.0,0.3639244342090945,Disruptive
SKG_PAR_W4389574762,2023,SKG,PAR,0.3729911352281526,0.0,0.3729911352281526,Disruptive
SKG_PAR_W4383749364,2023,SKG,PAR,0.3479041819212082,0.7292576419213974,-0.3813534600001892,Incremental
SKG_PAR_W4389524534,2023,SKG,PAR,0.4003461214686752,0.6341463414634146,-0.23380021999473943,Disruptive
SKG_PAR_W4367053854,2023,SKG,PAR,0.3928260987488937,0.7424242424242424,-0.34959814367534875,Disruptive
SKG_PAR_W4385570481,2023,SKG,PAR,0.5010321378262673,0.7340619307832422,-0.2330297929569749,Disruptive
NOVEL_MT_W4383737134,2023,NOVEL,MT,0.3610562818635934,0.0,0.3610562818635934,Disruptive
SKG_DIA_W4386497355,2023,SKG,DIA,0.3297092222847876,0.6655948553054662,-0.33588563302067864,Disruptive
SKG_DIA_W4376108699,2023,SKG,DIA,0.3702819451002661,0.0,0.3702819451002661,Disruptive
SKG_DIA_W4389523832,2023,SKG,DIA,0.3425342092784176,0.6956521739130435,-0.35311796463462586,Disruptive
SKG_NLI_W4385571124,2023,SKG,NLI,0.4544245213230238,0.8286334056399133,-0.3742088843168895,Disruptive
SKG_PAR_W4385571124,2023,SKG,PAR,0.4544245213230238,0.8286334056399133,-0.3742088843168895,Disruptive
SKG_SA_W4385571124,2023,SKG,SA,0.4544245213230238,0.8286334056399133,-0.3742088843168895,Disruptive
SKG_MT_W4381799391,2023,SKG,MT,0.5258352397775057,0.0,0.5258352397775057,Disruptive
SKG_DIA_W4387342020,2023,SKG,DIA,0.3945544646177585,0.0,0.3945544646177585,Disruptive
SKG_DIA_W4376643691,2023,SKG,DIA,0.3568342910006139,0.0,0.3568342910006139,Disruptive
SKG_SA_W4376643691,2023,SKG,SA,0.3620543679570003,0.0,0.3620543679570003,Disruptive
SKG_DIA_W4389519118,2023,SKG,DIA,0.4240861096744587,0.6801470588235294,-0.25606094914907074,Disruptive
SKG_DIA_W4386895632,2023,SKG,DIA,0.345630129412365,0.0,0.345630129412365,Disruptive
SKG_MT_W4382203079,2023,SKG,MT,0.3551602683934544,0.0,0.3551602683934544,Disruptive
SKG_NLI_W4382203079,2023,SKG,NLI,0.3542893579812264,0.0,0.3542893579812264,Disruptive
SKG_SUM_W4382203079,2023,SKG,SUM,0.3551423335554327,0.0,0.3551423335554327,Disruptive
SKG_DIA_W4319997690,2023,SKG,DIA,0.3665232037289744,0.0,0.3665232037289744,Disruptive
SKG_DIA_W4389524555,2023,SKG,DIA,0.3993301337890265,0.7142857142857143,-0.3149555804966878,Disruptive
SKG_SA_W4389524555,2023,SKG,SA,0.3993301337890265,0.7142857142857143,-0.3149555804966878,Disruptive
SKG_DIA_W4389518760,2023,SKG,DIA,0.3435851677200391,0.7076923076923077,-0.3641071399722686,Disruptive
SKG_DIA_W4389520749,2023,SKG,DIA,0.2884854651911284,0.7368421052631579,-0.44835664007202947,Incremental
NOVEL_DIA_W4318612697,2023,NOVEL,DIA,0.3526652178651216,0.0,0.3526652178651216,Disruptive
SKG_PAR_W4385570984,2023,SKG,PAR,0.2960864296997947,0.6863354037267081,-0.3902489740269134,Incremental
SKG_DIA_W4360584316,2023,SKG,DIA,0.3370368293461407,0.0,0.3370368293461407,Disruptive
SKG_DIA_W2903165924,2023,SKG,DIA,0.378349513447908,0.0,0.378349513447908,Disruptive
SKG_NLI_W4322624932,2023,SKG,NLI,0.389013379103113,0.0,0.389013379103113,Disruptive
SKG_SA_W4322624932,2023,SKG,SA,0.3875998463868695,0.0,0.3875998463868695,Disruptive
SKG_SUM_W4322624932,2023,SKG,SUM,0.3898663546773193,0.0,0.3898663546773193,Disruptive
SKG_DIA_W4385287322,2023,SKG,DIA,0.3575936975475725,0.7793103448275862,-0.42171664728001373,Incremental
SKG_SA_W4385287322,2023,SKG,SA,0.3575936975475725,0.7793103448275862,-0.42171664728001373,Incremental
SKG_PAR_W4390058985,2023,SKG,PAR,0.3497692049057459,0.0,0.3497692049057459,Disruptive
SKG_PAR_W4389520255,2023,SKG,PAR,0.3227271770131016,0.6071428571428571,-0.2844156801297555,Disruptive
SKG_PAR_W4385571045,2023,SKG,PAR,0.4838000509335764,0.8181818181818182,-0.3343817672482418,Disruptive
SKG_PAR_W4389518954,2023,SKG,PAR,0.3262223975498231,0.7557755775577558,-0.42955318000793274,Incremental
SKG_SA_W2903165924,2023,SKG,SA,0.3835695904042944,0.0,0.3835695904042944,Disruptive
SKG_MT_W4322624932,2023,SKG,MT,0.389884289515341,0.0,0.389884289515341,Disruptive
SKG_MT_W4389132751,2023,SKG,MT,0.3530025367855983,0.7123655913978495,-0.3593630546122512,Disruptive
SKG_NLI_W4389132751,2023,SKG,NLI,0.3530025367855983,0.7123655913978495,-0.3593630546122512,Disruptive
SKG_SUM_W4389132751,2023,SKG,SUM,0.3530025367855983,0.7123655913978495,-0.3593630546122512,Disruptive
SKG_MT_W4382059335,2023,SKG,MT,0.3793904496159951,0.0,0.3793904496159951,Disruptive
SKG_DIA_W4390353323,2023,SKG,DIA,0.3803211192748015,0.7947019867549668,-0.41438086748016534,Incremental
SKG_MT_W4386740800,2023,SKG,MT,0.3699531670816137,0.7085201793721974,-0.33856701229058367,Disruptive
SKG_MT_W4385759708,2023,SKG,MT,0.3676577462453398,0.0,0.3676577462453398,Disruptive
SKG_MT_W4385346076,2023,SKG,MT,0.3411469140236524,0.6495327102803738,-0.30838579625672147,Disruptive
SKG_MT_W3201870057,2023,SKG,MT,0.3864924800336313,0.0,0.3864924800336313,Disruptive
SKG_MT_W4388667244,2023,SKG,MT,0.3666361319305748,0.0,0.3666361319305748,Disruptive
SKG_NLI_W4388667244,2023,SKG,NLI,0.3657652215183469,0.0,0.3657652215183469,Disruptive
SKG_MT_W4387321091,2023,SKG,MT,0.3607055858983291,0.0,0.3607055858983291,Disruptive
SKG_SUM_W4360995249,2023,SKG,SUM,0.356083205369648,0.0,0.356083205369648,Disruptive
SKG_NLI_W4387321091,2023,SKG,NLI,0.3598346754861011,0.0,0.3598346754861011,Disruptive
SKG_QA_W4387321091,2023,SKG,QA,0.3672843929063089,0.0,0.3672843929063089,Disruptive
SKG_PAR_W4385571452,2023,SKG,PAR,0.3496395048487918,0.0,0.3496395048487918,Disruptive
SKG_PAR_W4382239980,2023,SKG,PAR,0.3607610505606081,0.0,0.3607610505606081,Disruptive
SKG_QA_W4360600181,2023,SKG,QA,0.3998162909149796,0.8,-0.40018370908502043,Incremental
SKG_PAR_W4382202657,2023,SKG,PAR,0.3524207186844273,0.0,0.3524207186844273,Disruptive
SKG_PAR_W4385564993,2023,SKG,PAR,0.3097256739997723,0.7106741573033708,-0.4009484833035985,Incremental
SKG_PAR_W4378194664,2023,SKG,PAR,0.2808570207316571,0.7982954545454546,-0.5174384338137975,Incremental
SKG_PAR_W4385571219,2023,SKG,PAR,0.3533438425855053,0.7102564102564103,-0.356912567670905,Disruptive
SKG_PAR_W4378908626,2023,SKG,PAR,0.3477402763787883,0.0,0.3477402763787883,Disruptive
SKG_PAR_W4389132136,2023,SKG,PAR,0.3610658724330362,0.7623762376237624,-0.4013103651907262,Incremental
SKG_QA_W4382987554,2023,SKG,QA,0.377785788755049,0.0,0.377785788755049,Disruptive
SKG_NLI_W4389121120,2023,SKG,NLI,0.388867255784253,0.0,0.388867255784253,Disruptive
SKG_QA_W4389121120,2023,SKG,QA,0.3963169732044608,0.0,0.3963169732044608,Disruptive
SKG_NLI_W4385839827,2023,SKG,NLI,0.345349733160131,0.0,0.345349733160131,Disruptive
SKG_MT_W4386285856,2023,SKG,MT,0.3177078119845961,0.6433566433566433,-0.32564883137204725,Disruptive
SKG_NLI_W3201870057,2023,SKG,NLI,0.3856215696214033,0.0,0.3856215696214033,Disruptive
SKG_SUM_W3201870057,2023,SKG,SUM,0.3864745451956096,0.0,0.3864745451956096,Disruptive
SKG_MT_W4319162181,2023,SKG,MT,0.3394755769820932,0.6459016393442623,-0.30642606236216907,Disruptive
SKG_MT_W4360995249,2023,SKG,MT,0.3561011402076697,0.0,0.3561011402076697,Disruptive
SKG_NLI_W4360995249,2023,SKG,NLI,0.3552302297954417,0.0,0.3552302297954417,Disruptive
SKG_QA_W4360995249,2023,SKG,QA,0.3626799472156495,0.0,0.3626799472156495,Disruptive
SKG_SA_W4360995249,2023,SKG,SA,0.3538166970791981,0.0,0.3538166970791981,Disruptive
SKG_MT_W4367316498,2023,SKG,MT,0.3506647167038728,0.6776315789473685,-0.3269668622434957,Disruptive
SKG_MT_W4385342469,2023,SKG,MT,0.3562679955529662,0.0,0.3562679955529662,Disruptive
SKG_NLI_W4385342469,2023,SKG,NLI,0.3553970851407382,0.0,0.3553970851407382,Disruptive
SKG_SA_W4385342469,2023,SKG,SA,0.3539835524244946,0.0,0.3539835524244946,Disruptive
SKG_SUM_W4385342469,2023,SKG,SUM,0.3562500607149445,0.0,0.3562500607149445,Disruptive
SKG_NLI_W4327550249,2023,SKG,NLI,0.3578662570001588,0.0,0.3578662570001588,Disruptive
NOVEL_DIA_W4381252028,2023,NOVEL,DIA,0.3488389100703231,0.0,0.3488389100703231,Disruptive
SKG_NLI_W4382987554,2023,SKG,NLI,0.3703360713348412,0.0,0.3703360713348412,Disruptive
SKG_MT_W4383995031,2023,SKG,MT,0.3759655438270223,0.0,0.3759655438270223,Disruptive
SKG_NLI_W4383995031,2023,SKG,NLI,0.3750946334147943,0.0,0.3750946334147943,Disruptive
SKG_MT_W4389885061,2023,SKG,MT,0.3716356101490587,0.0,0.3716356101490587,Disruptive
SKG_NLI_W4389885061,2023,SKG,NLI,0.3707646997368307,0.0,0.3707646997368307,Disruptive
SKG_NLI_W4389991792,2023,SKG,NLI,0.3288828211005493,0.61875,-0.28986717889945074,Disruptive
SKG_SUM_W4389991792,2023,SKG,SUM,0.388509780754706,0.0,0.388509780754706,Disruptive
SKG_NLI_W4315977496,2023,SKG,NLI,0.3492159438612338,0.0,0.3492159438612338,Disruptive
SKG_SA_W4315977496,2023,SKG,SA,0.3478024111449902,0.0,0.3478024111449902,Disruptive
SKG_SUM_W4315977496,2023,SKG,SUM,0.3500689194354401,0.0,0.3500689194354401,Disruptive
SKG_NLI_W4380685454,2023,SKG,NLI,0.3541421106368366,0.0,0.3541421106368366,Disruptive
SKG_SUM_W4380685454,2023,SKG,SUM,0.354995086211043,0.0,0.354995086211043,Disruptive
SKG_NLI_W3133824676,2023,SKG,NLI,0.3444726162488588,0.7302904564315352,-0.38581784018267645,Incremental
SKG_NLI_W4390711247,2023,SKG,NLI,0.3912411352571007,0.0,0.3912411352571007,Disruptive
SKG_SA_W4319986951,2023,SKG,SA,0.3512823941849182,0.0,0.3512823941849182,Disruptive
SKG_NLI_W4385430679,2023,SKG,NLI,0.357514872674311,0.7134831460674157,-0.3559682733931047,Disruptive
SKG_NLI_W3038822267,2023,SKG,NLI,0.3276110553976495,0.7516339869281046,-0.42402293153045506,Incremental
SKG_NLI_W4386576685,2023,SKG,NLI,0.3015650891243734,0.8048048048048048,-0.5032397156804314,Incremental
SKG_NLI_W4382239616,2023,SKG,NLI,0.3421056081438505,0.0,0.3421056081438505,Disruptive
SKG_NLI_W4366823175,2023,SKG,NLI,0.3279648847916507,0.7026143790849673,-0.37464949429331657,Disruptive
SKG_NLI_W4379769651,2023,SKG,NLI,0.3470664678009881,0.7034120734908137,-0.3563456056898256,Disruptive
SKG_MT_W4389452727,2023,SKG,MT,0.4010598508984455,0.0,0.4010598508984455,Disruptive
SKG_NLI_W4380874786,2023,SKG,NLI,0.4074061210747844,0.0,0.4074061210747844,Disruptive
SKG_NLI_W4389519587,2023,SKG,NLI,0.3179904301236872,0.6631578947368421,-0.34516746461315484,Disruptive
SKG_NLI_W4362519158,2023,SKG,NLI,0.3643822329957858,0.0,0.3643822329957858,Disruptive
SKG_PAR_W4362469388,2023,SKG,PAR,0.3550278297113535,0.6485355648535565,-0.29350773514220296,Disruptive
SKG_PAR_W4385570594,2023,SKG,PAR,0.4135884443887059,0.6079295154185022,-0.19434107102979625,Disruptive
SKG_PAR_W4389523980,2023,SKG,PAR,0.3031035910728208,0.7737003058103975,-0.4705967147375767,Incremental
SKG_PAR_W4367599042,2023,SKG,PAR,0.3469067490026584,0.0,0.3469067490026584,Disruptive
SKG_PAR_W4389897623,2023,SKG,PAR,0.3542535047564539,0.0,0.3542535047564539,Disruptive
SKG_PAR_W4313558932,2023,SKG,PAR,0.347268747669082,0.0,0.347268747669082,Disruptive
SKG_NLI_W4382202677,2023,SKG,NLI,0.3417803900905928,0.0,0.3417803900905928,Disruptive
SKG_NLI_W4372266552,2023,SKG,NLI,0.3501341478272671,0.0,0.3501341478272671,Disruptive
SKG_PAR_W4390315357,2023,SKG,PAR,0.3500984819400828,0.0,0.3500984819400828,Disruptive
SKG_SA_W4390315357,2023,SKG,SA,0.3572184354530866,0.0,0.3572184354530866,Disruptive
SKG_NLI_W4322627364,2023,SKG,NLI,0.3635421488040664,0.0,0.3635421488040664,Disruptive
SKG_SA_W4322627364,2023,SKG,SA,0.3621286160878228,0.0,0.3621286160878228,Disruptive
SKG_NLI_W4315880904,2023,SKG,NLI,0.3639938866153299,0.7132867132867133,-0.34929282667138345,Disruptive
SKG_NLI_W4388694364,2023,SKG,NLI,0.3252457511522776,0.55,-0.22475424884772244,Disruptive
SKG_SUM_W4390711247,2023,SKG,SUM,0.3920941108313071,0.0,0.3920941108313071,Disruptive
SKG_NLI_W4319986951,2023,SKG,NLI,0.3526959269011618,0.0,0.3526959269011618,Disruptive
SKG_PAR_W4321479797,2023,SKG,PAR,0.3573470103517558,0.0,0.3573470103517558,Disruptive
SKG_PAR_W4317898419,2023,SKG,PAR,0.3392688706366727,0.0,0.3392688706366727,Disruptive
SKG_PAR_W4386711868,2023,SKG,PAR,0.3502481646731204,0.0,0.3502481646731204,Disruptive
SKG_PAR_W4318484896,2023,SKG,PAR,0.3479224934063237,0.0,0.3479224934063237,Disruptive
SKG_SA_W4318484896,2023,SKG,SA,0.3550424469193275,0.0,0.3550424469193275,Disruptive
SKG_NLI_W4389359039,2023,SKG,NLI,0.3595166515045642,0.7156862745098039,-0.35616962300523974,Disruptive
SKG_PAR_W4386576685,2023,SKG,PAR,0.3015650891243734,0.8048048048048048,-0.5032397156804314,Incremental
SKG_SA_W4386576685,2023,SKG,SA,0.3015650891243734,0.8048048048048048,-0.5032397156804314,Incremental
SKG_PAR_W4317716303,2023,SKG,PAR,0.3411177267535602,0.7097505668934241,-0.36863284013986386,Disruptive
SKG_PAR_W4319459780,2023,SKG,PAR,0.3402314736111288,0.0,0.3402314736111288,Disruptive
SKG_PAR_W4386390931,2023,SKG,PAR,0.3446282243622464,0.0,0.3446282243622464,Disruptive
SKG_PAR_W4389519239,2023,SKG,PAR,0.3502665660535165,0.6712328767123288,-0.32096631065881226,Disruptive
SKG_PAR_W4385757151,2023,SKG,PAR,0.3761051952677138,0.7718120805369127,-0.39570688526919895,Incremental
SKG_PAR_W4385671288,2023,SKG,PAR,0.4076957981325834,0.0,0.4076957981325834,Disruptive
SKG_PAR_W4366547384,2023,SKG,PAR,0.3464229184579886,0.0,0.3464229184579886,Disruptive
SKG_PAR_W4389519598,2023,SKG,PAR,0.4431204004286777,0.7238605898123325,-0.2807401893836548,Disruptive
SKG_PAR_W4366743045,2023,SKG,PAR,0.3657856944617846,0.0,0.3657856944617846,Disruptive
SKG_PAR_W4386304230,2023,SKG,PAR,0.3849299099459181,0.0,0.3849299099459181,Disruptive
SKG_PAR_W4315487473,2023,SKG,PAR,0.3491077783273844,0.0,0.3491077783273844,Disruptive
SKG_PAR_W4387806579,2023,SKG,PAR,0.3519086626097898,0.0,0.3519086626097898,Disruptive
SKG_PAR_W4379410101,2023,SKG,PAR,0.3706803885225558,0.0,0.3706803885225558,Disruptive
SKG_PAR_W4387231489,2023,SKG,PAR,0.3934620130666368,0.0,0.3934620130666368,Disruptive
SKG_PAR_W4389520756,2023,SKG,PAR,0.3094951778920894,0.6753246753246753,-0.3658294974325859,Disruptive
SKG_PAR_W4382202531,2023,SKG,PAR,0.3483014773474186,0.0,0.3483014773474186,Disruptive
SKG_PAR_W4385422140,2023,SKG,PAR,0.3352743336875968,0.0,0.3352743336875968,Disruptive
SKG_PAR_W4387191968,2023,SKG,PAR,0.310402078087023,0.7676240208877284,-0.4572219428007054,Incremental
SKG_PAR_W4389519585,2023,SKG,PAR,0.2871065498734597,0.6976744186046512,-0.4105678687311915,Incremental
SKG_PAR_W4386724197,2023,SKG,PAR,0.3852817615922314,0.7698863636363636,-0.38460460204413227,Incremental
SKG_PAR_W4365129631,2023,SKG,PAR,0.3474836863287044,0.0,0.3474836863287044,Disruptive
NOVEL_DIA_W4383913712,2023,NOVEL,DIA,0.3410404833911795,0.0,0.3410404833911795,Disruptive
SKG_QA_W4383913712,2023,SKG,QA,0.3551238104840173,0.0,0.3551238104840173,Disruptive
SKG_SUM_W4383913712,2023,SKG,SUM,0.3485270686380158,0.0,0.3485270686380158,Disruptive
SKG_QA_W4319350602,2023,SKG,QA,0.3166263992143999,0.7962962962962963,-0.4796698970818964,Incremental
SKG_SA_W4319350602,2023,SKG,SA,0.3166263992143999,0.7962962962962963,-0.4796698970818964,Incremental
SKG_SUM_W4319350602,2023,SKG,SUM,0.3756406875735316,0.0,0.3756406875735316,Disruptive
NOVEL_DIA_W4375862891,2023,NOVEL,DIA,0.367917494952695,0.0,0.367917494952695,Disruptive
SKG_PAR_W4386566638,2023,SKG,PAR,0.3080135869136358,0.6079545454545454,-0.29994095854090963,Disruptive
SKG_PAR_W4389520670,2023,SKG,PAR,0.2667190327453337,0.7421203438395415,-0.4754013110942078,Incremental
NOVEL_DIA_W4327946446,2023,NOVEL,DIA,0.3737679229430187,0.0,0.3737679229430187,Disruptive
NOVEL_DIA_W4386251129,2023,NOVEL,DIA,0.3582393853585921,0.0,0.3582393853585921,Disruptive
NOVEL_DIA_W4387379065,2023,NOVEL,DIA,0.3552669622911831,0.0,0.3552669622911831,Disruptive
NOVEL_DIA_W4386867830,2023,NOVEL,DIA,0.3158285286397773,0.6629213483146067,-0.3470928196748294,Disruptive
SKG_QA_W4386867830,2023,SKG,QA,0.3238142164317376,0.6862745098039216,-0.362460293372184,Disruptive
SKG_SUM_W4386867830,2023,SKG,SUM,0.3638271792564639,0.0,0.3638271792564639,Disruptive
NOVEL_DIA_W4318014888,2023,NOVEL,DIA,0.3681869488505076,0.0,0.3681869488505076,Disruptive
SKG_SA_W4379259169,2023,SKG,SA,0.3510683922132372,0.0,0.3510683922132372,Disruptive
SKG_SA_W4323043839,2023,SKG,SA,0.3842419450086388,0.0,0.3842419450086388,Disruptive
SKG_SA_W4376278471,2023,SKG,SA,0.3449688052304984,0.0,0.3449688052304984,Disruptive
SKG_SA_W4366588626,2023,SKG,SA,0.393445341154035,0.0,0.393445341154035,Disruptive
SKG_SA_W4389428089,2023,SKG,SA,0.3532898413350861,0.0,0.3532898413350861,Disruptive
SKG_SUM_W4388522045,2023,SKG,SUM,0.4091261617460839,0.8333333333333334,-0.42420717158724947,Incremental
NOVEL_SUM_W4388522045,2023,NOVEL,SUM,0.4004943961344592,0.8181818181818182,-0.41768742204735904,Incremental
SKG_SUM_W4387879971,2023,SKG,SUM,0.3847185050889162,0.0,0.3847185050889162,Disruptive
NOVEL_SUM_W4384937545,2023,NOVEL,SUM,0.4297446573114736,0.0,0.4297446573114736,Disruptive
NOVEL_DIA_W4366989525,2023,NOVEL,DIA,0.3479516614382759,0.6428571428571429,-0.294905481418867,Disruptive
NOVEL_SUM_W4402061574,2024,NOVEL,SUM,0.3430747954686545,0.0,0.3430747954686545,Disruptive
SKG_SUM_W4392172801,2024,SKG,SUM,0.3539095897786736,0.0,0.3539095897786736,Disruptive
NOVEL_MT_306,2024,NOVEL,MT,0.2781908447816383,0.6741573033707865,-0.3959664585891482,Incremental
NOVEL_DIA_W4393353064,2024,NOVEL,DIA,0.3383243381445405,0.0,0.3383243381445405,Disruptive
SKG_NLI_W4393353064,2024,SKG,NLI,0.3449579478171705,0.0,0.3449579478171705,Disruptive
SKG_SUM_W4393353064,2024,SKG,SUM,0.3458109233913768,0.0,0.3458109233913768,Disruptive
SKG_PAR_W4399245583,2024,SKG,PAR,0.3680900092435168,0.0,0.3680900092435168,Disruptive
SKG_PAR_W4405181600,2024,SKG,PAR,0.3782143569729079,0.0,0.3782143569729079,Disruptive
SKG_PAR_W4392732989,2024,SKG,PAR,0.395795583880821,0.6585365853658537,-0.2627410014850327,Disruptive
SKG_PAR_W4393335480,2024,SKG,PAR,0.3395899318035143,0.6382978723404256,-0.29870794053691124,Disruptive
SKG_SA_W4392051461,2024,SKG,SA,0.3489957946691448,0.7669902912621359,-0.4179944965929911,Incremental
SKG_PAR_W4391494845,2024,SKG,PAR,0.3216944192506176,0.0,0.3216944192506176,Disruptive
SKG_PAR_W4390745503,2024,SKG,PAR,0.3332456132997441,0.6240875912408759,-0.29084197794113176,Disruptive
SKG_NLI_W4390616142,2024,SKG,NLI,0.3663178049579162,0.0,0.3663178049579162,Disruptive
SKG_NLI_W4393160302,2024,SKG,NLI,0.3639260035224562,0.0,0.3639260035224562,Disruptive
SKG_PAR_W4394927283,2024,SKG,PAR,0.3126201114704957,0.7211948790896159,-0.4085747676191202,Incremental
SKG_PAR_W4392394652,2024,SKG,PAR,0.34428833153124,0.0,0.34428833153124,Disruptive
SKG_NLI_W4392051461,2024,SKG,NLI,0.3489957946691448,0.7669902912621359,-0.4179944965929911,Incremental
SKG_PAR_W4394949392,2024,SKG,PAR,0.398421579569188,0.6858407079646017,-0.2874191283954137,Disruptive
SKG_MT_W4400949264,2024,SKG,MT,0.3174058732347929,0.5422535211267606,-0.2248476478919677,Disruptive
SKG_NLI_W4391514872,2024,SKG,NLI,0.3024595608100607,0.7106164383561644,-0.4081568775461037,Incremental
SKG_SA_W4391514872,2024,SKG,SA,0.3024595608100607,0.7106164383561644,-0.4081568775461037,Incremental
SKG_MT_W4394998532,2024,SKG,MT,0.3948828310458834,0.0,0.3948828310458834,Disruptive
SKG_NLI_W4390793092,2024,SKG,NLI,0.3679838605763714,0.0,0.3679838605763714,Disruptive
SKG_NLI_W4391109864,2024,SKG,NLI,0.3061963453401306,0.5846153846153846,-0.278419039275254,Disruptive
SKG_MT_W4393148714,2024,SKG,MT,0.3557544407776222,0.0,0.3557544407776222,Disruptive
SKG_SUM_W4390793092,2024,SKG,SUM,0.3688368361505778,0.0,0.3688368361505778,Disruptive
SKG_NLI_W4393148714,2024,SKG,NLI,0.3548835303653941,0.0,0.3548835303653941,Disruptive
SKG_SUM_W4393148714,2024,SKG,SUM,0.3557365059396005,0.0,0.3557365059396005,Disruptive
SKG_PAR_W4392563948,2024,SKG,PAR,0.4247335897740733,0.0,0.4247335897740733,Disruptive
SKG_QA_W4390946922,2024,SKG,QA,0.3929240396972214,0.0,0.3929240396972214,Disruptive
SKG_QA_W4391649568,2024,SKG,QA,0.3778079570363289,0.0,0.3778079570363289,Disruptive
SKG_QA_W4391136507,2024,SKG,QA,0.3415596948503165,0.0,0.3415596948503165,Disruptive
SKG_MT_W4392773210,2024,SKG,MT,0.3407914519512784,0.6904761904761905,-0.34968473852491205,Disruptive
SKG_QA_W4392773210,2024,SKG,QA,0.3456766256904034,0.0,0.3456766256904034,Disruptive
SKG_SUM_W4392773210,2024,SKG,SUM,0.3390799462902647,0.0,0.3390799462902647,Disruptive
SKG_DIA_W4402713111,2024,SKG,DIA,0.3477008966673721,0.0,0.3477008966673721,Disruptive
SKG_QA_W4394857110,2024,SKG,QA,0.3942053039093453,0.0,0.3942053039093453,Disruptive
SKG_DIA_W4393147129,2024,SKG,DIA,0.3564380095555343,0.0,0.3564380095555343,Disruptive
SKG_DIA_W4391403992,2024,SKG,DIA,0.3480795059332902,0.0,0.3480795059332902,Disruptive
SKG_DIA_W4394879925,2024,SKG,DIA,0.3904308520703562,0.0,0.3904308520703562,Disruptive
SKG_SA_W4391403992,2024,SKG,SA,0.3532995828896766,0.0,0.3532995828896766,Disruptive
SKG_MT_W4394857110,2024,SKG,MT,0.3876264969013655,0.0,0.3876264969013655,Disruptive
SKG_NLI_W4394857110,2024,SKG,NLI,0.3867555864891375,0.0,0.3867555864891375,Disruptive
SKG_SUM_W4390490761,2024,SKG,SUM,0.3531154657419462,0.0,0.3531154657419462,Disruptive
SKG_MT_W4390490761,2024,SKG,MT,0.3531333381341051,0.0,0.3531333381341051,Disruptive
SKG_DIA_W4390490761,2024,SKG,DIA,0.3456288180492471,0.0,0.3456288180492471,Disruptive
SKG_DIA_W4392939809,2024,SKG,DIA,0.3615113612296642,0.0,0.3615113612296642,Disruptive
SKG_NLI_W4390490761,2024,SKG,NLI,0.3522624277218771,0.0,0.3522624277218771,Disruptive
SKG_PAR_W4390490761,2024,SKG,PAR,0.3437290039384925,0.0,0.3437290039384925,Disruptive
SKG_SA_W4390490761,2024,SKG,SA,0.3508489574514963,0.0,0.3508489574514963,Disruptive
SKG_QA_W2067822693,2024,SKG,QA,0.3902125778902894,0.0,0.3902125778902894,Disruptive
SKG_SUM_W4393065402,2024,SKG,SUM,0.2719588230406826,0.7688888888888888,-0.49693006584820626,Incremental
SKG_QA_W4393065402,2024,SKG,QA,0.2719588230406826,0.7688888888888888,-0.49693006584820626,Incremental
NOVEL_SA_W4390791326,2024,NOVEL,SA,0.3681046335380548,0.7854938271604939,-0.4173891936224391,Incremental
SKG_SUM_W4391876619,2024,SKG,SUM,0.3588899595631527,0.0,0.3588899595631527,Disruptive
NOVEL_SUM_W4392044798,2024,NOVEL,SUM,0.3476703114009393,0.0,0.3476703114009393,Disruptive
NOVEL_QA_W4403420208,2024,NOVEL,QA,0.396448171962121,0.0,0.396448171962121,Disruptive
NOVEL_SA_W4396583326,2024,NOVEL,SA,0.3500854318875212,0.0,0.3500854318875212,Disruptive
NOVEL_SA_W4403939428,2024,NOVEL,SA,0.391183239775529,0.0,0.391183239775529,Disruptive
SKG_DIA_W4393065402,2024,SKG,DIA,0.2719588230406826,0.7688888888888888,-0.49693006584820626,Incremental
SKG_MT_W4393065402,2024,SKG,MT,0.2719588230406826,0.7688888888888888,-0.49693006584820626,Incremental
SKG_NLI_W4393065402,2024,SKG,NLI,0.2719588230406826,0.7688888888888888,-0.49693006584820626,Incremental
NOVEL_SA_W4396560090,2024,NOVEL,SA,0.3121669926561111,0.0,0.3121669926561111,Disruptive
NOVEL_DIA_W4404046121,2024,NOVEL,DIA,0.3417490565959251,0.0,0.3417490565959251,Disruptive
SKG_QA_W4402665833,2024,SKG,QA,0.3791141995935571,0.0,0.3791141995935571,Disruptive
NOVEL_QA_W4391876619,2024,NOVEL,QA,0.3654867014091542,0.0,0.3654867014091542,Disruptive
SKG_DIA_W4391876619,2024,SKG,DIA,0.3514033743163164,0.0,0.3514033743163164,Disruptive
SKG_QA_W4391876619,2024,SKG,QA,0.3654867014091542,0.0,0.3654867014091542,Disruptive
NOVEL_MT_W4403369705,2024,NOVEL,MT,0.3496724010823192,0.0,0.3496724010823192,Disruptive
NOVEL_QA_W4392044798,2024,NOVEL,QA,0.3542670532469407,0.0,0.3542670532469407,Disruptive
NOVEL_DIA_W4390912254,2024,NOVEL,DIA,0.3834244262686067,0.0,0.3834244262686067,Disruptive
NOVEL_QA_W4391855109,2024,NOVEL,QA,0.3426034774463616,0.0,0.3426034774463616,Disruptive
NOVEL_MT_W4391855109,2024,NOVEL,MT,0.3360246704383818,0.0,0.3360246704383818,Disruptive
SKG_SUM_W4402061574,2024,SKG,SUM,0.3430747954686545,0.0,0.3430747954686545,Disruptive
NOVEL_MT_W4392471745,2024,NOVEL,MT,0.3796511610930211,0.0,0.3796511610930211,Disruptive
SKG_SUM_W4390692489,2024,SKG,SUM,0.4067243022340585,0.0,0.4067243022340585,Disruptive
SKG_QA_W4390692489,2024,SKG,QA,0.4133210440800599,0.0,0.4133210440800599,Disruptive
SKG_NLI_W4390692489,2024,SKG,NLI,0.4058713266598521,0.0,0.4058713266598521,Disruptive
NOVEL_QA_W4390692489,2024,NOVEL,QA,0.4133210440800599,0.0,0.4133210440800599,Disruptive
NOVEL_DIA_W4390692489,2024,NOVEL,DIA,0.3992377169872221,0.0,0.3992377169872221,Disruptive
SKG_DIA_W4394828156,2024,SKG,DIA,0.3576340976108528,0.0,0.3576340976108528,Disruptive
SKG_NLI_W4394828156,2024,SKG,NLI,0.3642677072834828,0.0,0.3642677072834828,Disruptive
NOVEL_DIA_W4392240262,2024,NOVEL,DIA,0.3283371839756349,0.0,0.3283371839756349,Disruptive
SKG_DIA_W4392240262,2024,SKG,DIA,0.3283371839756349,0.0,0.3283371839756349,Disruptive
SKG_NLI_W4392240262,2024,SKG,NLI,0.3349707936482649,0.0,0.3349707936482649,Disruptive
SKG_SA_W4392240262,2024,SKG,SA,0.3335572609320213,0.0,0.3335572609320213,Disruptive
SKG_SA_W4399518864,2024,SKG,SA,0.3658032428819754,0.0,0.3658032428819754,Disruptive
SKG_SUM_W4391994727,2024,SKG,SUM,0.3723119484132104,0.0,0.3723119484132104,Disruptive
NOVEL_DIA_W4399790131,2024,NOVEL,DIA,0.3731772578288579,0.6547619047619048,-0.28158464693304686,Disruptive
NOVEL_DIA_W4390828922,2024,NOVEL,DIA,0.3647496163348452,0.0,0.3647496163348452,Disruptive
NOVEL_DIA_W4394828156,2024,NOVEL,DIA,0.3576340976108528,0.0,0.3576340976108528,Disruptive
NOVEL_MT_W4392757206,2024,NOVEL,MT,0.3520270109992079,0.6541019955654102,-0.30207498456620224,Disruptive
NOVEL_MT_W2626778328,2025,NOVEL,MT,0.3352576479060922,0.0,0.3352576479060922,Disruptive
NOVEL_MT_188,2025,NOVEL,MT,0.6258916956566394,0.7105263157894737,-0.08463462013283429,Disruptive
NOVEL_DIA_W202708134,2025,NOVEL,DIA,0.4036140479412169,0.0,0.4036140479412169,Disruptive
SKG_NLI_W4406152279,2025,SKG,NLI,0.2961746891807498,0.593103448275862,-0.29692875909511224,Disruptive
SKG_SUM_W4406152279,2025,SKG,SUM,0.3534911400523144,0.0,0.3534911400523144,Disruptive
NOVEL_QA_W4406152279,2025,NOVEL,QA,0.2973030873463552,0.5854545454545454,-0.28815145810819026,Disruptive
NOVEL_DIA_W1511604355,2025,NOVEL,DIA,0.6045460381004317,0.0,0.6045460381004317,Disruptive
SKG_NLI_W4406026056,2025,SKG,NLI,0.3647840721226508,0.0,0.3647840721226508,Disruptive
SKG_DIA_W4406026056,2025,SKG,DIA,0.3581504624500209,0.0,0.3581504624500209,Disruptive
NOVEL_MT_W1591719028,2025,NOVEL,MT,0.3597113228714535,0.0,0.3597113228714535,Disruptive
NOVEL_DIA_W1994546180,2025,NOVEL,DIA,0.3568402858034388,0.0,0.3568402858034388,Disruptive
