paper_id,year,semantic_knn,structural_novelty,triple_count,cited_by_count,reference_count,citation_signal,struct_norm,semantic_norm,citation_norm,composite_novelty
SKG_SUM_7,2010,1.0,1.0,336,20,26,3.044522437723423,0.9999999989999999,0.9999999976718494,0.336536105918453,0.93365360876214
SKG_MT_1325,2010,1.0,1.0,107,34,21,3.5553480614894135,0.9999999989999999,0.9999999976718494,0.3930018636003441,0.939300184530329
SKG_MT_1231,2010,1.0,1.0,59,4,14,1.6094379124341003,0.9999999989999999,0.9999999976718494,0.17790440991891962,0.9177904391621866
SKG_MT_1232,2010,1.0,1.0,95,14,13,2.70805020110221,0.9999999989999999,0.9999999976718494,0.29934306215594814,0.9299343043858894
SKG_MT_388,2010,1.0,1.0,61,32,29,3.4965075614664802,0.9999999989999999,0.9999999976718494,0.38649773917588437,0.938649772087883
SKG_MT_1313,2010,1.0,1.0,50,7,24,2.0794415416798357,0.9999999989999999,0.9999999976718494,0.2298577767898749,0.9229857758492821
SKG_MT_1320,2010,1.0,1.0,54,2,13,1.0986122886681098,0.9999999989999999,0.9999999976718494,0.12143865223702852,0.9121438633939974
SKG_MT_157,2010,1.0,1.0,47,19,17,2.995732273553991,0.9999999989999999,0.9999999976718494,0.33114292777883625,0.9331142909481782
SKG_MT_1199,2010,1.0,1.0,22,3,18,1.3862943611198906,0.9999999989999999,0.9999999976718494,0.15323851785991663,0.9153238499562864
SKG_MT_61,2010,1.0,1.0,91,13,27,2.6390573296152584,0.9999999989999999,0.9999999976718494,0.29171671261138277,0.9291716694314329
SKG_MT_1193,2010,1.0,1.0,95,4,29,1.6094379124341003,0.9999999989999999,0.9999999976718494,0.17790440991891962,0.9177904391621866
SKG_MT_15,2010,1.0,1.0,22,8,7,2.1972245773362196,0.9999999989999999,0.9999999976718494,0.24287730447405703,0.9242877286177004
SKG_MT_17,2010,1.0,1.0,2,41,3,3.7376696182833684,0.9999999989999999,0.9999999976718494,0.4131553648484113,0.9413155346551357
SKG_MT_1375,2010,1.0,1.0,71,7,15,2.0794415416798357,0.9999999989999999,0.9999999976718494,0.2298577767898749,0.9229857758492821
SKG_MT_1384,2010,1.0,1.0,146,30,13,3.4339872044851463,0.9999999989999999,0.9999999976718494,0.3795868498953761,0.9379586831598322
SKG_MT_1394,2010,1.0,1.0,28,2,13,1.0986122886681098,0.9999999989999999,0.9999999976718494,0.12143865223702852,0.9121438633939974
SKG_MT_646,2010,1.0,1.0,30,17,11,2.8903717578961645,0.9999999989999999,0.9999999976718494,0.3194965634040153,0.9319496545106961
SKG_MT_174,2010,1.0,1.0,18,24,15,3.2188758248682006,0.9999999989999999,0.9999999976718494,0.35580881983783924,0.9355808801540786
SKG_MT_194,2010,1.0,1.0,97,30,63,3.4339872044851463,0.9999999989999999,0.9999999976718494,0.3795868498953761,0.9379586831598322
SKG_MT_196,2010,1.0,1.0,17,61,9,4.127134385045092,0.9999999989999999,0.9999999976718494,0.4562061088253344,0.9456206090528281
SKG_PAR_69,2010,1.0,1.0,61,75,34,4.330733340286331,0.9999999989999999,0.9999999976718494,0.4787115759281447,0.9478711557631091
SKG_MT_1151,2010,1.0,1.0,70,3,17,1.3862943611198906,0.9999999989999999,0.9999999976718494,0.15323851785991663,0.9153238499562864
SKG_MT_1167,2010,1.0,1.0,74,7,15,2.0794415416798357,0.9999999989999999,0.9999999976718494,0.2298577767898749,0.9229857758492821
SKG_PAR_87,2010,1.0,1.0,149,9,31,2.302585092994046,0.9999999989999999,0.9999999976718494,0.25452366884887795,0.9254523650551825
SKG_MT_287,2010,1.0,1.0,85,0,14,0.0,0.9999999989999999,0.9999999976718494,0.0,0.8999999981702946
SKG_MT_1074,2010,1.0,1.0,99,59,30,4.0943445622221,0.9999999989999999,0.9999999976718494,0.45258158001586474,0.9452581561718811
SKG_QA_101,2010,1.0,1.0,23,246,35,5.5093883366279774,0.9999999989999999,0.9999999976718494,0.6089980069871823,0.9608997988690129
SKG_PAR_202,2010,1.0,1.0,53,4,20,1.6094379124341003,0.9999999989999999,0.9999999976718494,0.17790440991891962,0.9177904391621866
SKG_PAR_219,2010,1.0,1.0,116,29,25,3.4011973816621555,0.9999999989999999,0.9999999976718494,0.37596232108590644,0.9375962302788853
SKG_MT_390,2010,1.0,1.0,25,20,10,3.044522437723423,0.9999999989999999,0.9999999976718494,0.336536105918453,0.93365360876214
SKG_MT_968,2010,1.0,1.0,66,7,15,2.0794415416798357,0.9999999989999999,0.9999999976718494,0.2298577767898749,0.9229857758492821
SKG_QA_416,2010,1.0,1.0,42,2,7,1.0986122886681098,0.9999999989999999,0.9999999976718494,0.12143865223702852,0.9121438633939974
SKG_SA_527,2010,1.0,1.0,106,41,18,3.7376696182833684,0.9999999989999999,0.9999999976718494,0.4131553648484113,0.9413155346551357
SKG_MT_603,2010,1.0,1.0,49,15,27,2.772588722239781,0.9999999989999999,0.9999999976718494,0.30647703571983326,0.930647701742278
SKG_MT_606,2010,1.0,1.0,109,12,24,2.5649493574615367,0.9999999989999999,0.9999999976718494,0.2835249489189543,0.92835249306219
SKG_SA_83,2010,1.0,1.0,55,8,14,2.1972245773362196,0.9999999989999999,0.9999999976718494,0.24287730447405703,0.9242877286177004
SKG_DIA_210,2010,1.0,1.0,50,28,23,3.367295829986474,0.9999999989999999,0.9999999976718494,0.372214903742496,0.9372214885445442
SKG_SA_217,2010,1.0,1.0,35,56,18,4.04305126783455,0.9999999989999999,0.9999999976718494,0.44691171030525656,0.9446911692008203
SKG_DIA_209,2010,1.0,1.0,54,43,28,3.784189633918261,0.9999999989999999,0.9999999976718494,0.4182976047987725,0.9418297586501719
SKG_MT_478,2010,1.0,1.0,58,15,25,2.772588722239781,0.9999999989999999,0.9999999976718494,0.30647703571983326,0.930647701742278
SKG_MT_850,2010,1.0,1.0,128,63,21,4.1588830833596715,0.9999999989999999,0.9999999976718494,0.4597155535797498,0.9459715535282696
SKG_MT_853,2010,1.0,1.0,66,5,7,1.791759469228055,0.9999999989999999,0.9999999976718494,0.19805791116698682,0.9198057892869933
SKG_MT_488,2010,1.0,1.0,121,18,11,2.9444389791664403,0.9999999989999999,0.9999999976718494,0.325473058068228,0.9325473039771175
SKG_MT_838,2010,1.0,1.0,133,88,27,4.48863636973214,0.9999999989999999,0.9999999976718494,0.4961658965086017,0.9496165878211548
SKG_MT_795,2010,1.0,1.0,78,35,27,3.58351893845611,0.9999999989999999,0.9999999976718494,0.39611582233397363,0.939611580403692
SKG_DIA_104,2010,1.0,1.0,56,29,27,3.4011973816621555,0.9999999989999999,0.9999999976718494,0.37596232108590644,0.9375962302788853
SKG_SA_420,2010,1.0,1.0,46,65,15,4.189654742026425,0.9999999989999999,0.9999999976718494,0.4631169981058426,0.9463116979808789
SKG_MT_547,2010,1.0,1.0,60,79,29,4.382026634673881,0.9999999989999999,0.9999999976718494,0.48438144563875285,0.9484381427341699
SKG_MT_771,2010,1.0,1.0,57,32,38,3.4965075614664802,0.9999999989999999,0.9999999976718494,0.38649773917588437,0.938649772087883
SKG_MT_567,2010,1.0,1.0,56,15,13,2.772588722239781,0.9999999989999999,0.9999999976718494,0.30647703571983326,0.930647701742278
SKG_SA_544,2010,1.0,1.0,114,132,46,4.890349128221754,0.9999999989999999,0.9999999976718494,0.5405705117496525,0.9540570493452599
SKG_MT_585,2010,1.0,1.0,104,6,18,1.9459101490553132,0.9999999989999999,0.9999999976718494,0.2150974536814245,0.9215097435384371
SKG_MT_743,2010,1.0,1.0,92,5,21,1.791759469228055,0.9999999989999999,0.9999999976718494,0.19805791116698682,0.9198057892869933
SKG_MT_715,2010,1.0,1.0,30,296,15,5.6937321388027,0.9999999989999999,0.9999999976718494,0.6293750436499413,0.9629375025352888
SKG_MT_660,2010,1.0,1.0,36,20,18,3.044522437723423,0.9999999989999999,0.9999999976718494,0.336536105918453,0.93365360876214
SKG_SUM_67,2010,1.0,1.0,68,37,16,3.6375861597263857,0.9999999989999999,0.9999999976718494,0.4020923169981863,0.9402092298701132
SKG_SUM_42,2010,1.0,1.0,89,18,31,2.9444389791664403,0.9999999989999999,0.9999999976718494,0.325473058068228,0.9325473039771175
SKG_MT_137,2010,1.0,1.0,46,90,12,4.51085950651685,0.9999999989999999,0.9999999976718494,0.49862240260037877,0.9498622384303326
SKG_SUM_83,2010,1.0,1.0,35,56,18,4.04305126783455,0.9999999989999999,0.9999999976718494,0.44691171030525656,0.9446911692008203
SKG_SUM_45,2011,0.9024702310562134,0.9130434782608696,69,39,22,3.6888794541139363,0.9130434773478261,0.7729360167244294,0.40776218670879455,0.7644401258475452
SKG_PAR_94,2011,0.9246967434883118,0.8983050847457628,59,25,37,3.258096538021482,0.8983050838474576,0.824682682896872,0.3601442078489126,0.7929533155821932
SKG_SUM_80,2011,0.9196549654006958,0.9345794392523364,107,76,26,4.343805421853684,0.9345794383177569,0.8129446646894527,0.4801565406202804,0.8039928070081962
SKG_SA_505,2011,0.919154167175293,0.9066666666666666,75,164,31,5.10594547390058,0.9066666657599999,0.8117787310474187,0.5644021490948039,0.8060186597946734
SKG_MT_620,2011,0.9220904111862184,1.0,2,6,17,1.9459101490553132,0.9999999989999999,0.8186147490281238,0.2150974536814245,0.794540069487829
SKG_MT_1399,2011,0.9141175150871276,0.9791666666666666,48,18,46,2.9444389791664403,0.9791666656874999,0.8000526469382158,0.325473058068228,0.7884174918010738
SKG_MT_565,2011,0.9278997182846068,0.8545454545454545,55,7,15,2.0794415416798357,0.854545453690909,0.8321396902905857,0.2298577767898749,0.7763926516205792
SKG_MT_87,2011,0.9376262426376344,0.8852459016393442,61,20,26,3.044522437723423,0.8852459007540983,0.8547845028877877,0.336536105918453,0.8090519427641164
SKG_SA_423,2011,0.9030024409294128,0.8759124087591241,137,846,32,6.741700694652055,0.8759124078832117,0.7741750814101854,0.7452156275591363,0.7916266013196857
SKG_MT_789,2011,0.9372465014457704,0.8125,48,2,21,1.0986122886681098,0.8124999991874999,0.8539004082396803,0.12143865223702852,0.772374150828979
SKG_MT_1220,2011,0.9335318803787231,0.8818181818181818,110,2,23,1.0986122886681098,0.8818181809363635,0.8452522113216598,0.12143865223702852,0.7801840493361374
SKG_PAR_34,2011,0.891863226890564,0.8333333333333334,12,6,11,1.9459101490553132,0.8333333325,0.7482413146056701,0.2150974536814245,0.7119453320921115
SKG_MT_1330,2011,0.9063087701797484,0.8867924528301887,53,17,26,2.8903717578961645,0.8867924519433962,0.7818727135284036,0.3194965634040153,0.7566190461989631
SKG_MT_557,2011,0.9079809188842772,0.896551724137931,58,37,23,3.6375861597263857,0.8965517232413792,0.7857657273814891,0.4020923169981863,0.7695555855151368
SKG_MT_820,2011,0.9412185549736024,0.9285714285714286,224,14,15,2.70805020110221,0.928571427642857,0.8631479466716191,0.29934306215594814,0.8198521544142995
SKG_PAR_215,2011,0.9362363815307616,0.8181818181818182,22,62,49,4.143134726391533,0.8181818173636364,0.8515486970481121,0.4579747581554815,0.8055179272219538
SKG_QA_336,2011,0.9182705879211426,0.8363636363636363,55,139,21,4.941642422609304,0.8363636355272726,0.8097216255594976,0.5462403814602607,0.7887019031431288
SKG_MT_308,2011,0.9181753396987916,0.8275862068965517,116,3,14,1.3862943611198906,0.8275862060689655,0.8094998733624055,0.15323851785991663,0.7474910043534686
SKG_MT_300,2011,0.9275730848312378,0.8958333333333334,48,14,38,2.70805020110221,0.8958333324375,0.8313792384507446,0.29934306215594814,0.791066439618616
SKG_MT_117,2011,0.9307611584663392,0.8529411764705882,68,3,16,1.3862943611198906,0.8529411756176469,0.8388015536984806,0.15323851785991663,0.7730731744984575
SKG_SA_351,2011,0.9250504374504088,0.8625,160,108,41,4.6913478822291435,0.8624999991375,0.8255061356738094,0.5185732672657684,0.8022116215257433
SKG_MT_800,2011,0.9198769330978394,0.875,104,12,24,2.5649493574615367,0.8749999991249999,0.8134614388959435,0.2835249489189543,0.7727755019440559
SKG_QA_5,2011,0.9236072301864624,0.8932038834951457,206,15,60,2.772588722239781,0.8932038826019417,0.8221461319515326,0.30647703571983326,0.7847907724584444
SKG_QA_240,2011,0.90122252702713,0.8846153846153846,52,9,27,2.302585092994046,0.8846153837307691,0.7700311739573856,0.25452366884887795,0.7413972654012115
SKG_MT_1277,2011,0.9274735450744628,0.8761904761904762,105,10,45,2.3978952727983707,0.8761904753142856,0.8311474949156102,0.2650590869388559,0.7835472501976699
SKG_QA_302,2011,0.9208142161369324,0.9157894736842104,95,248,28,5.517452896464707,0.9157894727684208,0.8156435748779699,0.6098894491160927,0.8150973418798723
SKG_MT_1024,2011,0.9238992929458618,0.8181818181818182,55,26,27,3.295836866004329,0.8181818173636364,0.8228260980127046,0.3643159567110855,0.7760462277527289
SKG_MT_144,2011,0.928850531578064,0.7692307692307693,26,15,17,2.772588722239781,0.7692307684615385,0.8343533267411605,0.30647703571983326,0.7685411859831033
SKG_MT_813,2011,0.9405171275138856,0.896551724137931,29,9,28,2.302585092994046,0.8965517232413792,0.8615149179761351,0.25452366884887795,0.8078231541164582
SKG_SA_343,2011,0.9128748178482056,0.896551724137931,116,140,21,4.948759890378168,0.8965517232413792,0.7971594607322212,0.5470271337131772,0.7920246805321484
SKG_SA_567,2011,0.9218093752861024,0.8863636363636364,132,38,20,3.6635616461296463,0.8863636354772726,0.8179604551549757,0.4049636011559828,0.7903414058195358
SKG_MT_368,2011,0.9286657571792604,0.8672566371681416,113,62,21,4.143134726391533,0.8672566363008849,0.8339231441310315,0.4579747581554815,0.8029950039674472
SKG_MT_697,2011,0.9403055310249328,0.9041095890410958,73,5,34,1.791759469228055,0.9041095881369862,0.8610222895032447,0.19805791116698682,0.803343311396367
SKG_MT_595,2011,0.9287808537483216,0.8243243243243243,74,11,17,2.4849066497880004,0.8243243235,0.8341911062665668,0.27467717009694514,0.7762663560962911
SKG_MT_964,2011,0.9301103353500366,0.8536585365853658,41,4,13,1.6094379124341003,0.8536585357317072,0.8372863395307382,0.17790440991891962,0.7746225858097501
SKG_MT_966,2011,0.9168069958686828,0.9166666666666666,12,17,10,2.8903717578961645,0.9166666657499999,0.8063141629815223,0.3194965634040153,0.779702903577467
SKG_MT_962,2011,0.9182705879211426,0.8363636363636363,55,139,21,4.941642422609304,0.8363636355272726,0.8097216255594976,0.5462403814602607,0.7887019031431288
SKG_DIA_288,2011,0.9205222129821776,0.8925619834710744,121,14,37,2.70805020110221,0.8925619825785124,0.8149637475853815,0.29934306215594814,0.7789213260410642
SKG_MT_496,2011,0.9401029348373412,0.896551724137931,58,9,31,2.302585092994046,0.8965517232413792,0.8605506150865255,0.25452366884887795,0.8071481420937315
SKG_DIA_213,2011,0.9085872769355774,0.8157894736842105,38,53,43,3.9889840465642745,0.815789472868421,0.7871774201856326,0.4409352156410438,0.7582756102677315
SKG_MT_881,2011,0.9359639883041382,0.8529411764705882,102,43,24,3.784189633918261,0.8529411756176469,0.8509145246196316,0.4182976047987725,0.8080581628371487
SKG_SA_77,2011,0.9285492897033693,0.8581560283687943,141,167,27,5.123963979403259,0.8581560275106382,0.8336519903180662,0.5663938827083279,0.8118269869956067
SKG_MT_1306,2011,0.9360068440437316,0.9145299145299144,117,18,34,2.9444389791664403,0.9145299136153844,0.8510142992314644,0.325473058068228,0.8111632979919248
SKG_MT_58,2011,0.9207253456115724,0.9130434782608696,92,10,16,2.3978952727983707,0.9130434773478261,0.8154366709193563,0.2650590869388559,0.7799202738070002
SKG_MT_280,2011,0.9221900701522828,0.9047619047619048,42,97,25,4.584967478670572,0.9047619038571428,0.8188467701004257,0.5068141662928074,0.8048265364710073
SKG_MT_286,2011,0.9354451298713684,0.8985507246376812,69,17,46,2.8903717578961645,0.8985507237391304,0.8497065440966719,0.3194965634040153,0.8064543819558979
SKG_MT_919,2011,0.9286754727363586,0.953125,64,8,82,2.1972245773362196,0.953124999046875,0.833945763410209,0.24287730447405703,0.798674764643927
SKG_MT_440,2011,0.9285810589790344,0.9,80,11,20,2.4849066497880004,0.8999999991,0.8337259539732914,0.27467717009694514,0.7910758846109985
SKG_MT_1111,2011,0.8417947888374329,0.8717948717948718,39,17,14,2.8903717578961645,0.8717948709230768,0.6316744552017904,0.3194965634040153,0.6484807491662702
SKG_MT_1129,2011,0.9168069958686828,0.7037037037037037,27,17,10,2.8903717578961645,0.703703703,0.8063141629815223,0.3194965634040153,0.7371103110274669
SKG_SA_181,2011,0.8732399940490723,0.875,8,18,15,2.9444389791664403,0.8749999991249999,0.7048836256364989,0.325473058068228,0.700965843577372
SKG_DIA_253,2011,0.8462539911270142,1.0,9,1,2,0.6931471805599453,0.9999999989999999,0.6420561492700474,0.07661925892995831,0.657101230182029
SKG_DIA_233,2011,0.8982078433036804,1.0,2,8,20,2.1972245773362196,0.9999999989999999,0.7630125365202519,0.24287730447405703,0.7583965058115821
SKG_SA_192,2011,0.9257241487503052,0.811965811965812,117,246,10,5.5093883366279774,0.8119658111538461,0.8270746369777743,0.6089980069871823,0.8022452088139295
SKG_MT_409,2011,0.9176657795906068,0.88,100,14,22,2.70805020110221,0.8799999991199999,0.8083135407385362,0.29934306215594814,0.7717537845565701
SKG_MT_1227,2011,0.8963740468025208,0.8888888888888888,9,56,15,4.04305126783455,0.8888888879999999,0.7587431822675954,0.44691171030525656,0.7535891762178424
SKG_QA_392,2011,0.9164015650749208,0.9090909090909092,44,8,26,2.1972245773362196,0.9090909081818181,0.8053702590737489,0.24287730447405703,0.7698650934353936
SKG_PAR_14,2011,0.918910801410675,0.9642857142857144,28,28,35,3.367295829986474,0.9642857133214287,0.8112121389193033,0.372214903742496,0.7979271302820476
SKG_MT_1132,2011,0.8417947888374329,0.8636363636363636,22,17,14,2.8903717578961645,0.8636363627727273,0.6316744552017904,0.3194965634040153,0.6468490475362002
SKG_PAR_89,2011,0.9220905303955078,1.0,2,6,17,1.9459101490553132,0.9999999989999999,0.8186150265652914,0.2150974536814245,0.7945402637638465
SKG_MT_1003,2011,0.9326593279838562,0.875,56,6,9,1.9459101490553132,0.8749999991249999,0.8432207780217625,0.2150974536814245,0.7867642898083762
SKG_MT_712,2011,0.9355198740959167,0.8313253012048193,83,15,35,2.772588722239781,0.831325300373494,0.8498805599008984,0.30647703571983326,0.7918291555773109
SKG_SUM_130,2011,0.9118784070014954,0.8333333333333334,24,22,10,3.1354942159291497,0.8333333325,0.7948396663149535,0.34659196479684096,0.7577136294001514
SKG_SUM_110,2011,0.90122252702713,0.8846153846153846,52,9,27,2.302585092994046,0.8846153837307691,0.7700311739573856,0.25452366884887795,0.7413972654012115
SKG_QA_219,2012,0.7752321362495422,0.9016393442622952,61,15,27,2.772588722239781,0.9016393433606558,0.4767065818775154,0.30647703571983326,0.5446701795583753
SKG_QA_203,2012,0.918955624103546,0.819672131147541,61,8,12,2.1972245773362196,0.8196721303278688,0.8113164928944054,0.24287730447405703,0.7561437015390632
SKG_MT_1421,2012,0.9361969232559204,0.9175257731958762,97,24,28,3.2188758248682006,0.9175257722783504,0.8514568322455621,0.35580881983783924,0.8151058190113475
SKG_MT_7,2012,0.953448474407196,0.9020618556701032,194,22,26,3.1354942159291497,0.9020618547680412,0.8916210397931517,0.34659196479684096,0.8392062952884984
SKG_MT_832,2012,0.9353343844413756,0.8571428571428571,70,25,30,3.258096538021482,0.8571428562857142,0.849448712067762,0.3601442078489126,0.8020570904894674
SKG_MT_835,2012,0.921446681022644,0.9545454545454546,22,1,21,0.6931471805599453,0.954545453590909,0.8171160483218669,0.07661925892995831,0.7705522504364845
SKG_MT_93,2012,0.9427056312561036,0.8604651162790697,43,48,45,3.8918202981106265,0.8604651154186046,0.8666100840716557,0.430194907362849,0.8217395726701648
SKG_SA_268,2012,0.933083713054657,0.9142857142857144,35,163,40,5.099866427824199,0.9142857133714286,0.8442088103392207,0.5637301821324668,0.8301763281249869
SKG_PAR_200,2012,0.9095252156257628,0.82,50,21,19,3.091042453358316,0.8199999991799999,0.7893610826220818,0.3416783458688142,0.7507205922583386
SKG_MT_535,2012,0.9369348287582396,0.8333333333333334,114,40,24,3.713572066704308,0.8333333325,0.8531747873144004,0.4104916642725502,0.8049381840473353
SKG_PAR_3,2012,0.9117158651351928,0.912087912087912,91,44,35,3.8066624897703196,0.912087911175824,0.7944612443866235,0.4207817143929766,0.7806186247450989
SKG_SA_565,2012,0.9297029376029968,0.8666666666666667,60,23,24,3.1780538303479458,0.8666666658,0.8363378562596953,0.35129642902690345,0.793899475444477
SKG_MT_1327,2012,0.9350900650024414,0.8543689320388349,103,5,31,1.791759469228055,0.8543689311844659,0.8488798996423043,0.19805791116698682,0.7848955071032048
SKG_MT_1276,2012,0.9472177624702454,0.8264462809917356,121,15,25,2.772588722239781,0.8264462801652892,0.8771150046424269,0.30647703571983326,0.80991746285474
SKG_MT_346,2012,0.9375354647636414,0.8648648648648649,111,56,21,4.04305126783455,0.864864864,0.8545731583344885,0.44691171030525656,0.8158653546646676
SKG_MT_1165,2012,0.9422853589057922,0.8732394366197183,71,37,44,3.6375861597263857,0.8732394357464788,0.8656316267864874,0.4020923169981863,0.8207992575996556
SKG_MT_1395,2012,0.9384799003601074,0.8113207547169812,106,13,18,2.6390573296152584,0.8113207539056604,0.8567719465465844,0.29171671261138277,0.7911761846248794
SKG_MT_1400,2012,0.9392881393432616,0.7241379310344828,29,22,21,3.1354942159291497,0.7241379303103448,0.8586536485444397,0.34659196479684096,0.7805443365228608
SKG_MT_613,2012,0.9293379783630372,0.9,110,19,41,2.995732273553991,0.8999999991,0.8354881762203984,0.33114292777883625,0.7979560159521625
SKG_MT_622,2012,0.9146378636360168,0.9285714285714286,42,2,0,1.0986122886681098,0.928571427642857,0.8012640966757735,0.12143865223702852,0.7587430184253156
SKG_MT_576,2012,0.9128580093383788,0.8,10,3,25,1.3862943611198906,0.7999999992,0.7971203279915576,0.15323851785991663,0.7333080812200821
SKG_SA_554,2012,0.9202829599380492,0.8737864077669902,103,61,16,4.127134385045092,0.8737864068932037,0.8144067304895561,0.4562061088253344,0.7904626036038634
SKG_MT_1177,2012,0.9434460401535034,0.8602941176470589,136,5,34,1.791759469228055,0.8602941167867647,0.8683338674210185,0.19805791116698682,0.7996983216687645
SKG_MT_1425,2012,0.9386529922485352,0.8225806451612904,62,8,20,2.1972245773362196,0.8225806443387097,0.8571749305142667,0.24287730447405703,0.7888263106751343
SKG_MT_550,2012,0.6738219261169434,0.8837209302325582,86,121,33,4.804021044733257,0.8837209293488372,0.2406083498116302,0.5310279586422607,0.39827282660213464
SKG_MT_85,2012,0.9423295855522156,0.7708333333333334,48,8,14,2.1972245773362196,0.7708333325625,0.8657345930757506,0.24287730447405703,0.7844686121129312
SKG_MT_92,2012,0.9361969828605652,0.8095238095238095,21,24,28,3.2188758248682006,0.8095238087142856,0.8514569710141461,0.35580881983783924,0.7935055234365433
SKG_MT_89,2012,0.9286999702453612,0.7946428571428571,112,169,21,5.135798437050262,0.7946428563482142,0.8340027972981968,0.5677020426492208,0.7995007336433027
SKG_MT_1175,2012,0.7752321362495422,0.9166666666666666,12,7,17,2.0794415416798357,0.9166666657499999,0.4767065818775154,0.2298577767898749,0.5400137181432483
SKG_MT_788,2012,0.9280381202697754,0.8414634146341463,82,15,33,2.772588722239781,0.8414634137926829,0.832461910942431,0.30647703571983326,0.7816637239902217
SKG_MT_1376,2012,0.9455555081367492,0.8314606741573034,89,8,18,2.1972245773362196,0.8314606733258426,0.8732450263742707,0.24287730447405703,0.8018513835745638
SKG_MT_1473,2012,0.945178210735321,0.8723404255319149,47,34,30,3.5553480614894135,0.8723404246595744,0.8723666212381039,0.3930018636003441,0.8244249061586221
SKG_SA_24,2012,0.914953351020813,0.7924528301886793,53,966,21,6.874198495453294,0.7924528293962264,0.8019985987904231,0.7598616992621752,0.795875754958759
SKG_MT_1361,2012,0.938146710395813,0.8771929824561403,114,70,42,4.2626798770413155,0.8771929815789472,0.8559962301625127,0.47118906690309453,0.8217548641198578
SKG_MT_1236,2012,0.873160719871521,0.8723404255319149,47,26,11,3.295836866004329,0.8723404246595744,0.7046990634198951,0.3643159567110855,0.70418902499695
SKG_MT_1228,2012,0.9472177624702454,0.8205128205128205,39,15,25,2.772588722239781,0.8205128196923076,0.8771150046424269,0.30647703571983326,0.8087307707601437
SKG_SA_148,2012,0.9184222221374512,0.9607843137254902,51,96,26,4.574710978503383,0.9607843127647059,0.8100746528369713,0.5056804309706926,0.8097771626358904
SKG_MT_78,2012,0.9361068606376648,0.9019607843137256,51,239,33,5.480638923341991,0.9019607834117648,0.8512471529152702,0.6058200978757814,0.8368471735106202
SKG_MT_74,2012,0.9288231134414672,0.8235294117647058,102,45,46,3.828641396489095,0.8235294109411764,0.8342894931925604,0.4232112237267993,0.7910296497957076
SKG_MT_451,2012,0.9247159957885742,0.8365384615384616,104,27,22,3.332204510175204,0.8365384607019231,0.8247275051494757,0.3683359715413411,0.7814505428991517
SKG_MT_239,2012,0.9372634887695312,0.7894736842105263,19,87,26,4.477336814478207,0.7894736834210526,0.8539399572860951,0.49491686372873084,0.8051443931573501
SKG_MT_234,2012,0.9317084550857544,0.8648648648648649,111,87,17,4.477336814478207,0.864864864,0.8410070028026041,0.49491686372873084,0.8111695611346958
SKG_MT_373,2012,0.9190605878829956,0.7872340425531915,47,16,31,2.833213344056216,0.7872340417659575,0.8115608643706759,0.31317837380034286,0.7568572507926988
SKG_MT_389,2012,0.806627094745636,0.8333333333333334,6,26,18,3.295836866004329,0.8333333325,0.5497987703959855,0.3643159567110855,0.5879574014482983
SKG_MT_259,2012,0.9322478175163268,0.8677685950413223,121,5,12,1.791759469228055,0.8677685941735537,0.8422627197184294,0.19805791116698682,0.7829434137543099
SKG_MT_480,2012,0.9156676530838012,0.8507462686567164,67,51,21,3.9512437185814275,0.8507462678059701,0.803661601500032,0.43676346677887096,0.7763887212891035
SKG_MT_865,2012,0.9350346326828004,0.8225806451612904,62,4,9,1.6094379124341003,0.8225806443387097,0.8487508448592658,0.17790440991891962,0.7764321612611199
SKG_DIA_182,2012,0.924604058265686,0.88,25,37,37,3.6375861597263857,0.8799999991199999,0.8244668977488877,0.4020923169981863,0.7933360599480399
SKG_MT_453,2012,0.9382346272468568,0.847457627118644,118,143,29,4.969813299576001,0.8474576262711864,0.8562009138237842,0.5493543401938903,0.8237675989502752
SKG_MT_469,2012,0.9297516942024232,0.8961038961038961,77,40,35,3.713572066704308,0.8961038952077921,0.8364513689613361,0.4104916642725502,0.8057859037417486
SKG_DIA_231,2012,0.9056790471076964,0.8666666666666667,15,175,16,5.170483995038151,0.8666666658,0.7804066234393665,0.571536122658689,0.7767715818334254
SKG_MT_981,2012,0.8982251286506653,0.9444444444444444,18,1,9,0.6931471805599453,0.9444444434999999,0.7630527794095866,0.07661925892995831,0.7306877601797064
SKG_QA_417,2012,0.8839455842971802,0.8,80,66,28,4.204692619390966,0.7999999992,0.7298078509930496,0.4647792583759052,0.7173434213727252
SKG_SA_5,2012,0.9315387606620787,0.8780487804878049,369,65,25,4.189654742026425,0.878048779609756,0.8406119286442045,0.4631169981058426,0.8103498057834787
SKG_MT_1077,2012,0.922186017036438,0.8490566037735849,106,138,32,4.9344739331306915,0.8490566029245282,0.8188373338367194,0.5454479893581176,0.797542253206421
SKG_QA_487,2012,0.916898548603058,0.75,60,5,27,1.791759469228055,0.7499999992499999,0.8065273115264125,0.19805791116698682,0.7343749090351874
SKG_MT_283,2012,0.934609055519104,0.8592592592592593,135,8,35,2.1972245773362196,0.8592592584,0.8477600371701293,0.24287730447405703,0.7895716081464962
SKG_MT_1062,2012,0.9308689832687378,0.8625,80,25,16,3.258096538021482,0.8624999991375,0.8390525860667783,0.3601442078489126,0.795851230859136
SKG_MT_1065,2012,0.941053032875061,0.7469879518072289,83,43,22,3.784189633918261,0.7469879510602409,0.8627625863140934,0.4182976047987725,0.7951611611117909
SKG_MT_945,2012,0.939919650554657,0.8363636363636363,55,3,12,1.3862943611198906,0.8363636355272726,0.8601239016909944,0.15323851785991663,0.7846833100751422
SKG_MT_410,2012,0.9474869966506958,0.8148148148148148,108,4,33,1.6094379124341003,0.8148148139999999,0.8777418223359603,0.17790440991891962,0.7951726794270642
SKG_PAR_127,2012,0.920176327228546,0.9,50,9,32,2.302585092994046,0.8999999991,0.8141584734929365,0.25452366884887795,0.7753632981499433
SKG_MT_1174,2012,0.930456817150116,0.85,100,5,11,1.791759469228055,0.8499999991499999,0.8380930013090224,0.19805791116698682,0.7764708918630143
SKG_MT_1191,2012,0.9397331476211548,0.8809523809523809,42,10,12,2.3978952727983707,0.8809523800714285,0.8596896947919318,0.2650590869388559,0.8044791710625235
SKG_MT_1209,2012,0.9125903844833374,0.9285714285714286,70,102,52,4.634728988229636,0.928571427642857,0.79649725704979,0.5123147152275538,0.7944938369861798
SKG_MT_1349,2012,0.9352315068244934,0.7833333333333333,60,8,24,2.1972245773362196,0.7833333325499999,0.849209197491929,0.24287730447405703,0.775400835201756
SKG_MT_415,2012,0.9241536259651184,0.8461538461538461,39,3,20,1.3862943611198906,0.8461538453076922,0.8234182235602598,0.15323851785991663,0.760947377339712
SKG_SUM_72,2012,0.9247158765792848,0.8365384615384616,104,27,22,3.332204510175204,0.8365384607019231,0.8247272276123081,0.3683359715413411,0.7814503486231344
SKG_MT_724,2012,0.9476776123046876,0.8503937007874016,127,2,33,1.0986122886681098,0.8503936999370079,0.8781856042673133,0.12143865223702852,0.7969525281982236
SKG_SUM_147,2012,0.9241622686386108,0.9310344827586208,29,62,11,4.143134726391533,0.9310344818275862,0.8234383450049272,0.4579747581554815,0.8084112136845144
SKG_SUM_59,2012,0.9229168891906738,0.9391891891891893,148,116,25,4.762173934797756,0.93918918825,0.8205389142126563,0.5264022533930113,0.8148553029381606
SKG_SUM_97,2012,0.7752321362495422,0.9016393442622952,61,15,27,2.772588722239781,0.9016393433606558,0.4767065818775154,0.30647703571983326,0.5446701795583753
SKG_MT_131,2012,0.9395315051078796,0.7916666666666666,96,58,44,4.07753744390572,0.7916666658749999,0.8592202406725553,0.45072375099157447,0.8048598767449461
SKG_SUM_0,2013,0.9375856518745422,0.8235294117647058,187,69,34,4.248495242049359,0.8235294109411764,0.8546900014821429,0.46962112253030247,0.8099509954787655
SKG_SUM_34,2013,0.9232589602470398,0.8461538461538461,52,6,23,1.9459101490553132,0.8461538453076922,0.821335307115731,0.2150974536814245,0.7656752294106925
SKG_MT_1280,2013,0.9255291223526,0.8269230769230769,52,46,21,3.8501476017100584,0.8269230760961537,0.8266205861712118,0.4255884814761487,0.7865778736866939
SKG_MT_1282,2013,0.9474921226501464,0.7362637362637363,91,23,25,3.1780538303479458,0.7362637355274725,0.8777537564341765,0.35129642902690345,0.7968100195121084
SKG_MT_1290,2013,0.9394739866256714,0.8849557522123894,113,36,51,3.6109179126442243,0.8849557513274336,0.8590863289890796,0.39914445630466727,0.8182660261883091
SKG_SUM_76,2013,0.9217089414596558,0.8909090909090909,55,4,29,1.6094379124341003,0.8909090900181817,0.8177266300910826,0.17790440991891962,0.7683809000592862
SKG_SA_609,2013,0.9303720593452454,0.8195488721804511,133,14,20,2.70805020110221,0.8195488713609022,0.8378956723826986,0.29934306215594814,0.7803710511556642
SKG_SA_590,2013,0.9236438870429992,0.8363636363636363,55,1,21,0.6931471805599453,0.8363636355272726,0.8222314746306386,0.07661925892995831,0.7504966852398973
SKG_SA_597,2013,0.8616654276847839,0.9126984126984128,126,6646,42,8.801920904041582,0.9126984117857143,0.6779362930950856,0.9729487123975267,0.7543899587634555
SKG_MT_707,2013,0.932198703289032,0.8478260869565217,138,15,36,2.772588722239781,0.8478260861086956,0.8421483744052857,0.30647703571983326,0.7897167828774224
SKG_MT_708,2013,0.9454972147941588,0.7560975609756098,82,41,17,3.7376696182833684,0.7560975602195121,0.8731093106992042,0.4131553648484113,0.8037115660181865
SKG_SA_435,2013,0.9240905046463012,0.8807947019867549,151,460,15,6.133398042996649,0.8807947011059601,0.8232712676298961,0.6779749322463245,0.8202463207867517
SKG_MT_740,2013,0.9581550359725952,0.8616352201257862,159,4,16,1.6094379124341003,0.8616352192641509,0.9025786234846461,0.17790440991891962,0.8219225212839744
SKG_MT_741,2013,0.9436426162719728,0.6511627906976745,86,20,23,3.044522437723423,0.6511627900465117,0.8687915262107626,0.336536105918453,0.7720402369486815
SKG_MT_748,2013,0.9360210299491882,0.8205128205128205,78,54,35,4.007333185232471,0.8205128196923076,0.8510473261544359,0.44296349685777553,0.8041320419323442
SKG_MT_752,2013,0.9489681124687196,0.7974683544303798,158,14,33,2.70805020110221,0.7974683536329114,0.881190082877606,0.29934306215594814,0.8062610349565013
SKG_MT_719,2013,0.942929744720459,0.8450704225352113,71,17,17,2.8903717578961645,0.8450704216901408,0.8671318539471671,0.3194965634040153,0.8079560384414465
SKG_MT_725,2013,0.9379891157150269,0.8292682926829268,82,1,25,0.6931471805599453,0.8292682918536585,0.8556293260266477,0.07661925892995831,0.7724561124823809
SKG_SA_414,2013,0.9121801257133484,0.8703703703703703,54,216,27,5.37989735354046,0.8703703694999999,0.7955421128867193,0.5946843035768006,0.7904219832783834
SKG_SUM_154,2013,0.9351396560668944,0.8297872340425532,47,29,19,3.4011973816621555,0.8297872332127658,0.8489953551041194,0.37596232108590644,0.7978504273240273
SKG_SUM_155,2013,0.9122474789619446,0.9117647058823528,68,48,34,3.8918202981106265,0.911764704970588,0.7956989213865405,0.430194907362849,0.7823616767009808
SKG_MT_682,2013,0.9385779500007628,0.82,100,14,49,2.70805020110221,0.8199999991799999,0.8570002208671205,0.29934306215594814,0.7938344606585791
SKG_SUM_180,2013,0.9168227910995485,0.9210526315789472,76,32,13,3.4965075614664802,0.9210526306578946,0.8063509366562597,0.38649773917588437,0.7873059557085491
SKG_MT_80,2013,0.9375951886177064,0.8181818181818182,44,3,19,1.3862943611198906,0.8181818173636364,0.8547122044555693,0.15323851785991663,0.7772587583776174
SKG_MT_1310,2013,0.9375360608100892,0.8142857142857143,140,83,61,4.430816798843313,0.8142857134714285,0.8545745460203279,0.4897746237783696,0.8100367872863522
SKG_MT_1242,2013,0.9389768838882446,0.7745098039215687,102,39,19,3.6888794541139363,0.7745098031470588,0.8579289989992481,0.40776218670879455,0.7962284785997649
SKG_MT_147,2013,0.9372722506523132,0.7818181818181819,55,9,12,2.302585092994046,0.7818181810363636,0.8539603562679302,0.25452366884887795,0.7795882524797118
SKG_MT_156,2013,0.9287856221199036,0.726027397260274,73,3,27,1.3862943611198906,0.7260273965342465,0.8342022077532796,0.15323851785991663,0.7444708765201368
SKG_MT_1211,2013,0.9303218126296996,0.7368421052631579,38,32,21,3.4965075614664802,0.7368421045263157,0.83777869046646,0.38649773917588437,0.7724632781493735
SKG_MT_940,2013,0.9368577003479004,0.8313253012048193,83,6,17,1.9459101490553132,0.831325300373494,0.8529952207668178,0.2150974536814245,0.7848714599796136
SKG_MT_1101,2013,0.9374839663505554,0.8279569892473119,93,31,36,3.4657359027997265,0.8279569884193548,0.854453262277988,0.38309629464979156,0.8020183107434418
SKG_MT_268,2013,0.9365171194076538,0.8785046728971962,107,26,32,3.295836866004329,0.8785046720186915,0.8522022970783409,0.3643159567110855,0.8086741380296855
SKG_MT_277,2013,0.9526384472846984,0.8258064516129032,155,8,22,2.1972245773362196,0.8258064507870967,0.8897351747377785,0.24287730447405703,0.81226364292127
SKG_PAR_106,2013,0.9303733110427856,0.8611111111111112,72,4,36,1.6094379124341003,0.86111111025,0.8378985865229608,0.17790440991891962,0.7765416736079646
SKG_MT_282,2013,0.9398872256278992,0.8051948051948052,77,7,39,2.0794415416798357,0.8051948043896103,0.8600484115813459,0.2298577767898749,0.7860586266638516
SKG_MT_290,2013,0.9091029167175292,0.8461538461538461,143,10,31,2.3978952727983707,0.8461538453076922,0.7883779072050607,0.2650590869388559,0.7476012127989665
SKG_MT_1069,2013,0.9206191301345824,0.8823529411764706,51,11,23,2.4849066497880004,0.8823529402941176,0.8151893853028235,0.27467717009694514,0.7745708747804945
SKG_MT_1082,2013,0.9310288429260254,0.8301886792452831,159,39,34,3.6888794541139363,0.8301886784150944,0.8394247634088321,0.40776218670879455,0.7944112887400808
SKG_MT_955,2013,0.937743842601776,0.8142857142857143,70,1,32,0.6931471805599453,0.8142857134714285,0.8550582933038469,0.07661925892995831,0.7690598738999743
SKG_MT_922,2013,0.9226472973823548,0.8461538461538461,52,32,27,3.4965075614664802,0.8461538453076922,0.8199112639076197,0.38649773917588437,0.7818184277144606
SKG_SA_32,2013,0.9241930246353148,0.8840579710144928,69,79,58,4.382026634673881,0.8840579701304347,0.8235099495942259,0.48438144563875285,0.8017067033059203
SKG_SA_40,2013,0.9229097366333008,0.8947368421052632,57,11,10,2.4849066497880004,0.8947368412105262,0.8205222619825868,0.27467717009694514,0.7807806686396105
SKG_SA_48,2013,0.922663390636444,0.902439024390244,41,95,38,4.564348191467836,0.9024390234878049,0.8199487314252756,0.50453494688682,0.8049054113839358
SKG_MT_885,2013,0.950334370136261,0.8108108108108109,37,3,20,1.3862943611198906,0.81081081,0.8843709363580514,0.15323851785991663,0.7965456692366276
SKG_MT_891,2013,0.9408011436462402,0.8194444444444444,72,32,28,3.4965075614664802,0.8194444436249999,0.8621761502784786,0.38649773917588437,0.8060619678375234
SKG_SA_111,2013,0.9328662157058716,0.9013157894736842,152,76,37,4.343805421853684,0.9013157885723683,0.8437024437765234,0.4801565406202804,0.818870522420068
SKG_DIA_220,2013,0.9117587804794312,0.7647058823529411,68,2,11,1.0986122886681098,0.7647058815882352,0.7945611577670407,0.12143865223702852,0.7212778519782783
SKG_MT_973,2013,0.9341451525688172,0.8521739130434782,115,2,31,1.0986122886681098,0.8521739121913042,0.8466800012815373,0.12143865223702852,0.7752546485590397
SKG_SA_526,2013,0.9249125719070436,0.8629032258064516,124,12,25,2.5649493574615367,0.8629032249435483,0.8251851639392199,0.2835249489189543,0.7785627546380589
SKG_MT_591,2013,0.9361940622329712,0.7976190476190477,84,31,21,3.4657359027997265,0.7976190468214286,0.8514501713535344,0.38309629464979156,0.793848558776739
SKG_MT_705,2013,0.9376009702682496,0.8155339805825242,103,56,30,4.04305126783455,0.8155339797669902,0.8547256650082088,0.44691171030525656,0.8061059324896699
SKG_MT_706,2013,0.9377437829971312,0.8235294117647058,85,21,25,3.091042453358316,0.8235294109411764,0.8550581545352629,0.3416783458688142,0.7974144249498007
SKG_SA_4,2013,0.8616654276847839,0.9096774193548388,155,6646,42,8.801920904041582,0.9096774184451614,0.6779362930950856,0.9729487123975267,0.7537857600953449
SKG_SA_191,2013,0.9339007139205932,0.8470588235294118,85,28,23,3.367295829986474,0.8470588226823529,0.846110911318911,0.372214903742496,0.7989108928339579
SKG_MT_1225,2013,0.9222047924995422,0.8333333333333334,24,6,16,1.9459101490553132,0.8333333325,0.8188810459406519,0.2150974536814245,0.7613931440265987
SKG_MT_77,2013,0.9496658444404602,0.8269230769230769,104,35,24,3.58351893845611,0.8269230760961537,0.8828145079208872,0.39611582233397363,0.8229663529972491
SKG_MT_79,2013,0.9423406720161438,0.8549618320610687,131,1332,18,7.195187320178709,0.8549618312061068,0.8657604040323584,0.7953432341584029,0.8565589724797126
SKG_SA_229,2013,0.916316032409668,0.8695652173913043,92,3,19,1.3862943611198906,0.869565216521739,0.8051711261558341,0.15323851785991663,0.7528566833994232
SKG_MT_225,2013,0.9495899081230164,0.7129629629629629,108,5,38,1.791759469228055,0.7129629622499999,0.8826377167449825,0.19805791116698682,0.7802447852881864
SKG_PAR_139,2013,0.9163247346878052,0.8615384615384616,65,2,28,1.0986122886681098,0.8615384606769231,0.8051913863690853,0.12143865223702852,0.7480855278174471
SKG_MT_1090,2013,0.9487498998641968,0.8681318681318682,182,258,27,5.556828061699537,0.8681318672637363,0.8806820510919016,0.6142419099860917,0.8515280002156874
SKG_MT_481,2013,0.9414944648742676,0.8405797101449275,138,9,18,2.302585092994046,0.8405797093043477,0.8637903064465505,0.25452366884887795,0.7982215232583427
SKG_MT_869,2013,0.9333524703979492,0.9117647058823528,68,2,11,1.0986122886681098,0.911764704970588,0.8448345178840828,0.12143865223702852,0.7858809687366783
SKG_MT_22,2013,0.936293125152588,0.7653061224489796,98,20,27,3.044522437723423,0.7653061216836734,0.8516808047399974,0.336536105918453,0.7828913982465783
SKG_MT_1386,2013,0.9340189099311828,0.8426966292134831,178,11,11,2.4849066497880004,0.8426966283707864,0.8463860894208098,0.27467717009694514,0.7884773052784186
SKG_MT_44,2013,0.9505857229232788,0.7831325301204819,83,20,38,3.044522437723423,0.7831325293373493,0.8849561234764111,0.336536105918453,0.809749402892803
SKG_PAR_20,2013,0.9267780184745787,0.7974683544303798,79,15,16,2.772588722239781,0.7974683536329114,0.8295282043099335,0.30647703571983326,0.770811117315519
SKG_MT_371,2013,0.9378458857536316,0.8581560283687943,141,44,27,3.8066624897703196,0.8581560275106382,0.8552958651195056,0.4207817143929766,0.8124164825250793
SKG_MT_372,2013,0.9439321756362916,0.7560975609756098,82,4,40,1.6094379124341003,0.7560975602195121,0.8694656639914102,0.17790440991891962,0.7776359178297815
SKG_MT_375,2013,0.9378825426101683,0.7837837837837838,37,12,14,2.5649493574615367,0.783783783,0.8553812077986116,0.2835249489189543,0.7838760969509234
SKG_MT_376,2013,0.9350557327270508,0.8779342723004695,213,5,40,1.791759469228055,0.8779342714225351,0.8487999689379706,0.19805791116698682,0.7895526236577851
SKG_QA_84,2013,0.9211609959602356,0.95,20,4,32,1.6094379124341003,0.9499999990499999,0.8164509304991736,0.17790440991891962,0.7793060921513134
SKG_QA_3,2013,0.9292929768562316,0.9315068493150684,73,3,5,1.3862943611198906,0.9315068483835616,0.8353834059395437,0.15323851785991663,0.7863936056203846
SKG_QA_12,2013,0.936293125152588,0.8,135,20,27,3.044522437723423,0.7999999992,0.8516808047399974,0.336536105918453,0.7898301737498435
SKG_QA_20,2013,0.9466838836669922,0.8734177215189873,79,228,48,5.43372200355424,0.8734177206455696,0.8758720544363213,0.6006339848449098,0.8478573807190297
SKG_PAR_204,2013,0.9374802708625792,0.8409090909090909,88,24,17,3.2188758248682006,0.8409090900681818,0.8544446586257851,0.35580881983783924,0.8018739610354699
SKG_MT_1461,2013,0.9305721521377563,1.0,4,41,12,3.7376696182833684,0.9999999989999999,0.8383615185188934,0.4131553648484113,0.8281685992480664
SKG_QA_424,2013,0.9254595041275024,0.825,80,78,29,4.3694478524670215,0.8249999991749999,0.8264585044652021,0.4829910093822678,0.7918200538988682
SKG_QA_385,2013,0.9438023567199708,0.8282828282828283,99,7,19,2.0794415416798357,0.8282828274545454,0.8691634260156486,0.2298577767898749,0.7970567413808506
SKG_MT_14,2013,0.9417967796325684,0.8507462686567164,67,11,19,2.4849066497880004,0.8507462678059701,0.8644941407041554,0.27467717009694514,0.8027628690637973
SKG_MT_21,2013,0.9398703575134276,0.8442211055276382,199,56,44,4.04305126783455,0.844221104683417,0.8600091400720984,0.44691171030525656,0.8155417900176779
SKG_MT_500,2013,0.9409159421920776,0.7647058823529411,51,26,34,3.295836866004329,0.7647058815882352,0.8624434185710943,0.3643159567110855,0.7930831649885215
SKG_MT_829,2013,0.9305315017700196,0.8205128205128205,39,5,15,1.791759469228055,0.8205128196923076,0.8382668783446652,0.19805791116698682,0.7706951698964258
SKG_MT_845,2013,0.9277521967887878,0.8558558558558559,111,9,23,2.302585092994046,0.8558558549999999,0.8317962380454021,0.25452366884887795,0.7788809045166694
SKG_MT_515,2013,0.9217127561569214,0.864516129032258,155,106,30,4.672828834461906,0.8645161281677418,0.817735511280453,0.5165262045988351,0.7969707039897489
SKG_SA_318,2013,0.9123672246932985,0.8,85,40,19,3.713572066704308,0.7999999992,0.7959777074716213,0.4104916642725502,0.7582335614973899
SKG_SA_296,2013,0.9320505261421204,0.8985507246376812,69,241,51,5.488937726156687,0.8985507237391304,0.8418033957056787,0.6067374328076701,0.8296462650225682
SKG_SA_306,2013,0.9141212701797484,0.8709677419354839,93,189,61,5.247024072160486,0.870967741064516,0.8000613893590023,0.579996726917106,0.7922361934559153
SKG_MT_94,2013,0.929268479347229,0.92,50,9,34,2.302585092994046,0.91999999908,0.8353263720515559,0.25452366884887795,0.7941808271369769
SKG_MT_100,2013,0.9456759691238404,0.8571428571428571,56,112,24,4.727387818712341,0.8571428562857142,0.8735254776823587,0.5225570578699437,0.8351521114217882
SKG_QA_193,2013,0.905593991279602,0.9230769230769232,13,13,9,2.6390573296152584,0.9230769221538463,0.7802086006701234,0.29171671261138277,0.7599330761609939
SKG_MT_305,2013,0.9461267590522766,0.7611940298507462,67,36,39,3.6109179126442243,0.7611940290895521,0.8745749844824898,0.39914445630466727,0.8043557405861201
SKG_MT_314,2013,0.9167054295539856,0.8607594936708861,79,8,28,2.1972245773362196,0.8607594928101265,0.8060777013145354,0.24287730447405703,0.7606940199296057
SKG_MT_1036,2013,0.9350091218948364,0.9041095890410958,73,540,42,6.293419278846481,0.9041095881369862,0.8486914519053509,0.6956633956026432,0.8444722735214072
SKG_QA_334,2013,0.9224438667297364,0.875,64,35,30,3.58351893845611,0.8749999991249999,0.8194376467307258,0.39611582233397363,0.7882179347699054
SKG_MT_332,2013,0.912606418132782,0.8409090909090909,44,17,20,2.8903717578961645,0.8409090900681818,0.7965345857988625,0.3194965634040153,0.7577056844132416
SKG_MT_337,2013,0.9484140276908876,0.7906976744186046,129,18,33,2.9444389791664403,0.7906976736279069,0.879900090121554,0.325473058068228,0.8066169036174919
SKG_MT_1048,2013,0.9316379427909852,0.9029850746268656,134,20,19,3.044522437723423,0.9029850737238805,0.8408428395678357,0.336536105918453,0.8028406130341064
SKG_MT_1324,2013,0.9376410245895386,0.8588235294117647,85,17,20,2.8903717578961645,0.8588235285529411,0.8548189174965978,0.3194965634040153,0.8020876042986081
SKG_MT_1326,2013,0.9393628239631652,0.8397790055248618,181,15,14,2.772588722239781,0.8397790046850828,0.8588275255800822,0.30647703571983326,0.7997827724150575
SKG_MT_1244,2013,0.9446197748184204,0.8309859154929577,71,4,19,1.6094379124341003,0.8309859146619718,0.8710664983754263,0.17790440991891962,0.7937341727870847
SKG_MT_1248,2013,0.9440895318984984,0.8125,112,22,31,3.1354942159291497,0.8124999991874999,0.8698320130529391,0.34659196479684096,0.8060416054542414
SKG_SA_557,2013,0.9221968650817872,0.7213114754098361,61,11,10,2.4849066497880004,0.7213114746885245,0.8188625897189918,0.27467717009694514,0.7449338247506937
SKG_SA_577,2013,0.92265784740448,0.6666666666666666,33,5,17,1.791759469228055,0.6666666659999999,0.819935825946972,0.19805791116698682,0.727094202479579
SKG_PAR_52,2013,0.8886574506759644,0.7142857142857143,35,25,22,3.258096538021482,0.7142857135714286,0.7407777850885122,0.3601442078489126,0.6974160130611355
SKG_PAR_53,2013,0.9233492016792296,0.8588235294117647,85,6,12,1.9459101490553132,0.8588235285529411,0.8215454027517746,0.2150974536814245,0.7683562330049728
SKG_PAR_56,2013,0.938604176044464,0.8431372549019608,51,4,34,1.6094379124341003,0.8431372540588234,0.8570612790440421,0.17790440991891962,0.7863607871344861
SKG_MT_1169,2013,0.941789984703064,0.7972972972972973,74,60,37,4.110873864173311,0.7972972964999999,0.8644783210855894,0.45440869971230236,0.8100351540311427
SKG_MT_824,2013,0.9299627542495728,0.8918918918918919,37,15,38,2.772588722239781,0.8918918909999999,0.8369427485169705,0.30647703571983326,0.7948860057338626
SKG_MT_91,2013,0.9159461855888368,0.8452380952380952,84,6,17,1.9459101490553132,0.845238094392857,0.8043100670926563,0.2150974536814245,0.7535744112115732
SKG_MT_1429,2013,0.9204025268554688,0.7857142857142857,126,37,33,3.6375861597263857,0.7857142849285713,0.8146851002688852,0.4020923169981863,0.7676316588737525
SKG_MT_1437,2013,0.9291980862617492,0.8333333333333334,12,8,17,2.1972245773362196,0.8333333325,0.8351624863539548,0.24287730447405703,0.775568137395174
SKG_MT_641,2013,0.9166921377182008,0.8636363636363636,22,7,28,2.0794415416798357,0.8636363627727273,0.806046755920323,0.2298577767898749,0.759945779377759
SKG_MT_572,2013,0.9355510473251344,0.8478260869565217,46,10,32,2.3978952727983707,0.8478260861086956,0.849953135870285,0.2650590869388559,0.7910383210248242
SKG_MT_178,2013,0.938336193561554,0.7419354838709677,62,22,23,3.1354942159291497,0.7419354831290322,0.856437375490771,0.34659196479684096,0.7825524559490302
SKG_MT_180,2013,0.9353537559509276,0.8050314465408805,159,42,28,3.7612001156935624,0.8050314457358491,0.8494938118575336,0.41575638426302675,0.7972275958737459
SKG_MT_150,2013,0.9420906901359558,0.8165137614678899,109,45,29,3.828641396489095,0.816513760651376,0.8651784085914287,0.4232112237267993,0.8112487605169552
SKG_MT_200,2013,0.9428278207778932,0.864516129032258,155,67,32,4.219507705176107,0.8645161281677418,0.8668945596686767,0.46641689166025946,0.826371106567648
SKG_SA_469,2013,0.9288667440414428,0.9375,16,5,12,1.791759469228055,0.9374999990624999,0.8343910717959845,0.19805791116698682,0.7913795411863878
SKG_SA_484,2013,0.9350420832633972,0.8421052631578947,38,37,20,3.6375861597263857,0.8421052623157893,0.8487681909322546,0.4020923169981863,0.8027680178155546
SKG_MT_681,2013,0.9389041662216188,0.8102189781021898,137,7,38,2.0794415416798357,0.8102189772919708,0.857759701326875,0.2298577767898749,0.785461364066194
SKG_SUM_193,2013,0.9402364492416382,0.780952380952381,105,91,27,4.5217885770490405,0.7809523801714285,0.8608614567144902,0.4998304826567576,0.8087765440001046
SKG_MT_680,2014,0.9334610104560852,0.8727272727272727,55,5,29,1.791759469228055,0.8727272718545454,0.8450872154753877,0.19805791116698682,0.7859122963203791
SKG_MT_676,2014,0.9405230283737184,0.6666666666666666,12,0,16,0.0,0.6666666659999999,0.8615286560659424,0.0,0.7364033924461596
SKG_SUM_43,2014,0.9290918111801147,0.8544303797468354,158,52,30,3.970291913552122,0.854430378892405,0.8349150619688389,0.4388690204383823,0.7992135212005065
SKG_SUM_40,2014,0.9275614023208618,0.775,40,67,23,4.219507705176107,0.774999999225,0.8313520398082977,0.46641689166025946,0.7835881168768344
SKG_SA_618,2014,0.9299222230911256,0.782608695652174,23,2,9,1.0986122886681098,0.7826086948695652,0.8368483858799102,0.12143865223702852,0.754459474313553
SKG_MT_710,2014,0.9461727142333984,0.8108108108108109,74,15,16,2.772588722239781,0.81081081,0.8746819750606865,0.30647703571983326,0.8050872481144637
SKG_SA_449,2014,0.937894344329834,0.8601398601398601,143,2,13,1.0986122886681098,0.8601398592797201,0.8554086839782266,0.12143865223702852,0.7829579158644054
SKG_SA_460,2014,0.910736083984375,0.8,15,615,23,6.423246963533519,0.7999999992,0.7921801664042676,0.7100143174101553,0.7855275480640027
SKG_MT_1441,2014,0.9110277891159058,0.9615384615384616,26,44,8,3.8066624897703196,0.961538460576923,0.7928592998539361,0.4207817143929766,0.7893873734524375
SKG_MT_317,2014,0.9295294880867004,0.861244019138756,209,15,35,2.772588722239781,0.861244018277512,0.8359340396805094,0.30647703571983326,0.7880503350038423
SKG_MT_319,2014,0.9536226987838744,0.7321428571428571,56,1,28,0.6931471805599453,0.7321428564107142,0.8920266603639281,0.07661925892995831,0.7785091594298883
SKG_MT_1046,2014,0.9386757612228394,0.6415094339622641,106,12,30,2.5649493574615367,0.6415094333207546,0.8572279401133214,0.2835249489189543,0.7567139396353713
SKG_MT_1053,2014,0.937857449054718,0.8333333333333334,54,85,17,4.454347296253507,0.8333333325,0.8553227862247846,0.49237564319298505,0.8146301811766478
SKG_MT_331,2014,0.9469666481018066,0.7419354838709677,62,27,27,3.332204510175204,0.7419354831290322,0.8765303725984029,0.3683359715413411,0.7987919545988226
SKG_MT_1030,2014,0.939444899559021,0.6666666666666666,60,8,29,2.1972245773362196,0.6666666659999999,0.8590186099201302,0.24287730447405703,0.7589340905914969
SKG_MT_359,2014,0.9293974041938782,0.8461538461538461,52,4,12,1.6094379124341003,0.8461538453076922,0.835626528498559,0.17790440991891962,0.7719597800024217
SKG_PAR_185,2014,0.9371232986450196,0.8461538461538461,91,423,21,6.049733455231958,0.8461538453076922,0.8536135735767328,0.6687267972282572,0.8336329502880772
SKG_PAR_212,2014,0.9168245196342468,0.847457627118644,59,44,25,3.8066624897703196,0.8474576262711864,0.8063549609451929,0.4207817143929766,0.77601816935517
SKG_MT_1403,2014,0.9398483037948608,0.8300970873786407,206,5,19,1.791759469228055,0.8300970865485436,0.859957795696051,0.19805791116698682,0.7877956654136431
SKG_MT_1367,2014,0.93072909116745,0.8080808080808081,99,63,28,4.1588830833596715,0.8080808072727272,0.8387268962003354,0.4597155535797498,0.7946965441527551
SKG_MT_1474,2014,0.9439815282821656,0.8015873015873016,126,119,52,4.787491742782046,0.8015873007857143,0.86958056437889,0.529200838945823,0.8219439391169481
SKG_QA_404,2014,0.9371232986450196,0.8461538461538461,91,423,21,6.049733455231958,0.8461538453076922,0.8536135735767328,0.6687267972282572,0.8336329502880772
SKG_MT_1009,2014,0.9456993937492372,0.8571428571428571,70,73,29,4.30406509320417,0.8571428562857142,0.8735800137358364,0.47576371523462563,0.8305109523956908
SKG_SA_530,2014,0.9416950345039368,0.7887323943661971,71,91,14,4.5217885770490405,0.7887323935774647,0.8642572627314166,0.4998304826567576,0.8127096108931603
SKG_MT_586,2014,0.9503926038742064,0.8324607329842932,191,6,19,1.9459101490553132,0.8324607321518325,0.8845065132645339,0.2150974536814245,0.8071564510836826
SKG_MT_590,2014,0.9370393753051758,0.76,100,10,49,2.3978952727983707,0.75999999924,0.8534181874105835,0.2650590869388559,0.7758986397292941
SKG_MT_598,2014,0.937218964099884,0.8557692307692307,104,1,32,0.6931471805599453,0.8557692299134614,0.8538362971539123,0.07661925892995831,0.7765011798834268
SKG_MT_394,2014,0.944144070148468,0.7627118644067796,59,9,24,2.302585092994046,0.7627118636440677,0.8699589863072195,0.25452366884887795,0.786966030028755
SKG_MT_1316,2014,0.891440749168396,0.8380952380952381,105,28,30,3.367295829986474,0.8380952372571429,0.7472577228828973,0.372214903742496,0.7279209438437062
SKG_MT_169,2014,0.9430434107780457,0.8709677419354839,62,133,25,4.897839799950911,0.870967741064516,0.8673964856366885,0.5413985173058635,0.8355109398891715
SKG_MT_1206,2014,0.9268969297409058,0.8,10,24,12,3.2188758248682006,0.7999999992,0.8298050476348395,0.35580881983783924,0.7764444151681716
SKG_MT_1213,2014,0.9386996030807496,0.8148148148148148,81,36,30,3.6109179126442243,0.8148148139999999,0.8572834475468867,0.39914445630466727,0.8029758217132874
SKG_PAR_113,2014,0.9312899708747864,0.6470588235294118,17,11,13,2.4849066497880004,0.647058822882353,0.8400327085749534,0.27467717009694514,0.7449023775886325
SKG_MT_1060,2014,0.9512872695922852,0.8076923076923077,26,34,21,3.5553480614894135,0.8076923068846154,0.886589429709063,0.3930018636003441,0.8214512485333015
SKG_DIA_298,2014,0.9080460667610168,0.8928571428571429,28,32,44,3.4965075614664802,0.8928571419642857,0.7859174014437058,0.38649773917588437,0.7673633833210395
SKG_MT_913,2014,0.9355527758598328,0.8260869565217391,115,39,20,3.6888794541139363,0.8260869556956522,0.8499571601592182,0.40776218670879455,0.8009636219214626
SKG_MT_931,2014,0.9423792958259584,0.8526315789473684,95,89,37,4.499809670330265,0.8526315780947368,0.865850326074734,0.4974009733229349,0.8263616412035546
SKG_SA_36,2014,0.9274041056632996,0.8429319371727748,191,1167,59,7.0630481633881725,0.8429319363298428,0.8309858295153523,0.7807368063276763,0.8283501485594827
SKG_SA_52,2014,0.9252495765686036,0.7338709677419355,124,125,13,4.836281906951478,0.7338709670080644,0.825969761512662,0.5345940170854399,0.7784124281690202
SKG_DIA_211,2014,0.9329360127449036,0.8452380952380952,84,56,40,4.04305126783455,0.845238094392857,0.8438649417882851,0.44691171030525656,0.8044442491608966
SKG_SA_224,2014,0.9324685335159302,0.7777777777777778,27,6,12,1.9459101490553132,0.777777777,0.8427765797846583,0.2150974536814245,0.7670089066174032
SKG_MT_1252,2014,0.923960030078888,0.7272727272727273,22,39,21,3.6888794541139363,0.7272727265454545,0.8229675031997119,0.40776218670879455,0.7623080162197687
SKG_MT_1253,2014,0.9411293268203736,0.8333333333333334,48,123,34,4.820281565605037,0.8333333325,0.8629402101015019,0.5328253677552928,0.8240073503465807
SKG_MT_1347,2014,0.9019412994384766,0.8289473684210527,228,489,29,6.194405391104672,0.8289473675921052,0.7717045843107885,0.6847185762117269,0.7744545401571457
SKG_SA_118,2014,0.9273529052734376,0.7674418604651163,43,79,25,4.382026634673881,0.7674418596976744,0.8308666273017715,0.48438144563875285,0.7835331556146502
SKG_MT_1120,2014,0.9373849630355836,0.8235294117647058,153,6,30,1.9459101490553132,0.8235294109411764,0.8542227676601093,0.2150974536814245,0.7841715649184541
SKG_MT_1127,2014,0.919658660888672,0.9090909090909092,11,66,15,4.204692619390966,0.9090909081818181,0.8129532683416556,0.4647792583759052,0.797363395313113
SKG_MT_252,2014,0.8539897799491882,0.8055555555555556,72,18,63,2.9444389791664403,0.80555555475,0.6600662299331505,0.325473058068228,0.655704777710028
SKG_MT_265,2014,0.9398188591003418,0.78125,96,24,45,3.2188758248682006,0.7812499992187499,0.8598892440155982,0.35580881983783924,0.7937533526384526
SKG_MT_266,2014,0.9554926753044128,0.7547169811320755,106,25,35,3.258096538021482,0.7547169803773585,0.8963802471470198,0.3601442078489126,0.8144239898632768
SKG_MT_1096,2014,0.9329248666763306,0.826530612244898,98,19,38,2.995732273553991,0.8265306114183673,0.8438389920630934,0.33114292777883625,0.7891077095057224
SKG_SA_246,2014,0.9410964846611024,0.8494623655913979,93,30,24,3.4339872044851463,0.8494623647419355,0.8628637486117661,0.3795868498953761,0.8118557819661608
SKG_MT_476,2014,0.933846652507782,0.826530612244898,98,5,13,1.791759469228055,0.8265306114183673,0.8459850482133026,0.19805791116698682,0.7773014471496839
SKG_MT_487,2014,0.9365399479866028,0.7692307692307693,26,56,12,4.04305126783455,0.7692307684615385,0.8522554454459794,0.44691171030525656,0.7951161365350189
SKG_MT_868,2014,0.9369674921035768,0.9056603773584906,159,162,23,5.093750200806762,0.9056603764528302,0.8532508324983852,0.5630541052549055,0.8347130685649262
SKG_SA_260,2014,0.9204610586166382,0.8017241379310345,116,703,21,6.556778356158042,0.8017241371293102,0.8148213710182874,0.7247746405186057,0.8031972511905239
SKG_MT_836,2014,0.9435330629348756,0.8243243243243243,74,9,14,2.302585092994046,0.8243243235,0.8685364695535311,0.25452366884887795,0.7982927602723595
SKG_MT_840,2014,0.9390094876289368,0.7857142857142857,42,21,31,3.091042453358316,0.7857142849285713,0.8580049054146482,0.3416783458688142,0.7919141253628494
SKG_MT_530,2014,0.930432677268982,1.0,4,3,13,1.3862943611198906,0.9999999989999999,0.838036800032538,0.15323851785991663,0.8019496116087683
SKG_SA_278,2014,0.9367548823356628,0.6470588235294118,17,9,22,2.302585092994046,0.647058822882353,0.8527558449595685,0.25452366884887795,0.7517932229330564
SKG_MT_790,2014,0.9217413067817688,0.8235294117647058,102,11,40,2.4849066497880004,0.8235294109411764,0.8178019814321472,0.27467717009694514,0.7646349862004328
SKG_SA_339,2014,0.9240304827690125,0.8888888888888888,45,4,16,1.6094379124341003,0.8888888879999999,0.8231315276658964,0.17790440991891962,0.7717602879580194
SKG_SA_283,2014,0.9274041056632996,0.9069767441860463,43,1167,59,7.0630481633881725,0.9069767432790695,0.8309858295153523,0.7807368063276763,0.8411591099493282
SKG_SA_307,2014,0.9152556657791138,0.827027027027027,185,1073,23,6.97914527506881,0.8270270261999999,0.802702433048028,0.7714623299893041,0.80444334137255
SKG_MT_97,2014,0.9407860040664672,0.6,10,35,17,3.58351893845611,0.5999999993999999,0.8621409030581645,0.39611582233397363,0.7631102142541124
SKG_MT_116,2014,0.9393316507339478,0.7723577235772358,123,6,20,1.9459101490553132,0.772357722804878,0.8587549496106962,0.2150974536814245,0.7771097546566054
SKG_PAR_35,2014,0.7344380617141724,0.868421052631579,114,5,26,1.791759469228055,0.8684210517631579,0.381731836593276,0.19805791116698682,0.4607022870846234
SKG_MT_224,2014,0.9456491470336914,0.8505747126436781,87,7,22,2.0794415416798357,0.8505747117931033,0.8734630318195977,0.2298577767898749,0.8045248423113265
SKG_MT_827,2014,0.9510356783866882,1.0,12,1,41,0.6931471805599453,0.9999999989999999,0.8860036875163677,0.07661925892995831,0.8278645069544531
SKG_MT_828,2014,0.9327204823493958,0.6911764705882353,68,16,14,2.833213344056216,0.6911764698970587,0.8433631545888569,0.31317837380034286,0.7599073395716458
SKG_MT_545,2014,0.9409793615341188,0.7894736842105263,133,60,38,4.110873864173311,0.7894736834210526,0.8625910683443777,0.45440869971230236,0.807149354496505
SKG_MT_560,2014,0.939796268939972,0.7948717948717948,117,21,33,3.091042453358316,0.794871794076923,0.8598366507222955,0.3416783458688142,0.7950278489078728
SKG_MT_770,2014,0.9531439542770386,0.7304347826086957,115,9,47,2.302585092994046,0.7304347818782608,0.8909120710979419,0.25452366884887795,0.7951777730290993
SKG_SA_540,2014,0.9249135851860046,0.9130434782608696,92,36,29,3.6109179126442243,0.9130434773478261,0.8251875230051461,0.39914445630466727,0.8001544072036343
SKG_MT_652,2014,0.9397424459457396,0.8257575757575758,132,99,45,4.605170185988092,0.8257575749318181,0.8597113426910219,0.5090473376977559,0.8178541886398545
SKG_MT_187,2014,0.902751088142395,1.0,4,2,7,1.0986122886681098,0.9999999989999999,0.7735898942918258,0.12143865223702852,0.7536567910279809
SKG_MT_220,2014,0.917352855205536,0.6857142857142857,35,9,18,2.302585092994046,0.6857142850285713,0.8075850056729948,0.25452366884887795,0.7279047278616985
SKG_MT_1158,2014,0.9284906387329102,0.8679245283018868,53,19,29,2.995732273553991,0.8679245274339622,0.8335154420314959,0.33114292777883625,0.790160007686723
SKG_MT_647,2014,0.937717080116272,0.8202247191011236,89,44,31,3.8066624897703196,0.8202247182808988,0.8549959862096703,0.4207817143929766,0.8046203054422467
SKG_SA_556,2014,0.9335881471633912,0.8512396694214877,121,241,21,5.488937726156687,0.8512396685702479,0.8453832088648736,0.6067374328076701,0.822689923200228
SKG_SA_517,2014,0.910736083984375,0.8421052631578947,57,615,23,6.423246963533519,0.8421052623157893,0.7921801664042676,0.7100143174101553,0.7939486006871606
SKG_DIA_64,2014,0.9244038462638856,0.8961038961038961,77,8,31,2.1972245773362196,0.8961038952077921,0.8240007740755254,0.24287730447405703,0.7803090513418319
SKG_SA_490,2014,0.9348582029342652,0.8461538461538461,195,125,31,4.836281906951478,0.8461538453076922,0.8483400898508844,0.5345940170854399,0.8165282336657015
SKG_MT_738,2014,0.92397278547287,0.8404255319148937,94,27,38,3.332204510175204,0.840425531074468,0.8229971996766692,0.3683359715413411,0.7810167431426961
SKG_MT_732,2014,0.932684063911438,0.75,40,7,11,2.0794415416798357,0.7499999992499999,0.8432783669840863,0.2298577767898749,0.7632806344178479
SKG_SA_441,2014,0.9251314997673036,0.7368421052631579,38,11,9,2.4849066497880004,0.7368421045263157,0.825694860947931,0.27467717009694514,0.7528225405785093
SKG_SUM_145,2014,0.9243994951248168,0.8352941176470589,85,19,16,2.995732273553991,0.8352941168117647,0.8239906439688993,0.33114292777883625,0.776966566918466
SKG_SUM_68,2014,0.9337983131408693,0.85,20,37,19,3.6375861597263857,0.8499999991499999,0.8458725068917496,0.4020923169981863,0.8023199863540433
SKG_SUM_22,2014,0.9271745681762696,0.8792134831460674,356,31,29,3.4657359027997265,0.8792134822668538,0.8304514316987048,0.38309629464979156,0.7954683281074433
SKG_SUM_186,2015,0.9152650833129884,0.95,20,15,14,2.772588722239781,0.9499999990499999,0.8027243584842865,0.30647703571983326,0.7825547543209838
SKG_SUM_178,2015,0.926824390888214,0.8849557522123894,113,134,19,4.90527477843843,0.8849557513274336,0.8296361662682176,0.5422203666300052,0.8119585033162395
SKG_SUM_177,2015,0.9451953768730164,0.7529411764705882,170,29,34,3.4011973816621555,0.752941175717647,0.8724065865902707,0.37596232108590644,0.7988690778653095
SKG_SUM_172,2015,0.9271828532218932,0.8541666666666666,48,239,45,5.480638923341991,0.8541666658124999,0.8304707205318682,0.6058200978757814,0.8127448473223858
SKG_MT_668,2015,0.9383308291435242,0.8313253012048193,83,9,23,2.302585092994046,0.831325300373494,0.8564248863182189,0.25452366884887795,0.7912148473823398
SKG_SUM_17,2015,0.9241345524787904,0.8941176470588236,85,145,19,4.983606621708336,0.8941176461647059,0.8233738176134081,0.5508790295378013,0.8102731045161069
SKG_SA_608,2015,0.9219738245010376,0.7209302325581395,43,45,35,3.828641396489095,0.7209302318372092,0.8183433176779904,0.4232112237267993,0.759347491114715
SKG_MT_1293,2015,0.7900733351707458,0.823170731707317,164,18,18,2.9444389791664403,0.8231707308841463,0.5112591266602613,0.325473058068228,0.5550628406458349
SKG_MT_1295,2015,0.9027054905891418,0.8666666666666667,90,5,0,1.791759469228055,0.8666666658,0.7734837363251326,0.19805791116698682,0.7345777397042914
SKG_SUM_129,2015,0.924748420715332,0.7948717948717948,39,2,23,1.0986122886681098,0.794871794076923,0.8248029952591241,0.12143865223702852,0.7484803207204742
SKG_SUM_107,2015,0.9424497485160828,0.8044692737430168,179,37,49,3.6375861597263857,0.8044692729385474,0.8660143505409186,0.4020923169981863,0.807313131666171
SKG_PAR_100,2015,0.9290922284126282,0.7486910994764397,191,181,49,5.204006687076795,0.7486910987277486,0.8349160333489263,0.5752416615303371,0.7917036092428318
SKG_PAR_61,2015,0.9200196266174316,0.7768595041322314,121,20,22,3.044522437723423,0.7768595033553718,0.8137936508858303,0.336536105918453,0.758681066883001
SKG_PAR_67,2015,0.9286469221115112,0.7875647668393783,193,26,28,3.295836866004329,0.7875647660518135,0.8338792932585148,0.3643159567110855,0.7776600541624317
SKG_MT_217,2015,0.941791534423828,0.8165137614678899,109,11,22,2.4849066497880004,0.816513760651376,0.8644819290687709,0.27467717009694514,0.7959078194881093
SKG_MT_221,2015,0.9542441368103028,0.7948717948717948,78,24,58,3.2188758248682006,0.794871794076923,0.8934734616198019,0.35580881983783924,0.8199866639330298
SKG_MT_642,2015,0.9462167024612428,0.7897727272727273,176,14,44,2.70805020110221,0.7897727264829545,0.8747843862756143,0.29934306215594814,0.8002379219051157
SKG_MT_651,2015,0.9416719675064088,0.8333333333333334,72,7,25,2.0794415416798357,0.8333333325,0.8642035592894426,0.2298577767898749,0.7945949356815973
SKG_SA_564,2015,0.943066954612732,0.75,144,9,20,2.302585092994046,0.7499999992499999,0.8674512992273342,0.25452366884887795,0.7826682761940218
SKG_PAR_79,2015,0.9249542355537416,0.8373983739837398,123,52,18,3.970291913552122,0.8373983731463414,0.8252821631793749,0.4388690204383823,0.7890640908986689
SKG_PAR_124,2015,0.9240806698799132,0.7850467289719626,107,94,38,4.553876891600541,0.7850467281869158,0.8232483708135505,0.5033774679871477,0.7836209520055832
SKG_PAR_84,2015,0.926963210105896,0.8620689655172413,87,9,25,2.302585092994046,0.8620689646551722,0.8299593583001503,0.25452366884887795,0.7788377106260275
SKG_MT_1118,2015,0.7844511270523071,0.875,32,2,15,1.0986122886681098,0.8749999991249999,0.4981697799827008,0.12143865223702852,0.5358627110365933
SKG_MT_262,2015,0.9448484182357788,0.8333333333333334,90,2,34,1.0986122886681098,0.8333333325,0.8715988146633152,0.12143865223702852,0.7889297019880234
SKG_MT_1108,2015,0.9416831731796264,0.845360824742268,97,6,22,1.9459101490553132,0.8453608238969071,0.8642296477832176,0.2150974536814245,0.7955426635957762
SKG_PAR_116,2015,0.934484839439392,0.8214285714285714,84,29,27,3.4011973816621555,0.8214285706071428,0.847470843441255,0.37596232108590644,0.7951115366388977
SKG_MT_296,2015,0.9319493174552916,0.819672131147541,61,9,28,2.302585092994046,0.8196721303278688,0.8415677666501948,0.25452366884887795,0.7784842296055979
SKG_MT_1085,2015,0.9302794337272644,0.7209302325581395,86,10,26,2.3978952727983707,0.7209302318372092,0.8376800260032984,0.2650590869388559,0.7570679732636362
SKG_QA_168,2015,0.9286983609199524,0.7857142857142857,56,372,29,5.921578419643816,0.7857142849285713,0.8339990505464314,0.6545607670830091,0.8063982690765171
SKG_QA_107,2015,0.9272851943969728,0.8555555555555555,180,58,23,4.07753744390572,0.8555555546999999,0.8307089861904468,0.45072375099157447,0.7976797763724701
SKG_QA_28,2015,0.9147764444351196,1.0,2,14,13,2.70805020110221,0.9999999989999999,0.8015867336333703,0.29934306215594814,0.791045019558954
SKG_QA_15,2015,0.9253597259521484,0.8343949044585988,157,454,27,6.12029741895095,0.8343949036242038,0.8262262058557323,0.6765268125192984,0.8128900060757831
SKG_MT_1456,2015,0.9251357913017272,0.6666666666666666,42,5,37,1.791759469228055,0.6666666659999999,0.8257048522859722,0.19805791116698682,0.7311325209168792
SKG_MT_615,2015,0.9213330149650574,0.7651006711409396,149,72,28,4.290459441148391,0.7651006703758388,0.8168514166323455,0.474259770607843,0.772242102778594
SKG_QA_155,2015,0.9490798115730286,0.775,120,178,30,5.187385805840755,0.774999999225,0.8814501352038581,0.5734044188223173,0.8293555363699324
SKG_MT_304,2015,0.9258716702461244,0.7545454545454545,110,4,29,1.6094379124341003,0.754545453790909,0.8274180892229583,0.17790440991891962,0.7478921942061446
SKG_MT_320,2015,0.9226373434066772,0.7142857142857143,35,4,58,1.6094379124341003,0.7142857135714286,0.819888089554106,0.17790440991891962,0.7345692463940519
SKG_MT_1035,2015,0.9700798988342284,0.5882352941176471,102,3,32,1.3862943611198906,0.5882352935294117,0.9303414989937137,0.15323851785991663,0.7842099597874735
SKG_MT_1045,2015,0.9346540570259094,0.8395061728395061,81,9,28,2.302585092994046,0.8395061719999999,0.8478648074509832,0.25452366884887795,0.7868589665005761
SKG_QA_298,2015,0.921428680419922,0.8933333333333333,75,62,10,4.143134726391533,0.8933333324399999,0.8170741402095256,0.4579747581554815,0.7964160404502161
SKG_MT_1032,2015,0.9324204325675964,0.7719298245614035,57,36,27,3.6109179126442243,0.7719298237894736,0.8426645935374407,0.39914445630466727,0.78416562586457
SKG_QA_256,2015,0.9221210479736328,0.8977272727272727,88,112,30,4.727387818712341,0.8977272718295454,0.8186860760802547,0.5225570578699437,0.8048814134090817
SKG_QA_269,2015,0.9284855127334596,0.7894736842105263,38,43,16,3.784189633918261,0.7894736834210526,0.8335035079332797,0.4182976047987725,0.7831769527173835
SKG_MT_18,2015,0.9289509057998656,0.875,32,65,44,4.189654742026425,0.8749999991249999,0.8345870130364691,0.4631169981058426,0.8055226087611126
SKG_MT_24,2015,0.943223774433136,0.7888888888888889,90,47,29,3.871201010907891,0.7888888880999999,0.8678163993716081,0.42791568795686175,0.8080408259758118
SKG_MT_1380,2015,0.9372695684432985,0.7608695652173914,46,14,20,2.70805020110221,0.7608695644565218,0.8539541116816545,0.29934306215594814,0.7798760972840572
SKG_MT_48,2015,0.9403510093688964,0.5121951219512195,41,9,18,2.302585092994046,0.5121951214390243,0.86112816993277,0.25452366884887795,0.7306811101256316
SKG_MT_1004,2015,0.9431639909744264,0.75,80,66,33,4.204692619390966,0.7499999992499999,0.867677214481944,0.4647792583759052,0.8038519758249514
SKG_QA_352,2015,0.9405442476272584,0.7663551401869159,107,74,16,4.31748811353631,0.7663551394205607,0.8615780576818153,0.47724747207486773,0.8041004154688696
SKG_QA_356,2015,0.9264686703681946,0.9411764705882352,17,141,24,4.955827057601261,0.9411764696470586,0.8288079953594272,0.5478083258330528,0.8231817232643159
SKG_QA_328,2015,0.9224637150764464,0.8194444444444444,72,18,23,2.9444389791664403,0.8194444436249999,0.8194838566691682,0.325473058068228,0.7700748942002404
SKG_QA_446,2015,0.9332946538925172,0.7457627118644068,59,21,22,3.091042453358316,0.745762711118644,0.8446999123576877,0.3416783458688142,0.7746103154609916
SKG_MT_378,2015,0.9381275177001952,0.8695652173913043,46,14,45,2.70805020110221,0.869565216521739,0.8559515466784926,0.29934306215594814,0.8030134321948874
SKG_MT_384,2015,0.9294143915176392,0.8080808080808081,99,20,24,3.044522437723423,0.8080808072727272,0.8356660775449741,0.336536105918453,0.7802360263278727
SKG_MT_971,2015,0.9511510133743286,0.8135593220338984,177,4,35,1.6094379124341003,0.8135593212203389,0.8862722047262387,0.17790440991891962,0.8008928485443269
SKG_MT_976,2015,0.9170228838920592,0.7567567567567568,74,10,38,2.3978952727983707,0.756756756,0.8068167827924538,0.2650590869388559,0.7426290078486032
SKG_QA_423,2015,0.9340287446975708,0.853448275862069,116,39,27,3.6888794541139363,0.8534482750086206,0.8464089862371557,0.40776218670879455,0.8039521640386126
SKG_SA_531,2015,0.9357995986938475,0.9,90,24,30,3.2188758248682006,0.8999999991,0.8505318008652002,0.35580881983783924,0.8109531424094241
SKG_SA_535,2015,0.9335702061653136,0.7974683544303798,158,534,25,6.282266746896006,0.7974683536329114,0.8453414395211154,0.6944306145177548,0.8206757398431385
SKG_MT_699,2015,0.9250738024711608,0.8926553672316384,177,51,42,3.9512437185814275,0.892655366338983,0.8255605329587031,0.43676346677887096,0.8000997930167759
SKG_SA_9,2015,0.9291566610336304,0.7862595419847328,131,66,29,4.204692619390966,0.7862595411984732,0.8350660421881358,0.4647792583759052,0.7882760636089803
SKG_MT_401,2015,0.9364083409309388,0.7333333333333333,45,414,20,6.028278520230698,0.7333333325999999,0.8519490444127006,0.6663552067979838,0.8096665182886889
SKG_MT_405,2015,0.9349185824394226,0.7987421383647799,159,9,33,2.302585092994046,0.7987421375660377,0.8484806624263876,0.25452366884887795,0.7791372580965668
SKG_MT_165,2015,0.9389209747314452,0.8026315789473685,76,49,29,3.912023005428146,0.8026315781447368,0.8577988340675378,0.43242807876779754,0.8042283073530034
SKG_MT_171,2015,0.9251662492752076,0.82,100,6,13,1.9459101490553132,0.8199999991799999,0.8257757630323521,0.2150974536814245,0.7635527793267889
SKG_MT_959,2015,0.9165172576904296,0.8014184397163121,141,612,24,6.418364935936212,0.8014184389148936,0.8056396088951229,0.7094746667456613,0.7951788806841308
SKG_QA_438,2015,0.922710120677948,0.8383838383838383,99,102,22,4.634728988229636,0.8383838375454544,0.8200575259950633,0.5123147152275538,0.7929485072283906
SKG_MT_428,2015,0.9440857172012328,0.7301587301587301,126,6,34,1.9459101490553132,0.7301587294285713,0.8698231318635687,0.2150974536814245,0.7764176835583548
SKG_MT_429,2015,0.933484673500061,0.8118811881188119,101,3,19,1.3862943611198906,0.8118811873069307,0.845142306603201,0.15323851785991663,0.7692997038696185
SKG_MT_437,2015,0.940869152545929,0.675,40,25,32,3.258096538021482,0.674999999325,0.8623344852327229,0.3601442078489126,0.7746485603127973
SKG_MT_441,2015,0.9287339448928832,0.7272727272727273,88,867,24,6.7661917146603505,0.7272727265454545,0.8340818953910271,0.7479228214367173,0.8041041542264815
SKG_DIA_300,2015,0.935154139995575,0.9078947368421052,76,838,54,6.732210706467206,0.9078947359342104,0.8490290758700104,0.7441666211109101,0.8503159624069403
SKG_MT_900,2015,0.9238847494125366,0.7714285714285715,35,20,20,3.044522437723423,0.7714285706571429,0.8227922384782299,0.336536105918453,0.7638938916580348
SKG_MT_471,2015,0.9376755952835084,0.7662337662337663,77,6,16,1.9459101490553132,0.7662337654675324,0.8548994032752674,0.2150974536814245,0.7731860807543361
SKG_DIA_275,2015,0.9331413507461548,0.7906976744186046,86,18,18,2.9444389791664403,0.7906976736279069,0.8443429995598641,0.325473058068228,0.781726940224309
SKG_SA_107,2015,0.9455803036689758,0.8584905660377359,106,11,21,2.4849066497880004,0.8584905651792453,0.8733027541051787,0.27467717009694514,0.8104777579191685
SKG_SA_114,2015,0.9314966201782228,0.75,76,14,19,2.70805020110221,0.7499999992499999,0.8405138192553788,0.29934306215594814,0.76829397954436
SKG_SA_65,2015,0.9055344462394714,1.0,4,21,12,3.091042453358316,0.9999999989999999,0.7800699708547947,0.3416783458688142,0.7802168139852377
SKG_SA_78,2015,0.9374345541000366,0.8461538461538461,39,28,21,3.367295829986474,0.8461538453076922,0.8543382231219244,0.372214903742496,0.8044890156211351
SKG_MT_1254,2015,0.9516361951828004,0.6385542168674698,83,4,37,1.6094379124341003,0.6385542162289155,0.8874017809992879,0.17790440991891962,0.7666825309371765
SKG_MT_1333,2015,0.9205471277236938,0.6619718309859155,71,12,11,2.5649493574615367,0.6619718303239436,0.8150217528534572,0.2835249489189543,0.7312620879541042
SKG_MT_1346,2015,0.7576358914375305,0.8416666666666667,120,96,9,4.574710978503383,0.8416666658249999,0.4357398756091591,0.5056804309706926,0.5239192891884806
SKG_SA_143,2015,0.9366869926452636,0.8778625954198473,262,1512,56,7.321849713788356,0.8778625945419847,0.8525977875424917,0.8093442703089445,0.8533253972190357
SKG_SA_240,2015,0.9270334243774414,0.7777777777777778,99,247,32,5.5134287461649825,0.777777777,0.8301228276919995,0.609444626685251,0.7975859974529247
SKG_MT_854,2015,0.9340699315071106,0.7017543859649122,57,2,32,1.0986122886681098,0.7017543852631578,0.8465048753286393,0.12143865223702852,0.7450481550063819
SKG_MT_839,2015,0.9297745823860168,0.8169934640522876,153,5,15,1.791759469228055,0.816993463235294,0.8365046560975582,0.19805791116698682,0.7687577430320482
SKG_SA_266,2015,0.9465797543525696,0.7818181818181819,220,18,59,2.9444389791664403,0.7818181810363636,0.875629625720226,0.325473058068228,0.8018516800182538
SKG_SA_366,2015,0.9299308061599731,0.75,16,83,38,4.430816798843313,0.7499999992499999,0.8368683685559933,0.4897746237783696,0.7847853202170323
SKG_SA_313,2015,0.9397709965705872,0.8095238095238095,63,38,28,3.6635616461296463,0.8095238087142856,0.8597778128427163,0.4049636011559828,0.8042455908483568
SKG_SA_321,2015,0.9299396276474,0.7717391304347826,92,16,22,2.833213344056216,0.7717391296630434,0.8368889063064127,0.31317837380034286,0.7714878977271317
SKG_SA_323,2015,0.9490636587142944,0.8494623655913979,93,245,38,5.5053315359323625,0.8494623647419355,0.8814125289176177,0.6085495754395369,0.8477362007346732
SKG_SA_334,2015,0.9280017614364624,0.7672413793103449,116,115,32,4.7535901911063645,0.7672413785431034,0.8323772621062443,0.5254534216024126,0.788657701343233
SKG_SA_293,2015,0.9313662648200988,0.9130434782608696,115,91,26,4.5217885770490405,0.9130434773478261,0.8402103323623613,0.4998304826567576,0.8207389763888939
SKG_SA_382,2015,0.917953610420227,1.0,4,375,9,5.929589143389895,0.9999999989999999,0.8089836542302501,0.6554462582660237,0.8318331835877775
SKG_SA_393,2015,0.9426290392875672,0.7727272727272727,66,14,16,2.70805020110221,0.7727272719545454,0.866431766441328,0.29934306215594814,0.7909819971154334
SKG_MT_108,2015,0.9238309860229492,0.75,44,119,15,4.787491742782046,0.7499999992499999,0.8226670692155407,0.529200838945823,0.7787870321954606
SKG_MT_109,2015,0.9416676759719848,0.7755102040816326,49,1,34,0.6931471805599453,0.7755102033061223,0.8641935679514005,0.07661925892995831,0.7676994641202006
SKG_SA_401,2015,0.9217155575752258,0.8253968253968254,189,22,35,3.1354942159291497,0.8253968245714285,0.817742033403897,0.34659196479684096,0.7721579847766975
SKG_MT_809,2015,0.9438775777816772,0.8742857142857143,175,8489,20,9.046644279305394,0.8742857134114286,0.869338551968546,0.9999999998894618,0.883394129049214
SKG_MT_810,2015,0.9433525800704956,0.84375,224,5,34,1.791759469228055,0.8437499991562499,0.8681162782814434,0.19805791116698682,0.796237185744959
SKG_MT_815,2015,0.947182834148407,0.9008264462809916,121,10,25,2.3978952727983707,0.9008264453801651,0.8770336862522541,0.2650590869388559,0.8205947781464964
SKG_SA_415,2015,0.9384573101997375,0.8333333333333334,114,201,13,5.308267697401205,0.8333333325,0.8567193532532815,0.5867664885373397,0.825046862631031
SKG_MT_555,2015,0.9175397157669068,0.9090909090909092,11,95,18,4.564348191467836,0.9090909081818181,0.808020045183561,0.50453494688682,0.7978857079535383
SKG_SA_432,2015,0.92239248752594,0.8846153846153846,26,30,33,3.4339872044851463,0.8846153837307691,0.8193180282113931,0.3795868498953761,0.7884043814836665
SKG_SA_542,2015,0.9108344316482544,0.7575757575757576,33,29,26,3.4011973816621555,0.7575757568181818,0.7924091345677234,0.37596232108590644,0.7437977776696334
SKG_SA_545,2015,0.9323848485946656,0.7777777777777778,9,1,13,0.6931471805599453,0.777777777,0.8425817486928451,0.07661925892995831,0.7530247053779874
SKG_DIA_40,2015,0.9336131811141968,0.7586206896551724,29,3,20,1.3862943611198906,0.7586206888965517,0.8454414916701167,0.15323851785991663,0.7588570337343837
SKG_SA_509,2015,0.9258068203926086,0.8247422680412371,97,71,30,4.276666119016055,0.8247422672164947,0.8272671090036611,0.47273508126393193,0.7913089378722548
SKG_SA_437,2015,0.9278286695480348,0.8035714285714286,168,376,51,5.932245187448011,0.8035714277678571,0.8319742781385623,0.6557398526614503,0.80867026551671
SKG_SA_592,2015,0.9390878677368164,0.8541666666666666,48,8,14,2.1972245773362196,0.8541666658124999,0.8581873861024935,0.24287730447405703,0.795852233881651
SKG_SA_596,2015,0.9205344915390016,0.7978723404255319,94,266,16,5.58724865840025,0.7978723396276595,0.8149923339136681,0.6176045487456302,0.7918295565396626
SKG_SA_458,2015,0.933605968952179,0.8627450980392157,51,11,29,2.4849066497880004,0.8627450971764705,0.8454247006714632,0.27467717009694514,0.7918140269150129
SKG_SA_410,2015,0.9320023655891418,0.8518518518518519,27,163,31,5.099866427824199,0.8518518509999999,0.8416912706898774,0.5637301821324668,0.8159272778961608
SKG_SUM_136,2015,0.9253082275390624,0.8102189781021898,137,159,56,5.075173815233827,0.8102189772919708,0.8261063097992315,0.5610007045687111,0.7964182827747274
SKG_SUM_92,2015,0.9295283555984496,0.8651685393258427,89,69,27,4.248495242049359,0.8651685384606741,0.8359314030774149,0.46962112253030247,0.8051478020993555
SKG_SUM_64,2015,0.8876202702522278,0.8275862068965517,29,6,28,1.9459101490553132,0.8275862060689655,0.7383630729598483,0.2150974536814245,0.7038811376538293
SKG_SUM_190,2016,0.946401298046112,0.8764044943820225,89,99,42,4.605170185988092,0.8764044935056179,0.8752141525799911,0.5090473376977559,0.8388355392768929
SKG_MT_673,2016,0.9243429899215698,0.8108108108108109,111,182,38,5.209486152841421,0.81081081,0.8238590913513504,0.5758473519493309,0.7964482611408783
SKG_SUM_217,2016,0.9215534925460817,0.8688524590163934,61,24,27,3.2188758248682006,0.8688524581475409,0.8173647216242387,0.35580881983783924,0.7815066787502591
SKG_MT_658,2016,0.943590760231018,0.7647058823529411,170,445,31,6.100318952020064,0.7647058815882352,0.8686707975427581,0.6743184282486381,0.8284425774224414
SKG_SUM_197,2016,0.919026017189026,0.9230769230769232,13,27,26,3.332204510175204,0.9230769221538463,0.8114803785920067,0.3683359715413411,0.7894852465993081
SKG_SUM_85,2016,0.942388653755188,0.8269230769230769,104,922,25,6.827629234502852,0.8269230760961537,0.865872112742408,0.7547140158220488,0.8469664957211213
SKG_SUM_78,2016,0.9335027933120728,0.8529411764705882,68,13,33,2.6390573296152584,0.8529411756176469,0.8451844922527105,0.29171671261138277,0.791389050961565
SKG_SUM_128,2016,0.929956078529358,0.8596491228070176,57,25,27,3.258096538021482,0.8596491219473683,0.8369272064355725,0.3601442078489126,0.7937932896792657
SKG_SA_617,2016,0.9342864751815796,0.8888888888888888,9,13,14,2.6390573296152584,0.8888888879999999,0.8470090215939939,0.29171671261138277,0.799855763976934
SKG_SUM_108,2016,0.9737148284912108,0.7821782178217822,101,48,49,3.8918202981106265,0.7821782170396039,0.9388041623150426,0.430194907362849,0.8566180477647355
SKG_MT_1311,2016,0.9714692831039428,0.801980198019802,101,2,28,1.0986122886681098,0.8019801972178218,0.9335761946847175,0.12143865223702852,0.8260432409465694
SKG_MT_1304,2016,0.9393514394760132,0.7246376811594203,69,14,34,2.70805020110221,0.7246376804347825,0.8588010207805552,0.29934306215594814,0.77602255684894
SKG_MT_999,2016,0.9443270564079284,0.8125,112,21,41,3.091042453358316,0.8124999991874999,0.870385005859831,0.3416783458688142,0.805937338526263
SKG_MT_1219,2016,0.937630534172058,0.7142857142857143,98,402,27,5.998936561946683,0.7142857135714286,0.8547944942258289,0.6631117988143304,0.807524468553799
SKG_SA_463,2016,0.9426835179328918,0.6808510638297872,47,11,17,2.4849066497880004,0.6808510631489361,0.866558600927024,0.27467717009694514,0.7702289502883986
SKG_SA_504,2016,0.9391423463821412,0.8656716417910447,134,20,42,3.044522437723423,0.865671640925373,0.8583142205881898,0.336536105918453,0.8076078931886528
SKG_SA_497,2016,0.9496183395385742,0.8577981651376146,218,423,51,6.049733455231958,0.8577981642798164,0.8827039093595088,0.6687267972282572,0.8563250491304452
SKG_MT_698,2016,0.9592517614364624,0.7894736842105263,171,3,43,1.3862943611198906,0.7894736834210526,0.9051319654286388,0.15323851785991663,0.8068109642702493
SKG_SA_462,2016,0.9470115900039672,0.8064516129032258,155,21,11,3.091042453358316,0.8064516120967741,0.8766350041106727,0.3416783458688142,0.8091026598837071
SKG_MT_731,2016,0.9641974568367004,0.7073170731707317,82,160,39,5.081404364984463,0.7073170724634146,0.9166462886787908,0.5616894184782655,0.839284758415663
SKG_DIA_86,2016,0.9376104474067688,0.8108108108108109,111,4,27,1.6094379124341003,0.81081081,0.8547477292130506,0.17790440991891962,0.7782760134410274
SKG_SA_493,2016,0.93747079372406,0.8114035087719298,228,340,27,5.831882477283517,0.8114035079605262,0.854422594420943,0.644645936834232,0.8248411113701886
SKG_DIA_153,2016,0.9388028383255004,0.8492063492063492,126,73,44,4.30406509320417,0.8492063483571428,0.8575237947342229,0.47576371523462563,0.8176842975088472
SKG_SA_385,2016,0.9333661794662476,0.8294573643410853,129,126,24,4.844187086458591,0.8294573635116279,0.8448664346583827,0.5354678415956312,0.8108447611227566
SKG_DIA_109,2016,0.9320858120918274,0.8586956521739131,92,60,0,4.110873864173311,0.8586956513152174,0.841885546707355,0.45440869971230236,0.8064998829294222
SKG_SA_431,2016,0.9379597902297974,0.8518518518518519,54,4,16,1.6094379124341003,0.8518518509999999,0.8555610518833626,0.17790440991891962,0.7870535475102458
SKG_SA_427,2016,0.9502446055412292,0.8256880733944955,109,38,11,3.6635616461296463,0.8256880725688073,0.884161950870679,0.4049636011559828,0.824547340238835
SKG_SA_426,2016,0.9457508325576782,0.7578947368421053,95,5,45,1.791759469228055,0.7578947360842105,0.8736997710237527,0.19805791116698682,0.7829745780501676
SKG_MT_574,2016,0.9370369911193848,0.813953488372093,129,191,32,5.2574953720277815,0.8139534875581395,0.853412636667227,0.5811542058167783,0.8182949637603646
SKG_MT_2,2016,0.94842129945755,0.827906976744186,215,102,22,4.634728988229636,0.8279069759162789,0.8799170198887911,0.5123147152275538,0.8327547806281649
SKG_MT_1,2016,0.9418050050735474,0.8433048433048433,351,57,23,4.060443010546419,0.8433048424615385,0.8645132907687354,0.4488341626724543,0.8187036882976679
SKG_MT_201,2016,0.9408456087112428,0.8345864661654135,133,199,36,5.298317366548036,0.834586465330827,0.8622796716420776,0.5856665966277141,0.8290797228783912
SKG_MT_1190,2016,0.9454105496406556,0.8297872340425532,47,2,24,1.0986122886681098,0.8297872332127658,0.8729075411781957,0.12143865223702852,0.789136590690993
SKG_SA_309,2016,0.9352682828903198,0.803921568627451,102,11,29,2.4849066497880004,0.8039215678235294,0.8492948177082031,0.27467717009694514,0.7827584029701425
SKG_DIA_158,2016,0.928792119026184,0.7555555555555555,90,69,35,4.248495242049359,0.7555555547999999,0.8342173335289258,0.46962112253030247,0.7820253566832782
SKG_SA_369,2016,0.9207264184951782,0.797752808988764,89,3,7,1.3862943611198906,0.7977528081910111,0.8154391687538666,0.15323851785991663,0.7456818315519005
SKG_SA_354,2016,0.9366445541381836,0.7840909090909091,88,3,6,1.3862943611198906,0.784090908306818,0.8524989843107461,0.15323851785991663,0.7688913224648776
SKG_SA_252,2016,0.929382026195526,0.7428571428571429,35,23,5,3.1780538303479458,0.7428571421142857,0.8355907262039093,0.35129642902690345,0.768614579668284
SKG_SA_238,2016,0.9349491000175476,0.7169811320754716,106,2305,37,7.743269700829004,0.7169811313584905,0.8485517119413509,0.8559272876116236,0.8229751533918062
SKG_SA_275,2016,0.9333416223526,0.7732558139534884,172,1027,48,6.93537044601511,0.7732558131802325,0.8448092620018104,0.7666235380906331,0.822679999846377
SKG_SA_269,2016,0.9318457841873168,0.8227848101265823,79,37,12,3.6375861597263857,0.8227848093037975,0.8413267256199386,0.4020923169981863,0.7936949014945351
SKG_MT_513,2016,0.9526306986808776,0.768,125,6,26,1.9459101490553132,0.7679999992319999,0.8897171348218699,0.2150974536814245,0.7979117395898513
SKG_DIA_204,2016,0.9333661794662476,0.8294573643410853,129,126,24,4.844187086458591,0.8294573635116279,0.8448664346583827,0.5354678415956312,0.8108447611227566
SKG_PAR_9,2016,0.9198229908943176,0.8048780487804879,41,14,11,2.70805020110221,0.8048780479756097,0.8133358533275025,0.29934306215594814,0.7602450131399684
SKG_PAR_7,2016,0.9237077832221984,0.900709219858156,141,20,59,3.044522437723423,0.9007092189574467,0.822380234552593,0.336536105918453,0.7894616185701497
SKG_PAR_36,2016,0.9317291378974916,0.8666666666666667,135,6,23,1.9459101490553132,0.8666666658,0.841055155501222,0.2150974536814245,0.7835816873789978
SKG_MT_1166,2016,0.923287034034729,0.8163265306122449,49,1,26,0.6931471805599453,0.8163265297959184,0.8214006671187539,0.07661925892995831,0.7459076988353072
SKG_MT_1160,2016,0.9459717869758606,0.822429906542056,107,124,22,4.8283137373023015,0.822429905719626,0.8742141861643169,0.533713229756759,0.8298072344346229
SKG_MT_215,2016,0.9421426057815552,0.7625,80,50,27,3.9318256327243257,0.7624999992374999,0.8652992760280166,0.43461702603737135,0.8016711956708487
SKG_SA_160,2016,0.942427933216095,0.7681159420289855,138,90,26,4.51085950651685,0.7681159412608695,0.8659635612392065,0.49862240260037877,0.8096599213796563
SKG_DIA_245,2016,0.9127756357192992,0.9444444444444444,18,73,10,4.30406509320417,0.9444444434999999,0.7969285498085903,0.47576371523462563,0.7943152450894757
SKG_SA_193,2016,0.9405913352966307,0.7352941176470589,68,60,32,4.110873864173311,0.7352941169117647,0.8616876848631058,0.45440869971230236,0.7956810727577572
SKG_SA_190,2016,0.9301494359970092,0.8865979381443299,97,28,18,3.367295829986474,0.8865979372577318,0.8373773717217846,0.372214903742496,0.8007052380310452
SKG_DIA_267,2016,0.9440401196479796,0.8303571428571429,112,172,50,5.153291594497779,0.8303571420267857,0.8697169738968755,0.5696357052212753,0.8318368806552975
SKG_MT_901,2016,0.9159606695175172,0.7560975609756098,82,1,38,0.6931471805599453,0.7560975602195121,0.8043437878585471,0.07661925892995831,0.7219220894378812
SKG_MT_897,2016,0.9673352241516112,0.8666666666666667,105,51,23,3.9512437185814275,0.8666666658,0.9239514832417041,0.43676346677887096,0.8637757181070799
SKG_MT_895,2016,0.9384377598762512,0.8465909090909091,176,732,27,6.597145701886651,0.846590908244318,0.8566738371577581,0.7292367752591624,0.8419135451852104
SKG_MT_459,2016,0.9470346570014954,0.7654320987654321,162,147,20,4.997212273764115,0.7654320979999999,0.8766887075526473,0.5523829741645838,0.8220068123033114
SKG_DIA_260,2016,0.9108562469482422,0.8333333333333334,12,24,40,3.2188758248682006,0.8333333325,0.7924599238694354,0.35580881983783924,0.7569694951923887
SKG_MT_1138,2016,0.9262222051620485,0.8775510204081632,49,5,13,1.791759469228055,0.8775510195306121,0.8282341872649486,0.19805791116698682,0.775079926108285
SKG_MT_241,2016,0.9484211802482604,0.823943661971831,142,102,22,4.634728988229636,0.8239436611478873,0.879916742351623,0.5123147152275538,0.831961923398469
SKG_MT_237,2016,0.9415037035942078,0.8163265306122449,49,8,28,2.1972245773362196,0.8163265297959184,0.863811815577057,0.24287730447405703,0.7922213073105292
SKG_MT_230,2016,0.9456451535224916,0.6904761904761905,42,0,17,0.0,0.6904761897857142,0.8734537343244758,0.0,0.7495128519842759
SKG_SA_17,2016,0.9396945238113404,0.7862595419847328,131,185,46,5.225746673713202,0.7862595411984732,0.8595997727495566,0.577644761062363,0.8167362252706204
SKG_SA_8,2016,0.9280512928962708,0.7801857585139319,323,6,29,1.9459101490553132,0.7801857577337461,0.8324925787994758,0.2150974536814245,0.7602917020745247
SKG_SA_41,2016,0.9440622329711914,0.8068965517241379,145,109,21,4.700480365792417,0.8068965509172412,0.8697684570415074,0.5195827557877338,0.8221755056912768
SKG_SA_26,2016,0.9330215454101562,0.9130434782608696,69,0,14,0.0,0.9130434773478261,0.8440640747061997,0.0,0.7734535477639051
SKG_MT_905,2016,0.9346609115600586,0.7731958762886598,97,38,25,3.6635616461296463,0.7731958755154639,0.8478807658381332,0.4049636011559828,0.7886520713053843
SKG_MT_431,2016,0.8768914937973022,1.0,2,25,16,3.258096538021482,0.9999999989999999,0.7133848666241556,0.3601442078489126,0.7353838272218002
SKG_SA_89,2016,0.9358254671096802,0.9052631578947368,95,8,13,2.1972245773362196,0.9052631569894736,0.8505920264306186,0.24287730447405703,0.8007547803467334
SKG_SA_85,2016,0.937578558921814,0.8571428571428571,105,49,19,3.912023005428146,0.8571428562857142,0.8546734880206573,0.43242807876779754,0.8129428207483826
SKG_QA_470,2016,0.8411714434623718,0.8392857142857143,112,67,31,4.219507705176107,0.8392857134464285,0.630223213351232,0.46641689166025946,0.655655081201174
SKG_DIA_310,2016,0.9312888979911804,0.8921568627450981,102,1047,56,6.954638864880987,0.8921568618529412,0.8400302107404429,0.7687534349085974,0.8433278633797581
SKG_MT_402,2016,0.942725956439972,0.785234899328859,149,15,22,2.772588722239781,0.785234898543624,0.86665740415877,0.30647703571983326,0.7943548661918471
SKG_PAR_110,2016,0.9425700902938844,0.8166666666666667,60,40,18,3.713572066704308,0.8166666658499999,0.8662945243118384,0.4104916642725502,0.8107886666155418
SKG_PAR_162,2016,0.9234769940376282,0.9230769230769232,13,33,19,3.5263605246161616,0.9230769221538463,0.8218429225956835,0.38979763273030116,0.7988851935207778
SKG_PAR_147,2016,0.9180652499198914,0.7083333333333334,24,33,14,3.5263605246161616,0.708333332625,0.8092435677879185,0.38979763273030116,0.747116927249573
SKG_MT_1105,2016,0.9472309947013856,0.8314606741573034,89,95,39,4.564348191467836,0.8314606733258426,0.8771458112680558,0.50453494688682,0.8307476972414896
SKG_MT_247,2016,0.9370360374450684,0.8243243243243243,74,9,24,2.302585092994046,0.8243243235,0.8534104163698845,0.25452366884887795,0.7877045230438069
SKG_PAR_135,2016,0.9409255981445312,0.8217821782178217,202,39,36,3.6888794541139363,0.8217821773960395,0.8624658990816882,0.40776218670879455,0.808858783507269
SKG_QA_376,2016,0.9404780268669128,0.826530612244898,98,108,42,4.6913478822291435,0.8265306114183673,0.8614238857850881,0.5185732672657684,0.8201601690598119
SKG_QA_375,2016,0.9358569979667664,0.7914691943127962,211,19,40,2.995732273553991,0.7914691935213269,0.8506654350115084,0.33114292777883625,0.7868739359902048
SKG_QA_366,2016,0.9391707181930542,0.7378640776699029,103,5,7,1.791759469228055,0.7378640769320388,0.858380274434132,0.19805791116698682,0.7682447986069988
SKG_QA_421,2016,0.929574966430664,0.7767857142857143,112,17,23,2.8903717578961645,0.7767857135089286,0.8360399201100345,0.3194965634040153,0.7725347431192112
SKG_QA_419,2016,0.9474691152572632,0.782312925170068,147,30,33,3.4339872044851463,0.782312924387755,0.8777001917607865,0.3795868498953761,0.8088114040996391
SKG_QA_407,2016,0.9379757642745972,0.8205128205128205,117,13,38,2.6390573296152584,0.8205128196923076,0.8555982418638512,0.29171671261138277,0.7921930045042956
SKG_MT_960,2016,0.938669204711914,0.8076923076923077,78,131,20,4.882801922586371,0.8076923068846154,0.8572126755690908,0.539736257035801,0.8155609599788667
SKG_MT_381,2016,0.9746659994125366,0.7861271676300579,173,40,34,3.713572066704308,0.7861271668439306,0.9410186313771209,0.4104916642725502,0.8569876417600257
SKG_QA_405,2016,0.9249534606933594,0.8043478260869565,92,74,40,4.31748811353631,0.8043478252826086,0.8252803591877838,0.47724747207486773,0.786290563695457
SKG_QA_312,2016,0.921117663383484,0.8,90,102,32,4.634728988229636,0.7999999992,0.8163500457386694,0.5123147152275538,0.782676503379824
SKG_QA_340,2016,0.9243329763412476,0.902439024390244,41,50,57,3.9318256327243257,0.9024390234878049,0.823835778229253,0.43461702603737135,0.8006345520617753
SKG_QA_337,2016,0.9440708160400392,0.7532467532467533,77,20,17,3.044522437723423,0.7532467524935065,0.8697884397175911,0.336536105918453,0.7931548688928605
SKG_QA_335,2016,0.9371559023857116,0.7518248175182481,137,125,44,4.836281906951478,0.7518248167664233,0.8536894799921325,0.5345940170854399,0.8014070010563213
SKG_MT_994,2016,0.9276052713394164,0.7448979591836735,98,643,34,6.467698726104354,0.7448979584387755,0.8314541734860571,0.7149279363381821,0.8024903067618132
SKG_MT_370,2016,0.9431808590888976,0.7933884297520661,121,46,38,3.8501476017100584,0.7933884289586777,0.8677164859911908,0.4255884814761487,0.808638074133184
SKG_MT_365,2016,0.9735990762710572,0.8536585365853658,123,16,34,2.833213344056216,0.8536585357317072,0.9385346737250848,0.31317837380034286,0.859023816133935
SKG_MT_362,2016,0.9306853413581848,0.9285714285714286,56,2,20,1.0986122886681098,0.928571427642857,0.8386250400597435,0.12143865223702852,0.7848956787940946
SKG_MT_360,2016,0.9435526132583618,0.7310924369747899,119,16,0,2.833213344056216,0.7310924362436974,0.8685819856490542,0.31317837380034286,0.7855437145831117
SKG_QA_345,2016,0.9443270564079284,0.8125,112,21,41,3.091042453358316,0.8124999991874999,0.870385005859831,0.3416783458688142,0.805937338526263
SKG_PAR_182,2016,0.9358322024345398,0.7894736842105263,76,61,31,4.127134385045092,0.7894736834210526,0.8506077072806006,0.4562061088253344,0.7989407426631644
SKG_PAR_175,2016,0.94792640209198,0.7192982456140351,57,40,32,3.713572066704308,0.7192982448947368,0.8787648243365643,0.4104916642725502,0.8000441924417974
SKG_PAR_173,2016,0.9348227381706238,0.7425742574257426,101,60,21,4.110873864173311,0.7425742566831682,0.8482575225434561,0.45440869971230236,0.7877359870882831
SKG_PAR_172,2016,0.9262222051620485,0.8775510204081632,49,5,13,1.791759469228055,0.8775510195306121,0.8282341872649486,0.19805791116698682,0.775079926108285
SKG_PAR_223,2016,0.9386937022209167,0.8840579710144928,69,119,38,4.787491742782046,0.8840579701304347,0.8572697094570791,0.529200838945823,0.8298204745406246
SKG_QA_182,2016,0.9313288927078248,0.8605769230769231,208,1378,69,7.229113877793302,0.8605769222163462,0.8401233244602486,0.7990934156139125,0.8401110531268345
SKG_QA_197,2016,0.9365860223770142,0.8372093023255814,43,11,27,2.4849066497880004,0.837209301488372,0.852362713561344,0.27467717009694514,0.7915634768003097
SKG_QA_261,2016,0.9363532066345216,0.7985074626865671,134,79,22,4.382026634673881,0.7985074618880597,0.8518206834725814,0.48438144563875285,0.8044141153722941
SKG_MT_1029,2016,0.9280940890312196,0.6170212765957447,47,1,18,0.6931471805599453,0.6170212759787234,0.8325922146427253,0.07661925892995831,0.7138807313386483
SKG_MT_327,2016,0.9321762919425964,0.5454545454545454,55,7,9,2.0794415416798357,0.5454545449090908,0.8420961974177344,0.2298577767898749,0.7215440248532197
SKG_QA_253,2016,0.9382286071777344,0.8309859154929577,71,26,33,3.295836866004329,0.8309859146619718,0.8561868981968087,0.3643159567110855,0.801959607341269
SKG_QA_70,2016,0.944457232952118,0.7870370370370371,216,262,39,5.572154032177765,0.78703703625,0.8706880764470968,0.6159360155575457,0.8284826623187223
SKG_QA_63,2016,0.934772491455078,0.7796610169491526,118,13,34,2.6390573296152584,0.7796610161694915,0.8481405406272174,0.29171671261138277,0.7788022529340888
SKG_QA_131,2016,0.9391707181930542,0.6428571428571429,14,5,7,1.791759469228055,0.6428571422142857,0.858380274434132,0.19805791116698682,0.7492434116634482
SKG_QA_118,2016,0.9432796239852904,0.821656050955414,157,12,36,2.5649493574615367,0.821656050133758,0.8679464255347341,0.2835249489189543,0.8002462027929609
SKG_MT_312,2016,0.966326892375946,0.7976190476190477,84,100,23,4.61512051684126,0.7976190468214286,0.921603935107654,0.5101472296073815,0.8556612869003818
SKG_MT_1298,2016,0.943510353565216,0.7935483870967742,155,37,38,3.6375861597263857,0.7935483863032258,0.8684835987230599,0.4020923169981863,0.8068574280666057
SKG_MT_1288,2016,0.9366804361343384,0.8260869565217391,92,257,32,5.552959584921617,0.8260869556956522,0.8525825229982615,0.6138142954300135,0.8234065867809148
SKG_MT_107,2016,0.9422819018363952,0.6973684210526315,76,2,24,1.0986122886681098,0.697368420355263,0.8656235782086202,0.12143865223702852,0.7575540540407896
SKG_MT_103,2016,0.9647471308708192,0.9322033898305084,118,29,49,3.4011973816621555,0.932203388898305,0.9179260125596335,0.37596232108590644,0.866585118679995
SKG_MT_1233,2016,0.928909957408905,0.8314606741573034,89,75,36,4.330733340286331,0.8314606733258426,0.8344916790193214,0.4787115759281447,0.798307467571508
SKG_MT_1230,2016,0.9660218358039856,0.8477157360406091,197,25,26,3.258096538021482,0.8477157351928933,0.9208937174951891,0.3601442078489126,0.8501831700701022
SKG_MT_1229,2016,0.939369022846222,0.7727272727272727,66,0,29,0.0,0.7727272719545454,0.8588419575128097,0.0,0.7557348246498757
SKG_MT_1264,2016,0.9474691152572632,0.782312925170068,147,30,33,3.4339872044851463,0.782312924387755,0.8777001917607865,0.3795868498953761,0.8088114040996391
SKG_MT_1314,2016,0.9487603902816772,0.7814207650273224,183,253,36,5.537334267018537,0.7814207642459016,0.8807064743626701,0.6120871005255895,0.8339873949556083
SKG_SA_566,2016,0.9463263750076294,0.8767123287671232,73,22,31,3.1354942159291497,0.8767123278904109,0.8750397204700132,0.34659196479684096,0.8225294663867755
SKG_DIA_15,2016,0.9144779443740844,0.8481012658227848,79,95,43,4.564348191467836,0.8481012649746834,0.8008917805651355,0.50453494688682,0.7806979940792135
SKG_SA_594,2016,0.92677241563797,0.7794117647058824,68,125,42,4.836281906951478,0.7794117639264705,0.8295151600630459,0.5345940170854399,0.7900023665379702
SKG_SA_583,2016,0.948583722114563,0.8947368421052632,38,118,10,4.77912349311153,0.8947368412105262,0.880295164279953,0.5282758274817674,0.8479815659862491
SKG_SA_634,2016,0.9196149110794068,0.8505747126436781,87,583,25,6.369900982828227,0.8505747117931033,0.8128514122010637,0.7041175473977179,0.809522685639137
SKG_SA_622,2017,0.9343218803405762,0.8333333333333334,180,18,29,2.9444389791664403,0.8333333325,0.847091450132838,0.325473058068228,0.7921779873998094
SKG_SA_630,2017,0.9361844062805176,0.7727272727272727,44,98,40,4.59511985013459,0.7727272719545454,0.8514276908429406,0.5079363914129128,0.8013384771222587
SKG_SA_578,2017,0.9319470524787904,0.8181818181818182,110,34,16,3.5553480614894135,0.8181818173636364,0.8415624934440067,0.3930018636003441,0.7920302952435663
SKG_SA_593,2017,0.9360672235488892,0.8,90,190,28,5.25227342804663,0.7999999992,0.8511548718069682,0.5805769813986016,0.8138661082447379
SKG_DIA_21,2017,0.9287519454956056,0.8488372093023255,86,44,35,3.8066624897703196,0.8488372084534882,0.8341238035033692,0.4207817143929766,0.7957322755823538
SKG_MT_636,2017,0.947309136390686,0.8207547169811321,106,32,28,3.4965075614664802,0.8207547161603773,0.877327736881565,0.38649773917588437,0.8169301329667593
SKG_MT_645,2017,0.939247727394104,0.7142857142857143,140,32,36,3.4965075614664802,0.7142857135714286,0.8585595634445472,0.38649773917588437,0.7824986110430572
SKG_MT_650,2017,0.9341138005256652,0.788235294117647,170,10,50,2.3978952727983707,0.7882352933294117,0.8466070090063987,0.2650590869388559,0.776777873664247
SKG_DIA_24,2017,0.885107159614563,0.8409090909090909,44,145,24,4.983606621708336,0.8409090900681818,0.7325121731563393,0.5508790295378013,0.736028242176854
SKG_DIA_25,2017,0.937057375907898,0.7844311377245509,167,32,26,3.4965075614664802,0.7844311369401197,0.8534600955229251,0.38649773917588437,0.7929580681716599
SKG_SA_537,2017,0.9430138468742372,0.6933333333333334,75,7,21,2.0794415416798357,0.69333333264,0.8673276564190681,0.2298577767898749,0.768781803700335
SKG_MT_88,2017,0.9294589161872864,0.7432432432432432,74,16,34,2.833213344056216,0.7432432424999998,0.8357697376771569,0.31317837380034286,0.765005302254044
SKG_MT_104,2017,0.9416735768318176,0.7485029940119761,167,53,52,3.9889840465642745,0.748502993263473,0.864207306041208,0.4409352156410438,0.7987392344456445
SKG_MT_1287,2017,0.9421640634536744,0.8260869565217391,161,28,33,3.367295829986474,0.8260869556956522,0.8653492327182255,0.372214903742496,0.8081833444161379
SKG_MT_123,2017,0.9444717168807985,0.7065868263473054,167,134,27,4.90527477843843,0.7065868256407185,0.8707217972129876,0.5422203666300052,0.8050446598402355
SKG_MT_136,2017,0.9533851742744446,0.7678571428571429,56,101,44,4.624972813284271,0.7678571420892857,0.8914736675570364,0.5112362849673296,0.8287266242045155
SKG_SUM_191,2017,0.9116399884223938,0.7,40,62,21,4.143134726391533,0.6999999992999999,0.7942845919793029,0.4579747581554815,0.7417966900610602
SKG_SUM_103,2017,0.9184681177139282,0.8333333333333334,18,9,17,2.302585092994046,0.8333333325,0.8101815046465841,0.25452366884887795,0.7592460866374966
SKG_QA_145,2017,0.9276148080825806,0.6744186046511628,86,9,46,2.302585092994046,0.6744186039767441,0.8314763764594835,0.25452366884887795,0.7423695512018751
SKG_MT_1034,2017,0.937767207622528,0.7727272727272727,44,6,20,1.9459101490553132,0.7727272719545454,0.8551126905887406,0.2150974536814245,0.7746340831711699
SKG_MT_1037,2017,0.9526723027229308,0.7219512195121951,205,4,37,1.6094379124341003,0.7219512187902438,0.8898139952934409,0.17790440991891962,0.7850504814553493
SKG_QA_157,2017,0.910950005054474,0.847457627118644,118,18,14,2.9444389791664403,0.8474576262711864,0.7926782068519304,0.325473058068228,0.7569135758574113
SKG_QA_119,2017,0.94521963596344,0.6865671641791045,134,179,54,5.19295685089021,0.6865671634925372,0.8724630654039235,0.5740202322528932,0.8054396017065432
SKG_QA_58,2017,0.9335352778434752,0.8046875,128,21,35,3.091042453358316,0.8046874991953125,0.8452601211309426,0.3416783458688142,0.7867874192176038
SKG_QA_42,2017,0.9370981454849244,0.7377049180327869,122,27,19,3.332204510175204,0.7377049172950819,0.8535550132343217,0.3683359715413411,0.7818630898771758
SKG_QA_46,2017,0.9475210905075072,0.6870229007633588,131,19,27,2.995732273553991,0.6870229000763358,0.8778211979659581,0.33114292777883625,0.7849937113693215
SKG_QA_47,2017,0.9685547947883606,0.7724137931034483,145,174,57,5.1647859739235145,0.7724137923310344,0.926790827237141,0.5709062735192638,0.8603269648841319
SKG_QA_4,2017,0.9360394477844238,0.8051282051282052,195,213,26,5.365976015021851,0.8051282043230769,0.851090205646865,0.5931454635287935,0.8161033311703002
SKG_QA_24,2017,0.923051655292511,0.9,20,2,14,1.0986122886681098,0.8999999991,0.8208526699808828,0.12143865223702852,0.7667407340303207
SKG_MT_321,2017,0.9229329824447632,0.8041237113402062,97,27,40,3.332204510175204,0.8041237105360824,0.8205763817303128,0.3683359715413411,0.7720618064725696
SKG_MT_333,2017,0.9652758836746216,0.6363636363636364,11,11,18,2.4849066497880004,0.6363636357272726,0.9191570286675224,0.27467717009694514,0.7981503642224147
SKG_MT_338,2017,0.9385684132575988,0.8360655737704918,122,36,32,3.6109179126442243,0.8360655729344262,0.8569780178936944,0.39914445630466727,0.8070121727429381
SKG_MT_1013,2017,0.941631317138672,0.7874564459930313,287,72,39,4.290459441148391,0.7874564452055748,0.8641089191152143,0.474259770607843,0.8097935094825492
SKG_MT_351,2017,0.9420830011367798,0.6944444444444444,108,75,25,4.330733340286331,0.6944444437499999,0.865160507444104,0.4787115759281447,0.7923724015536872
SKG_QA_235,2017,0.9296638369560242,0.8333333333333334,72,12,13,2.5649493574615367,0.8333333325,0.8362468240686486,0.2835249489189543,0.7803919382399493
SKG_QA_242,2017,0.9475857019424438,0.7706422018348624,109,10,43,2.3978952727983707,0.7706422010642202,0.8779716231109197,0.2650590869388559,0.7952144850843733
SKG_QA_223,2017,0.9423843622207642,0.7936507936507936,63,21,9,3.091042453358316,0.7936507928571428,0.8658621214043664,0.3416783458688142,0.7990014781413665
SKG_QA_172,2017,0.9656189680099488,0.6272727272727273,110,91,31,4.5217885770490405,0.6272727266454545,0.9199557806365238,0.4998304826567576,0.8194066400403334
SKG_QA_175,2017,0.9343802332878112,0.8269230769230769,104,30,48,3.4339872044851463,0.8269230760961537,0.8472273045764883,0.3795868498953761,0.7964024134123101
SKG_QA_26,2017,0.9392264485359192,0.8,15,43,27,3.784189633918261,0.7999999992,0.8585100230600904,0.4182976047987725,0.8027867764619405
SKG_PAR_203,2017,0.91131591796875,0.8472222222222222,72,1,25,0.6931471805599453,0.8472222213749999,0.7935301071885698,0.07661925892995831,0.7325774451999946
SKG_PAR_210,2017,0.9454017877578736,0.7580645161290323,62,58,16,4.07753744390572,0.7580645153709676,0.8728871421963605,0.45072375099157447,0.8077062777108033
SKG_PAR_224,2017,0.9433780908584596,0.7671232876712328,146,14,19,2.70805020110221,0.7671232869041095,0.8681756712353583,0.29934306215594814,0.7910819334611675
SKG_MT_1056,2017,0.8777164220809937,0.824,125,187,22,5.236441962829949,0.8239999991759999,0.7153054238255065,0.5788269993360653,0.723396496446661
SKG_MT_1063,2017,0.9508635401725768,0.773109243697479,119,52,29,3.970291913552122,0.7731092429243697,0.8856029238460277,0.4388690204383823,0.8184307973209315
SKG_PAR_176,2017,0.9342023730278016,0.8125,64,9,12,2.302585092994046,0.8124999991874999,0.8468132191220935,0.25452366884887795,0.7807216201078532
SKG_PAR_177,2017,0.9448233842849731,0.7737226277372263,137,33,18,3.5263605246161616,0.7737226269635037,0.8715405318580719,0.38979763273030116,0.8038026609663812
SKG_PAR_180,2017,0.949680507183075,0.7945205479452054,73,6,30,1.9459101490553132,0.7945205471506849,0.8828486449925297,0.2150974536814245,0.7984079062930501
SKG_PAR_183,2017,0.9374122619628906,0.7808219178082192,73,106,22,4.672828834461906,0.7808219170273972,0.8542863236715411,0.5165262045988351,0.8058174304354417
SKG_PAR_186,2017,0.9493204355239868,0.7592592592592593,162,101,63,4.624972813284271,0.7592592585,0.8820103439771134,0.5112362849673296,0.8203827209807124
SKG_MT_363,2017,0.9413607716560364,0.620253164556962,79,17,25,2.8903717578961645,0.6202531639367088,0.8634790485128344,0.3194965634040153,0.7604356230867273
SKG_MT_995,2017,0.9480441808700562,0.7560975609756098,123,7,28,2.0794415416798357,0.7560975602195121,0.8790390310583758,0.2298577767898749,0.7895326114637529
SKG_QA_341,2017,0.9438081979751588,0.8242424242424242,165,1400,43,7.244941546337007,0.8242424234181818,0.8691770253368719,0.8008429779989574,0.8533567002193424
SKG_QA_272,2017,0.938975155353546,0.8223684210526315,152,720,46,6.580639137284949,0.822368420230263,0.8579249747103144,0.7274121689089783,0.8377623832341705
SKG_QA_277,2017,0.9312323331832886,0.7619047619047619,126,302,36,5.713732805509369,0.761904761142857,0.8398985193543099,0.6315858818444099,0.8034685039610293
SKG_QA_288,2017,0.9076765179634094,0.9285714285714286,28,46,19,3.8501476017100584,0.928571427642857,0.7850570362234475,0.4255884814761487,0.7778130590325995
SKG_QA_442,2017,0.9250622987747192,0.8222222222222222,45,9,24,2.302585092994046,0.8222222213999999,0.8255337506220082,0.25452366884887795,0.7677704366002935
SKG_QA_445,2017,0.9540647268295288,0.7317073170731707,41,9,14,2.302585092994046,0.7317073163414634,0.8930557681822245,0.25452366884887795,0.7969328678807377
SKG_QA_455,2017,0.926814079284668,0.7901234567901234,81,5,0,1.791759469228055,0.7901234559999999,0.8296121593032009,0.19805791116698682,0.7585589938289392
SKG_MT_382,2017,0.9324661493301392,0.7368421052631579,133,217,61,5.384495062789089,0.7368421045263157,0.8427710290413017,0.5951925261957267,0.796827393853747
SKG_MT_982,2017,0.9376983642578124,0.8159340659340659,364,429,46,6.063785208687608,0.8159340651181318,0.8549524128743216,0.6702800531119046,0.8286815073468419
SKG_QA_399,2017,0.9435812830924988,0.7801418439716312,141,6,19,1.9459101490553132,0.7801418431914893,0.8686487333379163,0.2150974536814245,0.7855922273429816
SKG_QA_369,2017,0.9384042024612428,0.7906976744186046,43,65,11,4.189654742026425,0.7906976736279069,0.8565957104450156,0.4631169981058426,0.8040682318476765
SKG_PAR_194,2017,0.9119652509689332,0.8333333333333334,12,15,28,2.772588722239781,0.8333333325,0.7950418521417144,0.30647703571983326,0.7538436665711833
SKG_PAR_197,2017,0.9393933415412904,0.6907216494845361,97,77,59,4.356708826689592,0.6907216487938144,0.858898575095046,0.4815828600859411,0.7875316183338891
SKG_PAR_143,2017,0.9360081553459167,0.7738095238095238,168,32,39,3.4965075614664802,0.7738095230357143,0.8510173521403108,0.38649773917588437,0.7891238250229489
SKG_MT_1099,2017,0.9391557574272156,0.7971014492753623,69,14,24,2.70805020110221,0.7971014484782608,0.85834544351957,0.29934306215594814,0.7901964063749459
SKG_MT_1103,2017,0.965561032295227,0.8023255813953488,172,17,34,2.8903717578961645,0.8023255805930232,0.9198208975729605,0.3194965634040153,0.8362894007600784
SKG_PAR_156,2017,0.8238086700439453,0.8192771084337349,83,8,26,2.1972245773362196,0.8192771076144577,0.5898000636260615,0.24287730447405703,0.6010031965085404
SKG_PAR_112,2017,0.9544692039489746,0.7166666666666667,180,60,54,4.110873864173311,0.71666666595,0.8939974517926558,0.45440869971230236,0.8145724194160892
SKG_PAR_115,2017,0.9390344619750975,0.7368421052631579,114,13,0,2.6390573296152584,0.7368421045263157,0.8580630494513074,0.29171671261138277,0.7771842267823166
SKG_PAR_118,2017,0.9416431188583374,0.8360655737704918,61,11,25,2.4849066497880004,0.8360655729344262,0.8641363952948287,0.27467717009694514,0.7995763083029598
SKG_PAR_122,2017,0.9506409764289856,0.6909090909090909,55,30,17,3.4339872044851463,0.6909090902181818,0.8850847619536981,0.3795868498953761,0.7956998364007626
SKG_SA_21,2017,0.9449370503425598,0.7748344370860927,151,8,8,2.1972245773362196,0.7748344363112581,0.8718051635475933,0.24287730447405703,0.7895182321929726
SKG_MT_397,2017,0.93848979473114,0.7964601769911505,113,143,38,4.969813299576001,0.7964601761946902,0.8567949821315136,0.5493543401938903,0.8139839567503866
SKG_MT_400,2017,0.9444352984428406,0.7975460122699386,163,16,9,2.833213344056216,0.7975460114723926,0.8706370096082167,0.31317837380034286,0.8002729464002644
SKG_MT_408,2017,0.9480029940605164,0.8,205,40,40,3.713572066704308,0.7999999992,0.8789431419668922,0.4104916642725502,0.8163093656440795
SKG_MT_934,2017,0.9439345598220824,0.803347280334728,239,0,14,0.0,0.8033472795313806,0.8694712147347663,0.0,0.7692993062206125
SKG_MT_939,2017,0.9304971694946288,0.7017543859649122,114,6,24,1.9459101490553132,0.7017543852631578,0.838186947640331,0.2150974536814245,0.7485914857690057
SKG_DIA_303,2017,0.9210262298583984,0.8904109589041096,73,37,39,3.6375861597263857,0.8904109580136985,0.8161371747309472,0.4020923169981863,0.7895874456142213
SKG_DIA_306,2017,0.9667933583259584,0.875,16,299,41,5.703782474656201,0.8749999991249999,0.9226899380453547,0.6304859899347843,0.8839315554502267
SKG_DIA_307,2017,0.9313885569572448,0.7916666666666666,72,28,0,3.367295829986474,0.7916666658749999,0.8402622318127446,0.372214903742496,0.7837383858181708
SKG_QA_462,2017,0.9487894177436828,0.7777777777777778,81,114,45,4.74493212836325,0.777777777,0.8807740546630354,0.5244963747157606,0.8245470311357007
SKG_QA_471,2017,0.9344179034233092,0.780952380952381,105,19,28,2.995732273553991,0.7809523801714285,0.8473150063215211,0.33114292777883625,0.782425273237234
SKG_QA_472,2017,0.9301617741584778,0.5918367346938775,49,4,8,1.6094379124341003,0.5918367341020407,0.8374060968186549,0.17790440991891962,0.7223420555853585
SKG_QA_431,2017,0.91131591796875,0.8472222222222222,72,1,25,0.6931471805599453,0.8472222213749999,0.7935301071885698,0.07661925892995831,0.7325774451999946
SKG_SA_108,2017,0.9410697817802428,0.7096774193548387,31,6,10,1.9459101490553132,0.7096774186451613,0.8628015802861726,0.2150974536814245,0.7674063352974955
SKG_SA_116,2017,0.9356523752212524,0.7606382978723404,188,112,34,4.727387818712341,0.760638297111702,0.8501890424629363,0.5225570578699437,0.7995156949333901
SKG_MT_427,2017,0.9412364959716796,0.8307692307692308,65,1,28,0.6931471805599453,0.8307692299384615,0.8631897160153763,0.07661925892995831,0.7780485730914516
SKG_MT_910,2017,0.9149833917617798,1.0,4,65,40,4.189654742026425,0.9999999989999999,0.8020685381567151,0.4631169981058426,0.8077596763202847
SKG_MT_911,2017,0.971442699432373,1.0,9,19,28,2.995732273553991,0.9999999989999999,0.9335143038962928,0.33114292777883625,0.8865743053052884
SKG_MT_924,2017,0.9377115964889526,0.7926267281105991,217,123,23,4.820281565605037,0.7926267273179723,0.8549832194999504,0.5328253677552928,0.8102961358890891
SKG_MT_448,2017,0.9407390356063844,0.6074766355140186,107,9,19,2.302585092994046,0.6074766349065419,0.8620315534140419,0.25452366884887795,0.7503697812560255
SKG_DIA_302,2017,0.926428496837616,0.8947368421052632,38,41,5,3.7376696182833684,0.8947368412105262,0.82871446533387,0.4131553648484113,0.8003630304606553
SKG_PAR_125,2017,0.945237159729004,0.7466666666666667,150,7,23,2.0794415416798357,0.74666666592,0.8725038633675938,0.2298577767898749,0.7830718152203031
SKG_PAR_126,2017,0.9476763606071472,0.7666666666666667,180,32,20,3.4965075614664802,0.7666666659,0.8781826901270509,0.38649773917588437,0.8067109901865239
SKG_MT_246,2017,0.9379860758781432,0.717391304347826,92,68,48,4.23410650459726,0.7173913036304347,0.8556222488288678,0.4680306170338695,0.7892168966096814
SKG_PAR_90,2017,0.9285224676132202,0.6470588235294118,17,37,29,3.6375861597263857,0.647058822882353,0.8335895444553052,0.4020923169981863,0.7531336773950028
SKG_PAR_92,2017,0.934697449207306,0.7456140350877193,114,29,39,3.4011973816621555,0.7456140343421052,0.8479658309800719,0.37596232108590644,0.7802951206630621
SKG_PAR_95,2017,0.943057417869568,0.773972602739726,146,25,25,3.258096538021482,0.7739726019657533,0.8674290962539082,0.3601442078489126,0.7980093085557776
SKG_PAR_105,2017,0.9301490783691406,0.7435897435897436,78,17,0,2.8903717578961645,0.7435897428461538,0.8373765391102814,0.3194965634040153,0.7668311822868291
SKG_PAR_63,2017,0.9212213754653932,0.7570093457943925,107,17,23,2.8903717578961645,0.757009345037383,0.8165915030746774,0.3194965634040153,0.7549655775001523
SKG_PAR_65,2017,0.9438022375106812,0.75,40,4,23,1.6094379124341003,0.7499999992499999,0.8691631484784804,0.17790440991891962,0.7762046447768283
SKG_PAR_72,2017,0.9386423230171204,0.8054054054054054,185,25,33,3.258096538021482,0.8054054045999999,0.8571500909377464,0.3601442078489126,0.7971005653613137
SKG_PAR_74,2017,0.9351674914360046,0.6818181818181818,44,1,40,0.6931471805599453,0.6818181811363635,0.8490601600328068,0.07661925892995831,0.7383676741432333
SKG_PAR_75,2017,0.9203508496284484,0.7777777777777778,27,563,35,6.335054251498059,0.777777777,0.8145647879066327,0.7002656515730938,0.7957774720919523
SKG_SA_131,2017,0.9622331857681274,0.0,197,839,46,6.733401891837359,0.0,0.9120731699959495,0.7442982926272476,0.7128810482598894
SKG_SA_140,2017,0.9422105550765992,0.9230769230769232,39,16,13,2.833213344056216,0.9230769221538463,0.8654574722136773,0.31317837380034286,0.8217534523603777
SKG_SA_149,2017,0.9296725988388062,0.7759562841530054,183,172,47,5.153291594497779,0.7759562833770491,0.8362672230504837,0.5696357052212753,0.7975418833328759
SKG_SA_152,2017,0.9381952285766602,0.8113207547169812,53,41,28,3.7376696182833684,0.8113207539056604,0.8561091877898176,0.4131553648484113,0.8028561187188454
SKG_MT_460,2017,0.9244451522827148,0.8363636363636363,55,29,24,3.4011973816621555,0.8363636355272726,0.8240969407041766,0.37596232108590644,0.7817368177069687
SKG_MT_465,2017,0.9363953471183776,0.8761904761904762,105,13,17,2.6390573296152584,0.8761904753142856,0.8519187928614071,0.29171671261138277,0.8007529213269804
SKG_MT_872,2017,0.9521782994270324,0.7723577235772358,123,115,33,4.7535901911063645,0.772357722804878,0.8886638812699729,0.5254534216024126,0.829081603610198
SKG_MT_873,2017,0.944630801677704,0.7078651685393258,178,62,29,4.143134726391533,0.7078651678314606,0.8710921705634505,0.4579747581554815,0.7971350287762555
SKG_MT_475,2017,0.9391023516654968,0.7586206896551724,232,151,59,5.0238805208462765,0.7586206888965517,0.8582211068683842,0.555330834858103,0.8080119960729896
SKG_SA_100,2017,0.9512727856636048,0.6351351351351351,148,1,14,0.6931471805599453,0.6351351344999999,0.8865557089431725,0.07661925892995831,0.7552779490532165
SKG_SA_253,2017,0.9347859621047974,0.8142857142857143,70,15,12,2.772588722239781,0.8142857134714285,0.848171902327182,0.30647703571983326,0.7872251778952964
SKG_MT_861,2017,0.9426389932632446,0.7863247863247863,117,0,17,0.0,0.7863247855384614,0.8664549407948412,0.0,0.763783415664081
SKG_MT_870,2017,0.9516170620918274,0.6914893617021277,94,5,22,1.791759469228055,0.6914893610106383,0.8873572362838517,0.19805791116698682,0.7792537287175224
SKG_MT_494,2017,0.9388410449028016,0.6907216494845361,97,38,43,3.6635616461296463,0.6907216487938144,0.8576127453965114,0.4049636011559828,0.7789696116519191
SKG_DIA_216,2017,0.920700192451477,0.8018867924528302,106,765,61,6.641182169740591,0.8018867916509433,0.815378110576945,0.7341044882463755,0.8045524845586877
SKG_DIA_228,2017,0.9410291910171508,0.7692307692307693,26,29,23,3.4011973816621555,0.7692307684615385,0.8627070788805281,0.37596232108590644,0.7953373410172679
SKG_DIA_235,2017,0.9313443303108216,0.7684210526315789,95,25,19,3.258096538021482,0.7684210518631578,0.840159265523482,0.3601442078489126,0.7778101170239602
SKG_DIA_251,2017,0.9385638236999512,0.8290598290598291,117,73,43,4.30406509320417,0.8290598282307692,0.8569673327127334,0.47576371523462563,0.8132654700685298
SKG_DIA_256,2017,0.9212762713432312,0.8387096774193549,31,50,31,3.9318256327243257,0.8387096765806451,0.8167193089404607,0.43461702603737135,0.7829071541781887
SKG_SA_163,2017,0.9285518527030944,0.7555555555555555,45,46,52,3.8501476017100584,0.7555555547999999,0.833657957367174,0.4255884814761487,0.7772305292646366
SKG_SA_184,2017,0.9371353983879088,0.8064516129032258,93,3,10,1.3862943611198906,0.8064516120967741,0.8536417435992666,0.15323851785991663,0.7741633947248331
SKG_SA_185,2017,0.9396871328353882,0.9117647058823528,34,7,8,2.0794415416798357,0.911764704970588,0.8595825654451512,0.2298577767898749,0.8070465144847109
SKG_MT_211,2017,0.9488770365715028,0.8,105,2,15,1.0986122886681098,0.7999999992,0.8809780444813875,0.12143865223702852,0.7888284962006741
SKG_MT_216,2017,0.9505949020385742,0.5833333333333334,120,2,20,1.0986122886681098,0.58333333275,0.8849774938383337,0.12143865223702852,0.7482947774605364
SKG_MT_1153,2017,0.9337312579154968,0.6792452830188679,106,228,2,5.43372200355424,0.6792452823396226,0.8457163922348476,0.6006339848449098,0.7879139295168088
SKG_MT_1156,2017,0.9395753145217896,0.7989130434782609,184,185,55,5.225746673713202,0.7989130426793477,0.859322235581731,0.577644761062363,0.8190726495493175
SKG_PAR_78,2017,0.945546805858612,0.8048780487804879,82,7,18,2.0794415416798357,0.8048780479756097,0.8732247661610195,0.2298577767898749,0.795218723586823
SKG_PAR_28,2017,0.9285224676132202,0.8392857142857143,56,37,29,3.6375861597263857,0.8392857134464285,0.8335895444553052,0.4020923169981863,0.7915790555078179
SKG_PAR_29,2017,0.9213078618049622,0.8103448275862069,58,23,28,3.1780538303479458,0.810344826775862,0.8167928562899344,0.35129642902690345,0.7689536076608168
SKG_PAR_44,2017,0.9463902711868286,0.803030303030303,66,5,12,1.791759469228055,0.8030303022272726,0.8751884803919676,0.19805791116698682,0.7930437878365305
SKG_PAR_46,2017,0.9487513303756714,0.8125,16,10,26,2.3978952727983707,0.8124999991874999,0.8806853815379154,0.2650590869388559,0.8054856756079263
SKG_PAR_57,2017,0.9389812350273132,0.7640449438202247,89,43,23,3.784189633918261,0.7640449430561796,0.8579391291058737,0.4182976047987725,0.7951961394652247
SKG_SA_258,2017,0.9250208139419556,0.9545454545454546,22,21,7,3.091042453358316,0.954545453590909,0.825437167687605,0.3416783458688142,0.8028829426863867
SKG_SA_261,2017,0.9499875903129578,0.8222222222222222,45,73,20,4.30406509320417,0.8222222213999999,0.8835635807368477,0.47576371523462563,0.830515322319256
SKG_MT_497,2017,0.943120002746582,0.6923076923076923,91,18,18,2.9444389791664403,0.6923076916153845,0.8675748032670163,0.325473058068228,0.7783112064168112
SKG_MT_842,2017,0.9389448165893556,0.7421875,128,5,21,1.791759469228055,0.7421874992578125,0.8578543415011033,0.19805791116698682,0.7687413300190334
SKG_MT_517,2017,0.9733575582504272,0.7163120567375887,141,49,16,3.912023005428146,0.7163120560212766,0.9379723834230704,0.43242807876779754,0.8430858874771843
SKG_MT_533,2017,0.9507148861885072,0.6333333333333333,90,3,12,1.3862943611198906,0.6333333326999999,0.8852568349977501,0.15323851785991663,0.7616703028244167
SKG_SA_227,2017,0.925611972808838,0.5416666666666666,96,57,40,4.060443010546419,0.5416666661249999,0.8268134745028509,0.4488341626724543,0.7319861816442411
SKG_SA_228,2017,0.9514896273612976,0.8205128205128205,39,25,44,3.258096538021482,0.8205128196923076,0.8870605490514464,0.3601442078489126,0.8210593690593653
SKG_SA_247,2017,0.9432581067085266,0.7666666666666667,120,84,40,4.442651256490317,0.7666666659,0.8678963300759419,0.4910827837192625,0.8099690426050855
SKG_SA_249,2017,0.9347414970397948,0.725925925925926,135,23,38,3.1780538303479458,0.7259259252,0.8480683809635828,0.35129642902690345,0.7739626946171984
SKG_MT_819,2017,0.9483664631843568,0.8,120,129,27,4.867534450455582,0.7999999992,0.8797893527915918,0.5380486177678322,0.8296574085708974
SKG_MT_781,2017,0.9417272806167604,0.7336956521739131,184,220,24,5.3981627015177525,0.7336956514402174,0.8643323365353136,0.596703322719297,0.8114420981346928
SKG_SA_353,2017,0.934123992919922,0.7735849056603774,159,113,48,4.736198448394496,0.7735849048867924,0.8466307384342483,0.5235309692352149,0.7997115948048539
SKG_SA_364,2017,0.9163556098937988,0.875,72,27,43,3.332204510175204,0.8749999991249999,0.8052632684955521,0.3683359715413411,0.7755178849260206
SKG_SA_370,2017,0.9195470809936525,0.5,10,18,13,2.9444389791664403,0.49999999949999996,0.8126934935525711,0.325473058068228,0.7014327511936225
SKG_SA_316,2017,0.9432467222213744,0.7058823529411765,68,17,16,2.8903717578961645,0.705882352235294,0.8678698252764143,0.3194965634040153,0.7806350044809502
SKG_SA_319,2017,0.9414051175117492,0.8620689655172413,29,11,19,2.4849066497880004,0.8620689646551722,0.8635822923392652,0.27467717009694514,0.8043891145782146
SKG_SA_331,2017,0.941289722919464,0.8014184397163121,141,25,25,3.258096538021482,0.8014184389148936,0.8633136363608103,0.3601442078489126,0.8006176540204372
SKG_DIA_162,2017,0.925556480884552,0.8108108108108109,148,51,29,3.9512437185814275,0.81081081,0.8266842809512279,0.43676346677887096,0.7845175053437466
SKG_DIA_167,2017,0.9285399317741394,0.6571428571428571,70,12,15,2.5649493574615367,0.6571428564857142,0.8336302036503916,0.2835249489189543,0.7433222087443123
SKG_SA_289,2017,0.9407705068588256,0.8508064516129032,248,12,46,2.5649493574615367,0.8508064507620967,0.8621048232263472,0.2835249489189543,0.8019871613027577
SKG_SA_305,2017,0.9163246154785156,0.8333333333333334,30,30,17,3.4339872044851463,0.8333333325,0.8051911088319175,0.3795868498953761,0.7682591276718799
SKG_MT_1222,2017,0.941512405872345,0.86,50,0,30,0.0,0.8599999991399999,0.8638320757903082,0.0,0.7766824528812156
SKG_MT_1189,2017,0.937406361103058,0.7702702702702703,148,1,21,0.6931471805599453,0.7702702695,0.854272585581734,0.07661925892995831,0.7597067897002097
SKG_MT_203,2017,0.954088807106018,0.8059701492537313,134,18,47,2.9444389791664403,0.8059701484477612,0.893111830690125,0.325473058068228,0.8189196169794626
SKG_PAR_18,2017,0.9384905695915222,0.7567567567567568,37,22,26,3.1354942159291497,0.756756756,0.8567967861231048,0.34659196479684096,0.7857682979658575
SKG_NLI_2,2017,0.9135330319404602,0.7955801104972375,181,2051,48,7.62657020629066,0.7955801097016574,0.7986918822043686,0.8430275326392301,0.8025030927473125
SKG_MT_1444,2017,0.9506193995475768,0.78125,96,60,30,4.110873864173311,0.7812499992187499,0.8850345277263215,0.45440869971230236,0.8212150392234052
SKG_MT_1451,2017,0.9463790655136108,0.7089552238805971,134,13,28,2.6390573296152584,0.7089552231716418,0.875162391898192,0.29171671261138277,0.783576390224201
SKG_MT_1466,2017,0.9334514737129213,0.8387096774193549,31,55,47,4.02535169073515,0.8387096765806451,0.845065012501962,0.4449552304712995,0.8037829671146324
SKG_MT_1467,2017,0.9463850259780884,0.675392670157068,191,39,23,3.6888794541139363,0.6753926694816753,0.8751762687565833,0.40776218670879455,0.7884781406968228
SKG_MT_1432,2017,0.9424611926078796,0.7528089887640449,89,147,35,4.997212273764115,0.7528089880112359,0.8660409941090298,0.5523829741645838,0.8120287908950263
SKG_MT_1416,2017,0.949040412902832,0.7548387096774194,155,105,36,4.663439094112067,0.7548387089225806,0.8813584091698917,0.5154882793683405,0.8194674561402743
SKG_MT_25,2017,0.9416020512580872,0.6869565217391305,115,1,29,0.6931471805599453,0.6869565210521739,0.8640407837405129,0.07661925892995831,0.7498817787217896
SKG_SA_419,2017,0.9372727274894714,0.8765432098765432,162,157,41,5.062595033026967,0.8765432089999999,0.8539614664166015,0.559610268312226,0.8290426951228437
SKG_SA_421,2017,0.935758113861084,0.88,25,10,14,2.3978952727983707,0.8799999991199999,0.8504352179307972,0.2650590869388559,0.7978105610694436
SKG_MT_546,2017,0.9430120587348938,0.8157894736842105,76,7,14,2.0794415416798357,0.815789472868421,0.8673234933615505,0.2298577767898749,0.7932701176057569
SKG_MT_549,2017,0.9446151852607728,0.7647058823529411,34,8,16,2.1972245773362196,0.7647058815882352,0.8710558131944653,0.24287730447405703,0.7869679760011785
SKG_MT_767,2017,0.9413625001907348,0.783068783068783,189,59,24,4.0943445622221,0.7830687822857142,0.8634830728017676,0.45258158001586474,0.8063100654199666
SKG_DIA_108,2017,0.9297175407409668,0.8253968253968254,126,153,68,5.0369526024136295,0.8253968245714285,0.8363718545627539,0.5567757995502387,0.8062172430632372
SKG_SA_390,2017,0.935910701751709,0.7407407407407407,108,22,13,3.1354942159291497,0.7407407399999999,0.8507904655056137,0.34659196479684096,0.7783606703336136
SKG_SA_391,2017,0.9149833917617798,1.0,4,65,40,4.189654742026425,0.9999999989999999,0.8020685381567151,0.4631169981058426,0.8077596763202847
SKG_DIA_146,2017,0.9111364483833312,0.9454545454545454,55,16,29,2.833213344056216,0.9454545445090908,0.7931122749824085,0.31317837380034286,0.7755873387695384
SKG_SA_465,2017,0.9325634241104126,0.7952755905511811,127,21,24,3.091042453358316,0.7952755897559055,0.8429974993702471,0.3416783458688142,0.7833212020972355
SKG_SA_466,2017,0.9189006686210632,0.7719298245614035,57,19,27,2.995732273553991,0.7719298237894736,0.8111885482600382,0.33114292777883625,0.755332241317805
SKG_SA_475,2017,0.9434410929679872,0.3111111111111111,45,3,34,1.3862943611198906,0.3111111108,0.8683223496285539,0.15323851785991663,0.6853717186859793
SKG_SA_495,2017,0.9430299997329712,0.7797619047619048,168,1012,28,6.920671504248683,0.7797619039821428,0.8673652627053081,0.7649987431599397,0.8396079390061382
SKG_DIA_78,2017,0.9439061880111694,0.7313432835820896,67,24,40,3.2188758248682006,0.7313432828507462,0.8694051608888241,0.35580881983783924,0.79043315117611
SKG_DIA_87,2017,0.9129417538642884,0.7931034482758621,116,19,0,2.995732273553991,0.7931034474827586,0.7973152978519553,0.33114292777883625,0.7498556907708039
SKG_MT_747,2017,0.9381453394889832,0.7322834645669292,127,78,40,4.3694478524670215,0.7322834638346456,0.8559930384850827,0.4829910093822678,0.7939509206447137
SKG_MT_758,2017,0.9441814422607422,0.8048780487804879,123,13,39,2.6390573296152584,0.8048780479756097,0.8700459942093327,0.29171671261138277,0.7991794768027931
SKG_MT_729,2017,0.9353120923042296,0.825,80,3,26,1.3862943611198906,0.8249999991749999,0.8493968126173786,0.15323851785991663,0.7749016204531568
SKG_SA_447,2017,0.9330105781555176,0.7698412698412699,126,17,61,2.8903717578961645,0.7698412690714286,0.8440385412867598,0.3194965634040153,0.776744889055419
SKG_SA_404,2017,0.9386503100395204,0.84375,32,1,12,0.6931471805599453,0.8437499991562499,0.8571686859279909,0.07661925892995831,0.7764300058738395
SKG_SA_406,2017,0.9448415637016296,0.7272727272727273,198,85,58,4.454347296253507,0.7272727265454545,0.8715828562761653,0.49237564319298505,0.8048001090217051
SKG_MT_737,2017,0.9544692039489746,0.7166666666666667,180,60,54,4.110873864173311,0.71666666595,0.8939974517926558,0.45440869971230236,0.8145724194160892
SKG_MT_605,2017,0.9381453394889832,0.7624309392265194,181,78,40,4.3694478524670215,0.7624309384640884,0.8559930384850827,0.4829910093822678,0.7999804155706023
SKG_MT_610,2017,0.9433067440986632,0.6964285714285714,112,124,33,4.8283137373023015,0.6964285707321428,0.8680095652404143,0.533713229756759,0.8002637327903944
SKG_MT_695,2017,0.941543459892273,0.7545454545454545,110,460,36,6.133398042996649,0.754545453790909,0.8639043742225267,0.6779749322463245,0.823439645938583
SKG_DIA_31,2017,0.9195449948310852,0.9310344827586208,29,36,15,3.6109179126442243,0.9310344818275862,0.8126886366521339,0.39914445630466727,0.7950033876524777
SKG_DIA_46,2017,0.9173623323440552,0.8513513513513513,74,9,62,2.302585092994046,0.8513513504999999,0.8076070698778367,0.25452366884887795,0.7610475858993735
SKG_SA_506,2017,0.9412220120429992,0.7741935483870968,93,246,32,5.5093883366279774,0.7741935476129032,0.8631559952494855,0.6089980069871823,0.8199477068959387
SKG_SA_510,2017,0.9361844062805176,0.7083333333333334,24,98,40,4.59511985013459,0.708333332625,0.8514276908429406,0.5079363914129128,0.7884596892563497
SKG_SA_511,2017,0.944217085838318,0.743421052631579,152,36,12,3.6109179126442243,0.7434210518881579,0.8701289778225128,0.39914445630466727,0.7976889404838572
SKG_SA_520,2017,0.9418527483940125,0.8066666666666666,150,0,6,0.0,0.8066666658599999,0.8646244444044494,0.0,0.7665704442551144
SKG_DIA_57,2017,0.9667665362358092,0.84375,32,17,22,2.8903717578961645,0.8437499991562499,0.9226274921825935,0.3194965634040153,0.8465389006994669
SKG_DIA_68,2017,0.9276922345161438,0.8405797101449275,138,9,23,2.302585092994046,0.8405797093043477,0.8316566368499859,0.25452366884887795,0.7757279545407475
SKG_MT_31,2017,0.9533851742744446,1.0,4,101,44,4.624972813284271,0.9999999989999999,0.8914736675570364,0.5112362849673296,0.8751551955866583
SKG_MT_1366,2017,0.8501049280166626,0.8461538461538461,78,276,53,5.6240175061873385,0.8461538453076922,0.6510217099394758,0.6216689119114436,0.6871128572103159
SKG_MT_1370,2017,0.9356157183647156,0.7837837837837838,148,1,15,0.6931471805599453,0.783783783,0.8501036997838299,0.07661925892995831,0.7594912723416768
SKG_MT_1387,2017,0.94495952129364,0.7184466019417476,103,109,43,4.700480365792417,0.718446601223301,0.8718574793037281,0.5195827557877338,0.8059478313360433
SKG_MT_38,2017,0.946625590324402,0.5735294117647058,68,1,28,0.6931471805599453,0.5735294111911764,0.875736338761255,0.07661925892995831,0.7353832452641096
SKG_MT_1239,2017,0.9447847604751588,0.7365269461077845,167,10,19,2.3978952727983707,0.7365269453712574,0.8714506098156968,0.2650590869388559,0.7838267246391248
SKG_MT_151,2017,0.9415847063064576,0.7719298245614035,57,0,14,0.0,0.7719298237894736,0.8640004020825945,0.0,0.7591862462157108
SKG_MT_168,2017,0.9440075755119324,0.7570621468926554,177,53,37,3.9889840465642745,0.7570621461355932,0.8696412062500595,0.4409352156410438,0.8042547951662646
SKG_MT_53,2017,0.936115562915802,0.8152866242038217,157,19,51,2.995732273553991,0.815286623388535,0.8512674131285214,0.33114292777883625,0.7920588066455556
SKG_MT_1359,2017,0.9385441541671752,0.7619047619047619,126,17,28,2.8903717578961645,0.761904761142857,0.856921539080042,0.3194965634040153,0.7841756859250022
SKG_MT_62,2017,0.93594491481781,0.7777777777777778,99,110,37,4.709530201312334,0.777777777,0.8508701186727793,0.5205831085416958,0.8032229493251151
SKG_MT_66,2017,0.9217388033866882,0.7701863354037267,161,11,44,2.4849066497880004,0.7701863346335404,0.8177961531516228,0.27467717009694514,0.7539622911425385
SKG_SUM_109,2017,0.9393426775932312,0.8723404255319149,47,60,26,4.110873864173311,0.8723404246595744,0.8587806217987201,0.45440869971230236,0.8210553901622492
SKG_SUM_113,2017,0.9439679980278016,0.7942857142857143,175,248,52,5.517452896464707,0.7942857134914285,0.8695490639103417,0.6098894491160927,0.8285304323471341
SKG_SUM_86,2017,0.919173538684845,0.6458333333333334,48,72,34,4.290459441148391,0.6458333326875,0.8118238308371903,0.474259770607843,0.7448693251843175
SKG_MT_665,2017,0.9428932070732116,0.7006369426751592,157,127,36,4.852030263919617,0.7006369419745222,0.8670467888052283,0.5363348125097082,0.8006936218095351
SKG_MT_1087,2018,0.9513128995895386,0.6038961038961039,154,85,28,4.454347296253507,0.6038961032922078,0.8866491002001454,0.49237564319298505,0.7906711551178418
SKG_MT_223,2018,0.9737531542778016,0.6470588235294118,34,18,28,2.9444389791664403,0.647058822882353,0.9388933905144989,0.325473058068228,0.8191844437434426
SKG_MT_240,2018,0.9232977032661438,0.7027027027027027,74,81,16,4.406719247264253,0.702702702,0.8214255066952743,0.4871109232025085,0.7642494874069428
SKG_MT_1113,2018,0.9769089818000792,0.7236842105263158,152,49,43,3.912023005428146,0.7236842098026316,0.9462406319583375,0.43242807876779754,0.8503480922081423
SKG_MT_1195,2018,0.9262431263923644,0.95,20,41,44,3.7376696182833684,0.9499999990499999,0.8282828950379014,0.4131553648484113,0.811113562821372
SKG_MT_1102,2018,0.9392736554145812,0.8131868131868132,91,53,22,3.9889840465642745,0.8131868123736263,0.8586199277785489,0.4409352156410438,0.8077648334838139
SKG_MT_1106,2018,0.9498296976089478,0.7093023255813954,172,33,32,3.5263605246161616,0.709302324872093,0.8831959827580631,0.38979763273030116,0.7990774161780928
SKG_MT_1107,2018,0.9297298192977904,0.6363636363636364,110,18,57,2.9444389791664403,0.6363636357272726,0.8364004408910396,0.325473058068228,0.7453003415760051
SKG_MT_1109,2018,0.9452890157699584,0.7291666666666666,192,139,25,4.941642422609304,0.7291666659374999,0.8726245920355973,0.5462403814602607,0.8112945857584442
SKG_MT_1110,2018,0.9394687414169312,0.8360655737704918,61,79,33,4.382026634673881,0.8360655729344262,0.8590741173536952,0.48438144563875285,0.8170031412983472
SKG_MT_281,2018,0.9449701309204102,0.75,96,304,29,5.720311776607412,0.7499999992499999,0.8718821801116649,0.632313109631222,0.8235488368912876
SKG_MT_293,2018,0.933566689491272,0.6377952755905512,127,81,34,4.406719247264253,0.6377952749527558,0.8453332521746648,0.4871109232025085,0.7680034238330674
SKG_MT_1058,2018,0.9364112615585328,0.6767676767676768,99,2,10,1.0986122886681098,0.676767676090909,0.8519558440733123,0.12143865223702852,0.7438664912932031
SKG_MT_1223,2018,0.946136474609375,0.7244897959183674,98,143,34,4.969813299576001,0.7244897951938776,0.8745976037616675,0.5493543401938903,0.8120517156913318
SKG_MT_183,2018,0.9499406814575196,0.6419753086419753,81,19,18,2.995732273553991,0.6419753079999999,0.8834543698613087,0.33114292777883625,0.7799274132807996
SKG_MT_195,2018,0.9439505338668824,0.6842105263157895,133,91,36,4.5217885770490405,0.6842105256315789,0.8695084047152554,0.4998304826567576,0.7954810366926703
SKG_SUM_120,2018,0.9439247846603394,0.8214285714285714,168,25,56,3.258096538021482,0.8214285706071428,0.8694484566870049,0.3601442078489126,0.8089140545872232
SKG_SUM_122,2018,0.9377446174621582,0.7159090909090909,176,39,38,3.6888794541139363,0.7159090901931818,0.855060097295438,0.40776218670879455,0.7825001048163224
SKG_SUM_163,2018,0.9714166522026062,0.7552447552447552,143,37,32,3.6375861597263857,0.7552447544895103,0.9334536620251229,0.4020923169981863,0.8446757460153067
SKG_SUM_164,2018,0.9429892301559448,0.75,160,94,45,4.553876891600541,0.7499999992499999,0.8672703449939119,0.5033774679871477,0.807426988144453
SKG_SUM_165,2018,0.9414148330688475,0.74,50,67,24,4.219507705176107,0.7399999992599999,0.863604911618443,0.46641689166025946,0.799165127150936
SKG_SUM_167,2018,0.9422098398208618,0.8302752293577982,218,607,67,6.410174881966167,0.8302752285275229,0.8654558069906702,0.7085693527180196,0.8427310458707755
SKG_SUM_132,2018,0.932611644268036,0.8,60,27,28,3.332204510175204,0.7999999992,0.8431097631546327,0.3683359715413411,0.787010431202377
SKG_SUM_133,2018,0.9424934387207032,0.7835051546391752,97,13,49,2.6390573296152584,0.78350515385567,0.8661160679129267,0.29171671261138277,0.792153949571321
SKG_SUM_141,2018,0.9361130595207214,0.8205128205128205,156,224,30,5.41610040220442,0.8205128196923076,0.8512615848479971,0.5986861243118963,0.8198542857632491
SKG_SUM_158,2018,0.921181321144104,0.8461538461538461,39,98,35,4.59511985013459,0.8461538453076922,0.8164982505862879,0.5079363914129128,0.7915731836132313
SKG_MT_669,2018,0.9450277090072632,0.7284768211920529,151,91,37,4.5217885770490405,0.7284768204635761,0.8720162305637245,0.4998304826567576,0.8060897737529981
SKG_MT_672,2018,0.9527654647827148,0.6972477064220184,109,24,37,3.2188758248682006,0.6972477057247706,0.8900308905900967,0.35580881983783924,0.7980520465418057
SKG_MT_684,2018,0.9191579818725586,0.6545454545454545,55,3,15,1.3862943611198906,0.654545453890909,0.8117876122367891,0.15323851785991663,0.7144842711299259
SKG_MT_691,2018,0.9372929334640504,0.7111111111111111,180,14,25,2.70805020110221,0.7111111104,0.8540085089665482,0.29934306215594814,0.7699624845721785
SKG_SUM_218,2018,0.934685230255127,0.75,208,66,28,4.204692619390966,0.7499999992499999,0.8479373834203696,0.4647792583759052,0.7900340940818493
SKG_SUM_179,2018,0.9382292628288268,0.7450980392156863,102,43,36,3.784189633918261,0.7450980384705882,0.8561884246512315,0.4182976047987725,0.7901812654298569
SKG_SA_551,2018,0.9487932324409484,0.8404255319148937,94,93,21,4.543294782270004,0.840425531074468,0.8807829358524057,0.502207740406107,0.8348539353521882
SKG_SA_552,2018,0.9430530667304992,0.7151162790697675,172,53,28,3.9889840465642745,0.7151162783546512,0.8674189661472821,0.4409352156410438,0.794310053538132
SKG_SA_558,2018,0.8994887471199036,0.8235294117647058,34,4,12,1.6094379124341003,0.8235294109411764,0.7659946733885348,0.17790440991891962,0.7186925945521015
SKG_SA_584,2018,0.9430433511734008,0.5925925925925926,81,58,26,4.07753744390572,0.5925925919999999,0.8673963468681043,0.45072375099157447,0.7707683363068304
SKG_SA_585,2018,0.939505398273468,0.7156862745098039,102,61,35,4.127134385045092,0.7156862737941176,0.8591594600328015,0.4562061088253344,0.790169487664318
SKG_SA_602,2018,0.9417406916618348,0.7484662576687117,163,499,42,6.214608098422191,0.7484662569202454,0.864363559466694,0.6869517476166754,0.8234429177724024
SKG_MT_733,2018,0.948522925376892,0.7215189873417721,158,2,24,1.0986122886681098,0.721518986620253,0.880153620324362,0.12143865223702852,0.7725551967748068
SKG_MT_734,2018,0.9437001347541808,0.7134146341463414,164,34,41,3.5553480614894135,0.7134146334329268,0.8689254378942378,0.3930018636003441,0.7902309195725862
SKG_MT_735,2018,0.9374321699142456,0.7814569536423841,151,29,40,3.4011973816621555,0.7814569528609271,0.8543326723785679,0.37596232108590644,0.7919204933457736
SKG_MT_587,2018,0.93898743391037,0.8414634146341463,82,7,3,2.0794415416798357,0.8414634137926829,0.8579535610386009,0.2298577767898749,0.7918459531645446
SKG_MT_589,2018,0.9467877149581908,0.7857142857142857,42,7,24,2.0794415416798357,0.7857142849285713,0.8761137893094969,0.2298577767898749,0.7934082871813496
SKG_MT_604,2018,0.9467791318893432,0.7407407407407407,27,37,27,3.6375861597263857,0.7407407399999999,0.8760938066334135,0.4020923169981863,0.801623044343208
SKG_MT_701,2018,0.9768739938735962,0.7272727272727273,66,116,32,4.762173934797756,0.7272727265454545,0.9461591747995811,0.5264022533930113,0.8604061930080987
SKG_SA_629,2018,0.9435287714004515,0.8064516129032258,31,2,36,1.0986122886681098,0.8064516120967741,0.8685264782154889,0.12143865223702852,0.7814027223938999
SKG_SA_631,2018,0.9292652010917664,0.7216494845360825,97,2,28,1.0986122886681098,0.721649483814433,0.8353187397794407,0.12143865223702852,0.7411968798321978
SKG_SA_632,2018,0.9275870323181152,0.84,100,25,21,3.258096538021482,0.8399999991599999,0.8314117102993801,0.3601442078489126,0.7860026178264573
SKG_SA_488,2018,0.9745271801948548,0.8066666666666666,150,198,33,5.293304824724492,0.8066666658599999,0.9406954393451886,0.5851125191523284,0.878331392628865
SKG_DIA_77,2018,0.9272133111953736,0.768,125,74,34,4.31748811353631,0.7679999992319999,0.8305416312782481,0.47724747207486773,0.7827038889486603
SKG_DIA_89,2018,0.937990665435791,0.7128205128205128,195,14,22,2.70805020110221,0.7128205121076923,0.8556329340098294,0.29934306215594814,0.7714414624440138
SKG_SA_503,2018,0.9338619112968444,0.8031088082901554,193,70,44,4.2626798770413155,0.8031088074870465,0.8460205729707839,0.47118906690309453,0.7999550692672674
SKG_DIA_54,2018,0.9720865488052368,0.6666666666666666,126,53,32,3.9889840465642745,0.6666666659999999,0.9350132821397171,0.4409352156410438,0.8319361522619063
SKG_DIA_58,2018,0.9751529693603516,0.8013698630136986,146,150,41,5.017279836814924,0.8013698622123286,0.9421523707076873,0.5546012069621856,0.8752407526340654
SKG_MT_575,2018,0.9376198053359984,0.7368421052631579,95,29,26,3.4011973816621555,0.7368421045263157,0.8547695158807247,0.37596232108590644,0.783303314130361
SKG_MT_745,2018,0.9406938552856444,0.7312252964426877,253,15,52,2.772588722239781,0.7312252957114624,0.8619263668274355,0.30647703571983326,0.7802412194934806
SKG_MT_754,2018,0.9459270238876344,0.6986301369863014,73,157,49,5.062595033026967,0.6986301362876712,0.8741099709577987,0.559610268312226,0.8075640337592159
SKG_MT_757,2018,0.952645480632782,0.7533333333333333,150,143,33,4.969813299576001,0.7533333325799999,0.8897515494306805,0.5493543401938903,0.8284281851368653
SKG_MT_717,2018,0.9755749702453612,0.6020408163265306,98,323,31,5.780743515792329,0.6020408157244898,0.9431348522817886,0.6389931268080306,0.844501872422953
SKG_SA_547,2018,0.9441124200820924,0.6981132075471698,106,219,38,5.393627546352362,0.6981132068490565,0.8698853001891621,0.5962020147176922,0.808162552973994
SKG_DIA_32,2018,0.9318658709526062,0.7604166666666666,192,14,29,2.70805020110221,0.7604166659062499,0.8413734906327174,0.29934306215594814,0.7709790828397469
SKG_DIA_34,2018,0.930377960205078,0.7457627118644068,118,233,44,5.455321115357702,0.745762711118644,0.8379094104725058,0.6030215123229696,0.7959912807867797
SKG_SA_496,2018,0.9440800547599792,0.7659574468085106,188,12,26,2.5649493574615367,0.7659574460425531,0.8698099488480973,0.2835249489189543,0.7904109482940741
SKG_SA_549,2018,0.950821042060852,0.8043478260869565,138,27,43,3.332204510175204,0.8043478252826086,0.8855039818456982,0.3683359715413411,0.8175559495026445
SKG_DIA_166,2018,0.7023890614509583,0.7708333333333334,144,350,37,5.860786223465865,0.7708333325625,0.3071169404035325,0.6478409056300397,0.4339326153579767
SKG_DIA_173,2018,0.9290919303894044,0.7848101265822784,79,8,14,2.1972245773362196,0.7848101257974682,0.8349153395060069,0.24287730447405703,0.7656904932611042
SKG_SA_367,2018,0.9339421391487122,0.7959183673469388,245,9,35,2.302585092994046,0.7959183665510203,0.8462073554847306,0.25452366884887795,0.7769811890344033
SKG_SA_314,2018,0.9382373094558716,0.8160919540229885,87,40,32,3.713572066704308,0.8160919532068965,0.8562071584100599,0.4104916642725502,0.8036125679556761
SKG_SA_381,2018,0.9326173067092896,0.6875,96,21,23,3.091042453358316,0.6874999993124999,0.8431229461701042,0.3416783458688142,0.7618538967684543
SKG_DIA_127,2018,0.9354516863822936,0.7025641025641025,195,0,35,0.0,0.7025641018615384,0.8497218086409021,0.0,0.7353180864209391
SKG_DIA_128,2018,0.9740983843803406,0.7910447761194029,67,1157,34,7.05444965813294,0.791044775328358,0.9396971381525208,0.7797863428200139,0.8939755860544375
SKG_DIA_137,2018,0.928964138031006,0.7637795275590551,127,128,38,4.859812404361672,0.7637795267952755,0.8346178196620982,0.5371950365000553,0.7907078827725295
SKG_DIA_141,2018,0.947576344013214,0.6407766990291263,103,38,29,3.6635616461296463,0.6407766983883495,0.8779498364432451,0.4049636011559828,0.7832165853035398
SKG_DIA_120,2018,0.9413851499557496,0.8172043010752689,93,181,28,5.204006687076795,0.8172043002580645,0.863535804863655,0.5752416615303371,0.8254400896092051
SKG_MT_764,2018,0.8828304409980774,0.8,60,6,21,1.9459101490553132,0.7999999992,0.7272116295566279,0.2150974536814245,0.6905578858977819
SKG_MT_777,2018,0.9347234964370728,0.8191489361702128,94,315,51,5.755742213586912,0.8191489353510638,0.8480264728512416,0.6362295272421844,0.8210712707903003
SKG_MT_566,2018,0.9471648931503296,0.7894736842105263,114,25,35,3.258096538021482,0.7894736834210526,0.8769919169084964,0.3601442078489126,0.8078034993050492
SKG_SA_459,2018,0.940744698047638,0.6341463414634146,82,15,22,2.772588722239781,0.6341463408292682,0.8620447364295136,0.30647703571983326,0.7609082872384966
SKG_SA_411,2018,0.9756183624267578,0.7631578947368421,190,49,50,3.912023005428146,0.7631578939736842,0.9432358758108772,0.43242807876779754,0.8561394997391307
SKG_SA_487,2018,0.9476884603500366,0.7375886524822695,141,71,31,4.276666119016055,0.7375886517446807,0.878210860149585,0.47273508126393193,0.8095388405800388
SKG_SA_194,2018,0.9127724766731262,0.7028985507246377,138,185,27,5.225746673713202,0.7028985500217391,0.7969211950736432,0.577644761062363,0.7561890226621343
SKG_SA_199,2018,0.9432936906814576,0.751219512195122,205,60,41,4.110873864173311,0.7512195114439024,0.867979174920538,0.45440869971230236,0.8032701947043872
SKG_SA_274,2018,0.9429465532302856,0.7282608695652174,92,73,25,4.30406509320417,0.7282608688369565,0.8671709866878304,0.47576371523462563,0.8002482359723352
SKG_SA_282,2018,0.9450911283493042,0.7464788732394366,71,8,7,2.1972245773362196,0.7464788724929576,0.8721638803370075,0.24287730447405703,0.7840982211819025
SKG_DIA_179,2018,0.9308204650878906,0.8333333333333334,30,39,45,3.6888794541139363,0.8333333325,0.8389396284394735,0.40776218670879455,0.7947006250785108
SKG_MT_799,2018,0.9510729908943176,0.6082474226804123,97,20,27,3.044522437723423,0.6082474220721649,0.886090556649897,0.336536105918453,0.7755664846612063
SKG_MT_807,2018,0.927780270576477,0.6976744186046512,43,80,28,4.394449154672439,0.6976744179069767,0.831861598048425,0.48575460894811406,0.7704134631101041
SKG_MT_540,2018,0.929294764995575,0.7818181818181819,55,117,11,4.770684624465665,0.7818181810363636,0.8353875689970615,0.5273430099215328,0.7938692354973689
SKG_MT_558,2018,0.976893424987793,0.6526315789473685,190,31,20,3.4657359027997265,0.6526315782947368,0.9462044133579366,0.38309629464979156,0.831179034474482
SKG_MT_559,2018,0.9183859825134276,0.7058823529411765,68,4,39,1.6094379124341003,0.705882352235294,0.8099902815379522,0.17790440991891962,0.7259601085155173
SKG_MT_759,2018,0.9389532208442688,0.7529411764705882,170,15,17,2.772588722239781,0.752941175717647,0.8578739078714348,0.30647703571983326,0.781747674225517
SKG_SA_324,2018,0.9223774075508118,0.839622641509434,106,31,20,3.4657359027997265,0.8396226406698113,0.8192829197596629,0.38309629464979156,0.7797322014307055
SKG_SA_326,2018,0.9488040804862976,0.8072916666666666,192,24,49,3.2188758248682006,0.807291665859375,0.8808081917346782,0.35580881983783924,0.8136049493699335
SKG_SA_327,2018,0.946130394935608,0.7842465753424658,292,38,29,3.6635616461296463,0.7842465745582191,0.8745834493661088,0.4049636011559828,0.8095540895835183
SKG_DIA_156,2018,0.9725098609924316,0.6481481481481481,54,197,23,5.288267030694535,0.6481481474999999,0.9359988166226648,0.5845556503428712,0.8432843661701526
SKG_DIA_160,2018,0.9410931468009948,0.7386363636363636,88,20,78,3.044522437723423,0.7386363628977273,0.8628559775710664,0.336536105918453,0.7853800674711372
SKG_SA_179,2018,0.9365552067756652,0.7624309392265194,181,176,31,5.176149732573829,0.7624309384640884,0.8522909702034608,0.5721624032286029,0.8063061071581005
SKG_SA_188,2018,0.9392093420028688,0.7111111111111111,45,13,21,2.6390573296152584,0.7111111104,0.8584701964765077,0.29171671261138277,0.7723230308746937
SKG_SA_203,2018,0.8514002561569214,0.8194444444444444,144,46,55,3.8501476017100584,0.8194444436249999,0.6540374288050654,0.4255884814761487,0.6642739370361607
SKG_SA_222,2018,0.9423784017562866,0.7744360902255639,133,32,41,3.4965075614664802,0.7744360894511277,0.8658482445459751,0.38649773917588437,0.7996307629899965
SKG_DIA_238,2018,0.9765106439590454,0.675,40,143,25,4.969813299576001,0.674999999325,0.9453132415120495,0.5493543401938903,0.8516547029428236
SKG_DIA_243,2018,0.9381769895553588,0.8483412322274881,211,31,69,3.4657359027997265,0.8483412313791469,0.85606672460314,0.38309629464979156,0.8072245829630065
SKG_MT_532,2018,0.9779306650161744,0.6363636363636364,143,27,41,3.332204510175204,0.6363636357272726,0.9486192642551847,0.3683359715413411,0.828139809278218
SKG_MT_818,2018,0.9462028741836548,0.6687116564417178,163,232,41,5.4510384535657,0.6687116557730061,0.8747521919641462,0.6025481144906568,0.8063236769785692
SKG_MT_821,2018,0.9171962738037108,0.7551020408163265,98,70,25,4.2626798770413155,0.7551020400612244,0.8072204606030557,0.47118906690309453,0.7631936371246933
SKG_MT_822,2018,0.9508415460586548,0.7045454545454546,88,344,23,5.84354441703136,0.704545453840909,0.8855517182385642,0.6459350269527891,0.8253887962304556
SKG_MT_825,2018,0.9402230381965636,0.7990196078431373,204,9,31,2.302585092994046,0.7990196070441177,0.8608302337831095,0.25452366884887795,0.787837451941888
SKG_MT_791,2018,0.9511405825614928,0.6727272727272727,110,57,31,4.060443010546419,0.6727272720545454,0.8862479202240536,0.4488341626724543,0.7998024148349921
SKG_SA_248,2018,0.9267614483833312,0.8026315789473685,152,4,28,1.6094379124341003,0.8026315781447368,0.8294896266436058,0.17790440991891962,0.7589594952713634
SKG_SA_256,2018,0.9447697401046752,0.8130081300813008,123,8,20,2.1972245773362196,0.8130081292682926,0.8714156401325502,0.24287730447405703,0.7968803043938494
SKG_DIA_219,2018,0.9370800852775574,0.8114285714285714,175,441,61,6.091309882077698,0.8114285706171428,0.8535129663533959,0.6733225816492554,0.8270770487357312
SKG_DIA_222,2018,0.9424152374267578,0.6458333333333334,96,76,38,4.343805421853684,0.6458333326875,0.865934003530833,0.4801565406202804,0.7833361230711111
SKG_DIA_287,2018,0.860831618309021,1.0,6,155,20,5.049856007249537,0.9999999989999999,0.6759950593747316,0.5582021190158994,0.7290167532639019
SKG_SA_90,2018,0.9447404742240906,0.6701570680628273,191,8,28,2.1972245773362196,0.6701570673926701,0.8713475047578494,0.24287730447405703,0.7682623972564343
SKG_SA_105,2018,0.925786316394806,0.8085106382978723,94,15,17,2.772588722239781,0.8085106374893616,0.8272193726107954,0.30647703571983326,0.7714033918974125
SKG_SA_106,2018,0.933968186378479,0.7916666666666666,144,0,27,0.0,0.7916666658749999,0.8462679973559004,0.0,0.7507209313241302
SKG_SA_117,2018,0.9389058351516724,0.7522123893805309,113,195,34,5.278114659230517,0.7522123886283185,0.8577635868472242,0.5834334252227655,0.8092203310409971
SKG_SA_144,2018,0.93910151720047,0.7454545454545455,55,130,19,4.875197323201151,0.7454545447090909,0.8582191641082094,0.5388956581187224,0.8037338896294369
SKG_DIA_259,2018,0.9273438453674316,0.8161764705882353,136,184,47,5.220355825078324,0.8161764697720587,0.8308455344770166,0.5770488662235869,0.802532054710682
SKG_MT_507,2018,0.9410562515258788,0.6875,112,16,41,2.833213344056216,0.6874999993124999,0.8627700798176244,0.31317837380034286,0.7727568931148714
SKG_MT_831,2018,0.9346302151679992,0.7154471544715447,246,178,54,5.187385805840755,0.7154471537560975,0.8478093000174179,0.5734044188223173,0.7938963826456438
SKG_MT_516,2018,0.9184714555740356,0.75,4,1,0,0.6931471805599453,0.7499999992499999,0.8101892756872832,0.07661925892995831,0.724794418724094
SKG_SA_153,2018,0.9371278882026672,0.7730496453900709,141,189,52,5.247024072160486,0.7730496446170212,0.8536242587576939,0.579996726917106,0.8101465827455004
SKG_SA_155,2018,0.9286897778511048,1.0,9,379,38,5.940171252720432,0.9999999989999999,0.8339790678703483,0.6566159858470643,0.8494469458939502
SKG_SA_162,2018,0.9460464715957642,0.7303370786516854,89,5,24,1.791759469228055,0.7303370779213483,0.8743880631999594,0.19805791116698682,0.7779448509409399
SKG_SA_169,2018,0.9485067129135132,0.6850393700787402,127,9,24,2.302585092994046,0.6850393693937007,0.8801158752695379,0.25452366884887795,0.7785413534523045
SKG_SA_172,2018,0.947670578956604,0.8541666666666666,48,622,43,6.434546518787453,0.8541666658124999,0.8781692295744112,0.7112633501900263,0.8566781288835904
SKG_SA_176,2018,0.9273632764816284,0.6818181818181818,44,3,17,1.3862943611198906,0.6818181811363635,0.8308907730353721,0.15323851785991663,0.7333110291380249
SKG_SA_10,2018,0.9499963521957396,0.7005494505494505,364,93,22,4.543294782270004,0.700549449848901,0.8835839797186825,0.502207740406107,0.8088394498134688
SKG_SA_18,2018,0.9445512890815736,0.6982758620689655,116,2,15,1.0986122886681098,0.6982758613706896,0.870907053272511,0.12143865223702852,0.7614339747885983
SKG_DIA_316,2018,0.9224587678909302,0.9285714285714286,14,22,9,3.1354942159291497,0.928571427642857,0.8194723388767037,0.34659196479684096,0.794004119221948
SKG_SA_28,2018,0.9303703308105468,0.7066666666666667,75,35,22,3.58351893845611,0.7066666659599999,0.8378916480937649,0.39611582233397363,0.7674690690910327
SKG_SA_31,2018,0.9347125887870787,0.7727272727272727,264,513,25,6.2422232654551655,0.7727272719545454,0.8480010782003853,0.6900042791606749,0.8171466370472462
SKG_SA_46,2018,0.9420554041862488,0.8142076502732241,183,54,44,4.007333185232471,0.8142076494590164,0.8650962575897524,0.44296349685777553,0.8127052598904074
SKG_SA_51,2018,0.9335302114486694,0.7401574803149606,127,76,46,4.343805421853684,0.7401574795748032,0.8452483258013103,0.4801565406202804,0.7877209780379059
SKG_SA_1,2018,0.9338752031326294,0.7006172839506173,324,36,35,3.6109179126442243,0.70061728325,0.8460515183649967,0.39914445630466727,0.7722739651359645
SKG_MT_855,2018,0.9319164156913756,0.7627118644067796,59,9,28,2.302585092994046,0.7627118636440677,0.841491166391875,0.25452366884887795,0.7670385560880139
SKG_MT_862,2018,0.931897759437561,0.8,55,84,37,4.442651256490317,0.7999999992,0.8414477318251107,0.4910827837192625,0.7981216904895037
SKG_MT_502,2018,0.937430739402771,0.6304347826086957,92,31,63,3.4657359027997265,0.6304347819782609,0.8543293419325539,0.38309629464979156,0.762427125213419
SKG_MT_505,2018,0.9215408563613892,0.6089743589743589,156,33,25,3.5263605246161616,0.6089743583653845,0.817335302684449,0.38979763273030116,0.7329093468252212
SKG_SA_64,2018,0.9768222570419312,0.6705882352941176,85,56,22,4.04305126783455,0.6705882346235293,0.9460387236687449,0.44691171030525656,0.8410359245233529
SKG_SA_76,2018,0.9442407488822936,0.673469387755102,98,6,30,1.9459101490553132,0.6734693870816326,0.8701840689503255,0.2150974536814245,0.7653324710496968
SKG_DIA_280,2018,0.932646095752716,0.8695652173913043,115,62,59,4.143134726391533,0.869565216521739,0.8431899713961337,0.4579747581554815,0.8099434990971894
SKG_DIA_285,2018,0.9321473836898804,0.7719298245614035,57,149,30,5.0106352940962555,0.7719298237894736,0.8420288946545369,0.5538667310048261,0.7991928641165531
SKG_QA_348,2018,0.9476916193962096,0.8055555555555556,144,169,43,5.135798437050262,0.80555555475,0.8782182148845322,0.5677020426492208,0.8326340656340946
SKG_QA_353,2018,0.9343221783638,0.8354430379746836,158,164,47,5.10594547390058,0.8354430371392404,0.8470921439757576,0.5644021490948039,0.8164933231203587
SKG_QA_354,2018,0.9436869621276855,0.7285714285714285,70,12,20,2.5649493574615367,0.728571427842857,0.8688947700371934,0.2835249489189543,0.7822931194865022
SKG_QA_367,2018,0.9745289087295532,0.7,80,52,46,3.970291913552122,0.6999999992999999,0.9406994636341218,0.4388690204383823,0.8423765264477235
SKG_QA_389,2018,0.9406694173812866,0.8017241379310345,116,67,39,4.219507705176107,0.8017241371293102,0.8618694717080316,0.46641689166025946,0.8102951467875101
SKG_QA_394,2018,0.9380871653556824,0.8092485549132948,173,156,33,5.056245805348308,0.8092485541040462,0.8558576003471839,0.5589084359551739,0.8168408746593554
SKG_QA_415,2018,0.9757397770881652,0.725,120,35,41,3.58351893845611,0.7249999992749999,0.943518547416307,0.39611582233397363,0.8450745652798122
SKG_QA_426,2018,0.950821042060852,0.8043478260869565,138,27,43,3.332204510175204,0.8043478252826086,0.8855039818456982,0.3683359715413411,0.8175559495026445
SKG_QA_450,2018,0.9412435293197632,0.7393939393939394,165,17,56,2.8903717578961645,0.7393939386545454,0.8632060907082783,0.3194965634040153,0.7840727075671053
SKG_QA_476,2018,0.9403350949287416,0.6888888888888889,135,297,36,5.697093486505405,0.6888888881999999,0.8610911187208659,0.6297466010582528,0.8035162208504314
SKG_QA_483,2018,0.976338267326355,0.7128712871287128,101,87,48,4.477336814478207,0.7128712864158415,0.9449119227673742,0.49491686372873084,0.8535042895932032
SKG_QA_432,2018,0.9340141415596008,0.7686567164179104,134,4,20,1.6094379124341003,0.7686567156492536,0.846374987934097,0.17790440991891962,0.7639842756756106
SKG_MT_472,2018,0.9448089599609376,0.7657657657657657,111,43,24,3.784189633918261,0.7657657649999999,0.8715069498607653,0.4182976047987725,0.805037778382413
SKG_MT_473,2018,0.9369128942489624,0.7653061224489796,98,13,67,2.6390573296152584,0.7653061216836734,0.8531237204755209,0.29171671261138277,0.7794194999307376
SKG_QA_490,2018,0.9418739080429076,0.7142857142857143,14,90,22,4.51085950651685,0.7142857135714286,0.8646737072517382,0.49862240260037877,0.7979909780505403
SKG_DIA_1,2018,0.933041214942932,0.603448275862069,58,211,11,5.356586274672012,0.6034482752586207,0.8441098683388907,0.5921075382982989,0.7707773167187775
SKG_QA_248,2018,0.949586033821106,0.8080808080808081,99,1,16,0.6931471805599453,0.8080808072727272,0.8826286967870282,0.07661925892995831,0.787118175098461
SKG_QA_294,2018,0.9688137769699096,0.7894736842105263,190,18,35,2.9444389791664403,0.7894736834210526,0.9273937767342413,0.325473058068228,0.8396176862050022
SKG_QA_254,2018,0.9734634160995485,0.7653631284916201,179,19,36,2.995732273553991,0.7653631277262569,0.9382188364280996,0.33114292777883625,0.8429401038228046
SKG_QA_321,2018,0.9373278617858888,0.7083333333333334,72,28,20,3.367295829986474,0.708333332625,0.854089827356721,0.372214903742496,0.7767510360489543
SKG_QA_322,2018,0.9767058491706848,0.6850393700787402,127,108,24,4.6913478822291435,0.6850393693937007,0.9457677086243635,0.5185732672657684,0.8509025966423714
SKG_QA_364,2018,0.9386377334594728,0.8,100,17,56,2.8903717578961645,0.7999999992,0.8571394057567854,0.3194965634040153,0.7919472402101512
SKG_MT_909,2018,0.9763641357421876,0.7128712871287128,101,162,40,5.093750200806762,0.7128712864158415,0.9449721483327925,0.5630541052549055,0.8603601716416136
SKG_MT_916,2018,0.9236427545547484,0.7425742574257426,202,119,41,4.787491742782046,0.7425742566831682,0.8222288380275443,0.529200838945823,0.7769951218504969
SKG_MT_920,2018,0.9562582969665528,0.5040650406504065,123,28,18,3.367295829986474,0.5040650401463413,0.8981627296073781,0.372214903742496,0.7667484091286825
SKG_MT_925,2018,0.93079936504364,0.6923076923076923,52,80,28,4.394449154672439,0.6923076916153845,0.8388905043607682,0.48575460894811406,0.7742603522704261
SKG_MT_452,2018,0.9240269660949708,0.7948717948717948,39,5,18,1.791759469228055,0.794871794076923,0.8231233403194458,0.19805791116698682,0.7549664881556952
SKG_QA_380,2018,0.9395219683647156,0.7468354430379747,79,27,47,3.332204510175204,0.7468354422911392,0.8591980376991293,0.3683359715413411,0.7876393120017525
SKG_QA_381,2018,0.9414628148078918,0.7432432432432432,148,11,24,2.4849066497880004,0.7432432424999998,0.863716620328493,0.27467717009694514,0.7807179997396395
SKG_QA_382,2018,0.9362872242927552,0.6802721088435374,147,56,28,4.04305126783455,0.6802721081632652,0.8516670666501901,0.44691171030525656,0.7769125393183117
SKG_QA_384,2018,0.9728867411613464,0.7021276595744681,188,73,70,4.30406509320417,0.7021276588723404,0.9368762503787444,0.47576371523462563,0.8438152785630518
SKG_QA_343,2018,0.9386836886405944,0.8043478260869565,92,310,41,5.739792912179234,0.8043478252826086,0.8572463963349815,0.6344665197762669,0.8243886944686354
SKG_QA_127,2018,0.9287282824516296,0.7222222222222222,90,2,26,1.0986122886681098,0.7222222214999999,0.8340687123755556,0.12143865223702852,0.7404364081865917
SKG_QA_133,2018,0.9389174580574036,0.8396946564885496,131,101,25,4.624972813284271,0.8396946556488548,0.8577906467210872,0.5112362849673296,0.819516012331265
SKG_QA_136,2018,0.9218215942382812,0.8108108108108109,74,515,51,6.246106765481563,0.81081081,0.8179889027146775,0.6904335543599719,0.8037977493362713
SKG_QA_202,2018,0.952122688293457,0.7567567567567568,148,3,34,1.3862943611198906,0.756756756,0.8885344101811826,0.15323851785991663,0.7886492901128195
SKG_QA_212,2018,0.9364317059516908,0.7333333333333333,180,59,55,4.0943445622221,0.7333333325999999,0.8520034416975943,0.45258158001586474,0.7883272337099025
SKG_QA_220,2018,0.9370929598808287,0.8952380952380953,105,31,40,3.4657359027997265,0.8952380943428571,0.8535429403675208,0.38309629464979156,0.8148373065908151
SKG_QA_176,2018,0.9300155639648438,0.6336633663366337,101,194,23,5.272999558563747,0.6336633657029702,0.8370656974823171,0.5828680110749024,0.7709654624857061
SKG_QA_177,2018,0.935450553894043,0.7746478873239436,71,43,47,3.784189633918261,0.7746478865492957,0.849719172037808,0.4182976047987725,0.791562758216202
SKG_MT_952,2018,0.9492323994636536,0.7151162790697675,172,257,30,5.552959584921617,0.7151162783546512,0.8818053827786744,0.6138142954300135,0.8216684531590035
SKG_MT_425,2018,0.9327665567398072,0.79,100,37,33,3.6375861597263857,0.78999999921,0.8434704227042217,0.4020923169981863,0.7886385274347737
SKG_MT_432,2018,0.9784326553344728,0.76,250,36,29,3.6109179126442243,0.75999999924,0.9497879732688971,0.39914445630466727,0.8567660267666948
SKG_QA_271,2018,0.9355170130729676,0.7166666666666667,60,67,49,4.219507705176107,0.71666666595,0.8498738990088709,0.46641689166025946,0.7848867516622355
SKG_QA_224,2018,0.9451125264167786,0.7363636363636363,110,1433,21,7.2682230211595655,0.7363636356272726,0.8722136982586322,0.803416470898777,0.8381639629963746
SKG_QA_229,2018,0.9418739080429076,0.819672131147541,61,90,22,4.51085950651685,0.8196721303278688,0.8646737072517382,0.49862240260037877,0.8190682614018283
SKG_QA_230,2018,0.9744961857795716,0.8125,96,158,19,5.0689042022202315,0.8124999991874999,0.940623279681554,0.5603076726754108,0.8769670628821288
SKG_QA_243,2018,0.9345355033874512,0.7658227848101266,158,67,31,4.219507705176107,0.7658227840443037,0.847588796737581,0.46641689166025946,0.7931184036911934
SKG_PAR_222,2018,0.9259433746337892,0.82,100,51,40,3.9512437185814275,0.8199999991799999,0.8275850278294052,0.43676346677887096,0.7869858659944707
SKG_PAR_225,2018,0.945687472820282,0.7966101694915254,236,10,34,2.3978952727983707,0.7966101686949152,0.8735522600190536,0.2650590869388559,0.7973145244462061
SKG_QA_38,2018,0.9301692247390748,0.6575342465753424,146,165,31,5.111987788356544,0.6575342459178082,0.8374234428916442,0.5650700558090226,0.7742102647886149
SKG_QA_40,2018,0.9400470852851868,0.8108108108108109,111,41,24,3.7376696182833684,0.81081081,0.8604205889233997,0.4131553648484113,0.8057721107312208
SKG_QA_36,2018,0.9226972460746764,0.8235294117647058,136,25,13,3.258096538021482,0.8235294109411764,0.820027551980938,0.3601442078489126,0.7747395893597832
SKG_QA_60,2018,0.9318658709526062,0.7604166666666666,192,14,29,2.70805020110221,0.7604166659062499,0.8413734906327174,0.29934306215594814,0.7709790828397469
SKG_QA_71,2018,0.9459915161132812,0.803921568627451,51,432,58,6.07073772800249,0.8039215678235294,0.8742601185655919,0.6710485722555187,0.8398712537861721
SKG_QA_72,2018,0.9481443166732788,0.8050847457627118,118,147,46,4.997212273764115,0.805084744957627,0.879272162279349,0.5523829741645838,0.8317457600035281
SKG_QA_87,2018,0.9474641680717468,0.7165775401069518,187,70,0,4.2626798770413155,0.7165775393903743,0.8776886739683218,0.47118906690309453,0.8048164863462096
SKG_MT_393,2018,0.9195404052734376,0.8319327731092437,119,16,29,2.833213344056216,0.8319327722773109,0.8126779514711729,0.31317837380034286,0.7665789578653175
SKG_MT_403,2018,0.9250303506851196,0.7722772277227723,101,4,16,1.6094379124341003,0.772277226950495,0.825459370661031,0.17790440991891962,0.7500674458447127
SKG_MT_412,2018,0.9420722723007202,0.7254901960784313,153,15,40,2.772588722239781,0.7254901953529411,0.8651355290989997,0.30647703571983326,0.7813406130118713
SKG_MT_941,2018,0.93079936504364,0.7727272727272727,22,80,28,4.394449154672439,0.7727272719545454,0.8388905043607682,0.48575460894811406,0.7903442683382582
SKG_QA_166,2018,0.9279729127883912,0.8426966292134831,178,24,33,3.2188758248682006,0.8426966283707864,0.8323100981116309,0.35580881983783924,0.7867372763360828
SKG_QA_169,2018,0.9369128346443176,0.7653061224489796,98,13,67,2.6390573296152584,0.7653061216836734,0.853123581706937,0.29171671261138277,0.7794194027927288
SKG_QA_124,2018,0.9446565508842468,0.6666666666666666,69,3,19,1.3862943611198906,0.6666666659999999,0.8711521185917004,0.15323851785991663,0.758463668000182
SKG_PAR_99,2018,0.9390777349472046,0.7073170731707317,41,1,13,0.6931471805599453,0.7073170724634146,0.8581637954432283,0.07661925892995831,0.7498399971959386
SKG_PAR_102,2018,0.9316970705986024,0.8241758241758241,91,2,24,1.0986122886681098,0.8241758233516483,0.8409804980030771,0.12143865223702852,0.7656653784961863
SKG_PAR_68,2018,0.978014349937439,0.6898148148148148,216,11,54,2.4849066497880004,0.6898148141249999,0.9488140953469979,0.27467717009694514,0.829600546577593
SKG_PAR_168,2018,0.9407747387886048,0.8067226890756303,119,5,52,1.791759469228055,0.8067226882689075,0.8621146757958056,0.19805791116698682,0.7846306018275441
SKG_PAR_114,2018,0.9466387629508972,0.7723214285714286,224,21,18,3.091042453358316,0.7723214277991071,0.8757670066182994,0.3416783458688142,0.8016690247795124
SKG_PAR_117,2018,0.9388272166252136,0.722972972972973,148,4,51,1.6094379124341003,0.72297297225,0.8575805510850434,0.17790440991891962,0.7626914212014223
SKG_PAR_151,2018,0.9149433374404908,0.7966101694915254,118,98,67,4.59511985013459,0.7966101686949152,0.801975285668326,0.5079363914129128,0.7714983728481025
SKG_PAR_152,2018,0.9400961995124816,0.7342657342657343,143,20,47,3.044522437723423,0.7342657335314685,0.8605349342365435,0.336536105918453,0.7828812112637195
SKG_PAR_155,2018,0.943034529685974,0.8181818181818182,33,66,36,4.204692619390966,0.8181818173636364,0.8673758091176853,0.4647792583759052,0.8172773556926975
SKG_PAR_161,2018,0.945472240447998,0.723404255319149,141,7,27,2.0794415416798357,0.7234042545957446,0.873051166662545,0.2298577767898749,0.7788024452619179
SKG_MT_991,2018,0.9360936284065248,0.7285714285714285,140,15,23,2.772588722239781,0.728571427842857,0.8512163462896418,0.30647703571983326,0.7722134315433039
SKG_MT_374,2018,0.9080268740653992,0.7828571428571428,175,324,31,5.783825182329737,0.7828571420742856,0.7858727179596859,0.6393337687567935,0.7706157078623166
SKG_MT_380,2018,0.9382476806640624,0.7468354430379747,158,33,36,3.5263605246161616,0.7468354422911392,0.8562313041436604,0.38979763273030116,0.7877087646318203
SKG_PAR_191,2018,0.9332680702209472,0.6896551724137931,116,68,51,4.23410650459726,0.6896551717241379,0.8446380215692622,0.4680306170338695,0.775980711146698
SKG_PAR_192,2018,0.9465969204902648,0.7448979591836735,196,50,52,3.9318256327243257,0.7448979584387755,0.8756695910723925,0.43461702603737135,0.805410008042167
SKG_PAR_214,2018,0.9537984132766724,0.7476635514018691,107,105,19,4.663439094112067,0.7476635506542055,0.8924357501493028,0.5154882793683405,0.825786563172187
SKG_NLI_10,2018,0.9524042010307312,0.6985294117647058,136,17,13,2.8903717578961645,0.6985294110661764,0.889189814203002,0.3194965634040153,0.7940884084957381
SKG_NLI_12,2018,0.9242371320724488,0.7763975155279503,161,272,74,5.60947179518496,0.7763975147515527,0.8236126383463217,0.6200610548374073,0.7938144552764764
SKG_PAR_0,2018,0.9780702590942384,0.6721311475409836,61,54,58,4.007333185232471,0.6721311468688523,0.9489442602787082,0.44296349685777553,0.8429835612546437
SKG_MT_1443,2018,0.935572624206543,0.7222222222222222,72,2,4,1.0986122886681098,0.7222222214999999,0.8500033700976611,0.12143865223702852,0.7515906685920656
SKG_PAR_4,2018,0.9551318883895874,0.7573529411764706,136,483,19,6.182084906716632,0.7573529404191176,0.8955402809085966,0.6833566917376284,0.846684453893604
SKG_PAR_38,2018,0.9376839399337769,0.8666666666666667,90,16,45,2.833213344056216,0.8666666658,0.8549188308770149,0.31317837380034286,0.8030943521539446
SKG_PAR_39,2018,0.9696551561355592,0.6808510638297872,141,75,69,4.330733340286331,0.6808510631489361,0.9293526340647527,0.4787115759281447,0.8345882140679285
SKG_PAR_42,2018,0.9316695928573608,0.7796610169491526,118,370,54,5.916202062607435,0.7796610161694915,0.840916525685893,0.6539664741198068,0.8099704186260042
SKG_PAR_76,2018,0.9289537668228148,0.788235294117647,85,2,30,1.0986122886681098,0.7882352933294117,0.8345936739284969,0.12143865223702852,0.7540064956395329
SKG_MT_1020,2018,0.9454343914985656,0.6346153846153846,104,36,37,3.6109179126442243,0.6346153839807691,0.8729630486117602,0.39914445630466727,0.7779116564548527
SKG_MT_1026,2018,0.9467790722846984,0.7445255474452555,137,37,27,3.6375861597263857,0.7445255467007298,0.8760936678648296,0.4020923169981863,0.8023799085453452
SKG_MT_364,2018,0.9313477277755736,0.7272727272727273,66,15,1,2.772588722239781,0.7272727265454545,0.8401671753327645,0.30647703571983326,0.7642192716140094
SKG_MT_985,2018,0.9394686818122864,0.7416666666666667,120,79,33,4.382026634673881,0.741666665925,0.8590739785851114,0.48438144563875285,0.7981232627584531
SKG_PAR_86,2018,0.9424020648002625,0.7979094076655052,287,270,23,5.602118820879701,0.7979094068675957,0.8659033356737884,0.6192482701100066,0.8276390433561717
SKG_PAR_88,2018,0.9713549613952636,0.6976744186046512,129,45,38,3.828641396489095,0.6976744179069767,0.933310036540773,0.4232112237267993,0.8351730315326164
SKG_PAR_93,2018,0.9353410005569458,0.7454545454545455,55,10,37,2.3978952727983707,0.7454545447090909,0.8494641153805765,0.2650590869388559,0.7702216984021073
SKG_MT_1140,2018,0.9745271801948548,0.8066666666666666,150,198,33,5.293304824724492,0.8066666658599999,0.9406954393451886,0.5851125191523284,0.878331392628865
SKG_MT_1355,2018,0.9372175335884094,0.7901234567901234,81,196,31,5.2832037287379885,0.7901234559999999,0.8538329667078984,0.5839959619324879,0.8141073640887776
SKG_MT_1369,2018,0.9713805913925172,0.7824074074074074,216,241,35,5.488937726156687,0.782407406625,0.9333697070318561,0.6067374328076701,0.8705140195280662
SKG_MT_1372,2018,0.9230079650878906,0.7608695652173914,46,5,34,1.791759469228055,0.7608695644565218,0.8207509526088749,0.19805791116698682,0.7465053708342154
SKG_MT_1402,2018,0.9420801997184752,0.7191011235955056,89,14,6,2.70805020110221,0.7191011228764044,0.8651539853206599,0.29934306215594814,0.7793623205153376
SKG_MT_1417,2018,0.9492605924606324,0.7181818181818181,110,36,31,3.6109179126442243,0.7181818174636363,0.8818710203188653,0.39914445630466727,0.8008605233463997
SKG_MT_29,2018,0.9373214840888976,0.6976744186046512,172,5,0,1.791759469228055,0.6976744179069767,0.8540749791182418,0.19805791116698682,0.7571931600808632
SKG_MT_1424,2018,0.950971245765686,0.7837837837837838,222,135,40,4.912654885736052,0.783783783,0.8858536786771581,0.5430361505902178,0.8311579467330324
SKG_MT_1433,2018,0.93970787525177,0.728,125,9,23,2.302585092994046,0.7279999992719999,0.8596308569123527,0.25452366884887795,0.7727939665779346
SKG_MT_1434,2018,0.9413671493530272,0.5909090909090909,66,35,31,3.58351893845611,0.5909090903181818,0.8634938967513128,0.39611582233397363,0.7622391280229527
SKG_MT_1452,2018,0.920352339744568,0.6310679611650486,103,20,13,3.044522437723423,0.6310679605339806,0.814568257121231,0.336536105918453,0.7300649826835032
SKG_MT_1049,2018,0.9338091015815736,0.7606837606837606,117,17,32,2.8903717578961645,0.7606837599230768,0.8458976240054378,0.3194965634040153,0.7762147451288233
SKG_MT_1054,2018,0.9381150007247924,0.6638655462184874,119,54,18,4.007333185232471,0.6638655455546217,0.8559224052758709,0.44296349685777553,0.7762151424898115
SKG_MT_339,2018,0.9334213137626648,0.7428571428571429,70,21,12,3.091042453358316,0.7428571421142857,0.8449947955985019,0.3416783458688142,0.7742356199286899
SKG_MT_1475,2018,0.9408089518547058,0.7637362637362637,182,42,33,3.7612001156935624,0.7637362629725274,0.8621943289629711,0.41575638426302675,0.7978589212948879
SKG_NLI_4,2018,0.9447844624519348,0.6621621621621622,148,43,44,3.784189633918261,0.6621621615,0.871449915972777,0.4182976047987725,0.7842771339608212
SKG_MT_197,2018,0.9468935132026672,0.7111111111111111,135,13,39,2.6390573296152584,0.7111111104,0.8763601035459421,0.29171671261138277,0.7848459658232977
SKG_MT_155,2018,0.945470929145813,0.684931506849315,73,13,26,2.6390573296152584,0.6849315061643835,0.873048113753699,0.29171671261138277,0.7772916521216042
SKG_MT_158,2018,0.9353906512260436,0.611764705882353,85,19,31,2.995732273553991,0.6117647052705882,0.8495797096109755,0.33114292777883625,0.7501730305596841
SKG_MT_1203,2018,0.9412450790405272,0.7681818181818182,220,34,23,3.5553480614894135,0.7681818174136363,0.8632096986914597,0.3930018636003441,0.7971833389267834
SKG_MT_143,2018,0.9286715388298036,0.7727272727272727,22,59,33,4.0943445622221,0.7727272719545454,0.833936604683671,0.45258158001586474,0.7835592356710652
SKG_MT_1271,2018,0.9449135065078736,0.7395833333333334,192,13,30,2.6390573296152584,0.73958333259375,0.8717503499569481,0.29171671261138277,0.7873135827497519
SKG_MT_1278,2018,0.943787395954132,0.7607655502392344,209,59,27,4.0943445622221,0.7607655494784689,0.8691285951010859,0.45258158001586474,0.8058012844680403
SKG_MT_1291,2018,0.9372216463088988,0.6041666666666666,96,133,26,4.897839799950911,0.6041666660624999,0.8538425417401881,0.5413985173058635,0.772662964161218
SKG_MT_138,2018,0.940743088722229,0.8013245033112583,151,191,29,5.2574953720277815,0.8013245025099337,0.8620409896777477,0.5811542058167783,0.8218090138580879
SKG_MT_82,2018,0.9370023608207704,0.8214285714285714,28,107,28,4.68213122712422,0.8214285706071428,0.853332012119974,0.5175544745710021,0.8133735700625105
SKG_MT_83,2018,0.9456151127815248,0.7931034482758621,145,1005,75,6.913737350659685,0.7931034474827586,0.8733837949581839,0.7642322541310637,0.8464125713803867
SKG_MT_86,2018,0.9332679510116576,0.7272727272727273,143,72,46,4.290459441148391,0.7272727265454545,0.8446377440320944,0.474259770607843,0.7841269431923412
SKG_MT_96,2018,0.9408893585205078,0.7383177570093458,107,28,29,3.367295829986474,0.7383177562710279,0.8623815277826693,0.372214903742496,0.7885521110763237
SKG_MT_1038,2018,0.9381150007247924,0.7272727272727273,77,54,18,4.007333185232471,0.7272727265454545,0.8559224052758709,0.44296349685777553,0.788896578687978
SKG_MT_416,2018,0.9232116937637328,0.9,30,131,20,4.882801922586371,0.8999999991,0.8212252636286881,0.539736257035801,0.8088313100636617
SKG_MT_64,2018,0.9503315091133118,0.7752808988764045,89,54,27,4.007333185232471,0.7752808981011236,0.8843642754660236,0.44296349685777553,0.8184075221322187
SKG_SA_636,2018,0.9354836344718932,0.7951807228915663,83,34,35,3.5553480614894135,0.7951807220963855,0.8497961886018792,0.3930018636003441,0.7931936628006269
SKG_DIA_9,2018,0.9399279356002808,0.7777777777777778,63,40,16,3.713572066704308,0.777777777,0.8601431905241583,0.4104916642725502,0.7987049551941657
SKG_SUM_46,2018,0.9393789172172546,0.7538461538461538,130,8,0,2.1972245773362196,0.7538461530923076,0.8588649930977389,0.24287730447405703,0.7762624562342845
SKG_SUM_54,2018,0.9422640800476074,0.7315436241610739,149,154,31,5.043425116919247,0.7315436234295302,0.8655820864020306,0.5574912598142957,0.807965311148757
SKG_SUM_61,2018,0.9261455535888672,0.7777777777777778,63,1,2,0.6931471805599453,0.777777777,0.8280557308660367,0.07661925892995831,0.7428564928992215
SKG_SUM_62,2018,0.9303547739982604,0.8333333333333334,132,33,48,3.5263605246161616,0.8333333325,0.8378554294933637,0.38979763273030116,0.7921452304183846
SKG_SUM_69,2018,0.9398662447929382,0.7872340425531915,47,68,20,4.23410650459726,0.7872340417659575,0.8599995650398087,0.4680306170338695,0.8062495655844445
SKG_SUM_93,2018,0.9746538400650024,0.6972477064220184,109,137,17,4.927253685157205,0.6972477057247706,0.9409903225860028,0.5446498759638279,0.8526077545515388
SKG_SUM_100,2018,0.9759857058525084,0.8214285714285714,56,13,33,2.6390573296152584,0.8214285706071428,0.9440911065935306,0.29171671261138277,0.8543211599980383
SKG_SUM_102,2018,0.9280633926391602,0.6835443037974683,79,8,26,2.1972245773362196,0.683544303113924,0.83252074882201,0.24287730447405703,0.7437611152455975
SKG_SUM_114,2018,0.9340007901191713,0.8260869565217391,92,47,41,3.871201010907891,0.8260869556956522,0.8463439037713009,0.42791568795686175,0.8004496925747272
SKG_MT_709,2018,0.9415688514709472,0.7435897435897436,117,275,42,5.62040086571715,0.7435897428461538,0.8639634896392733,0.621269134893786,0.8156193048061006
SKG_MT_659,2018,0.9307794570922852,0.8536585365853658,41,33,42,3.5263605246161616,0.8536585357317072,0.8388441556537416,0.38979763273030116,0.7969023793769906
SKG_MT_662,2018,0.9274287223815918,0.7304964539007093,141,72,42,4.290459441148391,0.7304964531702127,0.8310431409405081,0.474259770607843,0.7752554663531825
SKG_SUM_152,2018,0.9425193667411804,0.7865168539325843,178,720,50,6.580639137284949,0.7865168531460673,0.8661764322469285,0.7274121689089783,0.8363680900929613
SKG_SUM_117,2018,0.9392855763435364,0.6132075471698113,106,168,40,5.1298987149230735,0.6132075465566037,0.8586476814953317,0.5670498978379086,0.7803998761418438
SKG_SUM_176,2018,0.940156102180481,0.8529411764705882,68,60,50,4.110873864173311,0.8529411756176469,0.8606743966633759,0.45440869971230236,0.8185011827591226
SKG_SUM_219,2018,0.93965882062912,0.8695652173913043,92,174,44,5.1647859739235145,0.869565216521739,0.8595166503677929,0.5709062735192638,0.8326653259137292
SKG_SUM_161,2019,0.948292076587677,0.6935483870967742,124,357,49,5.8805329864007,0.6935483864032258,0.8796161695988685,0.6500236777522755,0.8194433637750806
SKG_SUM_159,2019,0.9275499582290648,0.8238095238095238,210,59,55,4.0943445622221,0.8238095229857142,0.8313253962401862,0.45258158001586474,0.7919478399668596
SKG_SUM_200,2019,0.946813464164734,0.6381578947368421,152,68,35,4.23410650459726,0.6381578940986842,0.8761737373377476,0.4680306170338695,0.7877562566595472
SKG_SUM_201,2019,0.9375209808349608,0.6909090909090909,165,35,25,3.58351893845611,0.6909090902181818,0.8545394375685975,0.39611582233397363,0.7759710065750519
SKG_SUM_202,2019,0.9436197280883788,0.8333333333333334,72,136,22,4.919980925828125,0.8333333325,0.8687382390745396,0.5438459580575039,0.8291680296579281
SKG_SUM_207,2019,0.9317450523376464,0.8169014084507042,71,42,32,3.7612001156935624,0.8169014076338028,0.8410922067131262,0.41575638426302675,0.7937204646522515
SKG_SUM_210,2019,0.93409264087677,0.7532467532467533,154,152,49,5.030437921392435,0.7532467524935065,0.8465577461591101,0.5560556782743998,0.7988453406375183
SKG_SUM_213,2019,0.9275212287902832,0.7463768115942029,138,123,35,4.820281565605037,0.746376810847826,0.8312585097827406,0.5328253677552928,0.784438855793013
SKG_QA_49,2019,0.9310892224311828,0.7547169811320755,159,149,56,5.0106352940962555,0.7547169803773585,0.8395653359843354,0.5538667310048261,0.794025804364989
SKG_QA_44,2019,0.9306631088256836,0.7388888888888889,180,38,32,3.6635616461296463,0.73888888815,0.8385732793779441,0.4049636011559828,0.7752754333101591
SKG_QA_43,2019,0.9279485940933228,0.6764705882352942,34,28,21,3.367295829986474,0.6764705875588235,0.8322534805293943,0.372214903742496,0.7550930442565903
SKG_QA_25,2019,0.9413636922836304,0.5568181818181818,88,5,42,1.791759469228055,0.5568181812613635,0.8634858481734462,0.19805791116698682,0.7356095210903837
SKG_QA_19,2019,0.9430410265922546,0.7454545454545455,110,121,25,4.804021044733257,0.7454545447090909,0.867390934893332,0.5310279586422607,0.8093673592313766
SKG_QA_11,2019,0.9332959055900574,0.7142857142857143,301,30,0,3.4339872044851463,0.7142857135714286,0.8447028264979497,0.3795868498953761,0.7721078062523881
SKG_QA_81,2019,0.9276712536811828,0.8115942028985508,69,302,47,5.713732805509369,0.8115942020869565,0.8316077903084484,0.6315858818444099,0.8076028818177462
SKG_QA_77,2019,0.9390323758125304,0.7469879518072289,166,48,35,3.8918202981106265,0.7469879510602409,0.8580581925508705,0.430194907362849,0.7930578157339423
SKG_SUM_169,2019,0.9416730999946594,0.6836734693877551,196,37,43,3.6375861597263857,0.6836734687040815,0.8642061958925367,0.4020923169981863,0.7818882625654104
SKG_SUM_168,2019,0.9346845746040344,0.768,125,31,79,3.4657359027997265,0.7679999992319999,0.8479358569659465,0.38309629464979156,0.7854647291875416
SKG_SUM_126,2019,0.9111997485160828,0.0,31,27,30,3.332204510175204,0.0,0.793259647218524,0.3683359715413411,0.5921153502071009
SKG_SUM_125,2019,0.9282922744750975,0.6264367816091954,174,158,39,5.0689042022202315,0.6264367809827586,0.8330536201842343,0.5603076726754108,0.7644556575930568
SKG_SUM_124,2019,0.9197368621826172,0.8717948717948718,117,110,64,4.709530201312334,0.8717948709230768,0.8131353327237487,0.5205831085416958,0.795612017945409
SKG_SUM_115,2019,0.9359052777290344,0.7477477477477478,111,34,36,3.5553480614894135,0.7477477469999999,0.8507778375644776,0.3930018636003441,0.7843942220551686
SKG_SUM_153,2019,0.9323142766952516,0.6666666666666666,27,44,33,3.8066624897703196,0.6666666659999999,0.8424174466894925,0.4207817143929766,0.7651037173219424
SKG_SUM_149,2019,0.9385773539543152,0.704,125,47,36,3.871201010907891,0.7039999992959999,0.8569988331812816,0.42791568795686175,0.7834907518817832
SKG_SUM_156,2019,0.9370412826538086,0.7575757575757576,132,16,31,2.833213344056216,0.7575757568181818,0.8534226280052687,0.31317837380034286,0.7802288283473586
SKG_SUM_137,2019,0.9370412826538086,0.8352941176470589,85,16,31,2.833213344056216,0.8352941168117647,0.8534226280052687,0.31317837380034286,0.7957725003460752
SKG_MT_1136,2019,0.9329660534858704,0.6707317073170732,164,29,42,3.4011973816621555,0.6707317066463414,0.843934881154577,0.37596232108590644,0.7624969902460628
SKG_MT_1135,2019,0.9797856211662292,0.8666666666666667,15,16,12,2.833213344056216,0.8666666658,0.95293788135513,0.31317837380034286,0.8717076874886253
SKG_MT_1134,2019,0.9773168563842772,0.788135593220339,118,119,45,4.787491742782046,0.7881355924322033,0.9471902253780518,0.529200838945823,0.8735803601456591
SKG_SUM_183,2019,0.9111997485160828,0.8333333333333334,126,27,30,3.332204510175204,0.8333333325,0.793259647218524,0.3683359715413411,0.758782016707101
SKG_SUM_182,2019,0.9282957315444946,0.7439024390243902,164,10,49,2.3978952727983707,0.7439024382804877,0.8330616687621015,0.2650590869388559,0.7584295644834541
SKG_MT_674,2019,0.9839297533035278,0.6788321167883211,137,9,34,2.302585092994046,0.6788321161094889,0.9625860446888247,0.25452366884887795,0.8350290213889628
SKG_SUM_73,2019,0.943616271018982,0.7457627118644068,59,36,36,3.6109179126442243,0.745762711118644,0.8687301904966732,0.39914445630466727,0.7971781212018667
SKG_SUM_58,2019,0.9381588101387024,0.691358024691358,81,63,38,4.1588830833596715,0.6913580239999999,0.856024400185047,0.4597155535797498,0.7834602402875079
SKG_SUM_57,2019,0.9418963193893432,0.6774193548387096,155,32,30,3.4965075614664802,0.6774193541612902,0.8647258842392893,0.38649773917588437,0.779441763717349
SKG_SUM_79,2019,0.9166313409805298,0.75,160,1570,38,7.359467638255621,0.7499999992499999,0.805905211964732,0.8135024889037842,0.7954838971156908
SKG_SUM_112,2019,0.9437150955200196,0.7317073170731707,164,178,61,5.187385805840755,0.7317073163414634,0.8689602688088004,0.5734044188223173,0.8119540933166847
SKG_SUM_101,2019,0.945541262626648,0.7094594594594594,148,53,38,3.9889840465642745,0.7094594587499999,0.8732118606827158,0.4409352156410438,0.7972337157920054
SKG_SUM_127,2019,0.9138900637626648,0.6935483870967742,124,32,42,3.4965075614664802,0.6935483864032258,0.7995231060220054,0.38649773917588437,0.7370256254136374
SKG_MT_1192,2019,0.948434054851532,0.7319587628865979,97,50,37,3.9318256327243257,0.7319587621546391,0.8799467163657484,0.43461702603737135,0.8058161564906888
SKG_MT_1185,2019,0.9483238458633424,0.75,16,45,49,3.828641396489095,0.7499999992499999,0.8796901332540942,0.4232112237267993,0.8081042155005458
SKG_MT_1184,2019,0.9523371458053588,0.7445652173913043,184,2,23,1.0986122886681098,0.744565216646739,0.8890336995461001,0.12143865223702852,0.7833804982353207
SKG_MT_242,2019,0.9039952158927916,0.625,48,3,11,1.3862943611198906,0.624999999375,0.7764864109438342,0.15323851785991663,0.6838643393216756
SKG_MT_235,2019,0.945814311504364,0.754601226993865,163,12,36,2.5649493574615367,0.7546012262392637,0.8738475595656197,0.2835249489189543,0.7909660318356818
SKG_MT_232,2019,0.9420326948165894,0.7419354838709677,155,1,35,0.6931471805599453,0.7419354831290322,0.8650433867592817,0.07661925892995831,0.7615793932502996
SKG_MT_222,2019,0.9483203887939452,0.7164179104477612,67,13,32,2.6390573296152584,0.7164179097313432,0.8796820846762268,0.29171671261138277,0.7882327124807657
SKG_MT_1150,2019,0.94740629196167,0.6764705882352942,68,9,35,2.302585092994046,0.6764705875588235,0.8775539296733429,0.25452366884887795,0.7750342351679925
SKG_MT_263,2019,0.5704745054244995,0.7077922077922078,154,8,12,2.1972245773362196,0.7077922070844155,0.0,0.24287730447405703,0.1658461718642888
SKG_DIA_6,2019,0.9230955243110656,0.7415730337078652,89,1,12,0.6931471805599453,0.7415730329662921,0.8209548036586423,0.07661925892995831,0.7306448950473039
SKG_SUM_51,2019,0.9398590922355652,0.735,200,12,35,2.5649493574615367,0.7349999992649999,0.8599829128097392,0.2835249489189543,0.7773405337117127
SKG_SUM_47,2019,0.9374749064445496,0.8378378378378378,37,9,23,2.302585092994046,0.8378378369999999,0.8544321694532333,0.25452366884887795,0.7911224529021511
SKG_MT_292,2019,0.946742057800293,0.7092198581560284,141,10,0,2.3978952727983707,0.7092198574468085,0.8760074925742201,0.2650590869388559,0.7815551249852013
SKG_MT_276,2019,0.9361168146133424,0.6872427983539094,243,23,41,3.1780538303479458,0.6872427976666666,0.8512703272687838,0.35129642902690345,0.7684674315241724
SKG_MT_271,2019,0.9457899332046508,0.7215189873417721,79,21,33,3.091042453358316,0.721518986620253,0.8737908032147992,0.3416783458688142,0.7901251941612915
SKG_MT_1088,2019,0.93646240234375,0.7883211678832117,137,4,39,1.6094379124341003,0.7883211670948905,0.852074907518309,0.17790440991891962,0.7719071096736864
SKG_MT_214,2019,0.9395207166671752,0.6842105263157895,133,8,64,2.1972245773362196,0.6842105256315789,0.8591951235588668,0.24287730447405703,0.7625664220649283
SKG_MT_213,2019,0.9491218328475952,0.8037383177570093,107,86,37,4.465908118654584,0.8037383169532709,0.8815479670555164,0.4936535559795245,0.827196595927468
SKG_MT_202,2019,0.9430424571037292,0.6928571428571428,140,4,25,1.6094379124341003,0.6928571421642856,0.8673942653393459,0.17790440991891962,0.7635378551622912
SKG_MT_95,2019,0.9309028387069702,0.7048192771084337,166,36,42,3.6109179126442243,0.7048192764036144,0.8391314066224408,0.39914445630466727,0.7682702855468981
SKG_MT_1196,2019,0.9262198209762572,0.6435643564356436,101,27,35,3.332204510175204,0.6435643557920792,0.8282286365215915,0.3683359715413411,0.7453065138776641
SKG_SUM_96,2019,0.9432811737060548,0.782608695652174,161,100,55,4.61512051684126,0.7826086948695652,0.8679500335179163,0.5101472296073815,0.8151014853971926
SKG_SUM_95,2019,0.9424155354499816,0.7437185929648241,199,52,36,3.970291913552122,0.7437185922211055,0.8659346973737524,0.4388690204383823,0.798784908649686
SKG_SUM_94,2019,0.9497200846672058,0.8645833333333334,96,61,76,4.127134385045092,0.86458333246875,0.8829407873322477,0.4562061088253344,0.8365958285088568
SKG_SUM_21,2019,0.9282922744750975,0.6600985221674877,203,158,39,5.0689042022202315,0.6600985215073891,0.8330536201842343,0.5603076726754108,0.7711880056979828
SKG_SA_628,2019,0.934177041053772,0.7518248175182481,137,25,35,3.258096538021482,0.7518248167664233,0.8467542424739304,0.3601442078489126,0.7791073538699271
SKG_SA_623,2019,0.9372504949569702,0.7849462365591398,93,3,28,1.3862943611198906,0.7849462357741934,0.8539097057348022,0.15323851785991663,0.770049892955192
SKG_SA_610,2019,0.9298498034477234,0.6544117647058824,272,292,38,5.680172609017068,0.6544117640514705,0.836679782050456,0.6278761972970289,0.7793458199753163
SKG_DIA_4,2019,0.9387041330337524,0.7403846153846154,104,10,25,2.3978952727983707,0.7403846146442308,0.8572939939592638,0.2650590869388559,0.7746886273942163
SKG_DIA_0,2019,0.942034125328064,0.7949640287769785,278,46,41,3.8501476017100584,0.7949640279820144,0.8650467172052956,0.4255884814761487,0.8070843557877247
SKG_MT_1241,2019,0.9455690383911132,0.5694444444444444,144,2,27,1.0986122886681098,0.5694444438749999,0.8732765268428189,0.12143865223702852,0.737326322788676
SKG_MT_1179,2019,0.9491453170776368,0.6923076923076923,78,15,27,2.772588722239781,0.6923076916153845,0.8816026418775783,0.30647703571983326,0.7862310912093651
SKG_MT_1176,2019,0.937981903553009,0.8469387755102041,98,3,20,1.3862943611198906,0.8469387746632653,0.8556125350279943,0.15323851785991663,0.7836403812382406
SKG_MT_75,2019,0.9461262822151184,0.7622950819672131,244,38,31,3.6635616461296463,0.762295081204918,0.8745738743338185,0.4049636011559828,0.8051570883902548
SKG_MT_189,2019,0.923995316028595,0.7924528301886793,159,53,33,3.9889840465642745,0.7924528293962264,0.8230496542013879,0.4409352156410438,0.7787188453843211
SKG_MT_1217,2019,0.9479929208755492,0.5869565217391305,92,5,21,1.791759469228055,0.5869565211521739,0.8789196900762106,0.19805791116698682,0.7524408784004808
SKG_MT_1216,2019,0.9493759274482728,0.7540983606557377,61,8,18,2.1972245773362196,0.7540983599016392,0.8821395375287363,0.24287730447405703,0.792605078697849
SKG_SUM_37,2019,0.9822511672973632,0.7,30,100,37,4.61512051684126,0.6999999992999999,0.9586780438286765,0.5101472296073815,0.8620893535008117
SKG_SUM_31,2019,0.9484333992004396,0.7604562737642585,263,121,32,4.804021044733257,0.7604562730038021,0.8799451899113256,0.5310279586422607,0.8211556834029144
SKG_SUM_30,2019,0.9414189457893372,0.7741935483870968,93,15,51,2.772588722239781,0.7741935476129032,0.8636144866507331,0.30647703571983326,0.7900165537500771
SKG_DIA_8,2019,0.9480792880058287,0.8125,176,84,102,4.442651256490317,0.8124999991874999,0.8791207657543001,0.4910827837192625,0.8269928142374362
SKG_DIA_30,2019,0.9137243032455444,0.7526881720430108,186,57,34,4.060443010546419,0.7526881712903225,0.7991371905901442,0.4488341626724543,0.754817083938411
SKG_MT_703,2019,0.9372583627700806,0.6694214876033058,121,7,28,2.0794415416798357,0.6694214869338843,0.8539280231878786,0.2298577767898749,0.7546196912972793
SKG_MT_702,2019,0.9323318600654602,0.7169811320754716,53,86,42,4.465908118654584,0.7169811313584905,0.8424583834217465,0.4936535559795245,0.7824824502648731
SKG_MT_696,2019,0.9419373273849488,0.7341772151898734,79,6,27,1.9459101490553132,0.7341772144556962,0.8648213570250217,0.2150974536814245,0.7737201381767969
SKG_MT_609,2019,0.9474915266036988,0.6888888888888889,180,1,38,0.6931471805599453,0.6888888881999999,0.877752368748338,0.07661925892995831,0.7598663616568324
SKG_MT_602,2019,0.9186558723449708,0.7171717171717171,99,20,23,3.044522437723423,0.7171717164545454,0.8106186256859093,0.336536105918453,0.7445209918628909
SKG_MT_597,2019,0.951637089252472,0.7124183006535948,153,33,40,3.5263605246161616,0.7124182999411764,0.8874038625280466,0.38979763273030116,0.802646127030898
SKG_DIA_23,2019,0.9266420602798462,0.7037037037037037,54,45,37,3.828641396489095,0.703703703,0.829211673170029,0.4232112237267993,0.7635100341917002
SKG_MT_1261,2019,0.9360628128051758,0.6395348837209303,86,2,46,1.0986122886681098,0.6395348830813953,0.8511446029317588,0.12143865223702852,0.7358520638922129
SKG_MT_142,2019,0.9392779469490052,0.7757009345794392,107,47,57,3.871201010907891,0.7757009338037383,0.8586299191165911,0.42791568795686175,0.7989726989380476
SKG_MT_1198,2019,0.9254704713821412,0.75,68,14,17,2.70805020110221,0.7499999992499999,0.8264840378846423,0.29934306215594814,0.7584731325848444
SKG_MT_1197,2019,0.9475498199462892,0.7567567567567568,37,74,26,4.31748811353631,0.756756756,0.8778880844234045,0.47724747207486773,0.8135977575038699
SKG_MT_172,2019,0.9435999989509584,0.6666666666666666,102,96,29,4.574710978503383,0.6666666659999999,0.868692306673265,0.5056804309706926,0.7919859909683548
SKG_MT_159,2019,0.9437599182128906,0.7307692307692307,156,73,70,4.30406509320417,0.7307692300384614,0.8690646227839024,0.47576371523462563,0.8020754534798866
SKG_MT_154,2019,0.9464259147644044,0.8271028037383178,214,10,44,2.3978952727983707,0.827102802911215,0.8752714640051477,0.2650590869388559,0.8046164940797319
SKG_SA_581,2019,0.9405527114868164,0.6341463414634146,164,39,35,3.6888794541139363,0.6341463408292682,0.8615977628207306,0.40776218670879455,0.7707239208112445
SKG_MT_721,2019,0.9491467475891112,0.7336956521739131,184,315,30,5.755742213586912,0.7336956514402174,0.8816059723235917,0.6362295272421844,0.8274862636387762
SKG_MT_128,2019,0.9371567964553832,0.7101449275362319,69,14,17,2.70805020110221,0.710144926826087,0.8536915615208912,0.29934306215594814,0.7695473846454359
SKG_MT_125,2019,0.9735038876533508,0.4923076923076923,65,25,22,3.258096538021482,0.49230769181538453,0.938313060296576,0.3601442078489126,0.7912951013555714
SKG_MT_1301,2019,0.9391237497329712,0.6851851851851852,54,77,21,4.356708826689592,0.6851851845,0.8582709247900089,0.4815828600859411,0.7859849702616003
SKG_MT_1296,2019,0.9836074113845824,0.6372549019607843,204,61,55,4.127134385045092,0.6372549013235294,0.9618355841870249,0.4562061088253344,0.8463565000781568
SKG_MT_1285,2019,0.9348573684692384,0.8876404494382022,89,55,44,4.02535169073515,0.8876404485505617,0.8483381470907095,0.4449552304712995,0.8158603157207389
SKG_MT_1234,2019,0.9411894083023072,0.7524752475247525,101,17,38,2.8903717578961645,0.7524752467722772,0.8630800888340858,0.3194965634040153,0.786600767878717
SKG_MT_1267,2019,0.9524520039558412,0.6507936507936508,189,1,48,0.6931471805599453,0.6507936501428571,0.8893011066073002,0.07661925892995831,0.7603314305466774
SKG_SA_598,2019,0.9350866079330444,0.7525773195876289,97,20,28,3.044522437723423,0.7525773188350515,0.8488718510644374,0.336536105918453,0.7783793701039619
SKG_SA_587,2019,0.915845513343811,0.7741935483870968,31,1,0,0.6931471805599453,0.7741935476129032,0.8040756869544275,0.07661925892995831,0.7253536162836757
SKG_SA_543,2019,0.9214078783988952,0.6971830985915493,142,87,33,4.477336814478207,0.697183097894366,0.8170257099737396,0.49491686372873084,0.760846302933364
SKG_SA_541,2019,0.947109043598175,0.7037037037037037,135,26,37,3.295836866004329,0.703703703,0.8768618907453702,0.3643159567110855,0.7909756597928677
SKG_SA_525,2019,0.9429548382759094,0.7132867132867133,143,50,21,3.9318256327243257,0.7132867125734266,0.8671902755209943,0.43461702603737135,0.7931522379831184
SKG_SA_576,2019,0.9351121783256532,0.7834394904458599,157,11,53,2.4849066497880004,0.7834394896624204,0.8489313827869361,0.27467717009694514,0.7784075828930338
SKG_SA_555,2019,0.9287111163139344,0.8571428571428571,21,24,40,3.2188758248682006,0.8571428562857142,0.834028747023389,0.35580881983783924,0.7908295761572991
SKG_SA_553,2019,0.9321542978286744,0.0,134,348,20,5.855071922202427,0.0,0.8420449918102709,0.6472092569118649,0.6541524199583761
SKG_DIA_66,2019,0.9510451555252076,0.6989247311827957,93,126,34,4.844187086458591,0.6989247304838709,0.88602575172121,0.5354678415956312,0.8135497564611843
SKG_DIA_62,2019,0.91977059841156,0.7938931297709924,131,39,46,3.6888794541139363,0.7938931289770992,0.813213875742243,0.40776218670879455,0.7688045574858694
SKG_MT_113,2019,0.9468711614608764,0.7523809523809524,105,153,63,5.0369526024136295,0.7523809516285713,0.8763080653269746,0.5567757995502387,0.8195694160096203
SKG_MT_111,2019,0.9826110005378724,0.6844919786096256,187,37,31,3.6375861597263857,0.6844919779251336,0.9595157897697576,0.4020923169981863,0.8487686801236756
SKG_MT_106,2019,0.9323573112487792,0.6846846846846847,111,11,30,2.4849066497880004,0.6846846839999999,0.842517637607077,0.27467717009694514,0.7541670001346483
SKG_MT_101,2019,0.9427650570869446,0.7413793103448276,116,7,34,2.0794415416798357,0.7413793096034482,0.8667484363498165,0.2298577767898749,0.7779855450445486
SKG_MT_98,2019,0.92355477809906,0.695364238410596,151,21,17,3.091042453358316,0.6953642377152317,0.8220240155976892,0.3416783458688142,0.7486574930483102
SKG_MT_90,2019,0.9490181803703308,0.6578947368421053,114,41,34,3.7376696182833684,0.6578947361842106,0.8813066484880924,0.4131553648484113,0.7898091376633479
SKG_MT_1321,2019,0.9456954002380372,0.652542372881356,118,37,44,3.6375861597263857,0.6525423722288135,0.8735707162407143,0.4020923169981863,0.7822172075140813
SKG_MT_134,2019,0.923208236694336,0.7864077669902912,206,37,37,3.6375861597263857,0.7864077662038834,0.8212172150508216,0.4020923169981863,0.7723428354761703
SKG_MT_130,2019,0.94740092754364,0.6296296296296297,108,52,55,3.970291913552122,0.629629629,0.8775414405007902,0.4388690204383823,0.7840918361943913
SKG_DIA_27,2019,0.9255094528198242,0.8421052631578947,95,247,28,5.5134287461649825,0.8421052623157893,0.8265747925385208,0.609444626685251,0.8079678699086474
SKG_DIA_51,2019,0.927747130393982,0.7185185185185186,135,8,27,2.1972245773362196,0.7185185178,0.8317844427157698,0.24287730447405703,0.7502405439084446
SKG_DIA_50,2019,0.9370492100715636,0.7555555555555555,90,6,44,1.9459101490553132,0.7555555547999999,0.8534410842269289,0.2150974536814245,0.7700296152869925
SKG_DIA_44,2019,0.942919373512268,0.7741935483870968,93,16,12,2.833213344056216,0.7741935476129032,0.867107708213566,0.31317837380034286,0.793131942652111
SKG_DIA_36,2019,0.9078766703605652,0.753731343283582,134,76,50,4.343805421853684,0.7537313425298506,0.7855230211282261,0.4801565406202804,0.7486280373577564
SKG_DIA_84,2019,0.9400274157524108,0.8225806451612904,62,37,29,3.6375861597263857,0.8225806443387097,0.8603747952907083,0.4020923169981863,0.8069877172710562
SKG_DIA_76,2019,0.9365172386169434,0.6597222222222222,144,53,28,3.9889840465642745,0.6597222215624999,0.8522025746155087,0.4409352156410438,0.7725797681074604
SKG_SA_479,2019,0.981286346912384,0.7388059701492538,134,26,47,3.295836866004329,0.7388059694104477,0.9564317967608826,0.3643159567110855,0.8536950472858159
SKG_SA_464,2019,0.9478541612625122,0.7435897435897436,156,4,33,1.6094379124341003,0.7435897428461538,0.8785966368128623,0.17790440991891962,0.7815260353301262
SKG_MT_1043,2019,0.9457147717475892,0.6372549019607843,204,208,23,5.342334251964811,0.6372549013235294,0.8736158160304858,0.590532145007084,0.7980352659867543
SKG_MT_307,2019,0.9394322633743286,0.7169811320754716,53,7,14,2.0794415416798357,0.7169811313584905,0.8589891909803408,0.2298577767898749,0.7676744376369241
SKG_MT_303,2019,0.9524941444396972,0.7027027027027027,74,74,30,4.31748811353631,0.702702702,0.889399215996126,0.47724747207486773,0.8108447388047749
SKG_MT_298,2019,0.9308093786239624,0.6494845360824743,97,27,0,3.332204510175204,0.6494845354329897,0.8389138174828658,0.3683359715413411,0.7539701764787381
SKG_MT_1083,2019,0.9832391738891602,0.7807017543859649,114,66,22,4.204692619390966,0.7807017536052631,0.9609782718756128,0.4647792583759052,0.875303066871572
SKG_MT_1070,2019,0.9353073835372924,0.8048780487804879,82,126,37,4.844187086458591,0.8048780479756097,0.8493858498992496,0.5354678415956312,0.8090924886841597
SKG_MT_1066,2019,0.9536851644515992,0.7272727272727273,99,17,27,2.8903717578961645,0.7272727265454545,0.8921720898398691,0.3194965634040153,0.8019246645374006
SKG_MT_756,2019,0.9399067163467408,0.7522935779816514,109,9,27,2.302585092994046,0.7522935772293577,0.8600937889082857,0.25452366884887795,0.7779767345665594
SKG_MT_751,2019,0.917375385761261,0.7565217391304347,115,52,34,3.970291913552122,0.7565217383739129,0.8076374601977135,0.4388690204383823,0.7605374718570204
SKG_MT_750,2019,0.9414006471633912,0.6728395061728395,162,4,22,1.6094379124341003,0.6728395054999999,0.8635718846954723,0.17790440991891962,0.7568586613787226
SKG_MT_580,2019,0.9331437349319458,0.7894736842105263,38,20,11,3.044522437723423,0.7894736834210526,0.8443485503032206,0.336536105918453,0.7825923324883103
SKG_MT_577,2019,0.946174144744873,0.625,56,1,17,0.6931471805599453,0.624999999375,0.8746853055067003,0.07661925892995831,0.744941639622686
SKG_SA_444,2019,0.9817517995834352,0.6756756756756757,111,16,24,2.833213344056216,0.6756756749999999,0.9575154406326568,0.31317837380034286,0.8367137808228939
SKG_SA_440,2019,0.9363883137702942,0.7582417582417582,182,358,44,5.883322388488279,0.7582417574835164,0.8519024181685056,0.6503320133075544,0.8130132455454127
SKG_SA_436,2019,0.9370406866073608,0.75,204,8,26,2.1972245773362196,0.7499999992499999,0.8534212403194296,0.24287730447405703,0.7716825985210064
SKG_DIA_96,2019,0.9318154454231262,0.7464788732394366,142,12,27,2.5649493574615367,0.7464788724929576,0.8412560924107273,0.2835249489189543,0.766527534077996
SKG_MT_1061,2019,0.9374902844429016,0.7906976744186046,129,2,26,1.0986122886681098,0.7906976736279069,0.8544679717478827,0.12143865223702852,0.7684109801728021
SKG_MT_60,2019,0.9558637738227844,0.8059701492537313,134,43,27,3.784189633918261,0.8059701484477612,0.89724422035046,0.4182976047987725,0.8310947444147515
SKG_MT_73,2019,0.9304546117782592,0.6702127659574468,94,28,26,3.367295829986474,0.6702127652872341,0.8380878668714173,0.372214903742496,0.7579255502416885
SKG_MT_70,2019,0.9416748881340028,0.7848101265822784,237,611,44,6.416732282512326,0.7848101257974682,0.8642103589500544,0.7092941961343164,0.8328386960379633
SKG_MT_68,2019,0.9481401443481444,0.6,100,13,32,2.6390573296152584,0.5999999993999999,0.8792624484784749,0.29171671261138277,0.7646553850760707
SKG_MT_67,2019,0.9360440373420716,0.6194690265486725,113,6,25,1.9459101490553132,0.6194690259292035,0.8511008908278265,0.2150974536814245,0.7411741741334616
SKG_MT_608,2019,0.9424607157707214,0.7948717948717948,78,28,30,3.367295829986474,0.794871794076923,0.8660398839603585,0.372214903742496,0.8024237679618851
SKG_MT_508,2019,0.9255274534225464,0.782608695652174,138,44,37,3.8066624897703196,0.7826086948695652,0.8266167006508625,0.4207817143929766,0.7772316008688145
SKG_MT_336,2019,0.9289580583572388,0.6970954356846473,241,58,46,4.07753744390572,0.6970954349875518,0.8346036652665388,0.45072375099157447,0.7687140277832449
SKG_SA_521,2019,0.9504373669624328,0.6428571428571429,98,49,17,3.912023005428146,0.6428571422142857,0.8846107284710523,0.43242807876779754,0.7910417462493735
SKG_SA_516,2019,0.9379437565803528,0.6587301587301587,252,2,42,1.0986122886681098,0.6587301580714285,0.8555237231342901,0.12143865223702852,0.7427565030319917
SKG_DIA_90,2019,0.9400121569633484,0.6833333333333333,120,74,52,4.31748811353631,0.68333333265,0.8603392705332269,0.47724747207486773,0.7866289031107456
SKG_MT_562,2019,0.9297504425048828,0.6428571428571429,140,76,64,4.343805421853684,0.6428571422142857,0.8364484548210737,0.4801565406202804,0.7621010008796367
SKG_MT_561,2019,0.950547993183136,0.7731958762886598,194,26,37,3.295836866004329,0.7731958755154639,0.8848682829627944,0.3643159567110855,0.8104785688481574
SKG_MT_780,2019,0.9383462071418762,0.7241379310344828,29,3,37,1.3862943611198906,0.7241379303103448,0.8564606886128684,0.15323851785991663,0.7596739198770686
SKG_MT_773,2019,0.9466779828071594,0.6,10,12,38,2.5649493574615367,0.5999999993999999,0.875858316346514,0.2835249489189543,0.7614533162144551
SKG_MT_765,2019,0.957821488380432,0.8048780487804879,82,25,31,3.258096538021482,0.8048780479756097,0.9018020744890707,0.3601442078489126,0.8282514825223626
SKG_SA_378,2019,0.9368280172348022,0.7477477477477478,111,17,30,2.8903717578961645,0.7477477469999999,0.8529261140120293,0.3194965634040153,0.7785474855488219
SKG_SA_376,2019,0.922171413898468,0.7553956834532374,139,0,0,0.0,0.7553956826978416,0.8188033355336608,0.0,0.7242414714131309
SKG_MT_1374,2019,0.946532428264618,0.7677419354838709,155,8,24,2.1972245773362196,0.767741934716129,0.8755194434645995,0.24287730447405703,0.7906997278158512
SKG_MT_1371,2019,0.9449119567871094,0.806060606060606,165,37,48,3.6375861597263857,0.8060606052545454,0.8717467419737661,0.4020923169981863,0.8116440721323639
SKG_MT_34,2019,0.9301128387451172,0.7976190476190477,84,3,23,1.3862943611198906,0.7976190468214286,0.8372921678112625,0.15323851785991663,0.7609521786181612
SKG_MT_1358,2019,0.9341999292373656,0.7040816326530612,98,4,19,1.6094379124341003,0.7040816319489795,0.8468075296101526,0.17790440991891962,0.7513720381087947
SKG_MT_1357,2019,0.9409836530685424,0.696,125,17,33,2.8903717578961645,0.6959999993039999,0.8626010596824188,0.3194965634040153,0.7749703979788947
SKG_MT_1350,2019,0.9180939793586732,0.7294117647058823,85,5,0,1.791759469228055,0.7294117639764705,0.8093104542453646,0.19805791116698682,0.7322054618837479
SKG_MT_1275,2019,0.9373914003372192,0.6216216216216216,37,0,15,0.0,0.621621621,0.8542377546671717,0.0,0.7222907524670201
SKG_SA_455,2019,0.9363623857498168,0.6956521739130435,230,414,34,6.028278520230698,0.6956521732173913,0.8518420538345034,0.6663552067979838,0.802055393007429
SKG_SA_446,2019,0.9150816798210144,0.7580645161290323,124,30,21,3.4339872044851463,0.7580645153709676,0.802297367551587,0.3795868498953761,0.7511797453498419
SKG_SA_348,2019,0.9289849996566772,0.7105263157894737,38,25,17,3.258096538021482,0.7105263150789473,0.8346663886664674,0.3601442078489126,0.7623861558672079
SKG_DIA_123,2019,0.9285281896591188,0.8041666666666667,240,1,0,0.6931471805599453,0.8041666658625,0.8336028662393611,0.07661925892995831,0.7520172654330486
SKG_DIA_113,2019,0.9399513006210328,0.6875,128,62,33,4.143134726391533,0.6874999993124999,0.8601975878090523,0.4579747581554815,0.7854357871443847
SKG_DIA_111,2019,0.9319809675216676,0.9,20,15,34,2.772588722239781,0.8999999991,0.841641452768253,0.30647703571983326,0.7997967203297603
SKG_DIA_106,2019,0.9426005482673644,0.7280701754385965,114,12,42,2.5649493574615367,0.7280701747105263,0.8663654350582173,0.2835249489189543,0.7804223343747527
SKG_DIA_139,2019,0.9413226842880248,0.7534246575342466,73,185,45,5.225746673713202,0.7534246567808218,0.863390375387714,0.577644761062363,0.8128226702338004
SKG_DIA_129,2019,0.9336376190185548,0.6808510638297872,94,18,22,2.9444389791664403,0.6808510631489361,0.8454983867895212,0.325473058068228,0.7605663891892749
SKG_MT_1405,2019,0.943860650062561,0.660377358490566,53,3,14,1.3862943611198906,0.6603773578301886,0.8692991416907149,0.15323851785991663,0.7559087225355298
SKG_MT_1404,2019,0.9475471377372742,0.7372881355932204,118,10,24,2.3978952727983707,0.7372881348559321,0.8778818398371282,0.2650590869388559,0.7884808235510617
SKG_MT_1398,2019,0.9376935958862304,0.6987951807228916,166,235,41,5.4638318050256105,0.6987951800240964,0.8549413113876085,0.6039622688514911,0.7986141808612943
SKG_MT_1397,2019,0.9406231641769408,0.796875,128,0,28,0.0,0.796874999203125,0.8617617872869152,0.0,0.7626082509414656
SKG_MT_50,2019,0.938143253326416,0.8032786885245902,61,28,27,3.367295829986474,0.8032786877213114,0.8559881815846457,0.372214903742496,0.7970689550277639
SKG_MT_43,2019,0.9498960375785828,0.6888888888888889,45,7,32,2.0794415416798357,0.6888888881999999,0.8833504321919579,0.2298577767898749,0.7791088578533579
SKG_MT_35,2019,0.9353229403495787,0.8317757009345794,107,61,22,4.127134385045092,0.8317757001028037,0.8494220684996507,0.4562061088253344,0.8065711988528497
SKG_MT_1389,2019,0.9324764013290404,0.6724137931034483,232,9,49,2.302585092994046,0.6724137924310344,0.8427948972377344,0.25452366884887795,0.7498915534375088
SKG_MT_570,2019,0.9417577981948853,0.841025641025641,195,19,36,2.995732273553991,0.8410256401846153,0.8644033860502766,0.33114292777883625,0.8064017910500002
SKG_DIA_164,2019,0.9213631749153136,0.7788461538461539,104,58,48,4.07753744390572,0.7788461530673076,0.816921633535805,0.45072375099157447,0.7726867491876824
SKG_SA_337,2019,0.9423440098762512,0.6717171717171717,198,21,33,3.091042453358316,0.6717171710454545,0.8657681750730575,0.3416783458688142,0.7745489913471125
SKG_SA_328,2019,0.9317572712898254,0.84375,32,5,0,1.791759469228055,0.8437499991562499,0.8411206542728286,0.19805791116698682,0.7773402489389287
SKG_MT_761,2019,0.9466779828071594,0.7788944723618091,199,12,38,2.5649493574615367,0.7788944715829146,0.875858316346514,0.2835249489189543,0.7972322106510381
SKG_MT_1422,2019,0.9439979791641236,0.7659574468085106,94,136,67,4.919980925828125,0.7659574460425531,0.8696188645080498,0.5438459580575039,0.8163092901698958
SKG_MT_1420,2019,0.9500338435173036,0.7745901639344263,244,10,0,2.3978952727983707,0.774590163159836,0.8836712651579641,0.2650590869388559,0.7999938269364276
SKG_MT_1419,2019,0.9373912811279296,0.8297872340425532,47,0,15,0.0,0.8297872332127658,0.8542374771300035,0.0,0.7639236806335556
SKG_MT_1418,2019,0.931922733783722,0.7333333333333333,150,1,15,0.6931471805599453,0.7333333325999999,0.8415058758617704,0.07661925892995831,0.7433827055162351
SKG_MT_30,2019,0.9337581396102904,0.697986577181208,149,92,41,4.532599493153256,0.6979865764832214,0.845778976866192,0.5010255021324046,0.7817451493162192
SKG_MT_20,2019,0.9269554018974304,0.75,80,9,32,2.302585092994046,0.7499999992499999,0.8299411796156578,0.25452366884887795,0.7564111924658483
SKG_MT_19,2019,0.944805920124054,0.6333333333333333,60,13,41,2.6390573296152584,0.6333333326999999,0.8714998726629855,0.29171671261138277,0.7658882486652281
SKG_SA_399,2019,0.9452850222587584,0.776,125,223,38,5.4116460518550396,0.775999999224,0.8726152945404752,0.598193748331216,0.8258500808562542
SKG_SA_394,2019,0.921959400177002,0.69377990430622,209,700,35,6.55250788703459,0.6937799036124401,0.8183097356806835,0.7243025904422311,0.7840030547431895
SKG_SA_392,2019,0.938720405101776,0.7745098039215687,102,12,44,2.5649493574615367,0.7745098031470588,0.8573318777826717,0.2835249489189543,0.7833867699691773
SKG_SA_383,2019,0.94260436296463,0.7547892720306514,261,50,67,3.9318256327243257,0.754789271275862,0.8663743162475877,0.43461702603737135,0.8008815782322208
SKG_SA_357,2019,0.7609573602676392,0.7242990654205608,214,274,36,5.616771097666572,0.7242990646962616,0.4434727549476914,0.6208679067766951,0.5173775320803058
SKG_MT_548,2019,0.9309028387069702,0.7333333333333333,15,36,42,3.6109179126442243,0.7333333325999999,0.8391314066224408,0.39914445630466727,0.7739730967861753
SKG_MT_544,2019,0.9483203887939452,0.75,4,13,32,2.6390573296152584,0.7499999992499999,0.8796820846762268,0.29171671261138277,0.794949130384497
SKG_MT_808,2019,0.9358874559402466,0.7913043478260869,115,18,23,2.9444389791664403,0.7913043470347825,0.8507363457578877,0.325473058068228,0.7863236172443007
SKG_MT_804,2019,0.9477778673171996,0.6582278481012658,79,116,30,4.762173934797756,0.6582278474430379,0.8784190130254538,0.5264022533930113,0.7991791039457263
SKG_DIA_188,2019,0.9221235513687134,0.9318181818181818,44,36,50,3.6109179126442243,0.9318181808863635,0.818691904360779,0.39914445630466727,0.7993624148602847
SKG_SA_303,2019,0.9139803647994996,0.8145695364238411,151,12,0,2.5649493574615367,0.8145695356092715,0.7997333404266332,0.2835249489189543,0.7510797403123929
SKG_SA_302,2019,0.9247814416885376,0.7348484848484849,132,51,62,3.9512437185814275,0.7348484841136363,0.8248798730546117,0.43676346677887096,0.7680619546388426
SKG_SA_300,2019,0.9297761917114258,0.7586206896551724,116,11,20,2.4849066497880004,0.7586206888965517,0.8365084028493239,0.27467717009694514,0.7647477367835316
SKG_MT_1469,2019,0.9298946261405944,0.7929292929292929,198,301,50,5.71042701737487,0.7929292921363635,0.836784136025558,0.631220465892144,0.8074568002343776
SKG_MT_1465,2019,0.973831295967102,0.6153846153846154,130,10,14,2.3978952727983707,0.6153846147692308,0.9390753161280082,0.2650590869388559,0.8069355529373375
SKG_MT_1463,2019,0.9487754702568054,0.8275862068965517,58,15,41,2.772588722239781,0.8275862060689655,0.8807415828144001,0.30647703571983326,0.8126840527558564
SKG_MT_1445,2019,0.9369076490402222,0.5833333333333334,84,3,36,1.3862943611198906,0.58333333275,0.8531115088401365,0.15323851785991663,0.7291685745240872
SKG_DIA_150,2019,0.9804288744926452,0.7657657657657657,111,63,50,4.1588830833596715,0.7657657649999999,0.954435471912715,0.4597155535797498,0.8672295386968754
SKG_DIA_149,2019,0.9376274347305298,0.762962962962963,135,29,48,3.4011973816621555,0.7629629621999999,0.8547872782594658,0.37596232108590644,0.7885399193302166
SKG_DIA_147,2019,0.9330106973648072,0.690677966101695,236,10,43,2.3978952727983707,0.6906779654110169,0.844038818823928,0.2650590869388559,0.7554686749528384
SKG_DIA_168,2019,0.9409283399581908,0.6901408450704225,142,29,54,3.4011973816621555,0.6901408443802816,0.8624722824365479,0.37596232108590644,0.7793549986902305
SKG_DIA_178,2019,0.9220420718193054,0.7727272727272727,176,23,27,3.1780538303479458,0.7727272719545454,0.8185022077065705,0.35129642902690345,0.7626266426881987
SKG_SA_279,2019,0.9471510648727416,0.8378378378378378,37,1,9,0.6931471805599453,0.8378378369999999,0.8769597225970284,0.07661925892995831,0.7891012991109156
SKG_SA_272,2019,0.9361294507980348,0.6610169491525424,59,320,76,5.771441123130016,0.6610169484915254,0.8512997462085733,0.6379648568358637,0.7919096977278928
SKG_SA_271,2019,0.9227123260498048,0.6056338028169014,142,57,12,4.060443010546419,0.6056338022112675,0.8200626604326684,0.4488341626724543,0.7400540390123668
SKG_SA_267,2019,0.9376059770584106,0.7445255474452555,137,52,28,3.970291913552122,0.7445255467007298,0.8547373215692572,0.4388690204383823,0.7911081364824643
SKG_DIA_203,2019,0.98133647441864,0.6976744186046512,129,21,51,3.091042453358316,0.6976744179069767,0.9565485011399529,0.3416783458688142,0.8432866689662438
SKG_DIA_202,2019,0.946533977985382,0.6956521739130435,46,60,29,4.110873864173311,0.6956521732173913,0.8755230514477808,0.45440869971230236,0.797437440628155
SKG_PAR_25,2019,0.9445846676826476,0.8024691358024691,162,3,35,1.3862943611198906,0.802469135,0.8709847636795015,0.15323851785991663,0.7855070133616427
SKG_MT_1016,2019,0.951607882976532,0.7567567567567568,148,60,35,4.110873864173311,0.756756756,0.887335865921929,0.45440869971230236,0.8179273273165805
SKG_MT_1012,2019,0.9838212728500366,0.6951219512195121,82,22,50,3.1354942159291497,0.6951219505243902,0.9623334858661037,0.34659196479684096,0.8473170266908348
SKG_MT_347,2019,0.9201968908309937,0.7586206896551724,29,29,17,3.4011973816621555,0.7586206888965517,0.8142063486543866,0.37596232108590644,0.7592648139459716
SKG_MT_334,2019,0.9392147064208984,0.7608695652173914,92,59,25,4.0943445622221,0.7608695644565218,0.8584826856490595,0.45258158001586474,0.7983699508472324
SKG_MT_328,2019,0.9398599863052368,0.6372549019607843,102,1,13,0.6931471805599453,0.6372549013235294,0.8599849943384978,0.07661925892995831,0.7371024021946502
SKG_MT_322,2019,0.926024615764618,0.8333333333333334,72,25,21,3.258096538021482,0.8333333325,0.8277741694092782,0.3601442078489126,0.7821230058713858
SKG_MT_556,2019,0.9417287707328796,0.5795454545454546,176,2,46,1.0986122886681098,0.5795454539659091,0.8643358057499111,0.12143865223702852,0.7330880200418223
SKG_MT_552,2019,0.98148375749588,0.6433566433566433,143,0,19,0.0,0.6433566427132866,0.9568913983108012,0.0,0.7984953073602181
SKG_SA_159,2019,0.9368165135383606,0.6857142857142857,70,6,25,1.9459101490553132,0.6857142850285713,0.8528993316753342,0.2150974536814245,0.7556821345465906
SKG_MT_522,2019,0.9293092489242554,0.7659574468085106,47,58,43,4.07753744390572,0.7659574460425531,0.8354212897629522,0.45072375099157447,0.7830587671417345
SKG_MT_783,2019,0.9434944987297058,0.875,8,32,14,3.4965075614664802,0.8749999991249999,0.8684466862797394,0.38649773917588437,0.821562454138406
SKG_MT_539,2019,0.9491467475891112,0.7555555555555555,45,315,30,5.755742213586912,0.7555555547999999,0.8816059723235917,0.6362295272421844,0.8318582443107326
SKG_DIA_247,2019,0.9198483228683472,0.6727272727272727,110,6,0,1.9459101490553132,0.6727272720545454,0.8133948299756654,0.2150974536814245,0.7254315807620172
SKG_DIA_234,2019,0.9404265284538268,0.7397260273972602,146,29,35,3.4011973816621555,0.7397260266575342,0.8613039897285873,0.37596232108590644,0.7884542302501086
SKG_SA_218,2019,0.9422906041145324,0.7245508982035929,167,15,32,2.772588722239781,0.7245508974790419,0.8656438384218715,0.30647703571983326,0.7815085699631018
SKG_DIA_200,2019,0.9268390536308287,0.9047619047619048,21,8,10,2.1972245773362196,0.9047619038571428,0.82967030333986,0.24287730447405703,0.7860093235567364
SKG_DIA_196,2019,0.9118574857711792,0.6627906976744186,172,48,25,3.8918202981106265,0.6627906970116278,0.7947909585420001,0.430194907362849,0.7319313011180104
SKG_DIA_193,2019,0.9399080276489258,0.734375,192,57,37,4.060443010546419,0.734374999265625,0.8600968418171314,0.4488341626724543,0.7938262053923625
SKG_DIA_227,2019,0.942923665046692,0.7857142857142857,182,49,29,3.912023005428146,0.7857142849285713,0.8671176995516082,0.43242807876779754,0.8073680545486197
SKG_DIA_225,2019,0.9450071454048156,0.8144329896907216,97,76,25,4.343805421853684,0.8144329888762886,0.8719683554022744,0.4801565406202804,0.8212801006188777
SKG_SA_236,2019,0.928326427936554,0.782608695652174,46,88,29,4.48863636973214,0.7826086948695652,0.8331331345828166,0.4961658965086017,0.7893315228327448
SKG_MT_792,2019,0.9458816647529602,0.6692913385826772,127,32,23,3.4965075614664802,0.6692913379133858,0.874004368065441,0.38649773917588437,0.7843110991460742
SKG_SA_297,2019,0.9483162760734558,0.668918918918919,148,221,47,5.402677381872279,0.66891891825,0.879672509643937,0.5972023674716541,0.8092747771479213
SKG_SA_294,2019,0.91569983959198,0.7553956834532374,139,81,29,4.406719247264253,0.7553956826978416,0.803736536535345,0.4871109232025085,0.7624058044345606
SKG_SA_139,2019,0.928575873374939,0.7,80,111,40,4.718498871295094,0.6999999992999999,0.833713881106491,0.5215744894012577,0.7757571655746694
SKG_SA_101,2019,0.946116268634796,0.6106194690265486,113,39,34,3.6888794541139363,0.6106194684159291,0.8745505612117209,0.40776218670879455,0.7750855052022699
SKG_SA_92,2019,0.9437468647956848,0.7037037037037037,108,20,42,3.044522437723423,0.703703703,0.8690342324640256,0.336536105918453,0.7827183139166631
SKG_MT_519,2019,0.9835442304611206,0.7843137254901961,102,295,48,5.69035945432406,0.7843137247058822,0.9616884894880777,0.6290022330945422,0.892944910892285
SKG_MT_846,2019,0.9441577792167664,0.8289473684210527,76,5,20,1.791759469228055,0.8289473675921052,0.8699909030815194,0.19805791116698682,0.7945888967921833
SKG_MT_843,2019,0.943474292755127,0.7473684210526316,190,7,30,2.0794415416798357,0.7473684203052631,0.8683996437297931,0.2298577767898749,0.7803392123508952
SKG_MT_837,2019,0.9438953399658204,0.7829457364341085,129,3,0,1.3862943611198906,0.7829457356511627,0.8693799050065523,0.15323851785991663,0.7804789324208108
SKG_MT_830,2019,0.9422755241394044,0.7670454545454546,176,2,0,1.0986122886681098,0.767045453778409,0.8656087299701422,0.12143865223702852,0.771479066958484
SKG_MT_511,2019,0.9230515360832214,0.824,125,124,31,4.8283137373023015,0.8239999991759999,0.820852392443715,0.533713229756759,0.7927679975214764
SKG_DIA_268,2019,0.9383098483085632,0.7837837837837838,185,81,36,4.406719247264253,0.783783783,0.8563760397766816,0.4871109232025085,0.8049310767639279
SKG_DIA_266,2019,0.9329136610031128,0.7703703703703704,135,412,57,6.023447592961033,0.7703703695999999,0.8438129035693178,0.665821204672999,0.8113252268858223
SKG_SA_216,2019,0.951618492603302,0.5833333333333334,36,33,24,3.5263605246161616,0.58333333275,0.8873605667298655,0.38979763273030116,0.776798826533936
SKG_SA_208,2019,0.9513404965400696,0.7384615384615385,195,18,33,2.9444389791664403,0.7384615377230769,0.8867133500544969,0.325473058068228,0.8009389583895861
SKG_SA_200,2019,0.9315217137336732,0.7121212121212122,132,291,22,5.676753802268282,0.7121212114090909,0.840572240829206,0.6274982884677597,0.7935746397090383
SKG_SA_134,2019,0.9305078387260436,0.6428571428571429,154,3,37,1.3862943611198906,0.6428571422142857,0.8382117872168514,0.15323851785991663,0.7306435312806449
SKG_SA_189,2019,0.9392245411872864,0.8571428571428571,28,142,38,4.962844630259907,0.8571428562857142,0.8585055824654051,0.5485840358578101,0.8272408825687073
SKG_MT_852,2019,0.9403520822525024,0.7730496453900709,141,22,34,3.1354942159291497,0.7730496446170212,0.8611306677672806,0.34659196479684096,0.7920605928401847
SKG_SA_0,2019,0.9359347224235536,0.8058252427184466,103,36,29,3.6109179126442243,0.8058252419126213,0.8508463892449307,0.39914445630466727,0.7966719664844424
SKG_SA_49,2019,0.931323230266571,0.7117903930131004,229,91,39,4.5217885770490405,0.71179039230131,0.8401101414447767,0.4998304826567576,0.7804182257372815
SKG_SA_39,2019,0.9306631088256836,0.7388888888888889,180,38,32,3.6635616461296463,0.73888888815,0.8385732793779441,0.4049636011559828,0.7752754333101591
SKG_DIA_276,2019,0.9273080825805664,0.7365269461077845,167,99,31,4.605170185988092,0.7365269453712574,0.830762273326669,0.5090473376977559,0.7797437141726953
SKG_DIA_271,2019,0.9786235094070436,0.7121212121212122,132,12,25,2.5649493574615367,0.7121212114090909,0.9502323102745854,0.2835249489189543,0.8359393543659234
SKG_DIA_284,2019,0.9353887438774108,0.7719298245614035,228,146,54,4.990432586778736,0.7719298237894736,0.8495752690162903,0.5516335595998775,0.8042520090292857
SKG_DIA_282,2019,0.9442410469055176,0.7093023255813954,86,23,36,3.1780538303479458,0.709302324872093,0.8701847627932453,0.35129642902690345,0.7861194418323807
SKG_DIA_279,2019,0.9370835423469543,0.7799043062200957,209,9,50,2.302585092994046,0.7799043054401913,0.8535210149312628,0.25452366884887795,0.77889793842481
SKG_DIA_277,2019,0.934589684009552,0.8367346938775511,49,33,20,3.5263605246161616,0.8367346930408163,0.8477149373803576,0.38979763273030116,0.7997271580474437
SKG_MT_506,2019,0.9504092335700988,0.6547619047619048,84,0,14,0.0,0.6547619041071429,0.8845452296994455,0.0,0.7501340416110404
SKG_PAR_77,2019,0.9410937428474426,0.6707317073170732,82,8,40,2.1972245773362196,0.6707317066463414,0.8628573652569058,0.24287730447405703,0.762434227456508
SKG_DIA_261,2019,0.9367319941520692,0.7067307692307693,208,53,0,3.9889840465642745,0.7067307685240385,0.8527025578233463,0.4409352156410438,0.7823314657452545
SKG_DIA_257,2019,0.9408658146858216,0.6911764705882353,68,33,22,3.5263605246161616,0.6911764698970587,0.8623267141920241,0.38979763273030116,0.7808437571868586
SKG_SA_147,2019,0.9329611659049988,0.772972972972973,185,8,47,2.1972245773362196,0.7729729721999999,0.8439235021306962,0.24287730447405703,0.769628776378893
SKG_SA_141,2019,0.9433076977729796,0.7065217391304348,92,65,21,4.189654742026425,0.706521738423913,0.8680117855377569,0.4631169981058426,0.7952242973717967
SKG_DIA_318,2019,0.939444065093994,0.84375,96,17,27,2.8903717578961645,0.8437499991562499,0.8590166671599552,0.3194965634040153,0.80201132318362
SKG_DIA_313,2019,0.9242612719535828,0.9032258064516128,31,12,33,2.5649493574615367,0.9032258055483869,0.8236688396228061,0.2835249489189543,0.7855658437375371
SKG_DIA_308,2019,0.9452301859855652,0.8020833333333334,192,57,60,4.060443010546419,0.80208333253125,0.8724876274432757,0.4488341626724543,0.8160414219837884
SKG_DIA_304,2019,0.9407663345336914,0.7333333333333333,180,0,38,0.0,0.7333333325999999,0.8620951094254736,0.0,0.7501332431178316
SKG_MT_987,2019,0.9335769414901732,0.7619047619047619,42,22,33,3.1354942159291497,0.761904761142857,0.8453571203710976,0.34659196479684096,0.7787901329680237
SKG_MT_367,2019,0.9469062089920044,0.6805555555555556,72,6,21,1.9459101490553132,0.680555554875,0.8763896612543155,0.2150974536814245,0.7710936192211632
SKG_MT_366,2019,0.9394553899765016,0.7100591715976331,169,0,23,0.0,0.7100591708875739,0.859043033190899,0.0,0.7433419574111442
SKG_MT_353,2019,0.9809134602546692,0.5,16,35,31,3.58351893845611,0.49999999949999996,0.9555636604999251,0.39611582233397363,0.8085061444833449
SKG_MT_1031,2019,0.968453884124756,0.6293706293706294,143,305,34,5.723585101952381,0.6293706287412587,0.9265558920245772,0.6326749372043582,0.8377307438858916
SKG_MT_1028,2019,0.9482811093330384,0.780373831775701,214,63,37,4.1588830833596715,0.7803738309953271,0.8795906361794288,0.4597155535797498,0.8177597668826406
SKG_MT_1022,2019,0.9419150352478028,0.6804733727810651,169,28,33,3.367295829986474,0.6804733721005917,0.8647694575746384,0.372214903742496,0.7786547850966148
SKG_MT_501,2019,0.9411163330078124,0.7134146341463414,164,82,58,4.418840607796598,0.7134146334329268,0.8629099585502085,0.48845079687906423,0.7955649773596376
SKG_MT_871,2019,0.9346534609794616,0.639344262295082,122,0,11,0.0,0.6393442616557377,0.8478634197651439,0.0,0.7213732461667482
SKG_MT_864,2019,0.951357364654541,0.7451923076923077,208,35,28,3.58351893845611,0.7451923069471154,0.8867526215637442,0.39611582233397363,0.8093768787174414
SKG_MT_857,2019,0.9494703412055968,0.7323943661971831,142,7,0,2.0794415416798357,0.7323943654647886,0.8823593469656534,0.2298577767898749,0.7871161936479025
SKG_MT_856,2019,0.922677218914032,0.7246376811594203,69,64,27,4.174387269895637,0.7246376804347825,0.8199809257367435,0.4614293588378739,0.7650571199864643
SKG_QA_466,2019,0.943354308605194,0.8034934497816594,229,14,47,2.70805020110221,0.8034934489781659,0.8681203025703766,0.29934306215594814,0.7983172078104915
SKG_MT_485,2019,0.9380051493644714,0.6582278481012658,158,33,36,3.5263605246161616,0.6582278474430379,0.8556666547757201,0.38979763273030116,0.7695919911046417
SKG_MT_482,2019,0.9577167630195618,0.6568627450980392,102,15,18,2.772588722239781,0.6568627444411764,0.9015582580871364,0.30647703571983326,0.793111033121214
SKG_MT_470,2019,0.9395980834960938,0.7642276422764228,123,2,14,1.0986122886681098,0.7642276415121951,0.8593752451807857,0.12143865223702852,0.7665520651526918
SKG_MT_902,2019,0.9831860661506652,0.7022900763358778,131,403,45,6.0014148779611505,0.7022900756335877,0.9608546290673463,0.6633857474672981,0.8793948302205896
SKG_MT_896,2019,0.9332512021064758,0.6507936507936508,126,31,14,3.4657359027997265,0.6507936501428571,0.8445987500600152,0.38309629464979156,0.7596874845355612
SKG_MT_883,2019,0.9368280172348022,0.7477477477477478,111,17,30,2.8903717578961645,0.7477477469999999,0.8529261140120293,0.3194965634040153,0.7785474855488219
SKG_MT_876,2019,0.943467140197754,0.743801652892562,242,58,41,4.07753744390572,0.7438016521487603,0.8683829914997238,0.45072375099157447,0.8017007995787161
SKG_MT_875,2019,0.9506436586380004,0.7225806451612903,155,9,2,2.302585092994046,0.7225806444387096,0.885091006539974,0.25452366884887795,0.7895322003506114
SKG_QA_489,2019,0.976138949394226,0.8688524590163934,183,43,32,3.784189633918261,0.8688524581475409,0.9444478806227701,0.4182976047987725,0.8767137685453245
SKG_SA_15,2019,0.982094407081604,0.4007220216606498,277,49,30,3.912023005428146,0.40072202125992773,0.9583130824529864,0.43242807876779754,0.7942063698458557
SKG_SA_11,2019,0.9315217137336732,0.7130044843049327,223,291,22,5.676753802268282,0.7130044835919281,0.840572240829206,0.6274982884677597,0.7937512941456057
SKG_PAR_101,2019,0.9453161358833312,0.6881720430107527,93,16,40,2.833213344056216,0.6881720423225807,0.8726877317412776,0.31317837380034286,0.7798336580634446
SKG_SA_38,2019,0.9478005170822144,0.8097345132743363,226,102,61,4.634728988229636,0.8097345124646017,0.8784717450873408,0.5123147152275538,0.8281085955768143
SKG_SA_35,2019,0.9106721878051758,0.6923076923076923,52,0,17,0.0,0.6923076916153845,0.7920314064823132,0.0,0.6928835228606961
SKG_SA_27,2019,0.9326540231704712,0.6550218340611353,229,78,32,4.3694478524670215,0.6550218334061134,0.8432084276177944,0.4829910093822678,0.7695493669519055
SKG_QA_371,2019,0.9315139651298524,0.6333333333333333,30,24,12,3.2188758248682006,0.6333333326999999,0.8405542009132974,0.35580881983783924,0.7506354891630921
SKG_QA_370,2019,0.9199556112289428,0.7391304347826086,92,1,62,0.6931471805599453,0.7391304340434781,0.8136446134267079,0.07661925892995831,0.725039242100387
SKG_QA_403,2019,0.9333399534225464,0.7115384615384616,104,3,21,1.3862943611198906,0.7115384608269231,0.8448053764814611,0.15323851785991663,0.7489953074883992
SKG_QA_457,2019,0.944711208343506,0.6947368421052632,95,90,43,4.51085950651685,0.6947368414105263,0.8712793693831485,0.49862240260037877,0.7987051671103471
SKG_QA_454,2019,0.9077482223510742,0.6896551724137931,116,12,44,2.5649493574615367,0.6896551717241379,0.7852239748298944,0.2835249489189543,0.7159403116176489
SKG_QA_452,2019,0.938730537891388,0.5955056179775281,89,17,25,2.8903717578961645,0.5955056173820225,0.8573554684419373,0.3194965634040153,0.7511996077261621
SKG_QA_449,2019,0.9388412237167358,0.732484076433121,157,232,29,5.4510384535657,0.7324840757006368,0.8576131617022629,0.6025481144906568,0.8070808397807769
SKG_QA_447,2019,0.9023401141166688,0.7966101694915254,118,18,46,2.9444389791664403,0.7966101686949152,0.7726330849057483,0.325473058068228,0.7327124989798297
SKG_QA_387,2019,0.9437797665596008,0.7903225806451613,62,24,24,3.2188758248682006,0.7903225798548386,0.8691108327223454,0.35580881983783924,0.8020229808603934
SKG_QA_386,2019,0.9366174936294556,0.5604395604395604,91,23,23,3.1780538303479458,0.5604395598791209,0.8524359833736498,0.35129642902690345,0.7439227432400695
SKG_QA_440,2019,0.9192619323730468,0.7674418604651163,43,5,18,1.791759469228055,0.7674418596976744,0.8120296246471325,0.19805791116698682,0.7417149003092263
SKG_QA_484,2019,0.9195083379745485,0.8333333333333334,6,11,32,2.4849066497880004,0.8333333325,0.8126032939730279,0.27467717009694514,0.7629566892908141
SKG_QA_482,2019,0.9372507333755492,0.8344827586206897,145,14,27,2.70805020110221,0.8344827577862068,0.8539102608091376,0.29934306215594814,0.7945680403392325
SKG_QA_481,2019,0.9508288502693176,0.7739130434782608,115,60,33,4.110873864173311,0.7739130427043477,0.8855221605301907,0.45440869971230236,0.8200889908832333
SKG_QA_475,2019,0.9439979791641236,0.7659574468085106,94,136,67,4.919980925828125,0.7659574460425531,0.8696188645080498,0.5438459580575039,0.8163092901698958
SKG_QA_473,2019,0.9424479603767396,0.6785714285714286,196,7,25,2.0794415416798357,0.6785714278928571,0.8660101874834014,0.2298577767898749,0.7649071944959399
SKG_MT_444,2019,0.920646071434021,0.603448275862069,174,26,39,3.295836866004329,0.6034482752586207,0.8152521087027522,0.3643159567110855,0.7277977268147592
SKG_MT_921,2019,0.9358401298522948,0.7349397590361446,83,25,31,3.258096538021482,0.7349397583012048,0.8506261635022608,0.3601442078489126,0.7784406868967148
SKG_MT_918,2019,0.9455330967903136,0.7572815533980582,103,0,18,0.0,0.7572815526407767,0.8731928493867196,0.0,0.762691305098859
SKG_MT_904,2019,0.9282609820365906,0.6770186335403726,161,108,43,4.6913478822291435,0.677018632863354,0.8329807666776805,0.5185732672657684,0.770347589973624
SKG_QA_306,2019,0.9473118782043456,0.7924528301886793,159,46,19,3.8501476017100584,0.7924528293962264,0.8773341202364248,0.4255884814761487,0.8151832981923575
SKG_QA_299,2019,0.9402816891670228,0.7792207792207793,154,10,35,2.3978952727983707,0.7792207784415585,0.8609667820696801,0.2650590869388559,0.7850268118309733
SKG_QA_333,2019,0.9375759363174438,0.7301587301587301,63,67,30,4.219507705176107,0.7301587294285713,0.8546673822029652,0.46641689166025946,0.7909406025938159
SKG_QA_362,2019,0.9396560788154602,0.7697841726618705,139,29,22,3.4011973816621555,0.7697841718920863,0.8595102670129328,0.37596232108590644,0.7932102533960608
SKG_QA_361,2019,0.9355289340019226,0.8146067415730337,178,30,54,3.4339872044851463,0.8146067407584269,0.8499016527256531,0.3795868498953761,0.7958111900491801
SKG_QA_359,2019,0.9470958709716796,0.7310344827586207,145,49,43,3.912023005428146,0.7310344820275861,0.8768312228883253,0.43242807876779754,0.8032315603041247
SKG_MT_1011,2019,0.9528957605361938,0.7094594594594594,148,55,34,4.02535169073515,0.7094594587499999,0.8903342387145297,0.4449552304712995,0.8096213818973008
SKG_MT_998,2019,0.9393829107284546,0.7843137254901961,102,37,21,3.6375861597263857,0.7843137247058822,0.858874290592861,0.4020923169981863,0.7982839800559978
SKG_MT_992,2019,0.9353097677230836,0.7954545454545454,88,37,38,3.6375861597263857,0.7954545446590908,0.8493914006426065,0.4020923169981863,0.7938741210814614
SKG_QA_401,2019,0.9167509078979492,0.7982456140350878,114,15,70,2.772588722239781,0.7982456132368421,0.8061835817440607,0.30647703571983326,0.7546253334401942
SKG_QA_397,2019,0.9260274767875672,0.8125,144,23,56,3.1780538303479458,0.8124999991874999,0.827780830301306,0.35129642902690345,0.7770762239511045
SKG_QA_396,2019,0.9234503507614136,0.7373737373737373,99,33,43,3.5263605246161616,0.7373737366363635,0.8217808930386745,0.38979763273030116,0.761701135727375
SKG_QA_262,2019,0.929179310798645,0.7702702702702703,148,109,67,4.700480365792417,0.7702702695,0.8351187742500227,0.5195827557877338,0.7905954714537893
SKG_QA_260,2019,0.9432077407836914,0.7164179104477612,67,24,31,3.2188758248682006,0.7164179097313432,0.8677790706225357,0.35580881983783924,0.7863098133658275
SKG_QA_259,2019,0.9525531530380248,0.7560975609756098,82,71,30,4.276666119016055,0.7560975602195121,0.8895365968941995,0.47273508126393193,0.8211686379962352
SKG_QA_257,2019,0.9835554361343384,0.7049180327868853,183,30,32,3.4339872044851463,0.7049180320819671,0.9617145779818533,0.3795868498953761,0.8521424959932283
SKG_QA_252,2019,0.943239688873291,0.6703910614525139,179,45,53,3.828641396489095,0.6703910607821228,0.8678534505835128,0.4232112237267993,0.7838967499375634
SKG_QA_314,2019,0.9464067220687866,0.7368421052631579,95,9,15,2.302585092994046,0.7368421045263157,0.8752267805211275,0.25452366884887795,0.7854795341549402
SKG_QA_311,2019,0.9362574815750122,0.7738095238095238,84,41,35,3.7376696182833684,0.7738095230357143,0.8515978211268174,0.4131553648484113,0.7921959158807561
SKG_QA_310,2019,0.9295873641967772,0.6283783783783784,148,7,25,2.0794415416798357,0.6283783777499999,0.8360687839754883,0.2298577767898749,0.7339096020118293
SKG_QA_284,2019,0.9256993532180786,0.735632183908046,87,115,37,4.7535901911063645,0.7356321831724137,0.8270169092468665,0.5254534216024126,0.7785836152675305
SKG_QA_275,2019,0.9418963193893432,0.7310924369747899,119,46,19,3.8501476017100584,0.7310924362436974,0.8647258842392893,0.4255884814761487,0.7940854543638569
SKG_QA_330,2019,0.933230996131897,0.6458333333333334,96,10,26,2.3978952727983707,0.6458333326875,0.8445517075100688,0.2650590869388559,0.7468587704884336
SKG_QA_329,2019,0.9231091737747192,0.7520661157024794,121,4,23,1.6094379124341003,0.7520661149504132,0.8209865816643586,0.17790440991891962,0.7428942711470256
SKG_QA_365,2019,0.9269683957099916,0.7058823529411765,68,6,16,1.9459101490553132,0.705882352235294,0.829971431166951,0.2150974536814245,0.743666217632067
SKG_QA_319,2019,0.9488072395324708,0.6846846846846847,111,4,24,1.6094379124341003,0.6846846839999999,0.8808155464696258,0.17790440991891962,0.77129826032063
SKG_PAR_174,2019,0.8107572793960571,0.6666666666666666,42,17,26,2.8903717578961645,0.6666666659999999,0.5594144618810446,0.3194965634040153,0.5568731128571327
SKG_MT_454,2019,0.9483381509780884,0.784688995215311,209,42,35,3.7612001156935624,0.7846889944306219,0.8797234377142329,0.41575638426302675,0.81431984371239
SKG_QA_206,2019,0.9150937795639038,0.6846846846846847,222,43,40,3.784189633918261,0.6846846839999999,0.8023255375741213,0.4182976047987725,0.7403945735817621
SKG_QA_204,2019,0.9370376467704772,0.7589285714285714,112,41,32,3.7376696182833684,0.7589285706696428,0.8534141631216499,0.4131553648484113,0.7904911648039246
SKG_QA_194,2019,0.9794809222221376,0.6901408450704225,71,36,32,3.6109179126442243,0.6901408443802816,0.9522284963541688,0.39914445630466727,0.8445025619544412
SKG_MT_424,2019,0.9432918429374696,0.7605633802816901,142,50,30,3.9318256327243257,0.7605633795211267,0.8679748730944367,0.43461702603737135,0.8031567896740682
SKG_MT_419,2019,0.9454318881034852,0.7845303867403315,181,5,26,1.791759469228055,0.784530385955801,0.8729572203312363,0.19805791116698682,0.7877819225397243
SKG_MT_953,2019,0.9264785647392272,0.76,225,8,0,2.1972245773362196,0.75999999924,0.8288310309443564,0.24287730447405703,0.7564694519564551
SKG_MT_951,2019,0.9307479858398438,0.7428571428571429,140,21,30,3.091042453358316,0.7428571421142857,0.8387708858414357,0.3416783458688142,0.7698788830987435
SKG_QA_221,2019,0.9289510846138,0.8888888888888888,9,71,34,4.276666119016055,0.8888888879999999,0.8345874293422211,0.47273508126393193,0.8092624862659479
SKG_QA_292,2019,0.979491412639618,0.0,182,38,67,3.6635616461296463,0.0,0.9522529196249374,0.4049636011559828,0.7070734038530545
SKG_QA_291,2019,0.9445440173149108,0.86,50,156,25,5.056245805348308,0.8599999991399999,0.8708901235052731,0.5589084359551739,0.8375139298772085
SKG_QA_249,2019,0.9428885579109192,0.7867647058823529,136,38,30,3.6635616461296463,0.7867647050955882,0.8670359648556835,0.4049636011559828,0.8047744765336944
SKG_QA_231,2019,0.9400477409362792,0.7636363636363637,275,23,49,3.1780538303479458,0.7636363628727273,0.8604221153778224,0.35129642902690345,0.7901523962417115
SKG_QA_267,2019,0.9398242831230164,0.7303370786516854,89,186,31,5.231108616854587,0.7303370779213483,0.8599018719567342,0.5782374607391987,0.8058224720279034
SKG_MT_439,2019,0.923442542552948,0.7857142857142857,196,3,32,1.3862943611198906,0.7857142849285713,0.821762714354182,0.15323851785991663,0.7477006088196334
SKG_QA_265,2019,0.9374240636825562,0.7555555555555555,45,129,24,4.867534450455582,0.7555555547999999,0.8543137998511557,0.5380486177678322,0.8029356326325922
SKG_QA_263,2019,0.9408286809921264,0.6593406593406593,91,3,49,1.3862943611198906,0.6593406586813186,0.8622402613642459,0.15323851785991663,0.7507601664772275
SKG_MT_970,2019,0.9817448854446412,0.6224489795918368,98,7,28,2.0794415416798357,0.6224489789693878,0.9574993434769229,0.2298577767898749,0.817725113906711
SKG_QA_51,2019,0.9830812215805054,0.7420634920634921,252,87,20,4.477336814478207,0.7420634913214286,0.9606105351282442,0.49491686372873084,0.8703317592269297
SKG_QA_50,2019,0.93409264087677,0.6767676767676768,99,7,24,2.0794415416798357,0.676767676090909,0.8465577461591101,0.2298577767898749,0.7509297352085463
SKG_QA_82,2019,0.920706868171692,0.8288288288288288,111,5,24,1.791759469228055,0.8288288279999999,0.8153936526583434,0.19805791116698682,0.756347113577539
SKG_QA_123,2019,0.9369550943374634,0.8021978021978022,91,105,34,4.663439094112067,0.8021978013956044,0.8532219686329311,0.5154882793683405,0.8092437662590066
SKG_QA_115,2019,0.9455924034118652,0.676923076923077,130,26,38,3.295836866004329,0.6769230762461538,0.8733309241277128,0.3643159567110855,0.7831478578097383
SKG_QA_109,2019,0.9401911497116088,0.7407407407407407,81,48,23,3.8918202981106265,0.7407407399999999,0.8607559925907163,0.430194907362849,0.7936968335497863
SKG_QA_187,2019,0.9352256059646606,0.7654320987654321,81,17,23,2.8903717578961645,0.7654320979999999,0.8491954594021217,0.3194965634040153,0.7794728975218866
SKG_QA_186,2019,0.9382286071777344,0.6166666666666667,60,29,28,3.4011973816621555,0.61666666605,0.8561868981968087,0.37596232108590644,0.7602603940563567
SKG_QA_160,2019,0.9306207895278932,0.5984251968503937,127,20,0,3.044522437723423,0.5984251962519685,0.8384747536833663,0.336536105918453,0.7402709774205954
SKG_QA_153,2019,0.9429521560668944,0.759493670886076,158,94,43,4.553876891600541,0.7594936701265823,0.867184030934718,0.5033774679871477,0.8092653024783337
SKG_QA_147,2019,0.9268792271614076,0.7621359223300971,206,91,45,4.5217885770490405,0.7621359215679611,0.8297638333654177,0.4998304826567576,0.7832449159350604
SKG_QA_139,2019,0.979402720928192,0.7073170731707317,123,18,36,2.9444389791664403,0.7073170724634146,0.952046431972075,0.325473058068228,0.8404432226799581
SKG_QA_138,2019,0.9398454427719116,0.7846153846153846,130,510,26,6.236369590203704,0.7846153838307691,0.8599511348040232,0.6893572242892675,0.8278245935578967
SKG_QA_218,2019,0.922599196434021,0.5769230769230769,182,53,31,3.9889840465642745,0.5769230763461537,0.819799277660402,0.4409352156410438,0.7333376311956165
SKG_QA_209,2019,0.9445264935493468,0.7583333333333333,120,8,20,2.1972245773362196,0.7583333325749999,0.8708493255416028,0.24287730447405703,0.7855489248415276
SKG_QA_68,2019,0.9822511672973632,0.7,30,100,37,4.61512051684126,0.6999999992999999,0.9586780438286765,0.5101472296073815,0.8620893535008117
SKG_QA_55,2019,0.9803091883659364,0.684931506849315,146,126,47,4.844187086458591,0.6849315061643835,0.954156824596219,0.5354678415956312,0.8584428626097931
SKG_QA_30,2019,0.9827483296394348,0.7735849056603774,53,30,48,3.4339872044851463,0.7735849048867924,0.9598355125870921,0.3795868498953761,0.8645605247778605
SKG_QA_29,2019,0.9305722117424012,0.7300884955752213,226,116,65,4.762173934797756,0.7300884948451327,0.8383616572874776,0.5264022533930113,0.785511084409562
SKG_QA_27,2019,0.9259158968925476,0.6212121212121212,132,19,27,2.995732273553991,0.621212120590909,0.8275210555122212,0.33114292777883625,0.7366214557546202
SKG_QA_102,2019,0.9469510912895204,0.8068181818181818,88,73,60,4.30406509320417,0.8068181810113635,0.876494153998002,0.47576371523462563,0.8224859155243367
SKG_QA_100,2019,0.9325097799301147,0.7627118644067796,236,38,23,3.6635616461296463,0.7627118636440677,0.8428726076447257,0.4049636011559828,0.7830495581957199
SKG_QA_99,2019,0.941846489906311,0.7987421383647799,159,137,43,4.927253685157205,0.7987421375660377,0.8646098737031386,0.5446498759638279,0.8194403267017873
SKG_QA_98,2019,0.9095908999443054,0.8085106382978723,47,25,27,3.258096538021482,0.8085106374893616,0.7895140056015538,0.3601442078489126,0.7503763522038512
SKG_QA_90,2019,0.939501941204071,0.8453038674033149,181,2,40,1.0986122886681098,0.8453038665580109,0.8591514114549346,0.12143865223702852,0.7826106265537591
SKG_QA_89,2019,0.9413383603096008,0.7713004484304933,223,60,39,4.110873864173311,0.7713004476591928,0.8634268715252833,0.45440869971230236,0.804099769570767
SKG_QA_86,2019,0.9372973442077636,0.7850467289719626,107,40,28,3.713572066704308,0.7850467281869158,0.8540187778417572,0.4104916642725502,0.7958716565538682
SKG_MT_935,2019,0.9393509030342102,0.6551724137931034,58,6,12,1.9459101490553132,0.655172413137931,0.8587997718632999,0.2150974536814245,0.7537040683000386
SKG_MT_933,2019,0.9382977485656738,0.6290322580645161,62,56,27,4.04305126783455,0.6290322574354839,0.8563478697541473,0.44691171030525656,0.7699411313455256
SKG_MT_414,2019,0.9367719888687134,0.7142857142857143,84,24,0,3.2188758248682006,0.7142857135714286,0.8527956715431514,0.35580881983783924,0.7753949947782757
SKG_MT_411,2019,0.9360068440437316,0.7571428571428571,70,12,9,2.5649493574615367,0.7571428563857142,0.8510142992314644,0.2835249489189543,0.7754910756310632
SKG_MT_261,2019,0.9500888586044312,0.7792207792207793,154,31,70,3.4657359027997265,0.7792207784415585,0.8837993485609152,0.38309629464979156,0.8128133291459315
SKG_MT_253,2019,0.9326780438423156,0.803921568627451,51,21,20,3.091042453358316,0.8039215678235294,0.8432643513571109,0.3416783458688142,0.7852371941015649
SKG_MT_251,2019,0.9437671899795532,0.6436781609195402,87,53,58,3.9889840465642745,0.643678160275862,0.8690815525511398,0.4409352156410438,0.7811862404050746
SKG_MT_249,2019,0.941329300403595,0.7528089887640449,89,13,35,2.6390573296152584,0.7528089880112359,0.8634057787005286,0.29171671261138277,0.7841175139537555
SKG_MT_248,2019,0.9336010217666626,0.6764705882352942,102,6,32,1.9459101490553132,0.6764705875588235,0.8454131828789985,0.2150974536814245,0.748593090895206
SKG_MT_1139,2019,0.9793975949287416,0.6137931034482759,145,122,52,4.812184355372417,0.6137931028344827,0.952034497873859,0.5319303165095786,0.8423758007295558
SKG_MT_655,2019,0.947496771812439,0.6707317073170732,82,17,35,2.8903717578961645,0.6707317066463414,0.877764580383722,0.3194965634040153,0.7805312039382751
SKG_MT_654,2019,0.978868305683136,0.7435897435897436,78,61,22,4.127134385045092,0.7435897428461538,0.9508022328487143,0.4562061088253344,0.8599001224458642
SKG_MT_649,2019,0.9469277262687684,0.7638888888888888,216,109,45,4.700480365792417,0.7638888881249999,0.8764397567131083,0.5195827557877338,0.8182438829029491
SKG_MT_640,2019,0.9825280904769896,0.6541353383458647,133,43,40,3.784189633918261,0.6541353376917293,0.9593227626695346,0.4182976047987725,0.8441827618868973
SKG_MT_626,2019,0.9468164443969728,0.7205882352941176,68,28,39,3.367295829986474,0.7205882345735294,0.8761806757669433,0.372214903742496,0.7946656103258157
SKG_MT_621,2019,0.9410972595214844,0.6428571428571429,112,16,42,2.833213344056216,0.6428571422142857,0.8628655526033566,0.31317837380034286,0.763895152645241
SKG_MT_618,2019,0.9291804432868958,0.6167664670658682,167,49,38,3.912023005428146,0.6167664664491017,0.835121410853117,0.43242807876779754,0.751181088763782
SKG_MT_616,2019,0.9355652928352356,0.7023255813953488,215,43,29,3.784189633918261,0.7023255806930232,0.8499863015618399,0.4182976047987725,0.7772852877117699
SKG_SUM_91,2019,0.9436955451965332,0.680672268907563,119,28,22,3.367295829986474,0.6806722682268908,0.8689147527132768,0.372214903742496,0.7815962709189215
SKG_SUM_89,2019,0.943616271018982,0.77,100,36,36,3.6109179126442243,0.76999999923,0.8687301904966732,0.39914445630466727,0.8020255788241379
SKG_MT_683,2019,0.9407711029052734,0.6363636363636364,22,56,40,4.04305126783455,0.6363636357272726,0.8621062109121866,0.44691171030525656,0.7754382458145108
SKG_MT_687,2019,0.9377107620239258,0.7636363636363637,220,65,28,4.189654742026425,0.7636363628727273,0.8549812767397756,0.4631169981058426,0.7975258661029726
SKG_MT_690,2019,0.9406335949897766,0.6756756756756757,74,4,14,1.6094379124341003,0.6756756749999999,0.8617860717891002,0.17790440991891962,0.756175826244262
SKG_SUM_220,2019,0.9464888572692872,0.62,50,9,37,2.302585092994046,0.6199999993799999,0.8754180036297594,0.25452366884887795,0.7622449693017194
SKG_SUM_199,2020,0.9314054250717164,0.768361581920904,177,3,61,1.3862943611198906,0.7683615811525424,0.8403015033219925,0.15323851785991663,0.7572072203418949
SKG_SUM_189,2020,0.9496115446090698,0.7236842105263158,76,72,51,4.290459441148391,0.7236842098026316,0.8826880897409428,0.474259770607843,0.8100444818399706
SKG_MT_536,2020,0.9475439786911012,0.7758620689655172,58,3,13,1.3862943611198906,0.7758620681896551,0.8778744851021811,0.15323851785991663,0.7850084049954494
SKG_MT_811,2020,0.9469112157821656,0.6746987951807228,83,67,46,4.219507705176107,0.674698794506024,0.8764013178153645,0.46641689166025946,0.7950623705379858
SKG_MT_814,2020,0.9455402493476868,0.8027210884353742,147,33,27,3.5263605246161616,0.802721087632653,0.8732095016167893,0.38979763273030116,0.8107706319313132
SKG_MT_826,2020,0.9420912861824036,0.7378640776699029,103,3,26,1.3862943611198906,0.7378640769320388,0.8651797962772678,0.15323851785991663,0.768522524566487
SKG_MT_782,2020,0.9420186877250672,0.6336633663366337,101,6,14,1.9459101490553132,0.6336633657029702,0.8650107761420626,0.2150974536814245,0.7537499618081803
SKG_MT_784,2020,0.9262588620185852,0.7747747747747747,111,11,27,2.4849066497880004,0.7747747739999999,0.8283195299440546,0.27467717009694514,0.7622463427705327
SKG_MT_525,2020,0.9540817141532898,0.7578947368421053,285,42,63,3.7612001156935624,0.7578947360842105,0.8930953172286397,0.41575638426302675,0.8183213077031926
SKG_MT_526,2020,0.9248655438423156,0.7037037037037037,27,0,13,0.0,0.703703703,0.8250756755265123,0.0,0.7182937134685585
SKG_DIA_248,2020,0.9422345161437988,0.6875,48,24,26,3.2188758248682006,0.6874999993124999,0.86551325718441,0.35580881983783924,0.7789401618753709
SKG_DIA_254,2020,0.9267699122428894,0.7659574468085106,94,19,32,2.995732273553991,0.7659574460425531,0.8295093317825216,0.33114292777883625,0.7669623142341594
SKG_SA_156,2020,0.9461801648139954,0.6868686868686869,99,15,31,2.772588722239781,0.6868686861818181,0.8746993211336755,0.30647703571983326,0.7803109656019197
SKG_SA_124,2020,0.948469340801239,0.7092198581560284,141,129,54,4.867534450455582,0.7092198574468085,0.8800288673674247,0.5380486177678322,0.8116690404233422
SKG_SA_133,2020,0.9424836039543152,0.808641975308642,162,19,59,2.995732273553991,0.8086419745,0.8660931710965809,0.33114292777883625,0.8011079074454902
SKG_SA_205,2020,0.9494169354438782,0.7384615384615385,130,257,40,5.552959584921617,0.7384615377230769,0.8822350103144679,0.6138142954300135,0.8266382443077442
SKG_MT_1142,2020,0.9389522671699524,0.6206896551724138,29,2,15,1.0986122886681098,0.6206896545517241,0.8578716875740922,0.12143865223702852,0.7367919774359122
SKG_MT_1143,2020,0.9470283389091492,0.746268656716418,134,23,43,3.1780538303479458,0.7462686559701492,0.8766739980827525,0.35129642902690345,0.7980551727546469
SKG_MT_250,2020,0.9167187809944152,0.6436781609195402,87,119,40,4.787491742782046,0.643678160275862,0.8061087854773316,0.529200838945823,0.7459318657838867
SKG_MT_255,2020,0.9354955554008484,0.8103448275862069,58,19,22,2.995732273553991,0.810344826775862,0.849823942318662,0.33114292777883625,0.7900600177561192
SKG_MT_264,2020,0.9445633888244628,0.6595744680851063,188,41,35,3.7376696182833684,0.6595744674255318,0.8709352232950447,0.4131553648484113,0.7828850862764788
SKG_MT_1146,2020,0.9439184069633484,0.7398373983739838,123,9,17,2.302585092994046,0.7398373976341464,0.8694336084485261,0.25452366884887795,0.7820233723256854
SKG_SUM_140,2020,0.9429620504379272,0.6774193548387096,217,10,81,2.3978952727983707,0.6774193541612902,0.8672070665196477,0.2650590869388559,0.769034726089897
SKG_SUM_157,2020,0.9394701719284058,0.8,210,1,24,0.6931471805599453,0.7999999992,0.8590774477997092,0.07661925892995831,0.7690161391927922
SKG_SUM_150,2020,0.9349154233932496,0.7948717948717948,78,19,36,2.995732273553991,0.794871794076923,0.8484733076914405,0.33114292777883625,0.7860199669772765
SKG_SUM_118,2020,0.9458203315734864,0.75,68,18,28,2.9444389791664403,0.7499999992499999,0.8738615751925951,0.325473058068228,0.7942504082916393
SKG_SUM_119,2020,0.9420663118362428,0.8035714285714286,112,7,58,2.0794415416798357,0.8035714277678571,0.8651216522406087,0.2298577767898749,0.789285219800985
SKG_SUM_121,2020,0.939648985862732,0.8131868131868132,91,47,36,3.871201010907891,0.8131868123736263,0.8594937535514473,0.42791568795686175,0.8070745587564244
SKG_QA_41,2020,0.9424012303352356,0.6612903225806451,124,21,37,3.091042453358316,0.6612903219193548,0.8659013929136137,0.3416783458688142,0.772556874010282
SKG_SUM_215,2020,0.9391530752182008,0.7411764705882353,85,7,31,2.0794415416798357,0.7411764698470588,0.8583391989332941,0.2298577767898749,0.7720585109017051
SKG_SUM_209,2020,0.943648636341095,0.6457142857142857,175,42,55,3.7612001156935624,0.6457142850685713,0.8688055418377375,0.41575638426302675,0.7788823747264332
SKG_MT_689,2020,0.9439314603805542,0.7066666666666667,75,22,15,3.1354942159291497,0.7066666659599999,0.8694639987684031,0.34659196479684096,0.7846173288095663
SKG_SUM_104,2020,0.9402391314506532,0.647887323943662,71,6,25,1.9459101490553132,0.6478873232957746,0.8608677013007665,0.2150974536814245,0.7536946009378339
SKG_SUM_105,2020,0.9487453699111938,0.7310344827586207,145,7,37,2.0794415416798357,0.7310344820275861,0.8806715046795242,0.2298577767898749,0.7856627273601715
SKG_SUM_106,2020,0.9420101046562196,0.7142857142857143,84,121,21,4.804021044733257,0.7142857135714286,0.8649907934659791,0.5310279586422607,0.8014534940046971
SKG_SUM_75,2020,0.9403775334358216,0.8577777777777778,225,1,51,0.6931471805599453,0.8577777769199999,0.8611899219526117,0.07661925892995831,0.7820504266438241
SKG_SUM_84,2020,0.9292961359024048,0.7368421052631579,133,85,1,4.454347296253507,0.7368421045263157,0.8353907606744915,0.49237564319298505,0.7813795176967057
SKG_SUM_66,2020,0.9456257820129396,0.664179104477612,268,116,68,4.762173934797756,0.6641791038134328,0.8734086345347042,0.5264022533930113,0.7968620902762805
SKG_SUM_70,2020,0.9390451312065125,0.625,88,63,26,4.1588830833596715,0.624999999375,0.8580878890278281,0.4597155535797498,0.7716330775524545
SKG_QA_69,2020,0.9483150243759156,0.6785714285714286,84,9,26,2.302585092994046,0.6785714278928571,0.8796695955036751,0.25452366884887795,0.7769353693160318
SKG_MT_1149,2020,0.9337345361709596,0.7,20,7,16,2.0794415416798357,0.6999999992999999,0.8457240245069632,0.2298577767898749,0.7549925946938616
SKG_MT_1164,2020,0.9516599774360656,0.7203389830508474,118,37,34,3.6375861597263857,0.7203389823305084,0.8874571496642685,0.4020923169981863,0.8054970329309081
SKG_MT_226,2020,0.9511903524398804,0.6266666666666667,225,27,50,3.332204510175204,0.62666666604,0.886363791991621,0.3683359715413411,0.7826215847562688
SKG_MT_231,2020,0.9521897435188292,0.6610169491525424,118,73,37,4.30406509320417,0.6610169484915254,0.8886905248380841,0.47576371523462563,0.8018631286084265
SKG_MT_244,2020,0.9423837661743164,0.6891891891891891,148,0,30,0.0,0.6891891884999999,0.8658607337185272,0.0,0.7439403513029691
SKG_MT_1126,2020,0.9388251304626464,0.8131868131868132,91,18,29,2.9444389791664403,0.8131868123736263,0.8575756941846062,0.325473058068228,0.7954876542107723
SKG_MT_1128,2020,0.9351531267166138,0.7101449275362319,69,0,33,0.0,0.710144926826087,0.8490267168040839,0.0,0.7363476871280761
SKG_MT_1180,2020,0.953158974647522,0.6932515337423313,163,5,48,1.791759469228055,0.6932515330490797,0.8909470407810879,0.19805791116698682,0.7821190262732761
SKG_MT_1145,2020,0.9355249404907228,0.6285714285714286,105,66,36,4.204692619390966,0.628571427942857,0.8498923552305312,0.4647792583759052,0.7671168600875338
SKG_MT_1094,2020,0.9468332529067992,0.7894736842105263,76,5,21,1.791759469228055,0.7894736834210526,0.8762198085076062,0.19805791116698682,0.7910543937562334
SKG_MT_1104,2020,0.9451760053634644,0.7350427350427351,117,59,29,4.0943445622221,0.7350427343076923,0.8723614868004992,0.45258158001586474,0.8029197456234745
SKG_MT_269,2020,0.943158745765686,0.59375,96,54,32,4.007333185232471,0.59374999940625,0.8676650028465595,0.44296349685777553,0.7704118515596191
SKG_MT_291,2020,0.9346944093704224,0.7045454545454546,44,2,15,1.0986122886681098,0.704545453840909,0.8479587537822921,0.12143865223702852,0.7466240836394891
SKG_SUM_53,2020,0.9534764289855956,0.6989247311827957,93,16,24,2.833213344056216,0.6989247304838709,0.8916861222590065,0.31317837380034286,0.7952830690581129
SKG_QA_88,2020,0.919835090637207,0.7283950617283951,81,7,52,2.0794415416798357,0.728395061,0.8133640233500368,0.2298577767898749,0.7380196062240132
SKG_QA_91,2020,0.933631718158722,0.7627906976744186,215,42,64,3.7612001156935624,0.7627906969116279,0.8454846486997137,0.41575638426302675,0.7859730318984277
SKG_QA_94,2020,0.9471232295036316,0.6990291262135923,103,2,34,1.0986122886681098,0.6990291255145631,0.8768949176683415,0.12143865223702852,0.7657761326944544
SKG_QA_96,2020,0.939553439617157,0.7202072538860104,193,14,29,2.70805020110221,0.720207253165803,0.8592713075114351,0.29934306215594814,0.77546567210676
SKG_QA_32,2020,0.9222815632820128,0.7476635514018691,107,18,20,2.9444389791664403,0.7476635506542055,0.8190597798767312,0.325473058068228,0.7554218618513757
SKG_QA_33,2020,0.9562163352966307,0.6958174904942965,263,47,33,3.871201010907891,0.695817489798479,0.898065036524303,0.42791568795686175,0.810600592322394
SKG_QA_59,2020,0.946824550628662,0.7424242424242424,66,59,41,4.0943445622221,0.7424242416818181,0.8761995482943549,0.45258158001586474,0.8070826901439986
SKG_QA_61,2020,0.9458004236221312,0.6821192052980133,151,55,37,4.02535169073515,0.682119204615894,0.8738152264855678,0.4449552304712995,0.7925900225102063
SKG_SUM_131,2020,0.9508735537528992,0.6344827586206897,145,13,33,2.6390573296152584,0.6344827579862069,0.8856262369681253,0.29171671261138277,0.7760065887360674
SKG_SUM_99,2020,0.9304487109184264,0.8203592814371258,167,3,53,1.3862943611198906,0.8203592806167664,0.83807412878161,0.15323851785991663,0.7660475980564719
SKG_MT_1178,2020,0.9337159991264344,0.68,75,16,24,2.833213344056216,0.67999999932,0.8456808674773663,0.31317837380034286,0.7592944444781906
SKG_MT_1240,2020,0.9621307253837584,0.75,76,142,58,4.962844630259907,0.7499999992499999,0.9118346268002033,0.5485840358578101,0.8431426421959233
SKG_MT_1243,2020,0.9523401260375975,0.7167381974248928,233,19,56,2.995732273553991,0.7167381967081545,0.8890406379752958,0.33114292777883625,0.7987903787022215
SKG_MT_152,2020,0.9382790327072144,0.7218543046357616,151,21,55,3.091042453358316,0.7218543039139073,0.8563042964187988,0.3416783458688142,0.777951702862822
SKG_SUM_16,2020,0.9446118474006652,0.4366197183098591,284,26,45,3.295836866004329,0.43661971787323933,0.8710480421537656,0.3643159567110855,0.7334891687533923
SKG_SUM_19,2020,0.947610080242157,0.7553956834532374,278,151,53,5.0238805208462765,0.7553956826978416,0.87802837946174,0.555330834858103,0.8212320856485966
SKG_SUM_55,2020,0.9399055242538452,0.85,60,86,57,4.465908118654584,0.8499999991499999,0.8600910135366071,0.4936535559795245,0.8214290649035774
SKG_SUM_56,2020,0.9344862699508668,0.7482517482517482,143,15,55,2.772588722239781,0.7482517475034964,0.8474741738872694,0.30647703571983326,0.7735299747937712
SKG_DIA_7,2020,0.9457793235778807,0.7692307692307693,52,5,36,1.791759469228055,0.7692307684615385,0.8737661024068627,0.19805791116698682,0.7852882164938102
SKG_DIA_10,2020,0.9431403279304504,0.8421052631578947,133,121,48,4.804021044733257,0.8421052623157893,0.8676221233541305,0.5310279586422607,0.8288593346752752
SKG_SUM_3,2020,0.95047789812088,0.6748466257668712,163,358,34,5.883322388488279,0.6748466250920244,0.8847050911081128,0.6503320133075544,0.8192960901248392
SKG_SUM_26,2020,0.9390451312065125,0.7,140,63,26,4.1588830833596715,0.6999999992999999,0.8580878890278281,0.4597155535797498,0.7866330775374546
SKG_SUM_28,2020,0.9445691108703612,0.6834862385321101,218,273,53,5.6131281063880705,0.6834862378486238,0.8709485450791002,0.6204652169874623,0.8084077508238412
NOVEL_QA_38,2020,0.9424341320991516,0.75,84,25,54,3.258096538021482,0.7499999992499999,0.8659779931719334,0.3601442078489126,0.7921990158552445
SKG_MT_207,2020,0.9366145133972168,0.6363636363636364,44,1,26,0.6931471805599453,0.6363636357272726,0.8524290449444542,0.07661925892995831,0.7316349844995683
SKG_MT_208,2020,0.9387027621269226,0.6511627906976745,129,21,29,3.091042453358316,0.6511627900465117,0.8572908022818339,0.3416783458688142,0.7645039541934674
SKG_QA_132,2020,0.9341353178024292,0.6544117647058824,136,8,23,2.1972245773362196,0.6544117640514705,0.8466571044651915,0.24287730447405703,0.7478300563833339
SKG_QA_135,2020,0.9361218214035034,0.8109756097560976,164,60,38,4.110873864173311,0.8109756089451219,0.8512819838298322,0.45440869971230236,0.8035333804411371
SKG_QA_103,2020,0.9363161325454712,0.8658536585365854,82,202,52,5.313205979041787,0.8658536576707316,0.8517343694133874,0.5873123574239205,0.8281160258659095
SKG_QA_52,2020,0.9307311773300172,0.8545454545454545,55,6,31,1.9459101490553132,0.854545453690909,0.8387317531007726,0.2150974536814245,0.779531063276865
SKG_MT_965,2020,0.9521018266677856,0.6571428571428571,175,18,35,2.9444389791664403,0.6571428564857142,0.8884858411768132,0.325473058068228,0.7859159659277348
SKG_MT_967,2020,0.9513727426528932,0.6666666666666666,117,5,34,1.791759469228055,0.6666666659999999,0.886788423858394,0.19805791116698682,0.7738910210175743
SKG_MT_974,2020,0.947569727897644,0.6901408450704225,71,1,26,0.6931471805599453,0.6901408443802816,0.8779344331304311,0.07661925892995831,0.7602441979603538
SKG_MT_978,2020,0.95018070936203,0.7741935483870968,62,3,12,1.3862943611198906,0.7741935476129032,0.8840131909487247,0.15323851785991663,0.7889717949726796
SKG_MT_407,2020,0.9587109684944152,0.7619047619047619,147,19,28,2.995732273553991,0.761904761142857,0.9038729180667991,0.33114292777883625,0.8182062876532143
SKG_MT_937,2020,0.9434970617294312,0.5862068965517241,174,4,24,1.6094379124341003,0.5862068959655171,0.8684526533288477,0.17790440991891962,0.7429486775151887
SKG_MT_943,2020,0.9467813372612,0.7070707070707071,99,2,14,1.0986122886681098,0.7070707063636363,0.8760989410710185,0.12143865223702852,0.7668272652461431
SKG_MT_173,2020,0.9441021680831908,0.1770833333333333,288,1222,32,7.109062135687172,0.17708333315624994,0.8698614319927286,0.785823109145968,0.7229019799407568
SKG_MT_177,2020,0.9387866854667664,0.6851851851851852,54,3,24,1.3862943611198906,0.6851851845,0.8574861884479829,0.15323851785991663,0.7526012205995797
SKG_MT_186,2020,0.9382899403572084,0.6942148760330579,121,1,26,0.6931471805599453,0.694214875338843,0.8563296910696551,0.07661925892995831,0.745935684709523
SKG_MT_190,2020,0.9311271905899048,0.8068181818181818,88,5,28,1.791759469228055,0.8068181810113635,0.839653731572288,0.19805791116698682,0.7689270394195729
SKG_MT_12,2020,0.962131142616272,0.673469387755102,196,46,41,3.8501476017100584,0.6734693870816326,0.911835598180291,0.4255884814761487,0.8155376442901451
SKG_SUM_13,2020,0.95047789812088,0.7004405286343612,227,358,34,5.883322388488279,0.7004405279339206,0.8847050911081128,0.6503320133075544,0.8244148706932185
SKG_SUM_14,2020,0.9162918329238892,0.7692307692307693,208,108,43,4.6913478822291435,0.7692307684615385,0.8051147861107655,0.5185732672657684,0.7692838306964204
SKG_DIA_2,2020,0.9359448552131652,0.7990654205607477,214,84,34,4.442651256490317,0.7990654197616822,0.8508699799041953,0.4910827837192625,0.8045303482571994
SKG_DIA_3,2020,0.9483936429023744,0.7677053824362606,353,33,61,3.5263605246161616,0.7677053816685552,0.8798526312658559,0.38979763273030116,0.8084176814928402
SKG_QA_142,2020,0.9472505450248718,0.6021505376344086,186,9,48,2.302585092994046,0.6021505370322581,0.8771913273635789,0.25452366884887795,0.7599164034458447
SKG_QA_144,2020,0.9340213537216188,0.7176470588235294,170,134,58,4.90527477843843,0.7176470581058823,0.8463917789327507,0.5422203666300052,0.7902256935371025
SKG_QA_154,2020,0.937574863433838,0.6716417910447762,134,78,47,4.3694478524670215,0.6716417903731343,0.854664884368455,0.4829910093822678,0.780892878070772
SKG_QA_181,2020,0.9417473673820496,0.6576576576576577,111,49,52,3.912023005428146,0.657657657,0.8643791015480918,0.43242807876779754,0.779839710360444
SKG_QA_184,2020,0.9298490285873412,0.7719298245614035,114,13,57,2.6390573296152584,0.7719298237894736,0.8366779780588649,0.29171671261138277,0.7692322206602384
SKG_QA_190,2020,0.9528790712356568,0.7954545454545454,44,21,48,3.091042453358316,0.7954545446590908,0.8902953835110344,0.3416783458688142,0.8164655119764237
SKG_QA_191,2020,0.9292960166931152,0.7368421052631579,133,85,1,4.454347296253507,0.7368421045263157,0.8353904831373236,0.49237564319298505,0.781379323420688
SKG_QA_163,2020,0.9400332570075988,0.7555555555555555,45,32,14,3.4965075614664802,0.7555555547999999,0.8603883946119317,0.38649773917588437,0.7920327611059406
SKG_QA_105,2020,0.9562641978263856,0.6567164179104478,67,2,14,1.0986122886681098,0.6567164172537313,0.8981764676971854,0.12143865223702852,0.7722106760624788
SKG_QA_114,2020,0.9361797571182252,0.8333333333333334,30,473,41,6.161207321695077,0.8333333325,0.8514168668933956,0.6810489205492546,0.8307633653803024
SKG_QA_120,2020,0.9322716593742372,0.6791044776119403,134,17,37,2.8903717578961645,0.6791044769328357,0.842318227151995,0.3194965634040153,0.7573933107333651
SKG_QA_129,2020,0.9419819116592408,0.8181818181818182,55,117,40,4.770684624465665,0.8181818173636364,0.8649251559257884,0.5273430099215328,0.8218182736129324
SKG_MT_140,2020,0.9486520886421204,0.541033434650456,329,18,33,2.9444389791664403,0.5410334341094225,0.8804543318457009,0.325473058068228,0.7570720249206979
SKG_MT_145,2020,0.938001275062561,0.7096774193548387,186,2,28,1.0986122886681098,0.7096774186451613,0.8556576348177658,0.12143865223702852,0.7530396933251712
SKG_MT_1251,2020,0.9434856176376344,0.8461538461538461,26,4,12,1.6094379124341003,0.8461538453076922,0.8684260097607367,0.17790440991891962,0.794919416885946
SKG_MT_1258,2020,0.9439442753791808,0.6416666666666667,120,32,36,3.4965075614664802,0.641666666025,0.869493834013944,0.38649773917588437,0.7756287909323492
SKG_MT_1259,2020,0.9530693888664246,0.7264150943396226,106,2,24,1.0986122886681098,0.7264150936132074,0.8907384715994672,0.12143865223702852,0.7809438140659712
SKG_DIA_13,2020,0.9289547204971312,0.7931034482758621,87,5,16,1.791759469228055,0.7931034474827586,0.8345958942258395,0.19805791116698682,0.762643606571338
SKG_DIA_14,2020,0.9239700436592102,0.8181818181818182,22,12,22,2.5649493574615367,0.8181818173636364,0.8229908163218089,0.2835249489189543,0.7680824297898888
SKG_DIA_16,2020,0.9413658380508424,0.7539267015706806,191,17,33,2.8903717578961645,0.7539267008167538,0.8634908438424673,0.3194965634040153,0.7871785871934793
SKG_DIA_17,2020,0.9254835844039916,0.7435897435897436,117,18,64,2.9444389791664403,0.7435897428461538,0.8265145669731025,0.325473058068228,0.7598254512572253
SKG_SA_620,2020,0.9226388931274414,0.7258687258687259,259,3,24,1.3862943611198906,0.725868725142857,0.8198916975372877,0.15323851785991663,0.7344217850906645
SKG_QA_214,2020,0.9461172819137572,0.702247191011236,178,18,33,2.9444389791664403,0.7022471903089887,0.8745529202776474,0.325473058068228,0.7851837880629737
SKG_QA_217,2020,0.9420508146286012,0.7323232323232324,198,170,41,5.14166355650266,0.7323232315909091,0.8650855724087915,0.5683503625422851,0.8088595832585642
SKG_PAR_211,2020,0.947154700756073,0.6733333333333333,150,57,55,4.060443010546419,0.67333333266,0.8769681874806473,0.4488341626724543,0.7934278140356985
SKG_PAR_213,2020,0.952597975730896,0.8805970149253731,67,40,39,3.713572066704308,0.8805970140447761,0.8896409508693021,0.4104916642725502,0.8399172348447216
SKG_SUM_9,2020,0.9337643384933472,0.737037037037037,270,7,28,2.0794415416798357,0.7370370363,0.8457934087989192,0.2298577767898749,0.7624485710982308
SKG_SUM_10,2020,0.9431403875350952,0.7593582887700535,187,121,48,4.804021044733257,0.7593582880106952,0.8676222621227144,0.5310279586422607,0.8123100369522652
SKG_MT_1262,2020,0.9349865913391112,0.8351648351648352,91,32,57,3.4965075614664802,0.8351648343296703,0.8486389973806316,0.38649773917588437,0.7997300389499645
SKG_MT_1269,2020,0.9294050335884094,0.5538461538461539,65,8,53,2.1972245773362196,0.5538461532923077,0.8356442908772999,0.24287730447405703,0.7200079647199772
SKG_MT_1272,2020,0.938012719154358,0.7804878048780488,41,2,31,1.0986122886681098,0.7804878040975609,0.8556842783858774,0.12143865223702852,0.7672204209133291
SKG_MT_1274,2020,0.9319813847541808,0.7450980392156863,102,53,41,3.9889840465642745,0.7450980384705882,0.8416424241483399,0.4409352156410438,0.78226282616206
SKG_MT_948,2020,0.9476011395454408,0.7083333333333334,144,3,30,1.3862943611198906,0.708333332625,0.8780075641741533,0.15323851785991663,0.771595813232899
SKG_MT_949,2020,0.9475702047348022,0.7253521126760564,142,73,51,4.30406509320417,0.7253521119507041,0.8779355432791024,0.47576371523462563,0.807201674208975
SKG_MT_418,2020,0.9434857368469238,0.7941176470588235,34,4,12,1.6094379124341003,0.7941176462647058,0.8684262872979043,0.17790440991891962,0.7845123713533662
SKG_MT_420,2020,0.949941337108612,0.5882352941176471,68,1,13,0.6931471805599453,0.5882352935294117,0.8834558963157312,0.07661925892995831,0.74372811201989
SKG_MT_430,2020,0.9450857043266296,0.7912087912087912,91,12,18,2.5649493574615367,0.7912087904175823,0.8721512523958714,0.2835249489189543,0.7971001296525219
SKG_MT_434,2020,0.9342878460884094,0.7333333333333333,105,0,16,0.0,0.7333333325999999,0.847012213271424,0.0,0.7395752158099966
SKG_MT_436,2020,0.959027886390686,0.6950354609929078,141,21,20,3.091042453358316,0.6950354602978723,0.9046107506274629,0.3416783458688142,0.80640245208568
NOVEL_MT_95,2020,0.9542403221130372,0.6629834254143646,181,3,46,1.3862943611198906,0.6629834247513812,0.8934645804304314,0.15323851785991663,0.7733457430375699
SKG_MT_161,2020,0.9386000633239746,0.768361581920904,177,78,33,4.3694478524670215,0.7683615811525424,0.8570517040117523,0.4829910093822678,0.8019076099769619
SKG_MT_163,2020,0.9223861694335938,0.7424242424242424,66,2,37,1.0986122886681098,0.7424242416818181,0.8193033187414981,0.12143865223702852,0.7341410366791151
SKG_MT_1200,2020,0.93291175365448,0.7022900763358778,131,13,56,2.6390573296152584,0.7022900756335877,0.8438084629746326,0.29171671261138277,0.7602956104700986
SKG_MT_1212,2020,0.9492653012275696,0.6633663366336634,101,7,37,2.0794415416798357,0.663366335970297,0.8818819830369942,0.2298577767898749,0.7729764329989428
SKG_QA_222,2020,0.9507023692131042,0.7894736842105263,114,30,32,3.4339872044851463,0.7894736834210526,0.8852276935951281,0.3795868498953761,0.8155128071903377
SKG_QA_171,2020,0.9322074055671692,0.6111111111111112,36,2,22,1.0986122886681098,0.6111111105,0.8421686346185369,0.12143865223702852,0.7238841315566785
SKG_QA_174,2020,0.9435113668441772,0.7361111111111112,72,2,16,1.0986122886681098,0.736111110375,0.8684859577889867,0.12143865223702852,0.7673062577509935
SKG_QA_178,2020,0.932589054107666,0.6881720430107527,93,307,54,5.730099782973574,0.6881720423225807,0.8430571698613296,0.633395058480197,0.7911139332154665
SKG_DIA_18,2020,0.9421062469482422,0.7516339869281046,153,141,44,4.955827057601261,0.7516339861764705,0.86521462719183,0.5478083258330528,0.8107578688528803
SKG_DIA_22,2020,0.933184027671814,0.8078817733990148,203,18,45,2.9444389791664403,0.8078817725911329,0.8444423578659457,0.325473058068228,0.7852333108312113
SKG_MT_730,2020,0.9418689012527466,0.6018518518518519,108,3,12,1.3862943611198906,0.60185185125,0.8646620506906898,0.15323851785991663,0.7409576575194745
SKG_MT_594,2020,0.9433516263961792,0.6996047430830039,253,82,42,4.418840607796598,0.6996047423833991,0.8681140579841008,0.48845079687906423,0.7964458687534567
SKG_MT_693,2020,0.9424818754196168,0.7115384615384616,52,24,41,3.2188758248682006,0.7115384608269231,0.8660891468076477,0.35580881983783924,0.784150976914522
SKG_SA_548,2020,0.943453311920166,0.7960526315789473,152,8,63,2.1972245773362196,0.7960526307828947,0.8683507971882558,0.24287730447405703,0.7913438146357636
SKG_SA_538,2020,0.946155846118927,0.703125,192,137,55,4.927253685157205,0.703124999296875,0.8746427035514391,0.5446498759638279,0.8073398799417651
SKG_SA_546,2020,0.9535004496574402,0.8,65,0,19,0.0,0.7999999992,0.8917420459983235,0.0,0.7842194320388265
SKG_SA_586,2020,0.9496351480484008,0.6717557251908397,131,259,57,5.560681631015528,0.6717557245190839,0.882743042100172,0.6146678766977905,0.8137380620437162
SKG_SA_591,2020,0.9347122311592102,0.8571428571428571,28,67,36,4.219507705176107,0.8571428562857142,0.848000245588882,0.46641689166025946,0.8116704323353862
SKG_DIA_11,2020,0.9472845792770386,0.6583333333333333,120,11,25,2.4849066497880004,0.6583333326749999,0.8772705642249929,0.27467717009694514,0.7732237785021896
SKG_DIA_12,2020,0.9457941055297852,0.64,125,8,42,2.1972245773362196,0.63999999936,0.8738005170156733,0.24287730447405703,0.7639480922303771
SKG_DIA_47,2020,0.9252994656562804,0.7727272727272727,22,6,35,1.9459101490553132,0.7727272719545454,0.8260859108173964,0.2150974536814245,0.7543153373312289
SKG_DIA_49,2020,0.9489261507987976,0.8135593220338984,59,9,24,2.302585092994046,0.8135593212203389,0.8810923897945312,0.25452366884887795,0.8049289039851274
SKG_SA_498,2020,0.952611804008484,0.61875,160,1,39,0.6931471805599453,0.61874999938125,0.8896731451807701,0.07661925892995831,0.754183127395785
SKG_DIA_29,2020,0.9421863555908204,0.7777777777777778,90,44,44,3.8066624897703196,0.777777777,0.8654011321686088,0.4207817143929766,0.8034145193573238
SKG_MT_129,2020,0.9388118982315063,0.5818181818181818,55,2,7,1.0986122886681098,0.5818181812363635,0.8575448875589778,0.12143865223702852,0.72878892276226
NOVEL_MT_163,2020,0.9451077580451964,0.6804123711340206,194,2,28,1.0986122886681098,0.6804123704536083,0.8722025967719189,0.12143865223702852,0.7587681570547676
SKG_MT_438,2020,0.945259690284729,0.7384615384615385,65,41,22,3.7376696182833684,0.7384615377230769,0.8725563178923125,0.4131553648484113,0.7997972665540751
SKG_QA_226,2020,0.943097710609436,0.6666666666666666,69,24,68,3.2188758248682006,0.6666666659999999,0.8675229038166329,0.35580881983783924,0.7761802478554269
SKG_QA_228,2020,0.9313664436340332,0.6846153846153846,130,26,48,3.295836866004329,0.6846153839307692,0.8402107486681133,0.3643159567110855,0.7615021965249416
SKG_QA_232,2020,0.9334090948104858,0.6857142857142857,70,156,35,5.056245805348308,0.6857142850285713,0.8449663480387998,0.5589084359551739,0.7845101442283915
SKG_QA_237,2020,0.9312552213668824,0.7945736434108527,258,36,67,3.6109179126442243,0.7945736426162789,0.8399518064905326,0.39914445630466727,0.7867954386970953
SKG_QA_239,2020,0.9450712203979492,0.7482517482517482,143,6,60,1.9459101490553132,0.7482517475034964,0.8721175316299807,0.2150974536814245,0.7816423670098283
SKG_QA_244,2020,0.9422305822372437,0.7805907172995781,237,16,38,2.833213344056216,0.7805907165189873,0.8655040984578717,0.31317837380034286,0.7932888496043419
SKG_QA_195,2020,0.9464459419250488,0.6779661016949152,177,39,52,3.6888794541139363,0.6779661010169491,0.875318090249342,0.40776218670879455,0.7890921020488086
SKG_QA_290,2020,0.9388303756713868,0.6326530612244898,98,62,34,4.143134726391533,0.6326530605918367,0.857587905819991,0.4579747581554815,0.7726396220079091
SKG_QA_293,2020,0.942531943321228,0.7050359712230215,139,13,27,2.6390573296152584,0.7050359705179855,0.866205712418134,0.29171671261138277,0.7765228640574292
SKG_QA_313,2020,0.946811318397522,0.7448275862068966,145,42,28,3.7612001156935624,0.744827585462069,0.8761687416687266,0.41575638426302675,0.803859274686825
SKG_QA_317,2020,0.9420146942138672,0.6984924623115578,199,20,24,3.044522437723423,0.6984924616130653,0.8650014786469401,0.336536105918453,0.7788531379673165
SKG_QA_297,2020,0.948796570301056,0.7335640138408305,289,60,47,4.110873864173311,0.7335640131072664,0.8807907068931053,0.45440869971230236,0.8087071674178572
SKG_QA_250,2020,0.9359262585639954,0.6607142857142857,56,9,45,2.302585092994046,0.6607142850535713,0.8508266841060148,0.25452366884887795,0.7531739027698124
SKG_QA_264,2020,0.952374279499054,0.7654320987654321,81,52,36,3.970291913552122,0.7654320979999999,0.8891201523738779,0.4388690204383823,0.8193574283055528
SKG_MT_1238,2020,0.9475457072257996,0.6208791208791209,182,1,39,0.6931471805599453,0.6208791202582418,0.8778785093911143,0.07661925892995831,0.7463527065184242
SKG_MT_114,2020,0.9424610137939452,0.7619047619047619,42,0,24,0.0,0.761904761142857,0.8660405778032778,0.0,0.7586093566908658
SKG_MT_115,2020,0.9552130699157716,0.725,120,1,14,0.6931471805599453,0.7249999992749999,0.8957292837198859,0.07661925892995831,0.779672424351916
SKG_MT_118,2020,0.9395233988761902,0.7887931034482759,232,56,38,4.04305126783455,0.7887931026594828,0.8592013681451431,0.44691171030525656,0.8038907492640224
SKG_MT_1289,2020,0.9486984014511108,0.6911764705882353,136,29,46,3.4011973816621555,0.6911764698970587,0.880562155035401,0.37596232108590644,0.7922250346127832
SKG_MT_718,2020,0.9433218240737916,0.7931034482758621,29,12,29,2.5649493574615367,0.7931034474827586,0.8680446736921448,0.2835249489189543,0.7946044559729484
SKG_DIA_35,2020,0.9315332174301147,0.5548780487804879,164,3,29,1.3862943611198906,0.5548780482256097,0.840599023165901,0.15323851785991663,0.7147187776472443
SKG_DIA_39,2020,0.933573603630066,0.725,200,57,56,4.060443010546419,0.7249999992749999,0.845349349330399,0.4488341626724543,0.7816279606535247
SKG_DIA_41,2020,0.947201371192932,0.7676767676767676,99,32,38,3.4965075614664802,0.7676767669090908,0.8770768432818506,0.38649773917588437,0.806138917596702
SKG_DIA_42,2020,0.940852165222168,0.855072463768116,69,41,21,3.7376696182833684,0.8550724629130434,0.8622949361863078,0.4131553648484113,0.8159364843978653
SKG_DIA_45,2020,0.9504268765449524,0.7359550561797753,178,58,40,4.07753744390572,0.7359550554438202,0.8845863052002839,0.45072375099157447,0.8114737998281202
SKG_MT_579,2020,0.929940700531006,0.7391304347826086,115,13,52,2.6390573296152584,0.7391304340434781,0.836891404140923,0.29171671261138277,0.7628217409684799
SKG_MT_746,2020,0.9445408582687378,0.6538461538461539,52,20,31,3.044522437723423,0.6538461531923077,0.870882768770326,0.336536105918453,0.7740407793695351
SKG_MT_749,2020,0.9361964464187622,0.684931506849315,73,2,11,1.0986122886681098,0.6849315061643835,0.8514557220968909,0.12143865223702852,0.7451491719244031
SKG_MT_714,2020,0.9486843347549438,0.7346938775510204,49,34,55,3.5553480614894135,0.7346938768163265,0.8805294056495976,0.3930018636003441,0.8026095456780179
SKG_MT_1076,2020,0.9693546295166016,0.9375,16,5,20,1.791759469228055,0.9374999990624999,0.9286529628646648,0.19805791116698682,0.857362864934464
SKG_QA_318,2020,0.9489059448242188,0.7068965517241379,174,11,51,2.4849066497880004,0.7068965510172412,0.8810453472445848,0.27467717009694514,0.7855787702843522
SKG_QA_363,2020,0.9412685632705688,0.7792207792207793,77,2,25,1.0986122886681098,0.7792207784415585,0.8632643735135216,0.12143865223702852,0.7722730823714795
SKG_QA_323,2020,0.9408723711967468,0.6607142857142857,112,38,25,3.6635616461296463,0.6607142850535713,0.8623419787362542,0.4049636011559828,0.7762786022416904
SKG_QA_325,2020,0.9429620504379272,0.6774193548387096,217,10,81,2.3978952727983707,0.6774193541612902,0.8672070665196477,0.2650590869388559,0.769034726089897
SKG_QA_326,2020,0.9386817812919616,0.9333333333333332,15,2,47,1.0986122886681098,0.9333333323999998,0.8572419557402963,0.12143865223702852,0.7988799007219102
SKG_QA_331,2020,0.9450424313545228,0.8611111111111112,144,153,54,5.0369526024136295,0.86111111025,0.8720505064039511,0.5567757995502387,0.8383351564877897
SKG_QA_279,2020,0.9435508847236632,0.7975460122699386,163,4,41,1.6094379124341003,0.7975460114723926,0.8685779613601206,0.17790440991891962,0.7853042162384548
SKG_QA_280,2020,0.9447120428085328,0.7551020408163265,147,12,43,2.5649493574615367,0.7551020400612244,0.8712813121433234,0.2835249489189543,0.7892698214044667
SKG_QA_281,2020,0.9290820360183716,0.6610169491525424,59,9,21,2.302585092994046,0.6610169484915254,0.8348923039210772,0.25452366884887795,0.742080369327947
SKG_QA_287,2020,0.9191547632217408,0.8611111111111112,72,5,36,1.791759469228055,0.86111111025,0.8117801187332581,0.19805791116698682,0.7602740962799793
SKG_QA_307,2020,0.9419902563095092,0.7674418604651163,86,4,25,1.6094379124341003,0.7674418596976744,0.8649445835275357,0.17790440991891962,0.7767400214007019
SKG_SA_519,2020,0.9282811880111694,0.7058823529411765,187,44,43,3.8066624897703196,0.705882352235294,0.8330278092276269,0.4207817143929766,0.7663741083456953
SKG_DIA_53,2020,0.9444180727005004,0.6598639455782312,147,152,29,5.030437921392435,0.6598639449183672,0.8705969054874656,0.5560556782743998,0.7969961906523393
SKG_MT_442,2020,0.9500986933708192,0.6530612244897959,49,8,34,2.1972245773362196,0.6530612238367346,0.8838222453772611,0.24287730447405703,0.7735755469788353
SKG_MT_450,2020,0.931537628173828,0.7117117117117117,111,28,39,3.367295829986474,0.7117117109999999,0.8406092920411102,0.372214903742496,0.7679903370030267
SKG_MT_455,2020,0.9528177976608276,0.5681818181818182,44,4,21,1.6094379124341003,0.5681818176136364,0.8901527294067719,0.17790440991891962,0.7545337150993596
SKG_MT_132,2020,0.9327499270439148,0.7307692307692307,104,3,28,1.3862943611198906,0.7307692300384614,0.8434317062693099,0.15323851785991663,0.7518798921822009
SKG_MT_1323,2020,0.913913071155548,0.7157622739018088,387,6,132,1.9459101490553132,0.7157622731860465,0.7995766706953954,0.2150974536814245,0.7243658694921284
SKG_MT_1331,2020,0.9474441409111024,0.6243093922651933,181,18,33,2.9444389791664403,0.6243093916408838,0.8776420477241273,0.325473058068228,0.7717586175418887
SKG_MT_99,2020,0.9420135617256165,0.8125,32,15,36,2.772588722239781,0.8124999991874999,0.8649988420438458,0.30647703571983326,0.7986468928401753
SKG_MT_105,2020,0.938077747821808,0.6229508196721312,122,29,35,3.4011973816621555,0.6229508190491803,0.855835674910926,0.37596232108590644,0.7612713683560749
SKG_MT_112,2020,0.9472583532333374,0.5733333333333334,150,72,36,4.290459441148391,0.57333333276,0.8772095060480715,0.474259770607843,0.7761392978464343
SKG_DIA_60,2020,0.9359203577041626,0.7921348314606742,178,20,32,3.044522437723423,0.7921348306685393,0.8508129460162075,0.336536105918453,0.7876496389368984
SKG_DIA_61,2020,0.9460546374320984,0.6645962732919255,161,30,40,3.4339872044851463,0.6645962726273291,0.8744070744959554,0.3795868498953761,0.7829628916621721
SKG_DIA_65,2020,0.9414424896240234,0.7572815533980582,103,21,27,3.091042453358316,0.7572815526407767,0.8636693002413787,0.3416783458688142,0.7901926552840018
SKG_DIA_69,2020,0.950666606426239,0.5263157894736842,76,22,21,3.1354942159291497,0.5263157889473683,0.8851444324447806,0.34659196479684096,0.7595234569805042
SKG_DIA_70,2020,0.941844642162323,0.7028985507246377,276,2,38,1.0986122886681098,0.7028985500217391,0.8646055718770373,0.12143865223702852,0.7579474755419767
SKG_QA_301,2020,0.9167329668998718,0.8137931034482758,145,79,94,4.382026634673881,0.8137931026344827,0.806141812400303,0.48438144563875285,0.775496033770984
SKG_MT_908,2020,0.9429811239242554,0.7549019607843137,102,0,16,0.0,0.7549019600294117,0.8672514724664998,0.0,0.7580564227324321
SKG_MT_1078,2020,0.9566502571105956,0.6857142857142857,105,7,23,2.0794415416798357,0.6857142850285713,0.8990752718151871,0.2298577767898749,0.7894813249553326
SKG_MT_302,2020,0.9427067041397096,0.6557377049180327,61,2,21,1.0986122886681098,0.6557377042622949,0.8666125819061662,0.12143865223702852,0.7499202134104782
SKG_MT_309,2020,1.0,0.6619718309859155,142,7,44,2.0794415416798357,0.6619718303239436,0.9999999976718494,0.2298577767898749,0.8553801421140708
SKG_MT_310,2020,0.9126480221748352,0.7972972972972973,74,37,16,3.6375861597263857,0.7972972964999999,0.7966314462704336,0.4020923169981863,0.757310703389122
SKG_MT_318,2020,0.938502311706543,0.6216216216216216,74,8,20,2.1972245773362196,0.621621621,0.8568241235341356,0.24287730447405703,0.7483889411213006
SKG_MT_1040,2020,0.9524267315864564,0.7441860465116279,215,210,51,5.351858133476067,0.7441860457674417,0.8892422687277213,0.5915848979634469,0.8304652870592379
SKG_MT_1041,2020,0.9419665336608888,0.6274509803921569,153,1,39,0.6931471805599453,0.6274509797647059,0.864889353631139,0.07661925892995831,0.7385746693877343
SKG_MT_267,2020,0.9487167596817015,0.6344827586206897,435,14,95,2.70805020110221,0.6344827579862069,0.8806048957592458,0.29934306215594814,0.7732542848443082
SKG_SA_467,2020,0.9327462911605836,0.7528735632183908,174,29,33,3.4011973816621555,0.7528735624655172,0.8434232413856914,0.37596232108590644,0.778567213571678
SKG_SA_470,2020,0.9357253909111024,0.7755102040816326,98,55,48,4.02535169073515,0.7755102033061223,0.8503590339782294,0.4449552304712995,0.794848887493115
SKG_SA_478,2020,0.9368523359298706,0.61,100,127,9,4.852030263919617,0.6099999993899999,0.8529827315942656,0.5363348125097082,0.7727213932449567
SKG_DIA_75,2020,0.9444729089736938,0.8076923076923077,104,33,31,3.5263605246161616,0.8076923068846154,0.8707245725846655,0.38979763273030116,0.810025425459219
SKG_DIA_88,2020,0.9638363122940063,0.8543689320388349,103,67,32,4.219507705176107,0.8543689311844659,0.9158054898288641,0.46641689166025946,0.858579318283124
SKG_SA_518,2020,0.9449915885925292,0.72,75,4,12,1.6094379124341003,0.7199999992799999,0.8719321368018731,0.17790440991891962,0.7721429366092031
SKG_MT_1008,2020,0.94684237241745,0.7898550724637681,138,24,50,3.2188758248682006,0.7898550716739129,0.8762410401009451,0.35580881983783924,0.806920624389228
SKG_MT_383,2020,0.9504321813583374,0.7579617834394905,157,61,51,4.127134385045092,0.7579617826815287,0.8845986556042521,0.4562061088253344,0.8164320263418157
SKG_MT_385,2020,0.9527055621147156,0.6666666666666666,78,9,23,2.302585092994046,0.6666666659999999,0.8898914281632644,0.25452366884887795,0.7817096997991728
SKG_MT_386,2020,0.9427496194839478,0.7338709677419355,124,59,22,4.0943445622221,0.7338709670080644,0.866712495286583,0.45258158001586474,0.7987310981038075
SKG_MT_392,2020,0.9464322924613952,0.6675824175824175,364,17,45,2.8903717578961645,0.6675824169148351,0.8752863122436257,0.3194965634040153,0.7781665582939066
SKG_MT_963,2020,0.9468138813972472,0.7468354430379747,79,1,26,0.6931471805599453,0.7468354422911392,0.8761747087178345,0.07661925892995831,0.7703513104537079
SKG_MT_456,2020,0.9439828991889954,0.6917808219178082,146,3,28,1.3862943611198906,0.6917808212260274,0.8695837560563197,0.15323851785991663,0.7623886452706209
SKG_MT_464,2020,0.9475733637809752,0.6666666666666666,174,97,48,4.584967478670572,0.6666666659999999,0.8779428980140495,0.5068141662928074,0.7985747784391153
SKG_QA_374,2020,0.9422345161437988,0.6875,48,24,26,3.2188758248682006,0.6874999993124999,0.86551325718441,0.35580881983783924,0.7789401618753709
SKG_QA_383,2020,0.9443422555923462,0.7592592592592593,54,0,48,0.0,0.7592592585,0.870420391848729,0.0,0.7611461259941102
SKG_QA_346,2020,0.9412253499031068,0.7045454545454546,176,65,26,4.189654742026425,0.704545453840909,0.8631637662901852,0.4631169981058426,0.7914354269818956
SKG_QA_351,2020,0.942491352558136,0.6813186813186813,91,40,35,3.713572066704308,0.6813186806373626,0.8661112110124896,0.4104916642725502,0.7835907502634701
SKG_QA_360,2020,0.9389604330062866,0.8461538461538461,52,32,64,3.4965075614664802,0.8461538453076922,0.8578906988700882,0.38649773917588437,0.8084040321881886
SKG_QA_332,2020,0.9490310549736024,0.7162162162162162,148,2,31,1.0986122886681098,0.7162162154999999,0.8813366225022178,0.12143865223702852,0.7723227440752553
SKG_QA_342,2020,0.9370314478874208,0.6623376623376623,77,1,19,0.6931471805599453,0.6623376616753246,0.8533997311889234,0.07661925892995831,0.7375092700603071
SKG_QA_300,2020,0.9232903718948364,0.7419354838709677,186,99,49,4.605170185988092,0.7419354831290322,0.821408438159453,0.5090473376977559,0.774277737107199
SKG_QA_408,2020,0.935316264629364,0.7238095238095238,105,6,24,1.9459101490553132,0.7238095230857142,0.8494065264182528,0.2150974536814245,0.7608562184780622
SKG_QA_409,2020,0.9546698331832886,0.7130434782608696,115,70,13,4.2626798770413155,0.713043477547826,0.8944645468461058,0.47118906690309453,0.8158527849921487
SKG_QA_368,2020,0.9450637698173524,0.7878787878787878,132,15,34,2.772588722239781,0.787878787090909,0.8721001855569919,0.30647703571983326,0.7986935908800593
SKG_QA_372,2020,0.9476398229599,0.7666666666666667,210,6,44,1.9459101490553132,0.7666666659,0.8780976249851126,0.2150974536814245,0.7895114160377211
SKG_QA_373,2020,0.925453007221222,0.7954545454545454,44,119,64,4.787491742782046,0.7954545446590908,0.8264433786895559,0.529200838945823,0.7905213579090895
SKG_QA_391,2020,0.9447389841079712,0.7916666666666666,120,3,21,1.3862943611198906,0.7916666658749999,0.8713440355432516,0.15323851785991663,0.7835980098412677
SKG_QA_393,2020,0.9254031181335448,0.7714285714285715,140,35,48,3.58351893845611,0.7714285706571429,0.8263272293848205,0.39611582233397363,0.7723263569342002
SKG_QA_395,2020,0.9521010518074036,0.6141304347826086,184,29,28,3.4011973816621555,0.6141304341684781,0.8884840371852223,0.37596232108590644,0.7823611449719419
SKG_QA_402,2020,0.9104551076889038,0.746031746031746,63,26,19,3.295836866004329,0.7460317452857143,0.7915260112997033,0.3643159567110855,0.7397061526380437
SKG_PAR_137,2020,0.9411948919296264,0.8024691358024691,162,48,80,3.8918202981106265,0.802469135,0.8630928555438053,0.430194907362849,0.8076783166169486
SKG_PAR_146,2020,0.9344063997268676,0.7181208053691275,149,7,0,2.0794415416798357,0.7181208046510066,0.847288223984826,0.2298577767898749,0.759711695398567
SKG_PAR_150,2020,0.9425417184829712,0.819672131147541,122,3,26,1.3862943611198906,0.8196721303278688,0.8662284704658958,0.15323851785991663,0.7856182071776925
SKG_MT_990,2020,0.9328261613845824,0.6666666666666666,63,4,11,1.6094379124341003,0.6666666659999999,0.8436091912881338,0.17790440991891962,0.7416502080935856
SKG_MT_996,2020,0.9372912645339966,0.6538461538461539,130,3,54,1.3862943611198906,0.6538461531923077,0.8540046234461984,0.15323851785991663,0.7438963188367922
SKG_MT_997,2020,0.9470612406730652,0.6495726495726496,117,1,36,0.6931471805599453,0.6495726489230769,0.8767505983410723,0.07661925892995831,0.7513018745163618
SKG_MT_1002,2020,1.0,0.620253164556962,79,6,17,1.9459101490553132,0.6202531639367088,0.9999999976718494,0.2150974536814245,0.8455603765257788
SKG_MT_634,2020,0.9296159744262696,0.7014925373134329,67,0,55,0.0,0.7014925366119402,0.836135392895767,0.0,0.7255932823494249
SKG_MT_65,2020,0.9492250680923462,0.7014925373134329,134,19,51,2.995732273553991,0.7014925366119402,0.8817883142428532,0.33114292777883625,0.7906646200702688
SKG_MT_76,2020,0.9352344274520874,0.7073170731707317,205,11,37,2.4849066497880004,0.7073170724634146,0.8492159971525407,0.27467717009694514,0.763382329509156
SKG_MT_81,2020,0.9471117854118348,0.66,100,61,27,4.127134385045092,0.65999999934,0.8768682741002305,0.4562061088253344,0.7914284026206948
SKG_MT_54,2020,0.9286712408065796,0.7,10,13,19,2.6390573296152584,0.6999999992999999,0.8339359108407512,0.29171671261138277,0.7529268087096641
SKG_DIA_97,2020,0.9396367073059082,0.6162790697674418,86,21,34,3.091042453358316,0.6162790691511627,0.8594651672231611,0.3416783458688142,0.7590492654733267
SKG_DIA_98,2020,0.9523948431015016,0.6944444444444444,144,46,51,3.8501476017100584,0.6944444437499999,0.8891680275353281,0.4255884814761487,0.8038653561723446
SKG_DIA_99,2020,0.9418950080871582,0.6851851851851852,108,21,40,3.091042453358316,0.6851851845,0.8647228313304435,0.3416783458688142,0.7765108534181918
SKG_DIA_101,2020,0.9431648254394532,0.6883116883116883,154,56,42,4.04305126783455,0.6883116876233766,0.8676791572421189,0.44691171030525656,0.7897289186246842
SKG_DIA_102,2020,0.9441124796867372,0.723404255319149,141,207,47,5.337538079701318,0.7234042545957446,0.8698854389577461,0.5900019846387875,0.8126008566534498
SKG_SA_445,2020,0.9447118639945984,0.7761194029850746,67,117,52,4.770684624465665,0.7761194022089551,0.8712808958375714,0.5273430099215328,0.8178548085202443
SKG_SA_453,2020,0.9417263865470886,0.8502673796791443,187,38,28,3.6635616461296463,0.8502673788288769,0.8643302550065546,0.4049636011559828,0.8155810143859619
SKG_SA_408,2020,0.9530364274978638,0.757085020242915,247,33,55,3.5263605246161616,0.75708501948583,0.8906617325725635,0.38979763273030116,0.8138599799709906
SKG_QA_422,2020,0.949710726737976,0.7794117647058824,204,65,49,4.189654742026425,0.7794117639264705,0.8829190006645732,0.4631169981058426,0.8202373530610795
NOVEL_MT_9,2020,0.9488226175308228,0.5094339622641509,53,4,19,1.6094379124341003,0.5094339617547169,0.880851348764275,0.17790440991891962,0.7362731774778278
SKG_QA_406,2020,0.928335964679718,0.6419753086419753,162,21,41,3.091042453358316,0.6419753079999999,0.8331553375562426,0.3416783458688142,0.7457716324762512
SKG_MT_1334,2020,0.933776557445526,0.6238532110091743,109,23,10,3.1780538303479458,0.623853210385321,0.8458218563586211,0.35129642902690345,0.7519755844307893
SKG_MT_1342,2020,0.942100703716278,0.7126436781609196,174,2,31,1.0986122886681098,0.7126436774482758,0.8652017217135258,0.12143865223702852,0.760313805912826
SKG_MT_1345,2020,0.9486988186836244,0.7731481481481481,216,99,45,4.605170185988092,0.7731481473749999,0.8805631264154886,0.5090473376977559,0.8219285517356176
SKG_MT_1368,2020,0.9442554712295532,0.7222222222222222,144,1,34,0.6931471805599453,0.7222222214999999,0.8702183447905522,0.07661925892995831,0.7612592115463823
SKG_MT_1382,2020,0.9290742874145508,0.765625,64,6,29,1.9459101490553132,0.765624999234375,0.8348742640051685,0.2150974536814245,0.7590467300186353
SKG_DIA_124,2020,0.935177445411682,0.7727272727272727,286,30,51,3.4339872044851463,0.7727272719545454,0.84908333438632,0.3795868498953761,0.7868624734508706
SKG_MT_766,2020,0.9324929118156432,0.6129032258064516,155,7,39,2.0794415416798357,0.6129032251935483,0.8428333361354782,0.2298577767898749,0.7355497580125319
SKG_MT_769,2020,0.9324673414230348,0.7712765957446809,188,21,57,3.091042453358316,0.7712765949734042,0.8427738044129802,0.3416783458688142,0.7783648166706484
SKG_MT_774,2020,0.9505550265312196,0.69,100,2,11,1.0986122886681098,0.6899999993099999,0.8848846576556963,0.12143865223702852,0.7695631254446902
SKG_MT_775,2020,0.9354322552680968,0.7342657342657343,143,19,55,2.995732273553991,0.7342657335314685,0.8496765700825466,0.33114292777883625,0.7747410385419599
SKG_PAR_132,2020,0.9307607412338256,0.785234899328859,149,33,63,3.5263605246161616,0.785234898543624,0.8388005823183927,0.38979763273030116,0.7831871506046298
SKG_QA_412,2020,0.9428098797798156,0.7649769585253456,217,138,35,4.9344739331306915,0.7649769577603687,0.8668527903249185,0.5454479893581176,0.8143371437153284
SKG_QA_413,2020,0.9419657588005066,0.7477477477477478,111,20,68,3.044522437723423,0.7477477469999999,0.8648875496395478,0.336536105918453,0.7886244447395288
SKG_DIA_55,2020,0.9248124361038208,0.7933884297520661,121,7,31,2.0794415416798357,0.7933884289586777,0.8249520327182464,0.2298577767898749,0.7591298863734954
SKG_MT_543,2020,0.9325348138809204,0.6610169491525424,59,11,37,2.4849066497880004,0.6610169484915254,0.842930890449969,0.27467717009694514,0.749722730022978
SKG_MT_628,2020,0.9481273889541626,0.7239583333333334,192,2,14,1.0986122886681098,0.723958332609375,0.8792327520015178,0.12143865223702852,0.7723984581466403
SKG_DIA_105,2020,0.950677216053009,0.7217741935483871,248,11,53,2.4849066497880004,0.7217741928266128,0.885169133252717,0.27467717009694514,0.791440948851919
SKG_MT_477,2020,0.9376835823059082,0.8,350,32,55,3.4965075614664802,0.7999999992,0.8549179982655114,0.38649773917588437,0.7970923725434463
SKG_MT_479,2020,0.945975124835968,0.5454545454545454,99,135,19,4.912654885736052,0.5454545449090908,0.874221957205016,0.5430361505902178,0.7753498940843512
SKG_MT_483,2020,0.9571294784545898,0.7246376811594203,69,5,34,1.791759469228055,0.7246376804347825,0.900190971229845,0.19805791116698682,0.7948670070645467
SKG_MT_486,2020,0.9350943565368652,0.819672131147541,61,3,27,1.3862943611198906,0.8196721303278688,0.848889890980346,0.15323851785991663,0.7734812015378075
SKG_QA_458,2020,0.8105308413505554,0.7470355731225297,253,78,42,4.3694478524670215,0.747035572375494,0.5588872800307604,0.4829910093822678,0.5889273114348579
SKG_QA_460,2020,0.9440971612930298,0.5,106,4,24,1.6094379124341003,0.49999999949999996,0.8698497754316802,0.17790440991891962,0.726685283694068
SKG_QA_477,2020,0.9410702586174012,0.75,24,29,46,3.4011973816621555,0.7499999992499999,0.8628026904348445,0.37596232108590644,0.7915581152629817
SKG_QA_479,2020,0.9445332288742064,0.688,125,19,61,2.995732273553991,0.6879999993119998,0.8708650063915849,0.33114292777883625,0.780319797114393
SKG_QA_441,2020,0.9474600553512572,0.7444444444444445,90,11,22,2.4849066497880004,0.7444444437,0.8776790989360316,0.27467717009694514,0.7907319750049165
SKG_DIA_72,2020,0.9377792477607728,0.8176100628930818,159,70,42,4.2626798770413155,0.8176100620754717,0.8551407218426915,0.47118906690309453,0.8092394243952878
SKG_DIA_73,2020,0.9423929452896118,0.6901408450704225,142,227,42,5.429345628954441,0.6901408443802816,0.8658821040804497,0.6001502281651732,0.8041606645488883
SKG_MT_1341,2020,0.9463487863540648,0.6761904761904762,210,11,47,2.4849066497880004,0.6761904755142857,0.8750918974575641,0.27467717009694514,0.7752701403328465
SKG_MT_1348,2020,0.9352917671203612,0.6705882352941176,85,7,85,2.0794415416798357,0.6705882346235293,0.8493494925302645,0.2298577767898749,0.7516480693748784
SKG_MT_1356,2020,0.9314130544662476,0.7328767123287672,146,14,25,2.70805020110221,0.7328767115958904,0.840319265700733,0.29934306215594814,0.764733134525286
SKG_MT_1362,2020,0.94461190700531,0.6666666666666666,102,18,41,2.9444389791664403,0.6666666659999999,0.8710481809223496,0.325473058068228,0.7756143656524674
SKG_MT_898,2020,0.9369089007377625,0.6942675159235668,157,26,54,3.295836866004329,0.6942675152292993,0.8531144229803987,0.3643159567110855,0.7724651948032475
SKG_MT_776,2020,0.9489105343818665,0.6344086021505376,186,20,55,3.044522437723423,0.634408601516129,0.8810560324255461,0.336536105918453,0.7772745535929534
SKG_MT_568,2020,0.9428629875183104,0.6904761904761905,84,8,29,2.1972245773362196,0.6904761897857142,0.8669764331331846,0.24287730447405703,0.7692664715977777
SKG_MT_573,2020,0.9503186941146852,0.6631578947368421,95,25,18,3.258096538021482,0.6631578940736841,0.8843344402204827,0.3601442078489126,0.7876801077539659
SKG_MT_36,2020,0.9350286722183228,0.64,50,11,42,2.4849066497880004,0.63999999936,0.8487369680008743,0.27467717009694514,0.7495835944823065
SKG_MT_37,2020,0.9515542984008788,0.673469387755102,98,4,35,1.6094379124341003,0.6734693870816326,0.8872111129649913,0.17790440991891962,0.7735320974837124
SKG_MT_41,2020,0.9457634687423706,0.7443946188340808,223,3,28,1.3862943611198906,0.7443946180896861,0.8737291899635422,0.15323851785991663,0.7758132083784084
SKG_MT_42,2020,0.9374784231185912,0.6739130434782609,92,23,22,3.1780538303479458,0.6739130428043477,0.8544403567996839,0.35129642902690345,0.7680205012233386
SKG_MT_51,2020,0.9412665367126464,0.6818181818181818,132,78,47,4.3694478524670215,0.6818181811363635,0.8632596553816683,0.4829910093822678,0.7889444959326672
SKG_MT_1391,2020,0.9365527033805848,0.728,125,1,16,0.6931471805599453,0.7279999992719999,0.852285141922937,0.07661925892995831,0.7498615250934517
SKG_MT_1393,2020,0.9552732706069946,0.68,75,4,27,1.6094379124341003,0.67999999932,0.8958694399896374,0.17790440991891962,0.7808990488486381
SKG_MT_1407,2020,0.92434424161911,0.7716535433070866,127,2,24,1.0986122886681098,0.771653542535433,0.8238620054916123,0.12143865223702852,0.743177977574918
SKG_DIA_126,2020,0.9429374933242798,0.75,188,102,55,4.634728988229636,0.7499999992499999,0.8671498938630757,0.5123147152275538,0.8082363970769084
SKG_DIA_143,2020,0.9139351844787598,0.8775510204081632,49,14,72,2.70805020110221,0.8775510195306121,0.7996281538400272,0.29934306215594814,0.7651842178097361
SKG_SA_413,2020,0.9452865719795228,0.7738095238095238,168,1,24,0.6931471805599453,0.7738095230357143,0.8726189025236574,0.07661925892995831,0.7732570622666989
SKG_DIA_103,2020,0.9489476084709167,0.7411764705882353,170,103,39,4.6443908991413725,0.7411764698470588,0.8811423464847398,0.5133827257088291,0.8163732090796125
SKG_DIA_119,2020,0.9221590757369996,0.7295081967213115,122,6,50,1.9459101490553132,0.7295081959918033,0.8187746104367912,0.2150974536814245,0.7405536118722569
SKG_DIA_151,2020,0.930908977985382,0.6846153846153846,130,2,27,1.0986122886681098,0.6846153839307692,0.8391456997865835,0.12143865223702852,0.736468931860465
SKG_SA_344,2020,0.9432610273361206,0.6942148760330579,121,41,21,3.7376696182833684,0.694214875338843,0.8679031297365536,0.4131553648484113,0.7876907023681973
SKG_SA_345,2020,0.9391449689865112,0.6634146341463415,205,126,39,4.844187086458591,0.6634146334829268,0.8583203264058817,0.5354678415956312,0.7870539393402658
SKG_SA_350,2020,0.9437206983566284,0.7804878048780488,82,3,21,1.3862943611198906,0.7804878040975609,0.8689733130556879,0.15323851785991663,0.7797027317444855
SKG_SA_358,2020,0.9491884112358092,0.7962962962962963,54,1,8,0.6931471805599453,0.7962962954999999,0.8817029715637467,0.07661925892995831,0.7841132650876185
SKG_SA_371,2020,0.9470589756965636,0.5984251968503937,127,11,24,2.4849066497880004,0.5984251962519685,0.8767453251348833,0.27467717009694514,0.7608744838545066
SKG_SA_312,2020,0.9472417831420898,0.6402439024390244,328,14,19,2.70805020110221,0.6402439017987804,0.8771709283817437,0.29934306215594814,0.7720027364425714
SKG_SA_384,2020,0.9423996210098268,0.7564766839378239,193,189,50,5.247024072160486,0.7564766831813471,0.8658976461618483,0.579996726917106,0.8154233616412737
SKG_SA_402,2020,0.951274871826172,0.7301587301587301,189,11,23,2.4849066497880004,0.7301587294285713,0.8865605658436094,0.27467717009694514,0.7940918589859353
SKG_SA_403,2020,0.9447511434555054,0.6060606060606061,99,2,15,1.0986122886681098,0.6060606054545454,0.8713723443343698,0.12143865223702852,0.7433166273486708
SKG_MT_1409,2020,0.9387866854667664,0.6666666666666666,42,55,26,4.02535169073515,0.6666666659999999,0.8574861884479829,0.4449552304712995,0.7780691881607178
SKG_QA_486,2020,0.92500239610672,0.925,40,25,11,3.258096538021482,0.924999999075,0.825394288195176,0.3601442078489126,0.7987904223365144
SKG_QA_492,2020,0.9370702505111694,0.75177304964539,141,36,28,3.6109179126442243,0.751773048893617,0.8534900695370503,0.39914445630466727,0.7877121040851254
SKG_QA_444,2020,0.9420925974845886,0.7901234567901234,81,34,20,3.5553480614894135,0.7901234559999999,0.865182849186114,0.3930018636003441,0.8029528719903141
SKG_MT_889,2020,0.9536883234977722,0.691358024691358,81,3,24,1.3862943611198906,0.6913580239999999,0.8921794445748161,0.15323851785991663,0.778121067788363
SKG_DIA_187,2020,0.9366000294685364,0.8135593220338984,59,21,38,3.091042453358316,0.8135593212203389,0.8523953241785635,0.3416783458688142,0.7935564257559437
SKG_MT_8,2020,0.9434660077095032,0.3774104683195592,363,40,36,3.713572066704308,0.3774104679421487,0.8683803548966291,0.4104916642725502,0.7243975084433251
SKG_MT_28,2020,0.943877339363098,0.6976744186046512,43,0,27,0.0,0.6976744179069767,0.8693379968942101,0.0,0.7480714814073424
SKG_MT_5,2020,0.9352399110794068,0.6331360946745562,169,40,43,3.713572066704308,0.6331360940414201,0.849228763862261,0.4104916642725502,0.7621365199391217
SKG_MT_760,2020,0.9485644102096558,0.7481481481481481,135,35,25,3.58351893845611,0.7481481473999999,0.8802502032587654,0.39611582233397363,0.805416353994533
SKG_DIA_154,2020,0.9498527646064758,0.7265625,128,45,38,3.828641396489095,0.7265624992734374,0.8832496862000373,0.4232112237267993,0.8059084025673935
SKG_DIA_155,2020,0.9239632487297058,0.7864077669902912,103,0,40,0.0,0.7864077662038834,0.8229749967032429,0.0,0.7333640509330468
SKG_DIA_159,2020,0.9450293779373168,0.7483443708609272,151,29,39,3.4011973816621555,0.7483443701125828,0.8720201160840738,0.37596232108590644,0.7976791873899589
SKG_DIA_165,2020,0.9348573684692384,0.6448598130841121,107,54,39,4.007333185232471,0.6448598124392523,0.8483381470907095,0.44296349685777553,0.7671050151371247
SKG_DIA_169,2020,0.9473742246627808,0.6504854368932039,103,114,40,4.74493212836325,0.6504854362427185,0.8774792721751976,0.5244963747157606,0.796782215242758
SKG_DIA_144,2020,0.9364923238754272,0.7441860465116279,129,3,45,1.3862943611198906,0.7441860457674417,0.8521445693474332,0.15323851785991663,0.7606622594826833
SKG_DIA_145,2020,0.9437506794929504,0.7272727272727273,198,150,75,5.017279836814924,0.7272727265454545,0.869043113653396,0.5546012069621856,0.8092448455626867
SKG_DIA_107,2020,0.9351917505264282,0.7083333333333334,96,20,40,3.044522437723423,0.708333332625,0.8491166388464593,0.336536105918453,0.7697019243093668
SKG_DIA_112,2020,0.9365537762641908,0.7862595419847328,131,10,23,2.3978952727983707,0.7862595411984732,0.8522876397574475,0.2650590869388559,0.7803591647637934
SKG_DIA_115,2020,0.9504108428955078,0.7094972067039106,179,30,59,3.4339872044851463,0.7094972059944133,0.8845489764512113,0.3795868498953761,0.7990424097042681
SKG_DIA_116,2020,0.9521216154098512,0.743801652892562,121,31,35,3.4657359027997265,0.7438016521487603,0.8885319123466725,0.38309629464979156,0.809042298537402
SKG_DIA_206,2020,0.9274367094039916,0.7024793388429752,121,48,20,3.8918202981106265,0.7024793381404958,0.8310617359307522,0.430194907362849,0.7652585735159105
SKG_SA_263,2020,0.9465243220329284,0.7045454545454546,176,65,52,4.189654742026425,0.704545453840909,0.8755005709371869,0.4631169981058426,0.8000711902347969
SKG_SA_276,2020,0.9446588754653932,0.7674418604651163,86,1,11,0.6931471805599453,0.7674418596976744,0.8711575305664733,0.07661925892995831,0.770960569229062
SKG_SA_280,2020,0.9502474069595336,0.7261904761904762,252,22,40,3.1354942159291497,0.7261904754642856,0.8841684729941226,0.34659196479684096,0.798815222668427
SKG_DIA_177,2020,0.9367183446884156,0.7869565217391304,230,29,65,3.4011973816621555,0.7869565209521738,0.8526707798176303,0.37596232108590644,0.7918570821713666
SKG_SA_2,2020,0.9289762377738952,0.7269230769230769,260,35,35,3.58351893845611,0.7269230761961537,0.834645989684632,0.39611582233397363,0.7692483902518704
SKG_MT_1428,2020,0.923199474811554,0.8064516129032258,62,62,61,4.143134726391533,0.8064516120967741,0.8211968160689862,0.4579747581554815,0.7819255694831933
SKG_MT_1430,2020,0.9349276423454284,0.6434108527131783,129,12,45,2.5649493574615367,0.6434108520697674,0.848501755251142,0.2835249489189543,0.7509858939816483
SKG_MT_1431,2020,0.9274975061416626,0.6701030927835051,97,21,23,3.091042453358316,0.6701030921134019,0.8312032798863433,0.3416783458688142,0.7500307489300022
SKG_MT_1447,2020,0.93747740983963,0.6666666666666666,27,54,22,4.007333185232471,0.6666666659999999,0.8544379977337573,0.44296349685777553,0.7757362812994075
SKG_MT_1450,2020,0.9439184069633484,0.6691729323308271,133,9,17,2.302585092994046,0.6691729316616541,0.8694336084485261,0.25452366884887795,0.7678904791311869
SKG_MT_1457,2020,0.9336333274841307,0.7801418439716312,141,2,22,1.0986122886681098,0.7801418431914893,0.8454883954514789,0.12143865223702852,0.7600141106780358
SKG_MT_1468,2020,0.9103177785873412,0.5645161290322581,62,29,20,3.4011973816621555,0.5645161284677419,0.7912062884823683,0.37596232108590644,0.7043438597397967
SKG_DIA_180,2020,0.935875415802002,0.7818930041152263,243,7,28,2.0794415416798357,0.7818930033333332,0.8507083145039374,0.2298577767898749,0.7748601984984103
SKG_DIA_185,2020,0.93714702129364,0.6990291262135923,103,26,25,3.295836866004329,0.6990291255145631,0.8536688034731296,0.3643159567110855,0.7738055832052119
SKG_DIA_186,2020,0.9395254254341124,0.7058823529411765,153,187,30,5.236441962829949,0.705882352235294,0.8592060862769959,0.5788269993360653,0.8005034307745624
SKG_DIA_297,2020,0.9318196177482604,0.5728643216080402,199,17,53,2.8903717578961645,0.5728643210351758,0.841265806211601,0.3194965634040153,0.7354085848955573
SKG_PAR_83,2020,0.932625949382782,0.6326530612244898,196,17,52,2.8903717578961645,0.6326530605918367,0.8431430676147715,0.3194965634040153,0.7486804157891088
SKG_PAR_64,2020,0.9307764172554016,0.7878787878787878,165,0,41,0.0,0.787878787090909,0.838837078455962,0.0,0.7447617123373551
SKG_PAR_70,2020,0.9484125971794128,0.8354430379746836,79,5,26,1.791759469228055,0.8354430371392404,0.8798967596755398,0.19805791116698682,0.8028221303174246
SKG_PAR_163,2020,0.9409927129745485,0.8125,80,3,20,1.3862943611198906,0.8124999991874999,0.8626221525071741,0.15323851785991663,0.7816593583785135
SKG_PAR_111,2020,0.9527190923690796,0.6547619047619048,252,65,36,4.189654742026425,0.6547619041071429,0.8899229286318125,0.4631169981058426,0.8002101306742816
SKG_PAR_131,2020,0.9417222738265992,0.6131386861313869,137,21,115,3.091042453358316,0.6131386855182481,0.8643206799742649,0.3416783458688142,0.7618200476725164
SKG_MT_796,2020,0.9249407052993774,0.7469879518072289,83,1,49,0.6931471805599453,0.7469879510602409,0.8252506627108264,0.07661925892995831,0.7347349800026225
SKG_MT_541,2020,0.9442694783210754,0.7666666666666667,30,20,21,3.044522437723423,0.7666666659,0.8702509554077716,0.336536105918453,0.7961626125572855
SKG_MT_1044,2020,1.0,0.7073170731707317,164,4,37,1.6094379124341003,0.7073170724634146,0.9999999976718494,0.17790440991891962,0.8592538538548695
SKG_MT_1051,2020,0.9463856816291808,0.7605633802816901,213,21,38,3.091042453358316,0.7605633795211267,0.875177795211006,0.3416783458688142,0.798904967138811
SKG_MT_329,2020,0.9408265352249146,0.7653061224489796,98,18,35,2.9444389791664403,0.7653061216836734,0.8622352656952254,0.325473058068228,0.7891732161302152
SKG_MT_330,2020,0.9521681666374208,0.62,100,1,14,0.6931471805599453,0.6199999993799999,0.8886402906107083,0.07661925892995831,0.7537101291964916
SKG_MT_343,2020,0.939056396484375,0.7899159663865546,119,1,16,0.6931471805599453,0.7899159655966386,0.8581141162901875,0.07661925892995831,0.7663250004154548
SKG_MT_1014,2020,0.937468647956848,0.7889908256880734,109,52,68,3.970291913552122,0.7889908248990826,0.8544175987519221,0.4388690204383823,0.7997773861500003
SKG_MT_1015,2020,0.9444239735603333,0.6954314720812182,197,4,40,1.6094379124341003,0.6954314713857868,0.8706106435772732,0.17790440991891962,0.7663041857731405
SKG_NLI_17,2020,0.9405263066291808,0.7410071942446043,139,6,62,1.9459101490553132,0.741007193503597,0.8615362883380571,0.2150974536814245,0.7727865859055018
SKG_NLI_18,2020,0.9388362765312196,0.6805555555555556,216,8,57,2.1972245773362196,0.680555554875,0.8576016439097984,0.24287730447405703,0.7607199921592646
SKG_NLI_19,2020,0.95641028881073,0.6666666666666666,132,11,28,2.4849066497880004,0.6666666659999999,0.898516589496355,0.27467717009694514,0.789762662857143
SKG_MT_1018,2020,0.9369250535964966,0.7669172932330827,133,24,67,3.2188758248682006,0.7669172924661654,0.8531520292666391,0.35580881983783924,0.7861707609636645
SKG_MT_1021,2020,0.9430537223815918,1.0,6,6,20,1.9459101490553132,0.9999999989999999,0.8674204926017054,0.2150974536814245,0.8287040899893362
SKG_MT_354,2020,0.9419243931770324,0.691358024691358,81,5,30,1.791759469228055,0.6913580239999999,0.8647912442423121,0.19805791116698682,0.7634312668863171
SKG_MT_357,2020,0.936004638671875,0.6067415730337079,89,12,53,2.5649493574615367,0.6067415724269662,0.85100916479386,0.2835249489189543,0.7454072247329907
SKG_MT_361,2020,0.9521005749702454,0.5990990990990991,222,58,59,4.07753744390572,0.5990990985,0.8884829270365511,0.45072375099157447,0.7868302437247431
SKG_DIA_305,2020,0.9400299787521362,0.7877094972067039,179,4,51,1.6094379124341003,0.7877094964189943,0.8603807623398168,0.17790440991891962,0.7775988739135625
SKG_DIA_309,2020,0.9338968396186828,0.7386363636363636,88,120,31,4.795790545596741,0.7386363628977273,0.8461018913609567,0.5301181738777118,0.7930104139199863
SKG_DIA_311,2020,0.951405704021454,0.7169811320754716,106,51,55,3.9512437185814275,0.7169811313584905,0.8868651628852976,0.43676346677887096,0.8078781869692935
SKG_DIA_314,2020,0.9416298866271972,0.6601941747572816,103,18,22,2.9444389791664403,0.6601941740970874,0.8641055886691998,0.325473058068228,0.7694600526946802
SKG_DIA_315,2020,0.94277161359787,0.6976744186046512,129,11,52,2.4849066497880004,0.6976744179069767,0.8667637008940471,0.27467717009694514,0.7737371912169227
SKG_DIA_317,2020,0.936453342437744,0.7077922077922078,154,78,50,4.3694478524670215,0.7077922070844155,0.8520538146935541,0.4829910093822678,0.7862952126405978
SKG_DIA_289,2020,0.9394410848617554,0.8125,176,25,44,3.258096538021482,0.8124999991874999,0.8590097287307598,0.3601442078489126,0.799821230733923
SKG_DIA_293,2020,0.9413183927536012,0.6285714285714286,70,1,25,0.6931471805599453,0.628571427942857,0.8633803840496728,0.07661925892995831,0.7377424803163382
SKG_DIA_286,2020,0.9182206392288208,0.8201438848920863,139,0,63,0.0,0.8201438840719424,0.8096053374861788,0.0,0.7307525130547137
SKG_DIA_273,2020,0.9344598054885864,0.7583333333333333,120,62,53,4.143134726391533,0.7583333325749999,0.847412560636012,0.4579747581554815,0.7906529347757565
SKG_SA_91,2020,0.9462509155273438,0.8181818181818182,33,186,25,5.231108616854587,0.8181818173636364,0.8748640394427798,0.5782374607391987,0.8338649371565929
SKG_MT_859,2020,0.9539244771003724,0.7352941176470589,204,14,44,2.70805020110221,0.7352941169117647,0.8927292457042784,0.29934306215594814,0.8019036015909425
SKG_MT_489,2020,0.9276365041732788,0.8688524590163934,61,10,9,2.3978952727983707,0.8688524581475409,0.8315268882240276,0.2650590869388559,0.7823452220802131
SKG_MT_490,2020,0.9403047561645508,0.7746478873239436,71,50,34,3.9318256327243257,0.7746478865492957,0.8610204855116541,0.43461702603737135,0.8011056197717541
SKG_MT_495,2020,0.9574669003486632,0.6742424242424242,132,53,37,3.9889840465642745,0.6742424235681818,0.9009765401833744,0.4409352156410438,0.8096255844061028
SKG_MT_499,2020,0.9474188685417176,0.6621621621621622,222,1,22,0.6931471805599453,0.6621621615,0.8775832098445484,0.07661925892995831,0.7544026050841797
SKG_SA_284,2020,0.9555996656417848,0.6680161943319838,247,40,37,3.713572066704308,0.6680161936639676,0.8966293367551433,0.4104916642725502,0.8022929408886489
SKG_SA_299,2020,0.9522997736930848,0.6375,160,163,30,5.099866427824199,0.6374999993624999,0.8889466916439873,0.5637301821324668,0.8061357022365379
SKG_PAR_26,2020,0.94873046875,0.7207792207792207,154,148,55,5.003946305945459,0.7207792200584414,0.880636812533546,0.5531273421282944,0.8159143469979999
SKG_NLI_0,2020,0.9619354009628296,0.802547770700637,157,65,55,4.189654742026425,0.8025477698980892,0.9113798821507219,0.4631169981058426,0.8447871712957074
SKG_NLI_3,2020,0.9311872720718384,0.7236842105263158,76,17,45,2.8903717578961645,0.7236842098026316,0.8397936103048719,0.3194965634040153,0.7645420255143381
SKG_NLI_5,2020,0.9383934140205384,0.6301369863013698,73,6,25,1.9459101490553132,0.6301369856712328,0.8565705933313275,0.2150974536814245,0.7471365578343182
SKG_NLI_8,2020,0.9435032606124878,0.7096774193548387,124,5,55,1.791759469228055,0.7096774186451613,0.8684670852615746,0.19805791116698682,0.7696682345288332
SKG_NLI_16,2020,0.9322778582572936,0.746268656716418,134,6,49,1.9459101490553132,0.7462686559701492,0.8423326590847214,0.2150974536814245,0.7603963379214772
SKG_DIA_226,2020,0.946710765361786,0.7013888888888888,144,85,48,4.454347296253507,0.7013888881874999,0.8759346390676662,0.49237564319298505,0.8026695893041648
SKG_DIA_230,2020,0.9400717616081238,0.6956521739130435,92,7,87,2.0794415416798357,0.6956521732173913,0.8604780391171395,0.2298577767898749,0.7644508397044634
SKG_DIA_191,2020,0.93559467792511,0.6715328467153284,137,46,26,3.8501476017100584,0.6715328460437955,0.8500547144737091,0.4255884814761487,0.7719037174879704
SKG_DIA_197,2020,0.9312507510185242,0.6,15,22,42,3.1354942159291497,0.5999999993999999,0.8399413988467389,0.34659196479684096,0.7426181755524013
SKG_DIA_232,2020,0.9358454942703248,0.6518518518518519,135,17,37,2.8903717578961645,0.6518518512,0.8506386526748134,0.3194965634040153,0.7577670834527708
SKG_DIA_236,2020,0.9374648332595824,0.7051282051282052,78,69,42,4.248495242049359,0.7051282044230769,0.8544087175625518,0.46962112253030247,0.7860738554314318
SKG_DIA_237,2020,0.947135329246521,0.6623376623376623,154,4,46,1.6094379124341003,0.6623376616753246,0.8769230876908757,0.17790440991891962,0.7641041347105698
SKG_DIA_244,2020,0.9341815710067748,0.7481481481481481,135,5,31,1.791759469228055,0.7481481473999999,0.8467647888863075,0.19805791116698682,0.7621707728171139
SKG_MT_531,2020,0.9420987367630004,0.6666666666666666,102,142,50,4.962844630259907,0.6666666659999999,0.8651971423502567,0.5485840358578101,0.7938297364309606
SKG_PAR_81,2020,0.9443399310112,0.7659574468085106,235,10,46,2.3978952727983707,0.7659574460425531,0.8704149798739564,0.2650590869388559,0.7889878838141657
SKG_SA_58,2020,0.9522884488105774,0.7062146892655368,177,20,23,3.044522437723423,0.706214688559322,0.8889203256130437,0.336536105918453,0.7971407762328403
SKG_SA_71,2020,0.9405722618103028,0.7931034482758621,29,3,38,1.3862943611198906,0.7931034474827586,0.8616432789162543,0.15323851785991663,0.7770948365239214
SKG_SA_81,2020,0.9313448071479796,0.5,14,1,8,0.6931471805599453,0.49999999949999996,0.8401603756721527,0.07661925892995831,0.6957741887635027
SKG_SA_84,2020,0.9464085698127748,0.6666666666666666,111,14,8,2.70805020110221,0.6666666659999999,0.875231082347229,0.29934306215594814,0.775929397058655
SKG_SA_87,2020,0.9135764241218568,0.7380952380952381,42,150,72,5.017279836814924,0.7380952373571429,0.7987929057334573,0.5546012069621856,0.7622342021810672
SKG_DIA_283,2020,0.9514808654785156,0.8,200,136,69,4.919980925828125,0.7999999992,0.8870401500696112,0.5438459580575039,0.8353127006944783
SKG_MT_848,2020,0.9412740468978882,0.7965116279069767,172,52,67,3.970291913552122,0.796511627110465,0.8632771402232415,0.4388690204383823,0.8074832256222003
SKG_MT_521,2020,0.9514124989509584,0.7105263157894737,76,2,30,1.0986122886681098,0.7105263150789473,0.8868809825038637,0.12143865223702852,0.7750658159921969
SKG_SA_94,2020,0.937868595123291,0.7899159663865546,119,2,25,1.0986122886681098,0.7899159655966386,0.8553487359499763,0.12143865223702852,0.7688711735080139
SKG_SA_95,2020,0.9462919235229492,0.7023809523809523,84,3,14,1.3862943611198906,0.7023809516785713,0.8749595122285118,0.15323851785991663,0.7682717006816642
SKG_SA_102,2020,0.9336117506027222,0.76,100,351,32,5.863631175598097,0.75999999924,0.8454381612241028,0.6481553815886474,0.8086222508637367
SKG_SA_54,2020,0.9322975873947144,0.7560975609756098,82,6,28,1.9459101490553132,0.7560975602195121,0.8423785914859967,0.2150974536814245,0.7623942714522426
SKG_SA_55,2020,0.9419032335281372,0.6111111111111112,54,4,22,1.6094379124341003,0.6111111105,0.8647419813950235,0.17790440991891962,0.7453320500684083
SKG_SA_57,2020,0.9462100863456726,0.6735537190082644,242,253,31,5.537334267018537,0.6735537183347107,0.8747689829627997,0.6120871005255895,0.8082577417934608
SKG_SA_137,2020,0.9482157826423644,0.6885245901639344,122,3,26,1.3862943611198906,0.6885245894754097,0.87943854581146,0.15323851785991663,0.7686357517490956
SKG_SA_150,2020,0.948172688484192,0.7509881422924901,253,324,42,5.783825182329737,0.750988141541502,0.8793382161252917,0.6393337687567935,0.8296677564716839
SKG_DIA_262,2020,0.9342225193977356,0.6904761904761905,126,2,11,1.0986122886681098,0.6904761897857142,0.8468601229034557,0.12143865223702852,0.7430411892132646
SKG_SA_231,2020,0.956856369972229,0.722972972972973,148,595,39,6.39024066706535,0.72297297225,0.8995551335783574,0.706365859988211,0.8449197739536711
SKG_SA_233,2020,0.9556407928466796,0.8070175438596491,57,54,39,4.007333185232471,0.8070175430526315,0.8967250870780425,0.44296349685777553,0.8334074192509336
SKG_SA_235,2020,0.9379080533981324,0.6875,48,0,20,0.0,0.6874999993124999,0.8554406007525267,0.0,0.7363084203892687
SKG_DIA_214,2020,0.9401833415031432,0.7791411042944786,163,18,34,2.9444389791664403,0.7791411035153374,0.8607378139062237,0.325473058068228,0.7908919962442469
SKG_DIA_218,2020,0.9413731694221495,0.6666666666666666,78,45,16,3.828641396489095,0.6666666659999999,0.8635079123782881,0.4232112237267993,0.7801099942374815
SKG_SA_214,2020,0.9439760446548462,0.8461538461538461,13,0,13,0.0,0.8461538453076922,0.8695677976691697,0.0,0.7779282274299572
SKG_PAR_1,2020,0.936724066734314,0.7289719626168224,107,3,33,1.3862943611198906,0.7289719618878504,0.8526841016016856,0.15323851785991663,0.7579971152847417
SKG_PAR_6,2020,0.9442327618598938,0.7375,80,4,20,1.6094379124341003,0.7374999992625,0.8701654739600815,0.17790440991891962,0.774406272616449
SKG_PAR_8,2020,0.9322476387023926,0.7865853658536586,164,2,34,1.0986122886681098,0.7865853650670731,0.8422623034126779,0.12143865223702852,0.7590445506259919
SKG_PAR_13,2020,0.9530328512191772,0.6567164179104478,201,4,54,1.6094379124341003,0.6567164172537313,0.8906534064575288,0.17790440991891962,0.7725911089629084
SKG_PAR_16,2020,0.9458249807357788,0.6708860759493671,79,8,49,2.1972245773362196,0.670886075278481,0.8738723991421401,0.24287730447405703,0.7701756249026
SKG_PAR_21,2020,0.9388352632522584,0.6952380952380952,105,14,25,2.70805020110221,0.695238094542857,0.8575992848438719,0.29934306215594814,0.7693014245148765
SKG_PAR_23,2020,0.9251686930656432,0.75,72,83,27,4.430816798843313,0.7499999992499999,0.825781452544292,0.4897746237783696,0.7770244790088413
SKG_PAR_32,2020,0.9489935636520386,0.83,100,27,72,3.332204510175204,0.8299999991699999,0.8812493370629364,0.3683359715413411,0.8197081329321895
SKG_PAR_51,2020,0.9469523429870604,0.73125,160,2,52,1.0986122886681098,0.7312499992687499,0.8764970681382637,0.12143865223702852,0.7719418127742373
SKG_DIA_263,2020,0.9350322484970092,0.75,68,63,41,4.1588830833596715,0.7499999992499999,0.8487452941159088,0.4597155535797498,0.7900932610891112
SKG_DIA_264,2020,0.9315387606620787,0.6617647058823529,204,18,59,2.9444389791664403,0.6617647052205882,0.8406119286442045,0.325473058068228,0.7533285969018837
SKG_DIA_265,2020,0.9426552057266236,0.7767441860465116,215,26,32,3.295836866004329,0.7767441852697674,0.8664926858496657,0.3643159567110855,0.798325312819828
SKG_DIA_270,2020,0.9299300909042358,0.8888888888888888,27,7,44,2.0794415416798357,0.8888888879999999,0.8368667033329863,0.2298577767898749,0.7865702476120778
SKG_MT_512,2020,0.9494479894638062,0.6387096774193548,155,104,38,4.653960350157523,0.638709676780645,0.8823073087466865,0.5144405158373726,0.7968011030625467
SKG_MT_833,2020,0.9441354870796204,0.7964071856287425,167,19,63,2.995732273553991,0.7964071848323352,0.8699390036311361,0.33114292777883625,0.8013530322861458
SKG_MT_1181,2020,0.9234221577644348,0.7413793103448276,58,3,32,1.3862943611198906,0.7413793096034482,0.8217152554984839,0.15323851785991663,0.73880039255562
SKG_MT_1182,2020,0.9353069067001344,0.7555555555555555,135,7,41,2.0794415416798357,0.7555555547999999,0.8493847397505788,0.2298577767898749,0.7686662064643925
SKG_MT_1188,2020,0.9514294862747192,0.7903225806451613,62,10,21,2.3978952727983707,0.7903225798548386,0.8869205315502785,0.2650590869388559,0.8054147967500482
SKG_QA_2,2020,0.9483150243759156,0.5681818181818182,44,9,26,2.302585092994046,0.5681818176136364,0.8796695955036751,0.25452366884887795,0.7548574472601877
SKG_QA_16,2020,0.9479514360427856,0.6470588235294118,34,0,26,0.0,0.647058822882353,0.8788231071418077,0.0,0.744587939575736
SKG_QA_18,2020,0.941074013710022,0.7785714285714286,140,3,43,1.3862943611198906,0.778571427792857,0.8628114328556307,0.15323851785991663,0.7750061403435045
SKG_SUM_123,2020,0.95047789812088,0.5943396226415094,106,358,34,5.883322388488279,0.5943396220471697,0.8847050911081128,0.6503320133075544,0.8031946895158683
SKG_SUM_170,2020,0.94944828748703,0.615,200,51,39,3.9512437185814275,0.6149999993849999,0.8823080025896061,0.43676346677887096,0.7842919483676114
SKG_SUM_171,2020,0.9265649914741516,0.7284768211920529,151,2,34,1.0986122886681098,0.7284768204635761,0.8290322453910299,0.12143865223702852,0.738161801090139
SKG_SUM_135,2020,0.942003071308136,0.7757009345794392,107,2,42,1.0986122886681098,0.7757009338037383,0.8649744187730771,0.12143865223702852,0.7727661451256045
SKG_MT_611,2020,0.9490116834640504,0.6473988439306358,173,6,40,1.9459101490553132,0.6473988432832369,0.8812915227124462,0.2150974536814245,0.7678935799235022
SKG_MT_612,2020,0.9505088925361632,0.7241379310344828,58,3,16,1.3862943611198906,0.7241379303103448,0.8847772507717474,0.15323851785991663,0.7794955133882839
SKG_MT_614,2020,0.9693546295166016,0.9375,16,5,20,1.791759469228055,0.9374999990624999,0.9286529628646648,0.19805791116698682,0.857362864934464
SKG_MT_631,2020,0.9538977742195128,0.7246376811594203,207,55,31,4.02535169073515,0.7246376804347825,0.8926670773786849,0.4449552304712995,0.814290013299166
SKG_MT_656,2020,0.882542610168457,0.7545454545454545,110,0,19,0.0,0.754545453790909,0.7265415160649137,0.0,0.6594881520036213
SKG_SUM_146,2020,0.9479721784591676,0.7071823204419889,181,122,44,4.812184355372417,0.7071823197348065,0.8788713986090095,0.5319303165095786,0.8098394746242258
SKG_MT_685,2020,0.94566547870636,0.7159090909090909,88,1,10,0.6931471805599453,0.7159090901931818,0.8735010544115901,0.07661925892995831,0.7622944820197453
SKG_MT_677,2020,0.957525074481964,0.5507246376811594,69,2,20,1.0986122886681098,0.5507246371304347,0.9011119783212731,0.12143865223702852,0.7530671774746809
SKG_SUM_160,2020,0.9346485137939452,0.7264150943396226,106,3,28,1.3862943611198906,0.7264150936132074,0.8478519019726791,0.15323851785991663,0.7541032018895085
SKG_SUM_139,2020,0.9368797540664672,0.7817258883248731,197,70,53,4.2626798770413155,0.7817258875431472,0.8530465651428653,0.47118906690309453,0.8005966797989446
SKG_SUM_138,2020,0.916291892528534,0.7951807228915663,166,108,43,4.6913478822291435,0.7951807220963855,0.8051149248793497,0.5185732672657684,0.7744739185613986
SKG_SUM_184,2020,0.9392675161361694,0.796875,128,43,42,3.784189633918261,0.796874999203125,0.8586056346144062,0.4182976047987725,0.8022287045505866
SKG_SUM_192,2020,0.946738600730896,0.7251908396946565,131,262,55,5.572154032177765,0.7251908389694656,0.8759994439963531,0.6159360155575457,0.8198313801470948
SKG_SUM_206,2020,0.9418241381645204,0.7204301075268817,93,4,47,1.6094379124341003,0.7204301068064516,0.8645578354841716,0.17790440991891962,0.7670669471921024
NOVEL_MT_139,2021,0.9878031611442566,0.6789473684210526,190,55,69,4.02535169073515,0.6789473677421052,0.9716039211143882,0.4449552304712995,0.8604077413756228
NOVEL_DIA_0,2021,0.9455913305282592,0.7575757575757576,99,0,23,0.0,0.7575757568181818,0.8733284262932022,0.0,0.7628450497688778
NOVEL_DIA_8,2021,0.985718548297882,0.6993865030674846,163,18,28,2.9444389791664403,0.6993865023680981,0.9667506286606269,0.325473058068228,0.8491500463428812
NOVEL_DIA_10,2021,0.9471548795700072,0.7313432835820896,134,14,70,2.70805020110221,0.7313432828507462,0.8769686037863988,0.29934306215594814,0.7900809854362232
NOVEL_DIA_11,2021,0.9836711883544922,0.746268656716418,67,57,39,4.060443010546419,0.7462686559701492,0.9619840665718117,0.4488341626724543,0.8675259940615434
NOVEL_DIA_12,2021,0.9265693426132202,0.7121212121212122,132,1,8,0.6931471805599453,0.7121212114090909,0.8290423754976556,0.07661925892995831,0.7304158310231729
NOVEL_DIA_13,2021,0.9313381314277648,0.6724137931034483,58,12,64,2.5649493574615367,0.6724137924310344,0.8401448335907545,0.2835249489189543,0.7509366368916304
NOVEL_DIA_14,2021,0.9475549459457396,0.6388888888888888,72,1,32,0.6931471805599453,0.6388888882499999,0.8779000185216205,0.07661925892995831,0.7499697165081302
NOVEL_DIA_16,2021,0.9753352403640748,0.7432432432432432,74,37,46,3.6375861597263857,0.7432432424999998,0.9425767250372924,0.4020923169981863,0.8486615877259231
NOVEL_DIA_17,2021,0.9510679244995116,0.6845637583892618,149,24,48,3.2188758248682006,0.6845637577046979,0.8860787613202642,0.35580881983783924,0.7927487664489085
NOVEL_DIA_18,2021,0.9398626089096068,0.6645569620253164,158,15,52,2.772588722239781,0.6645569613607595,0.8599911001561897,0.30647703571983326,0.7655528659534679
NOVEL_DIA_20,2021,0.935178279876709,0.8227848101265823,79,10,42,2.3978952727983707,0.8227848093037975,0.8490852771464951,0.2650590869388559,0.7854225645571916
NOVEL_DIA_22,2021,0.9429818987846376,0.8571428571428571,35,27,55,3.332204510175204,0.8571428562857142,0.8672532764580909,0.3683359715413411,0.8153394619319406
NOVEL_DIA_23,2021,0.9512540698051452,0.6759259259259259,108,0,35,0.0,0.67592592525,0.8865121356078234,0.0,0.7557436799754763
NOVEL_DIA_24,2021,0.9279783964157104,0.8148148148148148,54,6,27,1.9459101490553132,0.8148148139999999,0.8323228648213505,0.2150974536814245,0.7670987135430878
NOVEL_QA_80,2021,0.9851056337356568,0.5869565217391305,46,15,32,2.772588722239781,0.5869565211521739,0.9653236713122537,0.30647703571983326,0.8237655777209957
NOVEL_QA_79,2021,0.9850363731384276,0.7272727272727273,275,24,63,3.2188758248682006,0.7272727265454545,0.9651624222177467,0.35580881983783924,0.8566491228452975
NOVEL_DIA_6,2021,0.953044593334198,0.7409638554216867,166,11,41,2.4849066497880004,0.7409638546807228,0.8906807438685596,0.27467717009694514,0.7991370086538307
NOVEL_DIA_2,2021,0.9817122220993042,0.6170212765957447,94,19,21,2.995732273553991,0.6170212759787234,0.9574232982929386,0.33114292777883625,0.8267148567786853
NOVEL_DIA_3,2021,0.9461904764175416,0.6262135922330098,206,5,39,1.791759469228055,0.6262135916067961,0.8747233280986927,0.19805791116698682,0.7573548391071427
NOVEL_DIA_4,2021,0.9165413975715636,0.7572815533980582,206,6,50,1.9459101490553132,0.7572815526407767,0.8056958101716075,0.2150974536814245,0.736953123016423
NOVEL_DIA_5,2021,0.945256233215332,0.6796116504854369,103,0,35,0.0,0.6796116498058252,0.8725482693144455,0.0,0.7467061184812769
NOVEL_MT_286,2021,0.9322503805160522,0.6810344827586207,116,2,47,1.0986122886681098,0.6810344820775861,0.8422686867675379,0.12143865223702852,0.7379388423764964
NOVEL_MT_259,2021,0.9499392509460448,0.7320261437908496,153,2,41,1.0986122886681098,0.7320261430588234,0.8834510394152942,0.12143865223702852,0.7769648214261734
NOVEL_MT_261,2021,0.959056556224823,0.5698924731182796,93,5,60,1.791759469228055,0.5698924725483872,0.9046774983163249,0.19805791116698682,0.7670585344478036
NOVEL_MT_262,2021,0.9565140008926392,0.6428571428571429,70,2,24,1.0986122886681098,0.6428571422142857,0.898758046832363,0.12143865223702852,0.7698459264492141
NOVEL_MT_264,2021,0.94533509016037,0.7112676056338029,284,1,37,0.6931471805599453,0.7112676049225352,0.8727318601509623,0.07661925892995831,0.7608277489831765
NOVEL_MT_265,2021,0.9267331957817078,0.673469387755102,49,6,13,1.9459101490553132,0.6734693870816326,0.8294238503348315,0.2150974536814245,0.7368003180188509
NOVEL_MT_266,2021,0.985716998577118,0.6756756756756757,74,18,41,2.9444389791664403,0.6756756749999999,0.9667470206774458,0.325473058068228,0.8444053552810347
NOVEL_MT_283,2021,0.9440288543701172,0.6666666666666666,90,3,29,1.3862943611198906,0.6666666659999999,0.8696907466345163,0.15323851785991663,0.757440707630153
NOVEL_MT_284,2021,0.9864548444747924,0.6889952153110048,209,137,57,4.927253685157205,0.6889952146220095,0.9684648369776999,0.5446498759638279,0.8701894164051746
NOVEL_QA_83,2021,0.9354220628738404,0.6041666666666666,96,10,48,2.3978952727983707,0.6041666660624999,0.849652840654698,0.2650590869388559,0.7420962303646742
NOVEL_MT_268,2021,0.945300281047821,0.8372093023255814,43,0,28,0.0,0.837209301488372,0.872650819297957,0.0,0.7782974338062442
NOVEL_MT_269,2021,0.9361221194267272,0.7466666666666667,225,6,0,1.9459101490553132,0.74666666592,0.8512826776727516,0.2150974536814245,0.7667409529230684
NOVEL_MT_270,2021,0.946445643901825,0.5555555555555556,63,0,19,0.0,0.555555555,0.8753173964064225,0.0,0.7238332884844957
NOVEL_MT_271,2021,0.938757300376892,0.6378205128205128,312,18,55,2.9444389791664403,0.6378205121826922,0.8574177755361136,0.325473058068228,0.7603038511186408
NOVEL_MT_243,2021,0.9837738275527954,0.6143790849673203,153,16,38,2.833213344056216,0.6143790843529412,0.9622230260733092,0.31317837380034286,0.8277497725019389
NOVEL_DIA_21,2021,0.9342761039733888,0.851063829787234,47,31,68,3.4657359027997265,0.8510638289361702,0.8469848758603934,0.38309629464979156,0.8014118083544886
NOVEL_MT_245,2021,0.9899581670761108,0.7052631578947368,95,25,64,3.258096538021482,0.7052631571894736,0.9766210992657499,0.3601442078489126,0.8607018217088108
NOVEL_MT_246,2021,0.9394363164901732,0.64,75,1,13,0.6931471805599453,0.63999999936,0.8589986272440465,0.07661925892995831,0.7369609648358283
NOVEL_MT_247,2021,0.9502278566360474,0.6666666666666666,165,1,28,0.6931471805599453,0.6666666659999999,0.8841229568985995,0.07661925892995831,0.7598813289220154
NOVEL_MT_250,2021,0.989532470703125,0.6556291390728477,151,55,56,4.02535169073515,0.6556291384172185,0.9756300140394458,0.4449552304712995,0.8585623605581858
NOVEL_MT_252,2021,0.981301486492157,0.7028571428571428,175,10,55,2.3978952727983707,0.7028571421542856,0.9564670439811965,0.2650590869388559,0.8366042679115803
NOVEL_MT_253,2021,0.9167448878288268,0.6,60,8,0,2.1972245773362196,0.5999999993999999,0.8061695661170852,0.24287730447405703,0.7086064266093653
NOVEL_MT_254,2021,0.9724591374397278,0.7458333333333333,240,98,59,4.59511985013459,0.7458333325875,0.9358807245577552,0.5079363914129128,0.8550768128492199
NOVEL_SA_67,2021,0.933031439781189,0.6428571428571429,98,3,48,1.3862943611198906,0.6428571422142857,0.8440871102911293,0.15323851785991663,0.7347562574326394
NOVEL_SA_69,2021,0.9857831001281738,0.7857142857142857,98,67,34,4.219507705176107,0.7857142849285713,0.9669009150370046,0.46641689166025946,0.8806151866776434
NOVEL_MT_255,2021,0.9902990460395812,0.5806451612903226,62,181,37,5.204006687076795,0.5806451607096774,0.9774147167971461,0.5752416615303371,0.8578435000529714
NOVEL_MT_274,2021,0.9571551084518432,0.7048458149779736,227,9,44,2.302585092994046,0.7048458142731278,0.9002506417209273,0.25452366884887795,0.7965969789441625
NOVEL_MT_275,2021,0.9598344564437866,0.788135593220339,236,16,46,2.833213344056216,0.7881355924322033,0.9064885671049688,0.31317837380034286,0.8234869528399531
NOVEL_MT_277,2021,0.9391443133354188,0.6792452830188679,159,16,30,2.833213344056216,0.6792452823396226,0.858318799951459,0.31317837380034286,0.76799005381398
NOVEL_SA_46,2021,0.9376837611198424,0.8045454545454546,220,7,52,2.0794415416798357,0.804545453740909,0.8549184145712629,0.2298577767898749,0.7823377586270533
NOVEL_MT_282,2021,0.9410702586174012,0.7164179104477612,67,123,46,4.820281565605037,0.7164179097313432,0.8628026904348445,0.5328253677552928,0.800528002026189
NOVEL_MT_256,2021,0.931268036365509,0.6442307692307693,208,6,19,1.9459101490553132,0.6442307685865385,0.8399816417360736,0.2150974536814245,0.7383430483007016
NOVEL_MT_257,2021,0.9369400143623352,0.77,100,20,40,3.044522437723423,0.76999999923,0.8531868601812012,0.336536105918453,0.7848844125646861
NOVEL_MT_258,2021,0.9835103750228882,0.7704918032786885,122,22,39,3.1354942159291497,0.7704918025081966,0.9616096689324153,0.34659196479684096,0.861884325234014
NOVEL_MT_228,2021,0.9510515928268432,0.7289156626506024,166,0,26,0.0,0.7289156619216867,0.886040738728272,0.0,0.7660116494941278
NOVEL_MT_230,2021,0.928283989429474,0.6842105263157895,190,33,52,3.5263605246161616,0.6842105256315789,0.833034331351071,0.38979763273030116,0.7589459003450956
NOVEL_MT_234,2021,0.8862196207046509,0.8666666666666667,75,3,25,1.3862943611198906,0.8666666658,0.7351021500064849,0.15323851785991663,0.7032286899505311
NOVEL_MT_235,2021,0.9445611834526062,0.6808510638297872,47,1,34,0.6931471805599453,0.6808510631489361,0.8709300888574402,0.07661925892995831,0.7534832007229911
NOVEL_MT_236,2021,0.943611979484558,0.7012987012987013,154,3,48,1.3862943611198906,0.7012987005974025,0.868720199158631,0.15323851785991663,0.7636877313165139
NOVEL_MT_238,2021,0.9501498341560364,0.6111111111111112,126,17,48,2.8903717578961645,0.6111111105,0.8839413088222579,0.3194965634040153,0.7729307946159819
NOVEL_MT_209,2021,0.9355510473251344,0.6291390728476821,151,0,18,0.0,0.629139072218543,0.849953135870285,0.0,0.7207950095529081
NOVEL_MT_210,2021,0.9525794982910156,0.6,230,18,36,2.9444389791664403,0.5999999993999999,0.8895979326082891,0.325473058068228,0.7752658585126251
NOVEL_MT_213,2021,0.9802626371383668,0.6875,128,12,28,2.5649493574615367,0.6874999993124999,0.9540484463321832,0.2835249489189543,0.8336864071869237
NOVEL_MT_298,2021,0.9262877702713012,0.8,25,3,41,1.3862943611198906,0.7999999992,0.828386832707252,0.15323851785991663,0.755194634521068
NOVEL_MT_300,2021,0.9490189552307128,0.7458563535911602,181,5,21,1.791759469228055,0.7458563528453038,0.8813084524796829,0.19805791116698682,0.7858929784215375
NOVEL_SA_52,2021,0.9504196047782898,0.7468879668049793,241,185,52,5.225746673713202,0.7468879660580913,0.8845693754330465,0.577644761062363,0.826340632120987
NOVEL_SA_53,2021,0.9722620248794556,0.6354166666666666,96,454,67,6.12029741895095,0.6354166660312499,0.935421816850756,0.6765268125192984,0.8495312862537089
NOVEL_SA_55,2021,0.9864610433578492,0.6645962732919255,161,41,70,3.7376696182833684,0.6645962726273291,0.9684792689104273,0.4131553648484113,0.852170279247606
NOVEL_SA_56,2021,0.9411738514900208,0.684931506849315,146,51,31,3.9512437185814275,0.6849315061643835,0.8630438702336843,0.43676346677887096,0.7847933570743428
NOVEL_SA_57,2021,0.9318937063217164,0.7312252964426877,253,46,63,3.8501476017100584,0.7312252957114624,0.8414382955614049,0.4255884814761487,0.7778107141828908
NOVEL_SA_58,2021,0.9482820630073548,0.6875,144,173,59,5.159055299214529,0.6874999993124999,0.8795928564767714,0.5702728149094828,0.8102422808871883
NOVEL_SA_59,2021,0.94770747423172,0.5886075949367089,158,27,37,3.332204510175204,0.5886075943481013,0.8782551273278533,0.3683359715413411,0.7693337051532516
NOVEL_SA_60,2021,0.9896837472915648,0.6282051282051282,234,169,53,5.135798437050262,0.628205127576923,0.9759822087054159,0.5677020426492208,0.8655987758740977
NOVEL_SA_61,2021,0.9399526715278624,0.7777777777777778,63,1,23,0.6931471805599453,0.777777777,0.8602007794864818,0.07661925892995831,0.765358026933533
NOVEL_SA_62,2021,0.9435154795646667,0.7631578947368421,76,2,50,1.0986122886681098,0.7631578939736842,0.8684955328212767,0.12143865223702852,0.7727223169933333
NOVEL_SA_63,2021,0.9457635879516602,0.75,4,2,42,1.0986122886681098,0.7499999992499999,0.87372946750071,0.12143865223702852,0.7737544923241998
NOVEL_SA_64,2021,0.9175283312797546,0.6830357142857143,224,35,77,3.58351893845611,0.6830357136026786,0.8079935403840334,0.39611582233397363,0.7418142032227564
NOVEL_SA_65,2021,0.941518008708954,0.7261146496815286,157,1,0,0.6931471805599453,0.7261146489554139,0.8638451200371963,0.07661925892995831,0.757576439710116
NOVEL_SA_31,2021,0.9498823285102844,0.74235807860262,229,19,26,2.995732273553991,0.7423580778602619,0.8833185154176579,0.33114292777883625,0.7999088691422964
NOVEL_SA_33,2021,0.9423121213912964,0.7027027027027027,185,4,37,1.6094379124341003,0.702702702,0.8656939338806642,0.17790440991891962,0.7643167351083568
NOVEL_MT_287,2021,0.9312946200370787,0.6703296703296703,91,0,18,0.0,0.6703296696593406,0.8400435325244984,0.0,0.722096406699017
NOVEL_MT_289,2021,0.9450960159301758,0.6666666666666666,114,1,30,0.6931471805599453,0.6666666659999999,0.8721752593608884,0.07661925892995831,0.7515179406456176
NOVEL_MT_290,2021,0.9757393002510072,0.6666666666666666,57,2,27,1.0986122886681098,0.6666666659999999,0.9435174372676363,0.12143865223702852,0.8059394045110481
NOVEL_MT_291,2021,0.9294455647468568,0.5909090909090909,132,4,45,1.6094379124341003,0.5909090903181818,0.8357386535143607,0.17790440991891962,0.7209893165155808
NOVEL_MT_295,2021,0.990475058555603,0.6575342465753424,146,24,55,3.2188758248682006,0.6575342459178082,0.9778245004254404,0.35580881983783924,0.851564881465154
NOVEL_MT_301,2021,0.9433164596557616,0.7540983606557377,61,1,35,0.6931471805599453,0.7540983599016392,0.8680321845195921,0.07661925892995831,0.7661041270370381
NOVEL_MT_303,2021,0.9412447810173036,0.7006802721088435,147,36,51,3.6109179126442243,0.7006802714081632,0.8632090048485407,0.39914445630466727,0.7842968033060779
NOVEL_MT_304,2021,0.94342440366745,0.6081871345029239,171,34,55,3.5553480614894135,0.6081871338947368,0.8682834944250581,0.3930018636003441,0.7687360592365224
NOVEL_MT_305,2021,0.9857831001281738,0.7857142857142857,98,67,34,4.219507705176107,0.7857142849285713,0.9669009150370046,0.46641689166025946,0.8806151866776434
NOVEL_DIA_1,2021,0.9498157501220704,0.6212121212121212,132,12,71,2.5649493574615367,0.621212120590909,0.8831635109094278,0.2835249489189543,0.7708093766466766
NOVEL_SA_34,2021,0.9463329315185548,0.7514792899408284,169,1,32,0.6931471805599453,0.751479289189349,0.875054985014244,0.07661925892995831,0.7704962732408364
NOVEL_SA_37,2021,0.935144543647766,0.6838709677419355,155,20,43,3.044522437723423,0.6838709670580644,0.8490067341280002,0.336536105918453,0.7647325178930584
NOVEL_SA_38,2021,0.9435604214668274,0.6363636363636364,66,34,27,3.5553480614894135,0.6363636357272726,0.8686001643335468,0.3930018636003441,0.7745930285389717
NOVEL_SA_39,2021,0.9420676231384276,0.6493506493506493,77,6,18,1.9459101490553132,0.6493506487012987,0.8651247051494543,0.2150974536814245,0.75696716871302
NOVEL_SA_40,2021,0.9311681985855104,0.7280701754385965,114,45,24,3.828641396489095,0.7280701747105263,0.8397492043580201,0.4232112237267993,0.7757596003653993
NOVEL_SA_41,2021,0.9836694002151488,0.7619047619047619,168,49,39,3.912023005428146,0.761904761142857,0.961979903514294,0.43242807876779754,0.869009692565357
NOVEL_SA_42,2021,0.9472902417182922,0.7631578947368421,114,20,53,3.044522437723423,0.7631578939736842,0.8772837472404647,0.336536105918453,0.8003838124549074
NOVEL_SA_43,2021,0.9320695996284484,0.85,40,0,32,0.0,0.8499999991499999,0.8418478016525306,0.0,0.7592934609867714
NOVEL_SA_44,2021,0.9272621273994446,0.7469879518072289,83,3,29,1.3862943611198906,0.7469879510602409,0.8306552827484723,0.15323851785991663,0.7461801399219705
NOVEL_SA_45,2021,0.9814408421516418,0.723404255319149,94,39,63,3.6888794541139363,0.7234042545957446,0.9567914849303842,0.40776218670879455,0.8552111090412973
NOVEL_QA_77,2021,0.9633668065071106,0.7475728155339806,103,29,27,3.4011973816621555,0.7475728147864077,0.9147124096933842,0.37596232108590644,0.8274094818512411
NOVEL_SA_48,2021,0.9872881770133972,0.6779026217228464,267,336,38,5.820082930352362,0.6779026210449438,0.9704049605493829,0.6433416358618987,0.8791981601797467
NOVEL_SA_50,2021,0.9453245401382446,0.7258064516129032,62,19,29,2.995732273553991,0.7258064508870967,0.8727072981116094,0.33114292777883625,0.7891706916334296
NOVEL_SA_51,2021,0.9714113473892212,0.7635135135135135,148,325,48,5.786897381366708,0.7635135127499999,0.9334413116211547,0.6396733641848639,0.8700789571032946
NOVEL_SA_14,2021,0.9898055791854858,0.7394957983193278,119,143,53,4.969813299576001,0.7394957975798319,0.9762658516909336,0.5493543401938903,0.886220689719009
NOVEL_SA_15,2021,0.94090473651886,0.7666666666666667,30,122,48,4.812184355372417,0.7666666659,0.862417330077319,0.5319303165095786,0.8102184958850811
NOVEL_SA_16,2021,0.9547176361083984,0.66,200,99,45,4.605170185988092,0.65999999934,0.8945758392504036,0.5090473376977559,0.8091078211130581
NOVEL_SA_17,2021,0.9819279909133912,0.7338709677419355,124,156,51,5.056245805348308,0.7338709670080644,0.9579256405667026,0.5589084359551739,0.8732129853938221
NOVEL_SA_18,2021,0.953338623046875,0.7085714285714285,175,39,40,3.6888794541139363,0.708571427862857,0.8913652892930006,0.40776218670879455,0.8064462067485512
NOVEL_SA_19,2021,0.9848736524581908,0.7272727272727273,99,23,26,3.1780538303479458,0.7272727265454545,0.9647835839836651,0.35129642902690345,0.8559326970003469
NOVEL_SA_20,2021,0.973110854625702,0.575,40,35,34,3.58351893845611,0.5749999994249999,0.9373980202542563,0.39611582233397363,0.8107901962963767
NOVEL_SA_21,2021,0.950692653656006,0.823076923076923,130,8,24,2.1972245773362196,0.8230769222538461,0.8852050743159506,0.24287730447405703,0.8085466669193403
NOVEL_SA_22,2021,0.9415634274482728,0.7972972972972973,74,5,51,1.791759469228055,0.7972972964999999,0.8639508616981377,0.19805791116698682,0.784030853605395
NOVEL_SA_24,2021,0.9416572451591492,0.6333333333333333,120,11,18,2.4849066497880004,0.6333333326999999,0.864169283449216,0.27467717009694514,0.7590528819641457
NOVEL_SA_25,2021,0.9760361909866332,0.6821705426356589,129,28,59,3.367295829986474,0.6821705419534883,0.9442086435841046,0.372214903742496,0.8346016492738205
NOVEL_SA_26,2021,0.9315139651298524,0.7054263565891473,129,0,33,0.0,0.7054263558837209,0.8405542009132974,0.0,0.7294732118160523
NOVEL_SA_27,2021,0.9428821802139282,0.7916666666666666,168,3,39,1.3862943611198906,0.7916666658749999,0.8670211166172048,0.15323851785991663,0.7805719665930351
NOVEL_SA_28,2021,0.9430295825004578,0.8723404255319149,47,17,90,2.8903717578961645,0.8723404246595744,0.8673642913252207,0.3194965634040153,0.8135727451999709
NOVEL_SA_66,2021,0.946635603904724,0.7557251908396947,131,9,42,2.302585092994046,0.7557251900839694,0.8757596518833518,0.25452366884887795,0.789629161220028
NOVEL_SA_30,2021,0.932497501373291,0.8974358974358975,39,45,67,3.828641396489095,0.8974358965384615,0.8428440213164398,0.4232112237267993,0.8117991166018801
NOVEL_SA_0,2021,0.9733633995056152,0.7431192660550459,109,21,52,3.091042453358316,0.7431192653119265,0.9379859827442939,0.3416783458688142,0.8393818755702724
NOVEL_SA_1,2021,0.949308693408966,0.5845070422535211,142,10,67,2.3978952727983707,0.584507041669014,0.8819830065660823,0.2650590869388559,0.760795421623946
NOVEL_SA_2,2021,0.9803018569946288,0.6733333333333333,150,66,39,4.204692619390966,0.67333333266,0.9541397560603972,0.4647792583759052,0.8490424216118686
NOVEL_SA_3,2021,0.9762760400772096,0.8064516129032258,124,108,51,4.6913478822291435,0.8064516120967741,0.9447670483657696,0.5185732672657684,0.8744845830019704
NOVEL_SA_4,2021,0.9821597337722778,0.5705521472392638,163,46,28,3.8501476017100584,0.5705521466687117,0.9584651728209547,0.4255884814761487,0.8275948984560255
NOVEL_SA_7,2021,0.9899052381515504,0.8333333333333334,24,273,55,5.6131281063880705,0.8333333325,0.9764978727632357,0.6204652169874623,0.9122616991330113
NOVEL_SA_8,2021,0.9761104583740234,0.7117903930131004,229,11,49,2.4849066497880004,0.71179039230131,0.94438154923966,0.27467717009694514,0.8308928799377185
NOVEL_SA_9,2021,0.9457767605781556,0.6707317073170732,82,1,63,0.6931471805599453,0.6707317066463414,0.873760135357755,0.07661925892995831,0.7534403619726926
NOVEL_SA_10,2021,0.9451584815979004,0.6987951807228916,83,0,35,0.0,0.6987951800240964,0.8723206888368288,0.0,0.7503835181905995
NOVEL_SA_11,2021,0.9407485723495485,0.7610062893081762,159,3,42,1.3862943611198906,0.7610062885471698,0.8620537563874678,0.15323851785991663,0.7709627389666531
NOVEL_SA_12,2021,0.9449257850646972,0.60625,160,60,46,4.110873864173311,0.6062499993937499,0.8717789362852336,0.45440869971230236,0.7769361252496436
NOVEL_SA_49,2021,0.9915273785591124,0.7447916666666666,192,113,41,4.736198448394496,0.744791665921875,0.980274459774418,0.5235309692352149,0.8875035519499891
NOVEL_SA_13,2021,0.9790288805961608,0.7651245551601423,281,49,45,3.912023005428146,0.7651245543950177,0.9511760754137748,0.43242807876779754,0.8620909715454255
NOVEL_SA_29,2021,0.9733632206916808,0.7666666666666667,150,32,42,3.4965075614664802,0.7666666659,0.9379855664385419,0.38649773917588437,0.8485730036045677
NOVEL_MT_11,2021,0.9805216789245604,0.7195121951219512,164,17,55,2.8903717578961645,0.719512194402439,0.9546515345978671,0.3194965634040153,0.8441081694393963
NOVEL_MT_15,2021,0.9905717968940736,0.7878787878787878,66,58,38,4.07753744390572,0.787878787090909,0.9780497218371309,0.45072375099157447,0.8872829378033308
NOVEL_MT_16,2021,0.946126103401184,0.797979797979798,99,20,44,3.044522437723423,0.7979797971818181,0.8745734580280665,0.336536105918453,0.8054509906478555
NOVEL_MT_17,2021,0.9285383224487304,0.7520325203252033,246,1,29,0.6931471805599453,0.7520325195731707,0.8336264568986258,0.07661925892995831,0.7416069496366681
NOVEL_MT_214,2021,0.9362362623214722,0.7916666666666666,24,9,44,2.302585092994046,0.7916666658749999,0.8515484195109445,0.25452366884887795,0.7798695937175489
NOVEL_MT_215,2021,0.984429657459259,0.6545454545454545,165,34,59,3.5553480614894135,0.654545453890909,0.9637498968021001,0.3930018636003441,0.8448342048996862
NOVEL_MT_218,2021,0.9432324171066284,0.6717557251908397,131,4,34,1.6094379124341003,0.6717557245190839,0.8678365208162755,0.17790440991891962,0.7596271504671016
NOVEL_MT_219,2021,0.9419267773628236,0.6451612903225806,155,1,29,0.6931471805599453,0.6451612896774193,0.8647967949856692,0.07661925892995831,0.7420519403184481
NOVEL_MT_221,2021,0.9516536593437196,0.6766467065868264,167,12,56,2.5649493574615367,0.6766467059101796,0.8874424401943742,0.2835249489189543,0.7848915442099933
NOVEL_MT_224,2021,0.9855804443359376,0.7014925373134329,134,27,61,3.332204510175204,0.7014925366119402,0.9664291018517018,0.3683359715413411,0.8536324757727134
NOVEL_MT_227,2021,0.9435855150222778,0.6982248520710059,169,37,45,3.6375861597263857,0.698224851372781,0.868658585907374,0.4020923169981863,0.7879152121095366
NOVEL_MT_190,2021,0.9272621273994446,0.7469879518072289,83,3,29,1.3862943611198906,0.7469879510602409,0.8306552827484723,0.15323851785991663,0.7461801399219705
NOVEL_MT_192,2021,0.9418121576309204,0.8,50,15,38,2.772588722239781,0.7999999992,0.8645299429988049,0.30647703571983326,0.7958186635111467
NOVEL_MT_193,2021,0.9335503578186036,0.6829268292682927,41,5,22,1.791759469228055,0.6829268285853658,0.845295229582673,0.19805791116698682,0.7480978175416428
NOVEL_MT_198,2021,0.9901374578475952,0.6973684210526315,228,13,32,2.6390573296152584,0.697368420355263,0.9770385151661591,0.29171671261138277,0.8525723159485022
NOVEL_MT_202,2021,0.9866971969604492,0.7094017094017094,117,12,55,2.5649493574615367,0.7094017086923077,0.9690290700398889,0.2835249489189543,0.8485531856582791
NOVEL_MT_205,2021,0.9454737901687622,0.6496350364963503,137,7,54,2.0794415416798357,0.6496350358467152,0.8730547746457268,0.2298577767898749,0.7640511271003392
NOVEL_MT_207,2021,0.9858528971672058,0.6470588235294118,102,5,18,1.791759469228055,0.647058822882353,0.9670634130487663,0.19805791116698682,0.8261619448273056
NOVEL_MT_208,2021,0.9815900921821594,0.7043795620437956,274,66,45,4.204692619390966,0.7043795613394159,0.9571389614645015,0.4647792583759052,0.8573511111306247
NOVEL_MT_0,2021,0.9428442120552064,0.6164383561643836,73,0,24,0.0,0.6164383555479451,0.8669327210292527,0.0,0.7301405758300659
NOVEL_MT_2,2021,0.9498156309127808,0.6212121212121212,132,12,71,2.5649493574615367,0.621212120590909,0.8831632333722597,0.2835249489189543,0.7708091823706589
NOVEL_MT_4,2021,0.9395760297775269,0.8333333333333334,30,0,23,0.0,0.8333333325,0.859323900804738,0.0,0.7681933970633166
NOVEL_MT_5,2021,0.9478248357772828,0.5955882352941176,136,13,34,2.6390573296152584,0.5955882346985294,0.8785283626695775,0.29171671261138277,0.7632591720695483
NOVEL_MT_10,2021,0.9527398347854614,0.6833333333333333,120,13,44,2.6390573296152584,0.68333333265,0.8899712200990142,0.29171671261138277,0.7888181918604482
NOVEL_MT_29,2021,0.9401034116744996,0.7263157894736842,95,0,26,0.0,0.7263157887473684,0.8605517252351974,0.0,0.7476493654141119
NOVEL_MT_31,2021,0.9105274081230164,0.7286245353159851,269,1,27,0.6931471805599453,0.7286245345873605,0.7916943375919894,0.07661925892995831,0.7075728691248605
NOVEL_MT_35,2021,0.9231378436088562,0.8333333333333334,48,2,10,1.0986122886681098,0.8333333325,0.8210533293532205,0.12143865223702852,0.7535478622709572
NOVEL_MT_37,2021,0.9893997311592102,0.5822784810126582,158,23,74,3.1780538303479458,0.5822784804303797,0.9753209764030724,0.35129642902690345,0.834310022470917
NOVEL_MT_39,2021,0.9509337544441224,0.6549295774647887,142,17,52,2.8903717578961645,0.6549295768098591,0.8857663932378773,0.3194965634040153,0.7829720469688873
NOVEL_MT_40,2021,0.9841068387031556,0.6625,80,1,41,0.6931471805599453,0.6624999993374999,0.9629983261516295,0.07661925892995831,0.8142607540666366
NOVEL_MT_19,2021,0.95138680934906,0.6159420289855072,138,0,13,0.0,0.6159420283695651,0.8868211732441968,0.0,0.7439632269448508
NOVEL_MT_21,2021,0.9222944974899292,0.84,25,2,60,1.0986122886681098,0.8399999991599999,0.8190898926594404,0.12143865223702852,0.753506789917311
NOVEL_MT_23,2021,0.9340659976005554,0.7207207207207207,222,1,21,0.6931471805599453,0.7207207199999999,0.8464957166021011,0.07661925892995831,0.7443530715144666
NOVEL_MT_24,2021,0.99025696516037,0.788235294117647,85,70,44,4.2626798770413155,0.7882352933294117,0.9773167461769043,0.47118906690309453,0.8888876876800248
NOVEL_MT_25,2021,0.9491503834724426,0.7021276595744681,141,29,60,3.4011973816621555,0.7021276588723404,0.8816144372072106,0.37596232108590644,0.795151869928106
NOVEL_MT_26,2021,0.9508517384529114,0.6148148148148148,135,15,27,2.772588722239781,0.6148148142,0.8855754476664133,0.30647703571983326,0.7735134797784725
NOVEL_MT_54,2021,0.9851033091545104,0.6739130434782609,184,53,43,3.9889840465642745,0.6739130428043477,0.9653182593374806,0.4409352156410438,0.8545989116612104
NOVEL_DIA_26,2021,0.9535639882087708,0.825,40,18,58,2.9444389791664403,0.8249999991749999,0.8918899733087744,0.325473058068228,0.8218702869579648
NOVEL_MT_61,2021,0.9449383020401,0.6721311475409836,61,3,33,1.3862943611198906,0.6721311468688523,0.8718080776878553,0.15323851785991663,0.7600157355412609
NOVEL_MT_62,2021,0.9525135159492492,0.8235294117647058,119,9,56,2.302585092994046,0.8235294109411764,0.8894443157858976,0.25452366884887795,0.8127692701232514
NOVEL_MT_42,2021,0.9391635656356812,0.7265625,128,31,58,3.4657359027997265,0.7265624992734374,0.8583636222040625,0.38309629464979156,0.7844766648625104
NOVEL_MT_45,2021,0.9285638928413392,0.675,40,2,0,1.0986122886681098,0.674999999325,0.8336859886211248,0.12143865223702852,0.7307240571234901
NOVEL_MT_47,2021,0.9884319305419922,0.6494845360824743,97,11,26,2.4849066497880004,0.6494845354329897,0.9730677909060826,0.27467717009694514,0.8385120777305503
NOVEL_MT_49,2021,0.9435818791389464,0.664179104477612,134,2,26,1.0986122886681098,0.6641791038134328,0.868650121023755,0.12143865223702852,0.7530347707030179
NOVEL_MT_52,2021,0.9529212117195128,0.6825396825396826,126,8,35,2.1972245773362196,0.6825396818571429,0.8903934928998601,0.24287730447405703,0.7840711118487363
NOVEL_MT_53,2021,0.9717705845832824,0.7114093959731543,149,1,37,0.6931471805599453,0.7114093952617448,0.9342776698763959,0.07661925892995831,0.8039381738588219
NOVEL_MT_172,2021,0.9809679985046388,0.6859903381642513,207,13,38,2.6390573296152584,0.6859903374782609,0.9556906337542055,0.29171671261138277,0.8353531823847343
NOVEL_MT_174,2021,0.9420593976974488,0.6323529411764706,68,8,1,2.1972245773362196,0.6323529405441176,0.8651055550848749,0.24287730447405703,0.7563322071156416
NOVEL_MT_177,2021,0.9396950006484984,0.782608695652174,92,22,57,3.1354942159291497,0.7826086948695652,0.8596008828982274,0.34659196479684096,0.7929015534823564
NOVEL_MT_179,2021,0.9877514839172364,0.6770833333333334,96,37,52,3.6375861597263857,0.67708333265625,0.9714836087521361,0.4020923169981863,0.855664424357564
NOVEL_MT_180,2021,0.982465922832489,0.774390243902439,164,1,27,0.6931471805599453,0.7743902431280487,0.959178027036514,0.07661925892995831,0.8339645934441653
NOVEL_MT_181,2021,0.9434933662414552,0.7714285714285715,35,4,44,1.6094379124341003,0.7714285706571429,0.8684440496766453,0.17790440991891962,0.7799869898969722
NOVEL_MT_182,2021,0.9507102966308594,0.8,105,19,51,2.995732273553991,0.7999999992,0.8852461498167885,0.33114292777883625,0.8127865974896356
NOVEL_MT_183,2021,0.931450366973877,1.0,4,5,79,1.791759469228055,0.9999999989999999,0.8404061348342623,0.19805791116698682,0.8080900853006823
NOVEL_MT_185,2021,0.97734797000885,0.6743119266055045,218,22,44,3.1354942159291497,0.6743119259311926,0.9472626625788542,0.34659196479684096,0.8326054454711205
NOVEL_MT_186,2021,0.9888466000556946,0.6518518518518519,135,20,45,3.044522437723423,0.6518518512,0.974033203944363,0.336536105918453,0.8458472235928994
NOVEL_MT_187,2021,0.9902198910713196,0.6923076923076923,78,37,28,3.6375861597263857,0.6923076916153845,0.9772304321177104,0.4020923169981863,0.8627320725052928
NOVEL_DIA_25,2021,0.9264565706253052,0.744,125,2,27,1.0986122886681098,0.7439999992559999,0.8287798253368929,0.12143865223702852,0.7410897428107277
NOVEL_MT_189,2021,0.9745506048202516,0.6071428571428571,56,7,21,2.0794415416798357,0.6071428565357142,0.9407499753986663,0.2298577767898749,0.8029393317651967
NOVEL_QA_0,2021,0.9847456812858582,0.7215189873417721,79,48,90,3.8918202981106265,0.721518986620253,0.9644856478340049,0.430194907362849,0.8624632415441389
NOVEL_QA_1,2021,0.9399293065071106,0.7325581395348837,86,1,0,0.6931471805599453,0.7325581388023255,0.8601463822015882,0.07661925892995831,0.7562760211945727
NOVEL_MT_63,2021,0.9785011410713196,0.5411764705882353,170,6,40,1.9459101490553132,0.5411764700470587,0.9499474183718124,0.2150974536814245,0.7947082322378228
NOVEL_MT_64,2021,0.9496694803237916,0.6796875,128,6,62,1.9459101490553132,0.6796874993203125,0.8828229728045062,0.2150974536814245,0.7754233261953593
NOVEL_MT_66,2021,0.9868783950805664,0.7457627118644068,177,16,45,2.833213344056216,0.745762711118644,0.9694509265349834,0.31317837380034286,0.8590860281782515
NOVEL_MT_67,2021,0.9511993527412416,0.7258064516129032,62,0,33,0.0,0.7258064508870967,0.886384746047792,0.0,0.7656306124108738
NOVEL_MT_71,2021,0.938956081867218,0.5905511811023622,127,4,11,1.6094379124341003,0.5905511805118109,0.8578805687634625,0.17790440991891962,0.7364170752286778
NOVEL_MT_74,2021,0.9591352343559264,0.7290076335877863,262,1,28,0.6931471805599453,0.7290076328587786,0.9048606728470894,0.07661925892995831,0.7868659234577141
NOVEL_MT_88,2021,0.9495807886123656,0.7019230769230769,208,33,41,3.5263605246161616,0.7019230762211537,0.8826164851516436,0.38979763273030116,0.7971959181234113
NOVEL_MT_89,2021,0.9853367805480956,0.675,120,67,25,4.219507705176107,0.674999999325,0.9658618158806664,0.46641689166025946,0.8577449601474925
NOVEL_MT_91,2021,0.9284208416938782,0.6844444444444444,225,2,37,1.0986122886681098,0.6844444437599999,0.8333529440197341,0.12143865223702852,0.7323798147895166
NOVEL_MT_92,2021,0.9336553812026978,0.7236842105263158,76,16,40,2.833213344056216,0.7236842098026316,0.8455397398275268,0.31317837380034286,0.7679324972198294
NOVEL_MT_77,2021,0.9499574899673462,0.6833333333333333,60,4,16,1.6094379124341003,0.68333333265,0.8834935026019718,0.17790440991891962,0.7729025593432722
NOVEL_MT_78,2021,0.9859176874160768,0.7272727272727273,88,27,43,3.332204510175204,0.7272727265454545,0.9672142544994796,0.3683359715413411,0.8593381206128609
NOVEL_MT_81,2021,0.9413436055183412,0.7424242424242424,66,24,63,3.2188758248682006,0.7424242416818181,0.8634390831606679,0.35580881983783924,0.7884730885326151
NOVEL_MT_82,2021,0.9434558749198914,0.7422222222222222,225,3,51,1.3862943611198906,0.7422222214799999,0.8683567642373641,0.15323851785991663,0.7716180310481465
NOVEL_MT_83,2021,0.9313756823539734,0.5476190476190477,84,1,34,0.6931471805599453,0.5476190470714286,0.8402322577986198,0.07661925892995831,0.7053483157663154
NOVEL_MT_86,2021,0.9602211713790894,0.6995515695067265,223,60,65,4.110873864173311,0.6995515688071748,0.9073888976773942,0.45440869971230236,0.8205234121068411
NOVEL_MT_148,2021,0.9544163942337036,0.71,200,7,31,2.0794415416798357,0.7099999992899999,0.8938745028273092,0.2298577767898749,0.7906979295161038
NOVEL_MT_150,2021,0.9907204508781432,0.6206896551724138,174,35,39,3.58351893845611,0.6206896545517241,0.9783958106854086,0.39611582233397363,0.8486265806235281
NOVEL_MT_153,2021,0.9391485452651978,0.5846994535519126,183,3,109,1.3862943611198906,0.584699452967213,0.8583286525209165,0.15323851785991663,0.7330937991440758
NOVEL_MT_154,2021,0.9803964495658876,0.7534246575342466,146,35,60,3.58351893845611,0.7534246567808218,0.9543599818030671,0.39611582233397363,0.8583485008517087
NOVEL_MT_155,2021,0.9332724809646606,0.6,40,2,29,1.0986122886681098,0.5999999993999999,0.844648290444472,0.12143865223702852,0.7233976684148331
NOVEL_MT_156,2021,0.9349403381347656,0.7322834645669292,127,3,61,1.3862943611198906,0.7322834638346456,0.8485313129595157,0.15323851785991663,0.7557524636245818
NOVEL_MT_161,2021,0.9842340350151062,0.7037037037037037,27,4,22,1.6094379124341003,0.703703703,0.9632944583096987,0.17790440991891962,0.832837302408681
NOVEL_MT_165,2021,0.9358266592025756,0.7339449541284404,109,1,21,0.6931471805599453,0.7339449533944954,0.8505948018022965,0.07661925892995831,0.7498672778335025
NOVEL_MT_167,2021,0.9851174354553224,0.7205882352941176,204,28,34,3.367295829986474,0.7205882345735294,0.9653511474918683,0.372214903742496,0.8570849405332632
NOVEL_MT_168,2021,0.930760383605957,0.7419354838709677,155,7,69,2.0794415416798357,0.7419354831290322,0.8387997497068895,0.2298577767898749,0.7585326990996166
NOVEL_QA_4,2021,0.9454528093338012,0.7615384615384615,130,34,57,3.5553480614894135,0.761538460776923,0.8730059281041892,0.3930018636003441,0.8027120281883514
NOVEL_QA_5,2021,0.930329978466034,0.75,12,1,48,0.6931471805599453,0.7499999992499999,0.8377977017624566,0.07661925892995831,0.7441203169767154
NOVEL_QA_7,2021,0.9876142740249634,0.7142857142857143,21,10,19,2.3978952727983707,0.7142857135714286,0.971164163471969,0.2650590869388559,0.8491779658385495
NOVEL_QA_8,2021,0.94839209318161,0.6682692307692307,208,9,33,2.302585092994046,0.6682692301009614,0.8798490232826737,0.25452366884887795,0.7750005292029516
NOVEL_QA_10,2021,0.9445055723190308,0.7833333333333333,120,22,51,3.1354942159291497,0.7833333325499999,0.8708006177686497,0.34659196479684096,0.8008862954277389
NOVEL_MT_93,2021,0.9523439407348632,0.7077922077922078,308,29,48,3.4011973816621555,0.7077922070844155,0.8890495191646661,0.37596232108590644,0.80148933694074
NOVEL_MT_96,2021,0.9843071103096008,0.628099173553719,121,7,48,2.0794415416798357,0.6280991729256198,0.9634645885935756,0.2298577767898749,0.8230308242796143
NOVEL_MT_99,2021,0.946185290813446,0.72,50,14,26,2.70805020110221,0.7199999992799999,0.874711255231892,0.29934306215594814,0.7862321847339191
NOVEL_MT_101,2021,0.9262876510620116,0.7619047619047619,21,3,41,1.3862943611198906,0.761904761142857,0.8283865551700842,0.15323851785991663,0.747575392633622
NOVEL_MT_104,2021,0.949302852153778,0.6329113924050633,158,4,55,1.6094379124341003,0.6329113917721519,0.881969407244859,0.17790440991891962,0.7617513044177235
NOVEL_MT_105,2021,0.9314988255500792,0.8,40,3,21,1.3862943611198906,0.7999999992,0.840518953692983,0.15323851785991663,0.7636871192110798
NOVEL_MT_107,2021,0.924057960510254,0.7567567567567568,111,7,69,2.0794415416798357,0.756756756,0.8231954999830803,0.2298577767898749,0.7505739788671436
NOVEL_MT_108,2021,0.9373959302902222,0.6153846153846154,156,54,43,4.007333185232471,0.6153846147692308,0.854248301079549,0.44296349685777553,0.765347083395308
NOVEL_SUM_41,2021,0.990916907787323,0.7272727272727273,143,12,27,2.5649493574615367,0.7272727265454545,0.9788531919379849,0.2835249489189543,0.8590042745575757
NOVEL_SUM_42,2021,0.9720528721809388,0.819047619047619,105,70,34,4.2626798770413155,0.8190476182285713,0.9349348778898068,0.47118906690309453,0.8653828448588885
NOVEL_SUM_44,2021,0.9362020492553712,0.84,25,43,62,3.784189633918261,0.8399999991599999,0.8514687663437789,0.4182976047987725,0.8058578967525225
NOVEL_SUM_14,2021,0.9462724924087524,0.7407407407407407,81,1,82,0.6931471805599453,0.7407407399999999,0.8749142736701562,0.07661925892995831,0.7682500654621052
NOVEL_SUM_15,2021,0.973110854625702,0.575,40,35,34,3.58351893845611,0.5749999994249999,0.9373980202542563,0.39611582233397363,0.8107901962963767
NOVEL_SUM_16,2021,0.9484424591064452,0.6818181818181818,110,40,57,3.713572066704308,0.6818181811363635,0.8799662827360798,0.4104916642725502,0.7933892005697836
NOVEL_SUM_64,2021,0.9377193450927734,0.7682119205298014,151,26,77,3.295836866004329,0.7682119197615894,0.855001259415859,0.3643159567110855,0.7885748612145277
NOVEL_SUM_66,2021,0.943414866924286,0.670995670995671,231,11,47,2.4849066497880004,0.6709956703246753,0.8682612914516323,0.27467717009694514,0.7694497550907722
NOVEL_SUM_67,2021,0.9871569871902466,0.7844827586206896,116,19,34,2.995732273553991,0.7844827578362068,0.9700995308961912,0.33114292777883625,0.8690805159724587
NOVEL_SUM_68,2021,0.952397346496582,0.6979166666666666,192,74,65,4.31748811353631,0.6979166659687499,0.8891738558158521,0.47724747207486773,0.8097297794723332
NOVEL_SUM_17,2021,0.9513880014419556,0.7235772357723578,123,4,54,1.6094379124341003,0.7235772350487805,0.8868239486158753,0.17790440991891962,0.7832826520327608
NOVEL_SUM_19,2021,0.9342762231826782,0.851063829787234,47,31,68,3.4657359027997265,0.8510638289361702,0.846985153397561,0.38309629464979156,0.8014120026305058
NOVEL_SUM_20,2021,0.9444537162780762,0.8173913043478261,115,6,64,1.9459101490553132,0.8173913035304348,0.8706798891006456,0.2150974536814245,0.7944639284446813
NOVEL_SUM_21,2021,0.9900585412979126,0.6988636363636364,176,70,52,4.2626798770413155,0.6988636356647726,0.9768547855610589,0.47118906690309453,0.8706899837160051
NOVEL_SUM_22,2021,0.9535640478134156,0.825,40,18,58,2.9444389791664403,0.8249999991749999,0.8918901120773586,0.325473058068228,0.8218703840959738
NOVEL_SUM_23,2021,0.9879177212715148,0.7,90,23,35,3.1780538303479458,0.6999999992999999,0.971870634332668,0.35129642902690345,0.8554390867955579
NOVEL_SUM_3,2021,0.9522344470024108,0.6287425149700598,167,26,44,3.295836866004329,0.6287425143413172,0.8887946012760186,0.3643159567110855,0.784336319432585
NOVEL_SUM_39,2021,0.9921358227729796,0.6810810810810811,185,43,37,3.784189633918261,0.6810810803999999,0.9816910094789982,0.4182976047987725,0.865229683195176
NOVEL_QA_12,2021,0.951568603515625,0.6986301369863014,146,33,51,3.5263605246161616,0.6986301362876712,0.8872444174251306,0.38979763273030116,0.7997768827281557
NOVEL_QA_13,2021,0.94090473651886,0.7666666666666667,30,122,48,4.812184355372417,0.7666666659,0.862417330077319,0.5319303165095786,0.8102184958850811
NOVEL_QA_14,2021,0.9875497817993164,0.7898550724637681,138,29,49,3.4011973816621555,0.7898550716739129,0.9710140158641755,0.37596232108590644,0.875277057548296
NOVEL_QA_15,2021,0.9547176361083984,0.66,200,99,45,4.605170185988092,0.65999999934,0.8945758392504036,0.5090473376977559,0.8091078211130581
NOVEL_QA_16,2021,0.9533385038375854,0.7085714285714285,175,39,40,3.6888794541139363,0.708571427862857,0.8913650117558328,0.40776218670879455,0.8064460124725338
NOVEL_QA_17,2021,0.9342108964920044,0.7897435897435897,195,0,11,0.0,0.7897435889538461,0.8468330630295927,0.0,0.7507318619114841
NOVEL_QA_18,2021,0.9382205009460448,0.7105263157894737,38,11,25,2.4849066497880004,0.7105263150789473,0.8561680256693963,0.27467717009694514,0.7688905979940613
NOVEL_QA_21,2021,0.9892603754997252,0.6692913385826772,127,27,28,3.332204510175204,0.6692913379133858,0.9749965354538843,0.3683359715413411,0.8531894395545303
NOVEL_QA_22,2021,0.9366621971130372,0.7916666666666666,120,21,43,3.091042453358316,0.7916666658749999,0.8525400598115845,0.3416783458688142,0.7892792096299905
NOVEL_QA_25,2021,0.9488630294799804,0.7583892617449665,149,4,28,1.6094379124341003,0.7583892609865771,0.8809454338641675,0.17790440991891962,0.7861300968941246
NOVEL_QA_26,2021,0.96046781539917,0.7714285714285715,35,2,37,1.0986122886681098,0.7714285706571429,0.907963122077625,0.12143865223702852,0.8020037648094688
NOVEL_QA_27,2021,0.9441213607788086,0.7573529411764706,136,4,38,1.6094379124341003,0.7573529404191176,0.8699061154767488,0.17790440991891962,0.7781953099094396
NOVEL_SUM_36,2021,0.941761314868927,0.6511627906976745,86,1,33,0.6931471805599453,0.6511627900465117,0.8644115733967275,0.07661925892995831,0.7429825852800074
NOVEL_SUM_37,2021,0.9514339566230774,0.8,25,62,73,4.143134726391533,0.7999999992,0.886930939194072,0.4579747581554815,0.8266491330913985
NOVEL_SUM_38,2021,0.9729690551757812,0.618421052631579,228,122,45,4.812184355372417,0.6184210520131579,0.9370678897931278,0.5319303165095786,0.8328247649087789
NOVEL_SUM_45,2021,0.9840998649597168,0.7819148936170213,188,27,43,3.332204510175204,0.7819148928351063,0.9629820902273114,0.3683359715413411,0.8673040388802734
NOVEL_SUM_46,2021,0.9360116124153136,0.7872340425531915,141,129,73,4.867534450455582,0.7872340417659575,0.8510254007181774,0.5380486177678322,0.8069694506326989
NOVEL_SUM_6,2021,0.9593755602836608,0.7189189189189189,185,10,51,2.3978952727983707,0.7189189182,0.9054201877774252,0.2650590869388559,0.8040838237780832
NOVEL_SUM_7,2021,0.951568603515625,0.6986301369863014,146,33,51,3.5263605246161616,0.6986301362876712,0.8872444174251306,0.38979763273030116,0.7997768827281557
NOVEL_SUM_8,2021,0.9332864880561828,0.7591623036649214,191,5,25,1.791759469228055,0.759162302905759,0.8446809010616912,0.19805791116698682,0.7629148824410343
NOVEL_SUM_10,2021,0.9529406428337096,0.7155172413793104,232,4,57,1.6094379124341003,0.7155172406637931,0.8904387314582156,0.17790440991891962,0.7842010011454015
NOVEL_SUM_11,2021,0.9417785406112672,0.6231884057971014,69,76,32,4.343805421853684,0.6231884051739129,0.8644516775174784,0.4801565406202804,0.7777695093590454
NOVEL_SUM_12,2021,0.9851325750350952,0.7285714285714285,70,31,46,3.4657359027997265,0.728571427842857,0.9653863947121819,0.38309629464979156,0.8597943913320778
NOVEL_SUM_13,2021,0.9443341493606568,0.7073170731707317,82,20,27,3.044522437723423,0.7073170724634146,0.8704015193213172,0.336536105918453,0.7843980886094503
NOVEL_SUM_56,2021,0.9885040521621704,0.651685393258427,89,11,26,2.4849066497880004,0.6516853926067415,0.973235700892617,0.27467717009694514,0.8390697861558748
NOVEL_SUM_58,2021,0.9838992953300476,0.7689243027888446,251,24,57,3.2188758248682006,0.7689243020199202,0.9625151339424454,0.35580881983783924,0.8631263361474798
NOVEL_SUM_59,2021,0.9513789415359496,0.6796875,128,9,40,2.302585092994046,0.6796874993203125,0.8868028557911204,0.25452366884887795,0.7821518658027347
NOVEL_SUM_60,2021,0.986828625202179,0.6763485477178424,241,33,65,3.5263605246161616,0.6763485470414937,0.9693350547674163,0.38979763273030116,0.8527840110185202
NOVEL_SUM_61,2021,0.9405760765075684,0.7573529411764706,136,35,69,3.58351893845611,0.7573529404191176,0.8616521601056244,0.39611582233397363,0.7942386823911579
NOVEL_SUM_69,2021,0.9375076293945312,0.8080808080808081,99,13,33,2.6390573296152584,0.8080808072727272,0.8545083534058013,0.29171671261138277,0.7889436800997447
NOVEL_SUM_70,2021,0.9879159927368164,0.6464088397790055,181,7,31,2.0794415416798357,0.6464088391325966,0.9718666100437348,0.2298577767898749,0.8325741725361211
NOVEL_SUM_24,2021,0.9858666658401488,0.6170212765957447,141,12,71,2.5649493574615367,0.6170212759787234,0.9670954685916499,0.2835249489189543,0.828723578101795
NOVEL_SUM_26,2021,0.9355065226554872,0.7087378640776699,103,22,59,3.1354942159291497,0.708737863368932,0.8498494757381022,0.34659196479684096,0.7713014021701421
NOVEL_SUM_28,2021,0.9525097012519836,0.7115384615384616,52,2,31,1.0986122886681098,0.7115384608269231,0.8894354345965274,0.12143865223702852,0.7770563616066566
NOVEL_SUM_30,2021,0.9404510259628296,0.6307692307692307,130,8,38,2.1972245773362196,0.6307692301384614,0.8613610236165757,0.24287730447405703,0.753394293006701
NOVEL_SUM_31,2021,0.9527502059936525,0.6538461538461539,130,20,34,3.044522437723423,0.6538461531923077,0.8899953658326153,0.336536105918453,0.7874195973131376
NOVEL_SUM_32,2021,0.9525157809257508,0.6730769230769231,156,26,66,3.295836866004329,0.6730769224038462,0.8894495889920868,0.3643159567110855,0.7936616924463386
NOVEL_SUM_33,2021,0.9361814260482788,0.6071428571428571,140,5,36,1.791759469228055,0.6071428565357142,0.8514207524137449,0.19805791116698682,0.7372288891134628
NOVEL_QA_30,2021,0.9351970553398132,0.7777777777777778,225,0,51,0.0,0.777777777,0.8491289892504275,0.0,0.7499458478752992
NOVEL_QA_32,2021,0.942882239818573,0.7916666666666666,168,3,39,1.3862943611198906,0.7916666658749999,0.8670212553857887,0.15323851785991663,0.7805720637310437
NOVEL_MT_116,2021,0.9506295919418336,0.6881720430107527,186,4,41,1.6094379124341003,0.6881720423225807,0.8850582571541711,0.17790440991891962,0.7749656294643278
NOVEL_MT_117,2021,0.942959189414978,0.7478991596638656,238,36,49,3.6109179126442243,0.7478991589159664,0.8672004056276199,0.39914445630466727,0.7965345613529939
NOVEL_MT_109,2021,0.9311457872390748,0.6956521739130435,23,6,26,1.9459101490553132,0.6956521732173913,0.8396970273704689,0.2150974536814245,0.7484280991709489
NOVEL_MT_110,2021,0.9523591995239258,0.7398373983739838,123,1,0,0.6931471805599453,0.7398373976341464,0.889085043922148,0.07661925892995831,0.7779889361653287
NOVEL_MT_112,2021,0.929838001728058,0.8095238095238095,126,8,34,2.1972245773362196,0.8095238087142856,0.8366523058708416,0.24287730447405703,0.771849106299852
NOVEL_MT_113,2021,0.944280445575714,0.7197452229299363,157,2,34,1.0986122886681098,0.719745222210191,0.8702764888272113,0.12143865223702852,0.7652864518447889
NOVEL_MT_115,2021,0.9450758099555968,0.7094017094017094,117,12,26,2.5649493574615367,0.7094017086923077,0.8721282168109418,0.2835249489189543,0.7807225883980161
NOVEL_SUM_47,2021,0.9865371584892272,0.5490196078431373,51,209,51,5.3471075307174685,0.5490196072941177,0.9686564763920833,0.591059774767331,0.8469694324100149
NOVEL_SUM_49,2021,0.9791961908340454,0.7440944881889764,254,128,56,4.859812404361672,0.7440944874448818,0.9515655988288179,0.5371950365000553,0.8686343203191543
NOVEL_SUM_52,2021,0.9462934732437134,0.7094594594594594,148,1,26,0.6931471805599453,0.7094594587499999,0.8749631202116934,0.07661925892995831,0.7620280017911812
NOVEL_SUM_53,2021,0.986458659172058,0.7064220183486238,109,15,26,2.772588722239781,0.7064220176422018,0.9684737181670703,0.30647703571983326,0.8498637098173729
NOVEL_SUM_54,2021,0.9374068975448608,0.6,25,85,21,4.454347296253507,0.5999999993999999,0.854273834498989,0.49237564319298505,0.7672292483485907
NOVEL_DIA_56,2021,0.9374068975448608,0.6,25,85,21,4.454347296253507,0.5999999993999999,0.854273834498989,0.49237564319298505,0.7672292483485907
NOVEL_DIA_59,2021,0.9629300832748412,0.59375,160,60,39,4.110873864173311,0.59374999940625,0.9136956522790559,0.45440869971230236,0.8037778264478194
NOVEL_DIA_63,2021,0.9488404393196106,0.6186440677966102,118,19,31,2.995732273553991,0.618644067177966,0.8808928405708648,0.33114292777883625,0.7734680946130821
NOVEL_SUM_71,2021,0.9524504542350768,0.8888888888888888,27,64,69,4.174387269895637,0.8888888879999999,0.889297498624118,0.4614293588378739,0.8464289625206699
NOVEL_SUM_72,2021,0.9814404249191284,0.6826923076923077,104,199,46,5.298317366548036,0.6826923070096154,0.9567905135502969,0.5856665966277141,0.8648584805499022
NOVEL_SUM_73,2021,0.9334275126457214,0.7037037037037037,135,40,46,3.713572066704308,0.703703703,0.8450092275312288,0.4104916642725502,0.773296366299115
NOVEL_SUM_75,2021,0.9446714520454408,0.6590909090909091,44,4,37,1.6094379124341003,0.6590909084318181,0.8711868107376788,0.17790440991891962,0.7594393901946307
NOVEL_SUM_76,2021,0.9366859197616576,0.8421052631578947,38,20,18,3.044522437723423,0.8421052623157893,0.8525952897079813,0.336536105918453,0.7988913658505901
NOVEL_SUM_77,2021,0.9376615285873412,0.7582417582417582,91,13,29,2.6390573296152584,0.7582417574835164,0.8548666538894635,0.29171671261138277,0.779226680480466
NOVEL_QA_33,2021,0.9525097012519836,0.7115384615384616,52,2,31,1.0986122886681098,0.7115384608269231,0.8894354345965274,0.12143865223702852,0.7770563616066566
NOVEL_QA_34,2021,0.9468178749084472,0.6946564885496184,131,14,31,2.70805020110221,0.6946564878549618,0.8761840062129567,0.29934306215594814,0.7821944081356569
NOVEL_QA_35,2021,0.9902083277702332,0.6834170854271356,199,13,34,2.6390573296152584,0.6834170847437185,0.9772035110124313,0.29171671261138277,0.8498975459185839
NOVEL_QA_36,2021,0.9430295825004578,0.8723404255319149,47,17,90,2.8903717578961645,0.8723404246595744,0.8673642913252207,0.3194965634040153,0.8135727451999709
NOVEL_QA_37,2021,0.9498823285102844,0.74235807860262,229,19,26,2.995732273553991,0.7423580778602619,0.8833185154176579,0.33114292777883625,0.7999088691422964
NOVEL_QA_39,2021,0.9459601640701294,0.782608695652174,69,19,21,2.995732273553991,0.7826086948695652,0.8741871262904539,0.33114292777883625,0.8015670201551144
NOVEL_QA_40,2021,0.945486545562744,0.75,208,26,42,3.295836866004329,0.7499999992499999,0.8730844711226837,0.3643159567110855,0.7975907253069872
NOVEL_QA_43,2021,0.9851803779602052,0.7301587301587301,63,27,38,3.332204510175204,0.7301587294285713,0.9654976871164802,0.3683359715413411,0.8587137240213846
NOVEL_QA_2,2021,0.981637477874756,0.6884057971014492,138,64,44,4.174387269895637,0.6884057964130433,0.9572492824887123,0.4614293588378739,0.8538985929084947
NOVEL_QA_3,2021,0.9426175355911256,0.6060606060606061,66,73,38,4.30406509320417,0.6060606054545454,0.8664049841046328,0.47576371523462563,0.7752719814876147
NOVEL_QA_46,2021,0.9451032876968384,0.7346938775510204,147,49,58,3.912023005428146,0.7346938768163265,0.8721921891281257,0.43242807876779754,0.8007161156297329
NOVEL_QA_47,2021,0.983712673187256,0.6886792452830188,106,7,45,2.0794415416798357,0.6886792445943395,0.9620806495062151,0.2298577767898749,0.8341780812522059
NOVEL_QA_48,2021,0.935144543647766,0.6838709677419355,155,20,43,3.044522437723423,0.6838709670580644,0.8490067341280002,0.336536105918453,0.7647325178930584
NOVEL_QA_50,2021,0.945354461669922,0.6698113207547169,106,26,20,3.295836866004329,0.6698113200849055,0.8727769599407339,0.3643159567110855,0.7813377316466034
NOVEL_QA_52,2021,0.940133571624756,0.7738095238095238,84,1,25,0.6931471805599453,0.7738095230357143,0.8606219421386572,0.07661925892995831,0.7648591899971987
NOVEL_DIA_65,2021,0.9423785209655762,0.672514619883041,171,8,63,2.1972245773362196,0.6725146192105262,0.8658485220831429,0.24287730447405703,0.7648846197477109
NOVEL_DIA_66,2021,0.971241295337677,0.6428571428571429,196,13,32,2.6390573296152584,0.6428571422142857,0.9330454048512519,0.29171671261138277,0.8108748830998718
NOVEL_DIA_67,2021,0.9377537965774536,0.6641221374045801,131,5,52,1.791759469228055,0.664122136740458,0.8550814676573606,0.19805791116698682,0.7511872458249427
NOVEL_DIA_68,2021,0.9497116208076476,0.7012987012987013,154,26,47,3.295836866004329,0.7012987005974025,0.8829210821933319,0.3643159567110855,0.7947360933259213
NOVEL_DIA_69,2021,0.948009192943573,0.7303370786516854,89,7,30,2.0794415416798357,0.7303370779213483,0.878957573899619,0.2298577767898749,0.7843234949929905
NOVEL_DIA_70,2021,0.9454887509346008,0.7878787878787878,99,10,63,2.3978952727983707,0.787878787090909,0.8730896055602888,0.2650590869388559,0.7952443900042695
NOVEL_DIA_71,2021,0.9459776878356934,0.6923076923076923,130,5,34,1.791759469228055,0.6923076916153845,0.8742279242541242,0.19805791116698682,0.7702268764176625
NOVEL_DIA_55,2021,0.9351077079772948,0.8387096774193549,93,8,15,2.1972245773362196,0.8387096765806451,0.8489209751431421,0.24287730447405703,0.7862743483637342
NOVEL_MT_120,2021,0.9540117383003236,0.6649484536082474,194,52,57,3.970291913552122,0.6649484529432989,0.8929324029111264,0.4388690204383823,0.8019292746702865
NOVEL_MT_121,2021,0.9835103750228882,0.7407407407407407,81,22,39,3.1354942159291497,0.7407407399999999,0.9616096689324153,0.34659196479684096,0.8559341127323747
NOVEL_MT_122,2021,0.9515420794487,0.6936170212765957,235,7,68,2.0794415416798357,0.6936170205829787,0.8871826654052896,0.2298577767898749,0.7827370475792859
NOVEL_MT_124,2021,0.9870719909667968,0.7692307692307693,65,5,28,1.791759469228055,0.7692307684615385,0.9699016468955315,0.19805791116698682,0.8525830976358784
NOVEL_MT_125,2021,0.9492318034172058,0.64,150,19,58,2.995732273553991,0.63999999936,0.8818039950928352,0.33114292777883625,0.7783770892148683
NOVEL_MT_140,2021,0.948322296142578,0.7558139534883721,172,3,45,1.3862943611198906,0.7558139527325581,0.879686525270912,0.15323851785991663,0.7822672100221416
NOVEL_MT_141,2021,0.9544002413749696,0.6756756756756757,185,2,25,1.0986122886681098,0.6756756749999999,0.8938368965410691,0.12143865223702852,0.7729648278024511
NOVEL_MT_144,2021,0.9838348627090454,0.7198275862068966,232,102,44,4.634728988229636,0.7198275854870689,0.9623651251032358,0.5123147152275538,0.8688525761924343
NOVEL_DIA_41,2021,0.9848536252975464,0.75,152,35,47,3.58351893845611,0.7499999992499999,0.9647369577394708,0.39611582233397363,0.8649274525010269
NOVEL_DIA_42,2021,0.9469250440597534,0.6538461538461539,156,13,49,2.6390573296152584,0.6538461531923077,0.8764335121268318,0.29171671261138277,0.7734443603883822
NOVEL_DIA_43,2021,0.9362020492553712,0.84,25,43,62,3.784189633918261,0.8399999991599999,0.8514687663437789,0.4182976047987725,0.8058578967525225
NOVEL_DIA_44,2021,0.9518522024154664,0.7278481012658228,158,85,48,4.454347296253507,0.7278481005379747,0.8879046783473873,0.49237564319298505,0.8163404592700646
NOVEL_DIA_45,2021,0.9257707595825196,0.8164251207729468,207,72,69,4.290459441148391,0.8164251199565217,0.8271831540103942,0.474259770607843,0.7897392088593647
NOVEL_DIA_47,2021,0.9435997009277344,0.6935483870967742,124,12,33,2.5649493574615367,0.6935483864032258,0.8686916128303452,0.2835249489189543,0.7751463011537822
NOVEL_DIA_49,2021,0.9462920427322388,0.9375,16,11,57,2.4849066497880004,0.9374999990624999,0.8749597897656796,0.27467717009694514,0.8274395696581701
NOVEL_MT_118,2021,0.9348195791244508,0.6936936936936937,111,28,35,3.367295829986474,0.693693693,0.8482501678085089,0.372214903742496,0.7697353464402058
NOVEL_QA_53,2021,0.9382528066635132,0.7666666666666667,150,2,58,1.0986122886681098,0.7666666659,0.8562432382418772,0.12143865223702852,0.7648474651730168
NOVEL_QA_54,2021,1.0,0.6952380952380952,105,18,46,2.9444389791664403,0.695238094542857,0.9999999976718494,0.325473058068228,0.8715949230856888
NOVEL_QA_55,2021,0.9420676231384276,0.6493506493506493,77,6,18,1.9459101490553132,0.6493506487012987,0.8651247051494543,0.2150974536814245,0.75696716871302
NOVEL_QA_57,2021,0.9311681985855104,0.7280701754385965,114,45,24,3.828641396489095,0.7280701747105263,0.8397492043580201,0.4232112237267993,0.7757596003653993
NOVEL_QA_58,2021,0.940808653831482,0.6349206349206349,126,6,32,1.9459101490553132,0.6349206342857142,0.8621936351200519,0.2150974536814245,0.7520294168093216
NOVEL_QA_59,2021,0.94016695022583,0.6645962732919255,161,10,39,2.3978952727983707,0.6645962726273291,0.8606996525456477,0.2650590869388559,0.7619149200013048
NOVEL_QA_60,2021,0.9472902417182922,0.7631578947368421,114,20,53,3.044522437723423,0.7631578939736842,0.8772837472404647,0.336536105918453,0.8003838124549074
NOVEL_QA_61,2021,0.9728542566299438,0.784,125,11,23,2.4849066497880004,0.7839999992159999,0.9368006215005121,0.27467717009694514,0.840028151903253
NOVEL_QA_62,2021,0.9272621273994446,0.7469879518072289,83,3,29,1.3862943611198906,0.7469879510602409,0.8306552827484723,0.15323851785991663,0.7461801399219705
NOVEL_QA_23,2021,0.9416572451591492,0.6333333333333333,120,11,18,2.4849066497880004,0.6333333326999999,0.864169283449216,0.27467717009694514,0.7590528819641457
NOVEL_QA_24,2021,0.9255879521369934,0.6881720430107527,93,1,0,0.6931471805599453,0.6881720423225807,0.8267575507635339,0.07661925892995831,0.7240266198919857
NOVEL_QA_65,2021,0.9902598261833192,0.6058394160583942,137,18,38,2.9444389791664403,0.6058394154525547,0.9773234070689322,0.325473058068228,0.8378415738455862
NOVEL_QA_66,2021,0.9483884572982788,0.6403508771929824,228,1,24,0.6931471805599453,0.6403508765526316,0.8798405583990552,0.07661925892995831,0.7516204920828607
NOVEL_QA_67,2021,0.9447393417358398,0.6944444444444444,72,18,39,2.9444389791664403,0.6944444437499999,0.8713448681547551,0.325473058068228,0.7813776022651513
NOVEL_DIA_50,2021,0.9492884874343872,0.6601941747572816,206,9,33,2.302585092994046,0.6601941740970874,0.8819359640161362,0.25452366884887795,0.7748463765156006
NOVEL_DIA_51,2021,0.9574536085128784,0.7786885245901639,122,35,55,3.58351893845611,0.7786885238114754,0.900945594789162,0.39611582233397363,0.8260112033481058
NOVEL_DIA_52,2021,0.9458484649658204,0.7708333333333334,48,18,69,2.9444389791664403,0.7708333325625,0.8739270739642019,0.325473058068228,0.798462924094264
NOVEL_DIA_53,2021,0.9458462595939636,0.7089552238805971,134,15,53,2.772588722239781,0.7089552231716418,0.8739219395265969,0.30647703571983326,0.7841841058749295
NOVEL_DIA_54,2021,0.9455934762954712,0.7704918032786885,183,3,20,1.3862943611198906,0.7704918025081966,0.8733334219622233,0.15323851785991663,0.7807556076611872
NOVEL_QA_69,2021,0.9898211359977722,0.7604166666666666,96,10,35,2.3978952727983707,0.7604166659062499,0.9763020702913348,0.2650590869388559,0.8620006910790698
NOVEL_QA_70,2021,0.9710216522216796,0.6744186046511628,129,33,37,3.5263605246161616,0.6744186039767441,0.9325340426195335,0.38979763273030116,0.8266373139020524
NOVEL_QA_86,2021,0.9870901107788086,0.6257309941520468,171,11,51,2.4849066497880004,0.6257309935263158,0.9699438325450411,0.27467717009694514,0.8315745984964865
NOVEL_QA_63,2021,0.987717628479004,0.5844155844155844,154,19,31,2.995732273553991,0.5844155838311688,0.9714047881964738,0.33114292777883625,0.829980761281649
NOVEL_QA_64,2021,0.973040759563446,0.609375,128,11,49,2.4849066497880004,0.609374999390625,0.9372348283995747,0.27467717009694514,0.8054070967675218
NOVEL_MT_127,2021,0.9510010480880736,0.6170212765957447,94,1,15,0.6931471805599453,0.6170212759787234,0.8859230629691142,0.07661925892995831,0.7512123251671204
NOVEL_MT_128,2021,0.9855377078056335,0.8363636363636363,110,13,38,2.6390573296152584,0.8363636355272726,0.9663296047770362,0.29171671261138277,0.8728751217105181
NOVEL_MT_130,2021,0.9394015073776244,0.7282608695652174,92,1,21,0.6931471805599453,0.7282608688369565,0.8589175863910415,0.07661925892995831,0.7545564101341161
NOVEL_MT_132,2021,0.9454973936080932,0.6973684210526315,228,2,58,1.0986122886681098,0.697368420355263,0.8731097270049559,0.12143865223702852,0.7627943581982246
NOVEL_MT_133,2021,0.9435830116271972,0.6510067114093959,149,2,17,1.0986122886681098,0.6510067107583891,0.8686527576268495,0.12143865223702852,0.7504021377141753
NOVEL_MT_137,2021,0.9388532638549804,0.7040816326530612,98,6,28,1.9459101490553132,0.7040816319489795,0.857641192956213,0.2150974536814245,0.7626749068272874
NOVEL_QA_81,2021,0.91752827167511,0.6830357142857143,224,35,77,3.58351893845611,0.6830357136026786,0.8079934016154497,0.39611582233397363,0.7418141060847478
NOVEL_QA_72,2021,0.9411738514900208,0.684931506849315,146,51,31,3.9512437185814275,0.6849315061643835,0.8630438702336843,0.43676346677887096,0.7847933570743428
NOVEL_DIA_28,2021,0.9536808729171752,0.7193877551020408,196,2,48,1.0986122886681098,0.719387754382653,0.8921620985018268,0.12143865223702852,0.7805348850515121
NOVEL_DIA_29,2021,0.9222709536552428,0.75,60,49,71,3.912023005428146,0.7499999992499999,0.8190350790687947,0.43242807876779754,0.7665673630749361
NOVEL_DIA_30,2021,0.9434161186218262,0.7023809523809523,84,20,40,3.044522437723423,0.7023809516785713,0.8682642055918943,0.336536105918453,0.7819147448418856
NOVEL_DIA_31,2021,0.9371708035469056,0.7474226804123711,194,22,40,3.1354942159291497,0.7474226796649484,0.8537241721381111,0.34659196479684096,0.7817506529093515
NOVEL_DIA_33,2021,0.957202136516571,0.8918918918918919,37,8,57,2.1972245773362196,0.8918918909999999,0.9003601301336346,0.24287730447405703,0.8329181997409499
NOVEL_DIA_34,2021,0.9449220895767212,0.7616279069767442,172,39,70,3.6888794541139363,0.7616279062151162,0.8717703326330313,0.40776218670879455,0.8033410327570246
NOVEL_DIA_35,2021,0.9855262637138368,0.8,25,51,32,3.9512437185814275,0.7999999992,0.9663029612089252,0.43676346677887096,0.8800884193641347
NOVEL_DIA_37,2021,0.947336196899414,0.7772511848341233,211,42,45,3.7612001156935624,0.777251184056872,0.8773907378186611,0.41575638426302675,0.8111993917107397
NOVEL_DIA_39,2021,0.926443874835968,0.63,100,4,35,1.6094379124341003,0.62999999937,0.8287502676285194,0.17790440991891962,0.7239156282058555
NOVEL_DIA_40,2021,0.945058524608612,0.4827586206896552,29,1,18,0.6931471805599453,0.4827586202068965,0.8720879739216071,0.07661925892995831,0.7146752316795001
NOVEL_QA_74,2021,0.949079692363739,0.7626262626262627,198,91,46,4.5217885770490405,0.7626262618636364,0.8814498576666902,0.4998304826567576,0.8195232010050861
NOVEL_QA_75,2021,0.9775126576423644,0.7037037037037037,108,3,33,1.3862943611198906,0.703703703,0.9476460801762049,0.15323851785991663,0.819416848509335
NOVEL_QA_76,2021,0.9901435971260072,0.6447368421052632,152,32,49,3.4965075614664802,0.6447368414605262,0.9770528083303025,0.38649773917588437,0.8515341080409053
NOVEL_MT_267,2021,0.9885584115982056,0.75,60,3,54,1.3862943611198906,0.7499999992499999,0.9733622578411453,0.15323851785991663,0.8466774321247934
NOVEL_QA_44,2021,0.979805827140808,0.7983193277310925,119,143,46,4.969813299576001,0.7983193269327731,0.9529849239050762,0.5493543401938903,0.881688746139497
NOVEL_QA_45,2021,0.9375980496406556,0.7875,160,17,87,2.8903717578961645,0.7874999992124999,0.854718865347597,0.3194965634040153,0.7877528619262193
NOVEL_QA_84,2021,0.988136887550354,0.6538461538461539,130,5,41,1.791759469228055,0.6538461531923077,0.9723808864157151,0.19805791116698682,0.8312416422461607
NOVEL_MT_244,2022,0.9472716450691224,0.6923076923076923,117,4,30,1.6094379124341003,0.6923076916153845,0.8772404514422842,0.17790440991891962,0.7703202953245678
NOVEL_MT_280,2022,0.977790355682373,0.5535714285714286,56,10,35,2.3978952727983707,0.5535714280178571,0.9482926030086541,0.2650590869388559,0.8010250164035149
NOVEL_MT_60,2022,0.9416347742080688,0.6133333333333333,75,7,0,2.0794415416798357,0.6133333327199999,0.8641169676930809,0.2298577767898749,0.7505343216081439
NOVEL_MT_306,2024,0.9468058347702026,0.6741573033707865,89,8,28,2.1972245773362196,0.6741573026966291,0.8761559749590065,0.24287730447405703,0.772428373458036
NOVEL_MT_188,2025,0.615858793258667,0.7105263157894737,76,6,0,1.9459101490553132,0.7105263150789473,0.10566145269993638,0.2150974536814245,0.23757802527388738
