paper_id,year,semantic_knn
SKG_MT_1151,2010,1.0
SKG_SUM_67,2010,1.0
SKG_MT_287,2010,1.0
SKG_SUM_83,2010,1.0
SKG_SUM_42,2010,1.0
SKG_MT_1074,2010,1.0
SKG_PAR_202,2010,1.0
SKG_MT_390,2010,1.0
SKG_MT_488,2010,1.0
SKG_MT_157,2010,1.0
SKG_SUM_7,2010,1.0
SKG_MT_194,2010,1.0
SKG_MT_478,2010,1.0
SKG_MT_1199,2010,1.0
SKG_MT_196,2010,1.0
SKG_PAR_219,2010,1.0
SKG_MT_174,2010,1.0
SKG_QA_101,2010,1.0
SKG_MT_1231,2010,1.0
SKG_MT_15,2010,1.0
SKG_MT_17,2010,1.0
SKG_MT_1232,2010,1.0
SKG_MT_603,2010,1.0
SKG_MT_567,2010,1.0
SKG_MT_61,2010,1.0
SKG_SA_544,2010,1.0
SKG_MT_968,2010,1.0
SKG_MT_547,2010,1.0
SKG_PAR_87,2010,1.0
SKG_DIA_104,2010,1.0
SKG_PAR_69,2010,1.0
SKG_MT_137,2010,1.0
SKG_MT_606,2010,1.0
SKG_SA_527,2010,1.0
SKG_MT_585,2010,1.0
SKG_MT_646,2010,1.0
SKG_QA_416,2010,1.0
SKG_MT_660,2010,1.0
SKG_MT_388,2010,1.0
SKG_MT_1313,2010,1.0
SKG_SA_83,2010,1.0
SKG_MT_795,2010,1.0
SKG_MT_1384,2010,1.0
SKG_MT_1167,2010,1.0
SKG_MT_853,2010,1.0
SKG_MT_838,2010,1.0
SKG_MT_850,2010,1.0
SKG_MT_1325,2010,1.0
SKG_SA_217,2010,1.0
SKG_MT_1320,2010,1.0
SKG_SA_420,2010,1.0
SKG_MT_1375,2010,1.0
SKG_MT_1394,2010,1.0
SKG_MT_1193,2010,1.0
SKG_MT_715,2010,1.0
SKG_DIA_209,2010,1.0
SKG_DIA_210,2010,1.0
SKG_MT_743,2010,1.0
SKG_MT_771,2010,1.0
SKG_MT_620,2011,0.9220904111862183
SKG_MT_964,2011,0.9301103353500366
SKG_MT_966,2011,0.9168069958686829
SKG_MT_1227,2011,0.8963740468025208
SKG_MT_1220,2011,0.9335318803787231
SKG_MT_1399,2011,0.9141175150871277
SKG_QA_392,2011,0.9164015650749207
SKG_MT_595,2011,0.9287808537483215
SKG_QA_302,2011,0.9208142161369324
SKG_MT_962,2011,0.9182705879211426
SKG_QA_240,2011,0.9012225270271301
SKG_PAR_14,2011,0.918910801410675
SKG_MT_496,2011,0.9401029348373413
SKG_MT_565,2011,0.9278997182846069
SKG_PAR_34,2011,0.891863226890564
SKG_MT_58,2011,0.9207253456115723
SKG_MT_557,2011,0.9079809188842773
SKG_MT_87,2011,0.9376262426376343
SKG_SA_567,2011,0.9218093752861023
SKG_PAR_94,2011,0.9246967434883118
SKG_MT_409,2011,0.9176657795906067
SKG_MT_144,2011,0.928850531578064
SKG_MT_117,2011,0.9307611584663391
SKG_MT_1024,2011,0.9238992929458618
SKG_SA_505,2011,0.919154167175293
SKG_MT_1306,2011,0.9360068440437317
SKG_SA_192,2011,0.9257241487503052
SKG_SA_181,2011,0.8732401132583618
SKG_DIA_253,2011,0.8462539911270142
SKG_MT_789,2011,0.9372465014457703
SKG_MT_1330,2011,0.9063087701797485
SKG_DIA_288,2011,0.9205222129821777
SKG_MT_881,2011,0.9359639883041382
SKG_SA_343,2011,0.9128748178482056
SKG_SA_351,2011,0.9250504374504089
SKG_SUM_130,2011,0.9118784070014954
SKG_SUM_110,2011,0.9012225866317749
SKG_MT_800,2011,0.9198769330978394
SKG_MT_1277,2011,0.9274735450744629
SKG_MT_697,2011,0.9403055310249329
SKG_DIA_213,2011,0.9085873365402222
SKG_MT_712,2011,0.9355198740959167
SKG_SA_77,2011,0.9285492897033691
SKG_MT_919,2011,0.9286754727363586
SKG_MT_820,2011,0.9412185549736023
SKG_SA_423,2011,0.9030024409294128
SKG_MT_813,2011,0.9405171275138855
SKG_DIA_233,2011,0.8982078433036804
SKG_QA_336,2011,0.9182705879211426
SKG_MT_1003,2011,0.9326593279838562
SKG_MT_440,2011,0.9285810589790344
SKG_MT_308,2011,0.9181753396987915
SKG_MT_1132,2011,0.8417948484420776
SKG_MT_300,2011,0.9275730848312378
SKG_MT_368,2011,0.9286657571792603
SKG_SUM_80,2011,0.9196549654006958
SKG_PAR_215,2011,0.9362363815307617
SKG_PAR_89,2011,0.9220905303955078
SKG_SUM_45,2011,0.9024702906608582
SKG_MT_280,2011,0.9221900701522827
SKG_QA_5,2011,0.9236072301864624
SKG_MT_1111,2011,0.8417948484420776
SKG_MT_286,2011,0.9354451298713684
SKG_MT_1129,2011,0.9168069958686829
SKG_MT_389,2012,0.806627094745636
SKG_MT_283,2012,0.934609055519104
SKG_SUM_72,2012,0.9247158765792847
SKG_MT_234,2012,0.9317084550857544
SKG_MT_1191,2012,0.9397331476211548
SKG_MT_1400,2012,0.9392881393432617
SKG_QA_417,2012,0.8839455842971802
SKG_MT_622,2012,0.9146378636360168
SKG_MT_1425,2012,0.9386529922485352
SKG_DIA_182,2012,0.924604058265686
SKG_MT_1236,2012,0.873160719871521
SKG_MT_945,2012,0.939919650554657
SKG_MT_7,2012,0.953448474407196
SKG_MT_576,2012,0.9128580093383789
SKG_SA_554,2012,0.9202829599380493
SKG_MT_613,2012,0.9293379783630371
SKG_MT_1473,2012,0.945178210735321
SKG_MT_92,2012,0.9361969828605652
SKG_QA_203,2012,0.9189556241035461
SKG_MT_78,2012,0.9361068606376648
SKG_MT_981,2012,0.8982251286506653
SKG_MT_74,2012,0.9288231134414673
SKG_QA_219,2012,0.7752321362495422
SKG_MT_89,2012,0.9286999702453613
SKG_MT_85,2012,0.9423295855522156
SKG_MT_131,2012,0.9395315051078796
SKG_SA_565,2012,0.9297029376029968
SKG_MT_535,2012,0.9369348287582397
SKG_MT_550,2012,0.6738219261169434
SKG_MT_93,2012,0.942705512046814
SKG_PAR_3,2012,0.9117158651351929
SKG_MT_415,2012,0.9241536259651184
SKG_MT_480,2012,0.9156676530838013
SKG_MT_1228,2012,0.9472177624702454
SKG_MT_1209,2012,0.9125903844833374
SKG_MT_453,2012,0.9382346272468567
SKG_MT_469,2012,0.9297516942024231
SKG_MT_239,2012,0.9372634887695312
SKG_SUM_59,2012,0.9229167699813843
SKG_MT_1077,2012,0.9221858978271484
SKG_MT_1065,2012,0.9410532116889954
SKG_PAR_200,2012,0.9095252156257629
SKG_MT_259,2012,0.9322477579116821
SKG_PAR_127,2012,0.9201763272285461
SKG_MT_410,2012,0.9474869966506958
SKG_MT_373,2012,0.9190605878829956
SKG_SUM_97,2012,0.7752321362495422
SKG_MT_1175,2012,0.7752321362495422
SKG_MT_1177,2012,0.9434460401535034
SKG_MT_1062,2012,0.9308689832687378
SKG_MT_1276,2012,0.9472177624702454
SKG_MT_724,2012,0.9476776123046875
SKG_QA_487,2012,0.9168985486030579
SKG_MT_451,2012,0.9247159957885742
SKG_DIA_231,2012,0.9056790471076965
SKG_MT_1395,2012,0.9384799003601074
SKG_MT_1376,2012,0.9455555081367493
SKG_SA_148,2012,0.9184222221374512
SKG_MT_1421,2012,0.9361969232559204
SKG_SA_5,2012,0.9315387606620789
SKG_MT_788,2012,0.9280381202697754
SKG_MT_835,2012,0.921446681022644
SKG_MT_832,2012,0.9353345036506653
SKG_MT_1349,2012,0.9352315068244934
SKG_MT_1361,2012,0.938146710395813
SKG_MT_1327,2012,0.9350900650024414
SKG_SA_268,2012,0.933083713054657
SKG_MT_865,2012,0.9350346326828003
SKG_SA_24,2012,0.914953351020813
SKG_MT_1165,2012,0.9422853589057922
SKG_MT_1174,2012,0.930456817150116
SKG_MT_346,2012,0.9375354647636414
SKG_SUM_147,2012,0.9241622686386108
SKG_SUM_193,2013,0.9402364492416382
SKG_MT_1090,2013,0.9487498998641968
SKG_MT_376,2013,0.9350557327270508
SKG_PAR_204,2013,0.9374802708625793
SKG_MT_332,2013,0.912606418132782
SKG_MT_337,2013,0.9484140276908875
SKG_MT_372,2013,0.9439321756362915
SKG_MT_375,2013,0.9378825426101685
SKG_MT_371,2013,0.9378458857536316
SKG_SA_306,2013,0.9141212701797485
SKG_SA_296,2013,0.9320505261421204
SKG_MT_824,2013,0.9299627542495728
SKG_MT_290,2013,0.9091029167175293
SKG_MT_282,2013,0.9398872256278992
SKG_MT_268,2013,0.9365171194076538
SKG_MT_277,2013,0.9526384472846985
SKG_SA_318,2013,0.9123672246932983
SKG_MT_1326,2013,0.9393628239631653
SKG_PAR_139,2013,0.9163247346878052
SKG_MT_829,2013,0.9305315017700195
SKG_SUM_0,2013,0.9375856518745422
SKG_SA_229,2013,0.916316032409668
SKG_MT_1324,2013,0.9376410245895386
SKG_QA_3,2013,0.9292929768562317
SKG_MT_1290,2013,0.9394739866256714
SKG_MT_869,2013,0.9333524703979492
SKG_MT_225,2013,0.9495899081230164
SKG_MT_1310,2013,0.9375360608100891
SKG_MT_1069,2013,0.9206191301345825
SKG_MT_845,2013,0.9277521967887878
SKG_SUM_34,2013,0.9232589602470398
SKG_MT_1082,2013,0.9310288429260254
SKG_PAR_52,2013,0.8886574506759644
SKG_MT_515,2013,0.9217127561569214
SKG_QA_84,2013,0.9211609959602356
SKG_MT_885,2013,0.950334370136261
SKG_MT_1386,2013,0.9340189099311829
SKG_MT_740,2013,0.9581550359725952
SKG_MT_741,2013,0.9436426162719727
SKG_SA_111,2013,0.9328662157058716
SKG_SA_577,2013,0.92265784740448
SKG_SA_557,2013,0.9221968650817871
SKG_MT_1211,2013,0.9303218126296997
SKG_SA_469,2013,0.9288667440414429
SKG_SA_191,2013,0.9339007139205933
SKG_PAR_56,2013,0.9386041760444641
SKG_MT_891,2013,0.9408011436462402
SKG_PAR_53,2013,0.9233492016792297
SKG_MT_156,2013,0.9287856221199036
SKG_MT_147,2013,0.9372722506523132
SKG_MT_500,2013,0.9409159421920776
SKG_SA_590,2013,0.9236438870429993
SKG_MT_1225,2013,0.9222047924995422
SKG_QA_20,2013,0.9466838836669922
SKG_MT_150,2013,0.9420906901359558
SKG_MT_200,2013,0.9428278207778931
SKG_MT_178,2013,0.938336193561554
SKG_MT_481,2013,0.9414944648742676
SKG_QA_12,2013,0.9362931251525879
SKG_MT_180,2013,0.9353537559509277
SKG_SA_435,2013,0.9240905046463013
SKG_SA_414,2013,0.9121801257133484
SKG_PAR_106,2013,0.9303733110427856
SKG_MT_1036,2013,0.9350091218948364
SKG_MT_100,2013,0.9456759691238403
SKG_MT_719,2013,0.942929744720459
SKG_SA_32,2013,0.9241930246353149
SKG_PAR_20,2013,0.9267780184745789
SKG_SA_48,2013,0.9226633906364441
SKG_SA_40,2013,0.9229097366333008
SKG_SA_609,2013,0.9303720593452454
SKG_SA_597,2013,0.8616654276847839
SKG_MT_80,2013,0.9375951886177063
SKG_MT_1429,2013,0.9204025268554688
SKG_MT_21,2013,0.9398703575134277
SKG_QA_334,2013,0.9224438667297363
SKG_SA_4,2013,0.8616654276847839
SKG_MT_572,2013,0.9355510473251343
SKG_QA_424,2013,0.9254595041275024
SKG_MT_1101,2013,0.9374839663505554
SKG_MT_22,2013,0.9362931251525879
SKG_SUM_155,2013,0.9122474789619446
SKG_SUM_154,2013,0.9351396560668945
SKG_SUM_180,2013,0.9168227910995483
SKG_MT_1169,2013,0.941789984703064
SKG_SUM_76,2013,0.9217089414596558
SKG_MT_305,2013,0.9461267590522766
SKG_MT_314,2013,0.9167054295539856
SKG_MT_1048,2013,0.9316379427909851
SKG_SA_526,2013,0.9249125719070435
SKG_SA_484,2013,0.9350420832633972
SKG_MT_922,2013,0.9226472973823547
SKG_MT_955,2013,0.9377438426017761
SKG_MT_1248,2013,0.9440895318984985
SKG_MT_1242,2013,0.9389768838882446
SKG_MT_1244,2013,0.9446197748184204
SKG_MT_1461,2013,0.9305721521377563
SKG_MT_708,2013,0.9454972147941589
SKG_MT_706,2013,0.9377437829971313
SKG_MT_707,2013,0.932198703289032
SKG_MT_705,2013,0.9376009702682495
SKG_MT_641,2013,0.9166921377182007
SKG_MT_1437,2013,0.9291980862617493
SKG_QA_385,2013,0.9438023567199707
SKG_MT_14,2013,0.9417967796325684
SKG_MT_1280,2013,0.9255291223526001
SKG_MT_940,2013,0.9368577003479004
SKG_MT_973,2013,0.9341451525688171
SKG_MT_748,2013,0.9360210299491882
SKG_DIA_220,2013,0.9117587804794312
SKG_MT_752,2013,0.9489681124687195
SKG_MT_44,2013,0.9505857229232788
SKG_MT_77,2013,0.9496658444404602
SKG_MT_591,2013,0.9361940622329712
SKG_QA_193,2013,0.905593991279602
SKG_MT_91,2013,0.9159461855888367
SKG_MT_682,2013,0.9385779500007629
SKG_MT_681,2013,0.9389041662216187
SKG_MT_725,2013,0.9379891157150269
SKG_MT_79,2013,0.9423406720161438
SKG_MT_1282,2013,0.9474921226501465
SKG_MT_94,2013,0.929268479347229
SKG_SUM_40,2014,0.9275614023208618
SKG_MT_220,2014,0.9173528552055359
SKG_SA_278,2014,0.9367548823356628
SKG_MT_868,2014,0.9369674921035767
SKG_MT_1030,2014,0.939444899559021
SKG_SUM_43,2014,0.9290918111801147
SKG_MT_97,2014,0.9407860040664673
SKG_PAR_35,2014,0.7344380617141724
SKG_MT_710,2014,0.9461727142333984
SKG_SA_36,2014,0.9274042248725891
SKG_SA_556,2014,0.9335881471633911
SKG_SA_618,2014,0.9299222230911255
SKG_SA_52,2014,0.9252495765686035
SKG_MT_738,2014,0.9239727854728699
SKG_SA_118,2014,0.9273529052734375
SKG_MT_790,2014,0.9217413067817688
SKG_MT_476,2014,0.933846652507782
SKG_MT_770,2014,0.9531439542770386
SKG_MT_732,2014,0.932684063911438
SKG_MT_1367,2014,0.93072909116745
SKG_MT_913,2014,0.9355527758598328
SKG_MT_116,2014,0.9393316507339478
SKG_MT_169,2014,0.9430434107780457
SKG_MT_487,2014,0.9365399479866028
SKG_MT_1206,2014,0.9268969297409058
SKG_MT_1213,2014,0.9386996030807495
SKG_PAR_113,2014,0.9312899708747864
SKG_SA_283,2014,0.9274042248725891
SKG_SA_441,2014,0.9251314997673035
SKG_MT_1316,2014,0.891440749168396
SKG_MT_827,2014,0.9510356783866882
SKG_MT_828,2014,0.9327204823493958
SKG_SA_260,2014,0.9204610586166382
SKG_SA_224,2014,0.9324685335159302
SKG_SA_246,2014,0.9410964846611023
SKG_MT_187,2014,0.902751088142395
SKG_SUM_22,2014,0.9271745681762695
SKG_DIA_64,2014,0.9244038462638855
SKG_MT_252,2014,0.8539897799491882
SKG_MT_265,2014,0.9398188591003418
SKG_MT_266,2014,0.9554926753044128
SKG_SA_339,2014,0.9240304827690125
SKG_SA_307,2014,0.9152556657791138
SKG_PAR_185,2014,0.9371232986450195
SKG_MT_394,2014,0.944144070148468
SKG_PAR_212,2014,0.9168245196342468
SKG_MT_1127,2014,0.9196586608886719
SKG_MT_1347,2014,0.9019412994384766
SKG_MT_840,2014,0.9390094876289368
SKG_MT_1096,2014,0.9329248666763306
SKG_MT_319,2014,0.9536226987838745
SKG_MT_836,2014,0.9435330629348755
SKG_MT_331,2014,0.9469666481018066
SKG_DIA_298,2014,0.9080460667610168
SKG_MT_224,2014,0.9456491470336914
SKG_MT_1403,2014,0.9398483037948608
SKG_QA_404,2014,0.9371232986450195
SKG_MT_676,2014,0.9405230283737183
SKG_MT_1009,2014,0.9456993937492371
SKG_MT_1441,2014,0.9110277891159058
SKG_MT_680,2014,0.9334610104560852
SKG_MT_590,2014,0.9370393753051758
SKG_SA_449,2014,0.937894344329834
SKG_SA_460,2014,0.910736083984375
SKG_MT_545,2014,0.9409793615341187
SKG_MT_530,2014,0.9304326772689819
SKG_MT_586,2014,0.9503926038742065
SKG_DIA_211,2014,0.9329360127449036
SKG_MT_1253,2014,0.9411293268203735
SKG_MT_560,2014,0.9397962689399719
SKG_MT_598,2014,0.937218964099884
SKG_MT_647,2014,0.937717080116272
SKG_MT_652,2014,0.9397424459457397
SKG_MT_1252,2014,0.9239600300788879
SKG_SA_517,2014,0.910736083984375
SKG_SA_530,2014,0.9416950345039368
SKG_MT_931,2014,0.9423792958259583
SKG_SA_490,2014,0.9348582029342651
SKG_SA_540,2014,0.9249135851860046
SKG_MT_1474,2014,0.9439815282821655
SKG_SUM_145,2014,0.9243994951248169
SKG_MT_1158,2014,0.9284906387329102
SKG_MT_1060,2014,0.9512872695922852
SKG_MT_317,2014,0.9295294880867004
SKG_MT_1053,2014,0.937857449054718
SKG_MT_359,2014,0.9293974041938782
SKG_MT_1046,2014,0.9386757612228394
SKG_SUM_68,2014,0.9337983131408691
SKG_MT_1120,2014,0.9373849630355835
SKG_MT_1118,2015,0.7844511270523071
SKG_SUM_92,2015,0.9295283555984497
SKG_SUM_64,2015,0.8876202702522278
SKG_SUM_178,2015,0.9268243908882141
SKG_SUM_129,2015,0.924748420715332
SKG_MT_642,2015,0.9462167024612427
SKG_SUM_177,2015,0.9451953768730164
SKG_MT_651,2015,0.9416719675064087
SKG_QA_328,2015,0.9224637150764465
SKG_SA_531,2015,0.9357995986938477
SKG_QA_352,2015,0.9405442476272583
SKG_SA_535,2015,0.9335702061653137
SKG_QA_298,2015,0.9214286804199219
SKG_MT_18,2015,0.9289509057998657
SKG_SA_509,2015,0.9258068203926086
SKG_MT_959,2015,0.9165172576904297
SKG_MT_1004,2015,0.9431639909744263
SKG_SA_542,2015,0.9108344316482544
SKG_SA_545,2015,0.9323848485946655
SKG_MT_615,2015,0.9213330149650574
SKG_MT_1456,2015,0.9251357913017273
SKG_MT_24,2015,0.943223774433136
SKG_QA_256,2015,0.9221210479736328
SKG_MT_48,2015,0.9403510093688965
SKG_QA_438,2015,0.922710120677948
SKG_QA_423,2015,0.9340287446975708
SKG_QA_356,2015,0.9264686703681946
SKG_QA_269,2015,0.9284855127334595
SKG_MT_1254,2015,0.9516361951828003
SKG_MT_971,2015,0.9511510133743286
SKG_QA_446,2015,0.9332946538925171
SKG_MT_668,2015,0.9383308291435242
SKG_PAR_84,2015,0.926963210105896
SKG_SA_596,2015,0.9205344915390015
SKG_SA_608,2015,0.9219738245010376
SKG_MT_555,2015,0.9175397157669067
SKG_SA_78,2015,0.9374345541000366
SKG_SA_114,2015,0.9314966201782227
SKG_SA_107,2015,0.9455803036689758
SKG_SA_564,2015,0.9430669546127319
SKG_MT_1380,2015,0.9372695684432983
SKG_MT_471,2015,0.9376755952835083
SKG_MT_109,2015,0.9416676759719849
SKG_MT_900,2015,0.9238847494125366
SKG_PAR_79,2015,0.9249542355537415
SKG_MT_108,2015,0.9238309860229492
SKG_PAR_67,2015,0.9286469221115112
SKG_PAR_61,2015,0.9200196266174316
SKG_MT_699,2015,0.9250738024711609
SKG_SA_458,2015,0.933605968952179
SKG_SA_65,2015,0.9055344462394714
SKG_MT_976,2015,0.9170228838920593
SKG_QA_168,2015,0.9286983609199524
SKG_QA_155,2015,0.9490798115730286
SKG_SA_9,2015,0.9291566610336304
SKG_SA_437,2015,0.9278286695480347
SKG_MT_1035,2015,0.9700798988342285
SKG_SA_293,2015,0.9313662648200989
SKG_PAR_100,2015,0.9290922284126282
SKG_QA_107,2015,0.9272851943969727
SKG_SA_592,2015,0.9390878677368164
SKG_QA_28,2015,0.9147764444351196
SKG_QA_15,2015,0.9253597259521484
SKG_SA_143,2015,0.9366869926452637
SKG_MT_1045,2015,0.9346540570259094
SKG_SUM_17,2015,0.9241345524787903
SKG_MT_429,2015,0.933484673500061
SKG_SA_393,2015,0.9426290392875671
SKG_SA_313,2015,0.9397709965705872
SKG_MT_1085,2015,0.9302794337272644
SKG_DIA_40,2015,0.9336131811141968
SKG_SA_410,2015,0.9320023655891418
SKG_SA_401,2015,0.9217155575752258
SKG_MT_320,2015,0.9226373434066772
SKG_MT_401,2015,0.9364083409309387
SKG_MT_384,2015,0.9294143915176392
SKG_PAR_124,2015,0.9240806698799133
SKG_SA_334,2015,0.9280017614364624
SKG_MT_854,2015,0.9340699315071106
SKG_MT_262,2015,0.9448484182357788
SKG_MT_1346,2015,0.7576358914375305
SKG_MT_839,2015,0.9297745823860168
SKG_MT_1333,2015,0.9205471277236938
SKG_MT_1108,2015,0.9416831731796265
SKG_SUM_136,2015,0.9253082275390625
SKG_SUM_172,2015,0.9271828532218933
SKG_SUM_186,2015,0.9152650833129883
SKG_SUM_107,2015,0.9424497485160828
SKG_SA_382,2015,0.917953610420227
SKG_SA_321,2015,0.9299396276473999
SKG_MT_378,2015,0.9381275177001953
SKG_SA_323,2015,0.9490636587142944
SKG_PAR_116,2015,0.9344848394393921
SKG_MT_296,2015,0.9319493174552917
SKG_MT_304,2015,0.9258716702461243
SKG_SA_366,2015,0.9299308061599731
SKG_MT_1293,2015,0.7900733351707458
SKG_MT_171,2015,0.9251662492752075
SKG_MT_165,2015,0.9389209747314453
SKG_MT_428,2015,0.9440857172012329
SKG_MT_437,2015,0.940869152545929
SKG_MT_809,2015,0.9438775777816772
SKG_SA_266,2015,0.9465797543525696
SKG_MT_441,2015,0.9287339448928833
SKG_MT_815,2015,0.947182834148407
SKG_MT_810,2015,0.9433525800704956
SKG_DIA_300,2015,0.935154139995575
SKG_MT_1295,2015,0.9027054905891418
SKG_MT_1032,2015,0.9324204325675964
SKG_MT_221,2015,0.9542441368103027
SKG_MT_217,2015,0.9417915344238281
SKG_MT_405,2015,0.9349185824394226
SKG_SA_415,2015,0.9384573101997375
SKG_SA_240,2015,0.9270334243774414
SKG_SA_432,2015,0.9223924875259399
SKG_DIA_275,2015,0.9331413507461548
SKG_QA_407,2016,0.9379757642745972
SKG_QA_405,2016,0.9249534606933594
SKG_DIA_153,2016,0.9388028383255005
SKG_MT_1,2016,0.9418050050735474
SKG_SA_504,2016,0.9391423463821411
SKG_SA_497,2016,0.9496183395385742
SKG_SA_493,2016,0.9374707937240601
SKG_DIA_204,2016,0.9333661794662476
SKG_MT_360,2016,0.9435526132583618
SKG_MT_1166,2016,0.923287034034729
SKG_MT_1160,2016,0.9459717869758606
SKG_SUM_85,2016,0.942388653755188
SKG_SA_463,2016,0.9426835179328918
SKG_MT_905,2016,0.9346609115600586
SKG_MT_901,2016,0.9159606695175171
SKG_MT_897,2016,0.9673352241516113
SKG_QA_131,2016,0.9391707181930542
SKG_MT_895,2016,0.9384377598762512
SKG_QA_118,2016,0.9432796239852905
SKG_MT_459,2016,0.9470346570014954
SKG_MT_1314,2016,0.9487603902816772
SKG_QA_70,2016,0.9444572329521179
SKG_QA_63,2016,0.9347724914550781
SKG_MT_731,2016,0.9641974568367004
SKG_SA_566,2016,0.9463263750076294
SKG_SA_583,2016,0.948583722114563
SKG_SA_160,2016,0.942427933216095
SKG_MT_1311,2016,0.9714692831039429
SKG_DIA_109,2016,0.9320858120918274
SKG_SA_617,2016,0.9342864751815796
SKG_MT_698,2016,0.9592517614364624
SKG_MT_1264,2016,0.9474691152572632
SKG_MT_994,2016,0.9276052713394165
SKG_MT_513,2016,0.9526306986808777
SKG_MT_107,2016,0.9422819018363953
SKG_MT_103,2016,0.9647471308708191
SKG_QA_182,2016,0.9313288927078247
SKG_PAR_36,2016,0.9317291378974915
SKG_SA_26,2016,0.9330215454101562
SKG_SA_17,2016,0.9396945238113403
SKG_SUM_217,2016,0.9215534329414368
SKG_SA_85,2016,0.937578558921814
SKG_SA_89,2016,0.9358254671096802
SKG_SA_41,2016,0.9440622329711914
SKG_QA_197,2016,0.9365860223770142
SKG_QA_470,2016,0.8411714434623718
SKG_PAR_9,2016,0.9198229908943176
SKG_SA_8,2016,0.9280512928962708
SKG_SA_462,2016,0.9470115900039673
SKG_QA_340,2016,0.9243329763412476
SKG_QA_345,2016,0.9443270564079285
SKG_QA_312,2016,0.9211176633834839
SKG_MT_658,2016,0.9435907602310181
SKG_QA_335,2016,0.9371559023857117
SKG_QA_337,2016,0.9440708160400391
SKG_MT_312,2016,0.966326892375946
SKG_MT_362,2016,0.9306853413581848
SKG_MT_365,2016,0.9735990762710571
SKG_SUM_128,2016,0.9299560785293579
SKG_PAR_7,2016,0.9237077832221985
SKG_QA_419,2016,0.9474691152572632
SKG_QA_366,2016,0.9391707181930542
SKG_QA_376,2016,0.9404780268669128
SKG_QA_375,2016,0.9358569979667664
SKG_QA_261,2016,0.9363532066345215
SKG_MT_960,2016,0.9386692047119141
SKG_MT_1233,2016,0.928909957408905
SKG_MT_2,2016,0.94842129945755
SKG_DIA_158,2016,0.9287921190261841
SKG_MT_673,2016,0.9243429899215698
SKG_QA_253,2016,0.9382286071777344
SKG_MT_574,2016,0.9370369911193848
SKG_QA_421,2016,0.9295749664306641
SKG_SA_238,2016,0.9349491000175476
SKG_SA_431,2016,0.9379597902297974
SKG_SA_427,2016,0.9502446055412292
SKG_MT_1304,2016,0.9393514394760132
SKG_MT_1298,2016,0.9435103535652161
SKG_SA_275,2016,0.9333416223526001
SKG_MT_1288,2016,0.9366804361343384
SKG_MT_215,2016,0.9421426057815552
SKG_MT_402,2016,0.9427259564399719
SKG_MT_230,2016,0.9456451535224915
SKG_MT_1029,2016,0.9280940890312195
SKG_MT_381,2016,0.9746659994125366
SKG_SA_252,2016,0.9293820261955261
SKG_MT_1190,2016,0.9454105496406555
SKG_SA_634,2016,0.9196149110794067
SKG_MT_431,2016,0.8768914937973022
SKG_PAR_135,2016,0.9409255981445312
SKG_SA_269,2016,0.9318457841873169
SKG_MT_999,2016,0.9443270564079285
SKG_MT_201,2016,0.9408456087112427
SKG_MT_1230,2016,0.9660218358039856
SKG_DIA_86,2016,0.9376104474067688
SKG_SA_594,2016,0.92677241563797
SKG_DIA_245,2016,0.9127756357192993
SKG_PAR_110,2016,0.9425700902938843
SKG_MT_1219,2016,0.9376305341720581
SKG_MT_1229,2016,0.9393690228462219
SKG_SA_193,2016,0.9405913352966309
SKG_SA_190,2016,0.9301494359970093
SKG_DIA_260,2016,0.9108562469482422
SKG_DIA_267,2016,0.9440401196479797
SKG_SA_426,2016,0.9457508325576782
SKG_SA_309,2016,0.9352682828903198
SKG_MT_241,2016,0.9484211802482605
SKG_PAR_223,2016,0.9386937022209167
SKG_PAR_172,2016,0.9262222051620483
SKG_PAR_162,2016,0.9234769940376282
SKG_PAR_147,2016,0.9180652499198914
SKG_MT_327,2016,0.9321762919425964
SKG_MT_370,2016,0.9431808590888977
SKG_PAR_182,2016,0.9358322024345398
SKG_DIA_310,2016,0.9312888979911804
SKG_SA_354,2016,0.9366445541381836
SKG_SA_369,2016,0.9207264184951782
SKG_MT_247,2016,0.9370360374450684
SKG_MT_237,2016,0.9415037035942078
SKG_SUM_78,2016,0.9335027933120728
SKG_SA_385,2016,0.9333661794662476
SKG_PAR_175,2016,0.94792640209198
SKG_SUM_108,2016,0.9737148284912109
SKG_PAR_173,2016,0.9348227381706238
SKG_DIA_15,2016,0.9144779443740845
SKG_SUM_190,2016,0.9464012980461121
SKG_MT_1105,2016,0.9472309947013855
SKG_MT_1138,2016,0.9262222051620483
SKG_SUM_197,2016,0.9190260171890259
SKG_SUM_191,2017,0.9116399884223938
SKG_SUM_109,2017,0.9393426775932312
SKG_SUM_113,2017,0.9439679980278015
SKG_PAR_177,2017,0.9448233842849731
SKG_PAR_176,2017,0.9342023730278015
SKG_PAR_156,2017,0.8238086700439453
SKG_MT_321,2017,0.9229329824447632
SKG_PAR_210,2017,0.9454017877578735
SKG_PAR_125,2017,0.9452371597290039
SKG_PAR_122,2017,0.9506409764289856
SKG_PAR_118,2017,0.9416431188583374
SKG_MT_1189,2017,0.9374063611030579
SKG_MT_1037,2017,0.9526723027229309
SKG_MT_1034,2017,0.9377672076225281
SKG_DIA_46,2017,0.9173623323440552
SKG_DIA_31,2017,0.9195449948310852
SKG_MT_1063,2017,0.9508635401725769
SKG_MT_1056,2017,0.8777164220809937
SKG_MT_1222,2017,0.941512405872345
SKG_SA_630,2017,0.9361844062805176
SKG_SA_622,2017,0.9343218803405762
SKG_DIA_68,2017,0.9276922345161438
SKG_DIA_57,2017,0.9667665362358093
SKG_PAR_115,2017,0.9390344619750977
SKG_PAR_203,2017,0.9113160371780396
SKG_PAR_197,2017,0.9393933415412903
SKG_PAR_194,2017,0.9119652509689331
SKG_PAR_186,2017,0.9493204355239868
SKG_PAR_183,2017,0.9374122619628906
SKG_PAR_180,2017,0.949680507183075
SKG_MT_400,2017,0.9444352984428406
SKG_MT_397,2017,0.9384897947311401
SKG_MT_382,2017,0.9324661493301392
SKG_PAR_143,2017,0.9360081553459167
SKG_MT_1013,2017,0.9416313171386719
SKG_MT_995,2017,0.9480441808700562
SKG_MT_982,2017,0.9376983642578125
SKG_SA_578,2017,0.9319470524787903
SKG_DIA_108,2017,0.9297175407409668
SKG_SA_593,2017,0.9360672235488892
SKG_DIA_87,2017,0.9129417538642883
SKG_DIA_78,2017,0.9439061880111694
SKG_PAR_126,2017,0.9476763606071472
SKG_PAR_224,2017,0.9433780908584595
SKG_MT_246,2017,0.9379860758781433
SKG_QA_4,2017,0.9360394477844238
SKG_MT_216,2017,0.9505949020385742
SKG_MT_211,2017,0.9488770365715027
SKG_PAR_95,2017,0.9430574178695679
SKG_PAR_92,2017,0.9346974492073059
SKG_PAR_90,2017,0.9285224676132202
SKG_MT_427,2017,0.9412364959716797
SKG_MT_408,2017,0.9480029940605164
SKG_QA_26,2017,0.9392264485359192
SKG_QA_24,2017,0.923051655292511
SKG_MT_203,2017,0.9540888071060181
SKG_QA_58,2017,0.9335352778434753
SKG_MT_448,2017,0.9407390356063843
SKG_PAR_112,2017,0.9544692039489746
SKG_PAR_105,2017,0.9301490783691406
SKG_DIA_167,2017,0.9285399317741394
SKG_DIA_162,2017,0.925556480884552
SKG_SA_537,2017,0.9430138468742371
SKG_DIA_146,2017,0.9111364483833313
SKG_MT_924,2017,0.9377115964889526
SKG_SA_495,2017,0.9430299997329712
SKG_SA_475,2017,0.9434410929679871
SKG_MT_1239,2017,0.9447847604751587
SKG_SA_520,2017,0.9418527483940125
SKG_SA_511,2017,0.9442170858383179
SKG_SA_510,2017,0.9361844062805176
SKG_SA_506,2017,0.9412220120429993
SKG_QA_47,2017,0.9685547947883606
SKG_QA_46,2017,0.9475210905075073
SKG_QA_42,2017,0.9370981454849243
SKG_MT_168,2017,0.9440075755119324
SKG_MT_475,2017,0.9391023516654968
SKG_MT_465,2017,0.9363953471183777
SKG_MT_460,2017,0.9244451522827148
SKG_SA_465,2017,0.9325634241104126
SKG_MT_911,2017,0.971442699432373
SKG_MT_910,2017,0.9149833917617798
SKG_SA_447,2017,0.9330105781555176
SKG_DIA_228,2017,0.9410291910171509
SKG_DIA_216,2017,0.920700192451477
SKG_MT_939,2017,0.9304971694946289
SKG_MT_934,2017,0.9439345598220825
SKG_MT_151,2017,0.9415847063064575
SKG_MT_497,2017,0.943120002746582
SKG_PAR_78,2017,0.9455468058586121
SKG_PAR_75,2017,0.9203508496284485
SKG_PAR_74,2017,0.9351674914360046
SKG_PAR_72,2017,0.9386423230171204
SKG_MT_494,2017,0.9388410449028015
SKG_MT_1287,2017,0.9421640634536743
SKG_MT_873,2017,0.9446308016777039
SKG_MT_872,2017,0.9521782994270325
SKG_MT_870,2017,0.9516170620918274
SKG_SA_421,2017,0.935758113861084
SKG_SA_419,2017,0.9372727274894714
SKG_DIA_256,2017,0.9212762713432312
SKG_DIA_251,2017,0.9385638236999512
SKG_DIA_235,2017,0.9313443303108215
SKG_SA_466,2017,0.9189006686210632
SKG_MT_136,2017,0.9533851742744446
SKG_QA_145,2017,0.9276148080825806
SKG_QA_119,2017,0.9452196359634399
SKG_MT_123,2017,0.9444717168807983
SKG_PAR_57,2017,0.9389812350273132
SKG_PAR_46,2017,0.9487513303756714
SKG_PAR_44,2017,0.9463902711868286
SKG_MT_517,2017,0.9733575582504272
SKG_SA_370,2017,0.9195470809936523
SKG_SA_364,2017,0.9163556098937988
SKG_SA_353,2017,0.9341239929199219
SKG_DIA_307,2017,0.9313885569572449
SKG_DIA_306,2017,0.9667933583259583
SKG_DIA_303,2017,0.9210262298583984
SKG_DIA_302,2017,0.926428496837616
SKG_SA_406,2017,0.9448415637016296
SKG_SA_404,2017,0.9386503100395203
SKG_SA_391,2017,0.9149833917617798
SKG_SA_390,2017,0.935910701751709
SKG_QA_175,2017,0.9343802332878113
SKG_QA_172,2017,0.9656189680099487
SKG_QA_157,2017,0.9109500050544739
SKG_MT_104,2017,0.9416735768318176
SKG_MT_549,2017,0.9446151852607727
SKG_MT_546,2017,0.9430120587348938
SKG_SA_319,2017,0.9414051175117493
SKG_SA_316,2017,0.9432467222213745
SKG_SA_305,2017,0.9163246154785156
SKG_SA_331,2017,0.9412897229194641
SKG_MT_861,2017,0.9426389932632446
SKG_MT_842,2017,0.9389448165893555
SKG_MT_533,2017,0.9507148861885071
SKG_PAR_65,2017,0.9438022375106812
SKG_PAR_63,2017,0.9212213754653931
SKG_MT_88,2017,0.9294589161872864
SKG_PAR_29,2017,0.9213078618049622
SKG_PAR_28,2017,0.9285224676132202
SKG_PAR_18,2017,0.9384905695915222
SKG_SA_163,2017,0.9285518527030945
SKG_SA_228,2017,0.9514896273612976
SKG_SA_227,2017,0.9256119728088379
SKG_SA_261,2017,0.9499875903129578
SKG_SA_258,2017,0.9250208139419556
SKG_SA_253,2017,0.9347859621047974
SKG_SA_249,2017,0.9347414970397949
SKG_SA_247,2017,0.9432581067085266
SKG_SA_289,2017,0.9407705068588257
SKG_QA_223,2017,0.9423843622207642
SKG_MT_66,2017,0.9217388033866882
SKG_MT_62,2017,0.9359449148178101
SKG_SA_140,2017,0.9422105550765991
SKG_SA_185,2017,0.9396871328353882
SKG_SA_184,2017,0.9371353983879089
SKG_MT_819,2017,0.9483664631843567
SKG_SA_152,2017,0.9381952285766602
SKG_SA_149,2017,0.9296725988388062
SKG_MT_1370,2017,0.9356157183647156
SKG_MT_1366,2017,0.8501049280166626
SKG_MT_1359,2017,0.9385441541671753
SKG_MT_781,2017,0.9417272806167603
SKG_MT_53,2017,0.936115562915802
SKG_QA_242,2017,0.9475857019424438
SKG_QA_235,2017,0.9296638369560242
SKG_MT_38,2017,0.9466255903244019
SKG_MT_31,2017,0.9533851742744446
SKG_MT_25,2017,0.9416020512580872
SKG_MT_1467,2017,0.9463850259780884
SKG_MT_1466,2017,0.9334514737129211
SKG_MT_610,2017,0.9433067440986633
SKG_MT_605,2017,0.9381453394889832
SKG_SA_100,2017,0.9512727856636047
SKG_SA_131,2017,0.9622331857681274
SKG_MT_767,2017,0.9413625001907349
SKG_MT_1387,2017,0.9449595212936401
SKG_MT_758,2017,0.9441814422607422
SKG_SA_116,2017,0.9356523752212524
SKG_SA_108,2017,0.9410697817802429
SKG_QA_277,2017,0.9312323331832886
SKG_QA_272,2017,0.9389751553535461
SKG_QA_288,2017,0.9076765179634094
SKG_QA_341,2017,0.9438081979751587
SKG_MT_650,2017,0.9341138005256653
SKG_MT_645,2017,0.939247727394104
SKG_MT_636,2017,0.947309136390686
SKG_NLI_2,2017,0.9135330319404602
SKG_SA_21,2017,0.9449370503425598
SKG_MT_747,2017,0.9381453394889832
SKG_MT_737,2017,0.9544692039489746
SKG_MT_729,2017,0.9353121519088745
SKG_QA_471,2017,0.9344179034233093
SKG_QA_462,2017,0.9487894177436829
SKG_QA_455,2017,0.926814079284668
SKG_QA_445,2017,0.9540647268295288
SKG_QA_472,2017,0.9301617741584778
SKG_MT_1416,2017,0.949040412902832
SKG_QA_369,2017,0.9384042024612427
SKG_MT_1432,2017,0.9424611926078796
SKG_MT_665,2017,0.9428932070732117
SKG_QA_399,2017,0.9435812830924988
SKG_QA_442,2017,0.9250622987747192
SKG_QA_431,2017,0.91131591796875
SKG_MT_695,2017,0.941543459892273
SKG_MT_1451,2017,0.9463790655136108
SKG_MT_1444,2017,0.9506193995475769
SKG_MT_1103,2017,0.965561032295227
SKG_MT_1153,2017,0.9337312579154968
SKG_MT_363,2017,0.9413607716560364
SKG_MT_351,2017,0.9420830011367798
SKG_MT_338,2017,0.9385684132575989
SKG_MT_333,2017,0.9652758836746216
SKG_SUM_103,2017,0.9184681177139282
SKG_SUM_86,2017,0.919173538684845
SKG_MT_1156,2017,0.9395753145217896
SKG_MT_1099,2017,0.9391557574272156
SKG_DIA_25,2017,0.937057375907898
SKG_DIA_24,2017,0.885107159614563
SKG_DIA_21,2017,0.9287519454956055
SKG_SUM_120,2018,0.9439247846603394
SKG_MT_1087,2018,0.9513128399848938
SKG_MT_1102,2018,0.9392738342285156
SKG_SUM_93,2018,0.9746538400650024
SKG_SUM_100,2018,0.9759857058525085
SKG_SUM_102,2018,0.9280633926391602
SKG_SUM_61,2018,0.9261455535888672
SKG_SUM_62,2018,0.93035489320755
SKG_SUM_69,2018,0.9398662447929382
SKG_MT_339,2018,0.9334213137626648
SKG_MT_364,2018,0.9313477277755737
SKG_SUM_179,2018,0.9382292628288269
SKG_SUM_141,2018,0.9361130595207214
SKG_SUM_152,2018,0.9425193071365356
SKG_SUM_158,2018,0.9211813807487488
SKG_DIA_9,2018,0.9399279356002808
SKG_SUM_122,2018,0.9377446174621582
SKG_MT_1106,2018,0.9498296976089478
SKG_SUM_117,2018,0.9392855763435364
SKG_QA_415,2018,0.9757397770881653
SKG_MT_684,2018,0.9191579818725586
SKG_MT_691,2018,0.9372929334640503
SKG_MT_701,2018,0.9768739938735962
SKG_QA_426,2018,0.950821042060852
SKG_QA_432,2018,0.9340141415596008
SKG_QA_394,2018,0.9380871653556824
SKG_MT_662,2018,0.9274287223815918
SKG_MT_669,2018,0.9450277090072632
SKG_MT_672,2018,0.9527654647827148
SKG_MT_1433,2018,0.93970787525177
SKG_MT_1434,2018,0.9413671493530273
SKG_MT_1443,2018,0.935572624206543
SKG_QA_380,2018,0.9395219683647156
SKG_QA_381,2018,0.9414628148078918
SKG_QA_382,2018,0.9362872242927551
SKG_QA_384,2018,0.9728867411613464
SKG_QA_389,2018,0.9406694173812866
SKG_QA_353,2018,0.9343221783638
SKG_QA_354,2018,0.9436869621276855
SKG_QA_364,2018,0.9386377334594727
SKG_QA_367,2018,0.9745289087295532
SKG_MT_1475,2018,0.9408089518547058
SKG_MT_717,2018,0.9755749702453613
SKG_MT_1402,2018,0.9420801997184753
SKG_MT_1417,2018,0.9492605924606323
SKG_MT_1424,2018,0.950971245765686
SKG_SUM_219,2018,0.9396589398384094
SKG_SA_1,2018,0.9338752031326294
SKG_QA_476,2018,0.9403350949287415
SKG_QA_483,2018,0.976338267326355
SKG_QA_490,2018,0.9418739080429077
SKG_QA_450,2018,0.9412435293197632
SKG_MT_733,2018,0.9485229253768921
SKG_MT_734,2018,0.9437001943588257
SKG_MT_735,2018,0.9374321699142456
SKG_MT_745,2018,0.9406938552856445
SKG_MT_754,2018,0.9459270238876343
SKG_SA_64,2018,0.9768222570419312
SKG_SA_10,2018,0.9499963521957397
SKG_SA_18,2018,0.9445512890815735
SKG_SA_28,2018,0.9303703308105469
SKG_SA_31,2018,0.9347125887870789
SKG_SUM_218,2018,0.934685230255127
SKG_MT_709,2018,0.9415688514709473
SKG_MT_659,2018,0.9307794570922852
SKG_QA_343,2018,0.9386836886405945
SKG_QA_348,2018,0.9476916193962097
SKG_QA_321,2018,0.9373278617858887
SKG_QA_322,2018,0.9767059087753296
SKG_QA_294,2018,0.9688137173652649
SKG_QA_271,2018,0.9355170130729675
SKG_MT_604,2018,0.9467791318893433
SKG_SA_117,2018,0.9389058351516724
SKG_MT_757,2018,0.9526454210281372
SKG_MT_759,2018,0.9389532208442688
SKG_MT_764,2018,0.8828304409980774
SKG_MT_1372,2018,0.9230079650878906
SKG_SA_76,2018,0.9442407488822937
SKG_SA_90,2018,0.9447405934333801
SKG_SA_46,2018,0.9420554041862488
SKG_SA_51,2018,0.9335302114486694
SKG_MT_1452,2018,0.9203523397445679
SKG_MT_29,2018,0.9373214840888977
SKG_QA_243,2018,0.9345355033874512
SKG_QA_248,2018,0.949586033821106
SKG_QA_254,2018,0.9734634160995483
SKG_MT_575,2018,0.9376198053359985
SKG_MT_777,2018,0.9347234964370728
SKG_MT_1355,2018,0.9372175335884094
SKG_MT_1369,2018,0.9713805913925171
SKG_MT_791,2018,0.9511405825614929
SKG_MT_799,2018,0.9510729908943176
SKG_SA_153,2018,0.9371278882026672
SKG_SA_155,2018,0.9286897778511047
SKG_SA_162,2018,0.9460464715957642
SKG_SA_105,2018,0.9257863163948059
SKG_SA_106,2018,0.933968186378479
SKG_MT_807,2018,0.927780270576477
SKG_MT_416,2018,0.9232116937637329
SKG_MT_1140,2018,0.9745271801948547
SKG_MT_818,2018,0.9462028741836548
SKG_MT_821,2018,0.9171962738037109
SKG_SA_172,2018,0.947670578956604
SKG_SA_176,2018,0.927363395690918
SKG_SA_179,2018,0.9365552067756653
SKG_SA_188,2018,0.9392093420028687
SKG_SA_194,2018,0.9127724766731262
SKG_SA_199,2018,0.9432936906814575
SKG_SA_144,2018,0.93910151720047
SKG_MT_587,2018,0.9389874339103699
SKG_MT_589,2018,0.9467877149581909
SKG_NLI_4,2018,0.9447843432426453
SKG_NLI_10,2018,0.9524042010307312
SKG_NLI_12,2018,0.9242371320724487
SKG_PAR_0,2018,0.9780702590942383
SKG_PAR_4,2018,0.955132007598877
SKG_MT_64,2018,0.9503315091133118
SKG_QA_212,2018,0.9364317059516907
SKG_QA_220,2018,0.9370929598808289
SKG_QA_224,2018,0.9451125264167786
SKG_QA_229,2018,0.9418739080429077
SKG_QA_230,2018,0.9744961857795715
SKG_SA_274,2018,0.9429465532302856
SKG_SA_282,2018,0.9450911283493042
SKG_SA_248,2018,0.9267614483833313
SKG_SA_256,2018,0.9447697401046753
SKG_SA_203,2018,0.8514002561569214
SKG_SA_222,2018,0.9423784017562866
SKG_SA_169,2018,0.9485067129135132
SKG_MT_558,2018,0.976893424987793
SKG_MT_559,2018,0.9183859825134277
SKG_MT_566,2018,0.9471648931503296
SKG_MT_82,2018,0.9370023608207703
SKG_MT_83,2018,0.9456151127815247
SKG_MT_86,2018,0.9332679510116577
SKG_QA_202,2018,0.952122688293457
SKG_PAR_68,2018,0.978014349937439
SKG_MT_532,2018,0.9779306650161743
SKG_DIA_1,2018,0.9330412149429321
SKG_SA_324,2018,0.9223774075508118
SKG_MT_855,2018,0.9319164156913757
SKG_MT_862,2018,0.931897759437561
SKG_SA_326,2018,0.9488040804862976
SKG_SA_327,2018,0.9461303949356079
SKG_SA_314,2018,0.9382373094558716
SKG_MT_822,2018,0.9508415460586548
SKG_MT_825,2018,0.9402230381965637
SKG_MT_831,2018,0.9346302151679993
SKG_MT_540,2018,0.929294764995575
SKG_MT_96,2018,0.9408893585205078
SKG_QA_166,2018,0.9279729127883911
SKG_QA_169,2018,0.9369128346443176
SKG_QA_176,2018,0.9300155639648438
SKG_QA_177,2018,0.935450553894043
SKG_MT_502,2018,0.937430739402771
SKG_MT_505,2018,0.9215408563613892
SKG_MT_507,2018,0.9410562515258789
SKG_MT_516,2018,0.9184714555740356
SKG_DIA_287,2018,0.860831618309021
SKG_SA_411,2018,0.9756183624267578
SKG_DIA_316,2018,0.9224587678909302
SKG_SA_367,2018,0.9339421391487122
SKG_SA_381,2018,0.9326173663139343
SKG_PAR_38,2018,0.9376839399337769
SKG_PAR_39,2018,0.9696551561355591
SKG_PAR_42,2018,0.9316695928573608
SKG_QA_124,2018,0.9446565508842468
SKG_QA_127,2018,0.9287282824516296
SKG_QA_133,2018,0.9389174580574036
SKG_QA_136,2018,0.9218215942382812
SKG_MT_138,2018,0.940743088722229
SKG_DIA_238,2018,0.9765106439590454
SKG_DIA_243,2018,0.9381769895553589
SKG_DIA_259,2018,0.9273438453674316
SKG_DIA_280,2018,0.9326460957527161
SKG_DIA_285,2018,0.9321473836898804
SKG_MT_1291,2018,0.9372216463088989
SKG_PAR_76,2018,0.9289537668228149
SKG_PAR_86,2018,0.9424020648002625
SKG_PAR_88,2018,0.9713549613952637
SKG_MT_143,2018,0.9286715388298035
SKG_MT_155,2018,0.945470929145813
SKG_QA_60,2018,0.9318658709526062
SKG_QA_71,2018,0.9459915161132812
SKG_QA_72,2018,0.9481443166732788
SKG_QA_87,2018,0.9474641680717468
SKG_MT_1271,2018,0.9449135065078735
SKG_MT_1278,2018,0.9437873959541321
SKG_MT_941,2018,0.9307993650436401
SKG_DIA_219,2018,0.9370800852775574
SKG_DIA_222,2018,0.9424152374267578
SKG_SA_459,2018,0.9407446980476379
SKG_MT_909,2018,0.9763641357421875
SKG_MT_916,2018,0.9236427545547485
SKG_MT_452,2018,0.9240269660949707
SKG_MT_472,2018,0.9448089599609375
SKG_MT_473,2018,0.9369128942489624
SKG_MT_158,2018,0.9353906512260437
SKG_MT_183,2018,0.9499406814575195
SKG_QA_36,2018,0.9226972460746765
SKG_QA_38,2018,0.9301692247390747
SKG_QA_40,2018,0.9400470852851868
SKG_PAR_102,2018,0.9316970705986023
SKG_MT_952,2018,0.9492323994636536
SKG_DIA_179,2018,0.9308204650878906
SKG_SA_487,2018,0.9476884603500366
SKG_SA_488,2018,0.9745271801948547
SKG_SA_496,2018,0.9440801739692688
SKG_SA_503,2018,0.9338619112968445
SKG_MT_920,2018,0.9562584161758423
SKG_MT_925,2018,0.9307993650436401
SKG_DIA_127,2018,0.9354516863822937
SKG_DIA_128,2018,0.9740983843803406
SKG_DIA_137,2018,0.9289641380310059
SKG_DIA_141,2018,0.9475763440132141
SKG_SA_547,2018,0.9441124200820923
SKG_SA_549,2018,0.950821042060852
SKG_SA_551,2018,0.9487932324409485
SKG_SA_552,2018,0.9430530667304993
SKG_DIA_156,2018,0.9725098609924316
SKG_DIA_160,2018,0.9410931468009949
SKG_DIA_166,2018,0.7023890614509583
SKG_DIA_173,2018,0.9290919303894043
SKG_PAR_114,2018,0.9466387629508972
SKG_MT_432,2018,0.9784326553344727
SKG_MT_195,2018,0.9439505338668823
SKG_MT_197,2018,0.9468935132026672
SKG_MT_403,2018,0.9250303506851196
SKG_MT_412,2018,0.9420722723007202
SKG_MT_425,2018,0.9327665567398071
SKG_PAR_93,2018,0.9353410005569458
SKG_PAR_99,2018,0.9390777349472046
SKG_MT_223,2018,0.9737531542778015
SKG_MT_240,2018,0.9232977032661438
SKG_PAR_214,2018,0.9537984132766724
SKG_PAR_222,2018,0.9259433746337891
SKG_PAR_225,2018,0.945687472820282
SKG_DIA_89,2018,0.937990665435791
SKG_SA_602,2018,0.9417408108711243
SKG_DIA_120,2018,0.9413851499557495
SKG_SA_558,2018,0.8994887471199036
SKG_SA_584,2018,0.9430433511734009
SKG_SA_585,2018,0.939505398273468
SKG_MT_985,2018,0.9394686818122864
SKG_MT_991,2018,0.9360936284065247
SKG_MT_380,2018,0.9382476806640625
SKG_MT_393,2018,0.9195404052734375
SKG_PAR_191,2018,0.9332680702209473
SKG_PAR_192,2018,0.9465969204902649
SKG_MT_374,2018,0.9080268740653992
SKG_MT_1203,2018,0.9412450790405273
SKG_DIA_54,2018,0.9720865488052368
SKG_DIA_58,2018,0.9751529693603516
SKG_SA_629,2018,0.9435287714004517
SKG_SA_631,2018,0.9292652010917664
SKG_SA_632,2018,0.9275869131088257
SKG_SA_636,2018,0.9354836344718933
SKG_MT_1223,2018,0.946136474609375
SKG_MT_1020,2018,0.9454343914985657
SKG_MT_1026,2018,0.9467790722846985
SKG_DIA_77,2018,0.9272133111953735
SKG_MT_1049,2018,0.9338091015815735
SKG_MT_1054,2018,0.9381150007247925
SKG_MT_1058,2018,0.9364112615585327
SKG_DIA_32,2018,0.9318658709526062
SKG_DIA_34,2018,0.9303779602050781
SKG_SUM_46,2018,0.9393788576126099
SKG_SUM_54,2018,0.9422640800476074
SKG_MT_1038,2018,0.9381150007247925
SKG_MT_1195,2018,0.9262431859970093
SKG_PAR_117,2018,0.9388272166252136
SKG_MT_281,2018,0.9449701309204102
SKG_MT_293,2018,0.933566689491272
SKG_PAR_151,2018,0.9149433374404907
SKG_PAR_152,2018,0.9400962591171265
SKG_PAR_155,2018,0.9430345296859741
SKG_PAR_161,2018,0.945472240447998
SKG_PAR_168,2018,0.9407747387886047
SKG_SUM_114,2018,0.9340007901191711
SKG_MT_1107,2018,0.9297298192977905
SKG_MT_1109,2018,0.9452890157699585
SKG_SUM_133,2018,0.9424934387207031
SKG_SUM_132,2018,0.9326116442680359
SKG_SUM_176,2018,0.940156102180481
SKG_SUM_167,2018,0.9422097206115723
SKG_MT_1110,2018,0.9394687414169312
SKG_SUM_165,2018,0.9414148330688477
SKG_SUM_164,2018,0.9429892301559448
SKG_SUM_163,2018,0.9714166522026062
SKG_MT_1113,2018,0.9769089818000793
SKG_QA_29,2019,0.9305722117424011
SKG_QA_30,2019,0.9827483296394348
SKG_MT_213,2019,0.9491218328475952
SKG_MT_214,2019,0.9395207166671753
SKG_MT_222,2019,0.9483203887939453
SKG_MT_232,2019,0.9420326948165894
SKG_MT_235,2019,0.945814311504364
SKG_MT_242,2019,0.9039952158927917
SKG_MT_248,2019,0.9336010217666626
SKG_MT_249,2019,0.941329300403595
SKG_QA_50,2019,0.93409264087677
SKG_QA_51,2019,0.9830812215805054
SKG_QA_55,2019,0.9803091883659363
SKG_MT_189,2019,0.923995316028595
SKG_MT_75,2019,0.9461262822151184
SKG_MT_95,2019,0.9309028387069702
SKG_DIA_0,2019,0.942034125328064
SKG_DIA_4,2019,0.9387041330337524
SKG_DIA_6,2019,0.9230955243110657
SKG_DIA_8,2019,0.9480792880058289
SKG_SUM_124,2019,0.9197368621826172
SKG_SUM_125,2019,0.9282922744750977
SKG_SUM_126,2019,0.9111997485160828
SKG_SUM_127,2019,0.9138900637626648
SKG_SUM_149,2019,0.9385773539543152
SKG_SUM_153,2019,0.9323142766952515
SKG_SUM_156,2019,0.9370412826538086
SKG_SUM_159,2019,0.9275499582290649
SKG_SUM_161,2019,0.948292076587677
SKG_SUM_168,2019,0.9346845746040344
SKG_SUM_169,2019,0.9416730999946594
SKG_QA_27,2019,0.9259158968925476
SKG_DIA_36,2019,0.9078766703605652
SKG_DIA_44,2019,0.9429193735122681
SKG_DIA_50,2019,0.9370492100715637
SKG_SUM_37,2019,0.9822511672973633
SKG_SUM_47,2019,0.9374749064445496
SKG_MT_1185,2019,0.9483238458633423
SKG_MT_1192,2019,0.948434054851532
SKG_MT_1196,2019,0.9262198209762573
SKG_MT_1197,2019,0.9475498199462891
SKG_MT_1198,2019,0.9254704713821411
SKG_MT_1043,2019,0.9457147717475891
SKG_MT_1066,2019,0.9536851644515991
SKG_MT_1070,2019,0.9353073835372925
SKG_MT_1083,2019,0.9832391738891602
SKG_DIA_23,2019,0.9266420602798462
SKG_DIA_27,2019,0.9255094528198242
SKG_SUM_58,2019,0.9381588101387024
SKG_DIA_51,2019,0.9277471303939819
SKG_DIA_62,2019,0.9197705984115601
SKG_DIA_66,2019,0.9510451555252075
SKG_MT_1011,2019,0.9528957605361938
SKG_MT_1012,2019,0.9838212728500366
SKG_MT_1016,2019,0.951607882976532
SKG_MT_1216,2019,0.9493759274482727
SKG_MT_1217,2019,0.9479929208755493
SKG_MT_1022,2019,0.9419150352478027
SKG_MT_1028,2019,0.9482811093330383
SKG_MT_1031,2019,0.9684538841247559
SKG_MT_1184,2019,0.9523371458053589
SKG_SUM_73,2019,0.9436162710189819
SKG_SUM_79,2019,0.9166313409805298
SKG_DIA_30,2019,0.9137243032455444
SKG_DIA_76,2019,0.9365172386169434
SKG_DIA_84,2019,0.9400274157524109
SKG_DIA_90,2019,0.9400121569633484
SKG_DIA_96,2019,0.9318154454231262
SKG_SA_623,2019,0.9372504949569702
SKG_SA_628,2019,0.934177041053772
SKG_SUM_21,2019,0.9282922744750977
SKG_SUM_30,2019,0.9414189457893372
SKG_SUM_31,2019,0.9484333992004395
SKG_MT_1241,2019,0.9455690383911133
SKG_MT_970,2019,0.9817448854446411
SKG_MT_987,2019,0.9335769414901733
SKG_MT_992,2019,0.9353097677230835
SKG_MT_998,2019,0.9393829107284546
SKG_SUM_51,2019,0.9398590326309204
SKG_SUM_57,2019,0.9418963193893433
SKG_DIA_139,2019,0.9413226842880249
SKG_DIA_147,2019,0.9330106973648071
SKG_DIA_149,2019,0.9376274347305298
SKG_DIA_150,2019,0.9804288744926453
SKG_SA_587,2019,0.915845513343811
SKG_SA_598,2019,0.9350866079330444
SKG_SA_610,2019,0.9298498034477234
SKG_DIA_106,2019,0.9426005482673645
SKG_DIA_111,2019,0.9319809675216675
SKG_DIA_113,2019,0.9399513006210327
SKG_MT_1261,2019,0.9360628128051758
SKG_MT_1267,2019,0.9524520039558411
SKG_MT_1285,2019,0.9348573684692383
SKG_MT_951,2019,0.9307479858398438
SKG_MT_953,2019,0.9264785647392273
SKG_MT_1234,2019,0.9411894083023071
SKG_DIA_168,2019,0.9409284591674805
SKG_SA_516,2019,0.9379437565803528
SKG_MT_1296,2019,0.9836074113845825
SKG_MT_1301,2019,0.9391237497329712
SKG_MT_896,2019,0.9332512021064758
SKG_MT_902,2019,0.9831860661506653
SKG_MT_904,2019,0.9282609820365906
SKG_MT_918,2019,0.9455330967903137
SKG_MT_921,2019,0.9358401298522949
SKG_MT_933,2019,0.9382977485656738
SKG_MT_935,2019,0.9393509030342102
SKG_DIA_123,2019,0.9285281896591187
SKG_SA_555,2019,0.9287111163139343
SKG_SA_576,2019,0.9351121783256531
SKG_SA_581,2019,0.9405527114868164
SKG_DIA_129,2019,0.9336376190185547
SKG_DIA_202,2019,0.9465339779853821
SKG_MT_837,2019,0.9438953399658203
SKG_MT_843,2019,0.943474292755127
SKG_MT_846,2019,0.9441577792167664
SKG_MT_852,2019,0.9403520822525024
SKG_MT_856,2019,0.922677218914032
SKG_MT_857,2019,0.9494703412055969
SKG_MT_864,2019,0.951357364654541
SKG_MT_871,2019,0.9346534609794617
SKG_MT_875,2019,0.9506436586380005
SKG_MT_876,2019,0.9434671401977539
SKG_MT_883,2019,0.9368280172348022
SKG_SA_541,2019,0.947109043598175
SKG_SA_543,2019,0.9214078783988953
SKG_SA_553,2019,0.9321542978286743
SKG_DIA_164,2019,0.9213631749153137
SKG_SA_446,2019,0.9150816798210144
SKG_SA_455,2019,0.9363623857498169
SKG_MT_336,2019,0.9289580583572388
SKG_MT_508,2019,0.9255274534225464
SKG_MT_608,2019,0.9424607157707214
SKG_MT_1061,2019,0.9374902844429016
SKG_MT_1275,2019,0.9373914003372192
SKG_MT_830,2019,0.9422755241394043
SKG_MT_1321,2019,0.9456954002380371
SKG_SA_521,2019,0.9504373669624329
SKG_SA_525,2019,0.9429548382759094
SKG_DIA_178,2019,0.9220420718193054
SKG_DIA_188,2019,0.9221235513687134
SKG_DIA_193,2019,0.9399080276489258
SKG_DIA_196,2019,0.9118574857711792
SKG_DIA_200,2019,0.9268390536308289
SKG_DIA_234,2019,0.9404265284538269
SKG_DIA_247,2019,0.9198483228683472
SKG_DIA_257,2019,0.9408658146858215
SKG_DIA_261,2019,0.9367319941520691
SKG_MT_783,2019,0.9434944987297058
SKG_MT_1350,2019,0.9180939793586731
SKG_MT_1357,2019,0.9409836530685425
SKG_MT_1358,2019,0.9341999292373657
SKG_MT_1371,2019,0.9449119567871094
SKG_MT_792,2019,0.9458816647529602
SKG_MT_804,2019,0.9477778673171997
SKG_MT_808,2019,0.9358874559402466
SKG_DIA_203,2019,0.9813364744186401
SKG_SA_479,2019,0.981286346912384
SKG_DIA_225,2019,0.9450071454048157
SKG_DIA_227,2019,0.9429236650466919
SKG_SA_436,2019,0.9370406866073608
SKG_SA_440,2019,0.9363883137702942
SKG_SA_444,2019,0.9817517995834351
SKG_DIA_276,2019,0.9273080825805664
SKG_DIA_277,2019,0.934589684009552
SKG_DIA_279,2019,0.9370835423469543
SKG_DIA_282,2019,0.9442410469055176
SKG_DIA_284,2019,0.9353887438774109
SKG_MT_765,2019,0.9578214883804321
SKG_MT_1374,2019,0.9465324282646179
SKG_MT_1389,2019,0.9324764013290405
SKG_MT_1397,2019,0.9406231641769409
SKG_MT_1398,2019,0.9376935958862305
SKG_MT_773,2019,0.9466779828071594
SKG_MT_780,2019,0.9383462071418762
SKG_SA_464,2019,0.9478541612625122
SKG_DIA_304,2019,0.9407663345336914
SKG_DIA_308,2019,0.9452301859855652
SKG_DIA_313,2019,0.9242612719535828
SKG_MT_1404,2019,0.9475471377372742
SKG_MT_1405,2019,0.943860650062561
SKG_MT_1418,2019,0.9319227337837219
SKG_MT_1419,2019,0.9373912811279297
SKG_MT_1420,2019,0.9500338435173035
SKG_MT_1422,2019,0.9439979791641235
SKG_MT_750,2019,0.9414006471633911
SKG_MT_751,2019,0.917375385761261
SKG_MT_756,2019,0.9399067163467407
SKG_MT_761,2019,0.9466779828071594
SKG_DIA_266,2019,0.9329136610031128
SKG_DIA_268,2019,0.9383098483085632
SKG_DIA_271,2019,0.9786235094070435
SKG_DIA_318,2019,0.9394440650939941
SKG_SA_357,2019,0.7609573602676392
SKG_SA_376,2019,0.922171413898468
SKG_SA_378,2019,0.9368280172348022
SKG_SA_383,2019,0.9426043629646301
SKG_MT_1445,2019,0.9369076490402222
SKG_MT_683,2019,0.9407711029052734
SKG_MT_687,2019,0.9377107620239258
SKG_MT_690,2019,0.9406335949897766
SKG_MT_696,2019,0.9419373273849487
SKG_MT_702,2019,0.9323318600654602
SKG_MT_703,2019,0.9372583627700806
SKG_MT_721,2019,0.9491467475891113
SKG_SA_392,2019,0.9387204051017761
SKG_SA_394,2019,0.921959400177002
SKG_SA_399,2019,0.9452850222587585
SKG_SA_300,2019,0.9297761917114258
SKG_SA_302,2019,0.9247814416885376
SKG_SA_303,2019,0.9139803647994995
SKG_SA_328,2019,0.9317572712898254
SKG_SA_337,2019,0.9423440098762512
SKG_SA_348,2019,0.9289849996566772
SKG_SA_297,2019,0.9483162760734558
SKG_MT_1469,2019,0.9298946261405945
SKG_MT_618,2019,0.9291804432868958
SKG_MT_621,2019,0.9410972595214844
SKG_MT_626,2019,0.9468164443969727
SKG_MT_640,2019,0.9825280904769897
SKG_MT_649,2019,0.9469277262687683
SKG_MT_654,2019,0.978868305683136
SKG_MT_655,2019,0.947496771812439
SKG_MT_674,2019,0.9839297533035278
SKG_SA_208,2019,0.9513404965400696
SKG_SA_216,2019,0.951618492603302
SKG_SA_218,2019,0.9422906041145325
SKG_SA_200,2019,0.9315217137336731
SKG_SA_271,2019,0.9227123260498047
SKG_SA_272,2019,0.9361294507980347
SKG_SA_279,2019,0.9471510648727417
SKG_SA_294,2019,0.91569983959198
SKG_SA_236,2019,0.928326427936554
SKG_SA_267,2019,0.9376059770584106
SKG_MT_597,2019,0.9516370892524719
SKG_MT_602,2019,0.9186558723449707
SKG_MT_609,2019,0.9474915266036987
SKG_MT_616,2019,0.9355652928352356
SKG_MT_1463,2019,0.9487754702568054
SKG_MT_1465,2019,0.973831295967102
SKG_SUM_210,2019,0.93409264087677
SKG_SA_92,2019,0.9437468647956848
SKG_SA_38,2019,0.9478005170822144
SKG_SA_39,2019,0.9306631088256836
SKG_SA_49,2019,0.931323230266571
SKG_SA_134,2019,0.9305078387260437
SKG_SA_139,2019,0.928575873374939
SKG_SA_141,2019,0.9433076977729797
SKG_SA_147,2019,0.9329611659049988
SKG_SA_159,2019,0.9368165135383606
SKG_SA_101,2019,0.9461162686347961
SKG_SA_189,2019,0.9392245411872864
SKG_PAR_25,2019,0.9445846676826477
SKG_MT_570,2019,0.9417577981948853
SKG_MT_577,2019,0.946174144744873
SKG_MT_580,2019,0.9331437349319458
SKG_MT_522,2019,0.9293092489242554
SKG_MT_539,2019,0.9491467475891113
SKG_MT_544,2019,0.9483203887939453
SKG_MT_548,2019,0.9309028387069702
SKG_MT_552,2019,0.9814837574958801
SKG_MT_556,2019,0.9417287707328796
SKG_MT_561,2019,0.950547993183136
SKG_MT_562,2019,0.9297504425048828
SKG_SA_11,2019,0.9315217137336731
SKG_SA_15,2019,0.982094407081604
SKG_SA_27,2019,0.9326540231704712
SKG_SA_35,2019,0.9106721878051758
SKG_SUM_200,2019,0.9468134641647339
SKG_SUM_201,2019,0.9375209808349609
SKG_SUM_202,2019,0.9436197280883789
SKG_SUM_207,2019,0.9317450523376465
SKG_QA_466,2019,0.9433543086051941
SKG_QA_473,2019,0.9424479603767395
SKG_QA_475,2019,0.9439979791641235
SKG_QA_481,2019,0.9508288502693176
SKG_QA_482,2019,0.9372507333755493
SKG_QA_484,2019,0.9195083379745483
SKG_QA_489,2019,0.9761389493942261
SKG_QA_447,2019,0.9023401141166687
SKG_SA_0,2019,0.9359347224235535
SKG_SUM_213,2019,0.9275212287902832
SKG_SUM_220,2019,0.9464888572692871
SKG_PAR_77,2019,0.9410937428474426
SKG_MT_501,2019,0.9411163330078125
SKG_MT_506,2019,0.9504092335700989
SKG_MT_511,2019,0.9230515360832214
SKG_MT_519,2019,0.9835442304611206
SKG_QA_359,2019,0.9470958709716797
SKG_QA_361,2019,0.9355289340019226
SKG_QA_396,2019,0.9234503507614136
SKG_QA_397,2019,0.9260274767875671
SKG_QA_401,2019,0.9167509078979492
SKG_QA_440,2019,0.9192619323730469
SKG_MT_439,2019,0.923442542552948
SKG_MT_444,2019,0.920646071434021
SKG_MT_454,2019,0.9483381509780884
SKG_MT_470,2019,0.9395980834960938
SKG_MT_482,2019,0.9577167630195618
SKG_MT_485,2019,0.9380051493644714
SKG_QA_449,2019,0.9388412237167358
SKG_QA_452,2019,0.9387305378913879
SKG_QA_454,2019,0.9077482223510742
SKG_QA_457,2019,0.9447112083435059
SKG_QA_333,2019,0.9375759363174438
SKG_QA_310,2019,0.9295873641967773
SKG_QA_311,2019,0.9362574815750122
SKG_QA_314,2019,0.9464067220687866
SKG_QA_362,2019,0.9396560788154602
SKG_QA_365,2019,0.9269683957099915
SKG_QA_370,2019,0.9199556112289429
SKG_QA_371,2019,0.9315139651298523
SKG_MT_411,2019,0.9360068440437317
SKG_MT_414,2019,0.9367719888687134
SKG_MT_419,2019,0.9454318881034851
SKG_MT_424,2019,0.9432918429374695
SKG_PAR_101,2019,0.9453161358833313
SKG_QA_403,2019,0.9333399534225464
SKG_QA_386,2019,0.9366174936294556
SKG_QA_387,2019,0.9437797665596008
SKG_QA_291,2019,0.9445440173149109
SKG_QA_292,2019,0.9794914126396179
SKG_QA_299,2019,0.9402816891670227
SKG_QA_306,2019,0.9473118782043457
SKG_QA_259,2019,0.9525531530380249
SKG_QA_260,2019,0.9432077407836914
SKG_QA_262,2019,0.929179310798645
SKG_QA_319,2019,0.9488072395324707
SKG_QA_329,2019,0.9231091737747192
SKG_QA_330,2019,0.933230996131897
SKG_PAR_174,2019,0.8107572793960571
SKG_MT_334,2019,0.9392147064208984
SKG_MT_347,2019,0.9201968908309937
SKG_MT_353,2019,0.9809134602546692
SKG_MT_366,2019,0.9394553899765015
SKG_MT_367,2019,0.9469062089920044
SKG_QA_267,2019,0.9398242831230164
SKG_QA_275,2019,0.9418963193893433
SKG_MT_20,2019,0.9269554018974304
SKG_MT_30,2019,0.9337581396102905
SKG_MT_34,2019,0.9301128387451172
SKG_MT_35,2019,0.9353229403495789
SKG_MT_271,2019,0.9457899332046509
SKG_MT_276,2019,0.9361168146133423
SKG_MT_292,2019,0.946742057800293
SKG_MT_298,2019,0.9308093786239624
SKG_MT_303,2019,0.9524941444396973
SKG_MT_307,2019,0.9394322633743286
SKG_MT_322,2019,0.9260246157646179
SKG_MT_328,2019,0.9398599863052368
SKG_MT_19,2019,0.944805920124054
SKG_QA_284,2019,0.9256993532180786
SKG_QA_221,2019,0.9289510846138
SKG_QA_231,2019,0.9400477409362793
SKG_MT_70,2019,0.9416748881340027
SKG_MT_73,2019,0.9304546117782593
SKG_QA_249,2019,0.9428885579109192
SKG_QA_252,2019,0.943239688873291
SKG_QA_257,2019,0.9835554361343384
SKG_MT_43,2019,0.9498960375785828
SKG_MT_50,2019,0.938143253326416
SKG_MT_60,2019,0.9558637738227844
SKG_MT_67,2019,0.936043918132782
SKG_MT_253,2019,0.9326780438423157
SKG_MT_261,2019,0.9500888586044312
SKG_MT_263,2019,0.5704745054244995
SKG_QA_263,2019,0.9408286809921265
SKG_QA_265,2019,0.9374240636825562
SKG_MT_125,2019,0.9735038876533508
SKG_MT_128,2019,0.9371567964553833
SKG_MT_130,2019,0.9474009275436401
SKG_QA_186,2019,0.9382286071777344
SKG_QA_187,2019,0.9352256059646606
SKG_QA_194,2019,0.9794809222221375
SKG_QA_204,2019,0.9370376467704773
SKG_QA_206,2019,0.9150937795639038
SKG_MT_90,2019,0.9490181803703308
SKG_MT_98,2019,0.9235547780990601
SKG_MT_101,2019,0.9427650570869446
SKG_MT_106,2019,0.9323573112487793
SKG_QA_147,2019,0.9268792271614075
SKG_MT_68,2019,0.9481401443481445
SKG_QA_209,2019,0.9445264935493469
SKG_QA_218,2019,0.922599196434021
SKG_QA_99,2019,0.941846489906311
SKG_QA_100,2019,0.9325097799301147
SKG_QA_102,2019,0.9469510912895203
SKG_QA_109,2019,0.9401911497116089
SKG_QA_115,2019,0.9455924034118652
SKG_QA_68,2019,0.9822511672973633
SKG_QA_123,2019,0.9369550943374634
SKG_QA_138,2019,0.9398454427719116
SKG_QA_139,2019,0.9794027209281921
SKG_MT_134,2019,0.9232082366943359
SKG_MT_142,2019,0.9392779469490051
SKG_MT_154,2019,0.9464259147644043
SKG_QA_153,2019,0.9429521560668945
SKG_QA_160,2019,0.9306207895278931
SKG_MT_111,2019,0.9826110005378723
SKG_MT_113,2019,0.9468711614608765
SKG_MT_202,2019,0.9430424571037292
SKG_QA_11,2019,0.9332959055900574
SKG_QA_19,2019,0.9430410265922546
SKG_QA_77,2019,0.9390323758125305
SKG_QA_81,2019,0.9276712536811829
SKG_QA_82,2019,0.9207068681716919
SKG_QA_86,2019,0.9372973442077637
SKG_QA_89,2019,0.9413383603096008
SKG_MT_159,2019,0.9437599182128906
SKG_MT_172,2019,0.9435999989509583
SKG_QA_43,2019,0.9279485940933228
SKG_QA_44,2019,0.9306631088256836
SKG_QA_49,2019,0.9310892224311829
SKG_MT_251,2019,0.9437671899795532
SKG_QA_90,2019,0.939501941204071
SKG_QA_98,2019,0.9095908999443054
SKG_SUM_89,2019,0.9436162710189819
SKG_SUM_91,2019,0.9436955451965332
SKG_SUM_94,2019,0.9497200846672058
SKG_SUM_95,2019,0.9424155354499817
SKG_SUM_96,2019,0.9432811737060547
SKG_SUM_101,2019,0.945541262626648
SKG_SUM_137,2019,0.9370412826538086
SKG_SUM_112,2019,0.9437150955200195
SKG_SUM_115,2019,0.9359052777290344
SKG_MT_1088,2019,0.93646240234375
SKG_MT_1176,2019,0.937981903553009
SKG_MT_1179,2019,0.9491453170776367
SKG_MT_1134,2019,0.9773168563842773
SKG_MT_1135,2019,0.9797856211662292
SKG_MT_1136,2019,0.9329660534858704
SKG_MT_1139,2019,0.9793975949287415
SKG_QA_25,2019,0.9413636922836304
SKG_SUM_183,2019,0.9111997485160828
SKG_SUM_182,2019,0.9282957315444946
SKG_MT_1150,2019,0.9474062919616699
SKG_SA_276,2020,0.9446588754653931
SKG_SA_312,2020,0.9472417831420898
SKG_SA_299,2020,0.9522997736930847
SKG_MT_1468,2020,0.9103177785873413
SKG_MT_1457,2020,0.9336333274841309
SKG_MT_614,2020,0.9693546295166016
SKG_MT_612,2020,0.9505088925361633
SKG_MT_611,2020,0.9490116834640503
SKG_PAR_8,2020,0.9322476387023926
SKG_PAR_6,2020,0.9442327618598938
SKG_PAR_1,2020,0.936724066734314
SKG_NLI_19,2020,0.95641028881073
SKG_NLI_18,2020,0.9388362765312195
SKG_SA_263,2020,0.9465243220329285
NOVEL_MT_95,2020,0.9542403221130371
SKG_SA_235,2020,0.9379080533981323
SKG_SUM_157,2020,0.9394701719284058
SKG_SUM_150,2020,0.9349154233932495
SKG_SUM_146,2020,0.9479721784591675
SKG_SUM_140,2020,0.9429620504379272
SKG_SUM_139,2020,0.9368797540664673
SKG_SUM_171,2020,0.9265649914741516
SKG_SUM_135,2020,0.942003071308136
SKG_SUM_131,2020,0.9508735537528992
SKG_SUM_123,2020,0.9504778981208801
SKG_DIA_7,2020,0.9457793235778809
SKG_QA_33,2020,0.9562163352966309
SKG_QA_32,2020,0.9222815632820129
SKG_SUM_199,2020,0.9314054250717163
SKG_SUM_192,2020,0.946738600730896
SKG_SUM_189,2020,0.9496115446090698
SKG_SA_280,2020,0.9502474069595337
SKG_MT_177,2020,0.9387866854667664
SKG_MT_173,2020,0.9441021680831909
SKG_MT_163,2020,0.9223861694335938
SKG_MT_161,2020,0.9386000633239746
SKG_QA_88,2020,0.919835090637207
SKG_QA_18,2020,0.941074013710022
SKG_QA_16,2020,0.9479514360427856
SKG_MT_12,2020,0.962131142616272
SKG_MT_190,2020,0.9311271905899048
SKG_MT_186,2020,0.9382899403572083
SKG_QA_59,2020,0.9468245506286621
SKG_QA_52,2020,0.9307311773300171
SKG_MT_244,2020,0.942383885383606
SKG_MT_231,2020,0.9521897435188293
SKG_DIA_3,2020,0.9483936429023743
SKG_DIA_2,2020,0.9359448552131653
SKG_SUM_119,2020,0.9420663118362427
SKG_SUM_118,2020,0.9458203315734863
SKG_SUM_106,2020,0.9420101046562195
SKG_SUM_105,2020,0.9487453699111938
SKG_SUM_104,2020,0.9402391314506531
SKG_SUM_138,2020,0.9162918925285339
SKG_SUM_70,2020,0.9390451312065125
SKG_SUM_66,2020,0.9456257820129395
SKG_SUM_99,2020,0.9304487109184265
SKG_SUM_84,2020,0.9292961359024048
SKG_DIA_29,2020,0.9421863555908203
SKG_DIA_22,2020,0.933184027671814
SKG_QA_94,2020,0.9471232295036316
SKG_QA_91,2020,0.9336317181587219
SKG_MT_250,2020,0.9167187809944153
SKG_QA_41,2020,0.9424012303352356
SKG_QA_144,2020,0.9340213537216187
SKG_QA_142,2020,0.9472505450248718
SKG_QA_135,2020,0.9361218214035034
SKG_QA_132,2020,0.9341353178024292
SKG_QA_129,2020,0.9419819116592407
SKG_QA_120,2020,0.9322717785835266
SKG_QA_69,2020,0.9483150243759155
SKG_QA_61,2020,0.9458004236221313
SKG_QA_114,2020,0.9361797571182251
SKG_QA_105,2020,0.9562641978263855
SKG_QA_103,2020,0.9363161325454712
SKG_QA_96,2020,0.939553439617157
SKG_DIA_12,2020,0.9457941055297852
SKG_DIA_11,2020,0.9472845792770386
SKG_DIA_10,2020,0.9431403279304504
SKG_SUM_121,2020,0.9396489858627319
SKG_MT_1044,2020,1.0
SKG_MT_1041,2020,0.9419665336608887
SKG_MT_1200,2020,0.93291175365448
SKG_MT_1188,2020,0.9514294862747192
SKG_DIA_49,2020,0.9489261507987976
SKG_DIA_47,2020,0.9252994656562805
SKG_DIA_45,2020,0.9504268765449524
SKG_DIA_42,2020,0.940852165222168
SKG_DIA_41,2020,0.9472013711929321
SKG_DIA_39,2020,0.9335736036300659
SKG_DIA_35,2020,0.9315332174301147
NOVEL_QA_38,2020,0.9424341320991516
SKG_MT_152,2020,0.9382790327072144
SKG_MT_145,2020,0.938001275062561
SKG_MT_140,2020,0.9486520886421204
SKG_MT_132,2020,0.9327499270439148
SKG_QA_190,2020,0.9528790712356567
SKG_QA_184,2020,0.9298490285873413
SKG_MT_129,2020,0.9388118982315063
SKG_MT_118,2020,0.9395233988761902
SKG_MT_115,2020,0.9552130699157715
SKG_MT_114,2020,0.9424610137939453
SKG_MT_112,2020,0.9472583532333374
SKG_QA_174,2020,0.9435113668441772
SKG_QA_171,2020,0.9322074055671692
SKG_QA_163,2020,0.9400332570075989
SKG_QA_154,2020,0.9375748634338379
SKG_DIA_18,2020,0.9421062469482422
SKG_DIA_17,2020,0.9254835844039917
SKG_MT_1078,2020,0.9566502571105957
SKG_MT_1076,2020,0.9693546295166016
SKG_MT_1051,2020,0.9463856816291809
SKG_MT_1018,2020,0.9369250535964966
SKG_MT_1015,2020,0.9444239735603333
SKG_MT_1014,2020,0.9374686479568481
SKG_DIA_70,2020,0.941844642162323
SKG_DIA_69,2020,0.950666606426239
SKG_DIA_65,2020,0.941442608833313
SKG_DIA_61,2020,0.9460546374320984
SKG_DIA_60,2020,0.9359203577041626
SKG_DIA_55,2020,0.9248124361038208
SKG_DIA_53,2020,0.9444180727005005
SKG_SUM_56,2020,0.9344863891601562
SKG_QA_214,2020,0.9461172819137573
SKG_MT_105,2020,0.9380777478218079
SKG_MT_99,2020,0.9420135617256165
SKG_QA_195,2020,0.9464459419250488
SKG_QA_191,2020,0.9292960166931152
SKG_QA_237,2020,0.9312552213668823
SKG_QA_232,2020,0.9334090948104858
SKG_MT_42,2020,0.9374784231185913
SKG_QA_181,2020,0.9417473673820496
SKG_QA_178,2020,0.932589054107666
SKG_MT_81,2020,0.9471117854118347
SKG_MT_76,2020,0.9352344274520874
SKG_QA_228,2020,0.9313664436340332
SKG_QA_226,2020,0.943097710609436
SKG_QA_222,2020,0.9507023692131042
SKG_QA_217,2020,0.9420508146286011
SKG_SUM_75,2020,0.9403775334358215
SKG_MT_1182,2020,0.9353069067001343
SKG_MT_1040,2020,0.9524267315864563
SKG_MT_1021,2020,0.9430537223815918
SKG_MT_1212,2020,0.9492653012275696
SKG_MT_974,2020,0.947569727897644
SKG_MT_967,2020,0.9513727426528931
SKG_MT_1251,2020,0.9434856176376343
SKG_MT_1243,2020,0.9523401260375977
SKG_MT_1240,2020,0.9621307253837585
SKG_QA_279,2020,0.9435508847236633
SKG_QA_264,2020,0.952374279499054
SKG_MT_264,2020,0.9445633888244629
SKG_MT_255,2020,0.9354955554008484
SKG_PAR_213,2020,0.952597975730896
SKG_MT_65,2020,0.9492250680923462
SKG_MT_54,2020,0.9286712408065796
SKG_MT_51,2020,0.9412665367126465
SKG_QA_250,2020,0.9359262585639954
SKG_QA_244,2020,0.9422305822372437
SKG_QA_239,2020,0.9450712203979492
SKG_PAR_211,2020,0.947154700756073
SKG_MT_269,2020,0.943158745765686
SKG_MT_41,2020,0.9457634687423706
SKG_MT_37,2020,0.9515542984008789
SKG_MT_36,2020,0.9350286722183228
SKG_MT_28,2020,0.9438773393630981
SKG_QA_281,2020,0.9290820360183716
SKG_QA_280,2020,0.9447120428085327
SKG_SUM_55,2020,0.9399055242538452
SKG_SUM_53,2020,0.9534764289855957
SKG_MT_1008,2020,0.94684237241745
SKG_MT_1002,2020,1.0
SKG_MT_997,2020,0.9470612406730652
SKG_MT_996,2020,0.9372912645339966
SKG_MT_990,2020,0.9328261613845825
SKG_MT_978,2020,0.95018070936203
SKG_QA_323,2020,0.9408723711967468
SKG_QA_318,2020,0.9489059448242188
SKG_QA_317,2020,0.9420146942138672
SKG_QA_307,2020,0.9419902563095093
SKG_QA_301,2020,0.9167329668998718
SKG_QA_300,2020,0.9232903718948364
SKG_QA_297,2020,0.9487965703010559
SKG_QA_293,2020,0.942531943321228
SKG_QA_290,2020,0.9388303756713867
SKG_QA_287,2020,0.9191547632217407
SKG_MT_329,2020,0.9408265352249146
SKG_MT_318,2020,0.938502311706543
SKG_MT_310,2020,0.9126480221748352
SKG_MT_309,2020,1.0
SKG_MT_302,2020,0.9427067041397095
SKG_MT_291,2020,0.9346944093704224
SKG_SUM_3,2020,0.9504778981208801
SKG_DIA_72,2020,0.9377792477607727
SKG_PAR_137,2020,0.9411948919296265
SKG_PAR_132,2020,0.9307607412338257
SKG_PAR_131,2020,0.9417222738265991
SKG_MT_361,2020,0.9521005749702454
SKG_MT_357,2020,0.936004638671875
SKG_MT_354,2020,0.9419243931770325
SKG_MT_343,2020,0.939056396484375
SKG_PAR_163,2020,0.9409927129745483
SKG_PAR_150,2020,0.9425417184829712
SKG_MT_330,2020,0.9521681666374207
SKG_MT_8,2020,0.9434660077095032
SKG_MT_5,2020,0.9352399110794067
SKG_QA_326,2020,0.9386817812919617
SKG_QA_325,2020,0.9429620504379272
SKG_QA_368,2020,0.9450637698173523
SKG_QA_363,2020,0.9412685632705688
SKG_QA_313,2020,0.946811318397522
SKG_QA_351,2020,0.942491352558136
SKG_QA_346,2020,0.9412253499031067
SKG_QA_342,2020,0.9370314478874207
SKG_QA_332,2020,0.9490310549736023
SKG_QA_331,2020,0.9450424313545227
SKG_SUM_28,2020,0.9445691108703613
SKG_SUM_26,2020,0.9390451312065125
SKG_SUM_19,2020,0.947610080242157
SKG_SUM_16,2020,0.9446118474006653
SKG_SUM_14,2020,0.9162918329238892
SKG_SUM_13,2020,0.9504778981208801
SKG_SUM_10,2020,0.9431403875350952
SKG_SUM_9,2020,0.9337643384933472
SKG_DIA_97,2020,0.9396367073059082
SKG_DIA_88,2020,0.9638363122940063
SKG_DIA_75,2020,0.9444729089736938
SKG_DIA_73,2020,0.9423929452896118
SKG_QA_402,2020,0.9104551076889038
SKG_MT_434,2020,0.9342878460884094
SKG_MT_430,2020,0.9450857043266296
SKG_PAR_111,2020,0.9527190923690796
SKG_MT_420,2020,0.9499413371086121
SKG_MT_418,2020,0.9434857368469238
SKG_MT_407,2020,0.9587109684944153
SKG_MT_392,2020,0.9464322924613953
SKG_MT_386,2020,0.9427496194839478
SKG_MT_385,2020,0.9527055621147156
SKG_MT_383,2020,0.9504321813583374
SKG_PAR_146,2020,0.9344063997268677
SKG_MT_1269,2020,0.9294050335884094
SKG_MT_1262,2020,0.9349865913391113
SKG_DIA_116,2020,0.9521216154098511
SKG_DIA_115,2020,0.9504108428955078
SKG_QA_360,2020,0.9389604330062866
SKG_QA_391,2020,0.9447389841079712
SKG_QA_383,2020,0.9443422555923462
SKG_QA_374,2020,0.9422345161437988
SKG_QA_373,2020,0.9254530072212219
SKG_QA_372,2020,0.9476398229598999
SKG_QA_412,2020,0.9428098797798157
SKG_QA_409,2020,0.9546698331832886
SKG_QA_408,2020,0.935316264629364
SKG_QA_406,2020,0.928335964679718
SKG_DIA_99,2020,0.9418950080871582
SKG_DIA_98,2020,0.9523948431015015
SKG_DIA_124,2020,0.9351774454116821
SKG_SA_586,2020,0.9496351480484009
SKG_DIA_119,2020,0.9221590757369995
SKG_MT_1259,2020,0.9530693888664246
SKG_QA_422,2020,0.9497107267379761
SKG_QA_413,2020,0.9419657588005066
SKG_QA_395,2020,0.9521010518074036
SKG_QA_393,2020,0.9254031181335449
SKG_MT_1238,2020,0.9475457072257996
SKG_MT_965,2020,0.9521018266677856
SKG_MT_963,2020,0.9468138813972473
SKG_MT_949,2020,0.9475702047348022
SKG_MT_948,2020,0.9476011395454407
SKG_MT_943,2020,0.9467813372612
SKG_MT_1274,2020,0.9319813847541809
SKG_MT_1272,2020,0.9380127191543579
SKG_MT_442,2020,0.9500986933708191
SKG_MT_438,2020,0.945259690284729
SKG_MT_436,2020,0.959027886390686
SKG_QA_441,2020,0.9474600553512573
SKG_DIA_112,2020,0.9365537762641907
SKG_DIA_107,2020,0.9351917505264282
SKG_DIA_105,2020,0.950677216053009
SKG_DIA_103,2020,0.9489476084709167
SKG_DIA_102,2020,0.9441124796867371
SKG_SA_620,2020,0.9226388931274414
SKG_SA_591,2020,0.9347122311592102
SKG_DIA_101,2020,0.9431648254394531
SKG_DIA_145,2020,0.9437506794929504
SKG_DIA_144,2020,0.9364923238754272
SKG_DIA_143,2020,0.9139351844787598
SKG_DIA_126,2020,0.9429374933242798
SKG_DIA_154,2020,0.9498527646064758
SKG_SA_548,2020,0.943453311920166
SKG_SA_546,2020,0.9535004496574402
SKG_SA_538,2020,0.946155846118927
SKG_DIA_151,2020,0.9309089779853821
SKG_QA_479,2020,0.9445332288742065
SKG_QA_477,2020,0.9410702586174011
SKG_QA_460,2020,0.9440971612930298
SKG_QA_458,2020,0.8105308413505554
SKG_MT_483,2020,0.9571294784545898
SKG_MT_479,2020,0.945975124835968
SKG_MT_477,2020,0.9376835823059082
SKG_MT_464,2020,0.9475733637809753
SKG_MT_456,2020,0.9439828991889954
SKG_MT_455,2020,0.9528177976608276
SKG_MT_450,2020,0.9315376281738281
SKG_MT_1323,2020,0.9139130711555481
SKG_MT_833,2020,0.9441354870796204
SKG_QA_444,2020,0.9420925974845886
SKG_QA_492,2020,0.9370702505111694
SKG_QA_486,2020,0.92500239610672
SKG_MT_1258,2020,0.9439442753791809
SKG_MT_937,2020,0.9434970617294312
SKG_MT_908,2020,0.9429811239242554
SKG_MT_898,2020,0.9369089007377625
SKG_MT_889,2020,0.9536883234977722
SKG_MT_1289,2020,0.9486984014511108
SKG_DIA_177,2020,0.9367183446884155
SKG_DIA_169,2020,0.9473742246627808
SKG_DIA_165,2020,0.9348573684692383
SKG_DIA_159,2020,0.9450293779373169
SKG_DIA_155,2020,0.9239632487297058
SKG_SA_478,2020,0.9368523359298706
SKG_SA_470,2020,0.9357253909111023
SKG_MT_859,2020,0.9539244771003723
SKG_MT_848,2020,0.9412740468978882
SKG_MT_1345,2020,0.9486988186836243
SKG_MT_1342,2020,0.9421007037162781
SKG_MT_1334,2020,0.9337765574455261
SKG_DIA_197,2020,0.9312507510185242
SKG_DIA_191,2020,0.9355946779251099
SKG_DIA_187,2020,0.9366000294685364
SKG_DIA_186,2020,0.9395254254341125
SKG_DIA_185,2020,0.9371470212936401
SKG_DIA_180,2020,0.935875415802002
SKG_SA_519,2020,0.9282811880111694
SKG_SA_518,2020,0.9449915885925293
SKG_MT_1331,2020,0.9474441409111023
SKG_DIA_237,2020,0.947135329246521
SKG_SA_2,2020,0.9289762377738953
SKG_MT_826,2020,0.9420912861824036
SKG_MT_1341,2020,0.9463487863540649
SKG_MT_634,2020,0.9296159744262695
SKG_MT_628,2020,0.9481273889541626
SKG_MT_543,2020,0.9325348138809204
SKG_MT_267,2020,0.9487167596817017
SKG_SA_453,2020,0.9417263865470886
SKG_SA_445,2020,0.9447118639945984
SKG_DIA_230,2020,0.9400717616081238
SKG_DIA_226,2020,0.9467107653617859
SKG_DIA_218,2020,0.9413731694221497
SKG_DIA_214,2020,0.9401833415031433
SKG_DIA_206,2020,0.9274367094039917
SKG_SA_498,2020,0.9526118040084839
SKG_SUM_215,2020,0.9391531944274902
SKG_MT_814,2020,0.9455402493476868
SKG_MT_811,2020,0.9469112157821655
SKG_MT_796,2020,0.9249407052993774
SKG_MT_1368,2020,0.9442554712295532
SKG_MT_1362,2020,0.9446119070053101
SKG_MT_1356,2020,0.9314130544662476
SKG_MT_1348,2020,0.9352917671203613
SKG_MT_784,2020,0.9262588620185852
SKG_DIA_265,2020,0.9426552057266235
SKG_DIA_264,2020,0.9315387606620789
SKG_DIA_263,2020,0.9350322484970093
SKG_DIA_262,2020,0.9342225193977356
SKG_DIA_254,2020,0.9267699122428894
SKG_DIA_248,2020,0.9422345161437988
SKG_DIA_244,2020,0.9341815710067749
SKG_DIA_273,2020,0.9344598054885864
SKG_MT_531,2020,0.9420987367630005
SKG_MT_526,2020,0.9248655438423157
SKG_MT_525,2020,0.9540817141532898
SKG_PAR_64,2020,0.9307764172554016
SKG_PAR_51,2020,0.9469523429870605
SKG_MT_521,2020,0.9514124989509583
SKG_MT_512,2020,0.9494479894638062
SKG_MT_499,2020,0.9474188685417175
SKG_PAR_83,2020,0.932625949382782
SKG_PAR_81,2020,0.9443399310112
SKG_PAR_70,2020,0.9484125971794128
SKG_MT_495,2020,0.9574669003486633
SKG_MT_490,2020,0.9403047561645508
SKG_MT_489,2020,0.9276365041732788
SKG_MT_486,2020,0.9350943565368652
SKG_MT_536,2020,0.9475439786911011
SKG_DIA_236,2020,0.9374648332595825
SKG_DIA_232,2020,0.9358454942703247
SKG_SA_467,2020,0.9327462911605835
SKG_MT_782,2020,0.9420186877250671
SKG_MT_776,2020,0.9489105343818665
SKG_MT_775,2020,0.9354322552680969
SKG_MT_774,2020,0.9505550265312195
SKG_MT_769,2020,0.9324673414230347
SKG_MT_1393,2020,0.9552732706069946
SKG_MT_1391,2020,0.9365527033805847
SKG_MT_1382,2020,0.9290742874145508
SKG_MT_766,2020,0.9324929118156433
SKG_DIA_289,2020,0.9394410848617554
SKG_DIA_286,2020,0.9182206392288208
SKG_DIA_283,2020,0.9514808654785156
SKG_DIA_309,2020,0.9338968396186829
SKG_DIA_305,2020,0.9400299787521362
SKG_SA_413,2020,0.9452865719795227
SKG_SA_408,2020,0.9530364274978638
SKG_SA_403,2020,0.9447511434555054
SKG_SA_402,2020,0.9512748718261719
SKG_DIA_297,2020,0.9318196177482605
SKG_SA_58,2020,0.9522884488105774
SKG_SA_57,2020,0.9462100863456726
SKG_SA_55,2020,0.9419032335281372
SKG_SA_54,2020,0.9322975873947144
SKG_SUM_209,2020,0.9436485171318054
SKG_SUM_206,2020,0.9418241381645203
SKG_PAR_13,2020,0.9530328512191772
SKG_MT_568,2020,0.9428629875183105
SKG_MT_541,2020,0.9442694783210754
SKG_SA_95,2020,0.9462919235229492
SKG_SA_94,2020,0.937868595123291
SKG_SA_91,2020,0.9462509155273438
SKG_SA_87,2020,0.9135764241218567
SKG_SA_84,2020,0.9464085698127747
SKG_SA_81,2020,0.9313448071479797
SKG_SA_71,2020,0.9405722618103027
SKG_DIA_270,2020,0.9299300909042358
SKG_MT_760,2020,0.9485644102096558
SKG_MT_749,2020,0.9361964464187622
SKG_MT_746,2020,0.9445408582687378
SKG_MT_730,2020,0.9418689012527466
SKG_MT_1409,2020,0.9387866854667664
SKG_MT_1407,2020,0.9243442416191101
SKG_DIA_314,2020,0.9416298866271973
SKG_DIA_311,2020,0.9514057040214539
SKG_MT_718,2020,0.9433218240737915
SKG_MT_714,2020,0.9486843347549438
SKG_MT_693,2020,0.9424818754196167
SKG_MT_689,2020,0.9439314603805542
SKG_MT_685,2020,0.9456654787063599
SKG_MT_1450,2020,0.9439184069633484
SKG_MT_1447,2020,0.9374774098396301
SKG_MT_1431,2020,0.9274975061416626
NOVEL_MT_9,2020,0.9488226175308228
SKG_SA_384,2020,0.9423996210098267
SKG_SA_150,2020,0.9481726884841919
NOVEL_MT_163,2020,0.9451077580451965
SKG_SA_137,2020,0.9482157826423645
SKG_SA_133,2020,0.9424836039543152
SKG_SA_124,2020,0.948469340801239
SKG_SA_102,2020,0.9336117506027222
SKG_SA_371,2020,0.9470589756965637
SKG_SA_358,2020,0.9491884112358093
SKG_DIA_317,2020,0.9364532232284546
SKG_DIA_315,2020,0.9427716135978699
SKG_MT_1430,2020,0.9349276423454285
SKG_MT_1428,2020,0.923199474811554
SKG_MT_677,2020,0.9575250744819641
SKG_MT_656,2020,0.882542610168457
SKG_MT_631,2020,0.9538977742195129
SKG_NLI_3,2020,0.9311872720718384
SKG_NLI_0,2020,0.9619354009628296
SKG_SA_350,2020,0.9437206983566284
SKG_SA_345,2020,0.9391449689865112
SKG_SA_344,2020,0.9432610273361206
SKG_SA_156,2020,0.9461801648139954
SKG_DIA_293,2020,0.9413183927536011
SKG_SA_233,2020,0.9556407928466797
SKG_SA_231,2020,0.956856369972229
SKG_SA_214,2020,0.9439760446548462
SKG_SA_205,2020,0.9494169354438782
SKG_NLI_17,2020,0.9405263066291809
SKG_NLI_16,2020,0.9322778582572937
SKG_NLI_8,2020,0.9435032606124878
SKG_NLI_5,2020,0.9383934140205383
SKG_MT_594,2020,0.9433516263961792
SKG_MT_579,2020,0.9299407005310059
SKG_MT_573,2020,0.9503186941146851
SKG_PAR_32,2020,0.9489935636520386
SKG_PAR_26,2020,0.94873046875
SKG_PAR_23,2020,0.9251686930656433
SKG_PAR_21,2020,0.9388352632522583
SKG_PAR_16,2020,0.9458249807357788
SKG_MT_1142,2020,0.9389522671699524
SKG_MT_1128,2020,0.9351531267166138
SKG_MT_1126,2020,0.9388251304626465
SKG_MT_1104,2020,0.9451760053634644
SKG_MT_1181,2020,0.9234221577644348
SKG_MT_1180,2020,0.953158974647522
SKG_MT_1178,2020,0.9337159991264343
SKG_MT_1164,2020,0.9516599774360657
SKG_MT_1094,2020,0.9468332529067993
SKG_DIA_16,2020,0.9413658380508423
SKG_DIA_14,2020,0.9239700436592102
SKG_DIA_13,2020,0.9289547204971313
SKG_QA_2,2020,0.9483150243759155
SKG_MT_226,2020,0.9511903524398804
SKG_MT_208,2020,0.9387027621269226
SKG_MT_207,2020,0.9366145133972168
SKG_SA_284,2020,0.9555996656417847
SKG_MT_1149,2020,0.9337345361709595
SKG_SUM_160,2020,0.9346485137939453
SKG_SUM_170,2020,0.94944828748703
SKG_MT_1143,2020,0.9470283389091492
SKG_MT_1145,2020,0.9355249404907227
SKG_MT_1146,2020,0.9439184069633484
SKG_SUM_184,2020,0.9392675161361694
NOVEL_DIA_59,2021,0.9629300832748413
NOVEL_DIA_56,2021,0.9374068975448608
NOVEL_DIA_55,2021,0.9351077079772949
NOVEL_DIA_54,2021,0.9455934762954712
NOVEL_DIA_53,2021,0.9458462595939636
NOVEL_DIA_52,2021,0.9458484649658203
NOVEL_DIA_51,2021,0.9574536085128784
NOVEL_DIA_50,2021,0.9492884874343872
NOVEL_DIA_49,2021,0.9462920427322388
NOVEL_DIA_47,2021,0.9435997009277344
NOVEL_DIA_45,2021,0.9257707595825195
NOVEL_DIA_44,2021,0.9518522024154663
NOVEL_DIA_43,2021,0.9362020492553711
NOVEL_DIA_42,2021,0.9469250440597534
NOVEL_DIA_41,2021,0.9848536252975464
NOVEL_DIA_40,2021,0.9450585246086121
NOVEL_DIA_10,2021,0.9471548795700073
NOVEL_DIA_11,2021,0.9836711883544922
NOVEL_DIA_12,2021,0.9265693426132202
NOVEL_DIA_13,2021,0.9313381314277649
NOVEL_DIA_14,2021,0.9475549459457397
NOVEL_DIA_16,2021,0.9753352403640747
NOVEL_DIA_17,2021,0.9510679244995117
NOVEL_DIA_18,2021,0.9398626089096069
NOVEL_DIA_20,2021,0.935178279876709
NOVEL_DIA_21,2021,0.9342762231826782
NOVEL_MT_62,2021,0.952513575553894
NOVEL_MT_61,2021,0.9449383020401001
NOVEL_MT_54,2021,0.9851033091545105
NOVEL_MT_53,2021,0.9717705845832825
NOVEL_MT_52,2021,0.9529212117195129
NOVEL_MT_91,2021,0.9284208416938782
NOVEL_MT_89,2021,0.9853367805480957
NOVEL_MT_88,2021,0.9495807886123657
NOVEL_MT_86,2021,0.9602211713790894
NOVEL_MT_83,2021,0.9313756823539734
NOVEL_MT_82,2021,0.9434558749198914
NOVEL_MT_81,2021,0.9413436055183411
NOVEL_MT_78,2021,0.9859176874160767
NOVEL_MT_29,2021,0.9401034116744995
NOVEL_MT_26,2021,0.9508517384529114
NOVEL_MT_63,2021,0.9785011410713196
NOVEL_MT_23,2021,0.9340659976005554
NOVEL_MT_21,2021,0.9222944974899292
NOVEL_MT_19,2021,0.9513867497444153
NOVEL_MT_17,2021,0.9285383224487305
NOVEL_MT_16,2021,0.9461261034011841
NOVEL_MT_15,2021,0.9905717968940735
NOVEL_MT_11,2021,0.9805216789245605
NOVEL_MT_49,2021,0.9435818791389465
NOVEL_MT_47,2021,0.9884319305419922
NOVEL_MT_45,2021,0.9285638928413391
NOVEL_MT_42,2021,0.9391635656356812
NOVEL_MT_40,2021,0.9841068387031555
NOVEL_MT_39,2021,0.9509337544441223
NOVEL_MT_37,2021,0.9893997311592102
NOVEL_MT_35,2021,0.9231378436088562
NOVEL_MT_31,2021,0.9105274081230164
NOVEL_MT_77,2021,0.9499574899673462
NOVEL_MT_74,2021,0.9591352343559265
NOVEL_MT_71,2021,0.938956081867218
NOVEL_MT_67,2021,0.9511993527412415
NOVEL_MT_66,2021,0.9868783950805664
NOVEL_MT_64,2021,0.9496694803237915
BLOG_NLI_W4220659089,2021,0.817487895488739
NOVEL_MT_105,2021,0.9314988255500793
NOVEL_MT_104,2021,0.9493028521537781
NOVEL_MT_101,2021,0.9262876510620117
NOVEL_MT_99,2021,0.946185290813446
NOVEL_MT_96,2021,0.9843071103096008
NOVEL_MT_93,2021,0.9523439407348633
NOVEL_MT_92,2021,0.9336553812026978
NOVEL_MT_25,2021,0.9491503834724426
NOVEL_MT_24,2021,0.9902569651603699
NOVEL_MT_125,2021,0.9492318034172058
NOVEL_MT_124,2021,0.9870719909667969
NOVEL_MT_122,2021,0.9515420794487
NOVEL_MT_121,2021,0.9835103750228882
NOVEL_MT_120,2021,0.9540117383003235
NOVEL_MT_118,2021,0.9348195791244507
NOVEL_MT_117,2021,0.942959189414978
NOVEL_MT_116,2021,0.9506295323371887
NOVEL_MT_115,2021,0.9450758099555969
NOVEL_MT_113,2021,0.9442804455757141
NOVEL_MT_112,2021,0.9298380017280579
NOVEL_MT_110,2021,0.9523590803146362
NOVEL_MT_109,2021,0.9311457872390747
NOVEL_MT_108,2021,0.9373959302902222
NOVEL_MT_107,2021,0.9240579605102539
NOVEL_MT_10,2021,0.9527398347854614
NOVEL_MT_5,2021,0.9478248357772827
NOVEL_MT_4,2021,0.9395760297775269
NOVEL_MT_2,2021,0.9498156309127808
NOVEL_MT_0,2021,0.9428442120552063
NOVEL_MT_141,2021,0.9544001817703247
NOVEL_MT_140,2021,0.9483222961425781
NOVEL_MT_139,2021,0.9878031611442566
NOVEL_MT_137,2021,0.9388532638549805
NOVEL_MT_133,2021,0.9435830116271973
NOVEL_MT_132,2021,0.9454973936080933
NOVEL_MT_130,2021,0.9394015073776245
NOVEL_MT_128,2021,0.9855377078056335
NOVEL_MT_127,2021,0.9510010480880737
NOVEL_MT_167,2021,0.9851174354553223
NOVEL_MT_165,2021,0.9358266592025757
NOVEL_MT_161,2021,0.9842340350151062
NOVEL_MT_156,2021,0.9349403381347656
NOVEL_MT_155,2021,0.9332724809646606
NOVEL_MT_154,2021,0.9803964495658875
NOVEL_MT_153,2021,0.9391485452651978
NOVEL_MT_150,2021,0.9907204508781433
NOVEL_MT_148,2021,0.9544163942337036
NOVEL_MT_144,2021,0.9838348627090454
NOVEL_MT_179,2021,0.9877514839172363
NOVEL_MT_177,2021,0.9396950006484985
NOVEL_MT_174,2021,0.9420593976974487
NOVEL_MT_172,2021,0.9809679985046387
NOVEL_MT_168,2021,0.930760383605957
NOVEL_MT_198,2021,0.9901374578475952
NOVEL_MT_193,2021,0.9335503578186035
NOVEL_MT_192,2021,0.9418121576309204
NOVEL_MT_190,2021,0.9272621273994446
NOVEL_MT_189,2021,0.9745506048202515
NOVEL_MT_187,2021,0.9902198910713196
NOVEL_MT_186,2021,0.9888466000556946
NOVEL_MT_185,2021,0.9773479700088501
NOVEL_MT_183,2021,0.931450366973877
NOVEL_MT_182,2021,0.9507102966308594
NOVEL_MT_181,2021,0.9434933662414551
NOVEL_MT_180,2021,0.982465922832489
NOVEL_MT_209,2021,0.9355510473251343
NOVEL_MT_208,2021,0.9815900921821594
NOVEL_MT_207,2021,0.9858528971672058
NOVEL_MT_205,2021,0.9454737901687622
NOVEL_MT_202,2021,0.9866971969604492
NOVEL_SA_67,2021,0.933031439781189
NOVEL_SA_66,2021,0.9466356039047241
NOVEL_SA_65,2021,0.9415180087089539
NOVEL_SA_64,2021,0.9175283312797546
NOVEL_SA_63,2021,0.9457635879516602
NOVEL_SA_62,2021,0.9435154795646667
NOVEL_SA_61,2021,0.9399526715278625
NOVEL_SA_60,2021,0.9896837472915649
NOVEL_SA_59,2021,0.94770747423172
NOVEL_SA_58,2021,0.9482820630073547
NOVEL_SA_57,2021,0.9318937063217163
NOVEL_MT_213,2021,0.9802626371383667
NOVEL_MT_210,2021,0.9525794982910156
NOVEL_SA_52,2021,0.9504196047782898
NOVEL_SA_51,2021,0.9714113473892212
NOVEL_SA_50,2021,0.9453245401382446
NOVEL_SA_49,2021,0.9915273785591125
NOVEL_SA_48,2021,0.9872881770133972
NOVEL_SA_46,2021,0.9376837611198425
NOVEL_SA_45,2021,0.9814408421516418
NOVEL_SA_44,2021,0.9272621273994446
NOVEL_SA_43,2021,0.9320695996284485
NOVEL_SA_42,2021,0.9472902417182922
NOVEL_SA_41,2021,0.9836694002151489
NOVEL_SA_40,2021,0.9311681985855103
NOVEL_SA_39,2021,0.9420676231384277
NOVEL_SA_69,2021,0.9857831001281738
NOVEL_SA_33,2021,0.9423121213912964
NOVEL_SA_31,2021,0.9498823285102844
NOVEL_SA_30,2021,0.932497501373291
NOVEL_SA_29,2021,0.9733632206916809
NOVEL_SA_28,2021,0.9430295825004578
NOVEL_SA_27,2021,0.9428821802139282
NOVEL_SA_26,2021,0.9315139651298523
NOVEL_SA_25,2021,0.9760361909866333
NOVEL_SA_24,2021,0.9416572451591492
NOVEL_SA_22,2021,0.9415634274482727
NOVEL_SA_21,2021,0.9506926536560059
NOVEL_SA_20,2021,0.9731108546257019
NOVEL_SA_19,2021,0.9848736524581909
NOVEL_SA_56,2021,0.9411738514900208
NOVEL_SA_55,2021,0.9864610433578491
NOVEL_SA_53,2021,0.9722620248794556
NOVEL_SA_15,2021,0.9409047365188599
NOVEL_SA_14,2021,0.9898055791854858
NOVEL_SA_13,2021,0.9790288805961609
NOVEL_SA_12,2021,0.9449257850646973
NOVEL_SA_11,2021,0.9407485723495483
NOVEL_SA_10,2021,0.9451584815979004
NOVEL_SA_9,2021,0.9457767605781555
NOVEL_SA_8,2021,0.9761104583740234
NOVEL_SA_7,2021,0.9899052381515503
NOVEL_SA_4,2021,0.9821597337722778
NOVEL_SA_3,2021,0.9762760400772095
NOVEL_SA_2,2021,0.9803018569946289
NOVEL_SA_1,2021,0.9493086934089661
NOVEL_SA_38,2021,0.9435604214668274
NOVEL_SA_37,2021,0.9351445436477661
NOVEL_SA_34,2021,0.9463329315185547
NOVEL_SA_0,2021,0.9733633995056152
NOVEL_SA_18,2021,0.953338623046875
NOVEL_SA_17,2021,0.9819279909133911
NOVEL_SA_16,2021,0.9547176361083984
NOVEL_MT_230,2021,0.9282839894294739
NOVEL_MT_228,2021,0.9510515332221985
NOVEL_MT_227,2021,0.9435855150222778
NOVEL_MT_224,2021,0.9855804443359375
NOVEL_MT_221,2021,0.9516536593437195
NOVEL_MT_219,2021,0.9419267773628235
NOVEL_MT_218,2021,0.9432324171066284
NOVEL_MT_215,2021,0.984429657459259
NOVEL_MT_214,2021,0.9362362623214722
NOVEL_MT_254,2021,0.9724591374397278
NOVEL_MT_253,2021,0.9167448878288269
NOVEL_MT_252,2021,0.981301486492157
NOVEL_MT_250,2021,0.989532470703125
NOVEL_MT_247,2021,0.9502278566360474
NOVEL_MT_246,2021,0.9394363164901733
NOVEL_MT_245,2021,0.9899581670761108
NOVEL_MT_243,2021,0.9837738275527954
NOVEL_MT_238,2021,0.9501498341560364
NOVEL_MT_236,2021,0.9436119794845581
NOVEL_MT_235,2021,0.9445611834526062
NOVEL_MT_234,2021,0.8862196207046509
NOVEL_MT_267,2021,0.9885584115982056
NOVEL_MT_266,2021,0.9857169985771179
NOVEL_MT_265,2021,0.9267331957817078
NOVEL_MT_264,2021,0.9453350901603699
NOVEL_MT_262,2021,0.9565140008926392
NOVEL_SUM_10,2021,0.9529405832290649
NOVEL_SUM_8,2021,0.9332864880561829
NOVEL_SUM_7,2021,0.951568603515625
NOVEL_SUM_6,2021,0.9593755602836609
NOVEL_MT_261,2021,0.959056556224823
NOVEL_MT_259,2021,0.9499392509460449
NOVEL_MT_258,2021,0.9835103750228882
NOVEL_MT_257,2021,0.9369400143623352
NOVEL_MT_256,2021,0.931268036365509
NOVEL_MT_255,2021,0.9902990460395813
NOVEL_SUM_24,2021,0.9858666658401489
NOVEL_SUM_23,2021,0.9879177212715149
NOVEL_SUM_22,2021,0.9535640478134155
NOVEL_SUM_21,2021,0.9900585412979126
NOVEL_SUM_20,2021,0.9444537162780762
NOVEL_SUM_19,2021,0.9342762231826782
NOVEL_SUM_17,2021,0.9513880014419556
NOVEL_SUM_16,2021,0.9484424591064453
NOVEL_SUM_12,2021,0.9851325750350952
NOVEL_SUM_11,2021,0.9417785406112671
NOVEL_SUM_52,2021,0.9462934732437134
NOVEL_SUM_49,2021,0.9791961908340454
NOVEL_SUM_47,2021,0.9865371584892273
NOVEL_SUM_46,2021,0.9360116124153137
NOVEL_SUM_45,2021,0.9840998649597168
NOVEL_SUM_44,2021,0.9362020492553711
NOVEL_SUM_42,2021,0.9720528721809387
NOVEL_SUM_41,2021,0.990916907787323
NOVEL_SUM_39,2021,0.9921358227729797
NOVEL_SUM_38,2021,0.9729690551757812
NOVEL_SUM_3,2021,0.9522344470024109
NOVEL_SUM_32,2021,0.9525157809257507
NOVEL_SUM_31,2021,0.9527502059936523
NOVEL_SUM_30,2021,0.9404510259628296
NOVEL_SUM_28,2021,0.9525097012519836
NOVEL_SUM_26,2021,0.9355065226554871
NOVEL_SUM_73,2021,0.9334275126457214
NOVEL_SUM_72,2021,0.9814404249191284
NOVEL_SUM_71,2021,0.9524504542350769
NOVEL_SUM_70,2021,0.9879159927368164
NOVEL_SUM_69,2021,0.9375076293945312
NOVEL_SUM_68,2021,0.952397346496582
NOVEL_SUM_67,2021,0.9871569871902466
NOVEL_SUM_66,2021,0.9434148669242859
NOVEL_SUM_64,2021,0.9377193450927734
NOVEL_SUM_61,2021,0.9405760765075684
NOVEL_SUM_15,2021,0.9731108546257019
NOVEL_SUM_14,2021,0.9462724924087524
NOVEL_SUM_13,2021,0.9443342089653015
NOVEL_SUM_56,2021,0.9885040521621704
NOVEL_SUM_54,2021,0.9374068975448608
NOVEL_SUM_53,2021,0.9864586591720581
NOVEL_MT_284,2021,0.9864548444747925
NOVEL_MT_283,2021,0.9440288543701172
NOVEL_MT_282,2021,0.9410702586174011
NOVEL_MT_277,2021,0.9391443133354187
NOVEL_MT_275,2021,0.9598344564437866
NOVEL_MT_274,2021,0.9571551084518433
NOVEL_MT_271,2021,0.9387573003768921
NOVEL_MT_270,2021,0.946445643901825
NOVEL_MT_269,2021,0.9361221194267273
NOVEL_MT_268,2021,0.945300281047821
NOVEL_MT_295,2021,0.990475058555603
NOVEL_MT_291,2021,0.9294455647468567
NOVEL_SUM_37,2021,0.9514339566230774
NOVEL_SUM_36,2021,0.941761314868927
NOVEL_SUM_33,2021,0.9361814260482788
NOVEL_SUM_77,2021,0.9376615285873413
NOVEL_SUM_76,2021,0.9366859197616577
NOVEL_SUM_75,2021,0.9446714520454407
NOVEL_MT_290,2021,0.9757393002510071
NOVEL_MT_289,2021,0.9450960159301758
NOVEL_MT_287,2021,0.9312946200370789
NOVEL_MT_286,2021,0.9322503805160522
NOVEL_MT_305,2021,0.9857831001281738
NOVEL_MT_304,2021,0.94342440366745
NOVEL_MT_303,2021,0.9412447810173035
NOVEL_MT_301,2021,0.9433164596557617
NOVEL_MT_300,2021,0.9490189552307129
NOVEL_MT_298,2021,0.9262877702713013
NOVEL_SUM_60,2021,0.986828625202179
NOVEL_SUM_59,2021,0.9513789415359497
NOVEL_SUM_58,2021,0.9838992953300476
NOVEL_QA_8,2021,0.9483920931816101
NOVEL_QA_7,2021,0.9876142740249634
NOVEL_QA_5,2021,0.9303299784660339
NOVEL_QA_4,2021,0.9454528093338013
NOVEL_QA_3,2021,0.9426175355911255
NOVEL_QA_2,2021,0.9816374778747559
NOVEL_QA_1,2021,0.9399293065071106
NOVEL_QA_0,2021,0.9847456812858582
NOVEL_QA_30,2021,0.9351970553398132
NOVEL_QA_27,2021,0.9441213607788086
NOVEL_QA_26,2021,0.9604678153991699
NOVEL_QA_25,2021,0.9488630294799805
NOVEL_QA_24,2021,0.9255879521369934
NOVEL_QA_23,2021,0.9416572451591492
NOVEL_QA_22,2021,0.9366621971130371
NOVEL_QA_21,2021,0.9892603754997253
NOVEL_QA_18,2021,0.9382205009460449
NOVEL_QA_17,2021,0.9342108964920044
NOVEL_QA_16,2021,0.9533385038375854
NOVEL_QA_15,2021,0.9547176361083984
NOVEL_QA_14,2021,0.9875497817993164
NOVEL_QA_13,2021,0.9409047365188599
NOVEL_QA_12,2021,0.951568603515625
NOVEL_QA_10,2021,0.9445055723190308
NOVEL_QA_50,2021,0.9453544616699219
NOVEL_QA_48,2021,0.9351445436477661
NOVEL_QA_47,2021,0.9837126731872559
NOVEL_QA_46,2021,0.9451032876968384
NOVEL_QA_45,2021,0.9375980496406555
NOVEL_QA_44,2021,0.9798058271408081
NOVEL_QA_43,2021,0.9851803779602051
NOVEL_QA_40,2021,0.9454865455627441
NOVEL_QA_39,2021,0.9459601640701294
NOVEL_QA_37,2021,0.9498823285102844
NOVEL_QA_36,2021,0.9430295825004578
NOVEL_QA_35,2021,0.9902083277702332
NOVEL_QA_34,2021,0.9468178749084473
NOVEL_QA_33,2021,0.9525097012519836
NOVEL_QA_32,2021,0.942882239818573
NOVEL_QA_69,2021,0.9898211359977722
NOVEL_QA_67,2021,0.9447393417358398
NOVEL_QA_66,2021,0.9483884572982788
NOVEL_QA_65,2021,0.9902598261833191
NOVEL_QA_64,2021,0.973040759563446
NOVEL_QA_63,2021,0.9877176284790039
NOVEL_QA_62,2021,0.9272621273994446
NOVEL_QA_61,2021,0.9728542566299438
NOVEL_QA_60,2021,0.9472902417182922
NOVEL_QA_59,2021,0.9401669502258301
NOVEL_QA_58,2021,0.9408086538314819
NOVEL_QA_57,2021,0.9311681985855103
NOVEL_QA_55,2021,0.9420676231384277
NOVEL_QA_54,2021,1.0
NOVEL_QA_53,2021,0.9382528066635132
NOVEL_QA_52,2021,0.9401335716247559
NOVEL_DIA_71,2021,0.9459776878356934
NOVEL_DIA_70,2021,0.9454887509346008
NOVEL_QA_86,2021,0.9870901107788086
NOVEL_QA_84,2021,0.988136887550354
NOVEL_QA_83,2021,0.9354220628738403
NOVEL_QA_81,2021,0.9175282716751099
NOVEL_QA_80,2021,0.9851056337356567
NOVEL_QA_79,2021,0.9850363731384277
NOVEL_QA_77,2021,0.9633668065071106
NOVEL_QA_76,2021,0.9901435971260071
NOVEL_QA_75,2021,0.9775126576423645
NOVEL_QA_74,2021,0.949079692363739
NOVEL_QA_72,2021,0.9411738514900208
NOVEL_QA_70,2021,0.9710216522216797
NOVEL_DIA_69,2021,0.948009192943573
NOVEL_DIA_68,2021,0.9497116208076477
NOVEL_DIA_67,2021,0.9377537965774536
NOVEL_DIA_66,2021,0.971241295337677
NOVEL_DIA_65,2021,0.9423784017562866
NOVEL_DIA_63,2021,0.9488404393196106
NOVEL_DIA_6,2021,0.953044593334198
NOVEL_DIA_5,2021,0.945256233215332
NOVEL_DIA_4,2021,0.9165413975715637
NOVEL_DIA_3,2021,0.9461904764175415
NOVEL_DIA_2,2021,0.9817122220993042
NOVEL_DIA_39,2021,0.926443874835968
NOVEL_DIA_37,2021,0.9473361968994141
NOVEL_DIA_35,2021,0.9855262637138367
NOVEL_DIA_34,2021,0.9449220895767212
NOVEL_DIA_33,2021,0.957202136516571
NOVEL_DIA_8,2021,0.9857185482978821
NOVEL_DIA_1,2021,0.9498157501220703
NOVEL_DIA_22,2021,0.9429818987846375
NOVEL_DIA_23,2021,0.9512540698051453
NOVEL_DIA_24,2021,0.9279783964157104
NOVEL_DIA_25,2021,0.9264565706253052
NOVEL_DIA_26,2021,0.9535639882087708
NOVEL_DIA_28,2021,0.9536808729171753
NOVEL_DIA_29,2021,0.9222709536552429
NOVEL_DIA_30,2021,0.9434161186218262
NOVEL_DIA_31,2021,0.9371708035469055
NOVEL_DIA_0,2021,0.9455913305282593
SKG_SUM_W3118800713,2022,0.9089665412902832
SKG_SUM_W4213077304,2022,0.9381586909294128
SKG_SA_W4281936363,2022,0.9149662256240845
SKG_SUM_W4281645619,2022,0.7535644173622131
SKG_SUM_W4280504305,2022,0.8644183874130249
NOVEL_MT_244,2022,0.9472716450691223
NOVEL_MT_280,2022,0.977790355682373
SKG_SA_W4210904809,2022,0.8748801946640015
SKG_SA_W4210592306,2022,0.8230832815170288
SKG_SA_W4385894687,2022,0.9581784009933472
SKG_SA_W4212926655,2022,0.9310476183891296
SKG_SUM_W4293872386,2022,0.8371572494506836
SKG_SUM_W4291885054,2022,0.8711259961128235
SKG_SUM_W3162720533,2022,0.8852624893188477
NOVEL_DIA_W4303696390,2022,0.8563845753669739
NOVEL_DIA_W1545565211,2022,0.8592087030410767
SKG_SUM_W4220927247,2022,0.8585287928581238
SKG_SUM_W4210897413,2022,0.8806109428405762
SKG_SUM_W4225383465,2022,0.8647220730781555
SKG_SUM_W4297014776,2022,0.8279404640197754
SKG_SUM_W4296698991,2022,0.8301323652267456
SKG_SUM_W4306850861,2022,0.8340625762939453
SKG_SA_W3188542058,2022,0.9802683591842651
SKG_SA_W4206271254,2022,0.8732776641845703
NOVEL_QA_W4309674289,2022,0.9273932576179504
NOVEL_SUM_W4309674289,2022,0.9273932576179504
BLOG_DIA_W4309674289,2022,0.9273931384086609
BLOG_MT_W4309674289,2022,0.9273932576179504
BLOG_QA_W4309674289,2022,0.9273932576179504
SKG_SUM_W4291111820,2022,0.8733494877815247
NOVEL_SUM_W4285744692,2022,0.8693745732307434
SKG_SUM_W4298110867,2022,0.9290400743484497
SKG_SA_W4288062238,2022,0.8902806043624878
SKG_SA_W4282972980,2022,0.8717601895332336
SKG_SA_W4229369233,2022,0.8951383829116821
SKG_SA_W3201869313,2022,0.9393820762634277
SKG_QA_W4220751443,2022,0.8681381344795227
SKG_QA_W4221113039,2022,0.8928182721138
BLOG_DIA_W4308995574,2022,0.8617900013923645
BLOG_QA_W4308995574,2022,0.8617900013923645
BLOG_DIA_W4210916416,2022,0.8979295492172241
BLOG_MT_W4210916416,2022,0.8979295492172241
SKG_SA_W4206134861,2022,0.9156753420829773
SKG_SA_W4287093414,2022,0.8804856538772583
SKG_SA_W3198571508,2022,0.9318488836288452
SKG_SA_W4286669989,2022,0.8717857599258423
SKG_SA_W4283588903,2022,0.8918132781982422
SKG_SUM_W4286383196,2022,0.8449012637138367
SKG_QA_W4206738234,2022,0.8812845945358276
SKG_SUM_W4206738234,2022,0.8812845945358276
SKG_QA_W4206556168,2022,0.8293755650520325
SKG_SA_W4296079469,2022,0.9089152216911316
SKG_SUM_W4296079469,2022,0.9089152216911316
SKG_SA_W4283758677,2022,0.869118332862854
SKG_SA_W4313310852,2022,0.8790558576583862
SKG_SUM_W4313310852,2022,0.8790558576583862
BLOG_DIA_W3122241445,2022,0.9359623789787292
BLOG_NLI_W3122241445,2022,0.9359623789787292
BLOG_QA_W3122241445,2022,0.9359623789787292
BLOG_SA_W3122241445,2022,0.9359623789787292
BLOG_DIA_W4294292920,2022,0.8628581166267395
SKG_SA_W4211256381,2022,0.7708680033683777
SKG_SA_W4293030664,2022,0.8661949038505554
SKG_SA_W4312474588,2022,0.8942359685897827
SKG_PAR_W3213472637,2022,0.9185471534729004
SKG_PAR_W4294133266,2022,0.9291726350784302
BLOG_DIA_W4213219820,2022,0.8537952303886414
BLOG_DIA_W4280489028,2022,0.8667029142379761
BLOG_DIA_W4283801824,2022,0.9169080853462219
BLOG_NLI_W4283801824,2022,0.9169080853462219
BLOG_DIA_W4304202992,2022,0.890416145324707
SKG_QA_W4308821586,2022,0.8914884328842163
SKG_QA_W4290769249,2022,0.8434391021728516
SKG_QA_W4283740148,2022,0.9000025987625122
SKG_QA_W4220728596,2022,0.780827522277832
SKG_QA_W4282006100,2022,0.9152398109436035
SKG_QA_W4285004952,2022,0.8762656450271606
SKG_PAR_W4285106586,2022,0.9476345777511597
SKG_QA_W4283641177,2022,0.8659067153930664
SKG_QA_W4220935272,2022,0.8849143981933594
SKG_PAR_W3202031169,2022,0.9291588068008423
SKG_PAR_W4285158119,2022,0.9077305793762207
SKG_SUM_W4298086991,2022,0.8496600389480591
SKG_QA_W4224246016,2022,0.8508110046386719
SKG_PAR_W4288436242,2022,0.8906741142272949
BLOG_DIA_W4313294616,2022,0.8950144052505493
BLOG_SA_W4313294616,2022,0.8950144052505493
BLOG_DIA_W4296692877,2022,0.8723742365837097
BLOG_DIA_W4285091711,2022,0.8713213801383972
SKG_QA_W2117226423,2022,0.8559459447860718
SKG_QA_W4205941964,2022,0.9028385877609253
SKG_SA_W4205941964,2022,0.9028385877609253
SKG_SUM_W4205941964,2022,0.9028385877609253
SKG_QA_W4292736944,2022,0.8682118654251099
SKG_QA_W4206918024,2022,0.8986795544624329
SKG_QA_W4313310852,2022,0.8790558576583862
SKG_PAR_W4385572754,2022,0.9434089660644531
SKG_PAR_W4385573325,2022,0.9471486806869507
SKG_PAR_W4226388780,2022,0.9005686640739441
SKG_PAR_W4312257891,2022,0.9175128936767578
SKG_PAR_W4311798217,2022,0.895582377910614
SKG_PAR_W4312634749,2022,0.9260590672492981
BLOG_DIA_W643335905,2022,0.8535172343254089
BLOG_PAR_W643335905,2022,0.8535172343254089
BLOG_DIA_W4206213217,2022,0.8811576962471008
BLOG_DIA_W4213292645,2022,0.6849416494369507
BLOG_DIA_W4205343758,2022,0.8802987933158875
BLOG_DIA_W4307870433,2022,0.8631377220153809
SKG_PAR_W4385573236,2022,0.949881374835968
SKG_PAR_W3200957830,2022,0.8456632494926453
SKG_PAR_W4225580830,2022,0.9442151784896851
SKG_PAR_W4285251400,2022,0.9138444662094116
SKG_PAR_W3035620341,2022,0.9424309730529785
SKG_PAR_W4285248702,2022,0.7719163298606873
BLOG_DIA_W4310388968,2022,0.8692971467971802
BLOG_DIA_W4280565855,2022,0.8258670568466187
BLOG_DIA_W4313299691,2022,0.8665295839309692
BLOG_DIA_W4313313935,2022,0.910905659198761
NOVEL_DIA_W4285091711,2022,0.8713213801383972
SKG_QA_W4281564584,2022,0.8746252059936523
SKG_QA_W4220831425,2022,0.901218056678772
SKG_QA_W4292865744,2022,0.8649396896362305
SKG_QA_W4225147016,2022,0.8296209573745728
SKG_QA_W4281296357,2022,0.8986107110977173
SKG_QA_W4285794683,2022,0.8941332101821899
SKG_QA_W4298086991,2022,0.8496600389480591
SKG_PAR_W4285059900,2022,0.6713420748710632
SKG_PAR_W4285289306,2022,0.9357737302780151
SKG_PAR_W4210894209,2022,0.9340416193008423
SKG_PAR_W4285248746,2022,0.9059365391731262
SKG_PAR_W4225729224,2022,0.8743711709976196
BLOG_DIA_W4307940505,2022,0.8703249096870422
BLOG_DIA_W4362653910,2022,0.8294351696968079
BLOG_DIA_W4214878371,2022,0.7906438112258911
BLOG_MT_W3185341429,2022,0.9351474046707153
BLOG_NLI_W3185341429,2022,0.9351474046707153
BLOG_DIA_W4293760954,2022,0.8750505447387695
BLOG_SA_W4293760954,2022,0.8750505447387695
SKG_PAR_W4293479414,2022,0.9462542533874512
SKG_PAR_W4288036466,2022,0.8735418319702148
SKG_PAR_W4294833327,2022,0.9189697504043579
SKG_PAR_W4213306338,2022,0.8877023458480835
SKG_PAR_W4385565879,2022,0.9457858800888062
SKG_PAR_W4312299829,2022,0.803723156452179
SKG_PAR_W3152268000,2022,0.9414421319961548
SKG_PAR_W4210457441,2022,0.8765118718147278
SKG_PAR_W4385573003,2022,0.9731103777885437
SKG_PAR_W4281566573,2022,0.9193849563598633
SKG_PAR_W3152884768,2022,0.929914116859436
SKG_PAR_W4385572845,2022,0.8994536399841309
SKG_SA_W4385572845,2022,0.8994536399841309
BLOG_SUM_W3185341429,2022,0.9351474046707153
BLOG_MT_W2004481065,2022,0.8487054109573364
NOVEL_MT_W2004481065,2022,0.8487054109573364
BLOG_MT_W4311263986,2022,0.8405113220214844
BLOG_SUM_W4311263986,2022,0.8405113220214844
BLOG_PAR_W4313313935,2022,0.910905659198761
SKG_PAR_W4303456980,2022,0.8691657185554504
SKG_PAR_W4284962095,2022,0.8776726722717285
SKG_PAR_W4385574286,2022,0.9462763667106628
SKG_NLI_W4296027312,2022,0.9211777448654175
SKG_NLI_W4200628723,2022,0.8774484395980835
BLOG_MT_W3212516020,2022,0.9323557615280151
BLOG_SUM_W3212516020,2022,0.9323557615280151
NOVEL_MT_W3212516020,2022,0.9323557615280151
BLOG_DIA_W4306736955,2022,0.7562518119812012
BLOG_PAR_W3185341429,2022,0.9351474046707153
BLOG_QA_W3185341429,2022,0.9351474046707153
BLOG_SA_W3185341429,2022,0.9351474046707153
SKG_PAR_W4385572953,2022,0.9363105893135071
SKG_PAR_W3198599617,2022,0.8159821629524231
SKG_PAR_W3205717164,2022,0.9263216257095337
SKG_PAR_W3207553988,2022,0.9695135354995728
SKG_NLI_W4224291780,2022,0.8700600862503052
SKG_PAR_W3213990450,2022,0.9454423785209656
SKG_PAR_W3123221944,2022,0.9248442649841309
SKG_NLI_W3020975691,2022,0.9139885902404785
SKG_PAR_W3020975691,2022,0.9139885902404785
SKG_SA_W3020975691,2022,0.9139885902404785
BLOG_DIA_W4285140393,2022,0.9153954386711121
BLOG_NLI_W4285140393,2022,0.9153954386711121
BLOG_PAR_W4285140393,2022,0.9153954386711121
BLOG_SA_W4285140393,2022,0.9153954386711121
BLOG_DIA_W4283583423,2022,0.8734129071235657
BLOG_DIA_W4287447353,2022,0.8707040548324585
BLOG_DIA_W4226343892,2022,0.8536391258239746
BLOG_MT_W1509527650,2022,0.8604758977890015
NOVEL_MT_W1509527650,2022,0.8604758977890015
SKG_PAR_W4221153690,2022,0.9475196003913879
SKG_SA_W4221153690,2022,0.9475196003913879
SKG_PAR_W4385573087,2022,0.9477957487106323
SKG_PAR_W4281286553,2022,0.8954108953475952
SKG_NLI_W4285225959,2022,0.9437075853347778
SKG_NLI_W4221166835,2022,0.9833329916000366
SKG_SA_W4221166835,2022,0.9833329916000366
SKG_NLI_W4290876361,2022,0.9328622817993164
BLOG_MT_W4221143046,2022,0.9107006192207336
BLOG_MT_W4206841239,2022,0.8458722829818726
BLOG_QA_W4206841239,2022,0.8458722829818726
BLOG_SUM_W4206841239,2022,0.8458722829818726
BLOG_MT_W4220652963,2022,0.8895677328109741
BLOG_DIA_W4286697722,2022,0.8899399042129517
BLOG_DIA_W4296405185,2022,0.8705829381942749
BLOG_DIA_W4206408372,2022,0.8823367953300476
SKG_NLI_W4295854586,2022,0.8925941586494446
SKG_PAR_W4213025374,2022,0.9103695154190063
SKG_NLI_W4213199992,2022,0.8913654088973999
SKG_NLI_W4229073893,2022,0.8704706430435181
SKG_SA_W3156470785,2022,0.9469534754753113
SKG_NLI_W4285105424,2022,0.8935632705688477
SKG_MT_W3199093552,2022,0.9415982961654663
BLOG_SUM_W4283522546,2022,0.86949622631073
BLOG_MT_W4212801432,2022,0.8669581413269043
BLOG_SUM_W4212801432,2022,0.8669581413269043
BLOG_MT_W4224213039,2022,0.8699977993965149
BLOG_SUM_W4224213039,2022,0.8699977993965149
BLOG_MT_W4224251997,2022,0.8550642728805542
BLOG_SUM_W4224251997,2022,0.8550642728805542
BLOG_DIA_W4285797856,2022,0.8613449335098267
BLOG_SA_W4285797856,2022,0.8613449335098267
SKG_NLI_W4286001073,2022,0.8874395489692688
SKG_NLI_W3203321135,2022,0.9170071482658386
SKG_PAR_W3203321135,2022,0.9170071482658386
SKG_NLI_W4307233260,2022,0.8511325716972351
SKG_MT_W4309305948,2022,0.9005107879638672
SKG_MT_W4220863497,2022,0.9012869000434875
SKG_SUM_W4220863497,2022,0.9012869000434875
BLOG_MT_W4294992918,2022,0.840417206287384
BLOG_SUM_W4294992918,2022,0.840417206287384
NOVEL_MT_W4294992918,2022,0.840417206287384
BLOG_MT_W3001446396,2022,0.828275203704834
BLOG_MT_W4206608028,2022,0.8618413805961609
BLOG_MT_W4210962045,2022,0.8454341888427734
BLOG_SUM_W4210962045,2022,0.8454341888427734
BLOG_SUM_W4220652963,2022,0.8895677328109741
BLOG_MT_W4283522546,2022,0.86949622631073
BLOG_QA_W4283522546,2022,0.86949622631073
SKG_NLI_W4309811444,2022,0.9357541799545288
SKG_NLI_W4309306035,2022,0.896872341632843
SKG_NLI_W3156470785,2022,0.9469534754753113
BLOG_QA_W4295951577,2022,0.8926336169242859
SKG_MT_W4283816760,2022,0.8842256665229797
SKG_MT_W4281763794,2022,0.9285138845443726
SKG_SUM_W4281763794,2022,0.9285138845443726
SKG_MT_W3162090017,2022,0.981350302696228
SKG_NLI_W3162090017,2022,0.981350302696228
SKG_SUM_W3162090017,2022,0.981350302696228
SKG_MT_W4307135222,2022,0.9293774366378784
SKG_NLI_W4307135222,2022,0.9293774366378784
SKG_SA_W4307135222,2022,0.9293774366378784
SKG_MT_W3158304688,2022,0.9468570947647095
SKG_MT_W3139434170,2022,0.9486384391784668
SKG_MT_W4221166942,2022,0.9444535374641418
SKG_NLI_W4221166942,2022,0.9444535374641418
SKG_QA_W4221166942,2022,0.9444535374641418
SKG_MT_W4210747461,2022,0.911594569683075
BLOG_MT_W4283723802,2022,0.8657742738723755
BLOG_QA_W4283723802,2022,0.8657742738723755
BLOG_SUM_W4283723802,2022,0.8657742738723755
BLOG_NLI_W4224300633,2022,0.9023476839065552
BLOG_QA_W4224300633,2022,0.9023476839065552
BLOG_SUM_W4224300633,2022,0.9023476839065552
BLOG_NLI_W3137147200,2022,0.9184396862983704
BLOG_QA_W3137147200,2022,0.9184396862983704
BLOG_SUM_W3137147200,2022,0.9184396862983704
BLOG_MT_W4284693043,2022,0.7730634212493896
BLOG_MT_W4210853074,2022,0.8531419038772583
BLOG_SUM_W4210853074,2022,0.8531419038772583
BLOG_MT_W4223899585,2022,0.9175795316696167
BLOG_SUM_W4223899585,2022,0.9175795316696167
BLOG_MT_W4295951577,2022,0.8926336169242859
BLOG_NLI_W4295951577,2022,0.8926336169242859
SKG_NLI_W4308834893,2022,0.876782238483429
BLOG_NLI_W3176828726,2022,0.9375723004341125
BLOG_PAR_W3176828726,2022,0.9375723004341125
BLOG_QA_W3176828726,2022,0.9375723004341125
BLOG_SA_W3176828726,2022,0.9375723004341125
BLOG_NLI_W3185585276,2022,0.9159086346626282
BLOG_NLI_W3104128335,2022,0.908259391784668
BLOG_NLI_W4210305137,2022,0.8849471807479858
BLOG_MT_W4206368060,2022,0.858242392539978
BLOG_MT_W4285391272,2022,0.8319944143295288
BLOG_MT_W4311674730,2022,0.846588134765625
BLOG_MT_W4224942887,2022,0.862773060798645
BLOG_NLI_W4206582439,2022,0.8634985089302063
BLOG_MT_W4289920177,2022,0.8704490661621094
NOVEL_MT_W4289920177,2022,0.8704490661621094
BLOG_MT_W4304084065,2022,0.8901543617248535
BLOG_NLI_W4286500588,2022,0.9064523577690125
BLOG_NLI_W4283799942,2022,0.8773975372314453
NOVEL_MT_W4283799942,2022,0.8773975372314453
BLOG_NLI_W4291972732,2022,0.9036245346069336
BLOG_NLI_W4285065952,2022,0.8797372579574585
BLOG_NLI_W3138815606,2022,0.9164785146713257
BLOG_SA_W3138815606,2022,0.9164785146713257
BLOG_MT_W4221041782,2022,0.8200432062149048
SKG_SUM_W4221166942,2022,0.9444535374641418
SKG_MT_W4385573131,2022,0.9428914189338684
SKG_NLI_W4385573131,2022,0.9428914189338684
SKG_QA_W4385573131,2022,0.9428914189338684
SKG_MT_W4221049439,2022,0.892400860786438
SKG_NLI_W4221049439,2022,0.892400860786438
SKG_SUM_W4221049439,2022,0.892400860786438
SKG_MT_W4287854497,2022,0.8814326524734497
BLOG_NLI_W4285787895,2022,0.934489905834198
BLOG_SA_W4285787895,2022,0.934489905834198
BLOG_NLI_W4205589336,2022,0.8642684817314148
BLOG_NLI_W4226108798,2022,0.8995874524116516
BLOG_SA_W4226108798,2022,0.8995874524116516
BLOG_NLI_W4307561542,2022,0.9302200078964233
BLOG_SA_W4307561542,2022,0.9302201271057129
BLOG_NLI_W4220980752,2022,0.8840066194534302
SKG_NLI_W4205773061,2022,0.7133965492248535
SKG_NLI_W4229011615,2022,0.9308662414550781
SKG_SA_W4229011615,2022,0.9308662414550781
SKG_SUM_W4229011615,2022,0.9308662414550781
SKG_MT_W4307116049,2022,0.7950060963630676
SKG_MT_W3195968524,2022,0.9124981164932251
BLOG_NLI_W4313451803,2022,0.9129699468612671
BLOG_QA_W4313451803,2022,0.9129699468612671
SKG_MT_W4285294723,2022,0.9822966456413269
BLOG_NLI_W4281784047,2022,0.8979056477546692
BLOG_NLI_W4312910656,2022,0.904084324836731
BLOG_NLI_W4210361514,2022,0.9195079803466797
BLOG_NLI_W4293762926,2022,0.9189635515213013
BLOG_NLI_W4224282610,2022,0.8965107202529907
BLOG_NLI_W4206027059,2022,0.8543564677238464
BLOG_NLI_W4297094728,2022,0.9054309129714966
BLOG_SA_W4297094728,2022,0.9054309129714966
BLOG_NLI_W4302426080,2022,0.9048457145690918
BLOG_NLI_W4205636865,2022,0.855941653251648
SKG_NLI_W3195968524,2022,0.9124981164932251
SKG_MT_W4226225860,2022,0.8923863172531128
SKG_QA_W4226225860,2022,0.8923863172531128
SKG_MT_W4225278475,2022,0.9216922521591187
SKG_MT_W4225597912,2022,0.9162014126777649
BLOG_NLI_W4285306189,2022,0.8933029174804688
BLOG_NLI_W4205563072,2022,0.9125102758407593
BLOG_NLI_W4306179830,2022,0.9103808403015137
BLOG_NLI_W3134255974,2022,0.9194496273994446
BLOG_PAR_W3134255974,2022,0.9194496273994446
BLOG_SA_W3134255974,2022,0.9194496273994446
BLOG_NLI_W4285389795,2022,0.8504984974861145
BLOG_NLI_W4224839097,2022,0.8713695406913757
SKG_MT_W4206693420,2022,0.9186128377914429
SKG_NLI_W4206693420,2022,0.9186128377914429
SKG_SUM_W4206693420,2022,0.9186128377914429
SKG_MT_W4294733719,2022,0.8608454465866089
SKG_MT_W4308463927,2022,0.9064667820930481
SKG_QA_W4308463927,2022,0.9064667820930481
SKG_MT_W4225264859,2022,0.9222973585128784
SKG_SUM_W3045710579,2022,0.8922249674797058
SKG_SUM_W4295122555,2022,0.921390175819397
SKG_MT_W4308834828,2022,0.8905893564224243
SKG_QA_W4308834828,2022,0.8905893564224243
SKG_MT_W4205129187,2022,0.8892099261283875
BLOG_NLI_W4312039421,2022,0.8986827731132507
BLOG_NLI_W4206166171,2022,0.8759678602218628
BLOG_NLI_W4283822762,2022,0.8995676040649414
BLOG_PAR_W4283066533,2022,0.8380410075187683
BLOG_NLI_W4206968775,2022,0.8619893789291382
BLOG_NLI_W3191514888,2022,0.9017065167427063
BLOG_NLI_W4205995027,2022,0.9046516418457031
BLOG_NLI_W4221045317,2022,0.883439838886261
BLOG_QA_W4221045317,2022,0.883439838886261
BLOG_SA_W4221045317,2022,0.883439838886261
BLOG_PAR_W4225577560,2022,0.8824984431266785
BLOG_PAR_W4295981380,2022,0.8818647265434265
SKG_MT_W4210542665,2022,0.8768736124038696
SKG_NLI_W4210542665,2022,0.8768734931945801
SKG_MT_W3045710579,2022,0.8922249674797058
BLOG_PAR_W2336292967,2022,0.8399847149848938
BLOG_PAR_W3187467055,2022,0.9053109288215637
BLOG_PAR_W4308411482,2022,0.8610159158706665
BLOG_PAR_W4295308277,2022,0.900964617729187
BLOG_PAR_W4291287154,2022,0.6212838888168335
BLOG_NLI_W4223417816,2022,0.8679245710372925
SKG_NLI_W4285294723,2022,0.9822966456413269
SKG_QA_W4285294723,2022,0.9822966456413269
SKG_SA_W4285294723,2022,0.9822966456413269
SKG_SUM_W4285294723,2022,0.9822966456413269
SKG_MT_W4295122555,2022,0.921390175819397
SKG_NLI_W4295122555,2022,0.921390175819397
SKG_SA_W4295122555,2022,0.921390175819397
SKG_DIA_W4214688262,2022,0.8808013796806335
SKG_DIA_W4280521333,2022,0.8048077821731567
SKG_DIA_W4282940054,2022,0.8863103985786438
SKG_DIA_W4281660018,2022,0.8981906175613403
SKG_DIA_W4206046353,2022,0.8863857388496399
SKG_DIA_W4206929493,2022,0.8843890428543091
BLOG_PAR_W4285491921,2022,0.8598171472549438
BLOG_PAR_W4213445714,2022,0.8920793533325195
BLOG_PAR_W3197754201,2022,0.9653540849685669
BLOG_PAR_W4291465497,2022,0.8499242663383484
BLOG_PAR_W4296139711,2022,0.919517993927002
BLOG_PAR_W4308026781,2022,0.8631780743598938
BLOG_PAR_W4295269979,2022,0.8286568522453308
SKG_MT_W2914057887,2022,0.8939631581306458
SKG_QA_W2914057887,2022,0.8939631581306458
SKG_MT_W4220773259,2022,0.8439520597457886
BLOG_PAR_W4289792856,2022,0.911591649055481
BLOG_PAR_W4223993006,2022,0.884600818157196
BLOG_PAR_W4294868067,2022,0.8853203654289246
BLOG_PAR_W3163073193,2022,0.9363870620727539
BLOG_PAR_W4286628214,2022,0.8730028867721558
BLOG_PAR_W4214903622,2022,0.8812071084976196
BLOG_PAR_W4226050343,2022,0.8504232168197632
BLOG_PAR_W4308939312,2022,0.9311607480049133
BLOG_PAR_W4307460067,2022,0.8780566453933716
BLOG_PAR_W4220657299,2022,0.8918323516845703
BLOG_PAR_W4285590436,2022,0.8653241395950317
BLOG_PAR_W4224000772,2022,0.8806017637252808
SKG_DIA_W4287891464,2022,0.9395624399185181
SKG_PAR_W4287891464,2022,0.9395624399185181
SKG_DIA_W4205475170,2022,0.8917485475540161
SKG_DIA_W4220747294,2022,0.9169869422912598
BLOG_QA_W4287824654,2022,0.9211934804916382
NOVEL_QA_W4287824654,2022,0.9211934804916382
BLOG_PAR_W4226069095,2022,0.9231008291244507
SKG_MT_W4288039037,2022,0.909870982170105
SKG_NLI_W4288039037,2022,0.909870982170105
SKG_QA_W4288039037,2022,0.909870982170105
SKG_MT_W4306871314,2022,0.8615278005599976
SKG_MT_W4308697725,2022,0.8071321249008179
SKG_SUM_W4308697725,2022,0.8071321249008179
SKG_MT_W4307934708,2022,0.8519600033760071
SKG_QA_W4307934708,2022,0.8519600033760071
SKG_SUM_W4307934708,2022,0.8519600033760071
SKG_MT_W4213212652,2022,0.8674666285514832
SKG_QA_W4213212652,2022,0.8674666285514832
SKG_DIA_W4297325261,2022,0.858925461769104
SKG_NLI_W4297325261,2022,0.858925461769104
SKG_MT_W3212386989,2022,0.9275282025337219
SKG_NLI_W3212386989,2022,0.9275282025337219
SKG_SUM_W3212386989,2022,0.9275282025337219
NOVEL_QA_W4229005866,2022,0.926031231880188
BLOG_QA_W4223437809,2022,0.8557577133178711
BLOG_SUM_W4223437809,2022,0.8557577133178711
BLOG_QA_W4221106857,2022,0.8789423704147339
BLOG_SUM_W4221106857,2022,0.8789423704147339
BLOG_PAR_W4310182109,2022,0.8588269948959351
BLOG_PAR_W4205999716,2022,0.8586581349372864
BLOG_PAR_W4281262808,2022,0.9194284677505493
BLOG_PAR_W1534269931,2022,0.8816493153572083
BLOG_PAR_W4221145545,2022,0.9326478838920593
BLOG_PAR_W4320003957,2022,0.9141348004341125
BLOG_PAR_W4283208789,2022,0.9395349621772766
BLOG_PAR_W4226427271,2022,0.941683292388916
SKG_SA_W4284966012,2022,0.9035905599594116
SKG_DIA_W4212802598,2022,0.8814009428024292
BLOG_PAR_W4283028809,2022,0.8808127641677856
BLOG_PAR_W4307364527,2022,0.9220410585403442
BLOG_PAR_W4284977339,2022,0.9139788746833801
BLOG_PAR_W3206387060,2022,0.9081734418869019
BLOG_PAR_W4308877338,2022,0.8667356371879578
BLOG_PAR_W4297236149,2022,0.9141405820846558
BLOG_PAR_W4297405114,2022,0.8858787417411804
BLOG_PAR_W4318574708,2022,0.617275059223175
BLOG_QA_W4229005866,2022,0.926031231880188
SKG_MT_W4307468223,2022,0.8816837072372437
SKG_SUM_W4307468223,2022,0.8816837072372437
SKG_MT_W3194620979,2022,0.8808072209358215
SKG_QA_W3194620979,2022,0.8808072209358215
SKG_SUM_W3194620979,2022,0.8808072209358215
SKG_DIA_W4288391568,2022,0.8911412358283997
SKG_NLI_W4288391568,2022,0.8911412358283997
SKG_SA_W4288391568,2022,0.8911412358283997
SKG_DIA_W4228997948,2022,0.9088729023933411
BLOG_PAR_W4281493239,2022,0.8091986775398254
BLOG_QA_W4220831070,2022,0.8953167200088501
BLOG_QA_W4210314283,2022,0.8816300630569458
BLOG_QA_W4224213495,2022,0.8704149127006531
BLOG_QA_W4229056760,2022,0.8930565714836121
BLOG_PAR_W4289344424,2022,0.9328581690788269
BLOG_PAR_W4229011217,2022,0.8784937858581543
SKG_DIA_W4206528627,2022,0.864745020866394
SKG_DIA_W4307127952,2022,0.8817476034164429
SKG_SA_W4307127952,2022,0.8817476034164429
SKG_DIA_W4284966012,2022,0.9035905599594116
SKG_NLI_W4284966012,2022,0.9035905599594116
SKG_SUM_W3201174429,2022,0.9075664281845093
SKG_PAR_W4385567149,2022,0.9291307330131531
SKG_QA_W4385567149,2022,0.9291307330131531
SKG_SA_W4385567149,2022,0.9291307330131531
BLOG_QA_W4308019622,2022,0.8617951273918152
BLOG_QA_W4221079563,2022,0.8730772733688354
BLOG_QA_W4225726077,2022,0.8433993458747864
BLOG_QA_W4220862305,2022,0.9107659459114075
BLOG_QA_W4285082442,2022,0.8497589826583862
NOVEL_MT_W4285082442,2022,0.8497589826583862
BLOG_QA_W4291000418,2022,0.8516019582748413
BLOG_QA_W4310021468,2022,0.8758673667907715
BLOG_QA_W4225323055,2022,0.937442421913147
SKG_SA_W4212802598,2022,0.8814009428024292
SKG_DIA_W4224108448,2022,0.8516387939453125
SKG_DIA_W4221054016,2022,0.862216591835022
BLOG_SA_W4313178214,2022,0.9151393175125122
BLOG_QA_W3209232797,2022,0.8853972554206848
BLOG_QA_W4225751474,2022,0.8797290921211243
BLOG_SA_W4225321042,2022,0.9117573499679565
BLOG_SA_W4223552619,2022,0.9057620763778687
BLOG_SA_W4283724611,2022,0.5825787782669067
BLOG_SA_W4224300552,2022,0.8287569284439087
BLOG_QA_W4210657012,2022,0.8323558568954468
BLOG_QA_W4281640569,2022,0.8633754849433899
BLOG_QA_W4291172319,2022,0.8672087788581848
SKG_DIA_W4221079197,2022,0.8690182566642761
SKG_MT_W4221079197,2022,0.8690182566642761
SKG_QA_W4221079197,2022,0.8690182566642761
SKG_SUM_W4221079197,2022,0.8690182566642761
SKG_DIA_W3201174429,2022,0.9075664281845093
SKG_PAR_W3201174429,2022,0.9075664281845093
BLOG_SA_W4293060971,2022,0.9099977612495422
BLOG_SA_W4224276240,2022,0.892749011516571
BLOG_SA_W4212997072,2022,0.8390114903450012
BLOG_SA_W4297519284,2022,0.8996533155441284
BLOG_SA_W4297008844,2022,0.8638684153556824
BLOG_QA_W1495683013,2022,0.8968058824539185
SKG_DIA_W4282978483,2022,0.8650481104850769
SKG_DIA_W4205955331,2022,0.8365997076034546
SKG_QA_W4205955331,2022,0.8365997076034546
SKG_DIA_W4283170666,2022,0.9069161415100098
SKG_MT_W4283170666,2022,0.9069161415100098
SKG_NLI_W4283170666,2022,0.9069161415100098
SKG_QA_W4283170666,2022,0.9069161415100098
SKG_SA_W4283170666,2022,0.9069161415100098
NOVEL_QA_W1495683013,2022,0.8968058824539185
BLOG_QA_W4313178214,2022,0.9151393175125122
SKG_NLI_W4292289324,2022,0.9022700190544128
SKG_QA_W4292289324,2022,0.9022700190544128
SKG_SA_W4292289324,2022,0.9022700190544128
SKG_SUM_W4292289324,2022,0.9022700190544128
SKG_DIA_W4285247752,2022,0.9318982362747192
SKG_NLI_W4285247752,2022,0.9318982362747192
SKG_QA_W4285247752,2022,0.9318982362747192
SKG_SA_W4285247752,2022,0.9318982362747192
SKG_DIA_W4385567149,2022,0.9291307330131531
SKG_MT_W4385567149,2022,0.9291307330131531
SKG_NLI_W4385567149,2022,0.9291307330131531
SKG_SA_W4213072767,2022,0.9449625015258789
NOVEL_SA_W4283824584,2022,0.8738683462142944
NOVEL_SA_W4295048810,2022,0.8107901811599731
BLOG_SA_W4285048163,2022,0.819507896900177
BLOG_SA_W4281560933,2022,0.8508080244064331
BLOG_SUM_W4309673498,2022,0.8500701785087585
BLOG_SUM_W4228997710,2022,0.8615087270736694
BLOG_SUM_W4283727492,2022,0.8757278323173523
BLOG_SA_W4223914794,2022,0.8945820927619934
BLOG_SA_W4300484403,2022,0.8900901675224304
BLOG_SA_W4282959103,2022,0.8634950518608093
BLOG_SA_W4309618925,2022,0.8995882868766785
BLOG_SA_W4229070589,2022,0.8448654413223267
BLOG_SA_W4309662907,2022,0.8607305288314819
BLOG_SA_W4210265212,2022,0.8486096262931824
BLOG_SA_W3140635136,2022,0.8463748693466187
BLOG_SA_W4281690218,2022,0.9267263412475586
BLOG_SA_W4286593299,2022,0.9122248888015747
NOVEL_SA_W4286593299,2022,0.9122248888015747
SKG_DIA_W4292289324,2022,0.9022700190544128
SKG_MT_W4292289324,2022,0.9022700190544128
NOVEL_SA_W4380520708,2022,0.7307897806167603
NOVEL_SA_W4213050051,2022,0.8749945759773254
NOVEL_SA_W4297256710,2022,0.8391213417053223
NOVEL_SA_W4229024336,2022,0.8992711305618286
BLOG_SA_W4281692210,2022,0.9193111658096313
BLOG_SA_W4284697944,2022,0.8756831884384155
BLOG_SA_W4206305056,2022,0.8371685743331909
BLOG_SA_W4205203927,2022,0.8702150583267212
BLOG_SA_W4287844092,2022,0.8857243657112122
BLOG_SA_W4311430511,2022,0.9184514880180359
BLOG_SA_W4225105833,2022,0.8633444905281067
BLOG_SUM_W4283271244,2022,0.8782045245170593
BLOG_SUM_W4210598935,2022,0.9121600389480591
BLOG_SUM_W4283695295,2022,0.8731076121330261
BLOG_SUM_W4205454439,2022,0.8170994520187378
BLOG_SUM_W4210860941,2022,0.8600031137466431
NOVEL_SA_W4285494161,2022,0.8538028597831726
NOVEL_SA_W4289704658,2022,0.8962615728378296
NOVEL_SA_W4224234154,2022,0.8966125249862671
SKG_DIA_W4224234154,2022,0.8966125249862671
SKG_SA_W4224234154,2022,0.8966125249862671
NOVEL_SA_W4226442993,2022,0.8590186238288879
NOVEL_SA_W3140416091,2022,0.933269202709198
NOVEL_SA_W4213072767,2022,0.9449625015258789
SKG_MT_W4312597583,2022,0.9405253529548645
BLOG_SUM_W4393818646,2022,0.8316322565078735
BLOG_SA_W4220831343,2022,0.8642290234565735
BLOG_SA_W4206965408,2022,0.931745171546936
BLOG_SA_W2950398529,2022,0.8897107243537903
NOVEL_SA_W4285250231,2022,0.927756130695343
NOVEL_SA_W4283168218,2022,0.9456407427787781
SKG_SA_W4283168218,2022,0.9456407427787781
SKG_QA_W3137125108,2022,0.9078644514083862
SKG_SUM_W3137125108,2022,0.9078644514083862
NOVEL_SA_W4290932423,2022,0.8436835408210754
NOVEL_SA_W4312597583,2022,0.9405253529548645
SKG_NLI_W4206484811,2022,0.9024136662483215
SKG_PAR_W4206484811,2022,0.9024136662483215
SKG_QA_W4206484811,2022,0.9024136662483215
NOVEL_SA_W4281553262,2022,0.8504522442817688
NOVEL_SA_W4295795036,2022,0.6427992582321167
NOVEL_SA_W4312908198,2022,0.925389289855957
SKG_SA_W4312908198,2022,0.925389289855957
NOVEL_SA_W4220866631,2022,0.9079337120056152
NOVEL_SA_W4295749386,2022,0.8771504163742065
NOVEL_SA_W4293105742,2022,0.9005336761474609
NOVEL_SA_W4206670862,2022,0.8915055990219116
NOVEL_SA_W3159301005,2022,0.8930147886276245
NOVEL_MT_W4283757722,2022,0.8602469563484192
NOVEL_MT_W4207043059,2022,0.8641288876533508
NOVEL_MT_W4292731246,2022,0.8694731593132019
NOVEL_SA_W4220825176,2022,0.8327623605728149
SKG_DIA_W4206484811,2022,0.9024136662483215
SKG_MT_W4206484811,2022,0.9024136662483215
NOVEL_DIA_W4285585446,2022,0.889961838722229
SKG_SA_W4206484811,2022,0.9024136662483215
SKG_SUM_W4206484811,2022,0.9024136662483215
NOVEL_SA_W4213436352,2022,0.8270996809005737
SKG_DIA_W4213436352,2022,0.8270996809005737
SKG_QA_W4213436352,2022,0.8270996809005737
NOVEL_MT_W4309782713,2022,0.8490594029426575
SKG_NLI_W4309782713,2022,0.8490594029426575
SKG_DIA_W3137125108,2022,0.9078644514083862
SKG_NLI_W3137125108,2022,0.9078644514083862
NOVEL_MT_W4281683632,2022,0.8639914393424988
NOVEL_MT_W4307034884,2022,0.8663798570632935
NOVEL_MT_W4310569000,2022,0.8455017805099487
NOVEL_MT_W3212407416,2022,0.8845347166061401
NOVEL_MT_W4280531467,2022,0.844420313835144
NOVEL_QA_W4207072548,2022,0.9120633006095886
NOVEL_MT_W4296268709,2022,0.8662008047103882
BLOG_SUM_W4288459223,2022,0.8703287243843079
BLOG_SUM_W4289958251,2022,0.7547578811645508
BLOG_SUM_W2004199685,2022,0.8774104118347168
NOVEL_MT_W4210521984,2022,0.811149001121521
NOVEL_MT_W4214706752,2022,0.9135885238647461
NOVEL_MT_W4214767244,2022,0.8779675364494324
NOVEL_MT_W4281901970,2022,0.8312674760818481
NOVEL_MT_W4211159471,2022,0.860144317150116
NOVEL_MT_W4205647138,2022,0.8790389895439148
NOVEL_MT_W4307112113,2022,0.8799851536750793
BLOG_SUM_W4281569188,2022,0.8694761991500854
BLOG_SUM_W4220706225,2022,0.8805028200149536
BLOG_SUM_W4307479757,2022,0.8316251635551453
BLOG_SUM_W4206620445,2022,0.8300260305404663
BLOG_SUM_W4220799853,2022,0.8517453074455261
BLOG_SUM_W4293435090,2022,0.8490453958511353
BLOG_SUM_W4205585760,2022,0.8835819363594055
BLOG_SUM_W4304687342,2022,0.8603140711784363
BLOG_SUM_W4281385918,2022,0.7853370904922485
BLOG_SUM_W3160706287,2022,0.8498913645744324
NOVEL_QA_W4304013646,2022,0.941607654094696
NOVEL_MT_W4312731878,2022,0.9363408088684082
NOVEL_MT_W4220991830,2022,0.8855612874031067
NOVEL_MT_W4210920041,2022,0.821036696434021
NOVEL_MT_W4283721142,2022,0.7133965492248535
SKG_MT_W3039695075,2022,0.9488046765327454
SKG_NLI_W3039695075,2022,0.9488046765327454
SKG_PAR_W3039695075,2022,0.9488046765327454
SKG_SA_W3039695075,2022,0.9488046765327454
NOVEL_MT_W4289261621,2022,0.807147204875946
NOVEL_MT_W4207073529,2022,0.8673627972602844
NOVEL_MT_W4205713819,2022,0.805689811706543
NOVEL_MT_W4282921641,2022,0.8696529269218445
BLOG_SUM_W4312188510,2022,0.8255490064620972
BLOG_SUM_W4312701586,2022,0.8587711453437805
NOVEL_MT_W4308165701,2022,0.8349979519844055
NOVEL_MT_W4226115138,2022,0.9426987767219543
NOVEL_QA_W4226115138,2022,0.9426987767219543
NOVEL_MT_W4320012879,2022,0.855423629283905
NOVEL_MT_W4281630788,2022,0.8788844347000122
NOVEL_MT_W4206779940,2022,0.8878996968269348
NOVEL_DIA_W4310436400,2022,0.8928995132446289
NOVEL_DIA_W1859731298,2022,0.8880354166030884
SKG_DIA_W4224293837,2022,0.8966080546379089
NOVEL_MT_W3163465952,2022,0.9273660778999329
SKG_MT_W3163465952,2022,0.9273660778999329
NOVEL_MT_W4214917757,2022,0.836822509765625
NOVEL_MT_W4225910596,2022,0.8951166272163391
NOVEL_MT_W4220897376,2022,0.8227041363716125
NOVEL_MT_W4283692078,2022,0.8632095456123352
NOVEL_MT_W4282015487,2022,0.8556644320487976
NOVEL_MT_W3140679530,2022,0.8693229556083679
NOVEL_MT_W4282020692,2022,0.8579996824264526
NOVEL_MT_W3173594637,2022,0.8767186999320984
NOVEL_MT_W3213029956,2022,0.9495242238044739
NOVEL_MT_W4224050897,2022,0.8053339123725891
NOVEL_MT_W3039695075,2022,0.9488046765327454
NOVEL_DIA_W4205178534,2022,0.784035861492157
NOVEL_DIA_W4312090823,2022,0.8911246061325073
SKG_DIA_W4312090823,2022,0.8911246061325073
SKG_MT_W4312090823,2022,0.8911246061325073
SKG_QA_W4312090823,2022,0.8911246061325073
SKG_SUM_W4312090823,2022,0.8911246061325073
NOVEL_DIA_W3205786327,2022,0.9155178070068359
NOVEL_DIA_W4205201623,2022,0.9197809100151062
SKG_DIA_W4205201623,2022,0.9197809100151062
NOVEL_DIA_W4312943102,2022,0.8471282124519348
NOVEL_DIA_W4221055872,2022,0.9301900863647461
SKG_SA_W4221055872,2022,0.9301900863647461
NOVEL_DIA_W4224293837,2022,0.8966080546379089
NOVEL_MT_W3155072588,2022,0.9202908277511597
SKG_MT_W3155072588,2022,0.9202908277511597
NOVEL_DIA_W4206806123,2022,0.8928750157356262
SKG_SA_W4220880259,2022,0.8884174227714539
SKG_SA_W4290716979,2022,0.8952797651290894
SKG_SA_W4280645626,2022,0.8632407188415527
BLOG_NLI_W4210916416,2022,0.8979295492172241
BLOG_SA_W4210916416,2022,0.8979295492172241
BLOG_DIA_W4211106541,2022,0.6188490390777588
BLOG_DIA_W4284991798,2022,0.9040955305099487
BLOG_NLI_W4284991798,2022,0.9040955305099487
BLOG_QA_W4284991798,2022,0.9040955305099487
NOVEL_DIA_W4284991798,2022,0.9040955305099487
BLOG_SUM_W4309674289,2022,0.9273932576179504
NOVEL_DIA_W4309674289,2022,0.9273932576179504
NOVEL_MT_W4309674289,2022,0.9273932576179504
SKG_SUM_W3165898284,2022,0.8556003570556641
SKG_SUM_W4281650778,2022,0.7889880537986755
SKG_SUM_W4225295961,2022,0.8190703392028809
SKG_SUM_W4281616414,2022,0.7935289740562439
SKG_SUM_W4205325549,2022,0.8576100468635559
SKG_SUM_W4312072518,2022,0.8231070637702942
SKG_SUM_W4210274399,2022,0.815761923789978
SKG_SUM_W4304808118,2022,0.8583890199661255
NOVEL_MT_60,2022,0.9416347742080688
SKG_SUM_W4386154055,2023,0.9065282940864563
SKG_SA_W4382630561,2023,0.9321009516716003
SKG_SA_W4324290234,2023,0.9343701601028442
SKG_SUM_W4383301908,2023,0.8735460042953491
SKG_SUM_W4318016874,2023,0.9141241312026978
SKG_SUM_W4317355154,2023,0.9160953760147095
SKG_SUM_W4390229867,2023,0.9085410237312317
NOVEL_DIA_W4379259169,2023,0.935333251953125
NOVEL_QA_W4379259169,2023,0.935333251953125
NOVEL_SA_W4379259169,2023,0.935333251953125
SKG_SUM_W4360949780,2023,0.9035683870315552
SKG_SUM_W4361000553,2023,0.8891680836677551
NOVEL_DIA_W4385452929,2023,0.9266555905342102
SKG_DIA_W4385452929,2023,0.9266555905342102
SKG_MT_W4385452929,2023,0.9266555905342102
SKG_QA_W4385452929,2023,0.9266555905342102
BLOG_SA_W4378574344,2023,0.927034854888916
SKG_SUM_W4226083230,2023,0.720037043094635
NOVEL_DIA_W4392669753,2023,0.976205050945282
SKG_QA_W4379259169,2023,0.935333251953125
SKG_SA_W4372355147,2023,0.8638259768486023
BLOG_DIA_W4366420437,2023,0.92359858751297
BLOG_MT_W4366420437,2023,0.92359858751297
BLOG_QA_W4366420437,2023,0.92359858751297
NOVEL_DIA_W4366420437,2023,0.92359858751297
BLOG_DIA_W4368367885,2023,0.9296653866767883
BLOG_MT_W4368367885,2023,0.9296653866767883
BLOG_QA_W4368367885,2023,0.9296654462814331
BLOG_SUM_W4368367885,2023,0.9296654462814331
SKG_SUM_W4320892455,2023,0.8838688731193542
SKG_SUM_W4386373863,2023,0.9026934504508972
SKG_SUM_W4386765496,2023,0.8969589471817017
NOVEL_DIA_W4360615722,2023,0.9242099523544312
NOVEL_DIA_W4385632485,2023,0.9210084080696106
SKG_DIA_W4385632485,2023,0.9210084080696106
SKG_MT_W4385632485,2023,0.9210084080696106
SKG_PAR_W4385632485,2023,0.9210084080696106
SKG_QA_W4385632485,2023,0.9210084080696106
SKG_SA_W4385632485,2023,0.9210084080696106
NOVEL_DIA_W4321605350,2023,0.9298372268676758
SKG_DIA_W4321605350,2023,0.9298372268676758
SKG_MT_W4321605350,2023,0.9298372268676758
SKG_PAR_W4321605350,2023,0.9298372268676758
SKG_QA_W4321605350,2023,0.9298373460769653
NOVEL_DIA_W4353016766,2023,0.8821114301681519
SKG_PAR_W4386098991,2023,0.9280762672424316
SKG_QA_W4386098991,2023,0.9280762672424316
SKG_SUM_W4386098991,2023,0.9280762672424316
NOVEL_DIA_W4319790168,2023,0.9416908025741577
NOVEL_DIA_W4318464200,2023,0.9326357841491699
NOVEL_DIA_W4366489368,2023,0.9234291911125183
NOVEL_DIA_W4376139682,2023,0.9248096346855164
SKG_DIA_W4376139682,2023,0.9248096346855164
SKG_MT_W4376139682,2023,0.9248096346855164
SKG_QA_W4376139682,2023,0.9248096346855164
SKG_DIA_W4392669753,2023,0.976205050945282
SKG_MT_W4392669753,2023,0.976205050945282
SKG_NLI_W4392669753,2023,0.976205050945282
SKG_PAR_W4392669753,2023,0.976205050945282
SKG_QA_W4392669753,2023,0.976205050945282
SKG_SA_W4392669753,2023,0.976205050945282
NOVEL_DIA_W4319350602,2023,0.9140423536300659
SKG_DIA_W4319350602,2023,0.9140423536300659
SKG_MT_W4319350602,2023,0.9140423536300659
SKG_SUM_W4387356888,2023,0.9102547764778137
NOVEL_DIA_W4380995257,2023,0.9024443626403809
SKG_DIA_W4380995257,2023,0.9024443626403809
SKG_SUM_W4380995257,2023,0.9024443626403809
NOVEL_DIA_W4385242971,2023,0.91069495677948
NOVEL_DIA_W4389519254,2023,0.9440005421638489
SKG_DIA_W4389519254,2023,0.9440005421638489
SKG_SUM_W4385632485,2023,0.9210084080696106
NOVEL_DIA_W4377227441,2023,0.9575446248054504
NOVEL_DIA_W4315797044,2023,0.8775672912597656
SKG_QA_W4315797044,2023,0.8775672912597656
NOVEL_DIA_W4323359867,2023,0.9107513427734375
SKG_PAR_W4323359867,2023,0.9107513427734375
NOVEL_SA_W4353016766,2023,0.8821114301681519
SKG_DIA_W4353016766,2023,0.8821114301681519
SKG_QA_W4353016766,2023,0.8821114301681519
NOVEL_DIA_W4315498228,2023,0.9165161848068237
NOVEL_DIA_W4319062614,2023,0.8720765113830566
NOVEL_DIA_W4389793309,2023,0.8977365493774414
SKG_SA_W4389793309,2023,0.8977365493774414
NOVEL_DIA_W4389523957,2023,0.9412237405776978
SKG_DIA_W4389523957,2023,0.9412237405776978
SKG_MT_W4389523957,2023,0.9412237405776978
SKG_SA_W4376139682,2023,0.9248096346855164
SKG_SUM_W4392669753,2023,0.976205050945282
NOVEL_DIA_W4319301446,2023,0.8709958791732788
NOVEL_DIA_W4386417345,2023,0.939834713935852
SKG_MT_W4378473491,2023,0.9224209785461426
NOVEL_DIA_W4387356888,2023,0.9102547764778137
SKG_DIA_W4387356888,2023,0.9102547764778137
SKG_MT_W4387356888,2023,0.9102547764778137
SKG_SA_W4387356888,2023,0.9102547764778137
NOVEL_DIA_W4362466759,2023,0.9276547431945801
SKG_DIA_W4362466759,2023,0.9276547431945801
SKG_MT_W4362466759,2023,0.9276547431945801
SKG_SA_W4362466759,2023,0.9276547431945801
NOVEL_DIA_W4385027818,2023,0.9127321243286133
NOVEL_SUM_W4385027818,2023,0.9127321243286133
NOVEL_DIA_W4381930847,2023,0.9295874834060669
SKG_QA_W4323359867,2023,0.9107513427734375
SKG_SUM_W4323359867,2023,0.9107513427734375
NOVEL_DIA_W4324130227,2023,0.9299163818359375
NOVEL_DIA_W4321106177,2023,0.9197975397109985
NOVEL_DIA_W4366403195,2023,0.9315284490585327
NOVEL_DIA_W4383959108,2023,0.9329349398612976
SKG_MT_W4383959108,2023,0.9329349398612976
NOVEL_DIA_W4386091044,2023,0.8774210810661316
SKG_SUM_W4386091044,2023,0.8774210810661316
NOVEL_DIA_W4386421370,2023,0.9125499725341797
NOVEL_SA_W4386421370,2023,0.9125499725341797
SKG_SA_W4386421370,2023,0.9125499725341797
NOVEL_DIA_W4378189609,2023,0.9323684573173523
NOVEL_DIA_W4385293522,2023,0.9070103764533997
NOVEL_DIA_W4387242094,2023,0.8896228671073914
NOVEL_DIA_W4319304408,2023,0.9190858602523804
SKG_NLI_W4319304408,2023,0.9190858602523804
NOVEL_DIA_W4376626501,2023,0.9387954473495483
SKG_NLI_W4389523957,2023,0.9412237405776978
SKG_SA_W4389523957,2023,0.9412237405776978
NOVEL_DIA_W4323536358,2023,0.9168936610221863
SKG_QA_W4323536358,2023,0.9168936610221863
NOVEL_DIA_W4378473491,2023,0.9224209785461426
NOVEL_DIA_W4366377796,2023,0.9240347146987915
NOVEL_DIA_W4379416244,2023,0.9185075759887695
NOVEL_DIA_W4366422585,2023,0.9308703541755676
SKG_DIA_W4366422585,2023,0.9308703541755676
SKG_SA_W4366422585,2023,0.9308703541755676
NOVEL_DIA_W4380319827,2023,0.9083733558654785
SKG_DIA_W4380319827,2023,0.9083733558654785
NOVEL_DIA_W4323313947,2023,0.9114527702331543
SKG_NLI_W4323313947,2023,0.9114527702331543
NOVEL_DIA_W4323350039,2023,0.9154353141784668
NOVEL_DIA_W4366769280,2023,0.8955022692680359
SKG_DIA_W4381930847,2023,0.9295874834060669
NOVEL_DIA_W4366498198,2023,0.9292702674865723
SKG_MT_W4389519254,2023,0.9440005421638489
SKG_SUM_W4389519254,2023,0.9440005421638489
NOVEL_SUM_W4389519254,2023,0.9440005421638489
NOVEL_DIA_W4367849331,2023,0.9101935625076294
NOVEL_SA_W4367849331,2023,0.9101935625076294
NOVEL_DIA_W4361002760,2023,0.9296751022338867
NOVEL_MT_W4361002760,2023,0.9296751022338867
NOVEL_SA_W4361002760,2023,0.9296751022338867
SKG_SA_W4361002760,2023,0.9296751022338867
NOVEL_DIA_W4379010216,2023,0.7366389036178589
SKG_DIA_W4379010216,2023,0.7366389036178589
SKG_SA_W4379010216,2023,0.7366389036178589
NOVEL_DIA_W4378214315,2023,0.9141641855239868
NOVEL_DIA_W4386045865,2023,0.8963301777839661
SKG_DIA_W4386045865,2023,0.8963301777839661
SKG_NLI_W4386045865,2023,0.8963301777839661
NOVEL_DIA_W4364363895,2023,0.9239557981491089
SKG_SA_W4376626501,2023,0.9387954473495483
NOVEL_DIA_W4366989878,2023,0.9187456369400024
NOVEL_DIA_W4376640725,2023,0.8662770390510559
NOVEL_DIA_W4384934594,2023,0.9323245286941528
NOVEL_DIA_W4320920036,2023,0.8650470972061157
SKG_DIA_W4320920036,2023,0.8650470972061157
SKG_SA_W4320920036,2023,0.8650470972061157
NOVEL_DIA_W4387163553,2023,0.9187965393066406
NOVEL_DIA_W4382560004,2023,0.8947809934616089
NOVEL_DIA_W4398233424,2023,0.922059178352356
NOVEL_DIA_W4379057711,2023,0.9347100257873535
SKG_DIA_W4379057711,2023,0.9347100257873535
NOVEL_DIA_W4386067316,2023,0.9197314977645874
SKG_NLI_W4386067316,2023,0.9197314977645874
NOVEL_DIA_W4386072877,2023,0.9379662275314331
NOVEL_DIA_W4377010595,2023,0.9251319766044617
NOVEL_DIA_W4322631505,2023,0.9093977212905884
NOVEL_DIA_W4386544117,2023,0.9286120533943176
SKG_SA_W4366498198,2023,0.9292702674865723
NOVEL_DIA_W4386347795,2023,0.9310604333877563
NOVEL_DIA_W4361028617,2023,0.9188476800918579
NOVEL_DIA_W4381587418,2023,0.9214011430740356
NOVEL_QA_W4381587418,2023,0.9214011430740356
SKG_DIA_W4381587418,2023,0.9214011430740356
SKG_NLI_W4381587418,2023,0.9214011430740356
SKG_SA_W4381587418,2023,0.9214011430740356
NOVEL_SUM_W4381587418,2023,0.9214011430740356
NOVEL_DIA_W4380997513,2023,0.8823493123054504
NOVEL_DIA_W4386141641,2023,0.9337881803512573
SKG_DIA_W4386141641,2023,0.9337881803512573
SKG_NLI_W4386141641,2023,0.9337881803512573
NOVEL_DIA_W4327518740,2023,0.9271360635757446
SKG_QA_W4327518740,2023,0.9271360635757446
SKG_SUM_W4327518740,2023,0.9271360635757446
SKG_DIA_W4366989878,2023,0.9187456369400024
SKG_SA_W4386141641,2023,0.9337881803512573
SKG_SA_W4327918021,2023,0.9217969179153442
NOVEL_DIA_W4366548330,2023,0.9110164642333984
SKG_DIA_W4366548330,2023,0.9110164642333984
SKG_MT_W4366548330,2023,0.9110164642333984
SKG_QA_W4366548330,2023,0.9110164642333984
SKG_SA_W4366548330,2023,0.9110164642333984
NOVEL_DIA_W4386098991,2023,0.9280762672424316
SKG_DIA_W4386098991,2023,0.9280762672424316
SKG_SUM_W4385878593,2023,0.9414618611335754
NOVEL_DIA_W4384662964,2023,0.9343010783195496
NOVEL_DIA_W4362581834,2023,0.9376499056816101
NOVEL_MT_W4322499406,2023,0.8924883008003235
SKG_NLI_W4322499406,2023,0.8924883008003235
SKG_QA_W4322499406,2023,0.8924883008003235
SKG_DIA_W4327672398,2023,0.9222507476806641
SKG_SA_W4327672398,2023,0.9222507476806641
NOVEL_DIA_W4380291159,2023,0.8799793124198914
NOVEL_DIA_W4386069852,2023,0.9187127947807312
NOVEL_DIA_W4389203481,2023,0.9172794222831726
SKG_DIA_W4389203481,2023,0.9172794222831726
NOVEL_DIA_W4366703942,2023,0.9167615175247192
NOVEL_DIA_W4377041488,2023,0.7553972005844116
NOVEL_DIA_W4376255328,2023,0.9260320663452148
NOVEL_DIA_W4327672398,2023,0.9222507476806641
NOVEL_DIA_W4376224599,2023,0.912741482257843
NOVEL_DIA_W4388817859,2023,0.9374387860298157
NOVEL_DIA_W4360945746,2023,0.9235390424728394
NOVEL_DIA_W4386615720,2023,0.9187052845954895
NOVEL_DIA_W4367175039,2023,0.8808982968330383
NOVEL_DIA_W4385227045,2023,0.9198989868164062
NOVEL_DIA_W4327918021,2023,0.9217969179153442
SKG_QA_W4327918021,2023,0.9217969179153442
NOVEL_SA_W4378470708,2023,0.8987409472465515
SKG_DIA_W4378470708,2023,0.8987409472465515
NOVEL_DIA_W4387169527,2023,0.931918740272522
NOVEL_DIA_W4323568782,2023,0.9214321374893188
NOVEL_DIA_W4388333366,2023,0.9256719350814819
NOVEL_MT_W4387164156,2023,0.9137722849845886
SKG_DIA_W4379054888,2023,0.9355481266975403
NOVEL_DIA_W4385469325,2023,0.921237587928772
SKG_DIA_W4385469325,2023,0.921237587928772
NOVEL_DIA_W4389977189,2023,0.9344026446342468
NOVEL_DIA_W4360802167,2023,0.9230021238327026
NOVEL_DIA_W4385302156,2023,0.9197842478752136
NOVEL_DIA_W4319439342,2023,0.7458986043930054
NOVEL_DIA_W4361282369,2023,0.9171074032783508
NOVEL_SA_W4361282369,2023,0.9171074032783508
NOVEL_MT_W4387230320,2023,0.8998745083808899
BLOG_NLI_W4385416665,2023,0.9257229566574097
SKG_QA_W4362581834,2023,0.9376499056816101
NOVEL_DIA_W4380685958,2023,0.8582092523574829
NOVEL_DIA_W4327681325,2023,0.9043416976928711
NOVEL_DIA_W4376872703,2023,0.913109302520752
SKG_DIA_W4366703942,2023,0.9167615175247192
SKG_SA_W4366703942,2023,0.9167615175247192
NOVEL_DIA_W4388103056,2023,0.9208353161811829
SKG_DIA_W4386317922,2023,0.9169232249259949
SKG_PAR_W4386317922,2023,0.9169232249259949
NOVEL_MT_W4315865958,2023,0.8940151929855347
NOVEL_MT_W4385799520,2023,0.8282907605171204
NOVEL_MT_W4365479119,2023,0.8606233596801758
NOVEL_DIA_W4387873511,2023,0.9245351552963257
NOVEL_DIA_W4321504196,2023,0.9092124700546265
NOVEL_DIA_W4378470708,2023,0.8987409472465515
NOVEL_MT_W4386030674,2023,0.931545615196228
NOVEL_MT_W4323666400,2023,0.902859091758728
NOVEL_DIA_W4381332452,2023,0.9249218106269836
NOVEL_DIA_W4322493981,2023,0.9237819910049438
NOVEL_DIA_W4386317922,2023,0.9169232249259949
SKG_DIA_W4362581834,2023,0.9376499056816101
SKG_MT_W4362581834,2023,0.9376499056816101
SKG_SA_W4360860566,2023,0.9336236715316772
SKG_SA_W4362667540,2023,0.9374779462814331
SKG_SA_W4317743691,2023,0.9228965044021606
SKG_QA_W4380730833,2023,0.8965139389038086
BLOG_DIA_W4367182956,2023,0.9295047521591187
BLOG_DIA_W4321748146,2023,0.8705912828445435
BLOG_QA_W4321748146,2023,0.8705912828445435
NOVEL_DIA_W4321748146,2023,0.8705912828445435
BLOG_DIA_W4385416665,2023,0.9257229566574097
NOVEL_DIA_W4319301505,2023,0.8975448608398438
SKG_DIA_W4319301505,2023,0.8975448608398438
NOVEL_DIA_W4385988359,2023,0.9279118776321411
NOVEL_DIA_W4313678819,2023,0.9087337255477905
NOVEL_DIA_W4381982883,2023,0.9327677488327026
SKG_DIA_W4381982883,2023,0.9327677488327026
NOVEL_MT_W4390621251,2023,0.9205793142318726
NOVEL_MT_W4366278627,2023,0.8949152231216431
NOVEL_DIA_W4379054888,2023,0.9355481266975403
SKG_SA_W4323313312,2023,0.9254773259162903
SKG_SUM_W4323313312,2023,0.9254773259162903
NOVEL_MT_W4362657000,2023,0.9397262334823608
NOVEL_MT_W4376132442,2023,0.9255744814872742
SKG_SUM_W4376132442,2023,0.9255744814872742
NOVEL_MT_W4376871556,2023,0.812920093536377
SKG_MT_W4376871556,2023,0.812920093536377
SKG_MT_W4381982883,2023,0.9327677488327026
SKG_QA_W4381982883,2023,0.9327677488327026
SKG_SUM_W4381982883,2023,0.9327677488327026
NOVEL_DIA_W4383818129,2023,0.9201613664627075
SKG_DIA_W4383818129,2023,0.9201613664627075
SKG_MT_W4383818129,2023,0.9201613664627075
SKG_QA_W4383818129,2023,0.9201613664627075
NOVEL_DIA_W4385878593,2023,0.9414617419242859
SKG_DIA_W4385878593,2023,0.9414617419242859
SKG_MT_W4385878593,2023,0.9414617419242859
SKG_PAR_W4385878593,2023,0.9414617419242859
SKG_QA_W4385878593,2023,0.9414618611335754
SKG_SA_W4385878593,2023,0.9414618611335754
BLOG_SUM_W4313889995,2023,0.9232190251350403
SKG_SUM_W4362581834,2023,0.9376499056816101
NOVEL_DIA_W4323848232,2023,0.9179856181144714
NOVEL_MT_W4385613852,2023,0.9368195533752441
NOVEL_MT_W4386075553,2023,0.9058364033699036
NOVEL_MT_W4384296800,2023,0.9276413917541504
NOVEL_MT_W4376869874,2023,0.9106078147888184
NOVEL_SA_W1541164384,2023,0.9152040481567383
NOVEL_SA_W4324309277,2023,0.9090253710746765
SKG_DIA_W4324309277,2023,0.9090253710746765
SKG_QA_W4324309277,2023,0.9090253710746765
NOVEL_MT_W4386113271,2023,0.9273640513420105
NOVEL_DIA_W4361298490,2023,0.8725346326828003
NOVEL_DIA_W4362584541,2023,0.9029121398925781
NOVEL_DIA_W4361204578,2023,0.9216992259025574
NOVEL_DIA_W4360980141,2023,0.92762291431427
SKG_DIA_W4360980141,2023,0.92762291431427
NOVEL_MT_W4323313312,2023,0.9254773259162903
SKG_NLI_W4323313312,2023,0.9254773259162903
BLOG_QA_W4386961654,2023,0.9250912666320801
NOVEL_DIA_W4386961654,2023,0.9250912666320801
BLOG_DIA_W4384823096,2023,0.9139878153800964
NOVEL_DIA_W4378574344,2023,0.927034854888916
SKG_SA_W4321506460,2023,0.9108129739761353
SKG_SA_W4381511236,2023,0.9158607721328735
NOVEL_DIA_W4389437528,2023,0.9394106864929199
NOVEL_QA_W4386071687,2023,0.9368392825126648
NOVEL_MT_W4382007903,2023,0.916484534740448
NOVEL_QA_W4388424540,2023,0.9136527180671692
NOVEL_MT_W4385827828,2023,0.8851041793823242
NOVEL_SA_W4385827828,2023,0.8851041793823242
NOVEL_MT_W4382372079,2023,0.9349929690361023
NOVEL_MT_W4388616071,2023,0.9324415326118469
SKG_NLI_W4388616071,2023,0.9324415326118469
NOVEL_MT_W4367676419,2023,0.911995530128479
SKG_SUM_W4387835442,2023,0.9120357632637024
SKG_MT_W4360980141,2023,0.92762291431427
SKG_QA_W4360980141,2023,0.92762291431427
SKG_SUM_W4360980141,2023,0.92762291431427
NOVEL_DIA_W4320495408,2023,0.9274331331253052
NOVEL_DIA_W4323050332,2023,0.9236856698989868
SKG_DIA_W4323050332,2023,0.9236856698989868
SKG_MT_W4323050332,2023,0.9236856698989868
SKG_QA_W4323050332,2023,0.9236856698989868
SKG_SUM_W4323050332,2023,0.9236856698989868
BLOG_SUM_W4386448978,2023,0.9336820840835571
NOVEL_DIA_W4361289889,2023,0.8740986585617065
NOVEL_DIA_W4368367885,2023,0.9296654462814331
SKG_SA_W4319440851,2023,0.8757874369621277
SKG_QA_W4380871934,2023,0.900780200958252
BLOG_DIA_W4386961654,2023,0.9250912666320801
SKG_QA_W4387835442,2023,0.9120357632637024
SKG_SA_W4362659486,2023,0.9273049235343933
NOVEL_DIA_W4318671267,2023,0.9115028381347656
BLOG_QA_W4385416665,2023,0.9257229566574097
BLOG_SA_W4385416665,2023,0.9257229566574097
SKG_SUM_W4380871934,2023,0.900780200958252
SKG_QA_W4368358112,2023,0.9206903576850891
SKG_QA_W4389132715,2023,0.905223548412323
SKG_QA_W4384665204,2023,0.8801433444023132
SKG_QA_W4376611376,2023,0.9168742895126343
SKG_QA_W4382464460,2023,0.9315614700317383
SKG_QA_W4320891754,2023,0.9027379751205444
SKG_QA_W4384922756,2023,0.8359691500663757
SKG_SUM_W4384922756,2023,0.8359691500663757
SKG_SUM_W4380730833,2023,0.8965139389038086
SKG_QA_W4376321189,2023,0.8776046633720398
SKG_MT_W4366091323,2023,0.9439388513565063
SKG_NLI_W4366091323,2023,0.9439388513565063
SKG_PAR_W4366091323,2023,0.9439388513565063
SKG_QA_W4366091323,2023,0.9439388513565063
SKG_DIA_W4385827828,2023,0.8851041793823242
NOVEL_QA_W4379929708,2023,0.9189901351928711
NOVEL_MT_W2499368528,2023,0.9189714193344116
SKG_DIA_W4389437528,2023,0.9394106864929199
SKG_MT_W4389437528,2023,0.9394106864929199
SKG_QA_W4389437528,2023,0.9394106864929199
NOVEL_DIA_W4318263917,2023,0.8817081451416016
NOVEL_DIA_W4367595583,2023,0.9203968048095703
NOVEL_DIA_W4387835442,2023,0.9120357632637024
SKG_DIA_W4387835442,2023,0.9120357632637024
SKG_MT_W4387835442,2023,0.9120357632637024
SKG_NLI_W4387835442,2023,0.9120357632637024
SKG_SUM_W4319460874,2023,0.937935471534729
NOVEL_DIA_W4324046518,2023,0.9214681386947632
SKG_MT_W4324046518,2023,0.9214681386947632
SKG_QA_W4324046518,2023,0.9214681386947632
NOVEL_DIA_W4317910584,2023,0.9304698705673218
SKG_DIA_W4317910584,2023,0.9304698705673218
SKG_MT_W4317910584,2023,0.9304698705673218
SKG_NLI_W4317910584,2023,0.9304698705673218
SKG_QA_W4317910584,2023,0.9304698705673218
NOVEL_DIA_W4384154918,2023,0.8941106796264648
SKG_SA_W4360620450,2023,0.9223556518554688
NOVEL_DIA_W4367310920,2023,0.8849126696586609
SKG_DIA_W4388503650,2023,0.9116207361221313
SKG_QA_W4388503650,2023,0.9116207361221313
SKG_SUM_W4388503650,2023,0.9116207361221313
NOVEL_MT_W4385527149,2023,0.9386612772941589
NOVEL_SA_W4376138804,2023,0.886925220489502
NOVEL_SA_W4384277430,2023,0.9074922800064087
SKG_DIA_W4366091323,2023,0.9439388513565063
NOVEL_SA_W4386800155,2023,0.9233832359313965
NOVEL_SA_W4319831789,2023,0.9332944750785828
SKG_SA_W4319831789,2023,0.9332944750785828
NOVEL_SUM_W4319831789,2023,0.9332944750785828
NOVEL_SA_W4322502716,2023,0.9098898768424988
NOVEL_SA_W4361019934,2023,0.8962827920913696
SKG_SA_W4366091323,2023,0.9439388513565063
SKG_SUM_W4366091323,2023,0.9439388513565063
NOVEL_SA_W4315436281,2023,0.8575472831726074
NOVEL_DIA_W4319460874,2023,0.937935471534729
NOVEL_QA_W4319460874,2023,0.937935471534729
SKG_DIA_W4319460874,2023,0.937935471534729
SKG_QA_W4319460874,2023,0.937935471534729
NOVEL_DIA_W4319662928,2023,0.9475037455558777
SKG_MT_W4319662928,2023,0.9475037455558777
SKG_NLI_W4319662928,2023,0.9475037455558777
SKG_QA_W4319662928,2023,0.9475037455558777
NOVEL_DIA_W4360620450,2023,0.9223556518554688
SKG_DIA_W4360620450,2023,0.9223556518554688
SKG_MT_W4360620450,2023,0.9223556518554688
SKG_PAR_W4360620450,2023,0.9223556518554688
SKG_QA_W4360620450,2023,0.9223556518554688
BLOG_SA_W4319167005,2023,0.9165465235710144
SKG_DIA_W4322766882,2023,0.943703830242157
SKG_NLI_W4322766882,2023,0.943703830242157
SKG_PAR_W4322766882,2023,0.943703830242157
BLOG_SUM_W2190691619,2023,0.9175821542739868
BLOG_SUM_W4382358979,2023,0.8883090019226074
NOVEL_SA_W4384498679,2023,0.8794477581977844
SKG_SUM_W4322766882,2023,0.943703830242157
SKG_DIA_W4376226279,2023,0.9167250394821167
SKG_MT_W4376226279,2023,0.9167250394821167
SKG_NLI_W4376226279,2023,0.9167250394821167
BLOG_SA_W4386634686,2023,0.9408213496208191
BLOG_SA_W4386836424,2023,0.9201177358627319
BLOG_SA_W4319599375,2023,0.9130976796150208
BLOG_SA_W4377197101,2023,0.9104923009872437
BLOG_SA_W4382310424,2023,0.924319863319397
BLOG_SA_W4383068763,2023,0.9144910573959351
BLOG_SA_W3043638540,2023,0.9284817576408386
BLOG_SUM_W4385118605,2023,0.9030573964118958
BLOG_SUM_W4388823657,2023,0.9146431684494019
SKG_QA_W4361019934,2023,0.8962827920913696
BLOG_SUM_W4362515116,2023,0.9375541806221008
BLOG_SA_W4383605161,2023,0.9266020655632019
NOVEL_SA_W4321153003,2023,0.9284184575080872
BLOG_DIA_W4382280288,2023,0.9317424893379211
BLOG_DIA_W3092541244,2023,0.9372813105583191
BLOG_NLI_W3092541244,2023,0.9372813105583191
BLOG_SUM_W4323653529,2023,0.9272080659866333
BLOG_SUM_W4379966446,2023,0.9203972816467285
BLOG_SA_W4324071194,2023,0.8985111117362976
BLOG_SA_W4387956898,2023,0.9127485156059265
BLOG_SA_W4361866125,2023,0.9362691044807434
BLOG_QA_W4384276655,2023,0.9257373809814453
BLOG_SA_W4318472692,2023,0.899327278137207
BLOG_SA_W4385556979,2023,0.9339166879653931
BLOG_SA_W4322736091,2023,0.9391673803329468
BLOG_SA_W4324030804,2023,0.9418296813964844
SKG_QA_W4322766882,2023,0.943703830242157
SKG_SA_W4322766882,2023,0.943703830242157
SKG_MT_W4385572634,2023,0.9802604913711548
SKG_QA_W4376226279,2023,0.9167250394821167
SKG_SA_W4376226279,2023,0.9167250394821167
SKG_SUM_W4376226279,2023,0.9167250394821167
BLOG_QA_W4385422591,2023,0.9275507926940918
NOVEL_DIA_W4385422591,2023,0.9275507926940918
BLOG_QA_W4360891289,2023,0.9274669885635376
SKG_QA_W3163892065,2023,0.9000835418701172
BLOG_SA_W4321153003,2023,0.9284184575080872
SKG_QA_W4324129606,2023,0.9042121171951294
SKG_SUM_W4324129606,2023,0.9042121171951294
SKG_QA_W4388455891,2023,0.9343649744987488
SKG_QA_W4380574892,2023,0.9008985757827759
SKG_QA_W4385782790,2023,0.8764356374740601
SKG_PAR_W4387414057,2023,0.9035479426383972
NOVEL_DIA_W4321153003,2023,0.9284184575080872
BLOG_QA_W4313648826,2023,0.9414572715759277
BLOG_QA_W4388290259,2023,0.9156395196914673
NOVEL_MT_W4388290259,2023,0.9156395196914673
BLOG_PAR_W4322717806,2023,0.9100930094718933
BLOG_PAR_W4388733340,2023,0.9233772158622742
SKG_DIA_W4389636360,2023,0.9230621457099915
SKG_NLI_W4389636360,2023,0.9230621457099915
SKG_PAR_W4389636360,2023,0.9230621457099915
BLOG_SA_W4327518725,2023,0.8752462267875671
BLOG_SA_W4386619339,2023,0.92573481798172
BLOG_QA_W4381598461,2023,0.9398139119148254
NOVEL_QA_W4381598461,2023,0.9398139119148254
SKG_DIA_W4383551991,2023,0.9208425283432007
SKG_SA_W4383551991,2023,0.9208425283432007
SKG_DIA_W4366452046,2023,0.8257681131362915
SKG_DIA_W4385572634,2023,0.9802604913711548
SKG_DIA_W4322761281,2023,0.9282377362251282
SKG_DIA_W4376643243,2023,0.8618203401565552
SKG_NLI_W4385572634,2023,0.9802604913711548
SKG_QA_W4385572634,2023,0.9802604913711548
SKG_SA_W4385572634,2023,0.9802604913711548
BLOG_PAR_W4365601026,2023,0.9200918078422546
BLOG_PAR_W4386834071,2023,0.9170864224433899
BLOG_PAR_W4360989593,2023,0.9236549139022827
BLOG_QA_W4322761615,2023,0.9119296073913574
NOVEL_DIA_W4322761615,2023,0.9119296073913574
BLOG_QA_W4327947056,2023,0.9200550317764282
BLOG_QA_W2738319541,2023,0.9200208783149719
BLOG_PAR_W4382069627,2023,0.9256359338760376
SKG_SUM_W4385572634,2023,0.9802604913711548
BLOG_QA_W4324142429,2023,0.9322409629821777
BLOG_QA_W4386833262,2023,0.8946443796157837
BLOG_PAR_W4360807837,2023,0.8698230981826782
SKG_DIA_W4390175962,2023,0.9346281886100769
SKG_PAR_W4390175962,2023,0.9346281886100769
SKG_DIA_W4378190160,2023,0.9139631390571594
SKG_DIA_W4385571689,2023,0.9244216084480286
SKG_NLI_W4385571689,2023,0.9244216084480286
SKG_PAR_W4385571689,2023,0.9244216084480286
SKG_DIA_W4367854022,2023,0.8905860781669617
BLOG_PAR_W4389674995,2023,0.9408613443374634
BLOG_PAR_W4389636544,2023,0.9186410903930664
BLOG_PAR_W4323662799,2023,0.9349427223205566
BLOG_PAR_W4388514671,2023,0.94011390209198
BLOG_QA_W4321351832,2023,0.9084614515304565
NOVEL_DIA_W4321351832,2023,0.9084614515304565
SKG_DIA_W4385571124,2023,0.9416791200637817
SKG_SA_W4389636360,2023,0.9230621457099915
BLOG_DIA_W4318671267,2023,0.9115028381347656
SKG_PAR_W4389574762,2023,0.9076119661331177
SKG_PAR_W4383749364,2023,0.8981243968009949
SKG_PAR_W4389524534,2023,0.9533969163894653
SKG_PAR_W4367053854,2023,0.9039379954338074
SKG_PAR_W4385570481,2023,0.9674475789070129
BLOG_NLI_W4383737134,2023,0.9279803037643433
BLOG_SA_W4383737134,2023,0.9279803037643433
NOVEL_MT_W4383737134,2023,0.9279803037643433
BLOG_DIA_W4384918448,2023,0.9289894104003906
BLOG_DIA_W4375949262,2023,0.9293033480644226
BLOG_NLI_W4375949262,2023,0.9293033480644226
BLOG_SA_W4375949262,2023,0.9293033480644226
BLOG_DIA_W4319986684,2023,0.8842281103134155
BLOG_DIA_W2148437670,2023,0.8893742561340332
BLOG_DIA_W4321153003,2023,0.9284184575080872
SKG_DIA_W4386497355,2023,0.9290760159492493
BLOG_PAR_W4353007481,2023,0.9275854825973511
SKG_DIA_W4376108699,2023,0.9120113253593445
SKG_DIA_W4389523832,2023,0.9331194162368774
SKG_NLI_W4385571124,2023,0.9416791200637817
SKG_PAR_W4385571124,2023,0.9416791200637817
SKG_SA_W4385571124,2023,0.9416791200637817
SKG_MT_W4381799391,2023,0.770698606967926
SKG_DIA_W4387342020,2023,0.8888431787490845
BLOG_QA_W4387435427,2023,0.9178503751754761
BLOG_SUM_W4387435427,2023,0.9178503751754761
BLOG_QA_W4383346782,2023,0.9344371557235718
BLOG_SUM_W4383346782,2023,0.9344371557235718
BLOG_PAR_W4383824240,2023,0.7673802375793457
BLOG_PAR_W4381997112,2023,0.9202672839164734
BLOG_PAR_W4389519222,2023,0.9364044070243835
SKG_DIA_W4376643691,2023,0.9248471260070801
SKG_SA_W4376643691,2023,0.9248471260070801
SKG_DIA_W4389519118,2023,0.9664681553840637
SKG_DIA_W4386895632,2023,0.9355415105819702
SKG_MT_W4382203079,2023,0.9336080551147461
SKG_NLI_W4382203079,2023,0.9336080551147461
SKG_SUM_W4382203079,2023,0.9336080551147461
SKG_DIA_W4319997690,2023,0.9155990481376648
SKG_DIA_W4389524555,2023,0.9248834848403931
SKG_SA_W4389524555,2023,0.9248834848403931
SKG_DIA_W4389518760,2023,0.933948814868927
SKG_DIA_W4389520749,2023,0.9348392486572266
BLOG_PAR_W4327993492,2023,0.930667519569397
BLOG_PAR_W4360891421,2023,0.9299036860466003
BLOG_PAR_W4386794805,2023,0.9285305738449097
BLOG_PAR_W4320858112,2023,0.9342513084411621
NOVEL_DIA_W4318612697,2023,0.9288265109062195
BLOG_DIA_W4380487091,2023,0.9254454374313354
BLOG_DIA_W4318191041,2023,0.8979366421699524
BLOG_DIA_W4383737134,2023,0.9279803037643433
SKG_PAR_W4385570984,2023,0.9360997080802917
BLOG_NLI_W4317042343,2023,0.9244160652160645
SKG_DIA_W4360584316,2023,0.9437438249588013
SKG_DIA_W2903165924,2023,0.9043108224868774
BLOG_PAR_W4390225107,2023,0.9230597615242004
BLOG_PAR_W4386831162,2023,0.8830724954605103
BLOG_PAR_W2588334515,2023,0.9079245328903198
BLOG_PAR_W4377564447,2023,0.9337447285652161
BLOG_PAR_W4361298749,2023,0.9284753799438477
SKG_NLI_W4322624932,2023,0.9004639387130737
SKG_SA_W4322624932,2023,0.9004639387130737
SKG_SUM_W4322624932,2023,0.9004639387130737
SKG_DIA_W4385287322,2023,0.9141795039176941
SKG_SA_W4385287322,2023,0.9141795039176941
BLOG_PAR_W4386973901,2023,0.9182198643684387
BLOG_PAR_W4383113923,2023,0.9296399354934692
BLOG_PAR_W4379376212,2023,0.8845393061637878
BLOG_PAR_W4383742778,2023,0.9006202816963196
BLOG_PAR_W4380536977,2023,0.9418657422065735
BLOG_PAR_W4321524280,2023,0.936191737651825
BLOG_QA_W4321153003,2023,0.9284184575080872
SKG_PAR_W4390058985,2023,0.9297773241996765
SKG_PAR_W4389520255,2023,0.9427245855331421
SKG_PAR_W4385571045,2023,0.9851189851760864
SKG_PAR_W4389518954,2023,0.9233611226081848
BLOG_DIA_W4318612697,2023,0.9288265109062195
BLOG_PAR_W4318612697,2023,0.9288265109062195
BLOG_SA_W4318612697,2023,0.9288265109062195
SKG_SA_W2903165924,2023,0.9043108224868774
SKG_MT_W4322624932,2023,0.9004639387130737
BLOG_NLI_W3041148953,2023,0.9141165018081665
BLOG_PAR_W4320895630,2023,0.8440396189689636
BLOG_NLI_W4367665843,2023,0.9244861602783203
BLOG_NLI_W4379743664,2023,0.925197422504425
BLOG_NLI_W4321350922,2023,0.9389793276786804
BLOG_NLI_W4367174885,2023,0.9268268346786499
BLOG_NLI_W4321376147,2023,0.9267452955245972
BLOG_NLI_W4381805119,2023,0.9113413095474243
BLOG_NLI_W4319597842,2023,0.935005784034729
SKG_MT_W4389132751,2023,0.9138740301132202
SKG_NLI_W4389132751,2023,0.9138740301132202
SKG_SUM_W4389132751,2023,0.9138740301132202
SKG_MT_W4382059335,2023,0.9104803204536438
SKG_DIA_W4390353323,2023,0.9094112515449524
BLOG_NLI_W4367598041,2023,0.9267090559005737
BLOG_NLI_W4372335396,2023,0.9000527262687683
BLOG_NLI_W4387457231,2023,0.9208928942680359
SKG_MT_W4386740800,2023,0.9039429426193237
SKG_MT_W4385759708,2023,0.9216791987419128
SKG_MT_W4385346076,2023,0.9403430223464966
BLOG_NLI_W4366828815,2023,0.9378577470779419
BLOG_NLI_W4364323147,2023,0.9276660084724426
BLOG_NLI_W4317625850,2023,0.9141432046890259
BLOG_QA_W4321786089,2023,0.9307578206062317
BLOG_SA_W4321786089,2023,0.9307578206062317
SKG_MT_W3201870057,2023,0.9037014245986938
BLOG_SA_W4317042343,2023,0.9244160652160645
SKG_MT_W4388667244,2023,0.9226543307304382
SKG_NLI_W4388667244,2023,0.9226543307304382
SKG_MT_W4387321091,2023,0.9283150434494019
SKG_SUM_W4360995249,2023,0.9327099919319153
SKG_NLI_W4387321091,2023,0.9283150434494019
SKG_QA_W4387321091,2023,0.9283150434494019
BLOG_NLI_W4328115538,2023,0.9281309247016907
BLOG_SA_W4328115538,2023,0.9281309247016907
BLOG_NLI_W4388459526,2023,0.9252999424934387
SKG_PAR_W4385571452,2023,0.929901123046875
BLOG_SA_W4386261125,2023,0.8908363580703735
SKG_PAR_W4382239980,2023,0.9192855954170227
SKG_QA_W4360600181,2023,0.8756052851676941
SKG_PAR_W4382202657,2023,0.9272464513778687
SKG_PAR_W4385564993,2023,0.9206784963607788
SKG_PAR_W4378194664,2023,0.9369637370109558
SKG_PAR_W4385571219,2023,0.9405611753463745
SKG_PAR_W4378908626,2023,0.9317139387130737
SKG_PAR_W4389132136,2023,0.8798030018806458
SKG_QA_W4382987554,2023,0.918291449546814
SKG_NLI_W4389121120,2023,0.9006034135818481
SKG_QA_W4389121120,2023,0.9006034135818481
SKG_NLI_W4385839827,2023,0.9421409368515015
SKG_MT_W4386285856,2023,0.8960785865783691
BLOG_NLI_W4366817968,2023,0.9059435725212097
BLOG_QA_W4366817968,2023,0.9059435725212097
BLOG_SA_W4366817968,2023,0.9059435725212097
BLOG_NLI_W4321786089,2023,0.9307578206062317
SKG_NLI_W3201870057,2023,0.9037014245986938
SKG_SUM_W3201870057,2023,0.9037014245986938
SKG_MT_W4319162181,2023,0.9101592898368835
SKG_MT_W4360995249,2023,0.9327099919319153
SKG_NLI_W4360995249,2023,0.9327099919319153
SKG_QA_W4360995249,2023,0.9327099919319153
SKG_SA_W4360995249,2023,0.9327099919319153
SKG_MT_W4367316498,2023,0.9228785634040833
SKG_MT_W4385342469,2023,0.9325507283210754
SKG_NLI_W4385342469,2023,0.9325507283210754
SKG_SA_W4385342469,2023,0.9325507283210754
SKG_SUM_W4385342469,2023,0.9325507283210754
SKG_NLI_W4327550249,2023,0.9301939010620117
BLOG_NLI_W4386222752,2023,0.9166520833969116
BLOG_NLI_W4381252028,2023,0.9324787259101868
NOVEL_DIA_W4381252028,2023,0.9324787259101868
BLOG_NLI_W4378882744,2023,0.9193399548530579
BLOG_QA_W4378882744,2023,0.9193399548530579
BLOG_SA_W4378882744,2023,0.9193399548530579
BLOG_MT_W4377220857,2023,0.9313894510269165
BLOG_QA_W4367598041,2023,0.9267090559005737
BLOG_MT_W4366817968,2023,0.9059435725212097
SKG_NLI_W4382987554,2023,0.918291449546814
BLOG_MT_W4321054304,2023,0.7656112909317017
BLOG_MT_W4388699274,2023,0.9077005386352539
BLOG_MT_W4382601497,2023,0.9058912992477417
BLOG_QA_W4382601497,2023,0.9058912992477417
BLOG_MT_W4381430247,2023,0.907219409942627
BLOG_NLI_W4382618993,2023,0.8907892107963562
BLOG_MT_W3202265556,2023,0.8427491188049316
SKG_MT_W4383995031,2023,0.9137493968009949
SKG_NLI_W4383995031,2023,0.9137493968009949
SKG_MT_W4389885061,2023,0.9178823232650757
SKG_NLI_W4389885061,2023,0.9178823232650757
SKG_NLI_W4389991792,2023,0.9017587900161743
SKG_SUM_W4389991792,2023,0.9017587900161743
SKG_NLI_W4315977496,2023,0.9384506344795227
BLOG_NLI_W4389365236,2023,0.9315767288208008
BLOG_QA_W4389365236,2023,0.9315767288208008
SKG_SA_W4315977496,2023,0.9384506344795227
SKG_SUM_W4315977496,2023,0.9384506344795227
SKG_NLI_W4380685454,2023,0.9337486028671265
SKG_SUM_W4380685454,2023,0.9337486028671265
SKG_NLI_W3133824676,2023,0.8965259790420532
SKG_NLI_W4390711247,2023,0.8983375430107117
BLOG_MT_W4327583885,2023,0.8937581181526184
BLOG_SUM_W4327583885,2023,0.8937581181526184
BLOG_MT_W4319080389,2023,0.930699348449707
BLOG_SUM_W4319080389,2023,0.930699348449707
BLOG_MT_W4381832905,2023,0.9201501607894897
SKG_SA_W4319986951,2023,0.9351289868354797
SKG_NLI_W4385430679,2023,0.9370988607406616
SKG_NLI_W3038822267,2023,0.9207901954650879
BLOG_SUM_W4377220857,2023,0.9313894510269165
BLOG_MT_W4388275106,2023,0.9237238764762878
BLOG_SA_W4319318680,2023,0.940335750579834
BLOG_DIA_W4381989081,2023,0.915542483329773
BLOG_DIA_W4386261125,2023,0.8908363580703735
SKG_NLI_W4386576685,2023,0.9351812601089478
SKG_NLI_W4382239616,2023,0.9452374577522278
SKG_NLI_W4366823175,2023,0.9173263311386108
SKG_NLI_W4379769651,2023,0.925348162651062
SKG_MT_W4389452727,2023,0.8897968530654907
BLOG_MT_W4384341779,2023,0.9088946580886841
BLOG_SUM_W4384341779,2023,0.9088946580886841
BLOG_MT_W4367180472,2023,0.8831785917282104
BLOG_MT_W4367049415,2023,0.926754355430603
BLOG_SUM_W4367049415,2023,0.926754355430603
BLOG_PAR_W4321013654,2023,0.930522084236145
SKG_NLI_W4380874786,2023,0.882908046245575
SKG_NLI_W4389519587,2023,0.9346135258674622
BLOG_NLI_W4387809804,2023,0.9255988001823425
BLOG_MT_W2136893259,2023,0.9127355813980103
BLOG_QA_W2136893259,2023,0.9127355813980103
BLOG_SUM_W2136893259,2023,0.9127355813980103
BLOG_MT_W4387439311,2023,0.8917582631111145
SKG_NLI_W4362519158,2023,0.9239743947982788
SKG_PAR_W4362469388,2023,0.9058130383491516
SKG_PAR_W4385570594,2023,0.9451395273208618
SKG_PAR_W4389523980,2023,0.9363266229629517
SKG_PAR_W4367599042,2023,0.9325095415115356
SKG_PAR_W4389897623,2023,0.9254970550537109
SKG_PAR_W4313558932,2023,0.9321640133857727
BLOG_DIA_W4362667967,2023,0.9115219116210938
BLOG_DIA_W4381251484,2023,0.9190720319747925
BLOG_DIA_W4320491888,2023,0.9272521734237671
BLOG_DIA_W4319318680,2023,0.940335750579834
SKG_NLI_W4382202677,2023,0.945547878742218
SKG_NLI_W4372266552,2023,0.9375742077827454
BLOG_DIA_W4377041419,2023,0.9175603985786438
BLOG_DIA_W4385228868,2023,0.8622587323188782
BLOG_DIA_W4321013654,2023,0.930522084236145
BLOG_NLI_W4321013654,2023,0.930522084236145
BLOG_MT_W4318457133,2023,0.9118940234184265
SKG_PAR_W4390315357,2023,0.9294630289077759
SKG_SA_W4390315357,2023,0.9294630289077759
SKG_NLI_W4322627364,2023,0.9247762560844421
SKG_SA_W4322627364,2023,0.9247762560844421
SKG_NLI_W4315880904,2023,0.8991253972053528
SKG_NLI_W4388694364,2023,0.926144003868103
SKG_SUM_W4390711247,2023,0.8983375430107117
SKG_NLI_W4319986951,2023,0.9351289868354797
BLOG_DIA_W4387809804,2023,0.9255988001823425
SKG_PAR_W4321479797,2023,0.9225443005561829
SKG_PAR_W4317898419,2023,0.9397999048233032
SKG_PAR_W4386711868,2023,0.9293201565742493
SKG_PAR_W4318484896,2023,0.9315400123596191
SKG_SA_W4318484896,2023,0.9315400123596191
SKG_NLI_W4389359039,2023,0.9237911105155945
BLOG_SUM_W4318457133,2023,0.9118940234184265
BLOG_MT_W4383273076,2023,0.9099420309066772
BLOG_MT_W4389560718,2023,0.9319097399711609
BLOG_MT_W4365143687,2023,0.9297793507575989
BLOG_NLI_W4365143687,2023,0.9297793507575989
BLOG_QA_W4365143687,2023,0.9297793507575989
BLOG_SUM_W4365143687,2023,0.9297793507575989
BLOG_MT_W4378217890,2023,0.9412198066711426
SKG_PAR_W4386576685,2023,0.9351812601089478
SKG_SA_W4386576685,2023,0.9351812601089478
BLOG_SA_W4378771755,2023,0.9306577444076538
BLOG_DIA_W4319341091,2023,0.8722639083862305
SKG_PAR_W4317716303,2023,0.922720730304718
BLOG_SUM_W4378217890,2023,0.9412198066711426
SKG_PAR_W4319459780,2023,0.9388810992240906
SKG_PAR_W4386390931,2023,0.9346843957901001
SKG_PAR_W4389519239,2023,0.9307736158370972
SKG_PAR_W4385757151,2023,0.9087480306625366
SKG_PAR_W4385671288,2023,0.8744863271713257
SKG_PAR_W4366547384,2023,0.9329713582992554
SKG_PAR_W4389519598,2023,0.9634170532226562
SKG_PAR_W4366743045,2023,0.9144895672798157
SKG_PAR_W4386304230,2023,0.8962163925170898
SKG_PAR_W4315487473,2023,0.9304086565971375
SKG_PAR_W4387806579,2023,0.9277352094650269
SKG_PAR_W4379410101,2023,0.9098175764083862
BLOG_SA_W4386958277,2023,0.9169059991836548
BLOG_SUM_W4386958277,2023,0.9169059991836548
BLOG_DIA_W4319301633,2023,0.9117700457572937
BLOG_DIA_W4316041216,2023,0.9144617319107056
SKG_PAR_W4387231489,2023,0.8880724906921387
SKG_PAR_W4389520756,2023,0.9284256100654602
BLOG_PAR_W4386261125,2023,0.8908363580703735
SKG_PAR_W4382202531,2023,0.9311782717704773
SKG_PAR_W4385422140,2023,0.9436126947402954
SKG_PAR_W4387191968,2023,0.9156683683395386
SKG_PAR_W4389519585,2023,0.9269452095031738
SKG_PAR_W4386724197,2023,0.8930181264877319
SKG_PAR_W4365129631,2023,0.9319588541984558
BLOG_SA_W4316041216,2023,0.9144617319107056
BLOG_DIA_W4382652828,2023,0.9373990893363953
BLOG_DIA_W4378771755,2023,0.9306577444076538
NOVEL_DIA_W4383913712,2023,0.9399223327636719
SKG_QA_W4383913712,2023,0.9399223327636719
SKG_SUM_W4383913712,2023,0.9399223327636719
SKG_QA_W4319350602,2023,0.9140423536300659
SKG_SA_W4319350602,2023,0.9140423536300659
SKG_SUM_W4319350602,2023,0.9140423536300659
NOVEL_DIA_W4375862891,2023,0.9142681956291199
BLOG_DIA_W4388735708,2023,0.8808175921440125
SKG_PAR_W4386566638,2023,0.9292710423469543
SKG_PAR_W4389520670,2023,0.9385010004043579
BLOG_MT_W4327946446,2023,0.9086839556694031
BLOG_QA_W4327946446,2023,0.9086839556694031
BLOG_SUM_W4327946446,2023,0.9086839556694031
NOVEL_DIA_W4327946446,2023,0.9086839556694031
BLOG_MT_W4386958277,2023,0.9169059991836548
BLOG_QA_W4386958277,2023,0.9169059991836548
NOVEL_DIA_W4386251129,2023,0.923505961894989
NOVEL_DIA_W4387379065,2023,0.9263431429862976
NOVEL_DIA_W4386867830,2023,0.9253183603286743
SKG_QA_W4386867830,2023,0.9253183603286743
SKG_SUM_W4386867830,2023,0.9253183603286743
NOVEL_DIA_W4318014888,2023,0.9140110015869141
SKG_SA_W4379259169,2023,0.935333251953125
SKG_SA_W4323043839,2023,0.9036690592765808
SKG_SA_W4376278471,2023,0.9411553144454956
SKG_SA_W4366588626,2023,0.8948844075202942
SKG_SA_W4389428089,2023,0.9332128763198853
SKG_SUM_W4388522045,2023,0.8866356015205383
NOVEL_SUM_W4388522045,2023,0.8866356015205383
BLOG_DIA_W4378574344,2023,0.927034854888916
BLOG_PAR_W4378574344,2023,0.927034854888916
BLOG_QA_W4378574344,2023,0.927034854888916
SKG_SUM_W4387879971,2023,0.9053775668144226
NOVEL_SUM_W4384937545,2023,0.8624000549316406
NOVEL_DIA_W4366989525,2023,0.915643572807312
NOVEL_SUM_W4402061574,2024,0.9451265335083008
SKG_SUM_W4392172801,2024,0.9347847104072571
NOVEL_MT_306,2024,0.9468058347702026
NOVEL_DIA_W4393353064,2024,0.9425148963928223
SKG_NLI_W4393353064,2024,0.9425148963928223
SKG_SUM_W4393353064,2024,0.9425148963928223
SKG_PAR_W4399245583,2024,0.912290096282959
SKG_PAR_W4405181600,2024,0.9026263952255249
BLOG_DIA_W4392201174,2024,0.939149022102356
SKG_PAR_W4392732989,2024,0.9189004898071289
SKG_PAR_W4393335480,2024,0.9360064268112183
SKG_SA_W4392051461,2024,0.9009200930595398
SKG_PAR_W4391494845,2024,0.9565747380256653
SKG_PAR_W4390745503,2024,0.9185823202133179
SKG_NLI_W4390616142,2024,0.9221268892288208
SKG_NLI_W4393160302,2024,0.9244098663330078
SKG_PAR_W4394927283,2024,0.933933436870575
SKG_PAR_W4392394652,2024,0.9350088238716125
SKG_NLI_W4392051461,2024,0.9009200930595398
BLOG_DIA_W4392941225,2024,0.9424058794975281
BLOG_DIA_W4391099296,2024,0.9059503674507141
BLOG_MT_W1637437975,2024,0.8988027572631836
BLOG_DIA_W4396794085,2024,0.9193352460861206
SKG_PAR_W4394949392,2024,0.9409966468811035
SKG_MT_W4400949264,2024,0.9287020564079285
BLOG_MT_W2035237805,2024,0.9109169840812683
SKG_NLI_W4391514872,2024,0.9445153474807739
SKG_SA_W4391514872,2024,0.9445153474807739
SKG_MT_W4394998532,2024,0.8956928253173828
BLOG_MT_W4392817459,2024,0.8820708990097046
SKG_NLI_W4390793092,2024,0.9205366373062134
SKG_NLI_W4391109864,2024,0.9287033081054688
SKG_MT_W4393148714,2024,0.9330409169197083
BLOG_NLI_W4401386758,2024,0.9446182250976562
SKG_SUM_W4390793092,2024,0.9205366373062134
SKG_NLI_W4393148714,2024,0.9330409169197083
SKG_SUM_W4393148714,2024,0.9330409169197083
BLOG_NLI_W4401889742,2024,0.9506905674934387
BLOG_SA_W4401889742,2024,0.9506905674934387
BLOG_DIA_W4395049384,2024,0.9021626710891724
BLOG_DIA_W4390608362,2024,0.9388464093208313
SKG_PAR_W4392563948,2024,0.8582237362861633
SKG_QA_W4390946922,2024,0.9038419723510742
SKG_QA_W4391649568,2024,0.9182702898979187
SKG_QA_W4391136507,2024,0.9528692960739136
SKG_MT_W4392773210,2024,0.9489396810531616
SKG_QA_W4392773210,2024,0.9489396810531616
SKG_SUM_W4392773210,2024,0.9489396214485168
BLOG_NLI_W4391617198,2024,0.9391021728515625
SKG_DIA_W4402713111,2024,0.9335649609565735
BLOG_PAR_W4390587679,2024,0.9414547681808472
BLOG_PAR_W4392358084,2024,0.9540503621101379
BLOG_DIA_W4392769984,2024,0.9216512441635132
BLOG_SA_W4390608362,2024,0.9388464093208313
BLOG_SA_W4392769984,2024,0.9216512441635132
SKG_QA_W4394857110,2024,0.9026190042495728
SKG_DIA_W4393147129,2024,0.9252253770828247
BLOG_NLI_W4391130440,2024,0.9289625287055969
BLOG_PAR_W4392168447,2024,0.9296910166740417
BLOG_PAR_W4393118307,2024,0.9220536947250366
SKG_DIA_W4391403992,2024,0.9332035779953003
BLOG_PAR_W121702922,2024,0.8765048980712891
SKG_DIA_W4394879925,2024,0.8927791714668274
SKG_SA_W4391403992,2024,0.9332035779953003
BLOG_DIA_W4394828356,2024,0.9341462254524231
BLOG_NLI_W4394828356,2024,0.9341462254524231
BLOG_QA_W4394828356,2024,0.9341462254524231
BLOG_PAR_W4391598857,2024,0.9335778951644897
BLOG_PAR_W4391947388,2024,0.9279158711433411
SKG_MT_W4394857110,2024,0.9026190042495728
SKG_NLI_W4394857110,2024,0.9026190042495728
BLOG_PAR_W4391679299,2024,0.9333168864250183
BLOG_PAR_W4391105961,2024,0.9375882148742676
BLOG_PAR_W4391841769,2024,0.9142287373542786
SKG_SUM_W4390490761,2024,0.9355427026748657
BLOG_PAR_W4401730081,2024,0.9187101125717163
BLOG_PAR_W4392402185,2024,0.9255039095878601
SKG_MT_W4390490761,2024,0.9355427622795105
SKG_DIA_W4390490761,2024,0.9355427622795105
SKG_DIA_W4392939809,2024,0.9203828573226929
BLOG_QA_W4390829176,2024,0.9361293911933899
BLOG_SA_W4393115925,2024,0.9361012578010559
BLOG_SA_W4392303127,2024,0.9283038973808289
SKG_NLI_W4390490761,2024,0.9355427622795105
SKG_PAR_W4390490761,2024,0.9355427026748657
SKG_SA_W4390490761,2024,0.9355427026748657
SKG_QA_W2067822693,2024,0.9064300656318665
BLOG_DIA_W4390829176,2024,0.9361293911933899
BLOG_SA_W1534098791,2024,0.9182103872299194
BLOG_SA_W4391386256,2024,0.9010194540023804
BLOG_SA_W4391164176,2024,0.9337428212165833
SKG_SUM_W4393065402,2024,0.9398906826972961
SKG_QA_W4393065402,2024,0.9398906826972961
NOVEL_SA_W4390791326,2024,0.9055083394050598
BLOG_SUM_W1650569836,2024,0.8998432159423828
BLOG_SA_W4392621828,2024,0.9232064485549927
SKG_SUM_W4391876619,2024,0.9300309419631958
NOVEL_SUM_W4392044798,2024,0.9407401084899902
NOVEL_QA_W4403420208,2024,0.900478184223175
BLOG_SA_W4394828356,2024,0.9341462254524231
BLOG_NLI_W4391855109,2024,0.9518730044364929
NOVEL_SA_W4396583326,2024,0.9362714886665344
NOVEL_SA_W4403939428,2024,0.8970435857772827
SKG_DIA_W4393065402,2024,0.9398906826972961
SKG_MT_W4393065402,2024,0.9398906826972961
SKG_NLI_W4393065402,2024,0.9398906826972961
NOVEL_SA_W4396560090,2024,0.9724646806716919
NOVEL_DIA_W4404046121,2024,0.9392459988594055
SKG_QA_W4402665833,2024,0.9170234799385071
NOVEL_QA_W4391876619,2024,0.9300309419631958
SKG_DIA_W4391876619,2024,0.9300309419631958
SKG_QA_W4391876619,2024,0.9300309419631958
NOVEL_MT_W4403369705,2024,0.938846230506897
BLOG_DIA_W4391855109,2024,0.9518730044364929
NOVEL_QA_W4392044798,2024,0.9407401084899902
NOVEL_DIA_W4390912254,2024,0.8994668126106262
NOVEL_QA_W4391855109,2024,0.9518730044364929
NOVEL_MT_W4391855109,2024,0.9518730044364929
BLOG_SA_W4391855109,2024,0.9518730044364929
BLOG_QA_W4391855109,2024,0.9518730044364929
BLOG_PAR_W4391855109,2024,0.9518730044364929
SKG_SUM_W4402061574,2024,0.9451265335083008
NOVEL_MT_W4392471745,2024,0.9102314710617065
SKG_SUM_W4390692489,2024,0.8843730092048645
SKG_QA_W4390692489,2024,0.8843730092048645
SKG_NLI_W4390692489,2024,0.8843730092048645
NOVEL_QA_W4390692489,2024,0.8843730092048645
NOVEL_DIA_W4390692489,2024,0.8843730092048645
BLOG_DIA_W4399790131,2024,0.934226393699646
SKG_DIA_W4394828156,2024,0.9240837097167969
SKG_NLI_W4394828156,2024,0.9240837097167969
NOVEL_DIA_W4392240262,2024,0.9520476460456848
SKG_DIA_W4392240262,2024,0.9520476460456848
SKG_NLI_W4392240262,2024,0.9520476460456848
SKG_SA_W4392240262,2024,0.9520476460456848
SKG_SA_W4399518864,2024,0.9212688207626343
SKG_SUM_W4391994727,2024,0.9172196388244629
NOVEL_DIA_W4399790131,2024,0.934226393699646
NOVEL_DIA_W4390828922,2024,0.9172919392585754
NOVEL_DIA_W4394828156,2024,0.9240837097167969
NOVEL_MT_W4392757206,2024,0.9344531297683716
BLOG_MT_W2626778328,2025,0.952605128288269
NOVEL_MT_W2626778328,2025,0.952605128288269
NOVEL_MT_188,2025,0.622496485710144
NOVEL_DIA_W202708134,2025,0.8801957964897156
SKG_NLI_W4406152279,2025,0.935184121131897
SKG_SUM_W4406152279,2025,0.935184121131897
NOVEL_QA_W4406152279,2025,0.935184121131897
NOVEL_DIA_W1511604355,2025,0.6884059906005859
SKG_NLI_W4406026056,2025,0.9235908389091492
BLOG_SUM_W4394666973,2025,0.9028745889663696
BLOG_SUM_W4411096100,2025,0.9210807681083679
BLOG_PAR_W4406102289,2025,0.9100300669670105
SKG_DIA_W4406026056,2025,0.9235908389091492
NOVEL_MT_W1591719028,2025,0.9292640686035156
BLOG_DIA_W1994546180,2025,0.9248414039611816
BLOG_QA_W1994546180,2025,0.9248414039611816
NOVEL_DIA_W1994546180,2025,0.9248414039611816
