paper_id,title,domain,year,split,semantic_knn,predicted_novel
SKG_MT_1151,Better Filtration and Augmentation for Hierarchical Phrase-Based Translation Rules,MT,2010,SKG,1.0,1
SKG_SUM_67,Multi-Document Summarization Using A Search and Discriminative Learning,SUM,2010,SKG,1.0,1
SKG_MT_287,Fast Consensus Hypothesis Regeneration for Machine Translation,MT,2010,SKG,1.0,1
SKG_SUM_83,Optimizing Informativeness and Readability for Sentiment Summarization,SUM,2010,SKG,1.0,1
SKG_SUM_42,A Risk Minimization Framework for Extractive Speech Summarization,SUM,2010,SKG,1.0,1
SKG_MT_1074,Accurate Non-Hierarchical Phrase-Based Translation,MT,2010,SKG,1.0,1
SKG_PAR_202,Utilizing Extra-Sentential Context for Parsing,PAR,2010,SKG,1.0,1
SKG_MT_390,Tackling Sparse Data Issue in Machine Translation Evaluation,MT,2010,SKG,1.0,1
SKG_MT_488,Incremental Decoding for Phrase-Based Statistical Machine Translation,MT,2010,SKG,1.0,1
SKG_MT_157,Maximum Entropy Based Phrase Reordering for Hierarchical Phrase-Based Translation,MT,2010,SKG,1.0,1
SKG_SUM_7,Using Confusion Networks for Speech Summarization,SUM,2010,SKG,1.0,1
SKG_MT_194,The RWTH Aachen Machine Translation System for WMT 2012,MT,2010,SKG,1.0,1
SKG_MT_478,A Joint Rule Selection Model for Hierarchical Phrase-Based Translation,MT,2010,SKG,1.0,1
SKG_MT_1199,Statistical Machine Translation with a Factorized Grammar,MT,2010,SKG,1.0,1
SKG_MT_196,Extending the METEOR Machine Translation Evaluation Metric to the Phrase Level,MT,2010,SKG,1.0,1
SKG_PAR_219,A Unified Framework for Scope Learning via Simplified Shallow Semantic Parsing,PAR,2010,SKG,1.0,1
SKG_MT_174,Balancing User Effort and Translation Error in Interactive Machine Translation via Confidence Measures,MT,2010,SKG,1.0,1
SKG_QA_101,"Tree Edit Models for Recognizing Textual Entailments, Paraphrases, and Answers to Questions",QA,2010,SKG,1.0,1
SKG_MT_1231,Applying Morphological Decompositions to Statistical Machine Translation,MT,2010,SKG,1.0,1
SKG_MT_15,Fixed Length Word Suffix for Factored Statistical Machine Translation,MT,2010,SKG,1.0,1
SKG_MT_17,Hindi to Punjabi Machine Translation System,MT,2010,SKG,1.0,1
SKG_MT_1232,Discriminative Sample Selection for Statistical Machine Translation,MT,2010,SKG,1.0,1
SKG_MT_603,Unsupervised Search for the Optimal Segmentation for Statistical Machine Translation,MT,2010,SKG,1.0,1
SKG_MT_567,Efficient Path Counting Transducers for Minimum Bayes-Risk Decoding of Statistical Machine Translation Lattices,MT,2010,SKG,1.0,1
SKG_MT_61,Hierarchical Phrase-Based Translation Grammars Extracted from Alignment Posterior Probabilities,MT,2010,SKG,1.0,1
SKG_SA_544,Holistic Sentiment Analysis Across Languages Multilingual Supervised Latent Dirichlet Allocation,SA,2010,SKG,1.0,1
SKG_MT_968,LIUM SMT Machine Translation System for WMT 2010,MT,2010,SKG,1.0,1
SKG_MT_547,"Jane Open Source Hierarchical Translation, Extended with Reordering and Lexicon Models",MT,2010,SKG,1.0,1
SKG_PAR_87,Improved Fully Unsupervised Parsing with Zoomed Learning,PAR,2010,SKG,1.0,1
SKG_DIA_104,Importance-Driven Turn-Bidding for Spoken Dialogue Systems,DIA,2010,SKG,1.0,1
SKG_PAR_69,Uptraining for Accurate Deterministic Question Parsing,PAR,2010,SKG,1.0,1
SKG_MT_137,Task-based Evaluation of Multiword Expressions a Pilot Study in Statistical Machine Translation,MT,2010,SKG,1.0,1
SKG_MT_606,Decision Trees for Lexical Smoothing in Statistical Machine Translation,MT,2010,SKG,1.0,1
SKG_SA_527,A Comparative Study of Bayesian Models for Unsupervised Sentiment Detection,SA,2010,SKG,1.0,1
SKG_MT_585,Vs and OOVs Two Problems for Translation between German and English,MT,2010,SKG,1.0,1
SKG_MT_646,To Cache or Not To Cache Experiments with Adaptive Models in Statistical Machine Translation,MT,2010,SKG,1.0,1
SKG_QA_416,Optimizing Question Answering Accuracy by Maximizing Log-Likelihood,QA,2010,SKG,1.0,1
SKG_MT_660,Maximum Entropy Translation Model in Dependency-Based MT Framework,MT,2010,SKG,1.0,1
SKG_MT_388,Soft Syntactic Constraints for Hierarchical Phrase-Based Translation Using Latent Syntactic Distributions,MT,2010,SKG,1.0,1
SKG_MT_1313,Integration of Multiple Bilingually-Learned Segmentation Schemes into Statistical Machine Translation,MT,2010,SKG,1.0,1
SKG_SA_83,CityU-DAC Disambiguating Sentiment-Ambiguous Adjectives within Context,SA,2010,SKG,1.0,1
SKG_MT_795,Divide and Translate Improving Long Distance Reordering in Statistical Machine Translation,MT,2010,SKG,1.0,1
SKG_MT_1384,Facilitating Translation Using Source Language Paraphrase Lattices,MT,2010,SKG,1.0,1
SKG_MT_1167,LIUM SMT Machine Translation System for WMT 2010,MT,2010,SKG,1.0,1
SKG_MT_853,UBA Using Automatic Translation and Wikipedia for Cross-Lingual Lexical Substitution,MT,2010,SKG,1.0,1
SKG_MT_838,Cross Language Text Classification by Model Translation and Semi-Supervised Learning,MT,2010,SKG,1.0,1
SKG_MT_850,Stream-based Translation Models for Statistical Machine Translation,MT,2010,SKG,1.0,1
SKG_MT_1325,Model Combination for Machine Translation,MT,2010,SKG,1.0,1
SKG_SA_217,Optimizing Informativeness and Readability for Sentiment Summarization,SA,2010,SKG,1.0,1
SKG_MT_1320,Evaluating Machine Translations Using mNCD,MT,2010,SKG,1.0,1
SKG_SA_420,Automatically Generating Annotator Rationales to Improve Sentiment Classification,SA,2010,SKG,1.0,1
SKG_MT_1375,LIUM SMT Machine Translation System for WMT 2010,MT,2010,SKG,1.0,1
SKG_MT_1394,Evaluating Machine Translations Using mNCD,MT,2010,SKG,1.0,1
SKG_MT_1193,Non-Isomorphic Forest Pair Translation,MT,2010,SKG,1.0,1
SKG_MT_715,Automatic Evaluation of Translation Quality for Distant Language Pairs,MT,2010,SKG,1.0,1
SKG_DIA_209,Learning to Adapt to Unknown Users Referring Expression Generation in Spoken Dialogue Systems,DIA,2010,SKG,1.0,1
SKG_DIA_210,Fusing Eye Gaze with Speech Recognition Hypotheses to Resolve Exophoric References in Situated Dialogue,DIA,2010,SKG,1.0,1
SKG_MT_743,L1 Regularized Regression for Reranking and System Combination in Machine Translation,MT,2010,SKG,1.0,1
SKG_MT_771,Improved Models of Distortion Cost for Statistical Machine Translation,MT,2010,SKG,1.0,1
SKG_MT_620,Effects of Noun Phrase Bracketing in Dependency Parsing and Machine Translation,MT,2011,SKG,0.9220904111862184,0
SKG_MT_964,Noisy SMS Machine Translation in Low-Density Languages,MT,2011,SKG,0.9301103353500366,0
SKG_MT_966,An Interactive Machine Translation System with Online Learning,MT,2011,SKG,0.9168069958686828,0
SKG_MT_1227,Blast A Tool for Error Analysis of Machine Translation Output,MT,2011,SKG,0.8963740468025208,0
SKG_MT_1220,Hypothesis Mixture Decoding for Statistical Machine Translation,MT,2011,SKG,0.9335318803787231,0
SKG_MT_1399,From n-gram-based to CRF-based Translation Models,MT,2011,SKG,0.9141175150871276,0
SKG_QA_392,Question Detection in Spoken Conversations Using Textual Conversations,QA,2011,SKG,0.9164015650749208,0
SKG_MT_595,"RegMT System for Machine Translation, System Combination, and Evaluation",MT,2011,SKG,0.9287808537483216,0
SKG_QA_302,Learning to Grade Short Answer Questions using Semantic Similarity Measures and Dependency Graph Alignments,QA,2011,SKG,0.9208142161369324,0
SKG_MT_962,Phrase-Based Translation Model for Question Retrieval in Community Question Answer Archives,MT,2011,SKG,0.9182705879211426,0
SKG_QA_240,Query Snowball A Co-occurrence-based Approach to Multi-document Summarization for Question Answering,QA,2011,SKG,0.90122252702713,0
SKG_PAR_14,Evaluating Dependency Parsing Robust and Heuristics-Free Cross-Annotation Evaluation,PAR,2011,SKG,0.918910801410675,0
SKG_MT_496,Fast Generation of Translation Forest for Large-Scale SMT Discriminative Training,MT,2011,SKG,0.9401029348373412,0
SKG_MT_565,Improving On-line Handwritten Recognition using Translation Models in Multimodal Interactive Machine Translation,MT,2011,SKG,0.9278997182846068,0
SKG_PAR_34,Optimistic Backtracking - A Backtracking Overlay for Deterministic Incremental Parsing,PAR,2011,SKG,0.891863226890564,0
SKG_MT_58,Bayesian Extraction of Minimal SCFG Rules for Hierarchical Phrase-based Translation,MT,2011,SKG,0.9207253456115724,0
SKG_MT_557,Better Evaluation Metrics Lead to Better Machine Translation,MT,2011,SKG,0.9079809188842772,0
SKG_MT_87,Enhancing Language Models in Statistical Machine Translation with Backward N-grams and Mutual Information Triggers,MT,2011,SKG,0.9376262426376344,0
SKG_SA_567,Harnessing WordNet Senses for Supervised Sentiment Classification,SA,2011,SKG,0.9218093752861024,0
SKG_PAR_94,Accurate Parsing with Compact Tree-Substitution Grammars Double-DOP,PAR,2011,SKG,0.9246967434883118,0
SKG_MT_409,Spell Checking Techniques for Replacement of Unknown Words and Data Cleaning for Haitian Creole SMS Translation,MT,2011,SKG,0.9176657795906068,0
SKG_MT_144,Automatic Evaluation of Chinese Translation Output Word-Level or Character-Level,MT,2011,SKG,0.928850531578064,0
SKG_MT_117,Discriminative Feature-Tied Mixture Modeling for Statistical Machine Translation,MT,2011,SKG,0.9307611584663392,0
SKG_MT_1024,Bayesian Word Alignment for Statistical Machine Translation,MT,2011,SKG,0.9238992929458618,0
SKG_SA_505,Compositional Matrix-Space Models for Sentiment Analysis,SA,2011,SKG,0.919154167175293,0
SKG_MT_1306,Binarized Forest to String Translation,MT,2011,SKG,0.9360068440437316,0
SKG_SA_192,Subjectivity and Sentiment Analysis of Modern Standard Arabic,SA,2011,SKG,0.9257241487503052,0
SKG_SA_181,Dr Sentiment Knows Everything!,SA,2011,SKG,0.8732401132583618,0
SKG_DIA_253,Multimodal Menu-based Dialogue with Speech Cursor in DICO II+,DIA,2011,SKG,0.8462539911270142,0
SKG_MT_789,Improving Decoding Generalization for Tree-to-String Translation,MT,2011,SKG,0.9372465014457704,0
SKG_MT_1330,E-rating Machine Translation,MT,2011,SKG,0.9063087701797484,0
SKG_DIA_288,Learning the Information Status of Noun Phrases in Spoken Dialogues,DIA,2011,SKG,0.9205222129821776,0
SKG_MT_881,Consistent Translation using Discriminative Learning - A Translation Memory-inspired Approach,MT,2011,SKG,0.9359639883041382,0
SKG_SA_343,Using Multiple Sources to Construct a Sentiment Sensitive Thesaurus for Cross-Domain Sentiment Classification,SA,2011,SKG,0.9128748178482056,0
SKG_SA_351,Joint Bilingual Sentiment Classification with Unlabeled Parallel Corpora,SA,2011,SKG,0.9250504374504088,0
SKG_SUM_130,Ranking Human and Machine Summarization Systems,SUM,2011,SKG,0.9118784070014954,0
SKG_SUM_110,Query Snowball A Co-occurrence-based Approach to Multi-document Summarization for Question Answering,SUM,2011,SKG,0.9012225866317748,0
SKG_MT_800,Productive Generation of Compound Words in Statistical Machine Translation,MT,2011,SKG,0.9198769330978394,0
SKG_MT_1277,"Filtering Antonymous, Trend-Contrasting, and Polarity-Dissimilar Distributional Paraphrases for Improving Statistical Machine Translation",MT,2011,SKG,0.9274735450744628,0
SKG_MT_697,Learning to Transform and Select Elementary Trees for Improved Syntax-based Machine Translations,MT,2011,SKG,0.9403055310249328,0
SKG_DIA_213,An Affect-Enriched Dialogue Act Classification Model for Task-Oriented Dialogue,DIA,2011,SKG,0.9085873365402222,0
SKG_MT_712,Statistical Machine Translation with Local Language Models,MT,2011,SKG,0.9355198740959167,0
SKG_SA_77,Automatically Extracting Polarity-Bearing Topics for Cross-Domain Sentiment Classification,SA,2011,SKG,0.9285492897033693,0
SKG_MT_919,"A Large Scale Distributed Syntactic, Semantic and Lexical Language Model for Machine Translation",MT,2011,SKG,0.9286754727363586,0
SKG_MT_820,The Karlsruhe Institute of Technology Translation Systems for the WMT 2014,MT,2011,SKG,0.9412185549736024,0
SKG_SA_423,Target-dependent Twitter Sentiment Classification,SA,2011,SKG,0.9030024409294128,0
SKG_MT_813,Effective Use of Function Words for Rule Generalization in Forest-Based Translation,MT,2011,SKG,0.9405171275138856,0
SKG_DIA_233,Data-oriented Monologue-to-Dialogue Generation,DIA,2011,SKG,0.8982078433036804,0
SKG_QA_336,Phrase-Based Translation Model for Question Retrieval in Community Question Answer Archives,QA,2011,SKG,0.9182705879211426,0
SKG_MT_1003,On-line Language Model Biasing for Statistical Machine Translation,MT,2011,SKG,0.9326593279838562,0
SKG_MT_440,SampleRank Training for Phrase-Based Machine Translation,MT,2011,SKG,0.9285810589790344,0
SKG_MT_308,DFKI Hybrid Machine Translation System for WMT 2011 - On the Integration of SMT and RBMT,MT,2011,SKG,0.9181753396987916,0
SKG_MT_1132,TESLA at WMT 2011 Translation Evaluation and Tunable Metric,MT,2011,SKG,0.8417948484420776,0
SKG_MT_300,Machine Translation System Combination by Confusion Forest,MT,2011,SKG,0.9275730848312378,0
SKG_MT_368,Instance Selection for Machine Translation using Feature Decay Algorithms,MT,2011,SKG,0.9286657571792604,0
SKG_SUM_80,Discovery of Topically Coherent Sentences for Extractive Summarization,SUM,2011,SKG,0.9196549654006958,0
SKG_PAR_215,Unsupervised Dependency Parsing without Gold Part-of-Speech Tags,PAR,2011,SKG,0.9362363815307616,0
SKG_PAR_89,Effects of Noun Phrase Bracketing in Dependency Parsing and Machine Translation,PAR,2011,SKG,0.9220905303955078,0
SKG_SUM_45,Summarize What You Are Interested In An Optimization Framework for Interactive Personalized Summarization,SUM,2011,SKG,0.9024702906608582,0
SKG_MT_280,Cache-based Document-level Statistical Machine Translation,MT,2011,SKG,0.9221900701522828,0
SKG_QA_5,Using Syntactic and Semantic Structural Kernels for Classifying Definition Questions in Jeopardy!,QA,2011,SKG,0.9236072301864624,0
SKG_MT_1111,TESLA at WMT 2011 Translation Evaluation and Tunable Metric,MT,2011,SKG,0.8417948484420776,0
SKG_MT_286,Topic Adaptation for Lecture Translation through Bilingual Latent Semantic Models,MT,2011,SKG,0.9354451298713684,0
SKG_MT_1129,An Interactive Machine Translation System with Online Learning,MT,2011,SKG,0.9168069958686828,0
SKG_MT_389,N-gram-based Tense Models for Statistical Machine Translation,MT,2012,SKG,0.806627094745636,0
SKG_MT_283,Translation Model Based Cross-Lingual Language Model Adaptation from Word Models to Phrase Models,MT,2012,SKG,0.934609055519104,0
SKG_SUM_72,Combining Coherence Models and Machine Translation Evaluation Metrics for Summarization Evaluation,SUM,2012,SKG,0.9247158765792848,0
SKG_MT_234,Topic Models for Dynamic Translation Model Adaptation,MT,2012,SKG,0.9317084550857544,0
SKG_MT_1191,FBK Cross-Lingual Textual Entailment Without Translation,MT,2012,SKG,0.9397331476211548,0
SKG_MT_1400,Machine Learning for Hybrid Machine Translation,MT,2012,SKG,0.9392881393432616,0
SKG_QA_417,Towards Effective Tutorial Feedback for Explanation Questions A Dataset and Baselines,QA,2012,SKG,0.8839455842971802,0
SKG_MT_622,Collaborative Machine Translation Service for Scientific texts,MT,2012,SKG,0.9146378636360168,0
SKG_MT_1425,Selecting Data for English-to-Czech Machine Translation,MT,2012,SKG,0.9386529922485352,0
SKG_DIA_182,Optimising Incremental Dialogue Decisions Using Information Density for Interactive Systems,DIA,2012,SKG,0.924604058265686,0
SKG_MT_1236,LetsMT! Cloud-Based Platform for Do-It-Yourself Machine Translation,MT,2012,SKG,0.873160719871521,0
SKG_MT_945,Improved Reordering for Shallow-n Grammar based Hierarchical Phrase-based Translation,MT,2012,SKG,0.939919650554657,0
SKG_MT_7,A Ranking-based Approach to Word Reordering for Statistical Machine Translation,MT,2012,SKG,0.953448474407196,1
SKG_MT_576,SAGAN A Machine Translation Approach for Cross-Lingual Textual Entailment,MT,2012,SKG,0.9128580093383788,0
SKG_SA_554,Do Neighbours Help An Exploration of Graph-based Algorithms for Cross-domain Sentiment Classification,SA,2012,SKG,0.9202829599380492,0
SKG_MT_613,Optimized Online Rank Learning for Machine Translation,MT,2012,SKG,0.9293379783630372,0
SKG_MT_1473,Detecting Highly Confident Word Translations from Comparable Corpora without Any Prior Knowledge,MT,2012,SKG,0.945178210735321,0
SKG_MT_92,Smaller Alignment Models for Better Translations Unsupervised Word Alignment with the l0-norm,MT,2012,SKG,0.9361969828605652,0
SKG_QA_203,Sentence Dependency Tagging in Online Question Answering Forums,QA,2012,SKG,0.918955624103546,0
SKG_MT_78,Sentence Simplification by Monolingual Machine Translation,MT,2012,SKG,0.9361068606376648,0
SKG_MT_981,Language Resources Factory case study on the acquisition of Translation Memories,MT,2012,SKG,0.8982251286506653,0
SKG_MT_74,Translation Model Adaptation for Statistical Machine Translation with Monolingual Topic Information,MT,2012,SKG,0.9288231134414672,0
SKG_QA_219,Community Answer Summarization for Multi-Sentence Question with Group L1 Regularization,QA,2012,SKG,0.7752321362495422,0
SKG_MT_89,Machine Translation of Arabic Dialects,MT,2012,SKG,0.9286999702453612,0
SKG_MT_85,Translation Model Size Reduction for Hierarchical Phrase-based Statistical Machine Translation,MT,2012,SKG,0.9423295855522156,0
SKG_MT_131,Inducing a Discriminative Parser to Optimize Machine Translation Reordering,MT,2012,SKG,0.9395315051078796,0
SKG_SA_565,Identifying High-Impact Sub-Structures for Convolution Kernels in Document-level Sentiment Classification,SA,2012,SKG,0.9297029376029968,0
SKG_MT_535,A Topic Similarity Model for Hierarchical Phrase-based Translation,MT,2012,SKG,0.9369348287582396,0
SKG_MT_550,Continuous Space Translation Models with Neural Networks,MT,2012,SKG,0.6738219261169434,0
SKG_MT_93,A Class-Based Agreement Model for Generating Accurately Inflected Translations,MT,2012,SKG,0.942705512046814,0
SKG_PAR_3,Vine Pruning for Efficient Multi-Pass Dependency Parsing,PAR,2012,SKG,0.9117158651351928,0
SKG_MT_415,An Exploration of Forest-to-String Translation Does Translation Help or Hurt Parsing,MT,2012,SKG,0.9241536259651184,0
SKG_MT_480,Real-time Incremental Speech-to-Speech Translation of Dialogs,MT,2012,SKG,0.9156676530838012,0
SKG_MT_1228,Using Syntactic Head Information in Hierarchical Phrase-Based Translation,MT,2012,SKG,0.9472177624702454,0
SKG_MT_1209,Language Models for Machine Translation Original vs. Translated Texts,MT,2012,SKG,0.9125903844833374,0
SKG_MT_453,Opinion Target Extraction Using Word-Based Translation Model,MT,2012,SKG,0.9382346272468568,0
SKG_MT_469,Twitter Translation using Translation-Based Cross-Lingual Retrieval,MT,2012,SKG,0.9297516942024232,0
SKG_MT_239,Combining Word-Level and Character-Level Models for Machine Translation Between Closely-Related Languages,MT,2012,SKG,0.9372634887695312,0
SKG_SUM_59,Multiple Aspect Summarization Using Integer Linear Programming,SUM,2012,SKG,0.9229167699813844,0
SKG_MT_1077,Perplexity Minimization for Translation Model Domain Adaptation in Statistical Machine Translation,MT,2012,SKG,0.9221858978271484,0
SKG_MT_1065,Character-Based Pivot Translation for Under-Resourced Languages and Domains,MT,2012,SKG,0.9410532116889954,0
SKG_PAR_200,Concavity and Initialization for Unsupervised Dependency Parsing,PAR,2012,SKG,0.9095252156257628,0
SKG_MT_259,Fast and Scalable Decoding with Language Model Look-Ahead for Phrase-based Statistical Machine Translation,MT,2012,SKG,0.932247757911682,0
SKG_PAR_127,The Challenges of Parsing Chinese with Combinatory Categorial Grammar,PAR,2012,SKG,0.920176327228546,0
SKG_MT_410,Phrase Model Training for Statistical Machine Translation with Word Lattices of Preprocessing Alternatives,MT,2012,SKG,0.9474869966506958,1
SKG_MT_373,Optimization Strategies for Online Large-Margin Learning in Machine Translation,MT,2012,SKG,0.9190605878829956,0
SKG_SUM_97,Community Answer Summarization for Multi-Sentence Question with Group L1 Regularization,SUM,2012,SKG,0.7752321362495422,0
SKG_MT_1175,Character-Level Machine Translation Evaluation for Languages with Ambiguous Word Boundaries,MT,2012,SKG,0.7752321362495422,0
SKG_MT_1177,Modified Distortion Matrices for Phrase-Based Statistical Machine Translation,MT,2012,SKG,0.9434460401535034,0
SKG_MT_1062,Tree Kernels for Machine Translation Quality Estimation,MT,2012,SKG,0.9308689832687378,0
SKG_MT_1276,Using Syntactic Head Information in Hierarchical Phrase-Based Translation,MT,2012,SKG,0.9472177624702454,0
SKG_MT_724,Forced Derivation Tree based Model Training to Statistical Machine Translation,MT,2012,SKG,0.9476776123046876,1
SKG_QA_487,Automatically Mining Question Reformulation Patterns from Search Log Data,QA,2012,SKG,0.916898548603058,0
SKG_MT_451,Combining Coherence Models and Machine Translation Evaluation Metrics for Summarization Evaluation,MT,2012,SKG,0.9247159957885742,0
SKG_DIA_231,IRIS a Chat-oriented Dialogue System based on the Vector Space Model,DIA,2012,SKG,0.9056790471076964,0
SKG_MT_1395,Learning Translation Consensus with Structured Label Propagation,MT,2012,SKG,0.9384799003601074,0
SKG_MT_1376,The Karlsruhe Institute of Technology Translation Systems for the WMT 2012,MT,2012,SKG,0.9455555081367492,0
SKG_SA_148,Active Learning for Imbalanced Sentiment Classification,SA,2012,SKG,0.9184222221374512,0
SKG_MT_1421,Smaller Alignment Models for Better Translations Unsupervised Word Alignment with the l0-norm,MT,2012,SKG,0.9361969232559204,0
SKG_SA_5,Cross-Lingual Mixture Model for Sentiment Classification,SA,2012,SKG,0.9315387606620787,0
SKG_MT_788,Structural and Topical Dimensions in Multi-Task Patent Translation,MT,2012,SKG,0.9280381202697754,0
SKG_MT_835,Learning Better Rule Extraction with Translation Span Alignment,MT,2012,SKG,0.921446681022644,0
SKG_MT_832,Mixing Multiple Translation Models in Statistical Machine Translation,MT,2012,SKG,0.9353345036506652,0
SKG_MT_1349,Enhancing Statistical Machine Translation with Character Alignment,MT,2012,SKG,0.9352315068244934,0
SKG_MT_1361,Toward Statistical Machine Translation without Parallel Corpora,MT,2012,SKG,0.938146710395813,0
SKG_MT_1327,Hierarchical Chunk-to-String Translation,MT,2012,SKG,0.9350900650024414,0
SKG_SA_268,Cross-Domain Co-Extraction of Sentiment and Topic Lexicons,SA,2012,SKG,0.933083713054657,0
SKG_MT_865,Kriya - The SFU System for Translation Task at WMT-12,MT,2012,SKG,0.9350346326828004,0
SKG_SA_24,"Baselines and Bigrams Simple, Good Sentiment and Topic Classification",SA,2012,SKG,0.914953351020813,0
SKG_MT_1165,Machine Translation without Words through Substring Alignment,MT,2012,SKG,0.9422853589057922,0
SKG_MT_1174,QCRI at WMT12 Experiments in Spanish-English and German-English Machine Translation of News Text,MT,2012,SKG,0.930456817150116,0
SKG_MT_346,Modeling the Translation of Predicate-Argument Structure for SMT,MT,2012,SKG,0.9375354647636414,0
SKG_SUM_147,Framework of Automatic Text Summarization Using Reinforcement Learning,SUM,2012,SKG,0.9241622686386108,0
SKG_SUM_193,Using Supervised Bigram-based ILP for Extractive Summarization,SUM,2013,SKG,0.9402364492416382,0
SKG_MT_1090,Joint Language and Translation Modeling with Recurrent Neural Networks,MT,2013,SKG,0.9487498998641968,1
SKG_MT_376,Online Relative Margin Maximization for Statistical Machine Translation,MT,2013,SKG,0.9350557327270508,0
SKG_PAR_204,"A Lattice-based Framework for Joint Chinese Word Segmentation, POS Tagging and Parsing",PAR,2013,SKG,0.9374802708625792,0
SKG_MT_332,Improving Syntax-Augmented Machine Translation by Coarsening the Label Set,MT,2013,SKG,0.912606418132782,0
SKG_MT_337,A Phrase Orientation Model for Hierarchical Machine Translation,MT,2013,SKG,0.9484140276908876,1
SKG_MT_372,Max-Margin Synchronous Grammar Induction for Machine Translation,MT,2013,SKG,0.9439321756362916,0
SKG_MT_375,Bilingual Lexical Cohesion Trigger Model for Document-Level Machine Translation,MT,2013,SKG,0.9378825426101683,0
SKG_MT_371,Lexical Chain Based Cohesion Models for Document-Level Statistical Machine Translation,MT,2013,SKG,0.9378458857536316,0
SKG_SA_306,Exploring Demographic Language Variations to Improve Multilingual Sentiment Analysis in Social Media,SA,2013,SKG,0.9141212701797484,0
SKG_SA_296,Utterance-Level Multimodal Sentiment Analysis,SA,2013,SKG,0.9320505261421204,0
SKG_MT_824,Quality Estimation for Machine Translation Using the Joint Method of Evaluation Criteria and Statistical Modeling,MT,2013,SKG,0.9299627542495728,0
SKG_MT_290,Handling Ambiguities of Bilingual Predicate-Argument Structures for Statistical Machine Translation,MT,2013,SKG,0.9091029167175292,0
SKG_MT_282,Part-of-Speech Induction in Dependency Trees for Statistical Machine Translation,MT,2013,SKG,0.9398872256278992,0
SKG_MT_268,Online Learning Approaches in Computer Assisted Translation,MT,2013,SKG,0.9365171194076538,0
SKG_MT_277,A Markov Model of Machine Translation using Non-parametric Bayesian Inference,MT,2013,SKG,0.9526384472846984,1
SKG_SA_318,Probabilistic Sense Sentiment Similarity through Hidden Emotions,SA,2013,SKG,0.9123672246932985,0
SKG_MT_1326,Integrating Phrase-based Reordering Features into a Chart-based Decoder for Machine Translation,MT,2013,SKG,0.9393628239631652,0
SKG_PAR_139,Iterative Transformation of Annotation Guidelines for Constituency Parsing,PAR,2013,SKG,0.9163247346878052,0
SKG_MT_829,Discriminative Training of 150 Million Translation Parameters and Its Application to Pruning,MT,2013,SKG,0.9305315017700196,0
SKG_SUM_0,Document Summarization via Guided Sentence Compression,SUM,2013,SKG,0.9375856518745422,0
SKG_SA_229,NTNU Domain Semi-Independent Short Message Sentiment Classification,SA,2013,SKG,0.916316032409668,0
SKG_MT_1324,Scalable Decipherment for Machine Translation via Hash Sampling,MT,2013,SKG,0.9376410245895386,0
SKG_QA_3,Minimum Bayes Risk based Answer Re-ranking for Question Answering,QA,2013,SKG,0.9292929768562316,0
SKG_MT_1290,Fast and Adaptive Online Training of Feature-Rich Translation Models,MT,2013,SKG,0.9394739866256714,0
SKG_MT_869,TransDoop A Map-Reduce based Crowdsourced Translation for Complex Domain,MT,2013,SKG,0.9333524703979492,0
SKG_MT_225,A Shift-Reduce Parsing Algorithm for Phrase-based String-to-Dependency Translation,MT,2013,SKG,0.9495899081230164,1
SKG_MT_1310,A Systematic Exploration of Diversity in Machine Translation,MT,2013,SKG,0.9375360608100892,0
SKG_MT_1069,Applying Pairwise Ranked Optimisation to Improve the Interpolation of Translation Models,MT,2013,SKG,0.9206191301345824,0
SKG_MT_845,Efficient Left-to-Right Hierarchical Phrase-Based Translation with Improved Reordering,MT,2013,SKG,0.9277521967887878,0
SKG_SUM_34,Automatically Determining a Proper Length for Multi-Document Summarization A Bayesian Nonparametric Approach,SUM,2013,SKG,0.9232589602470398,0
SKG_MT_1082,A Beam-Search Decoder for Normalization of Social Media Text with Application to Machine Translation,MT,2013,SKG,0.9310288429260254,0
SKG_PAR_52,Approximate PCFG Parsing Using Tensor Decomposition,PAR,2013,SKG,0.8886574506759644,0
SKG_MT_515,Modelling Annotator Bias with Multi-task Gaussian Processes An Application to Machine Translation Quality Estimation,MT,2013,SKG,0.9217127561569214,0
SKG_QA_84,The Answer is at your Fingertips Improving Passage Retrieval for Web Question Answering with Search Behavior Data,QA,2013,SKG,0.9211609959602356,0
SKG_MT_885,Using a Supertagged Dependency Language Model to Select a Good Translation in System Combination,MT,2013,SKG,0.950334370136261,1
SKG_MT_1386,Phrase Training Based Adaptation for Statistical Machine Translation,MT,2013,SKG,0.9340189099311828,0
SKG_MT_740,The Karlsruhe Institute of Technology Translation Systems for the WMT 2013,MT,2013,SKG,0.9581550359725952,1
SKG_MT_741,Improving Pivot-Based Statistical Machine Translation Using Random Walk,MT,2013,SKG,0.9436426162719728,0
SKG_SA_111,Sentiment Analysis How to Derive Prior Polarities from SentiWordNet,SA,2013,SKG,0.9328662157058716,0
SKG_SA_577,AMI&ERIC How to Learn with Naive Bayes and Prior Knowledge an Application to Sentiment Analysis,SA,2013,SKG,0.92265784740448,0
SKG_SA_557,Columbia NLP Sentiment Detection of Subjective Phrases in Social Media,SA,2013,SKG,0.9221968650817872,0
SKG_MT_1211,Semantic Roles for String to Tree Machine Translation,MT,2013,SKG,0.9303218126296996,0
SKG_SA_469,UoM Using Explicit Semantic Analysis for Classifying Sentiments,SA,2013,SKG,0.9288667440414428,0
SKG_SA_191,Discourse Connectors for Latent Subjectivity in Sentiment Analysis,SA,2013,SKG,0.9339007139205932,0
SKG_PAR_56,Joint Inference for Heterogeneous Dependency Parsing,PAR,2013,SKG,0.938604176044464,0
SKG_MT_891,Language Independent Connectivity Strength Features for Phrase Pivot Statistical Machine Translation,MT,2013,SKG,0.9408011436462402,0
SKG_PAR_53,Leveraging Domain-Independent Information in Semantic Parsing,PAR,2013,SKG,0.9233492016792296,0
SKG_MT_156,Stacking for Statistical Machine Translation,MT,2013,SKG,0.9287856221199036,0
SKG_MT_147,Systematic Comparison of Professional and Crowdsourced Reference Translations for Machine Translation,MT,2013,SKG,0.9372722506523132,0
SKG_MT_500,Learning a Phrase-based Translation Model from Monolingual Data with Application to Domain Adaptation,MT,2013,SKG,0.9409159421920776,0
SKG_SA_590,USNA A Dual-Classifier Approach to Contextual Sentiment Analysis,SA,2013,SKG,0.9236438870429992,0
SKG_MT_1225,Enriching Entity Translation Discovery using Selective Temporality,MT,2013,SKG,0.9222047924995422,0
SKG_QA_20,Question Answering Using Enhanced Lexical Semantic Models,QA,2013,SKG,0.9466838836669922,0
SKG_MT_150,Improved Reordering for Phrase-Based Translation using Sparse Features,MT,2013,SKG,0.9420906901359558,0
SKG_MT_200,Combining Bilingual and Comparable Corpora for Low Resource Machine Translation,MT,2013,SKG,0.9428278207778932,0
SKG_MT_178,Adaptation of Reordering Models for Statistical Machine Translation,MT,2013,SKG,0.938336193561554,0
SKG_MT_481,QCRI-MES Submission at WMT13 Using Transliteration Mining to Improve Statistical Machine Translation,MT,2013,SKG,0.9414944648742676,0
SKG_QA_12,Statistical Machine Translation Improves Question Retrieval in Community Question Answering via Matrix Factorization,QA,2013,SKG,0.936293125152588,0
SKG_MT_180,Vector Space Model for Adaptation in Statistical Machine Translation,MT,2013,SKG,0.9353537559509276,0
SKG_SA_435,NRC-Canada Building the State-of-the-Art in Sentiment Analysis of Tweets,SA,2013,SKG,0.9240905046463012,0
SKG_SA_414,Exploiting Topic based Twitter Sentiment for Stock Prediction,SA,2013,SKG,0.9121801257133484,0
SKG_PAR_106,The Effect of Higher-Order Dependency Features in Discriminative Phrase-Structure Parsing,PAR,2013,SKG,0.9303733110427856,0
SKG_MT_1036,Bilingual Word Embeddings for Phrase-Based Machine Translation,MT,2013,SKG,0.9350091218948364,0
SKG_MT_100,Adaptation Data Selection using Neural Language Models Experiments in Machine Translation,MT,2013,SKG,0.9456759691238404,0
SKG_MT_719,Incremental Topic-Based Translation Model Adaptation for Conversational Spoken Language Translation,MT,2013,SKG,0.942929744720459,0
SKG_SA_32,Exploring Sentiment in Social Media Bootstrapping Subjectivity Clues from Multilingual Twitter Streams,SA,2013,SKG,0.9241930246353148,0
SKG_PAR_20,Easy-First POS Tagging and Dependency Parsing with Beam Search,PAR,2013,SKG,0.9267780184745787,0
SKG_SA_48,"A Bayesian Model for Joint Unsupervised Induction of Sentiment, Aspect and Discourse Representations",SA,2013,SKG,0.922663390636444,0
SKG_SA_40,SZTE-NLP Sentiment Detection on Twitter Messages,SA,2013,SKG,0.9229097366333008,0
SKG_SA_609,Sentiment Relevance,SA,2013,SKG,0.9303720593452454,0
SKG_SA_597,Recursive Deep Models for Semantic Compositionality Over a Sentiment Treebank,SA,2013,SKG,0.8616654276847839,0
SKG_MT_80,Translation Acquisition Using Synonym Sets,MT,2013,SKG,0.9375951886177064,0
SKG_MT_1429,Dialectal Arabic to English Machine Translation Pivoting through Modern Standard Arabic,MT,2013,SKG,0.9204025268554688,0
SKG_MT_21,Source-Side Classifier Preordering for Machine Translation,MT,2013,SKG,0.9398703575134276,0
SKG_QA_334,A Discourse-Driven Content Model for Summarising Scientific Articles Evaluated in a Complex Question Answering Task,QA,2013,SKG,0.9224438667297364,0
SKG_SA_4,Recursive Deep Models for Semantic Compositionality Over a Sentiment Treebank,SA,2013,SKG,0.8616654276847839,0
SKG_MT_572,Advancements in Reordering Models for Statistical Machine Translation,MT,2013,SKG,0.9355510473251344,0
SKG_QA_424,Why-Question Answering using Intra- and Inter-Sentential Causal Relations,QA,2013,SKG,0.9254595041275024,0
SKG_MT_1101,Additive Neural Networks for Statistical Machine Translation,MT,2013,SKG,0.9374839663505554,0
SKG_MT_22,Statistical Machine Translation Improves Question Retrieval in Community Question Answering via Matrix Factorization,MT,2013,SKG,0.936293125152588,0
SKG_SUM_155,A Participant-based Approach for Event Summarization Using Twitter Streams,SUM,2013,SKG,0.9122474789619446,0
SKG_SUM_154,Subtree Extractive Summarization via Submodular Maximization,SUM,2013,SKG,0.9351396560668944,0
SKG_SUM_180,Evolutionary Hierarchical Dirichlet Process for Timeline Summarization,SUM,2013,SKG,0.9168227910995485,0
SKG_MT_1169,Recursive Autoencoders for ITG-Based Translation,MT,2013,SKG,0.941789984703064,0
SKG_SUM_76,Collective Personal Profile Summarization with Social Networks,SUM,2013,SKG,0.9217089414596558,0
SKG_MT_305,Graph Propagation for Paraphrasing Out-of-Vocabulary Words in Statistical Machine Translation,MT,2013,SKG,0.9461267590522766,0
SKG_MT_314,Online Polylingual Topic Models for Fast Document Translation Detection,MT,2013,SKG,0.9167054295539856,0
SKG_MT_1048,Feature Decay Algorithms for Fast Deployment of Accurate Statistical Machine Translation Systems,MT,2013,SKG,0.9316379427909852,0
SKG_SA_526,Mining User Relations from Online Discussions using Sentiment Analysis and Probabilistic Matrix Factorization,SA,2013,SKG,0.9249125719070436,0
SKG_SA_484,GU-MLT-LT Sentiment Analysis of Short Messages using Linguistic Features and Stochastic Gradient Descent,SA,2013,SKG,0.9350420832633972,0
SKG_MT_922,Integrating Translation Memory into Phrase-Based Machine Translation during Decoding,MT,2013,SKG,0.9226472973823548,0
SKG_MT_955,Stem Translation with Affix-Based Rule Selection for Agglutinative Languages,MT,2013,SKG,0.937743842601776,0
SKG_MT_1248,Machine Translation Detection from Monolingual Web-Text,MT,2013,SKG,0.9440895318984984,0
SKG_MT_1242,A Multi-Domain Translation Model Framework for Statistical Machine Translation,MT,2013,SKG,0.9389768838882446,0
SKG_MT_1244,A Corpus Level MIRA Tuning Strategy for Machine Translation,MT,2013,SKG,0.9446197748184204,0
SKG_MT_1461,Automatically Predicting Sentence Translation Difficulty,MT,2013,SKG,0.9305721521377563,0
SKG_MT_708,Improving Statistical Machine Translation with Word Class Models,MT,2013,SKG,0.9454972147941588,0
SKG_MT_706,Dependency-Based Decipherment for Resource-Limited Machine Translation,MT,2013,SKG,0.9377437829971312,0
SKG_MT_707,Monolingual Marginal Matching for Translation Model Adaptation,MT,2013,SKG,0.932198703289032,0
SKG_MT_705,Can Markov Models Over Minimal Translation Units Help Phrase-Based SMT,MT,2013,SKG,0.9376009702682496,0
SKG_MT_641,Investigations in Exact Inference for Hierarchical Translation,MT,2013,SKG,0.9166921377182008,0
SKG_MT_1437,SORT An Interactive Source-Rewriting Tool for Improved Translation,MT,2013,SKG,0.9291980862617492,0
SKG_QA_385,Finding What Matters in Questions,QA,2013,SKG,0.9438023567199708,0
SKG_MT_14,Simultaneous Word-Morpheme Alignment for Statistical Machine Translation,MT,2013,SKG,0.9417967796325684,0
SKG_MT_1280,Docent A Document-Level Decoder for Phrase-Based Statistical Machine Translation,MT,2013,SKG,0.9255291223526,0
SKG_MT_940,Learning Non-linear Features for Machine Translation Using Gradient Boosting Machines,MT,2013,SKG,0.9368577003479004,0
SKG_MT_973,Hierarchical Phrase Table Combination for Machine Translation,MT,2013,SKG,0.9341451525688172,0
SKG_MT_748,Travatar A Forest-to-String Machine Translation Engine based on Tree Transducers,MT,2013,SKG,0.9360210299491882,0
SKG_DIA_220,Using Paraphrases and Lexical Semantics to Improve the Accuracy and the Robustness of Supervised Models in Situated Dialogue Systems,DIA,2013,SKG,0.9117587804794312,0
SKG_MT_752,Factored Soft Source Syntactic Constraints for Hierarchical Machine Translation,MT,2013,SKG,0.9489681124687196,1
SKG_MT_44,Training MRF-Based Phrase Translation Models using Gradient Ascent,MT,2013,SKG,0.9505857229232788,1
SKG_MT_77,"Model With Minimal Translation Units, But Decode With Phrases",MT,2013,SKG,0.9496658444404602,1
SKG_MT_591,Enlisting the Ghost Modeling Empty Categories for Machine Translation,MT,2013,SKG,0.9361940622329712,0
SKG_QA_193,PAL A Chatterbot System for Answering Domain-specific Questions,QA,2013,SKG,0.905593991279602,0
SKG_MT_91,CNGL Grading Student Answers by Acts of Translation,MT,2013,SKG,0.9159461855888368,0
SKG_MT_682,Name-aware Machine Translation,MT,2013,SKG,0.9385779500007628,0
SKG_MT_681,Efficient Solutions for Word Reordering in German-English Phrase-Based Statistical Machine Translation,MT,2013,SKG,0.9389041662216188,0
SKG_MT_725,Towards Efficient Large-Scale Feature-Rich Statistical Machine Translation,MT,2013,SKG,0.9379891157150269,0
SKG_MT_79,Recurrent Continuous Translation Models,MT,2013,SKG,0.9423406720161438,0
SKG_MT_1282,Modeling Syntactic and Semantic Structures in Hierarchical Phrase-based Translation,MT,2013,SKG,0.9474921226501464,1
SKG_MT_94,Positive Diversity Tuning for Machine Translation System Combination,MT,2013,SKG,0.929268479347229,0
SKG_SUM_40,Single Document Summarization based on Nested Tree Structure,SUM,2014,SKG,0.9275614023208618,0
SKG_MT_220,SHEF-Lite 2.0 Sparse Multi-task Gaussian Processes for Translation Quality Estimation,MT,2014,SKG,0.917352855205536,0
SKG_SA_278,The Impact of Z_score on Twitter Sentiment Analysis,SA,2014,SKG,0.9367548823356628,0
SKG_MT_868,A Recursive Recurrent Neural Network for Statistical Machine Translation,MT,2014,SKG,0.9369674921035768,0
SKG_MT_1030,The RWTH Aachen German-English Machine Translation System for WMT 2014,MT,2014,SKG,0.939444899559021,0
SKG_SUM_43,Abstractive Summarization of Spoken and Written Conversations Based on Phrasal Queries,SUM,2014,SKG,0.9290918111801147,0
SKG_MT_97,Jane Open Source Machine Translation System Combination,MT,2014,SKG,0.9407860040664672,0
SKG_PAR_35,On WordNet Semantic Classes and Dependency Parsing,PAR,2014,SKG,0.7344380617141724,0
SKG_MT_710,Effective Selection of Translation Model Training Data,MT,2014,SKG,0.9461727142333984,0
SKG_SA_36,Learning Sentiment-Specific Word Embedding for Twitter Sentiment Classification,SA,2014,SKG,0.9274042248725892,0
SKG_SA_556,Coooolll A Deep Learning System for Twitter Sentiment Classification,SA,2014,SKG,0.9335881471633912,0
SKG_SA_618,JOINT_FORCES Unite Competing Sentiment Classifiers with Random Forest,SA,2014,SKG,0.9299222230911256,0
SKG_SA_52,NRC-Canada-2014 Recent Improvements in the Sentiment Analysis of Tweets,SA,2014,SKG,0.9252495765686036,0
SKG_MT_738,Adaptive Quality Estimation for Machine Translation,MT,2014,SKG,0.92397278547287,0
SKG_SA_118,An Empirical Study on the Effect of Negation Words on Sentiment,SA,2014,SKG,0.9273529052734376,0
SKG_MT_790,Response-based Learning for Grounded Machine Translation,MT,2014,SKG,0.9217413067817688,0
SKG_MT_476,Efforts on Machine Learning over Human-mediated Translation Edit Rate,MT,2014,SKG,0.933846652507782,0
SKG_MT_770,A Unified Model for Soft Linguistic Reordering Constraints in Statistical Machine Translation,MT,2014,SKG,0.9531439542770386,1
SKG_MT_732,Cross-language and Cross-encyclopedia Article Linking Using Mixed-language Topic Model and Hypernym Translation,MT,2014,SKG,0.932684063911438,0
SKG_MT_1367,Using Distributional Similarity of Multi-way Translations to Predict Multiword Expression Compositionality,MT,2014,SKG,0.93072909116745,0
SKG_MT_913,DiscoTK Using Discourse Structure for Machine Translation Evaluation,MT,2014,SKG,0.9355527758598328,0
SKG_MT_116,Linear Mixture Models for Robust Machine Translation,MT,2014,SKG,0.9393316507339478,0
SKG_MT_169,Hybrid Simplification using Deep Semantics and Machine Translation,MT,2014,SKG,0.9430434107780457,0
SKG_MT_487,Efficient Elicitation of Annotations for Human Evaluation of Machine Translation,MT,2014,SKG,0.9365399479866028,0
SKG_MT_1206,The New Thot Toolkit for Fully-Automatic and Interactive Statistical Machine Translation,MT,2014,SKG,0.9268969297409058,0
SKG_MT_1213,Sentence Level Dialect Identification for Machine Translation System Selection,MT,2014,SKG,0.9386996030807496,0
SKG_PAR_113,Incremental Predictive Parsing with TurboParser,PAR,2014,SKG,0.9312899708747864,0
SKG_SA_283,Learning Sentiment-Specific Word Embedding for Twitter Sentiment Classification,SA,2014,SKG,0.9274042248725892,0
SKG_SA_441,INSIGHT Galway Syntactic and Lexical Features for Aspect Based Sentiment Analysis,SA,2014,SKG,0.9251314997673036,0
SKG_MT_1316,Graph-based Semi-Supervised Learning of Translation Models from Monolingual Data,MT,2014,SKG,0.891440749168396,0
SKG_MT_827,Dependency Tree Abstraction for Long-Distance Reordering in Statistical Machine Translation,MT,2014,SKG,0.9510356783866882,1
SKG_MT_828,Parallel FDA5 for Fast Deployment of Accurate Statistical Machine Translation Systems,MT,2014,SKG,0.9327204823493958,0
SKG_SA_260,NRC-Canada-2014 Detecting Aspects and Sentiment in Customer Reviews,SA,2014,SKG,0.9204610586166382,0
SKG_SA_224,Kea Sentiment Analysis of Phrases Within Short Texts,SA,2014,SKG,0.9324685335159302,0
SKG_SA_246,ReNew A Semi-Supervised Framework for Generating Domain-Specific Lexicons and Sentiment Analysis,SA,2014,SKG,0.9410964846611024,0
SKG_MT_187,A Lightweight Terminology Verification Service for External Machine Translation Engines,MT,2014,SKG,0.902751088142395,0
SKG_SUM_22,Exploiting Timelines to Enhance Multi-document Summarization,SUM,2014,SKG,0.9271745681762696,0
SKG_DIA_64,“I Object!” Modeling Latent Pragmatic Effects in Courtroom Dialogues,DIA,2014,SKG,0.9244038462638856,0
SKG_MT_252,EU-BRIDGE MT Combined Machine Translation,MT,2014,SKG,0.8539897799491882,0
SKG_MT_265,Augmenting Translation Models with Simulated Acoustic Confusions for Improved Spoken Language Translation,MT,2014,SKG,0.9398188591003418,0
SKG_MT_266,Minimum Translation Modeling with Recurrent Neural Networks,MT,2014,SKG,0.9554926753044128,1
SKG_SA_339,Senti.ue Tweet Overall Sentiment Classification Approach for SemEval-2014 Task 9,SA,2014,SKG,0.9240304827690125,0
SKG_SA_307,Adaptive Recursive Neural Network for Target-dependent Twitter Sentiment Classification,SA,2014,SKG,0.9152556657791138,0
SKG_PAR_185,Semantic Parsing for Single-Relation Question Answering,PAR,2014,SKG,0.9371232986450196,0
SKG_MT_394,A Hybrid Approach to Skeleton-based Translation,MT,2014,SKG,0.944144070148468,0
SKG_PAR_212,Enforcing Structural Diversity in Cube-pruned Dependency Parsing,PAR,2014,SKG,0.9168245196342468,0
SKG_MT_1127,Is Machine Translation Getting Better over Time,MT,2014,SKG,0.919658660888672,0
SKG_MT_1347,Fast and Robust Neural Network Joint Models for Statistical Machine Translation,MT,2014,SKG,0.9019412994384766,0
SKG_MT_840,Source-side Preordering for Translation using Logistic Regression and Depth-first Branch-and-Bound Search,MT,2014,SKG,0.9390094876289368,0
SKG_MT_1096,Referential Translation Machines for Predicting Translation Quality,MT,2014,SKG,0.9329248666763306,0
SKG_MT_319,The KIT-LIMSI Translation System for WMT 2014,MT,2014,SKG,0.9536226987838744,1
SKG_MT_836,Combining Domain Adaptation Approaches for Medical Text Translation,MT,2014,SKG,0.9435330629348756,0
SKG_MT_331,A Sense-Based Translation Model for Statistical Machine Translation,MT,2014,SKG,0.9469666481018066,0
SKG_DIA_298,Single-Agent vs. Multi-Agent Techniques for Concurrent Reinforcement Learning of Negotiation Dialogue Policies,DIA,2014,SKG,0.9080460667610168,0
SKG_MT_224,Domain Adaptation for Medical Text Translation using Web Resources,MT,2014,SKG,0.9456491470336914,0
SKG_MT_1403,Unsupervised Adaptation for Statistical Machine Translation,MT,2014,SKG,0.9398483037948608,0
SKG_QA_404,Semantic Parsing for Single-Relation Question Answering,QA,2014,SKG,0.9371232986450196,0
SKG_MT_676,A Rule-Augmented Statistical Phrase-based Translation System,MT,2014,SKG,0.9405230283737184,0
SKG_MT_1009,Treebank Translation for Cross-Lingual Parser Induction,MT,2014,SKG,0.9456993937492372,0
SKG_MT_1441,CASMACAT A Computer-assisted Translation Workbench,MT,2014,SKG,0.9110277891159058,0
SKG_MT_680,Target-Centric Features for Translation Quality Estimation,MT,2014,SKG,0.9334610104560852,0
SKG_MT_590,Augmenting String-to-Tree and Tree-to-String Translation with Non-Syntactic Phrases,MT,2014,SKG,0.9370393753051758,0
SKG_SA_449,Multi-Domain Sentiment Relevance Classification with Automatic Representation Learning,SA,2014,SKG,0.937894344329834,0
SKG_SA_460,SemEval-2014 Task 9 Sentiment Analysis in Twitter,SA,2014,SKG,0.910736083984375,0
SKG_MT_545,Learning from Post-Editing Online Model Adaptation for Statistical Machine Translation,MT,2014,SKG,0.9409793615341188,0
SKG_MT_530,Dependency-based Automatic Enumeration of Semantically Equivalent Word Orders for Evaluating Japanese Translations,MT,2014,SKG,0.930432677268982,0
SKG_MT_586,Factored Markov Translation with Robust Modeling,MT,2014,SKG,0.9503926038742064,1
SKG_DIA_211,Discovering Latent Structure in Task-Oriented Dialogues,DIA,2014,SKG,0.9329360127449036,0
SKG_MT_1253,Bilingually-constrained Phrase Embeddings for Machine Translation,MT,2014,SKG,0.9411293268203736,0
SKG_MT_560,Hallucinating Phrase Translations for Low Resource MT,MT,2014,SKG,0.939796268939972,0
SKG_MT_598,Undirected Machine Translation with Discriminative Reinforcement Learning,MT,2014,SKG,0.937218964099884,0
SKG_MT_647,Learning Translational and Knowledge-based Similarities from Relevance Rankings for Cross-Language Retrieval,MT,2014,SKG,0.937717080116272,0
SKG_MT_652,Using Discourse Structure Improves Machine Translation Evaluation,MT,2014,SKG,0.9397424459457396,0
SKG_MT_1252,Assessing the Discourse Factors that Influence the Quality of Machine Translation,MT,2014,SKG,0.923960030078888,0
SKG_SA_517,SemEval-2014 Task 9 Sentiment Analysis in Twitter,SA,2014,SKG,0.910736083984375,0
SKG_SA_530,Improving Twitter Sentiment Analysis with Topic-Based Mixture Modeling and Semi-Supervised Training,SA,2014,SKG,0.9416950345039368,0
SKG_MT_931,Integrating an Unsupervised Transliteration Model into Statistical Machine Translation,MT,2014,SKG,0.9423792958259584,0
SKG_SA_490,Context-aware Learning for Sentence-level Sentiment Analysis with Posterior Regularization,SA,2014,SKG,0.9348582029342652,0
SKG_SA_540,UNITOR Aspect Based Sentiment Analysis with Structured Learning,SA,2014,SKG,0.9249135851860046,0
SKG_MT_1474,Learning Continuous Phrase Representations for Translation Modeling,MT,2014,SKG,0.9439815282821656,0
SKG_SUM_145,A Bayesian Method to Incorporate Background Knowledge during Automatic Text Summarization,SUM,2014,SKG,0.9243994951248168,0
SKG_MT_1158,IPA and STOUT Leveraging Linguistic and Source-based Features for Machine Translation Evaluation,MT,2014,SKG,0.9284906387329102,0
SKG_MT_1060,The IIT Bombay Hindi-English Translation System at WMT 2014,MT,2014,SKG,0.9512872695922852,1
SKG_MT_317,Learning New Semi-Supervised Deep Auto-encoder Features for Statistical Machine Translation,MT,2014,SKG,0.9295294880867004,0
SKG_MT_1053,Optimizing Segmentation Strategies for Simultaneous Speech Translation,MT,2014,SKG,0.937857449054718,0
SKG_MT_359,Exploring Consensus in Machine Translation for Quality Estimation,MT,2014,SKG,0.9293974041938782,0
SKG_MT_1046,Bilingual Sentiment Consistency for Statistical Machine Translation,MT,2014,SKG,0.9386757612228394,0
SKG_SUM_68,Text Summarization through Entailment-based Minimum Vertex Cover,SUM,2014,SKG,0.9337983131408693,0
SKG_MT_1120,Lattice Desegmentation for Statistical Machine Translation,MT,2014,SKG,0.9373849630355836,0
SKG_MT_1118,Continuous Adaptation to User Feedback for Statistical Machine Translation,MT,2015,SKG,0.7844511270523071,0
SKG_SUM_92,Predicting Salient Updates for Disaster Summarization,SUM,2015,SKG,0.9295283555984496,0
SKG_SUM_64,A Dynamic Programming Algorithm for Tree Trimming-based Text Summarization,SUM,2015,SKG,0.8876202702522278,0
SKG_SUM_178,Learning Summary Prior Representation for Extractive Summarization,SUM,2015,SKG,0.926824390888214,0
SKG_SUM_129,BrailleSUM A News Summarization System for the Blind and Visually Impaired People,SUM,2015,SKG,0.924748420715332,0
SKG_MT_642,A Comparison between Count and Neural Network Models Based on Joint Translation and Reordering Sequences,MT,2015,SKG,0.9462167024612428,0
SKG_SUM_177,Using External Resources and Joint Learning for Bigram Weighting in ILP-Based Multi-Document Summarization,SUM,2015,SKG,0.9451953768730164,0
SKG_MT_651,A Joint Dependency Model of Morphological and Syntactic Structure for Statistical Machine Translation,MT,2015,SKG,0.9416719675064088,0
SKG_QA_328,Spinning Straw into Gold Using Free Text to Train Monolingual Alignment Models for Non-factoid Question Answering,QA,2015,SKG,0.9224637150764464,0
SKG_SA_531,Sentiment Flow - A General Model of Web Review Argumentation,SA,2015,SKG,0.9357995986938475,0
SKG_QA_352,Detecting Semantically Equivalent Questions in Online User Forums,QA,2015,SKG,0.9405442476272584,0
SKG_SA_535,Deep Convolutional Neural Network Textual Features and Multiple Kernel Learning for Utterance-level Multimodal Sentiment Analysis,SA,2015,SKG,0.9335702061653136,0
SKG_QA_298,SemEval-2015 Task 5 QA TempEval - Evaluating Temporal Information Understanding with Question Answering,QA,2015,SKG,0.921428680419922,0
SKG_MT_18,Parsing English into Abstract Meaning Representation Using Syntax-Based Machine Translation,MT,2015,SKG,0.9289509057998656,0
SKG_SA_509,Sentiment-Aspect Extraction based on Restricted Boltzmann Machines,SA,2015,SKG,0.9258068203926086,0
SKG_MT_959,Multi-Task Learning for Multiple Language Translation,MT,2015,SKG,0.9165172576904296,0
SKG_MT_1004,QUality Estimation from ScraTCH (QUETCH) Deep Learning for Word-level Translation Quality Estimation,MT,2015,SKG,0.9431639909744264,0
SKG_SA_542,Adjective Intensity and Sentiment Analysis,SA,2015,SKG,0.9108344316482544,0
SKG_SA_545,SWATCS65 Sentiment Classification Using an Ensemble of Class Projects,SA,2015,SKG,0.9323848485946656,0
SKG_MT_615,Encoding Source Language with Convolutional Neural Network for Machine Translation,MT,2015,SKG,0.9213330149650574,0
SKG_MT_1456,Learning Word Reorderings for Hierarchical Phrase-based Statistical Machine Translation,MT,2015,SKG,0.9251357913017272,0
SKG_MT_24,Deep Neural Language Models for Machine Translation,MT,2015,SKG,0.943223774433136,0
SKG_QA_256,Learning Knowledge Graphs for Question Answering through Conversational Dialog,QA,2015,SKG,0.9221210479736328,0
SKG_MT_48,Referential Translation Machines for Predicting Translation Quality and Related Statistics,MT,2015,SKG,0.9403510093688964,0
SKG_QA_438,Learning Hybrid Representations to Retrieve Semantically Equivalent Questions,QA,2015,SKG,0.922710120677948,0
SKG_QA_423,Thread-Level Information for Comment Classification in Community Question Answering,QA,2015,SKG,0.9340287446975708,0
SKG_QA_356,Deep Questions without Deep Understanding,QA,2015,SKG,0.9264686703681946,0
SKG_QA_269,HITSZ-ICRC Exploiting Classification Approach for Answer Selection in Community Question Answering,QA,2015,SKG,0.9284855127334596,0
SKG_MT_1254,Dependency Graph-to-String Translation,MT,2015,SKG,0.9516361951828004,1
SKG_MT_971,Learning Semantic Representations for Nonterminals in Hierarchical Phrase-Based Translation,MT,2015,SKG,0.9511510133743286,1
SKG_QA_446,Automatic Identification of Rhetorical Questions,QA,2015,SKG,0.9332946538925172,0
SKG_MT_668,USAAR-SHEFFIELD Semantic Textual Similarity with Deep Regression and Machine Translation Evaluation Metrics,MT,2015,SKG,0.9383308291435242,0
SKG_PAR_84,Identifying Cascading Errors using Constraints in Dependency Parsing,PAR,2015,SKG,0.926963210105896,0
SKG_SA_596,PhraseRNN Phrase Recursive Neural Network for Aspect-based Sentiment Analysis,SA,2015,SKG,0.9205344915390016,0
SKG_SA_608,Identifying Political Sentiment between Nation States with Social Media,SA,2015,SKG,0.9219738245010376,0
SKG_MT_555,Accurate Evaluation of Segment-level Machine Translation Metrics,MT,2015,SKG,0.9175397157669068,0
SKG_SA_78,Benchmarking Machine Translated Sentiment Analysis for Arabic Tweets,SA,2015,SKG,0.9374345541000366,0
SKG_SA_114,Semi-Stacking for Semi-supervised Sentiment Classification,SA,2015,SKG,0.9314966201782228,0
SKG_SA_107,TwitterHawk A Feature Bucket Based Approach to Sentiment Analysis,SA,2015,SKG,0.9455803036689758,0
SKG_SA_564,Splusplus A Feature-Rich Two-stage Classifier for Sentiment Analysis of Tweets,SA,2015,SKG,0.943066954612732,0
SKG_MT_1380,LeBLEU N-gram-based Translation Evaluation Score for Morphologically Complex Languages,MT,2015,SKG,0.9372695684432985,0
SKG_MT_471,A Coarse-Grained Model for Optimal Coupling of ASR and SMT Systems for Speech Translation,MT,2015,SKG,0.9376755952835084,0
SKG_MT_109,A Discriminative Training Procedure for Continuous Translation Models,MT,2015,SKG,0.9416676759719848,0
SKG_MT_900,Touch-Based Pre-Post-Editing of Machine Translation Output,MT,2015,SKG,0.9238847494125366,0
SKG_PAR_79,An Effective Neural Network Model for Graph-based Dependency Parsing,PAR,2015,SKG,0.9249542355537416,0
SKG_MT_108,Multi-level Translation Quality Prediction with QuEst++,MT,2015,SKG,0.9238309860229492,0
SKG_PAR_67,Feature Optimization for Constituent Parsing via Neural Networks,PAR,2015,SKG,0.9286469221115112,0
SKG_PAR_61,Efficient Disfluency Detection with Transition-based Parsing,PAR,2015,SKG,0.9200196266174316,0
SKG_MT_699,Pairwise Neural Machine Translation Evaluation,MT,2015,SKG,0.9250738024711608,0
SKG_SA_458,Neural Networks for Integrating Compositional and Non-compositional Sentiment in Sentiment Composition,SA,2015,SKG,0.933605968952179,0
SKG_SA_65,GTI An Unsupervised Approach for Sentiment Analysis in Twitter,SA,2015,SKG,0.9055344462394714,0
SKG_MT_976,"Analyzing Optimization for Statistical Machine Translation MERT Learns Verbosity, PRO Learns Length",MT,2015,SKG,0.9170228838920592,0
SKG_QA_168,A Long Short-Term Memory Model for Answer Sentence Selection in Question Answering,QA,2015,SKG,0.9286983609199524,0
SKG_QA_155,Learning Continuous Word Embedding with Metadata for Question Retrieval in Community Question Answering,QA,2015,SKG,0.9490798115730286,1
SKG_SA_9,Lsislif CRF and Logistic Regression for Opinion Target Extraction and Sentiment Polarity Analysis,SA,2015,SKG,0.9291566610336304,0
SKG_SA_437,Learning Semantic Representations of Users and Products for Document Level Sentiment Classification,SA,2015,SKG,0.9278286695480348,0
SKG_MT_1035,The Karlsruhe Institute of Technology Translation Systems for the WMT 2015,MT,2015,SKG,0.9700798988342284,1
SKG_SA_293,"Sparse, Contextually Informed Models for Irony Detection Exploiting User Communities, Entities and Sentiment",SA,2015,SKG,0.9313662648200988,0
SKG_PAR_100,Structured Training for Neural Network Transition-Based Parsing,PAR,2015,SKG,0.9290922284126282,0
SKG_QA_107,Answer Sequence Learning with Neural Networks for Answer Selection in Community Question Answering,QA,2015,SKG,0.9272851943969728,0
SKG_SA_592,RoseMerry A Baseline Message-level Sentiment Classification System,SA,2015,SKG,0.9390878677368164,0
SKG_QA_28,Question Answering System using Multiple Information Source and Open Type Answer Merge,QA,2015,SKG,0.9147764444351196,0
SKG_QA_15,Question Answering over Freebase with Multi-Column Convolutional Neural Networks,QA,2015,SKG,0.9253597259521484,0
SKG_SA_143,Document Modeling with Gated Recurrent Neural Network for Sentiment Classification,SA,2015,SKG,0.9366869926452636,0
SKG_MT_1045,UGENT-LT3 SCATE System for Machine Translation Quality Estimation,MT,2015,SKG,0.9346540570259094,0
SKG_SUM_17,Better Summarization Evaluation with Word Embeddings for ROUGE,SUM,2015,SKG,0.9241345524787904,0
SKG_MT_429,A Binarized Neural Network Joint Model for Machine Translation,MT,2015,SKG,0.933484673500061,0
SKG_SA_393,LT3 Sentiment Analysis of Figurative Tweets piece of cake #NotReally,SA,2015,SKG,0.9426290392875672,0
SKG_SA_313,INESC-ID A Regression Model for Large Scale Twitter Sentiment Lexicon Induction,SA,2015,SKG,0.9397709965705872,0
SKG_MT_1085,Pragmatic Neural Language Modelling in Machine Translation,MT,2015,SKG,0.9302794337272644,0
SKG_DIA_40,Wikification of Concept Mentions within Spoken Dialogues Using Domain Constraints from Wikipedia,DIA,2015,SKG,0.9336131811141968,0
SKG_SA_410,Lifelong Learning for Sentiment Classification,SA,2015,SKG,0.9320023655891418,0
SKG_SA_401,LCCT A Semi-supervised Model for Sentiment Classification,SA,2015,SKG,0.9217155575752258,0
SKG_MT_320,A Coactive Learning View of Online Structured Prediction in Statistical Machine Translation,MT,2015,SKG,0.9226373434066772,0
SKG_MT_401,Normalized Word Embedding and Orthogonal Transform for Bilingual Word Translation,MT,2015,SKG,0.9364083409309388,0
SKG_MT_384,Context-Dependent Translation Selection Using Convolutional Neural Network,MT,2015,SKG,0.9294143915176392,0
SKG_PAR_124,Neural CRF Parsing,PAR,2015,SKG,0.9240806698799132,0
SKG_SA_334,Learning Bilingual Sentiment Word Embeddings for Cross-language Sentiment Classification,SA,2015,SKG,0.9280017614364624,0
SKG_MT_854,Rule Selection with Soft Syntactic Features for String-to-Tree Statistical Machine Translation,MT,2015,SKG,0.9340699315071106,0
SKG_MT_262,The KIT-LIMSI Translation System for WMT 2015,MT,2015,SKG,0.9448484182357788,0
SKG_MT_1346,Composing Relationships with Translations,MT,2015,SKG,0.7576358914375305,0
SKG_MT_839,Multi-Pass Decoding With Complex Feature Guidance for Statistical Machine Translation,MT,2015,SKG,0.9297745823860168,0
SKG_MT_1333,"ParFDA for Fast Deployment of Accurate Statistical Machine Translation Systems, Benchmarks, and Statistics",MT,2015,SKG,0.9205471277236938,0
SKG_MT_1108,Multi-Target Machine Translation with Multi-Synchronous Context-free Grammars,MT,2015,SKG,0.9416831731796264,0
SKG_SUM_136,Abstractive Multi-Document Summarization via Phrase Selection and Merging,SUM,2015,SKG,0.9253082275390624,0
SKG_SUM_172,Toward Abstractive Summarization Using Semantic Representations,SUM,2015,SKG,0.9271828532218932,0
SKG_SUM_186,Enhancing Instructor-Student and Student-Student Interactions with Mobile Interfaces and Summarization,SUM,2015,SKG,0.9152650833129884,0
SKG_SUM_107,System Combination for Multi-document Summarization,SUM,2015,SKG,0.9424497485160828,0
SKG_SA_382,ASTD Arabic Sentiment Tweets Dataset,SA,2015,SKG,0.917953610420227,0
SKG_SA_321,ECNU Multi-level Sentiment Analysis on Twitter Using Traditional Linguistic Features and Word Embedding Features,SA,2015,SKG,0.9299396276474,0
SKG_MT_378,Predicting Machine Translation Adequacy with Document Embeddings,MT,2015,SKG,0.9381275177001952,0
SKG_SA_323,Neural Networks for Open Domain Targeted Sentiment,SA,2015,SKG,0.9490636587142944,1
SKG_PAR_116,Joint Dependency Parsing and Multiword Expression Tokenization,PAR,2015,SKG,0.934484839439392,0
SKG_MT_296,"HLTC-HKUST A Neural Network Paraphrase Classifier using Translation Metrics, Semantic Roles and Lexical Similarity Features",MT,2015,SKG,0.9319493174552916,0
SKG_MT_304,Non-linear Learning for Statistical Machine Translation,MT,2015,SKG,0.9258716702461244,0
SKG_SA_366,Webis An Ensemble for Twitter Sentiment Detection,SA,2015,SKG,0.9299308061599731,0
SKG_MT_1293,SHEF-NN Translation Quality Estimation with Neural Networks,MT,2015,SKG,0.7900733351707458,0
SKG_MT_171,Improving Pivot Translation by Remembering the Pivot,MT,2015,SKG,0.9251662492752076,0
SKG_MT_165,ReVal A Simple and Effective Machine Translation Evaluation Metric Based on Recurrent Neural Networks,MT,2015,SKG,0.9389209747314452,0
SKG_MT_428,Graph-Based Collective Lexical Selection for Statistical Machine Translation,MT,2015,SKG,0.9440857172012328,0
SKG_MT_437,Syntax-based Rewriting for Simultaneous Machine Translation,MT,2015,SKG,0.940869152545929,0
SKG_MT_809,Effective Approaches to Attention-based Neural Machine Translation,MT,2015,SKG,0.9438775777816772,0
SKG_SA_266,Instance Selection Improves Cross-Lingual Model Training for Fine-Grained Sentiment Analysis,SA,2015,SKG,0.9465797543525696,0
SKG_MT_441,On Using Very Large Target Vocabulary for Neural Machine Translation,MT,2015,SKG,0.9287339448928832,0
SKG_MT_815,System Combination for Machine Translation through Paraphrasing,MT,2015,SKG,0.947182834148407,0
SKG_MT_810,Statistical Machine Translation Features with Multitask Tensor Networks,MT,2015,SKG,0.9433525800704956,0
SKG_DIA_300,Semantically Conditioned LSTM-based Natural Language Generation for Spoken Dialogue Systems,DIA,2015,SKG,0.935154139995575,0
SKG_MT_1295,Local System Voting Feature for Machine Translation System Combination,MT,2015,SKG,0.9027054905891418,0
SKG_MT_1032,Spelling Correction of User Search Queries through Statistical Machine Translation,MT,2015,SKG,0.9324204325675964,0
SKG_MT_221,Improving Statistical Machine Translation with a Multilingual Paraphrase Database,MT,2015,SKG,0.9542441368103028,1
SKG_MT_217,Investigating Continuous Space Language Models for Machine Translation Quality Estimation,MT,2015,SKG,0.941791534423828,0
SKG_MT_405,Investigations on Phrase-based Decoding with Recurrent Neural Network Language and Translation Models,MT,2015,SKG,0.9349185824394226,0
SKG_SA_415,UNITN Training Deep Convolutional Neural Network for Twitter Sentiment Classification,SA,2015,SKG,0.9384573101997375,0
SKG_SA_240,Topic Modeling based Sentiment Analysis on Social Media for Stock Market Prediction,SA,2015,SKG,0.9270334243774414,0
SKG_SA_432,Co-training for Semi-supervised Sentiment Classification Based on Dual-view Bags-of-words Representation,SA,2015,SKG,0.92239248752594,0
SKG_DIA_275,Dialogue focus tracking for zero pronoun resolution,DIA,2015,SKG,0.9331413507461548,0
SKG_QA_407,Creating Causal Embeddings for Question Answering with Minimal Supervision,QA,2016,SKG,0.9379757642745972,0
SKG_QA_405,Easy Questions First A Case Study on Curriculum Learning for Question Answering,QA,2016,SKG,0.9249534606933594,0
SKG_DIA_153,Conditional Generation and Snapshot Learning in Neural Dialogue Systems,DIA,2016,SKG,0.9388028383255004,0
SKG_MT_1,Knowledge-Based Semantic Embedding for Machine Translation,MT,2016,SKG,0.9418050050735474,0
SKG_SA_504,Modeling Social Norms Evolution for Personalized Sentiment Classification,SA,2016,SKG,0.9391423463821412,0
SKG_SA_497,Recursive Neural Conditional Random Fields for Aspect-based Sentiment Analysis,SA,2016,SKG,0.9496183395385742,1
SKG_SA_493,Neural Sentiment Classification with User and Product Attention,SA,2016,SKG,0.93747079372406,0
SKG_DIA_204,Real-Time Speech Emotion and Sentiment Recognition for Interactive Dialogue Systems,DIA,2016,SKG,0.9333661794662476,0
SKG_MT_360,LSTM Neural Reordering Feature for Statistical Machine Translation,MT,2016,SKG,0.9435526132583618,0
SKG_MT_1166,Exploring Prediction Uncertainty in Machine Translation Quality Estimation,MT,2016,SKG,0.923287034034729,0
SKG_MT_1160,Supervised Attentions for Neural Machine Translation,MT,2016,SKG,0.9459717869758606,0
SKG_SUM_85,Abstractive Sentence Summarization with Attentive Recurrent Neural Networks,SUM,2016,SKG,0.942388653755188,0
SKG_SA_463,aueb.twitter.sentiment at SemEval-2016 Task 4 A Weighted Ensemble of SVMs for Twitter Sentiment Analysis,SA,2016,SKG,0.9426835179328918,0
SKG_MT_905,Discriminative Reranking for Grammatical Error Correction with Statistical Machine Translation,MT,2016,SKG,0.9346609115600586,0
SKG_MT_901,Automatic Cross-Lingual Similarization of Dependency Grammars for Tree-based Machine Translation,MT,2016,SKG,0.9159606695175172,0
SKG_MT_897,A Translation-Based Knowledge Graph Embedding Preserving Logical Property of Relations,MT,2016,SKG,0.9673352241516112,1
SKG_QA_131,Overfitting at SemEval-2016 Task 3 Detecting Semantically Similar Questions in Community Question Answering Forums with Word Embeddings,QA,2016,SKG,0.9391707181930542,0
SKG_MT_895,Transfer Learning for Low-Resource Neural Machine Translation,MT,2016,SKG,0.9384377598762512,0
SKG_QA_118,Semi-supervised Question Retrieval with Gated Convolutions,QA,2016,SKG,0.9432796239852904,0
SKG_MT_459,Improving Neural Machine Translation Models with Monolingual Data,MT,2016,SKG,0.9470346570014954,0
SKG_MT_1314,Tree-to-Sequence Attentional Neural Machine Translation,MT,2016,SKG,0.9487603902816772,1
SKG_QA_70,Improved Representation Learning for Question Answer Matching,QA,2016,SKG,0.944457232952118,0
SKG_QA_63,Solving Verbal Questions in IQ Test by Knowledge-Powered Word Embedding,QA,2016,SKG,0.934772491455078,0
SKG_MT_731,An Attentional Model for Speech Translation Without Transcription,MT,2016,SKG,0.9641974568367004,1
SKG_SA_566,iLab-Edinburgh at SemEval-2016 Task 7 A Hybrid Approach for Determining Sentiment Intensity of Arabic Twitter Phrases,SA,2016,SKG,0.9463263750076294,0
SKG_SA_583,NLANGP at SemEval-2016 Task 5 Improving Aspect Based Sentiment Analysis using Neural Network Features,SA,2016,SKG,0.948583722114563,1
SKG_SA_160,Sentiment Domain Adaptation with Multiple Sources,SA,2016,SKG,0.942427933216095,0
SKG_MT_1311,Speed-Constrained Tuning for Statistical Machine Translation Using Bayesian Optimization,MT,2016,SKG,0.9714692831039428,1
SKG_DIA_109,Sequence-to-Sequence Generation for Spoken Dialogue via Deep Syntax Trees and Strings,DIA,2016,SKG,0.9320858120918274,0
SKG_SA_617,TGB at SemEval-2016 Task 5 Multi-Lingual Constraint System for Aspect Based Sentiment Analysis,SA,2016,SKG,0.9342864751815796,0
SKG_MT_698,Graph-Based Translation Via Graph Segmentation,MT,2016,SKG,0.9592517614364624,1
SKG_MT_1264,Machine Translation Evaluation Meets Community Question Answering,MT,2016,SKG,0.9474691152572632,1
SKG_MT_994,Modeling Coverage for Neural Machine Translation,MT,2016,SKG,0.9276052713394164,0
SKG_MT_513,Improving Statistical Machine Translation Performance by Oracle-BLEU Model Re-estimation,MT,2016,SKG,0.9526306986808776,1
SKG_MT_107,An Empirical Evaluation of Noise Contrastive Estimation for the Neural Network Joint Model of Translation,MT,2016,SKG,0.9422819018363952,0
SKG_MT_103,Information Density and Quality Estimation Features as Translationese Indicators for Human Translation Classification,MT,2016,SKG,0.9647471308708192,1
SKG_QA_182,Multimodal Compact Bilinear Pooling for Visual Question Answering and Visual Grounding,QA,2016,SKG,0.9313288927078248,0
SKG_PAR_36,Global Neural CCG Parsing with Optimality Guarantees,PAR,2016,SKG,0.9317291378974916,0
SKG_SA_26,IIP at SemEval-2016 Task 4 Prioritizing Classes in Ensemble Classification for Sentiment Analysis of Tweets,SA,2016,SKG,0.9330215454101562,0
SKG_SA_17,Cached Long Short-Term Memory Neural Networks for Document-Level Sentiment Classification,SA,2016,SKG,0.9396945238113404,0
SKG_SUM_217,MUSEEC A Multilingual Text Summarization Tool,SUM,2016,SKG,0.9215534329414368,0
SKG_SA_85,A Hierarchical Model of Reviews for Aspect-based Sentiment Analysis,SA,2016,SKG,0.937578558921814,0
SKG_SA_89,INSIGHT-1 at SemEval-2016 Task 5 Deep Learning for Multilingual Aspect-based Sentiment Analysis,SA,2016,SKG,0.9358254671096802,0
SKG_SA_41,SwissCheese at SemEval-2016 Task 4 Sentiment Classification Using an Ensemble of Convolutional Neural Networks with Distant Supervision,SA,2016,SKG,0.9440622329711914,0
SKG_QA_197,MixKMeans Clustering Question-Answer Archives,QA,2016,SKG,0.9365860223770142,0
SKG_QA_470,ConvKN at SemEval-2016 Task 3 Answer and Question Selection for Question Answering on Arabic and English Fora,QA,2016,SKG,0.8411714434623718,0
SKG_PAR_9,UofR at SemEval-2016 Task 8 Learning Synchronous Hyperedge Replacement Grammar for AMR Parsing,PAR,2016,SKG,0.9198229908943176,0
SKG_SA_8,SentiSys at SemEval-2016 Task 4 Feature-Based System for Sentiment Analysis in Twitter,SA,2016,SKG,0.9280512928962708,0
SKG_SA_462,Finki at SemEval-2016 Task 4 Deep Learning Architecture for Twitter Sentiment Analysis,SA,2016,SKG,0.9470115900039672,0
SKG_QA_340,Human Attention in Visual Question Answering Do Humans and Deep Networks look at the same regions,QA,2016,SKG,0.9243329763412476,0
SKG_QA_345,MTE-NN at SemEval-2016 Task 3 Can Machine Translation Evaluation Help Community Question Answering,QA,2016,SKG,0.9443270564079284,0
SKG_QA_312,On Generating Characteristic-rich Question Sets for QA Evaluation,QA,2016,SKG,0.921117663383484,0
SKG_MT_658,Neural Machine Translation of Rare Words with Subword Units,MT,2016,SKG,0.943590760231018,0
SKG_QA_335,CFO Conditional Focused Neural Question Answering with Large-scale Knowledge Bases,QA,2016,SKG,0.9371559023857116,0
SKG_QA_337,This is how we do it Answer Reranking for Open-domain How Questions with Paragraph Vectors and Minimal Feature Engineering,QA,2016,SKG,0.9440708160400392,0
SKG_MT_312,Agreement on Target-bidirectional Neural Machine Translation,MT,2016,SKG,0.966326892375946,1
SKG_MT_362,An Unsupervised Method for Automatic Translation Memory Cleaning,MT,2016,SKG,0.9306853413581848,0
SKG_MT_365,"Selecting Syntactic, Non-redundant Segments in Active Learning for Machine Translation",MT,2016,SKG,0.9735990762710572,1
SKG_SUM_128,Automatic Summarization of Student Course Feedback,SUM,2016,SKG,0.929956078529358,0
SKG_PAR_7,LSTM Shift-Reduce CCG Parsing,PAR,2016,SKG,0.9237077832221984,0
SKG_QA_419,Machine Translation Evaluation Meets Community Question Answering,QA,2016,SKG,0.9474691152572632,1
SKG_QA_366,Overfitting at SemEval-2016 Task 3 Detecting Semantically Similar Questions in Community Question Answering Forums with Word Embeddings,QA,2016,SKG,0.9391707181930542,0
SKG_QA_376,Character-Level Question Answering with Attention,QA,2016,SKG,0.9404780268669128,0
SKG_QA_375,It Takes Three to Tango Triangulation Approach to Answer Ranking in Community Question Answering,QA,2016,SKG,0.9358569979667664,0
SKG_QA_261,Together we stand Siamese Networks for Similar Question Retrieval,QA,2016,SKG,0.9363532066345216,0
SKG_MT_960,Coverage Embedding Models for Neural Machine Translation,MT,2016,SKG,0.938669204711914,0
SKG_MT_1233,Syntactically Guided Neural Machine Translation,MT,2016,SKG,0.928909957408905,0
SKG_MT_2,Achieving Open Vocabulary Neural Machine Translation with Hybrid Word-Character Models,MT,2016,SKG,0.94842129945755,1
SKG_DIA_158,Harnessing Sequence Labeling for Sarcasm Detection in Dialogue from TV Series ‘Friends’,DIA,2016,SKG,0.928792119026184,0
SKG_MT_673,A Character-level Decoder without Explicit Segmentation for Neural Machine Translation,MT,2016,SKG,0.9243429899215698,0
SKG_QA_253,Joint Learning with Global Inference for Comment Classification in Community Question Answering,QA,2016,SKG,0.9382286071777344,0
SKG_MT_574,Variational Neural Machine Translation,MT,2016,SKG,0.9370369911193848,0
SKG_QA_421,Learning to Answer Questions from Wikipedia Infoboxes,QA,2016,SKG,0.929574966430664,0
SKG_SA_238,Attention-based LSTM for Aspect-level Sentiment Classification,SA,2016,SKG,0.9349491000175476,0
SKG_SA_431,SteM at SemEval-2016 Task 4 Applying Active Learning to Improve Sentiment Classification,SA,2016,SKG,0.9379597902297974,0
SKG_SA_427,UNIMELB at SemEval-2016 Tasks 4A and 4B An Ensemble of Neural Networks and a Word2Vec Based Model for Sentiment Classification,SA,2016,SKG,0.9502446055412292,1
SKG_MT_1304,Learning a Lexicon and Translation Model from Phoneme Lattices,MT,2016,SKG,0.9393514394760132,0
SKG_MT_1298,Semi-supervised Convolutional Networks for Translation Adaptation with Tiny Amount of In-domain Data,MT,2016,SKG,0.943510353565216,0
SKG_SA_275,Aspect Level Sentiment Classification with Deep Memory Network,SA,2016,SKG,0.9333416223526,0
SKG_MT_1288,Zero-Resource Translation with Multi-Lingual Neural Machine Translation,MT,2016,SKG,0.9366804361343384,0
SKG_MT_215,Compression of Neural Machine Translation Models via Pruning,MT,2016,SKG,0.9421426057815552,0
SKG_MT_402,Incorporating Structural Alignment Biases into an Attentional Neural Translation Model,MT,2016,SKG,0.942725956439972,0
SKG_MT_230,Interlocking Phrases in Phrase-based Statistical Machine Translation,MT,2016,SKG,0.9456451535224916,0
SKG_MT_1029,Insertion Position Selection Model for Flexible Non-Terminals in Dependency Tree-to-Tree Machine Translation,MT,2016,SKG,0.9280940890312196,0
SKG_MT_381,A Novel Approach to Dropped Pronoun Translation,MT,2016,SKG,0.9746659994125366,1
SKG_SA_252,UofL at SemEval-2016 Task 4 Multi Domain word2vec for Twitter Sentiment Classification,SA,2016,SKG,0.929382026195526,0
SKG_MT_1190,Exponentially Decaying Bag-of-Words Input Features for Feed-Forward Neural Network in Statistical Machine Translation,MT,2016,SKG,0.9454105496406556,0
SKG_SA_634,Dimensional Sentiment Analysis Using a Regional CNN-LSTM Model,SA,2016,SKG,0.9196149110794068,0
SKG_MT_431,Reference Bias in Monolingual Machine Translation Evaluation,MT,2016,SKG,0.8768914937973022,0
SKG_PAR_135,Bi-directional Attention with Agreement for Dependency Parsing,PAR,2016,SKG,0.9409255981445312,0
SKG_SA_269,AUEB-ABSA at SemEval-2016 Task 5 Ensembles of Classifiers and Embeddings for Aspect Based Sentiment Analysis,SA,2016,SKG,0.9318457841873168,0
SKG_MT_999,MTE-NN at SemEval-2016 Task 3 Can Machine Translation Evaluation Help Community Question Answering,MT,2016,SKG,0.9443270564079284,0
SKG_MT_201,Incorporating Discrete Translation Lexicons into Neural Machine Translation,MT,2016,SKG,0.9408456087112428,0
SKG_MT_1230,PRIMT A Pick-Revise Framework for Interactive Machine Translation,MT,2016,SKG,0.9660218358039856,1
SKG_DIA_86,Hidden Softmax Sequence Model for Dialogue Structure Analysis,DIA,2016,SKG,0.9376104474067688,0
SKG_SA_594,Detecting Stance in Tweets And Analyzing its Interaction with Sentiment,SA,2016,SKG,0.92677241563797,0
SKG_DIA_245,OpenDial A Toolkit for Developing Spoken Dialogue Systems with Probabilistic Rules,DIA,2016,SKG,0.9127756357192992,0
SKG_PAR_110,Joint Transition-based Dependency Parsing and Disfluency Detection for Automatic Speech Recognition Texts,PAR,2016,SKG,0.9425700902938844,0
SKG_MT_1219,Minimum Risk Training for Neural Machine Translation,MT,2016,SKG,0.937630534172058,0
SKG_MT_1229,A Continuous Space Rule Selection Model for Syntax-based Statistical Machine Translation,MT,2016,SKG,0.939369022846222,0
SKG_SA_193,AraSenTi Large-Scale Twitter-Specific Arabic Sentiment Lexicons,SA,2016,SKG,0.9405913352966307,0
SKG_SA_190,NileTMRG at SemEval-2016 Task 5 Deep Convolutional Neural Networks for Aspect Category and Sentiment Extraction,SA,2016,SKG,0.9301494359970092,0
SKG_DIA_260,The Teams Corpus and Entrainment in Multi-Party Spoken Dialogues,DIA,2016,SKG,0.9108562469482422,0
SKG_DIA_267,Multi-domain Neural Network Language Generation for Spoken Dialogue Systems,DIA,2016,SKG,0.9440401196479796,0
SKG_SA_426,Leveraging Cognitive Features for Sentiment Analysis,SA,2016,SKG,0.9457508325576782,0
SKG_SA_309,PUT at SemEval-2016 Task 4 The ABC of Twitter Sentiment Analysis,SA,2016,SKG,0.9352682828903198,0
SKG_MT_241,Achieving Open Vocabulary Neural Machine Translation with Hybrid Word-Character Models,MT,2016,SKG,0.9484211802482604,1
SKG_PAR_223,Span-Based Constituency Parsing with a Structure-Label System and Provably Optimal Dynamic Oracles,PAR,2016,SKG,0.9386937022209167,0
SKG_PAR_172,RIGA at SemEval-2016 Task 8 Impact of Smatch Extensions and Character-Level Neural Translation on AMR Parsing Accuracy,PAR,2016,SKG,0.9262222051620485,0
SKG_PAR_162,Equation Parsing  Mapping Sentences to Grounded Equations,PAR,2016,SKG,0.9234769940376282,0
SKG_PAR_147,Human-in-the-Loop Parsing,PAR,2016,SKG,0.9180652499198914,0
SKG_MT_327,RTM at SemEval-2016 Task 1 Predicting Semantic Similarity with Referential Translation Machines and Related Statistics,MT,2016,SKG,0.9321762919425964,0
SKG_MT_370,Models and Inference for Prefix-Constrained Machine Translation,MT,2016,SKG,0.9431808590888976,0
SKG_PAR_182,Improving Semantic Parsing via Answer Type Inference,PAR,2016,SKG,0.9358322024345398,0
SKG_DIA_310,Deep Reinforcement Learning for Dialogue Generation,DIA,2016,SKG,0.9312888979911804,0
SKG_SA_354,thecerealkiller at SemEval-2016 Task 4 Deep Learning based System for Classifying Sentiment of Tweets on Two Point Scale,SA,2016,SKG,0.9366445541381836,0
SKG_SA_369,INSIGHT-1 at SemEval-2016 Task 4 Convolutional Neural Networks for Sentiment Classification and Quantification,SA,2016,SKG,0.9207264184951782,0
SKG_MT_247,Phrase-based Machine Translation is State-of-the-Art for Automatic Grammatical Error Correction,MT,2016,SKG,0.9370360374450684,0
SKG_MT_237,Synthesizing Compound Words for Machine Translation,MT,2016,SKG,0.9415037035942078,0
SKG_SUM_78,Beyond Centrality and Structural Features Learning Information Importance for Text Summarization,SUM,2016,SKG,0.9335027933120728,0
SKG_SA_385,Real-Time Speech Emotion and Sentiment Recognition for Interactive Dialogue Systems,SA,2016,SKG,0.9333661794662476,0
SKG_PAR_175,Using Left-corner Parsing to Encode Universal Structural Constraints in Grammar Induction,PAR,2016,SKG,0.94792640209198,1
SKG_SUM_108,A Low-Rank Approximation Approach to Learning Joint Embeddings of News Stories and Images for Timeline Summarization,SUM,2016,SKG,0.9737148284912108,1
SKG_PAR_173,Unsupervised Neural Dependency Parsing,PAR,2016,SKG,0.9348227381706238,0
SKG_DIA_15,On-line Active Reward Learning for Policy Optimisation in Spoken Dialogue Systems,DIA,2016,SKG,0.9144779443740844,0
SKG_SUM_190,A Sentence Compression Based Framework to Query-Focused Multi-Document Summarization,SUM,2016,SKG,0.946401298046112,0
SKG_MT_1105,Multimodal Pivots for Image Caption Translation,MT,2016,SKG,0.9472309947013856,0
SKG_MT_1138,RIGA at SemEval-2016 Task 8 Impact of Smatch Extensions and Character-Level Neural Translation on AMR Parsing Accuracy,MT,2016,SKG,0.9262222051620485,0
SKG_SUM_197,GoWvis A Web Application for Graph-of-Words-based Text Visualization and Summarization,SUM,2016,SKG,0.919026017189026,0
SKG_SUM_191,Improving Semantic Relevance for Sequence-to-Sequence Learning of Chinese Social Media Text Summarization,SUM,2017,SKG,0.9116399884223938,0
SKG_SUM_109,Cutting-off Redundant Repeating Generations for Neural Abstractive Summarization,SUM,2017,SKG,0.9393426775932312,0
SKG_SUM_113,Graph-based Neural Multi-Document Summarization,SUM,2017,SKG,0.9439679980278016,0
SKG_PAR_177,Improving Neural Parsing by Disentangling Model Combination and Reranking Effects,PAR,2017,SKG,0.9448233842849731,0
SKG_PAR_176,A System for Multilingual Dependency Parsing based on Bidirectional LSTM Feature Representations,PAR,2017,SKG,0.9342023730278016,0
SKG_PAR_156,Delexicalized Word Embeddings for Cross-lingual Dependency Parsing,PAR,2017,SKG,0.8238086700439453,0
SKG_MT_321,Reinforcement Learning for Bandit Neural Machine Translation with Simulated Human Feedback,MT,2017,SKG,0.9229329824447632,0
SKG_PAR_210,Effective Inference for Generative Neural Parsing,PAR,2017,SKG,0.9454017877578736,0
SKG_PAR_125,Creating POS Tagging and Dependency Parsing Experts via Topic Modeling,PAR,2017,SKG,0.945237159729004,0
SKG_PAR_122,CRF Autoencoder for Unsupervised Dependency Parsing,PAR,2017,SKG,0.9506409764289856,1
SKG_PAR_118,Beyond Sentential Semantic Parsing Tackling the Math SAT with a Cascade of Tree Transducers,PAR,2017,SKG,0.9416431188583374,0
SKG_MT_1189,NRC Machine Translation System for WMT 2017,MT,2017,SKG,0.937406361103058,0
SKG_MT_1037,The RWTH Aachen University English-German and German-English Machine Translation System for WMT 2017,MT,2017,SKG,0.9526723027229308,1
SKG_MT_1034,Predicting Translation Performance with Referential Translation Machines,MT,2017,SKG,0.937767207622528,0
SKG_DIA_46,Spectral Analysis of Information Density in Dialogue Predicts Collaborative Task Performance,DIA,2017,SKG,0.9173623323440552,0
SKG_DIA_31,Evaluating Persuasion Strategies and Deep Reinforcement Learning methods for Negotiation Dialogue agents,DIA,2017,SKG,0.9195449948310852,0
SKG_MT_1063,Memory-augmented Neural Machine Translation,MT,2017,SKG,0.9508635401725768,1
SKG_MT_1056,Learning to Translate in Real-time with Neural Machine Translation,MT,2017,SKG,0.8777164220809937,0
SKG_MT_1222,Top-Rank Enhanced Listwise Optimization for Statistical Machine Translation,MT,2017,SKG,0.941512405872345,0
SKG_SA_630,Contextual Bidirectional Long Short-Term Memory Recurrent Neural Network Language Models A Generative Approach to Sentiment Analysis,SA,2017,SKG,0.9361844062805176,0
SKG_SA_622,Author-aware Aspect Topic Sentiment Model to Retrieve Supporting Opinions from Reviews,SA,2017,SKG,0.9343218803405762,0
SKG_DIA_68,Modeling Dialogue Acts with Content Word Filtering and Speaker Preferences,DIA,2017,SKG,0.9276922345161438,0
SKG_DIA_57,On-line Dialogue Policy Learning with Companion Teaching,DIA,2017,SKG,0.9667665362358092,1
SKG_PAR_115,Neural Semantic Parsing over Multiple Knowledge-bases,PAR,2017,SKG,0.9390344619750975,0
SKG_PAR_203,Evaluating Semantic Parsing against a Simple Web-based Question Answering Model,PAR,2017,SKG,0.9113160371780396,0
SKG_PAR_197,Cross-domain Semantic Parsing via Paraphrasing,PAR,2017,SKG,0.9393933415412904,0
SKG_PAR_194,Parsing Graphs with Regular Graph Grammars,PAR,2017,SKG,0.9119652509689332,0
SKG_PAR_186,Dependency Parsing as Head Selection,PAR,2017,SKG,0.9493204355239868,1
SKG_PAR_183,A Two-Stage Parsing Method for Text-Level Discourse Analysis,PAR,2017,SKG,0.9374122619628906,0
SKG_PAR_180,Parsing Universal Dependencies without training,PAR,2017,SKG,0.949680507183075,1
SKG_MT_400,Deep architectures for Neural Machine Translation,MT,2017,SKG,0.9444352984428406,0
SKG_MT_397,Learning to Parse and Translate Improves Neural Machine Translation,MT,2017,SKG,0.93848979473114,0
SKG_MT_382,Paraphrasing Revisited with Neural Machine Translation,MT,2017,SKG,0.9324661493301392,0
SKG_PAR_143,Learning Contextually Informed Representations for Linear-Time Discourse Parsing,PAR,2017,SKG,0.9360081553459167,0
SKG_MT_1013,Predicting Target Language CCG Supertags Improves Neural Machine Translation,MT,2017,SKG,0.941631317138672,0
SKG_MT_995,Sense-Aware Statistical Machine Translation using Adaptive Context-Dependent Clustering,MT,2017,SKG,0.9480441808700562,1
SKG_MT_982,A Convolutional Encoder Model for Neural Machine Translation,MT,2017,SKG,0.9376983642578124,0
SKG_SA_578,IITP at SemEval-2017 Task 5 An Ensemble of Deep Learning and Feature Based Models for Financial Sentiment Analysis,SA,2017,SKG,0.9319470524787904,0
SKG_DIA_108,Composite Task-Completion Dialogue Policy Learning via Hierarchical Deep Reinforcement Learning,DIA,2017,SKG,0.9297175407409668,0
SKG_SA_593,Refining Word Embeddings for Sentiment Analysis,SA,2017,SKG,0.9360672235488892,0
SKG_DIA_87,Natural Language Generation for Spoken Dialogue System using RNN Encoder-Decoder Networks,DIA,2017,SKG,0.9129417538642884,0
SKG_DIA_78,Joint Modeling of Content and Discourse Relations in Dialogues,DIA,2017,SKG,0.9439061880111694,0
SKG_PAR_126,Adversarial Training for Cross-Domain Universal Dependency Parsing,PAR,2017,SKG,0.9476763606071472,1
SKG_PAR_224,Character Composition Model with Convolutional Neural Networks for Dependency Parsing on Morphologically Rich Languages,PAR,2017,SKG,0.9433780908584596,0
SKG_MT_246,Neural System Combination for Machine Translation,MT,2017,SKG,0.9379860758781432,0
SKG_QA_4,Search-based Neural Structured Learning for Sequential Question Answering,QA,2017,SKG,0.9360394477844238,0
SKG_MT_216,Context-Aware Graph Segmentation for Graph-Based Translation,MT,2017,SKG,0.9505949020385742,1
SKG_MT_211,The JAIST Machine Translation Systems for WMT 17,MT,2017,SKG,0.9488770365715028,1
SKG_PAR_95,Stack-based Multi-layer Attention for Transition-based Dependency Parsing,PAR,2017,SKG,0.943057417869568,0
SKG_PAR_92,TAG Parsing with Neural Networks and Vector Representations of Supertags,PAR,2017,SKG,0.934697449207306,0
SKG_PAR_90,Joint Syntacto-Discourse Parsing and the Syntacto-Discourse Treebank,PAR,2017,SKG,0.9285224676132202,0
SKG_MT_427,A Shared Task on Bandit Learning for Machine Translation,MT,2017,SKG,0.9412364959716796,0
SKG_MT_408,Incorporating Word Reordering Knowledge into Attention-based Neural Machine Translation,MT,2017,SKG,0.9480029940605164,1
SKG_QA_26,Learning What is Essential in Questions,QA,2017,SKG,0.9392264485359192,0
SKG_QA_24,Olelo A Question Answering Application for Biomedicine,QA,2017,SKG,0.923051655292511,0
SKG_MT_203,Chunk-based Decoder for Neural Machine Translation,MT,2017,SKG,0.954088807106018,1
SKG_QA_58,Effective shared representations with Multitask Learning for Community Question Answering,QA,2017,SKG,0.9335352778434752,0
SKG_MT_448,NICT-NAIST System for WMT17 Multimodal Translation Task,MT,2017,SKG,0.9407390356063844,0
SKG_PAR_112,Neural Machine Translation with Source-Side Latent Graph Parsing,PAR,2017,SKG,0.9544692039489746,1
SKG_PAR_105,A Novel Neural Network Model for Joint POS Tagging and Graph-based Dependency Parsing,PAR,2017,SKG,0.9301490783691406,0
SKG_DIA_167,Preserving Distributional Information in Dialogue Act Classification,DIA,2017,SKG,0.9285399317741394,0
SKG_DIA_162,Deal or No Deal End-to-End Learning of Negotiation Dialogues,DIA,2017,SKG,0.925556480884552,0
SKG_SA_537,TSA-INF at SemEval-2017 Task 4 An Ensemble of Deep Learning Architectures Including Lexicon Features for Twitter Sentiment Analysis,SA,2017,SKG,0.9430138468742372,0
SKG_DIA_146,Affordable On-line Dialogue Policy Learning,DIA,2017,SKG,0.9111364483833312,0
SKG_MT_924,Multi-Domain Neural Machine Translation through Unsupervised Adaptation,MT,2017,SKG,0.9377115964889526,0
SKG_SA_495,Recurrent Attention Network on Memory for Aspect Sentiment Analysis,SA,2017,SKG,0.9430299997329712,0
SKG_SA_475,funSentiment at SemEval-2017 Task 5 Fine-Grained Sentiment Analysis on Financial Microblogs Using Word Vectors Built from StockTwits and Twitter,SA,2017,SKG,0.9434410929679872,0
SKG_MT_1239,Neural Machine Translation Leveraging Phrase-based Models in a Hybrid Search,MT,2017,SKG,0.9447847604751588,0
SKG_SA_520,FEUP at SemEval-2017 Task 5 Predicting Sentiment Polarity and Intensity with Financial Word Embeddings,SA,2017,SKG,0.9418527483940125,0
SKG_SA_511,ECNU at SemEval-2017 Task 5 An Ensemble of Regression Algorithms with Effective Features for Fine-Grained Sentiment Analysis in Financial Domain,SA,2017,SKG,0.944217085838318,0
SKG_SA_510,Contextual Bidirectional Long Short-Term Memory Recurrent Neural Network Language Models A Generative Approach to Sentiment Analysis,SA,2017,SKG,0.9361844062805176,0
SKG_SA_506,Attention Modeling for Targeted Sentiment,SA,2017,SKG,0.9412220120429992,0
SKG_QA_47,Coarse-to-Fine Question Answering for Long Documents,QA,2017,SKG,0.9685547947883606,1
SKG_QA_46,Beihang-MSRA at SemEval-2017 Task 3 A Ranking System with Neural Matching Features for Community Question Answering,QA,2017,SKG,0.9475210905075072,1
SKG_QA_42,Neural Domain Adaptation for Biomedical Question Answering,QA,2017,SKG,0.9370981454849244,0
SKG_MT_168,Deep Neural Machine Translation with Linear Associative Unit,MT,2017,SKG,0.9440075755119324,0
SKG_MT_475,Incorporating Global Visual Features into Attention-based Neural Machine Translation.,MT,2017,SKG,0.9391023516654968,0
SKG_MT_465,XMU Neural Machine Translation Systems for WMT 17,MT,2017,SKG,0.9363953471183776,0
SKG_MT_460,Speeding Up Neural Machine Translation Decoding by Shrinking Run-time Vocabulary,MT,2017,SKG,0.9244451522827148,0
SKG_SA_465,YNU-HPCC at SemEval 2017 Task 4 Using A Multi-Channel CNN-LSTM Model for Sentiment Classification,SA,2017,SKG,0.9325634241104126,0
SKG_MT_911,A Parallel Corpus for Evaluating Machine Translation between Arabic and European Languages,MT,2017,SKG,0.971442699432373,1
SKG_MT_910,Sarcasm SIGN Interpreting Sarcasm with Sentiment Based Monolingual Machine Translation,MT,2017,SKG,0.9149833917617798,0
SKG_SA_447,"A Joint Model for Semantic Sequences Frames, Entities, Sentiments",SA,2017,SKG,0.9330105781555176,0
SKG_DIA_228,Robust Coreference Resolution and Entity Linking on Dialogues Character Identification on TV Show Transcripts,DIA,2017,SKG,0.9410291910171508,0
SKG_DIA_216,Adversarial Learning for Neural Dialogue Generation,DIA,2017,SKG,0.920700192451477,0
SKG_MT_939,Reranking Translation Candidates Produced by Several Bilingual Word Similarity Sources,MT,2017,SKG,0.9304971694946288,0
SKG_MT_934,LIUM Machine Translation Systems for WMT17 News Translation Task,MT,2017,SKG,0.9439345598220824,0
SKG_MT_151,The UMD Neural Machine Translation Systems at WMT17 Bandit Learning Task,MT,2017,SKG,0.9415847063064576,0
SKG_MT_497,Improving Machine Translation Quality Estimation with Neural Network Features,MT,2017,SKG,0.943120002746582,0
SKG_PAR_78,Combining Generative and Discriminative Approaches to Unsupervised Dependency Parsing via Dual Decomposition,PAR,2017,SKG,0.945546805858612,0
SKG_PAR_75,"Tokenizing, POS Tagging, Lemmatizing and Parsing UD 2.0 with UDPipe",PAR,2017,SKG,0.9203508496284484,0
SKG_PAR_74,Initial Explorations of CCG Supertagging for Universal Dependency Parsing,PAR,2017,SKG,0.9351674914360046,0
SKG_PAR_72,Combining Global Models for Parsing Universal Dependencies,PAR,2017,SKG,0.9386423230171204,0
SKG_MT_494,Neural Machine Translation by Minimising the Bayes-risk with Respect to Syntactic Translation Lattices,MT,2017,SKG,0.9388410449028016,0
SKG_MT_1287,Dynamic Data Selection for Neural Machine Translation,MT,2017,SKG,0.9421640634536744,0
SKG_MT_873,Prior Knowledge Integration for Neural Machine Translation using Posterior Regularization,MT,2017,SKG,0.944630801677704,0
SKG_MT_872,Sequence-to-Dependency Neural Machine Translation,MT,2017,SKG,0.9521782994270324,1
SKG_MT_870,Tree as a Pivot Syntactic Matching Methods in Pivot Translation,MT,2017,SKG,0.9516170620918274,1
SKG_SA_421,OMAM at SemEval-2017 Task 4 English Sentiment Analysis with Conditional Random Fields,SA,2017,SKG,0.935758113861084,0
SKG_SA_419,Tensor Fusion Network for Multimodal Sentiment Analysis,SA,2017,SKG,0.9372727274894714,0
SKG_DIA_256,Latent Variable Dialogue Models and their Diversity,DIA,2017,SKG,0.9212762713432312,0
SKG_DIA_251,Neural Belief Tracker Data-Driven Dialogue State Tracking,DIA,2017,SKG,0.9385638236999512,0
SKG_DIA_235,A Generative Attentional Neural Network Model for Dialogue Act Classification,DIA,2017,SKG,0.9313443303108216,0
SKG_SA_466,Multilingual Connotation Frames A Case Study on Social Media for Targeted Sentiment Analysis and Forecast,SA,2017,SKG,0.9189006686210632,0
SKG_MT_136,Personalized Machine Translation Preserving Original Author Traits,MT,2017,SKG,0.9533851742744446,1
SKG_QA_145,Recovering Question Answering Errors via Query Revision,QA,2017,SKG,0.9276148080825806,0
SKG_QA_119,Learning to Paraphrase for Question Answering,QA,2017,SKG,0.94521963596344,0
SKG_MT_123,Exploiting Linguistic Resources for Neural Machine Translation Using Multi-task Learning,MT,2017,SKG,0.9444717168807985,0
SKG_PAR_57,Neural Architectures for Multilingual Semantic Parsing,PAR,2017,SKG,0.9389812350273132,0
SKG_PAR_46,A Transition-based System for Universal Dependency Parsing,PAR,2017,SKG,0.9487513303756714,1
SKG_PAR_44,English Multiword Expression-aware Dependency Parsing Including Named Entities,PAR,2017,SKG,0.9463902711868286,0
SKG_MT_517,Neural Machine Translation with Recurrent Attention Modeling,MT,2017,SKG,0.9733575582504272,1
SKG_SA_370,SSN_MLRG1 at SemEval-2017 Task 5 Fine-Grained Sentiment Analysis Using Multiple Kernel Gaussian Process Regression Model,SA,2017,SKG,0.9195470809936525,0
SKG_SA_364,OMAM at SemEval-2017 Task 4 Evaluation of English State-of-the-Art Sentiment Analysis Models for Arabic and a New Topic-based Model,SA,2017,SKG,0.9163556098937988,0
SKG_SA_353,Learning Cognitive Features from Gaze Data for Sentiment and Sarcasm Classification using Convolutional Neural Network,SA,2017,SKG,0.934123992919922,0
SKG_DIA_307,Towards an Automatic Turing Test Learning to Evaluate Dialogue Responses,DIA,2017,SKG,0.9313885569572448,0
SKG_DIA_306,Towards End-to-End Reinforcement Learning of Dialogue Agents for Information Access,DIA,2017,SKG,0.9667933583259584,1
SKG_DIA_303,Agent-Aware Dropout DQN for Safe and Efficient On-line Dialogue Policy Learning,DIA,2017,SKG,0.9210262298583984,0
SKG_DIA_302,Chatbot with a Discourse Structure-Driven Dialogue Management,DIA,2017,SKG,0.926428496837616,0
SKG_SA_406,Document-Level Multi-Aspect Sentiment Classification as Machine Comprehension,SA,2017,SKG,0.9448415637016296,0
SKG_SA_404,SentiME++ at SemEval-2017 Task 4 Stacking State-of-the-Art Classifiers to Enhance Sentiment Classification,SA,2017,SKG,0.9386503100395204,0
SKG_SA_391,Sarcasm SIGN Interpreting Sarcasm with Sentiment Based Monolingual Machine Translation,SA,2017,SKG,0.9149833917617798,0
SKG_SA_390,LIA at SemEval-2017 Task 4 An Ensemble of Neural Networks for Sentiment Classification,SA,2017,SKG,0.935910701751709,0
SKG_QA_175,Question Answering on Knowledge Bases and Text using Universal Schema and Memory Networks,QA,2017,SKG,0.9343802332878112,0
SKG_QA_172,Generating Natural Language Question-Answer Pairs from a Knowledge Graph Using a RNN Based Question Generation Model,QA,2017,SKG,0.9656189680099488,1
SKG_QA_157,Ways of Asking and Replying in Duplicate Question Detection,QA,2017,SKG,0.910950005054474,0
SKG_MT_104,Translating Phrases in Neural Machine Translation,MT,2017,SKG,0.9416735768318176,0
SKG_MT_549,Ensembling Factored Neural Machine Translation Models for Automatic Post-Editing and Quality Estimation,MT,2017,SKG,0.9446151852607728,0
SKG_MT_546,Sharp Models on Dull Hardware Fast and Accurate Neural Machine Translation Decoding on the CPU,MT,2017,SKG,0.9430120587348938,0
SKG_SA_319,Fortia-FBK at SemEval-2017 Task 5 Bullish or Bearish Inferring Sentiment towards Brands from Financial News Headlines,SA,2017,SKG,0.9414051175117492,0
SKG_SA_316,IITPB at SemEval-2017 Task 5 Sentiment Prediction in Financial Text,SA,2017,SKG,0.9432467222213744,0
SKG_SA_305,Best-Worst Scaling More Reliable than Rating Scales A Case Study on Sentiment Intensity Annotation,SA,2017,SKG,0.9163246154785156,0
SKG_SA_331,RiTUAL-UH at SemEval-2017 Task 5 Sentiment Analysis on Financial Data Using Neural Networks,SA,2017,SKG,0.941289722919464,0
SKG_MT_861,LIUM-CVC Submissions for WMT17 Multimodal Translation Task,MT,2017,SKG,0.9426389932632446,0
SKG_MT_842,DCU System Report on the WMT 2017 Multi-modal Machine Translation Task,MT,2017,SKG,0.9389448165893556,0
SKG_MT_533,Modeling Target-Side Inflection in Neural Machine Translation,MT,2017,SKG,0.9507148861885072,1
SKG_PAR_65,Parsing with Context Embeddings,PAR,2017,SKG,0.9438022375106812,0
SKG_PAR_63,The HIT-SCIR System for End-to-End Parsing of Universal Dependencies,PAR,2017,SKG,0.9212213754653932,0
SKG_MT_88,Chunk-Based Bi-Scale Decoder for Neural Machine Translation,MT,2017,SKG,0.9294589161872864,0
SKG_PAR_29,Integrated Learning of Dialog Strategies and Semantic Parsing,PAR,2017,SKG,0.9213078618049622,0
SKG_PAR_28,Joint Syntacto-Discourse Parsing and the Syntacto-Discourse Treebank,PAR,2017,SKG,0.9285224676132202,0
SKG_PAR_18,Arc-swift A Novel Transition System for Dependency Parsing,PAR,2017,SKG,0.9384905695915222,0
SKG_SA_163,"Sentiment Lexicon Expansion Based on Neural PU Learning, Double Dictionary Lookup, and Polarity Association",SA,2017,SKG,0.9285518527030944,0
SKG_SA_228,Active Sentiment Domain Adaptation,SA,2017,SKG,0.9514896273612976,1
SKG_SA_227,Learning Stock Market Sentiment Lexicon and Sentiment-Oriented Word Vector from StockTwits,SA,2017,SKG,0.925611972808838,0
SKG_SA_261,Sentiment Lexicon Construction with Representation Learning Based on Hierarchical Sentiment Supervision,SA,2017,SKG,0.9499875903129578,1
SKG_SA_258,Lingmotif Sentiment Analysis for the Digital Humanities,SA,2017,SKG,0.9250208139419556,0
SKG_SA_253,BUSEM at SemEval-2017 Task 4A Sentiment Analysis with Word Embedding and Long Short Term Memory RNN Approaches,SA,2017,SKG,0.9347859621047974,0
SKG_SA_249,Towards a Universal Sentiment Classifier in Multiple languages,SA,2017,SKG,0.9347414970397948,0
SKG_SA_247,A Cognition Based Attention Model for Sentiment Analysis,SA,2017,SKG,0.9432581067085266,0
SKG_SA_289,SMARTies Sentiment Models for Arabic Target entities,SA,2017,SKG,0.9407705068588256,0
SKG_QA_223,ECNU at SemEval-2017 Task 3 Using Traditional and Deep Learning Methods to Address Community Question Answering Task,QA,2017,SKG,0.9423843622207642,0
SKG_MT_66,Towards Compact and Fast Neural Machine Translation Using a Combined Method,MT,2017,SKG,0.9217388033866882,0
SKG_MT_62,A Multifaceted Evaluation of Neural versus Phrase-Based Machine Translation for 9 Language Directions,MT,2017,SKG,0.93594491481781,0
SKG_SA_140,INGEOTEC at SemEval 2017 Task 4 A B4MSA Ensemble based on Genetic Programming for Twitter Sentiment Analysis,SA,2017,SKG,0.9422105550765992,0
SKG_SA_185,IBA-Sys at SemEval-2017 Task 5 Fine-Grained Sentiment Analysis on Financial Microblogs and News,SA,2017,SKG,0.9396871328353882,0
SKG_SA_184,Adullam at SemEval-2017 Task 4 Sentiment Analyzer Using Lexicon Integrated Convolutional Neural Networks with Attention,SA,2017,SKG,0.9371353983879088,0
SKG_MT_819,Improved Neural Machine Translation with a Syntax-Aware Encoder and Decoder,MT,2017,SKG,0.9483664631843568,1
SKG_SA_152,Sentiment Intensity Ranking among Adjectives Using Sentiment Bearing Word Embeddings,SA,2017,SKG,0.9381952285766602,0
SKG_SA_149,Linguistically Regularized LSTM for Sentiment Classification,SA,2017,SKG,0.9296725988388062,0
SKG_MT_1370,CASICT-DCU Neural Machine Translation Systems for WMT17,MT,2017,SKG,0.9356157183647156,0
SKG_MT_1366,What do Neural Machine Translation Models Learn about Morphology,MT,2017,SKG,0.8501049280166626,0
SKG_MT_1359,The Helsinki Neural Machine Translation System,MT,2017,SKG,0.9385441541671752,0
SKG_MT_781,Copied Monolingual Data Improves Low-Resource Neural Machine Translation,MT,2017,SKG,0.9417272806167604,0
SKG_MT_53,Learning Translations via Matrix Completion,MT,2017,SKG,0.936115562915802,0
SKG_QA_242,Tell Me Why Using Question Answering as Distant Supervision for Answer Justification,QA,2017,SKG,0.9475857019424438,1
SKG_QA_235,Group Sparse CNNs for Question Classification with Answer Sets,QA,2017,SKG,0.9296638369560242,0
SKG_MT_38,Lexicalized Reordering for Left-to-Right Hierarchical Phrase-based Translation,MT,2017,SKG,0.946625590324402,0
SKG_MT_31,Personalized Machine Translation Preserving Original Author Traits,MT,2017,SKG,0.9533851742744446,1
SKG_MT_25,Automatic Threshold Detection for Data Selection in Machine Translation,MT,2017,SKG,0.9416020512580872,0
SKG_MT_1467,Neural Machine Translation with Word Predictions,MT,2017,SKG,0.9463850259780884,0
SKG_MT_1466,Trainable Greedy Decoding for Neural Machine Translation,MT,2017,SKG,0.9334514737129213,0
SKG_MT_610,Improving Word Sense Disambiguation in Neural Machine Translation with Sense Embeddings,MT,2017,SKG,0.9433067440986632,0
SKG_MT_605,Graph Convolutional Encoders for Syntax-aware Neural Machine Translation,MT,2017,SKG,0.9381453394889832,0
SKG_SA_100,TopicThunder at SemEval-2017 Task 4 Sentiment Classification Using a Convolutional Neural Network with Distant Supervision,SA,2017,SKG,0.9512727856636048,1
SKG_SA_131,Context-Dependent Sentiment Analysis in User-Generated Videos,SA,2017,SKG,0.9622331857681274,1
SKG_MT_767,Sogou Neural Machine Translation Systems for WMT17,MT,2017,SKG,0.9413625001907348,0
SKG_MT_1387,Effective Domain Mixing for Neural Machine Translation,MT,2017,SKG,0.94495952129364,0
SKG_MT_758,Neural Machine Translation via Binary Code Prediction,MT,2017,SKG,0.9441814422607422,0
SKG_SA_116,A Multilayer Perceptron based Ensemble Technique for Fine-grained Financial Sentiment Analysis,SA,2017,SKG,0.9356523752212524,0
SKG_SA_108,YNUDLG at SemEval-2017 Task 4 A GRU-SVM Model for Sentiment Classification and Quantification in Twitter,SA,2017,SKG,0.9410697817802428,0
SKG_QA_277,Improved Neural Relation Detection for Knowledge Base Question Answering,QA,2017,SKG,0.9312323331832886,0
SKG_QA_272,Gated Self-Matching Networks for Reading Comprehension and Question Answering,QA,2017,SKG,0.938975155353546,0
SKG_QA_288,QUINT Interpretable Question Answering over Knowledge Bases,QA,2017,SKG,0.9076765179634094,0
SKG_QA_341,Reading Wikipedia to Answer Open-Domain Questions,QA,2017,SKG,0.9438081979751588,0
SKG_MT_650,Unfolding and Shrinking Neural Machine Translation Ensembles,MT,2017,SKG,0.9341138005256652,0
SKG_MT_645,Word Representations in Factored Neural Machine Translation,MT,2017,SKG,0.939247727394104,0
SKG_MT_636,Towards Bidirectional Hierarchical Representations for Attention-based Neural Machine Translation,MT,2017,SKG,0.947309136390686,0
SKG_NLI_2,Supervised Learning of Universal Sentence Representations from Natural Language Inference Data,NLI,2017,SKG,0.9135330319404602,0
SKG_SA_21,deepSA at SemEval-2017 Task 4 Interpolated Deep Neural Networks for Sentiment Analysis in Twitter,SA,2017,SKG,0.9449370503425598,0
SKG_MT_747,Graph Convolutional Encoders for Syntax-aware Neural Machine Translation,MT,2017,SKG,0.9381453394889832,0
SKG_MT_737,Neural Machine Translation with Source-Side Latent Graph Parsing,MT,2017,SKG,0.9544692039489746,1
SKG_MT_729,Unsupervised Training for Large Vocabulary Translation Using Sparse Lexicon and Word Classes,MT,2017,SKG,0.9353121519088744,0
SKG_QA_471,EviNets Neural Networks for Combining Evidence Signals for Factoid Question Answering,QA,2017,SKG,0.9344179034233092,0
SKG_QA_462,Question Answering through Transfer Learning from Large Fine-grained Supervision Data,QA,2017,SKG,0.9487894177436828,1
SKG_QA_455,The Promise of Premise Harnessing Question Premises in Visual Question Answering,QA,2017,SKG,0.926814079284668,0
SKG_QA_445,GW_QA at SemEval-2017 Task 3 Question Answer Re-ranking on Arabic Fora,QA,2017,SKG,0.9540647268295288,1
SKG_QA_472,NLM_NIH at SemEval-2017 Task 3 from Question Entailment to Question Similarity for Community Question Answering,QA,2017,SKG,0.9301617741584778,0
SKG_MT_1416,A Teacher-Student Framework for Zero-Resource Neural Machine Translation,MT,2017,SKG,0.949040412902832,1
SKG_QA_369,SimBow at SemEval-2017 Task 3 Soft-Cosine Semantic Similarity between Questions for Community Question Answering,QA,2017,SKG,0.9384042024612428,0
SKG_MT_1432,Instance Weighting for Neural Machine Translation Domain Adaptation,MT,2017,SKG,0.9424611926078796,0
SKG_MT_665,Modeling Source Syntax for Neural Machine Translation,MT,2017,SKG,0.9428932070732116,0
SKG_QA_399,FuRongWang at SemEval-2017 Task 3 Deep Neural Networks for Selecting Relevant Answers in Community Question Answering,QA,2017,SKG,0.9435812830924988,0
SKG_QA_442,Segmentation Guided Attention Networks for Visual Question Answering,QA,2017,SKG,0.9250622987747192,0
SKG_QA_431,Evaluating Semantic Parsing against a Simple Web-based Question Answering Model,QA,2017,SKG,0.91131591796875,0
SKG_MT_695,Massive Exploration of Neural Machine Translation Architectures,MT,2017,SKG,0.941543459892273,0
SKG_MT_1451,Challenging Language-Dependent Segmentation for Arabic An Application to Machine Translation and Part-of-Speech Tagging,MT,2017,SKG,0.9463790655136108,0
SKG_MT_1444,Neural Machine Translation with Source Dependency Representation,MT,2017,SKG,0.9506193995475768,1
SKG_MT_1103,Online Automatic Post-editing for MT in a Multi-Domain Translation Environment,MT,2017,SKG,0.965561032295227,1
SKG_MT_1153,Data Augmentation for Low-Resource Neural Machine Translation,MT,2017,SKG,0.9337312579154968,0
SKG_MT_363,Sheffield MultiMT Using Object Posterior Predictions for Multimodal Machine Translation,MT,2017,SKG,0.9413607716560364,0
SKG_MT_351,Using Target-side Monolingual Data for Neural Machine Translation through Multi-task Learning,MT,2017,SKG,0.9420830011367798,0
SKG_MT_338,Towards Decoding as Continuous Optimisation in Neural Machine Translation,MT,2017,SKG,0.9385684132575988,0
SKG_MT_333,Alto Rapid Prototyping for Parsing and Translation,MT,2017,SKG,0.9652758836746216,1
SKG_SUM_103,Oracle Summaries of Compressive Summarization,SUM,2017,SKG,0.9184681177139282,0
SKG_SUM_86,Hierarchically-Attentive RNN for Album Summarization and Storytelling,SUM,2017,SKG,0.919173538684845,0
SKG_MT_1156,Doubly-Attentive Decoder for Multi-modal Neural Machine Translation,MT,2017,SKG,0.9395753145217896,0
SKG_MT_1099,OSU Multimodal Machine Translation System Report,MT,2017,SKG,0.9391557574272156,0
SKG_DIA_25,A Hierarchical Neural Model for Learning Sequences of Dialogue Acts,DIA,2017,SKG,0.937057375907898,0
SKG_DIA_24,PyDial A Multi-domain Statistical Dialogue System Toolkit,DIA,2017,SKG,0.885107159614563,0
SKG_DIA_21,Deep Active Learning for Dialogue Generation,DIA,2017,SKG,0.9287519454956056,0
SKG_SUM_120,Frustratingly Easy Model Ensemble for Abstractive Summarization,SUM,2018,SKG,0.9439247846603394,0
SKG_MT_1087,Back-Translation Sampling by Targeting Difficult Words in Neural Machine Translation,MT,2018,SKG,0.9513128399848938,1
SKG_MT_1102,Neural Machine Translation of Logographic Language Using Sub-character Level Information,MT,2018,SKG,0.9392738342285156,0
SKG_SUM_93,Guiding Generation for Abstractive Text Summarization Based on Key Information Guide Network,SUM,2018,SKG,0.9746538400650024,1
SKG_SUM_100,Which Scores to Predict in Sentence Regression for Text Summarization,SUM,2018,SKG,0.9759857058525084,1
SKG_SUM_102,Harnessing Popularity in Social Media for Extractive Summarization of Online Conversations,SUM,2018,SKG,0.9280633926391602,0
SKG_SUM_61,A Temporally Sensitive Submodularity Framework for Timeline Summarization,SUM,2018,SKG,0.9261455535888672,0
SKG_SUM_62,Closed-Book Training to Improve Summarization Encoder Memory,SUM,2018,SKG,0.93035489320755,0
SKG_SUM_69,A Discourse-Aware Attention Model for Abstractive Summarization of Long Documents,SUM,2018,SKG,0.9398662447929382,0
SKG_MT_339,Fast Lexically Constrained Decoding with Dynamic Beam Allocation for Neural Machine Translation,MT,2018,SKG,0.9334213137626648,0
SKG_MT_364,Neural Machine Translation Decoding with Terminology Constraints,MT,2018,SKG,0.9313477277755736,0
SKG_SUM_179,Autoencoder as Assistant Supervisor Improving Text Representation for Chinese Social Media Text Summarization,SUM,2018,SKG,0.9382292628288268,0
SKG_SUM_141,"Retrieve, Rerank and Rewrite Soft Template Based Neural Summarization",SUM,2018,SKG,0.9361130595207214,0
SKG_SUM_152,Bottom-Up Abstractive Summarization,SUM,2018,SKG,0.9425193071365356,0
SKG_SUM_158,Extractive Summarization with SWAP-NET Sentences and Words from Alternating Pointer Networks,SUM,2018,SKG,0.9211813807487488,0
SKG_DIA_9,Auto-Dialabel Labeling Dialogue Data with Unsupervised Learning,DIA,2018,SKG,0.9399279356002808,0
SKG_SUM_122,Improving Neural Abstractive Document Summarization with Structural Regularization,SUM,2018,SKG,0.9377446174621582,0
SKG_MT_1106,Learning to Actively Learn Neural Machine Translation,MT,2018,SKG,0.9498296976089478,1
SKG_SUM_117,Neural Latent Extractive Document Summarization,SUM,2018,SKG,0.9392855763435364,0
SKG_QA_415,Being Negative but Constructively Lessons Learnt from Creating Better Visual Question Answering Datasets,QA,2018,SKG,0.9757397770881652,1
SKG_MT_684,Pieces of Eight 8-bit Neural Machine Translation,MT,2018,SKG,0.9191579818725586,0
SKG_MT_691,Near Human-Level Performance in Grammatical Error Correction with Hybrid Machine Translation,MT,2018,SKG,0.9372929334640504,0
SKG_MT_701,Guiding Neural Machine Translation with Retrieved Translation Pieces,MT,2018,SKG,0.9768739938735962,1
SKG_QA_426,Sentiment Classification towards Question-Answering with Hierarchical Matching Network,QA,2018,SKG,0.950821042060852,1
SKG_QA_432,Injecting Relational Structural Representation in Neural Networks for Question Similarity,QA,2018,SKG,0.9340141415596008,0
SKG_QA_394,Denoising Distantly Supervised Open-Domain Question Answering,QA,2018,SKG,0.9380871653556824,0
SKG_MT_662,Freezing Subnetworks to Analyze Domain Adaptation in Neural Machine Translation,MT,2018,SKG,0.9274287223815918,0
SKG_MT_669,Exploiting Deep Representations for Neural Machine Translation,MT,2018,SKG,0.9450277090072632,0
SKG_MT_672,Multi-Source Syntactic Neural Machine Translation,MT,2018,SKG,0.9527654647827148,1
SKG_MT_1433,Towards Two-Dimensional Sequence to Sequence Model in Neural Machine Translation,MT,2018,SKG,0.93970787525177,0
SKG_MT_1434,Learning Hidden Unit Contribution for Adapting Neural Machine Translation Models,MT,2018,SKG,0.9413671493530272,0
SKG_MT_1443,Japanese Predicate Conjugation for Neural Machine Translation,MT,2018,SKG,0.935572624206543,0
SKG_QA_380,Multimodal Differential Network for Visual Question Generation,QA,2018,SKG,0.9395219683647156,0
SKG_QA_381,Zero-Shot Question Generation from Knowledge Graphs for Unseen Predicates and Entity Types,QA,2018,SKG,0.9414628148078918,0
SKG_QA_382,Question Condensing Networks for Answer Selection in Community Question Answering,QA,2018,SKG,0.9362872242927552,0
SKG_QA_384,Self-Training for Jointly Learning to Ask and Answer Questions,QA,2018,SKG,0.9728867411613464,1
SKG_QA_389,Distractor Generation for Multiple Choice Questions Using Learning to Rank,QA,2018,SKG,0.9406694173812866,0
SKG_QA_353,Commonsense for Generative Multi-Hop Question Answering Tasks,QA,2018,SKG,0.9343221783638,0
SKG_QA_354,Retrieve and Re-rank A Simple and Effective IR Approach to Simple Question Answering over Knowledge Graphs,QA,2018,SKG,0.9436869621276855,0
SKG_QA_364,Uncovering Code-Mixed Challenges A Framework for Linguistically Driven Question Generation and Neural Based Question Answering,QA,2018,SKG,0.9386377334594728,0
SKG_QA_367,Learning to Collaborate for Question Answering and Asking,QA,2018,SKG,0.9745289087295532,1
SKG_MT_1475,Sequence to Sequence Mixture Model for Diverse Machine Translation,MT,2018,SKG,0.9408089518547058,0
SKG_MT_717,When and Why Are Pre-Trained Word Embeddings Useful for Neural Machine Translation,MT,2018,SKG,0.9755749702453612,1
SKG_MT_1402,Multi-Source Neural Machine Translation with Data Augmentation,MT,2018,SKG,0.9420801997184752,0
SKG_MT_1417,Improving Unsupervised Word-by-Word Translation with Language Model and Denoising Autoencoder,MT,2018,SKG,0.9492605924606324,1
SKG_MT_1424,Unsupervised Neural Machine Translation with Weight Sharing,MT,2018,SKG,0.950971245765686,1
SKG_SUM_219,MSMO Multimodal Summarization with Multimodal Output,SUM,2018,SKG,0.9396589398384094,0
SKG_SA_1,Solving Data Sparsity for Aspect Based Sentiment Analysis Using Cross-Linguality and Multi-Linguality,SA,2018,SKG,0.9338752031326294,0
SKG_QA_476,Paragraph-level Neural Question Generation with Maxout Pointer and Gated Self-attention Networks,QA,2018,SKG,0.9403350949287416,0
SKG_QA_483,Supervised and Unsupervised Transfer Learning for Question Answering,QA,2018,SKG,0.976338267326355,1
SKG_QA_490,Ranking Paragraphs for Improving Answer Recall in Open-Domain Question Answering,QA,2018,SKG,0.9418739080429076,0
SKG_QA_450,Joint Multitask Learning for Community Question Answering Using Task-Specific Embeddings,QA,2018,SKG,0.9412435293197632,0
SKG_MT_733,Compositional Representation of Morphologically-Rich Input for Neural Machine Translation,MT,2018,SKG,0.948522925376892,1
SKG_MT_734,Addressing Troublesome Words in Neural Machine Translation,MT,2018,SKG,0.9437001943588256,0
SKG_MT_735,Top-down Tree Structured Decoding with Syntactic Connections for Neural Machine Translation and Parsing,MT,2018,SKG,0.9374321699142456,0
SKG_MT_745,Simplifying Neural Machine Translation with Addition-Subtraction Twin-Gated Recurrent Networks,MT,2018,SKG,0.9406938552856444,0
SKG_MT_754,A Study of Reinforcement Learning for Neural Machine Translation,MT,2018,SKG,0.9459270238876344,0
SKG_SA_64,Recurrent Entity Networks with Delayed Memory Update for Targeted Aspect-Based Sentiment Analysis,SA,2018,SKG,0.9768222570419312,1
SKG_SA_10,Hierarchical Attention Based Position-Aware Network for Aspect-Level Sentiment Analysis,SA,2018,SKG,0.9499963521957396,1
SKG_SA_18,Knowledge-Enriched Two-Layered Attention Network for Sentiment Analysis,SA,2018,SKG,0.9445512890815736,0
SKG_SA_28,YNU-HPCC at SemEval-2018 Task 1 BiLSTM with Attention based Sentiment Analysis for Affect in Tweets,SA,2018,SKG,0.9303703308105468,0
SKG_SA_31,Multi-grained Attention Network for Aspect-Level Sentiment Classification,SA,2018,SKG,0.9347125887870787,0
SKG_SUM_218,Improving Neural Abstractive Document Summarization with Explicit Information Selection Modeling,SUM,2018,SKG,0.934685230255127,0
SKG_MT_709,Document-Level Neural Machine Translation with Hierarchical Attention Networks,MT,2018,SKG,0.9415688514709472,0
SKG_MT_659,Bidirectional Generative Adversarial Networks for Neural Machine Translation,MT,2018,SKG,0.9307794570922852,0
SKG_QA_343,CommonsenseQA A Question Answering Challenge Targeting Commonsense Knowledge,QA,2018,SKG,0.9386836886405944,0
SKG_QA_348,Harvesting Paragraph-level Question-Answer Pairs from Wikipedia,QA,2018,SKG,0.9476916193962096,1
SKG_QA_321,CNN for Text-Based Multiple Choice Question Answering,QA,2018,SKG,0.9373278617858888,0
SKG_QA_322,Strong Baselines for Simple Question Answering over Knowledge Graphs with and without Neural Networks,QA,2018,SKG,0.9767059087753296,1
SKG_QA_294,Transfer Learning for Context-Aware Question Matching in Information-seeking Conversations in E-commerce,QA,2018,SKG,0.9688137173652648,1
SKG_QA_271,Adversarial Domain Adaptation for Duplicate Question Detection,QA,2018,SKG,0.9355170130729676,0
SKG_MT_604,Subword Regularization Improving Neural Network Translation Models with Multiple Subword Candidates,MT,2018,SKG,0.9467791318893432,0
SKG_SA_117,Target-Sensitive Memory Networks for Aspect Sentiment Classification,SA,2018,SKG,0.9389058351516724,0
SKG_MT_757,Non-Adversarial Unsupervised Word Translation,MT,2018,SKG,0.9526454210281372,1
SKG_MT_759,Revisiting Character-Based Neural Machine Translation with Capacity and Compression,MT,2018,SKG,0.9389532208442688,0
SKG_MT_764,Automated Paraphrase Lattice Creation for HyTER Machine Translation Evaluation,MT,2018,SKG,0.8828304409980774,0
SKG_MT_1372,On the Evaluation of Semantic Phenomena in Neural Machine Translation Using Natural Language Inference,MT,2018,SKG,0.9230079650878906,0
SKG_SA_76,Pretraining Sentiment Classifiers with Unlabeled Dialog Data,SA,2018,SKG,0.9442407488822936,0
SKG_SA_90,THU_NGN at SemEval-2018 Task 1 Fine-grained Tweet Sentiment Intensity Analysis with Attention CNN-LSTM,SA,2018,SKG,0.94474059343338,0
SKG_SA_46,A Helping Hand Transfer Learning for Deep Sentiment Analysis,SA,2018,SKG,0.9420554041862488,0
SKG_SA_51,Sentiment Adaptive End-to-End Dialog Systems,SA,2018,SKG,0.9335302114486694,0
SKG_MT_1452,Automatic Post-Editing of Machine Translation A Neural Programmer-Interpreter Approach,MT,2018,SKG,0.920352339744568,0
SKG_MT_29,Character-level Chinese-English Translation through ASCII Encoding,MT,2018,SKG,0.9373214840888976,0
SKG_QA_243,Learning to Ask Questions in Open-domain Conversational Systems with Typed Decoders,QA,2018,SKG,0.9345355033874512,0
SKG_QA_248,Mixing Context Granularities for Improved Entity Linking on Question Answering Data across Entity Categories,QA,2018,SKG,0.949586033821106,1
SKG_QA_254,Stacking with Auxiliary Features for Visual Question Answering,QA,2018,SKG,0.9734634160995485,1
SKG_MT_575,Dynamic Sentence Sampling for Efficient Training of Neural Machine Translation,MT,2018,SKG,0.9376198053359984,0
SKG_MT_777,Meta-Learning for Low-Resource Neural Machine Translation,MT,2018,SKG,0.9347234964370728,0
SKG_MT_1355,SwitchOut an Efficient Data Augmentation Algorithm for Neural Machine Translation,MT,2018,SKG,0.9372175335884094,0
SKG_MT_1369,Universal Neural Machine Translation for Extremely Low Resource Languages,MT,2018,SKG,0.9713805913925172,1
SKG_MT_791,Adaptive Knowledge Sharing in Multi-Task Learning Improving Low-Resource Neural Machine Translation,MT,2018,SKG,0.9511405825614928,1
SKG_MT_799,Learning When to Concentrate or Divert Attention Self-Adaptive Attention Temperature for Neural Machine Translation,MT,2018,SKG,0.9510729908943176,1
SKG_SA_153,Summarizing Opinions Aspect Extraction Meets Sentiment Prediction and They Are Both Weakly Supervised,SA,2018,SKG,0.9371278882026672,0
SKG_SA_155,Examining Gender and Race Bias in Two Hundred Sentiment Analysis Systems,SA,2018,SKG,0.9286897778511048,0
SKG_SA_162,NLPZZX at SemEval-2018 Task 1 Using Ensemble Method for Emotion and Sentiment Intensity Determination,SA,2018,SKG,0.9460464715957642,0
SKG_SA_105,Topic-Specific Sentiment Analysis Can Help Identify Political Ideology,SA,2018,SKG,0.925786316394806,0
SKG_SA_106,DMCB at SemEval-2018 Task 1 Transfer Learning of Sentiment Classification Using Group LSTM for Emotion Intensity prediction,SA,2018,SKG,0.933968186378479,0
SKG_MT_807,Scaling Neural Machine Translation,MT,2018,SKG,0.927780270576477,0
SKG_MT_416,The Best of Both Worlds Combining Recent Advances in Neural Machine Translation,MT,2018,SKG,0.9232116937637328,0
SKG_MT_1140,Unpaired Sentiment-to-Sentiment Translation A Cycled Reinforcement Learning Approach,MT,2018,SKG,0.9745271801948548,1
SKG_MT_818,Phrase-Based & Neural Unsupervised Machine Translation,MT,2018,SKG,0.9462028741836548,0
SKG_MT_821,Denoising Neural Machine Translation Training with Trusted Data and Online Data Selection,MT,2018,SKG,0.9171962738037108,0
SKG_SA_172,Aspect Based Sentiment Analysis with Gated Convolutional Networks,SA,2018,SKG,0.947670578956604,1
SKG_SA_176,Learning Word Embeddings for Data Sparse and Sentiment Rich Data Sets,SA,2018,SKG,0.927363395690918,0
SKG_SA_179,Contextual Inter-modal Attention for Multi-modal Sentiment Analysis,SA,2018,SKG,0.9365552067756652,0
SKG_SA_188,Revisiting the Importance of Encoding Logic Rules in Sentiment Classification,SA,2018,SKG,0.9392093420028688,0
SKG_SA_194,Parameterized Convolutional Neural Networks for Aspect Level Sentiment Classification,SA,2018,SKG,0.9127724766731262,0
SKG_SA_199,Adaptive Semi-supervised Learning for Cross-domain Sentiment Classification,SA,2018,SKG,0.9432936906814576,0
SKG_SA_144,IARM Inter-Aspect Relation Modeling with Memory Networks in Aspect-Based Sentiment Analysis,SA,2018,SKG,0.93910151720047,0
SKG_MT_587,Compact Personalized Models for Neural Machine Translation,MT,2018,SKG,0.93898743391037,0
SKG_MT_589,Metric for Automatic Machine Translation Evaluation based on Universal Sentence Representations,MT,2018,SKG,0.9467877149581908,0
SKG_NLI_4,Discourse Marker Augmented Network with Reinforcement Learning for Natural Language Inference,NLI,2018,SKG,0.9447843432426452,0
SKG_NLI_10,DR-BiLSTM Dependent Reading Bidirectional LSTM for Natural Language Inference,NLI,2018,SKG,0.9524042010307312,1
SKG_NLI_12,Neural Natural Language Inference Models Enhanced with External Knowledge,NLI,2018,SKG,0.9242371320724488,0
SKG_PAR_0,Scene Graph Parsing as Dependency Parsing,PAR,2018,SKG,0.9780702590942384,1
SKG_PAR_4,Constituency Parsing with a Self-Attentive Encoder,PAR,2018,SKG,0.955132007598877,1
SKG_MT_64,A Tree-based Decoder for Neural Machine Translation,MT,2018,SKG,0.9503315091133118,1
SKG_QA_212,Question Generation from SQL Queries Improves Neural Semantic Parsing,QA,2018,SKG,0.9364317059516908,0
SKG_QA_220,Supervised Clustering of Questions into Intents for Dialog System Applications,QA,2018,SKG,0.9370929598808287,0
SKG_QA_224,"HotpotQA A Dataset for Diverse, Explainable Multi-hop Question Answering",QA,2018,SKG,0.9451125264167786,0
SKG_QA_229,Ranking Paragraphs for Improving Answer Recall in Open-Domain Question Answering,QA,2018,SKG,0.9418739080429076,0
SKG_QA_230,Leveraging Context Information for Natural Question Generation,QA,2018,SKG,0.9744961857795716,1
SKG_SA_274,Improving Multi-label Emotion Classification via Sentiment Classification with Dual Attention Transfer Network,SA,2018,SKG,0.9429465532302856,0
SKG_SA_282,DL Team at SemEval-2018 Task 1 Tweet Affect Detection using Sentiment Lexicons and Embeddings,SA,2018,SKG,0.9450911283493042,0
SKG_SA_248,Linking News Sentiment to Microblogs A Distributional Semantics Approach to Enhance Microblog Sentiment Classification,SA,2018,SKG,0.9267614483833312,0
SKG_SA_256,Ternary Twitter Sentiment Classification with Distant Supervision and Sentiment-Specific Word Embeddings,SA,2018,SKG,0.9447697401046752,0
SKG_SA_203,SemAxis A Lightweight Framework to Characterize Domain-Specific Word Semantics Beyond Sentiment,SA,2018,SKG,0.8514002561569214,0
SKG_SA_222,Identifying Transferable Information Across Domains for Cross-domain Sentiment Classification,SA,2018,SKG,0.9423784017562866,0
SKG_SA_169,Bilingual Sentiment Embeddings Joint Projection of Sentiment Across Languages,SA,2018,SKG,0.9485067129135132,1
SKG_MT_558,Combining Character and Word Information in Neural Machine Translation Using a Multi-Level Attention,MT,2018,SKG,0.976893424987793,1
SKG_MT_559,SuperNMT Neural Machine Translation with Semantic Supersenses and Syntactic Supertags,MT,2018,SKG,0.9183859825134276,0
SKG_MT_566,Approaching Neural Grammatical Error Correction as a Low-Resource Machine Translation Task,MT,2018,SKG,0.9471648931503296,0
SKG_MT_82,An Analysis of Attention Mechanisms The Case of Word Sense Disambiguation in Neural Machine Translation,MT,2018,SKG,0.9370023608207704,0
SKG_MT_83,Understanding Back-Translation at Scale,MT,2018,SKG,0.9456151127815248,0
SKG_MT_86,Multi-Domain Neural Machine Translation with Word-Level Domain Context Discrimination,MT,2018,SKG,0.9332679510116576,0
SKG_QA_202,Learning to Rank Question-Answer Pairs Using Hierarchical Recurrent Encoder with Latent Topic Clustering,QA,2018,SKG,0.952122688293457,1
SKG_PAR_68,End-to-End Graph-Based TAG Parsing with Neural Networks,PAR,2018,SKG,0.978014349937439,1
SKG_MT_532,Target Foresight Based Attention for Neural Machine Translation,MT,2018,SKG,0.9779306650161744,1
SKG_DIA_1,Training Millions of Personalized Dialogue Agents,DIA,2018,SKG,0.933041214942932,0
SKG_SA_324,Aspect Based Sentiment Analysis into the Wild,SA,2018,SKG,0.9223774075508118,0
SKG_MT_855,Can Neural Machine Translation be Improved with User Feedback,MT,2018,SKG,0.9319164156913756,0
SKG_MT_862,Three Strategies to Improve One-to-Many Multilingual Translation,MT,2018,SKG,0.931897759437561,0
SKG_SA_326,Attentive Gated Lexicon Reader with Contrastive Contextual Co-Attention for Sentiment Classification,SA,2018,SKG,0.9488040804862976,1
SKG_SA_327,Cold-Start Aware User and Product Attention for Sentiment Classification,SA,2018,SKG,0.946130394935608,0
SKG_SA_314,Domain Adapted Word Embeddings for Improved Sentiment Classification,SA,2018,SKG,0.9382373094558716,0
SKG_MT_822,Loss in Translation Learning Bilingual Word Mapping with a Retrieval Criterion,MT,2018,SKG,0.9508415460586548,1
SKG_MT_825,Transfer Learning in Multilingual Neural Machine Translation with Dynamic Vocabulary,MT,2018,SKG,0.9402230381965636,0
SKG_MT_831,Towards Robust Neural Machine Translation,MT,2018,SKG,0.9346302151679992,0
SKG_MT_540,Language Modeling Teaches You More than Translation Does Lessons Learned Through Auxiliary Syntactic Task Analysis,MT,2018,SKG,0.929294764995575,0
SKG_MT_96,Triangular Architecture for Rare Language Translation,MT,2018,SKG,0.9408893585205078,0
SKG_QA_166,A Nil-Aware Answer Extraction Framework for Question Answering,QA,2018,SKG,0.9279729127883912,0
SKG_QA_169,Transliteration Better than Translation Answering Code-mixed Questions over a Knowledge Base,QA,2018,SKG,0.9369128346443176,0
SKG_QA_176,Answer-focused and Position-aware Neural Question Generation,QA,2018,SKG,0.9300155639648438,0
SKG_QA_177,Phrase-Indexed Question Answering A New Challenge for Scalable Document Comprehension,QA,2018,SKG,0.935450553894043,0
SKG_MT_502,ParaNMT-50M Pushing the Limits of Paraphrastic Sentence Embeddings with Millions of Machine Translations,MT,2018,SKG,0.937430739402771,0
SKG_MT_505,Attention Focusing for Neural Machine Translation by Bridging Source and Target Embeddings,MT,2018,SKG,0.9215408563613892,0
SKG_MT_507,Style Transfer Through Back-Translation,MT,2018,SKG,0.9410562515258788,0
SKG_MT_516,The ADAPT System Description for the IWSLT 2018 Basque to English Translation Task,MT,2018,SKG,0.9184714555740356,0
SKG_DIA_287,DeepPavlov Open-Source Library for Dialogue Systems,DIA,2018,SKG,0.860831618309021,0
SKG_SA_411,Learning Domain Representation for Multi-Domain Sentiment Classification,SA,2018,SKG,0.9756183624267578,1
SKG_DIA_316,ScoutBot A Dialogue System for Collaborative Navigation,DIA,2018,SKG,0.9224587678909302,0
SKG_SA_367,Limbic Author-Based Sentiment Aspect Modeling Regularized with Word Embeddings and Discourse Relations,SA,2018,SKG,0.9339421391487122,0
SKG_SA_381,psyML at SemEval-2018 Task 1 Transfer Learning for Sentiment and Emotion Analysis,SA,2018,SKG,0.9326173663139344,0
SKG_PAR_38,Global Transition-based Non-projective Dependency Parsing,PAR,2018,SKG,0.9376839399337769,0
SKG_PAR_39,Semantic Parsing with Syntax- and Table-Aware SQL Generation,PAR,2018,SKG,0.9696551561355592,1
SKG_PAR_42,Coarse-to-Fine Decoding for Neural Semantic Parsing,PAR,2018,SKG,0.9316695928573608,0
SKG_QA_124,Simple and Effective Semi-Supervised Question Answering,QA,2018,SKG,0.9446565508842468,0
SKG_QA_127,Think Visually Question Answering through Virtual Imagery,QA,2018,SKG,0.9287282824516296,0
SKG_QA_133,A State-transition Framework to Answer Complex Questions over Knowledge Base,QA,2018,SKG,0.9389174580574036,0
SKG_QA_136,"TVQA Localized, Compositional Video Question Answering",QA,2018,SKG,0.9218215942382812,0
SKG_MT_138,Rapid Adaptation of Neural Machine Translation to New Languages,MT,2018,SKG,0.940743088722229,0
SKG_DIA_238,Automatic Dialogue Generation with Expressed Emotions,DIA,2018,SKG,0.9765106439590454,1
SKG_DIA_243,NEXUS Network Connecting the Preceding and the Following in Dialogue Generation,DIA,2018,SKG,0.9381769895553588,0
SKG_DIA_259,Deep Dyna-Q Integrating Planning for Task-Completion Dialogue Policy Learning,DIA,2018,SKG,0.9273438453674316,0
SKG_DIA_280,Adversarial Over-Sensitivity and Over-Stability Strategies for Dialogue Models,DIA,2018,SKG,0.932646095752716,0
SKG_DIA_285,An End-to-end Approach for Handling Unknown Slot Values in Dialogue State Tracking,DIA,2018,SKG,0.9321473836898804,0
SKG_MT_1291,End-to-End Non-Autoregressive Neural Machine Translation with Connectionist Temporal Classification,MT,2018,SKG,0.9372216463088988,0
SKG_PAR_76,Approximate Dynamic Oracle for Dependency Parsing with Reinforcement Learning,PAR,2018,SKG,0.9289537668228148,0
SKG_PAR_86,Universal Dependency Parsing from Scratch,PAR,2018,SKG,0.9424020648002625,0
SKG_PAR_88,Parsing Speech a Neural Approach to Integrating Lexical and Acoustic-Prosodic Information,PAR,2018,SKG,0.9713549613952636,1
SKG_MT_143,Beyond Error Propagation in Neural Machine Translation Characteristics of Language Also Matter,MT,2018,SKG,0.9286715388298036,0
SKG_MT_155,Improving Lexical Choice in Neural Machine Translation,MT,2018,SKG,0.945470929145813,0
SKG_QA_60,Using Paraphrasing and Memory-Augmented Models to Combat Data Sparsity in Question Interpretation with a Virtual Patient Dialogue System,QA,2018,SKG,0.9318658709526062,0
SKG_QA_71,Open Domain Question Answering Using Early Fusion of Knowledge Bases and Text,QA,2018,SKG,0.9459915161132812,0
SKG_QA_72,Efficient and Robust Question Answering from Minimal Context over Documents,QA,2018,SKG,0.9481443166732788,1
SKG_QA_87,Multi-Granularity Hierarchical Attention Fusion Networks for Reading Comprehension and Question Answering,QA,2018,SKG,0.9474641680717468,1
SKG_MT_1271,Parameter Sharing Methods for Multilingual Self-Attentional Translation Models,MT,2018,SKG,0.9449135065078736,0
SKG_MT_1278,Adaptive Multi-pass Decoder for Neural Machine Translation,MT,2018,SKG,0.943787395954132,0
SKG_MT_941,Scaling Neural Machine Translation,MT,2018,SKG,0.93079936504364,0
SKG_DIA_219,Conversational Memory Network for Emotion Recognition in Dyadic Dialogue Videos,DIA,2018,SKG,0.9370800852775574,0
SKG_DIA_222,DialSQL Dialogue Based Structured Query Generation,DIA,2018,SKG,0.9424152374267578,0
SKG_SA_459,Epita at SemEval-2018 Task 1 Sentiment Analysis Using Transfer Learning Approach,SA,2018,SKG,0.940744698047638,0
SKG_MT_909,Improving Neural Machine Translation with Conditional Sequence Generative Adversarial Nets,MT,2018,SKG,0.9763641357421876,1
SKG_MT_916,Using Monolingual Data in Neural Machine Translation a Systematic Study,MT,2018,SKG,0.9236427545547484,0
SKG_MT_452,Sparse and Constrained Attention for Neural Machine Translation,MT,2018,SKG,0.9240269660949708,0
SKG_MT_472,Exploring Recombination for Efficient Decoding of Neural Machine Translation,MT,2018,SKG,0.9448089599609376,0
SKG_MT_473,Transliteration Better than Translation Answering Code-mixed Questions over a Knowledge Base,MT,2018,SKG,0.9369128942489624,0
SKG_MT_158,Recursive Neural Network Based Preordering for English-to-Japanese Machine Translation,MT,2018,SKG,0.9353906512260436,0
SKG_MT_183,A Simple and Effective Approach to Coverage-Aware Neural Machine Translation,MT,2018,SKG,0.9499406814575196,1
SKG_QA_36,Playing 20 Question Game with Policy-Based Reinforcement Learning,QA,2018,SKG,0.9226972460746764,0
SKG_QA_38,Knowledge Base Question Answering via Encoding of Complex Query Graphs,QA,2018,SKG,0.9301692247390748,0
SKG_QA_40,Training a Ranking Function for Open-Domain Question Answering,QA,2018,SKG,0.9400470852851868,0
SKG_PAR_102,Pre- and In-Parsing Models for Neural Empty Category Detection,PAR,2018,SKG,0.9316970705986024,0
SKG_MT_952,Improving the Transformer Translation Model with Document-Level Context,MT,2018,SKG,0.9492323994636536,1
SKG_DIA_179,Subgoal Discovery for Hierarchical Dialogue Policy Learning,DIA,2018,SKG,0.9308204650878906,0
SKG_SA_487,Joint Learning for Targeted Sentiment Analysis,SA,2018,SKG,0.9476884603500366,1
SKG_SA_488,Unpaired Sentiment-to-Sentiment Translation A Cycled Reinforcement Learning Approach,SA,2018,SKG,0.9745271801948548,1
SKG_SA_496,Language Independent Sentiment Analysis with Sentiment-Specific Word Embeddings,SA,2018,SKG,0.9440801739692688,0
SKG_SA_503,Self-Attention A Better Building Block for Sentiment Analysis Neural Network Classifiers,SA,2018,SKG,0.9338619112968444,0
SKG_MT_920,Neural Hidden Markov Model for Machine Translation,MT,2018,SKG,0.9562584161758424,1
SKG_MT_925,Scaling Neural Machine Translation,MT,2018,SKG,0.93079936504364,0
SKG_DIA_127,Improving Response Selection in Multi-Turn Dialogue Systems by Incorporating Domain Knowledge,DIA,2018,SKG,0.9354516863822936,0
SKG_DIA_128,"Personalizing Dialogue Agents I have a dog, do you have pets too",DIA,2018,SKG,0.9740983843803406,1
SKG_DIA_137,Decoupling Strategy and Generation in Negotiation Dialogues,DIA,2018,SKG,0.928964138031006,0
SKG_DIA_141,An Auto-Encoder Matching Model for Learning Utterance-Level Semantic Dependency in Dialogue Generation,DIA,2018,SKG,0.947576344013214,1
SKG_SA_547,Exploiting Document Knowledge for Aspect-level Sentiment Classification,SA,2018,SKG,0.9441124200820924,0
SKG_SA_549,Sentiment Classification towards Question-Answering with Hierarchical Matching Network,SA,2018,SKG,0.950821042060852,1
SKG_SA_551,Cross-Domain Sentiment Classification with Target Domain Specific Information,SA,2018,SKG,0.9487932324409484,1
SKG_SA_552,A Multi-sentiment-resource Enhanced Attention Network for Sentiment Classification,SA,2018,SKG,0.9430530667304992,0
SKG_DIA_156,Task-oriented Dialogue System for Automatic Diagnosis,DIA,2018,SKG,0.9725098609924316,1
SKG_DIA_160,Game-Based Video-Context Dialogue,DIA,2018,SKG,0.9410931468009948,0
SKG_DIA_166,Sequicity Simplifying Task-oriented Dialogue Systems with Single Sequence-to-Sequence Architectures,DIA,2018,SKG,0.7023890614509583,0
SKG_DIA_173,Feudal Reinforcement Learning for Dialogue Management in Large Domains,DIA,2018,SKG,0.9290919303894044,0
SKG_PAR_114,"Semi-Supervised Neural System for Tagging, Parsing and Lematization",PAR,2018,SKG,0.9466387629508972,0
SKG_MT_432,Dense Information Flow for Neural Machine Translation,MT,2018,SKG,0.9784326553344728,1
SKG_MT_195,A Visual Attention Grounding Neural Model for Multimodal Machine Translation,MT,2018,SKG,0.9439505338668824,0
SKG_MT_197,Neural Machine Translation for Bilingually Scarce Scenarios a Deep Multi-Task Learning Approach,MT,2018,SKG,0.9468935132026672,0
SKG_MT_403,Incremental Decoding and Training Methods for Simultaneous Translation in Neural Machine Translation,MT,2018,SKG,0.9250303506851196,0
SKG_MT_412,Beyond Weight Tying Learning Joint Input-Output Embeddings for Neural Machine Translation,MT,2018,SKG,0.9420722723007202,0
SKG_MT_425,Learning Unsupervised Word Translations Without Adversaries,MT,2018,SKG,0.9327665567398072,0
SKG_PAR_93,Transition-based Parsing with Lighter Feed-Forward Networks,PAR,2018,SKG,0.9353410005569458,0
SKG_PAR_99,"82 Treebanks, 34 Models Universal Dependency Parsing with Multi-Treebank Models",PAR,2018,SKG,0.9390777349472046,0
SKG_MT_223,Using Word Vectors to Improve Word Alignments for Low Resource Machine Translation,MT,2018,SKG,0.9737531542778016,1
SKG_MT_240,Prediction Improves Simultaneous Neural Machine Translation,MT,2018,SKG,0.9232977032661438,0
SKG_PAR_214,"Towards Better UD Parsing Deep Contextualized Word Embeddings, Ensemble, and Treebank Concatenation",PAR,2018,SKG,0.9537984132766724,1
SKG_PAR_222,Twitter Universal Dependency Parsing for African-American and Mainstream American English,PAR,2018,SKG,0.9259433746337892,0
SKG_PAR_225,Universal Dependency Parsing for Hindi-English Code-Switching,PAR,2018,SKG,0.945687472820282,0
SKG_DIA_89,Dual Latent Variable Model for Low-Resource Natural Language Generation in Dialogue Systems,DIA,2018,SKG,0.937990665435791,0
SKG_SA_602,Transformation Networks for Target-Oriented Sentiment Classification,SA,2018,SKG,0.9417408108711244,0
SKG_DIA_120,Knowledge Diffusion for Neural Dialogue Generation,DIA,2018,SKG,0.9413851499557496,0
SKG_SA_558,DebugSL An Interactive Tool for Debugging Sentiment Lexicons,SA,2018,SKG,0.8994887471199036,0
SKG_SA_584,Learning Sentiment Memories for Sentiment Modification without Parallel Data,SA,2018,SKG,0.9430433511734008,0
SKG_SA_585,Importance of Self-Attention for Sentiment Analysis,SA,2018,SKG,0.939505398273468,0
SKG_MT_985,Semi-Autoregressive Neural Machine Translation,MT,2018,SKG,0.9394686818122864,0
SKG_MT_991,Improving Beam Search by Removing Monotonic Constraint for Neural Machine Translation,MT,2018,SKG,0.9360936284065248,0
SKG_MT_380,Coreference and Coherence in Neural Machine Translation A Study Using Oracle Experiments,MT,2018,SKG,0.9382476806640624,0
SKG_MT_393,Accelerating Asynchronous Stochastic Gradient Descent for Neural Machine Translation,MT,2018,SKG,0.9195404052734376,0
SKG_PAR_191,Confidence Modeling for Neural Semantic Parsing,PAR,2018,SKG,0.9332680702209472,0
SKG_PAR_192,Sequence-to-Action End-to-End Semantic Graph Generation for Semantic Parsing,PAR,2018,SKG,0.9465969204902648,0
SKG_MT_374,Unsupervised Statistical Machine Translation,MT,2018,SKG,0.9080268740653992,0
SKG_MT_1203,Tied Multitask Learning for Neural Speech Translation,MT,2018,SKG,0.9412450790405272,0
SKG_DIA_54,How Time Matters Learning Time-Decay Attention for Contextual Spoken Language Understanding in Dialogues,DIA,2018,SKG,0.9720865488052368,1
SKG_DIA_58,Dialogue Learning with Human Teaching and Feedback in End-to-End Trainable Task-Oriented Dialogue Systems,DIA,2018,SKG,0.9751529693603516,1
SKG_SA_629,ARB-SEN at SemEval-2018 Task1 A New Set of Features for Enhancing the Sentiment Intensity Prediction in Arabic Tweets,SA,2018,SKG,0.9435287714004515,0
SKG_SA_631,Sentiment Expression Boundaries in Sentiment Polarity Classification,SA,2018,SKG,0.9292652010917664,0
SKG_SA_632,On the Role of Text Preprocessing in Neural Network Architectures An Evaluation Study on Text Categorization and Sentiment Analysis,SA,2018,SKG,0.9275869131088256,0
SKG_SA_636,Super Characters A Conversion from Sentiment Classification to Image Classification,SA,2018,SKG,0.9354836344718932,0
SKG_MT_1223,Training Deeper Neural Machine Translation Models with Transparent Attention,MT,2018,SKG,0.946136474609375,0
SKG_MT_1020,Greedy Search with Probabilistic N-gram Matching for Neural Machine Translation,MT,2018,SKG,0.9454343914985656,0
SKG_MT_1026,Subword Regularization Improving Neural Network Translation Models with Multiple Subword Candidates,MT,2018,SKG,0.9467790722846984,0
SKG_DIA_77,Discriminative Deep Dyna-Q Robust Planning for Dialogue Policy Learning,DIA,2018,SKG,0.9272133111953736,0
SKG_MT_1049,Forest-Based Neural Machine Translation,MT,2018,SKG,0.9338091015815736,0
SKG_MT_1054,Encoding Gated Translation Memory into Neural Machine Translation,MT,2018,SKG,0.9381150007247924,0
SKG_MT_1058,Learning from Chunk-based Feedback in Neural Machine Translation,MT,2018,SKG,0.9364112615585328,0
SKG_DIA_32,Using Paraphrasing and Memory-Augmented Models to Combat Data Sparsity in Question Interpretation with a Virtual Patient Dialogue System,DIA,2018,SKG,0.9318658709526062,0
SKG_DIA_34,Global-Locally Self-Attentive Encoder for Dialogue State Tracking,DIA,2018,SKG,0.930377960205078,0
SKG_SUM_46,Content Selection in Deep Learning Models of Summarization,SUM,2018,SKG,0.93937885761261,0
SKG_SUM_54,Global Encoding for Abstractive Summarization,SUM,2018,SKG,0.9422640800476074,0
SKG_MT_1038,Encoding Gated Translation Memory into Neural Machine Translation,MT,2018,SKG,0.9381150007247924,0
SKG_MT_1195,Characterizing Departures from Linearity in Word Translation,MT,2018,SKG,0.9262431859970092,0
SKG_PAR_117,Multitask Parsing Across Semantic Representations,PAR,2018,SKG,0.9388272166252136,0
SKG_MT_281,Context-Aware Neural Machine Translation Learns Anaphora Resolution,MT,2018,SKG,0.9449701309204102,0
SKG_MT_293,How Much Attention Do You Need A Granular Analysis of Neural Machine Translation Architectures,MT,2018,SKG,0.933566689491272,0
SKG_PAR_151,StructVAE Tree-structured Latent Variable Models for Semi-supervised Semantic Parsing,PAR,2018,SKG,0.9149433374404908,0
SKG_PAR_152,An Improved Neural Network Model for Joint POS Tagging and Dependency Parsing,PAR,2018,SKG,0.9400962591171264,0
SKG_PAR_155,Cross-Lingual Abstract Meaning Representation Parsing,PAR,2018,SKG,0.943034529685974,0
SKG_PAR_161,Multilingual Universal Dependency Parsing from Raw Text with Low-Resource Language Enhancement,PAR,2018,SKG,0.945472240447998,0
SKG_PAR_168,Sentences with Gapping Parsing and Reconstructing Elided Predicates,PAR,2018,SKG,0.9407747387886048,0
SKG_SUM_114,Multi-Reward Reinforced Summarization with Saliency and Entailment,SUM,2018,SKG,0.9340007901191713,0
SKG_MT_1107,Self-Attentive Residual Decoder for Neural Machine Translation,MT,2018,SKG,0.9297298192977904,0
SKG_MT_1109,A Multimodal Translation-Based Approach for Knowledge Graph Representation Learning,MT,2018,SKG,0.9452890157699584,0
SKG_SUM_133,Soft Layer-Specific Multi-Task Summarization with Entailment and Question Generation,SUM,2018,SKG,0.9424934387207032,0
SKG_SUM_132,Unsupervised Semantic Abstractive Summarization,SUM,2018,SKG,0.932611644268036,0
SKG_SUM_176,Abstractive Summarization of Reddit Posts with Multi-level Memory Networks,SUM,2018,SKG,0.940156102180481,0
SKG_SUM_167,Fast Abstractive Summarization with Reinforce-Selected Sentence Rewriting,SUM,2018,SKG,0.9422097206115724,0
SKG_MT_1110,Semi-Autoregressive Neural Machine Translation,MT,2018,SKG,0.9394687414169312,0
SKG_SUM_165,Guided Neural Language Generation for Abstractive Summarization using Abstract Meaning Representation,SUM,2018,SKG,0.9414148330688475,0
SKG_SUM_164,Abstractive Text-Image Summarization Using Multi-Modal Attentional Hierarchical RNN,SUM,2018,SKG,0.9429892301559448,0
SKG_SUM_163,Entity Commonsense Representation for Neural Abstractive Summarization,SUM,2018,SKG,0.9714166522026062,1
SKG_MT_1113,Handling Homographs in Neural Machine Translation,MT,2018,SKG,0.9769089818000792,1
SKG_QA_29,Editing-Based SQL Query Generation for Cross-Domain Context-Dependent Questions,QA,2019,SKG,0.9305722117424012,0
SKG_QA_30,Alignment over Heterogeneous Embeddings for Question Answering,QA,2019,SKG,0.9827483296394348,1
SKG_MT_213,Improved Zero-shot Neural Machine Translation via Ignoring Spurious Correlations,MT,2019,SKG,0.9491218328475952,1
SKG_MT_214,Auto-Encoding Variational Neural Machine Translation,MT,2019,SKG,0.9395207166671752,0
SKG_MT_222,A High-Quality Multilingual Dataset for Structured Documentation Translation,MT,2019,SKG,0.9483203887939452,1
SKG_MT_232,Reference Network for Neural Machine Translation,MT,2019,SKG,0.9420326948165894,0
SKG_MT_235,Latent Part-of-Speech Sequences for Neural Machine Translation,MT,2019,SKG,0.945814311504364,0
SKG_MT_242,Panlingua-KMI MT System for Similar Language Translation Task at WMT 2019,MT,2019,SKG,0.9039952158927916,0
SKG_MT_248,Addressing word-order Divergence in Multilingual Neural Machine Translation for extremely Low Resource Languages,MT,2019,SKG,0.9336010217666626,0
SKG_MT_249,Translating Translationese A Two-Step Approach to Unsupervised Machine Translation,MT,2019,SKG,0.941329300403595,0
SKG_QA_50,Generating Highly Relevant Questions,QA,2019,SKG,0.93409264087677,0
SKG_QA_51,Enhancing Key-Value Memory Neural Networks for Knowledge Based Question Answering,QA,2019,SKG,0.9830812215805054,1
SKG_QA_55,Bidirectional Attentive Memory Networks for Question Answering over Knowledge Bases,QA,2019,SKG,0.9803091883659364,1
SKG_MT_189,Dynamically Composing Domain-Data Selection with Clean-Data Selection by “Co-Curricular Learning” for Neural Machine Translation,MT,2019,SKG,0.923995316028595,0
SKG_MT_75,Harnessing Indirect Training Data for End-to-End Automatic Speech Translation Tricks of the Trade,MT,2019,SKG,0.9461262822151184,0
SKG_MT_95,Iterative Dual Domain Adaptation for Neural Machine Translation,MT,2019,SKG,0.9309028387069702,0
SKG_DIA_0,Are Training Samples Correlated Learning to Generate Dialogue Responses with Multiple References,DIA,2019,SKG,0.942034125328064,0
SKG_DIA_4,Memory Consolidation for Contextual Spoken Language Understanding with Dialogue Logistic Inference,DIA,2019,SKG,0.9387041330337524,0
SKG_DIA_6,Toward Dialogue Modeling A Semantic Annotation Scheme for Questions and Answers,DIA,2019,SKG,0.9230955243110656,0
SKG_DIA_8,Training Neural Response Selection for Task-Oriented Dialogue Systems,DIA,2019,SKG,0.9480792880058287,1
SKG_SUM_124,Scoring Sentence Singletons and Pairs for Abstractive Summarization,SUM,2019,SKG,0.9197368621826172,0
SKG_SUM_125,Extractive Summarization of Long Documents by Combining Global and Local Context,SUM,2019,SKG,0.9282922744750975,0
SKG_SUM_126,The Feasibility of Embedding Based Automatic Evaluation for Single Document Summarization,SUM,2019,SKG,0.9111997485160828,0
SKG_SUM_127,How to Write Summaries with Patterns Learning towards Abstractive Summarization through Prototype Editing,SUM,2019,SKG,0.9138900637626648,0
SKG_SUM_149,Inducing Document Structure for Aspect-based Summarization,SUM,2019,SKG,0.9385773539543152,0
SKG_SUM_153,Deep Reinforcement Learning with Distributional Semantic Rewards for Abstractive Summarization,SUM,2019,SKG,0.9323142766952516,0
SKG_SUM_156,Attention Optimization for Abstractive Document Summarization,SUM,2019,SKG,0.9370412826538086,0
SKG_SUM_159,An Entity-Driven Framework for Abstractive Summarization,SUM,2019,SKG,0.9275499582290648,0
SKG_SUM_161,HIBERT Document Level Pre-training of Hierarchical Bidirectional Transformers for Document Summarization,SUM,2019,SKG,0.948292076587677,1
SKG_SUM_168,Improving Latent Alignment in Text Summarization by Generalizing the Pointer Generator,SUM,2019,SKG,0.9346845746040344,0
SKG_SUM_169,Unsupervised Neural Single-Document Summarization of Reviews via Learning Latent Discourse Structure and its Ranking,SUM,2019,SKG,0.9416730999946594,0
SKG_QA_27,Generating Questions for Knowledge Bases via Incorporating Diversified Contexts and Answer-Aware Loss,QA,2019,SKG,0.9259158968925476,0
SKG_DIA_36,DyKgChat Benchmarking Dialogue Generation Grounding on Dynamic Knowledge Graphs,DIA,2019,SKG,0.9078766703605652,0
SKG_DIA_44,Dialogue-Act Prediction of Future Responses Based on Conversation History,DIA,2019,SKG,0.942919373512268,0
SKG_DIA_50,What do Entity-Centric Models Learn Insights from Entity Linking in Multi-Party Dialogue,DIA,2019,SKG,0.9370492100715636,0
SKG_SUM_37,Question Answering as an Automatic Evaluation Metric for News Article Summarization,SUM,2019,SKG,0.9822511672973632,1
SKG_SUM_47,Fast Concept Mention Grouping for Concept Map-based Multi-Document Summarization,SUM,2019,SKG,0.9374749064445496,0
SKG_MT_1185,A Compact and Language-Sensitive Multilingual Translation Method,MT,2019,SKG,0.9483238458633424,1
SKG_MT_1192,Putting Evaluation in Context Contextual Embeddings Improve Machine Translation Evaluation,MT,2019,SKG,0.948434054851532,1
SKG_MT_1196,Handling Syntactic Divergence in Low-resource Machine Translation,MT,2019,SKG,0.9262198209762572,0
SKG_MT_1197,Imitation Learning for Non-Autoregressive Neural Machine Translation,MT,2019,SKG,0.9475498199462892,1
SKG_MT_1198,Monotonic Infinite Lookback Attention for Simultaneous Machine Translation,MT,2019,SKG,0.9254704713821412,0
SKG_MT_1043,Bridging the Gap between Training and Inference for Neural Machine Translation,MT,2019,SKG,0.9457147717475892,0
SKG_MT_1066,Unsupervised Domain Adaptation for Neural Machine Translation with Domain-Aware Feature Embeddings,MT,2019,SKG,0.9536851644515992,1
SKG_MT_1070,The Bottom-up Evolution of Representations in the Transformer A Study with Machine Translation and Language Modeling Objectives,MT,2019,SKG,0.9353073835372924,0
SKG_MT_1083,Reinforcement Learning based Curriculum Optimization for Neural Machine Translation,MT,2019,SKG,0.9832391738891602,1
SKG_DIA_23,Evaluating and Enhancing the Robustness of Dialogue Systems A Case Study on a Negotiation Agent,DIA,2019,SKG,0.9266420602798462,0
SKG_DIA_27,Dialogue Natural Language Inference,DIA,2019,SKG,0.9255094528198242,0
SKG_SUM_58,Zero-Shot Cross-Lingual Abstractive Sentence Summarization through Teaching Generation and Attention,SUM,2019,SKG,0.9381588101387024,0
SKG_DIA_51,Modeling Multi-Action Policy for Task-Oriented Dialogues,DIA,2019,SKG,0.927747130393982,0
SKG_DIA_62,Observing Dialogue in Therapy Categorizing and Forecasting Behavioral Codes,DIA,2019,SKG,0.91977059841156,0
SKG_DIA_66,ReCoSa Detecting the Relevant Contexts with Self-Attention for Multi-turn Dialogue Generation,DIA,2019,SKG,0.9510451555252076,1
SKG_MT_1011,Lattice Transformer for Speech Translation,MT,2019,SKG,0.9528957605361938,1
SKG_MT_1012,Bi-Directional Differentiable Input Reconstruction for Low-Resource Neural Machine Translation,MT,2019,SKG,0.9838212728500366,1
SKG_MT_1016,Incorporating Source Syntax into Transformer-Based Neural Machine Translation,MT,2019,SKG,0.951607882976532,1
SKG_MT_1216,SOURCE SOURce-Conditional Elmo-style Model for Machine Translation Quality Estimation,MT,2019,SKG,0.9493759274482728,1
SKG_MT_1217,English-Indonesian Neural Machine Translation for Spoken Language Domains,MT,2019,SKG,0.9479929208755492,1
SKG_MT_1022,Improving Neural Machine Translation Robustness via Data Augmentation Beyond Back-Translation,MT,2019,SKG,0.9419150352478028,0
SKG_MT_1028,Neural Fuzzy Repair Integrating Fuzzy Matches into Neural Machine Translation,MT,2019,SKG,0.9482811093330384,1
SKG_MT_1031,Competence-based Curriculum Learning for Neural Machine Translation,MT,2019,SKG,0.968453884124756,1
SKG_MT_1184,On the Importance of Word Boundaries in Character-level Neural Machine Translation,MT,2019,SKG,0.9523371458053588,1
SKG_SUM_73,Multi-News A Large-Scale Multi-Document Summarization Dataset and Abstractive Hierarchical Model,SUM,2019,SKG,0.943616271018982,0
SKG_SUM_79,Text Summarization with Pretrained Encoders,SUM,2019,SKG,0.9166313409805298,0
SKG_DIA_30,Entity-Consistent End-to-end Task-Oriented Dialogue System with KB Retriever,DIA,2019,SKG,0.9137243032455444,0
SKG_DIA_76,Improving Open-Domain Dialogue Systems via Multi-Turn Incomplete Utterance Restoration,DIA,2019,SKG,0.9365172386169434,0
SKG_DIA_84,"Hello, It’s GPT-2 - How Can I Help You Towards the Use of Pretrained Language Models for Task-Oriented Dialogue Systems",DIA,2019,SKG,0.9400274157524108,0
SKG_DIA_90,Constrained Decoding for Neural NLG from Compositional Representations in Task-Oriented Dialogue,DIA,2019,SKG,0.9400121569633484,0
SKG_DIA_96,A Practical Dialogue-Act-Driven Conversation Model for Multi-Turn Response Selection,DIA,2019,SKG,0.9318154454231262,0
SKG_SA_623,A Personalized Sentiment Model with Textual and Contextual Information,SA,2019,SKG,0.9372504949569702,0
SKG_SA_628,Human-Like Decision Making Document-level Aspect Sentiment Classification via Hierarchical Reinforcement Learning,SA,2019,SKG,0.934177041053772,0
SKG_SUM_21,Extractive Summarization of Long Documents by Combining Global and Local Context,SUM,2019,SKG,0.9282922744750975,0
SKG_SUM_30,Multimodal Abstractive Summarization for How2 Videos,SUM,2019,SKG,0.9414189457893372,0
SKG_SUM_31,NCLS Neural Cross-Lingual Summarization,SUM,2019,SKG,0.9484333992004396,1
SKG_MT_1241,The RWTH Aachen University Machine Translation Systems for WMT 2019,MT,2019,SKG,0.9455690383911132,0
SKG_MT_970,Learning to Stop in Structured Prediction for Neural Machine Translation,MT,2019,SKG,0.9817448854446412,1
SKG_MT_987,Neural Machine Translation of Low-Resource and Similar Languages with Backtranslation,MT,2019,SKG,0.9335769414901732,0
SKG_MT_992,Dynamic Past and Future for Neural Machine Translation,MT,2019,SKG,0.9353097677230836,0
SKG_MT_998,Generating Diverse Translations with Sentence Codes,MT,2019,SKG,0.9393829107284546,0
SKG_SUM_51,Attribute-aware Sequence Network for Review Summarization,SUM,2019,SKG,0.9398590326309204,0
SKG_SUM_57,Concept Pointer Network for Abstractive Summarization,SUM,2019,SKG,0.9418963193893432,0
SKG_DIA_139,Personalizing Dialogue Agents via Meta-Learning,DIA,2019,SKG,0.9413226842880248,0
SKG_DIA_147,A Semi-Supervised Stable Variational Network for Promoting Replier-Consistency in Dialogue Generation,DIA,2019,SKG,0.9330106973648072,0
SKG_DIA_149,Learning a Matching Model with Co-teaching for Multi-turn Response Selection in Retrieval-based Dialogue Systems,DIA,2019,SKG,0.9376274347305298,0
SKG_DIA_150,Skeleton-to-Response Dialogue Generation Guided by Retrieval Memory,DIA,2019,SKG,0.9804288744926452,1
SKG_SA_587,Distinguishing Clinical Sentiment The Importance of Domain Adaptation in Psychiatric Patient Health Records,SA,2019,SKG,0.915845513343811,0
SKG_SA_598,LexicalAT Lexical-Based Adversarial Reinforcement Training for Robust Sentiment Classification,SA,2019,SKG,0.9350866079330444,0
SKG_SA_610,Syntax-Aware Aspect Level Sentiment Classification with Graph Attention Networks,SA,2019,SKG,0.9298498034477234,0
SKG_DIA_106,Representing Movie Characters in Dialogues,DIA,2019,SKG,0.9426005482673644,0
SKG_DIA_111,Implicit Discourse Relation Identification for Open-domain Dialogues,DIA,2019,SKG,0.9319809675216676,0
SKG_DIA_113,DialogueGCN A Graph Convolutional Neural Network for Emotion Recognition in Conversation,DIA,2019,SKG,0.9399513006210328,0
SKG_MT_1261,Unsupervised Paraphrasing without Translation,MT,2019,SKG,0.9360628128051758,0
SKG_MT_1267,Unsupervised Neural Machine Translation with Future Rewarding,MT,2019,SKG,0.9524520039558412,1
SKG_MT_1285,Saliency-driven Word Alignment Interpretation for Neural Machine Translation,MT,2019,SKG,0.9348573684692384,0
SKG_MT_951,Zero-Resource Neural Machine Translation with Monolingual Pivot Data,MT,2019,SKG,0.9307479858398438,0
SKG_MT_953,Towards Linear Time Neural Machine Translation with Capsule Networks,MT,2019,SKG,0.9264785647392272,0
SKG_MT_1234,"When a Good Translation is Wrong in Context Context-Aware Machine Translation Improves on Deixis, Ellipsis, and Lexical Cohesion",MT,2019,SKG,0.9411894083023072,0
SKG_DIA_168,Ordinal and Attribute Aware Response Generation in a Multimodal Dialogue System,DIA,2019,SKG,0.9409284591674804,0
SKG_SA_516,Rethinking Attribute Representation and Injection for Sentiment Classification,SA,2019,SKG,0.9379437565803528,0
SKG_MT_1296,Syntax-Enhanced Neural Machine Translation with Syntax-Aware Word Representations,MT,2019,SKG,0.9836074113845824,1
SKG_MT_1301,Simpler and Faster Learning of Adaptive Policies for Simultaneous Translation,MT,2019,SKG,0.9391237497329712,0
SKG_MT_896,NTT Neural Machine Translation Systems at WAT 2019,MT,2019,SKG,0.9332512021064758,0
SKG_MT_902,Massively Multilingual Neural Machine Translation,MT,2019,SKG,0.9831860661506652,1
SKG_MT_904,Multilingual Neural Machine Translation with Language Clustering,MT,2019,SKG,0.9282609820365906,0
SKG_MT_918,Naver Labs Europe’s Systems for the Document-Level Generation and Translation Task at WNGT 2019,MT,2019,SKG,0.9455330967903136,0
SKG_MT_921,NICT’s Unsupervised Neural and Statistical Machine Translation Systems for the WMT19 News Translation Task,MT,2019,SKG,0.9358401298522948,0
SKG_MT_933,Robust Neural Machine Translation with Joint Textual and Phonetic Embedding,MT,2019,SKG,0.9382977485656738,0
SKG_MT_935,UCSYNLP-Lab Machine Translation Systems for WAT 2019,MT,2019,SKG,0.9393509030342102,0
SKG_DIA_123,Goal-Embedded Dual Hierarchical Model for Task-Oriented Dialogue Generation,DIA,2019,SKG,0.9285281896591188,0
SKG_SA_555,Predicting Discourse Structure using Distant Supervision from Sentiment,SA,2019,SKG,0.9287111163139344,0
SKG_SA_576,A Multilingual BPE Embedding Space for Universal Sentiment Lexicon Induction,SA,2019,SKG,0.9351121783256532,0
SKG_SA_581,Tree Communication Models for Sentiment Analysis,SA,2019,SKG,0.9405527114868164,0
SKG_DIA_129,Dirichlet Latent Variable Hierarchical Recurrent Encoder-Decoder in Dialogue Generation,DIA,2019,SKG,0.9336376190185548,0
SKG_DIA_202,Dialogue Act Classification with Context-Aware Self-Attention,DIA,2019,SKG,0.946533977985382,0
SKG_MT_837,"ESPnet How2 Speech Translation System for IWSLT 2019 Pre-training, Knowledge Distillation, and Going Deeper",MT,2019,SKG,0.9438953399658204,0
SKG_MT_843,Incremental Domain Adaptation for Neural Machine Translation in Low-Resource Settings,MT,2019,SKG,0.943474292755127,0
SKG_MT_846,Unbabel’s Participation in the WMT19 Translation Quality Estimation Shared Task,MT,2019,SKG,0.9441577792167664,0
SKG_MT_852,Paraphrases as Foreign Languages in Multilingual Neural Machine Translation,MT,2019,SKG,0.9403520822525024,0
SKG_MT_856,Hint-Based Training for Non-Autoregressive Machine Translation,MT,2019,SKG,0.922677218914032,0
SKG_MT_857,Lexical Micro-adaptation for Neural Machine Translation,MT,2019,SKG,0.9494703412055968,1
SKG_MT_864,Baidu Neural Machine Translation Systems for WMT19,MT,2019,SKG,0.951357364654541,1
SKG_MT_871,The LIG system for the English-Czech Text Translation Task of IWSLT 2019,MT,2019,SKG,0.9346534609794616,0
SKG_MT_875,Overcoming the Rare Word Problem for low-resource language pairs in Neural Machine Translation,MT,2019,SKG,0.9506436586380004,1
SKG_MT_876,Domain Adaptation of Neural Machine Translation by Lexicon Induction,MT,2019,SKG,0.943467140197754,0
SKG_MT_883,Machine Translation for Machines the Sentiment Classification Use Case,MT,2019,SKG,0.9368280172348022,0
SKG_SA_541,Learning Explicit and Implicit Structures for Targeted Sentiment Analysis,SA,2019,SKG,0.947109043598175,0
SKG_SA_543,Context-aware Interactive Attention for Multi-modal Sentiment and Emotion Analysis,SA,2019,SKG,0.9214078783988952,0
SKG_SA_553,Utilizing BERT for Aspect-Based Sentiment Analysis via Constructing Auxiliary Sentence,SA,2019,SKG,0.9321542978286744,0
SKG_DIA_164,Retrieval-guided Dialogue Response Generation via a Matching-to-Generation Framework,DIA,2019,SKG,0.9213631749153136,0
SKG_SA_446,Subversive Toxicity Detection using Sentiment Information,SA,2019,SKG,0.9150816798210144,0
SKG_SA_455,Aspect-Level Sentiment Analysis Via Convolution over Dependency Tree,SA,2019,SKG,0.9363623857498168,0
SKG_MT_336,Exploiting Monolingual Data at Scale for Neural Machine Translation,MT,2019,SKG,0.9289580583572388,0
SKG_MT_508,Towards Understanding Neural Machine Translation with Word Importance,MT,2019,SKG,0.9255274534225464,0
SKG_MT_608,Unsupervised Pivot Translation for Distant Languages,MT,2019,SKG,0.9424607157707214,0
SKG_MT_1061,DBMS-KU Interpolation for WMT19 News Translation Task,MT,2019,SKG,0.9374902844429016,0
SKG_MT_1275,UCSMNLP Statistical Machine Translation for WAT 2019,MT,2019,SKG,0.9373914003372192,0
SKG_MT_830,End-to-end Speech Translation System Description of LIT for IWSLT 2019,MT,2019,SKG,0.9422755241394044,0
SKG_MT_1321,Simple and Effective Paraphrastic Similarity from Parallel Translations,MT,2019,SKG,0.9456954002380372,0
SKG_SA_521,Context-aware Embedding for Targeted Aspect-based Sentiment Analysis,SA,2019,SKG,0.9504373669624328,1
SKG_SA_525,De-Mixing Sentiment from Code-Mixed Text,SA,2019,SKG,0.9429548382759094,0
SKG_DIA_178,Using Customer Service Dialogues for Satisfaction Analysis with Context-Assisted Multiple Instance Learning,DIA,2019,SKG,0.9220420718193054,0
SKG_DIA_188,Automatically Learning Data Augmentation Policies for Dialogue Tasks,DIA,2019,SKG,0.9221235513687134,0
SKG_DIA_193,A Dual-Attention Hierarchical Recurrent Neural Network for Dialogue Act Classification,DIA,2019,SKG,0.9399080276489258,0
SKG_DIA_196,Enhancing Dialogue Symptom Diagnosis with Global Attention and Symptom Graph,DIA,2019,SKG,0.9118574857711792,0
SKG_DIA_200,LIDA Lightweight Interactive Dialogue Annotator,DIA,2019,SKG,0.9268390536308287,0
SKG_DIA_234,Budgeted Policy Learning for Task-Oriented Dialogue Systems,DIA,2019,SKG,0.9404265284538268,0
SKG_DIA_247,What You See is What You Get Visual Pronoun Coreference Resolution in Dialogues,DIA,2019,SKG,0.9198483228683472,0
SKG_DIA_257,Multi-task Learning for Natural Language Generation in Task-Oriented Dialogue,DIA,2019,SKG,0.9408658146858216,0
SKG_DIA_261,Multimodal Transformer Networks for End-to-End Video-Grounded Dialogue Systems,DIA,2019,SKG,0.9367319941520692,0
SKG_MT_783,Meteor++ 2.0 Adopt Syntactic Level Paraphrase Knowledge into Machine Translation Evaluation,MT,2019,SKG,0.9434944987297058,0
SKG_MT_1350,ON-TRAC Consortium End-to-End Speech Translation Systems for the IWSLT 2019 Shared Task,MT,2019,SKG,0.9180939793586732,0
SKG_MT_1357,Better OOV Translation with Bilingual Terminology Mining,MT,2019,SKG,0.9409836530685424,0
SKG_MT_1358,Generalizing Back-Translation in Neural Machine Translation,MT,2019,SKG,0.9341999292373656,0
SKG_MT_1371,Retrieving Sequential Information for Non-Autoregressive Neural Machine Translation,MT,2019,SKG,0.9449119567871094,0
SKG_MT_792,Target Conditioned Sampling Optimizing Data Selection for Multilingual Neural Machine Translation,MT,2019,SKG,0.9458816647529602,0
SKG_MT_804,Soft Contextual Data Augmentation for Neural Machine Translation,MT,2019,SKG,0.9477778673171996,1
SKG_MT_808,Neural Machine Translation for English–Kazakh with Morphological Segmentation and Synthetic Data,MT,2019,SKG,0.9358874559402466,0
SKG_DIA_203,Linguistically-Informed Specificity and Semantic Plausibility for Dialogue Generation,DIA,2019,SKG,0.98133647441864,1
SKG_SA_479,Multi-Channel Convolutional Neural Network for Twitter Emotion and Sentiment Recognition,SA,2019,SKG,0.981286346912384,1
SKG_DIA_225,Zero-shot Cross-lingual Dialogue Systems with Transferable Latent Variables,DIA,2019,SKG,0.9450071454048156,0
SKG_DIA_227,GECOR An End-to-End Generative Ellipsis and Co-reference Resolution Model for Task-Oriented Dialogue,DIA,2019,SKG,0.942923665046692,0
SKG_SA_436,Latent Variable Sentiment Grammar,SA,2019,SKG,0.9370406866073608,0
SKG_SA_440,BERT Post-Training for Review Reading Comprehension and Aspect-based Sentiment Analysis,SA,2019,SKG,0.9363883137702942,0
SKG_SA_444,Learning Bilingual Sentiment-Specific Word Embeddings without Cross-lingual Supervision,SA,2019,SKG,0.9817517995834352,1
SKG_DIA_276,Scalable and Accurate Dialogue State Tracking via Hierarchical Sequence Generation,DIA,2019,SKG,0.9273080825805664,0
SKG_DIA_277,Sampling Matters! An Empirical Study of Negative Sampling Strategies for Learning of Matching Models in Retrieval-based Dialogue Systems,DIA,2019,SKG,0.934589684009552,0
SKG_DIA_279,Adaptive Parameterization for Neural Dialogue Generation,DIA,2019,SKG,0.9370835423469543,0
SKG_DIA_282,Reading Turn by Turn Hierarchical Attention Architecture for Spoken Dialogue Comprehension,DIA,2019,SKG,0.9442410469055176,0
SKG_DIA_284,One Time of Interaction May Not Be Enough Go Deep with an Interaction-over-Interaction Network for Response Selection in Dialogues,DIA,2019,SKG,0.9353887438774108,0
SKG_MT_765,Look Harder A Neural Machine Translation Model with Hard Attention,MT,2019,SKG,0.957821488380432,1
SKG_MT_1374,Simple and Effective Noisy Channel Modeling for Neural Machine Translation,MT,2019,SKG,0.946532428264618,0
SKG_MT_1389,Machine Translation With Weakly Paired Documents,MT,2019,SKG,0.9324764013290404,0
SKG_MT_1397,Widening the Representation Bottleneck in Neural Machine Translation with Lexical Shortcuts,MT,2019,SKG,0.9406231641769408,0
SKG_MT_1398,Robust Neural Machine Translation with Doubly Adversarial Inputs,MT,2019,SKG,0.9376935958862304,0
SKG_MT_773,Multi-agent Learning for Neural Machine Translation,MT,2019,SKG,0.9466779828071594,0
SKG_MT_780,The University of Helsinki Submissions to the WMT19 Similar Language Translation Task,MT,2019,SKG,0.9383462071418762,0
SKG_SA_464,Variational Semi-Supervised Aspect-Term Sentiment Analysis via Transformer,SA,2019,SKG,0.9478541612625122,1
SKG_DIA_304,Conversation Model Fine-Tuning for Classifying Client Utterances in Counseling Dialogues,DIA,2019,SKG,0.9407663345336914,0
SKG_DIA_308,Self-Supervised Dialogue Learning,DIA,2019,SKG,0.9452301859855652,0
SKG_DIA_313,PolyResponse A Rank-based Approach to Task-Oriented Dialogue with Application in Restaurant Search and Booking,DIA,2019,SKG,0.9242612719535828,0
SKG_MT_1404,Learning to Generate Word- and Phrase-Embeddings for Efficient Phrase-Based Neural Machine Translation,MT,2019,SKG,0.9475471377372742,1
SKG_MT_1405,NICT’s Machine Translation Systems for the WMT19 Similar Language Translation Task,MT,2019,SKG,0.943860650062561,0
SKG_MT_1418,Monash University’s Submissions to the WNGT 2019 Document Translation Task,MT,2019,SKG,0.931922733783722,0
SKG_MT_1419,UCSMNLP Statistical Machine Translation for WAT 2019,MT,2019,SKG,0.9373912811279296,0
SKG_MT_1420,Adapting Multilingual Neural Machine Translation to Unseen Languages,MT,2019,SKG,0.9500338435173036,1
SKG_MT_1422,Unsupervised Question Answering by Cloze Translation,MT,2019,SKG,0.9439979791641236,0
SKG_MT_750,Word-based Domain Adaptation for Neural Machine Translation,MT,2019,SKG,0.9414006471633912,0
SKG_MT_751,Exploiting Multilingualism through Multistage Fine-Tuning for Low-Resource Neural Machine Translation,MT,2019,SKG,0.917375385761261,0
SKG_MT_756,Breaking the Data Barrier Towards Robust Speech Translation via Adversarial Stability Training,MT,2019,SKG,0.9399067163467408,0
SKG_MT_761,Multi-agent Learning for Neural Machine Translation,MT,2019,SKG,0.9466779828071594,0
SKG_DIA_266,Transferable Multi-Domain State Generator for Task-Oriented Dialogue Systems,DIA,2019,SKG,0.9329136610031128,0
SKG_DIA_268,Recommendation as a Communication Game Self-Supervised Bot-Play for Goal-oriented Dialogue,DIA,2019,SKG,0.9383098483085632,0
SKG_DIA_271,Improving Dialogue State Tracking by Discerning the Relevant Context,DIA,2019,SKG,0.9786235094070436,1
SKG_DIA_318,Evaluating Coherence in Dialogue Systems using Entailment,DIA,2019,SKG,0.939444065093994,0
SKG_SA_357,An Interactive Multi-Task Learning Network for End-to-End Aspect-Based Sentiment Analysis,SA,2019,SKG,0.7609573602676392,0
SKG_SA_376,Leveraging Structural and Semantic Correspondence for Attribute-Oriented Aspect Sentiment Discovery,SA,2019,SKG,0.922171413898468,0
SKG_SA_378,Machine Translation for Machines the Sentiment Classification Use Case,SA,2019,SKG,0.9368280172348022,0
SKG_SA_383,A Novel Aspect-Guided Deep Transition Model for Aspect Based Sentiment Analysis,SA,2019,SKG,0.94260436296463,0
SKG_MT_1445,Improving Mongolian-Chinese Neural Machine Translation with Morphological Noise,MT,2019,SKG,0.9369076490402222,0
SKG_MT_683,Findings of the First Shared Task on Machine Translation Robustness,MT,2019,SKG,0.9407711029052734,0
SKG_MT_687,Hierarchical Modeling of Global Context for Document-Level Neural Machine Translation,MT,2019,SKG,0.9377107620239258,0
SKG_MT_690,English-Myanmar Supervised and Unsupervised NMT NICT’s Machine Translation Systems at WAT-2019,MT,2019,SKG,0.9406335949897766,0
SKG_MT_696,Exploring Phoneme-Level Speech Representations for End-to-End Speech Translation,MT,2019,SKG,0.9419373273849488,0
SKG_MT_702,On the Word Alignment from Neural Machine Translation,MT,2019,SKG,0.9323318600654602,0
SKG_MT_703,The LMU Munich Unsupervised Machine Translation System for WMT19,MT,2019,SKG,0.9372583627700806,0
SKG_MT_721,Facebook FAIR’s WMT19 News Translation Task Submission,MT,2019,SKG,0.9491467475891112,1
SKG_SA_392,Improved Sentiment Detection via Label Transfer from Monolingual to Synthetic Code-Switched Text,SA,2019,SKG,0.938720405101776,0
SKG_SA_394,Aspect-based Sentiment Classification with Aspect-specific Graph Convolutional Networks,SA,2019,SKG,0.921959400177002,0
SKG_SA_399,Transfer Capsule Network for Aspect Level Sentiment Classification,SA,2019,SKG,0.9452850222587584,0
SKG_SA_300,Syntax-Ignorant N-gram Embeddings for Sentiment Analysis of Arabic Dialects,SA,2019,SKG,0.9297761917114258,0
SKG_SA_302,Learning with Noisy Labels for Sentence-level Sentiment Classification,SA,2019,SKG,0.9247814416885376,0
SKG_SA_303,Keep Calm and Switch On! Preserving Sentiment and Fluency in Semantic Text Exchange,SA,2019,SKG,0.9139803647994996,0
SKG_SA_328,Combining Sentiment Lexica with a Multi-View Variational Autoencoder,SA,2019,SKG,0.9317572712898254,0
SKG_SA_337,Domain-Invariant Feature Distillation for Cross-Domain Sentiment Classification,SA,2019,SKG,0.9423440098762512,0
SKG_SA_348,Adversarial Attack on Sentiment Classification,SA,2019,SKG,0.9289849996566772,0
SKG_SA_297,Open-Domain Targeted Sentiment Analysis via Span-Based Extraction and Classification,SA,2019,SKG,0.9483162760734558,1
SKG_MT_1469,"Simple, Scalable Adaptation for Neural Machine Translation",MT,2019,SKG,0.9298946261405944,0
SKG_MT_618,Multi-Granularity Self-Attention for Neural Machine Translation,MT,2019,SKG,0.9291804432868958,0
SKG_MT_621,Robust Neural Machine Translation for Clean and Noisy Speech Transcripts,MT,2019,SKG,0.9410972595214844,0
SKG_MT_626,Exploiting Sentential Context for Neural Machine Translation,MT,2019,SKG,0.9468164443969728,0
SKG_MT_640,Improving Domain Adaptation Translation with Domain Invariant and Specific Information,MT,2019,SKG,0.9825280904769896,1
SKG_MT_649,Generalized Data Augmentation for Low-Resource Translation,MT,2019,SKG,0.9469277262687684,0
SKG_MT_654,Improving Robustness of Machine Translation with Synthetic Noise,MT,2019,SKG,0.978868305683136,1
SKG_MT_655,Incorporating Word and Subword Units in Unsupervised Machine Translation Using Language Model Rescoring,MT,2019,SKG,0.947496771812439,1
SKG_MT_674,Differentiable Sampling with Flexible Reference Word Order for Neural Machine Translation,MT,2019,SKG,0.9839297533035278,1
SKG_SA_208,Learning to Detect Opinion Snippet for Aspect-Based Sentiment Analysis,SA,2019,SKG,0.9513404965400696,1
SKG_SA_216,An Investigation of Transfer Learning-Based Sentiment Analysis in Japanese,SA,2019,SKG,0.951618492603302,1
SKG_SA_218,Towards a Unified End-to-End Approach for Fully Unsupervised Cross-Lingual Sentiment Analysis,SA,2019,SKG,0.9422906041145324,0
SKG_SA_200,A Challenge Dataset and Effective Models for Aspect-Based Sentiment Analysis,SA,2019,SKG,0.9315217137336732,0
SKG_SA_271,DeepSentiPeer Harnessing Sentiment in Review Texts to Recommend Peer Review Decisions,SA,2019,SKG,0.9227123260498048,0
SKG_SA_272,Exploiting BERT for End-to-End Aspect-based Sentiment Analysis,SA,2019,SKG,0.9361294507980348,0
SKG_SA_279,Shallow Domain Adaptive Embeddings for Sentiment Analysis,SA,2019,SKG,0.9471510648727416,0
SKG_SA_294,Multi-Task Stance Detection with Sentiment and Stance Lexicons,SA,2019,SKG,0.91569983959198,0
SKG_SA_236,Progressive Self-Supervised Attention Learning for Aspect-Level Sentiment Analysis,SA,2019,SKG,0.928326427936554,0
SKG_SA_267,Learning to Control the Fine-grained Sentiment for Story Ending Generation,SA,2019,SKG,0.9376059770584106,0
SKG_MT_597,Shared-Private Bilingual Word Embeddings for Neural Machine Translation,MT,2019,SKG,0.951637089252472,1
SKG_MT_602,Recurrent Positional Embedding for Neural Machine Translation,MT,2019,SKG,0.9186558723449708,0
SKG_MT_609,Domain Differential Adaptation for Neural Machine Translation,MT,2019,SKG,0.9474915266036988,1
SKG_MT_616,Code-Switching for Enhancing NMT with Pre-Specified Translation,MT,2019,SKG,0.9355652928352356,0
SKG_MT_1463,Selective Attention for Context-aware Neural Machine Translation,MT,2019,SKG,0.9487754702568054,1
SKG_MT_1465,Multimodal Machine Translation with Embedding Prediction,MT,2019,SKG,0.973831295967102,1
SKG_SUM_210,Neural Extractive Text Summarization with Syntactic Compression,SUM,2019,SKG,0.93409264087677,0
SKG_SA_92,A Variational Approach to Weakly Supervised Document-Level Multi-Aspect Sentiment Classification,SA,2019,SKG,0.9437468647956848,0
SKG_SA_38,Transferable End-to-End Aspect-based Sentiment Analysis with Selective Adversarial Learning,SA,2019,SKG,0.9478005170822144,1
SKG_SA_39,Aspect Sentiment Classification Towards Question-Answering with Reinforced Bidirectional Attention Network,SA,2019,SKG,0.9306631088256836,0
SKG_SA_49,CAN Constrained Attention Networks for Multi-Aspect Sentiment Analysis,SA,2019,SKG,0.931323230266571,0
SKG_SA_134,Specificity-Driven Cascading Approach for Unsupervised Sentiment Modification,SA,2019,SKG,0.9305078387260436,0
SKG_SA_139,Sentiment Classification Using Document Embeddings Trained with Cosine Similarity,SA,2019,SKG,0.928575873374939,0
SKG_SA_141,Attention and Lexicon Regularized LSTM for Aspect-based Sentiment Analysis,SA,2019,SKG,0.9433076977729796,0
SKG_SA_147,Sentiment Tagging with Partial Labels using Modular Architectures,SA,2019,SKG,0.9329611659049988,0
SKG_SA_159,"An Ensemble of Humour, Sarcasm, and Hate Speechfor Sentiment Classification in Online Reviews",SA,2019,SKG,0.9368165135383606,0
SKG_SA_101,Towards Fine-grained Text Sentiment Transfer,SA,2019,SKG,0.946116268634796,0
SKG_SA_189,Mazajak An Online Arabic Sentiment Analyser,SA,2019,SKG,0.9392245411872864,0
SKG_PAR_25,JBNU at MRP 2019 Multi-level Biaffine Attention for Semantic Dependency Parsing,PAR,2019,SKG,0.9445846676826476,0
SKG_MT_570,Findings of the WMT 2019 Biomedical Translation Shared Task Evaluation for MEDLINE Abstracts and Biomedical Terminologies,MT,2019,SKG,0.9417577981948853,0
SKG_MT_577,Utilizing Monolingual Data in NMT for Similar Languages Submission to Similar Language Translation Task,MT,2019,SKG,0.946174144744873,0
SKG_MT_580,Neural Machine Translation Hindi-Nepali,MT,2019,SKG,0.9331437349319458,0
SKG_MT_522,Syntactically Supervised Transformers for Faster Neural Machine Translation,MT,2019,SKG,0.9293092489242554,0
SKG_MT_539,Facebook FAIR’s WMT19 News Translation Task Submission,MT,2019,SKG,0.9491467475891112,1
SKG_MT_544,A High-Quality Multilingual Dataset for Structured Documentation Translation,MT,2019,SKG,0.9483203887939452,1
SKG_MT_548,Iterative Dual Domain Adaptation for Neural Machine Translation,MT,2019,SKG,0.9309028387069702,0
SKG_MT_552,Unsupervised Extraction of Partial Translations for Neural Machine Translation,MT,2019,SKG,0.98148375749588,1
SKG_MT_556,Latent Variable Model for Multi-modal Translation,MT,2019,SKG,0.9417287707328796,0
SKG_MT_561,Facebook AI’s WAT19 Myanmar-English Translation Task Submission,MT,2019,SKG,0.950547993183136,1
SKG_MT_562,Improving Back-Translation with Uncertainty-based Confidence Estimation,MT,2019,SKG,0.9297504425048828,0
SKG_SA_11,A Challenge Dataset and Effective Models for Aspect-Based Sentiment Analysis,SA,2019,SKG,0.9315217137336732,0
SKG_SA_15,Adversarial Category Alignment Network for Cross-domain Sentiment Classification,SA,2019,SKG,0.982094407081604,1
SKG_SA_27,Capsule Network with Interactive Attention for Aspect-Level Sentiment Classification,SA,2019,SKG,0.9326540231704712,0
SKG_SA_35,Assessing the Efficacy of Clinical Sentiment Analysis and Topic Extraction in Psychiatric Readmission Risk Prediction,SA,2019,SKG,0.9106721878051758,0
SKG_SUM_200,BiSET Bi-directional Selective Encoding with Template for Abstractive Summarization,SUM,2019,SKG,0.946813464164734,0
SKG_SUM_201,Pretraining-Based Natural Language Generation for Text Summarization,SUM,2019,SKG,0.9375209808349608,0
SKG_SUM_202,Keep Meeting Summaries on Topic Abstractive Multi-Modal Meeting Summarization,SUM,2019,SKG,0.9436197280883788,0
SKG_SUM_207,Global Optimization under Length Constraint for Neural Text Summarization,SUM,2019,SKG,0.9317450523376464,0
SKG_QA_466,Episodic Memory Reader Learning What to Remember for Question Answering from Streaming Data,QA,2019,SKG,0.943354308605194,0
SKG_QA_473,Cross-Lingual Training for Automatic Question Generation,QA,2019,SKG,0.9424479603767396,0
SKG_QA_475,Unsupervised Question Answering by Cloze Translation,QA,2019,SKG,0.9439979791641236,0
SKG_QA_481,Question Answering by Reasoning Across Documents with Graph Convolutional Networks,QA,2019,SKG,0.9508288502693176,1
SKG_QA_482,Neural Arabic Question Answering,QA,2019,SKG,0.9372507333755492,0
SKG_QA_484,Curio SmartChat  A system for Natural Language Question Answering for Self-Paced K-12 Learning,QA,2019,SKG,0.9195083379745485,0
SKG_QA_489,Repurposing Entailment for Multi-Hop Question Answering Tasks,QA,2019,SKG,0.976138949394226,1
SKG_QA_447,Decoupled Box Proposal and Featurization with Ultrafine-Grained Semantic Labels Improve Image Captioning and Visual Question Answering,QA,2019,SKG,0.9023401141166688,0
SKG_SA_0,Investigating Dynamic Routing in Tree-Structured LSTM for Sentiment Analysis,SA,2019,SKG,0.9359347224235536,0
SKG_SUM_213,Answers Unite! Unsupervised Metrics for Reinforced Summarization Models,SUM,2019,SKG,0.9275212287902832,0
SKG_SUM_220,Cross-Task Knowledge Transfer for Query-Based Text Summarization,SUM,2019,SKG,0.9464888572692872,0
SKG_PAR_77,Amazon at MRP 2019 Parsing Meaning Representations with Lexical and Phrasal Anchoring,PAR,2019,SKG,0.9410937428474426,0
SKG_MT_501,Distilling Translations with Visual Awareness,MT,2019,SKG,0.9411163330078124,0
SKG_MT_506,A Multi-Task Architecture on Relevance-based Neural Query Translation,MT,2019,SKG,0.9504092335700988,1
SKG_MT_511,Overcoming Catastrophic Forgetting During Domain Adaptation of Neural Machine Translation,MT,2019,SKG,0.9230515360832214,0
SKG_MT_519,Learning to Navigate Unseen Environments Back Translation with Environmental Dropout,MT,2019,SKG,0.9835442304611206,1
SKG_QA_359,Generating Question Relevant Captions to Aid Visual Question Answering,QA,2019,SKG,0.9470958709716796,0
SKG_QA_361,Improving Question Answering with External Knowledge,QA,2019,SKG,0.9355289340019226,0
SKG_QA_396,Multi-step Entity-centric Information Retrieval for Multi-Hop Question Answering,QA,2019,SKG,0.9234503507614136,0
SKG_QA_397,What’s Missing A Knowledge Gap Guided Approach for Multi-hop Question Answering,QA,2019,SKG,0.9260274767875672,0
SKG_QA_401,Multi-View Domain Adapted Sentence Embeddings for Low-Resource Unsupervised Duplicate Question Detection,QA,2019,SKG,0.9167509078979492,0
SKG_QA_440,Psycholinguistics Meets Continual Learning Measuring Catastrophic Forgetting in Visual Question Answering,QA,2019,SKG,0.9192619323730468,0
SKG_MT_439,Transformer-based Cascaded Multimodal Speech Translation,MT,2019,SKG,0.923442542552948,0
SKG_MT_444,One Model to Learn Both Zero Pronoun Prediction and Translation,MT,2019,SKG,0.920646071434021,0
SKG_MT_454,On the Relation between Position Information and Sentence Length in Neural Machine Translation,MT,2019,SKG,0.9483381509780884,1
SKG_MT_470,How Transformer Revitalizes Character-based Neural Machine Translation An Investigation on Japanese-Vietnamese Translation Systems,MT,2019,SKG,0.9395980834960938,0
SKG_MT_482,Attention over Heads A Multi-Hop Attention for Neural Machine Translation,MT,2019,SKG,0.9577167630195618,1
SKG_MT_485,Controlling the Output Length of Neural Machine Translation,MT,2019,SKG,0.9380051493644714,0
SKG_QA_449,Multi-passage BERT A Globally Normalized BERT Model for Open-domain Question Answering,QA,2019,SKG,0.9388412237167358,0
SKG_QA_452,Let Me Know What to Ask Interrogative-Word-Aware Question Generation,QA,2019,SKG,0.938730537891388,0
SKG_QA_454,Neural Duplicate Question Detection without Labeled Training Data,QA,2019,SKG,0.9077482223510742,0
SKG_QA_457,XQA A Cross-lingual Open-domain Question Answering Dataset,QA,2019,SKG,0.944711208343506,0
SKG_QA_333,Latent Retrieval for Weakly Supervised Open Domain Question Answering,QA,2019,SKG,0.9375759363174438,0
SKG_QA_310,Ranking and Sampling in Open-Domain Question Answering,QA,2019,SKG,0.9295873641967772,0
SKG_QA_311,Answer-based Adversarial Training for Generating Clarification Questions,QA,2019,SKG,0.9362574815750122,0
SKG_QA_314,Simple yet Effective Bridge Reasoning for Open-Domain Multi-Hop Question Answering,QA,2019,SKG,0.9464067220687866,0
SKG_QA_362,Textbook Question Answering with Multi-modal Context Graph Understanding and Self-supervised Open-set Comprehension,QA,2019,SKG,0.9396560788154602,0
SKG_QA_365,Improving Generative Visual Dialog by Answering Diverse Questions,QA,2019,SKG,0.9269683957099916,0
SKG_QA_370,NL2pSQL Generating Pseudo-SQL Queries from Under-Specified Natural Language Questions,QA,2019,SKG,0.9199556112289428,0
SKG_QA_371,Towards Answer-unaware Conversational Question Generation,QA,2019,SKG,0.9315139651298524,0
SKG_MT_411,Analysis of Positional Encodings for Neural Machine Translation,MT,2019,SKG,0.9360068440437316,0
SKG_MT_414,The IWSLT 2019 KIT Speech Translation System,MT,2019,SKG,0.9367719888687134,0
SKG_MT_419,Improving Zero-shot Translation with Language-Independent Constraints,MT,2019,SKG,0.9454318881034852,0
SKG_MT_424,Customizing Neural Machine Translation for Subtitling,MT,2019,SKG,0.9432918429374696,0
SKG_PAR_101,SJTU-NICT at MRP 2019 Multi-Task Learning for End-to-End Uniform Semantic Graph Parsing,PAR,2019,SKG,0.9453161358833312,0
SKG_QA_403,RankQA Neural Question Answering with Answer Re-Ranking,QA,2019,SKG,0.9333399534225464,0
SKG_QA_386,Learning When Not to Answer a Ternary Reward Structure for Reinforcement Learning Based Question Answering,QA,2019,SKG,0.9366174936294556,0
SKG_QA_387,Multi-grained Attention with Object-level Grounding for Visual Question Answering,QA,2019,SKG,0.9437797665596008,0
SKG_QA_291,A Recurrent BERT-based Model for Question Generation,QA,2019,SKG,0.9445440173149108,0
SKG_QA_292,Guiding Extractive Summarization with Question-Answering Rewards,QA,2019,SKG,0.979491412639618,1
SKG_QA_299,Memory Graph Networks for Explainable Memory-grounded Question Answering,QA,2019,SKG,0.9402816891670228,0
SKG_QA_306,BAG Bi-directional Attention Entity Graph Convolutional Network for Multi-hop Reasoning Question Answering,QA,2019,SKG,0.9473118782043456,0
SKG_QA_259,Generalizing Question Answering System with Pre-trained Language Model Fine-tuning,QA,2019,SKG,0.9525531530380248,1
SKG_QA_260,Improving Visual Question Answering by Referring to Generated Paragraph Captions,QA,2019,SKG,0.9432077407836914,0
SKG_QA_262,Addressing Semantic Drift in Question Generation for Semi-Supervised Question Answering,QA,2019,SKG,0.929179310798645,0
SKG_QA_319,Large Scale Question Paraphrase Retrieval with Smoothed Deep Metric Learning,QA,2019,SKG,0.9488072395324708,1
SKG_QA_329,MICRON Multigranular Interaction for Contextualizing RepresentatiON in Non-factoid Question Answering,QA,2019,SKG,0.9231091737747192,0
SKG_QA_330,ParaQG A System for Generating Questions and Answers from Paragraphs,QA,2019,SKG,0.933230996131897,0
SKG_PAR_174,Dependency Parsing with your Eyes Dependency Structure Predicts Eye Regressions During Reading,PAR,2019,SKG,0.8107572793960571,0
SKG_MT_334,Recycling a Pre-trained BERT Encoder for Neural Machine Translation,MT,2019,SKG,0.9392147064208984,0
SKG_MT_347,EED Extended Edit Distance Measure for Machine Translation,MT,2019,SKG,0.9201968908309937,0
SKG_MT_353,Online Distilling from Checkpoints for Neural Machine Translation,MT,2019,SKG,0.9809134602546692,1
SKG_MT_366,Neural Machine Translation of Text from Non-Native Speakers,MT,2019,SKG,0.9394553899765016,0
SKG_MT_367,Supervised and Unsupervised Machine Translation for Myanmar-English and Khmer-English,MT,2019,SKG,0.9469062089920044,0
SKG_QA_267,Multi-hop Reading Comprehension through Question Decomposition and Rescoring,QA,2019,SKG,0.9398242831230164,0
SKG_QA_275,Leveraging Frequent Query Substructures to Generate Formal Queries for Complex Question Answering,QA,2019,SKG,0.9418963193893432,0
SKG_MT_20,Findings of the Third Workshop on Neural Generation and Translation,MT,2019,SKG,0.9269554018974304,0
SKG_MT_30,The FLORES Evaluation Datasets for Low-Resource Machine Translation Nepali–English and Sinhala–English,MT,2019,SKG,0.9337581396102904,0
SKG_MT_34,The Challenges of Optimizing Machine Translation for Low Resource Cross-Language Information Retrieval,MT,2019,SKG,0.9301128387451172,0
SKG_MT_35,From Research to Production and Back Ludicrously Fast Neural Machine Translation,MT,2019,SKG,0.9353229403495787,0
SKG_MT_271,Encoders Help You Disambiguate Word Senses in Neural Machine Translation,MT,2019,SKG,0.9457899332046508,0
SKG_MT_276,On Using SpecAugment for End-to-End Speech Translation,MT,2019,SKG,0.9361168146133424,0
SKG_MT_292,Generic and Specialized Word Embeddings for Multi-Domain Machine Translation,MT,2019,SKG,0.946742057800293,0
SKG_MT_298,Enhancing Context Modeling with a Query-Guided Capsule Network for Document-level Translation,MT,2019,SKG,0.9308093786239624,0
SKG_MT_303,Reducing Word Omission Errors in Neural Machine Translation A Contrastive Learning Approach,MT,2019,SKG,0.9524941444396972,1
SKG_MT_307,NICT’s Supervised Neural Machine Translation Systems for the WMT19 Translation Robustness Task,MT,2019,SKG,0.9394322633743286,0
SKG_MT_322,English to Hindi Multi-modal Neural Machine Translation and Hindi Image Captioning,MT,2019,SKG,0.926024615764618,0
SKG_MT_328,Neural Machine Translation System using a Content-equivalently Translated Parallel Corpus for the Newswire Translation Tasks at WAT 2019,MT,2019,SKG,0.9398599863052368,0
SKG_MT_19,The University of Sydney’s Machine Translation System for WMT19,MT,2019,SKG,0.944805920124054,0
SKG_QA_284,Improving the Robustness of Question Answering Systems to Question Paraphrasing,QA,2019,SKG,0.9256993532180786,0
SKG_QA_221,Faithful Multimodal Explanation for Visual Question Answering,QA,2019,SKG,0.9289510846138,0
SKG_QA_231,Answer-guided and Semantic Coherent Question Generation in Open-domain Conversation,QA,2019,SKG,0.9400477409362792,0
SKG_MT_70,Learning Deep Transformer Models for Machine Translation,MT,2019,SKG,0.9416748881340028,0
SKG_MT_73,Quality Estimation and Translation Metrics via Pre-trained Word and Sentence Embeddings,MT,2019,SKG,0.9304546117782592,0
SKG_QA_249,Putting the Horse before the Cart A Generator-Evaluator Framework for Question Generation from Text,QA,2019,SKG,0.9428885579109192,0
SKG_QA_252,Learning to Ask Unanswerable Questions for Machine Reading Comprehension,QA,2019,SKG,0.943239688873291,0
SKG_QA_257,Learning to Attend On Essential Terms An Enhanced Retriever-Reader Model for Open-domain Question Answering,QA,2019,SKG,0.9835554361343384,1
SKG_MT_43,ReWE Regressing Word Embeddings for Regularization of Neural Machine Translation Systems,MT,2019,SKG,0.9498960375785828,1
SKG_MT_50,Speculative Beam Search for Simultaneous Translation,MT,2019,SKG,0.938143253326416,0
SKG_MT_60,A Hybrid Morpheme-Word Representation for Machine Translation of Morphologically Rich Languages,MT,2019,SKG,0.9558637738227844,1
SKG_MT_67,IITP-MT System for Gujarati-English News Translation Task at WMT 2019,MT,2019,SKG,0.936043918132782,0
SKG_MT_253,WMDO Fluency-based Word Mover’s Distance for Machine Translation Evaluation,MT,2019,SKG,0.9326780438423156,0
SKG_MT_261,Neural Machine Translation with Reordering Embeddings,MT,2019,SKG,0.9500888586044312,1
SKG_MT_263,"Selecting, Planning, and Rewriting A Modular Approach for Data-to-Document Generation and Translation",MT,2019,SKG,0.5704745054244995,0
SKG_QA_263,Generating a Common Question from Multiple Documents using Multi-source Encoder-Decoder Models,QA,2019,SKG,0.9408286809921264,0
SKG_QA_265,Compositional Questions Do Not Necessitate Multi-hop Reasoning,QA,2019,SKG,0.9374240636825562,0
SKG_MT_125,Improving Neural Machine Translation with Neural Syntactic Distance,MT,2019,SKG,0.9735038876533508,1
SKG_MT_128,GTCOM Neural Machine Translation Systems for WMT19,MT,2019,SKG,0.9371567964553832,0
SKG_MT_130,Unsupervised Bilingual Word Embedding Agreement for Unsupervised Neural Machine Translation,MT,2019,SKG,0.94740092754364,1
SKG_QA_186,Multi-Task Learning with Language Modeling for Question Generation,QA,2019,SKG,0.9382286071777344,0
SKG_QA_187,Reversing Gradients in Adversarial Domain Adaptation for Question Deduplication and Textual Entailment Tasks,QA,2019,SKG,0.9352256059646606,0
SKG_QA_194,Evaluating Rewards for Question Generation Models,QA,2019,SKG,0.9794809222221376,1
SKG_QA_204,Fusion of Detected Objects in Text for Visual Question Answering,QA,2019,SKG,0.9370376467704772,0
SKG_QA_206,Complex Question Decomposition for Semantic Parsing,QA,2019,SKG,0.9150937795639038,0
SKG_MT_90,Depth Growing for Neural Machine Translation,MT,2019,SKG,0.9490181803703308,1
SKG_MT_98,Controlling Japanese Honorifics in English-to-Japanese Neural Machine Translation,MT,2019,SKG,0.92355477809906,0
SKG_MT_101,An Evaluation of Language-Agnostic Inner-Attention-Based Representations in Machine Translation,MT,2019,SKG,0.9427650570869446,0
SKG_MT_106,Probing the Need for Visual Context in Multimodal Machine Translation,MT,2019,SKG,0.9323573112487792,0
SKG_QA_147,Multi-Task Learning for Conversational Question Answering over a Large-Scale Knowledge Base,QA,2019,SKG,0.9268792271614076,0
SKG_MT_68,Combining Local and Document-Level Context The LMU Munich Neural Machine Translation System at WMT19,MT,2019,SKG,0.9481401443481444,1
SKG_QA_209,"Extract, Transform and Filling A Pipeline Model for Question Paraphrasing based on Template",QA,2019,SKG,0.9445264935493468,0
SKG_QA_218,Improving Question Generation With to the Point Context,QA,2019,SKG,0.922599196434021,0
SKG_QA_99,Real-Time Open-Domain Question Answering with Dense-Sparse Phrase Index,QA,2019,SKG,0.941846489906311,0
SKG_QA_100,Incorporating External Knowledge into Machine Reading for Generative Question Answering,QA,2019,SKG,0.9325097799301147,0
SKG_QA_102,NLProlog Reasoning with Weak Unification for Question Answering in Natural Language,QA,2019,SKG,0.9469510912895204,0
SKG_QA_109,Asking Clarification Questions in Knowledge-Based Question Answering,QA,2019,SKG,0.9401911497116088,0
SKG_QA_115,Learning Representation Mapping for Relation Detection in Knowledge Base Question Answering,QA,2019,SKG,0.9455924034118652,0
SKG_QA_68,Question Answering as an Automatic Evaluation Metric for News Article Summarization,QA,2019,SKG,0.9822511672973632,1
SKG_QA_123,Answering Complex Open-domain Questions Through Iterative Query Generation,QA,2019,SKG,0.9369550943374634,0
SKG_QA_138,PubMedQA A Dataset for Biomedical Research Question Answering,QA,2019,SKG,0.9398454427719116,0
SKG_QA_139,Open Information Extraction from Question-Answer Pairs,QA,2019,SKG,0.979402720928192,1
SKG_MT_134,Explicit Cross-lingual Pre-training for Unsupervised Machine Translation,MT,2019,SKG,0.923208236694336,0
SKG_MT_142,IMaT Unsupervised Text Attribute Transfer via Iterative Matching and Translation,MT,2019,SKG,0.9392779469490052,0
SKG_MT_154,Non-Parametric Adaptation for Neural Machine Translation,MT,2019,SKG,0.9464259147644044,0
SKG_QA_153,Multi-Hop Paragraph Retrieval for Open-Domain Question Answering,QA,2019,SKG,0.9429521560668944,0
SKG_QA_160,Simple Question Answering with Subgraph Ranking and Joint-Scoring,QA,2019,SKG,0.9306207895278932,0
SKG_MT_111,Revisiting Adversarial Autoencoder for Unsupervised Word Translation with Cycle Consistency and Improved Training,MT,2019,SKG,0.9826110005378724,1
SKG_MT_113,Revisiting Low-Resource Neural Machine Translation A Case Study,MT,2019,SKG,0.9468711614608764,0
SKG_MT_202,On the use of BERT for Neural Machine Translation,MT,2019,SKG,0.9430424571037292,0
SKG_QA_11,Quick and (not so) Dirty Unsupervised Selection of Justification Sentences for Multi-hop Question Answering,QA,2019,SKG,0.9332959055900574,0
SKG_QA_19,Improving Question Answering over Incomplete KBs with Knowledge-Aware Reader,QA,2019,SKG,0.9430410265922546,0
SKG_QA_77,UHop An Unrestricted-Hop Relation Extraction Framework for Knowledge-Based Question Answering,QA,2019,SKG,0.9390323758125304,0
SKG_QA_81,PullNet Open Domain Question Answering with Iterative Retrieval on Knowledge Bases and Text,QA,2019,SKG,0.9276712536811828,0
SKG_QA_82,Sunny and Dark Outside! Improving Answer Consistency in VQA through Entailed Question Generation,QA,2019,SKG,0.920706868171692,0
SKG_QA_86,Interconnected Question Generation with Coreference Alignment and Conversation Flow Modeling,QA,2019,SKG,0.9372973442077636,0
SKG_QA_89,Let’s Ask Again Refine Network for Automatic Question Generation,QA,2019,SKG,0.9413383603096008,0
SKG_MT_159,Effective Cross-lingual Transfer of Neural Machine Translation Models without Shared Vocabularies,MT,2019,SKG,0.9437599182128906,0
SKG_MT_172,Context-Aware Monolingual Repair for Neural Machine Translation,MT,2019,SKG,0.9435999989509584,0
SKG_QA_43,Interpretable Question Answering on Knowledge Bases and Text,QA,2019,SKG,0.9279485940933228,0
SKG_QA_44,Aspect Sentiment Classification Towards Question-Answering with Reinforced Bidirectional Attention Network,QA,2019,SKG,0.9306631088256836,0
SKG_QA_49,A Discrete Hard EM Approach for Weakly Supervised Question Answering,QA,2019,SKG,0.9310892224311828,0
SKG_MT_251,Lattice-Based Transformer Encoder for Neural Machine Translation,MT,2019,SKG,0.9437671899795532,0
SKG_QA_90,Answer-Supervised Question Reformulation for Enhancing Conversational Machine Comprehension,QA,2019,SKG,0.939501941204071,0
SKG_QA_98,QAInfomax Learning Robust Question Answering System by Mutual Information Maximization,QA,2019,SKG,0.9095908999443054,0
SKG_SUM_89,Multi-News A Large-Scale Multi-Document Summarization Dataset and Abstractive Hierarchical Model,SUM,2019,SKG,0.943616271018982,0
SKG_SUM_91,Simple Unsupervised Summarization by Contextual Matching,SUM,2019,SKG,0.9436955451965332,0
SKG_SUM_94,Improving the Similarity Measure of Determinantal Point Processes for Extractive Multi-Document Summarization,SUM,2019,SKG,0.9497200846672058,1
SKG_SUM_95,Improving Abstractive Document Summarization with Salient Information Modeling,SUM,2019,SKG,0.9424155354499816,0
SKG_SUM_96,Single Document Summarization as Tree Induction,SUM,2019,SKG,0.9432811737060548,0
SKG_SUM_101,Contrastive Attention Mechanism for Abstractive Sentence Summarization,SUM,2019,SKG,0.945541262626648,0
SKG_SUM_137,Attention Optimization for Abstractive Document Summarization,SUM,2019,SKG,0.9370412826538086,0
SKG_SUM_112,Sentence Centrality Revisited for Unsupervised Summarization,SUM,2019,SKG,0.9437150955200196,0
SKG_SUM_115,Countering the Effects of Lead Bias in News Summarization via Multi-Stage Training and Auxiliary Losses,SUM,2019,SKG,0.9359052777290344,0
SKG_MT_1088,A Margin-based Loss with Synthetic Negative Samples for Continuous-output Machine Translation,MT,2019,SKG,0.93646240234375,0
SKG_MT_1176,JU-Saarland Submission to the WMT2019 English–Gujarati Translation Shared Task,MT,2019,SKG,0.937981903553009,0
SKG_MT_1179,The University of Maryland’s Kazakh-English Neural Machine Translation System at WMT19,MT,2019,SKG,0.9491453170776368,1
SKG_MT_1134,Improved Lexically Constrained Decoding for Translation and Monolingual Rewriting,MT,2019,SKG,0.9773168563842772,1
SKG_MT_1135,Lost in Machine Translation A Method to Reduce Meaning Loss,MT,2019,SKG,0.9797856211662292,1
SKG_MT_1136,Unsupervised Parallel Sentence Extraction with Parallel Segment Detection Helps Machine Translation,MT,2019,SKG,0.9329660534858704,0
SKG_MT_1139,Curriculum Learning for Domain Adaptation in Neural Machine Translation,MT,2019,SKG,0.9793975949287416,1
SKG_QA_25,Domain-agnostic Question-Answering with Adversarial Training,QA,2019,SKG,0.9413636922836304,0
SKG_SUM_183,The Feasibility of Embedding Based Automatic Evaluation for Single Document Summarization,SUM,2019,SKG,0.9111997485160828,0
SKG_SUM_182,In Conclusion Not Repetition Comprehensive Abstractive Summarization with Diversified Attention Based on Determinantal Point Processes,SUM,2019,SKG,0.9282957315444946,0
SKG_MT_1150,Robust Machine Translation with Domain Sensitive Pseudo-Sources Baidu-OSU WMT19 MT Robustness Shared Task System Report,MT,2019,SKG,0.94740629196167,1
SKG_SA_276,UI at SemEval-2020 Task 8 Text-Image Fusion for Sentiment Classification,SA,2020,SKG,0.9446588754653932,0
SKG_SA_312,A Sentiment-Controllable Topic-to-Essay Generator with Topic Knowledge Graph,SA,2020,SKG,0.9472417831420898,0
SKG_SA_299,Adversarial and Domain-Aware BERT for Cross-Domain Sentiment Analysis,SA,2020,SKG,0.9522997736930848,1
SKG_MT_1468,Content Word Aware Neural Machine Translation,MT,2020,SKG,0.9103177785873412,0
SKG_MT_1457,Combining Sequence Distillation and Transfer Learning for Efficient Low-Resource Neural Machine Translation Models,MT,2020,SKG,0.9336333274841307,0
SKG_MT_614,"MMPE A Multi-Modal Interface using Handwriting, Touch Reordering, and Speech Commands for Post-Editing Machine Translation",MT,2020,SKG,0.9693546295166016,1
SKG_MT_612,Zero-shot North Korean to English Neural Machine Translation by Character Tokenization and Phoneme Decomposition,MT,2020,SKG,0.9505088925361632,1
SKG_MT_611,Factorized Transformer for Multi-Domain Neural Machine Translation,MT,2020,SKG,0.9490116834640504,1
SKG_PAR_8,Improving Compositional Generalization in Semantic Parsing,PAR,2020,SKG,0.9322476387023926,0
SKG_PAR_6,Pushing the Limits of AMR Parsing with Self-Learning,PAR,2020,SKG,0.9442327618598938,0
SKG_PAR_1,Transition-based Parsing with Stack-Transformers,PAR,2020,SKG,0.936724066734314,0
SKG_NLI_19,Enhancing Generalization in Natural Language Inference by Syntax,NLI,2020,SKG,0.95641028881073,1
SKG_NLI_18,Discriminatively-Tuned Generative Classifiers for Robust Natural Language Inference,NLI,2020,SKG,0.9388362765312196,0
SKG_SA_263,Unified Feature and Instance Based Domain Adaptation for Aspect-Based Sentiment Analysis,SA,2020,SKG,0.9465243220329284,0
NOVEL_MT_95,Document Graph for Neural Machine Translation,MT,2020,NOVEL,0.9542403221130372,1
SKG_SA_235,Will_go at SemEval-2020 Task 9 An Accurate Approach for Sentiment Analysis on Hindi-English Tweets Based on Bert and Pesudo Label Strategy,SA,2020,SKG,0.9379080533981324,0
SKG_SUM_157,Neural Abstractive Multi-Document Summarization Hierarchical or Flat Structure,SUM,2020,SKG,0.9394701719284058,0
SKG_SUM_150,Facet-Aware Evaluation for Extractive Summarization,SUM,2020,SKG,0.9349154233932496,0
SKG_SUM_146,A Hierarchical Network for Abstractive Meeting Summarization with Cross-Domain Pretraining,SUM,2020,SKG,0.9479721784591676,1
SKG_SUM_140,"MATINF A Jointly Labeled Large-Scale Dataset for Classification, Question Answering and Summarization",SUM,2020,SKG,0.9429620504379272,0
SKG_SUM_139,What Have We Achieved on Text Summarization,SUM,2020,SKG,0.9368797540664672,0
SKG_SUM_171,ZEST Zero-shot Learning from Text Descriptions using Textual Similarity and Visual Summarization,SUM,2020,SKG,0.9265649914741516,0
SKG_SUM_135,Compressive Summarization with Plausibility and Salience Modeling,SUM,2020,SKG,0.942003071308136,0
SKG_SUM_131,A Deep Reinforced Model for Zero-Shot Cross-Lingual Summarization with Bilingual Semantic Similarity Rewards,SUM,2020,SKG,0.9508735537528992,1
SKG_SUM_123,A Transformer-based Approach for Source Code Summarization,SUM,2020,SKG,0.95047789812088,1
SKG_DIA_7,AirConcierge Generating Task-Oriented Dialogue via Efficient Large-Scale Knowledge Retrieval,DIA,2020,SKG,0.9457793235778807,0
SKG_QA_33,Question Directed Graph Attention Network for Numerical Reasoning over Text,QA,2020,SKG,0.9562163352966307,1
SKG_QA_32,Predicting Responses to Psychological Questionnaires from Participants’ Social Media Posts and Question Text Embeddings,QA,2020,SKG,0.9222815632820128,0
SKG_SUM_199,Stepwise Extractive Summarization and Planning with Structured Transformers,SUM,2020,SKG,0.9314054250717164,0
SKG_SUM_192,Discourse-Aware Neural Extractive Text Summarization,SUM,2020,SKG,0.946738600730896,0
SKG_SUM_189,Self-Attention Guided Copy Mechanism for Abstractive Summarization,SUM,2020,SKG,0.9496115446090698,1
SKG_SA_280,Diversified Multiple Instance Learning for Document-Level Multi-Aspect Sentiment Classification,SA,2020,SKG,0.9502474069595336,1
SKG_MT_177,Investigating Low-resource Machine Translation for English-to-Tamil,MT,2020,SKG,0.9387866854667664,0
SKG_MT_173,"BART Denoising Sequence-to-Sequence Pre-training for Natural Language Generation, Translation, and Comprehension",MT,2020,SKG,0.9441021680831908,0
SKG_MT_163,Extremely Low Bit Transformer Quantization for On-Device Neural Machine Translation,MT,2020,SKG,0.9223861694335938,0
SKG_MT_161,SimulSpeech End-to-End Simultaneous Speech to Text Translation,MT,2020,SKG,0.9386000633239746,0
SKG_QA_88,EXAMS A Multi-subject High School Examinations Dataset for Cross-lingual and Multilingual Question Answering,QA,2020,SKG,0.919835090637207,0
SKG_QA_18,Unsupervised Alignment-based Iterative Evidence Retrieval for Multi-hop Question Answering,QA,2020,SKG,0.941074013710022,0
SKG_QA_16,Leveraging Structured Metadata for Improving Question Answering on the Web,QA,2020,SKG,0.9479514360427856,1
SKG_MT_12,Dynamic Data Selection and Weighting for Iterative Back-Translation,MT,2020,SKG,0.962131142616272,1
SKG_MT_190,"STIL - Simultaneous Slot Filling, Translation, Intent Classification, and Language Identification Initial Results using mBART on MultiATIS++",MT,2020,SKG,0.9311271905899048,0
SKG_MT_186,Contextual Neural Machine Translation Improves Translation of Cataphoric Pronouns,MT,2020,SKG,0.9382899403572084,0
SKG_QA_59,Logic-Guided Data Augmentation and Regularization for Consistent Question Answering,QA,2020,SKG,0.946824550628662,0
SKG_QA_52,UNQOVERing Stereotyping Biases via Underspecified Questions,QA,2020,SKG,0.9307311773300172,0
SKG_MT_244,Meta Ensemble for Japanese-Chinese Neural Machine Translation Kyoto-U+ECNU Participation to WAT 2020,MT,2020,SKG,0.942383885383606,0
SKG_MT_231,Enhancing Machine Translation with Dependency-Aware Self-Attention,MT,2020,SKG,0.9521897435188292,1
SKG_DIA_3,Learning to Customize Model Structures for Few-shot Dialogue Generation Tasks,DIA,2020,SKG,0.9483936429023744,1
SKG_DIA_2,doc2dial A Goal-Oriented Document-Grounded Dialogue Dataset,DIA,2020,SKG,0.9359448552131652,0
SKG_SUM_119,Conditional Neural Generation using Sub-Aspect Functions for Extractive News Summarization,SUM,2020,SKG,0.9420663118362428,0
SKG_SUM_118,Modeling Content Importance for Summarization with Pre-trained Language Models,SUM,2020,SKG,0.9458203315734864,0
SKG_SUM_106,Factual Error Correction for Abstractive Summarization Models,SUM,2020,SKG,0.9420101046562196,0
SKG_SUM_105,WikiLingua A New Benchmark Dataset for Cross-Lingual Abstractive Summarization,SUM,2020,SKG,0.9487453699111938,1
SKG_SUM_104,TESA A Task in Entity Semantic Aggregation for Abstractive Summarization,SUM,2020,SKG,0.9402391314506532,0
SKG_SUM_138,SUPERT Towards New Frontiers in Unsupervised Evaluation Metrics for Multi-Document Summarization,SUM,2020,SKG,0.916291892528534,0
SKG_SUM_70,OpinionDigest A Simple Framework for Opinion Summarization,SUM,2020,SKG,0.9390451312065125,0
SKG_SUM_66,Leveraging Graph to Improve Abstractive Multi-Document Summarization,SUM,2020,SKG,0.9456257820129396,0
SKG_SUM_99,Re-evaluating Evaluation in Text Summarization,SUM,2020,SKG,0.9304487109184264,0
SKG_SUM_84,FEQA A Question Answering Evaluation Framework for Faithfulness Assessment in Abstractive Summarization,SUM,2020,SKG,0.9292961359024048,0
SKG_DIA_29,Will I Sound Like Me Improving Persona Consistency in Dialogues through Pragmatic Self-Consciousness,DIA,2020,SKG,0.9421863555908204,0
SKG_DIA_22,Semi-Supervised Dialogue Policy Learning via Stochastic Reward Estimation,DIA,2020,SKG,0.933184027671814,0
SKG_QA_94,Entity-Enriched Neural Models for Clinical Question Answering,QA,2020,SKG,0.9471232295036316,0
SKG_QA_91,MMFT-BERT Multimodal Fusion Transformer with BERT Encodings for Visual Question Answering,QA,2020,SKG,0.933631718158722,0
SKG_MT_250,"On Exposure Bias, Hallucination and Domain Shift in Neural Machine Translation",MT,2020,SKG,0.9167187809944152,0
SKG_QA_41,Open-Ended Visual Question Answering by Multi-Modal Domain Adaptation,QA,2020,SKG,0.9424012303352356,0
SKG_QA_144,MUTANT A Training Paradigm for Out-of-Distribution Generalization in Visual Question Answering,QA,2020,SKG,0.9340213537216188,0
SKG_QA_142,A Question Type Driven and Copy Loss Enhanced Frameworkfor Answer-Agnostic Neural Question Generation,QA,2020,SKG,0.9472505450248718,0
SKG_QA_135,DeFormer Decomposing Pre-trained Transformers for Faster Question Answering,QA,2020,SKG,0.9361218214035034,0
SKG_QA_132,Distractor Analysis and Selection for Multiple-Choice Cloze Questions for Second-Language Learners,QA,2020,SKG,0.9341353178024292,0
SKG_QA_129,Learning to Contrast the Counterfactual Samples for Robust Visual Question Answering,QA,2020,SKG,0.9419819116592408,0
SKG_QA_120,Diversify Question Generation with Continuous Content Selectors and Question Type Modeling,QA,2020,SKG,0.9322717785835266,0
SKG_QA_69,Span Selection Pre-training for Question Answering,QA,2020,SKG,0.9483150243759156,1
SKG_QA_61,RikiNet Reading Wikipedia Pages for Natural Question Answering,QA,2020,SKG,0.9458004236221312,0
SKG_QA_114,Improving Multi-hop Question Answering over Knowledge Graphs using Knowledge Base Embeddings,QA,2020,SKG,0.9361797571182252,0
SKG_QA_105,Vocabulary Matters A Simple yet Effective Approach to Paragraph-level Question Generation,QA,2020,SKG,0.9562641978263856,1
SKG_QA_103,Scalable Multi-Hop Relational Reasoning for Knowledge-Aware Question Answering,QA,2020,SKG,0.9363161325454712,0
SKG_QA_96,Learning to Identify Follow-Up Questions in Conversational Question Answering,QA,2020,SKG,0.939553439617157,0
SKG_DIA_12,A Compare Aggregate Transformer for Understanding Document-grounded Dialogue,DIA,2020,SKG,0.9457941055297852,0
SKG_DIA_11,Multi-Turn Dialogue Generation in E-Commerce Platform with the Context of Historical Dialogue,DIA,2020,SKG,0.9472845792770386,0
SKG_DIA_10,Multi-View Sequence-to-Sequence Models with Conversational Structure for Abstractive Dialogue Summarization,DIA,2020,SKG,0.9431403279304504,0
SKG_SUM_121,Friendly Topic Assistant for Transformer Based Abstractive Summarization,SUM,2020,SKG,0.939648985862732,0
SKG_MT_1044,Priming Neural Machine Translation,MT,2020,SKG,1.0,1
SKG_MT_1041,Training and Inference Methods for High-Coverage Neural Machine Translation,MT,2020,SKG,0.9419665336608888,0
SKG_MT_1200,PharmMT A Neural Machine Translation Approach to Simplify Prescription Directions,MT,2020,SKG,0.93291175365448,0
SKG_MT_1188,Multimodal Neural Machine Translation for English to Hindi,MT,2020,SKG,0.9514294862747192,1
SKG_DIA_49,Learning an Unreferenced Metric for Online Dialogue Evaluation,DIA,2020,SKG,0.9489261507987976,1
SKG_DIA_47,Understanding Linguistic Accommodation in Code-Switched Human-Machine Dialogues,DIA,2020,SKG,0.9252994656562804,0
SKG_DIA_45,A Contextual Hierarchical Attention Network with Adaptive Objective for Dialogue State Tracking,DIA,2020,SKG,0.9504268765449524,1
SKG_DIA_42,Designing Precise and Robust Dialogue Response Evaluators,DIA,2020,SKG,0.940852165222168,0
SKG_DIA_41,The World is Not Binary Learning to Rank with Grayscale Data for Dialogue Response Selection,DIA,2020,SKG,0.947201371192932,0
SKG_DIA_39,Data Manipulation Towards Effective Instance Learning for Neural Dialogue Generation via Learning to Augment and Reweight,DIA,2020,SKG,0.933573603630066,0
SKG_DIA_35,Dialogue Generation on Infrequent Sentence Functions via Structured Meta-Learning,DIA,2020,SKG,0.9315332174301147,0
NOVEL_QA_38,Synthetic Data Augmentation for Zero-Shot Cross-Lingual Question Answering,QA,2020,NOVEL,0.9424341320991516,0
SKG_MT_152,ChrEn Cherokee-English Machine Translation for Endangered Language Revitalization,MT,2020,SKG,0.9382790327072144,0
SKG_MT_145,Phone Features Improve Speech Translation,MT,2020,SKG,0.938001275062561,0
SKG_MT_140,Unsupervised Word Translation with Adversarial Autoencoder,MT,2020,SKG,0.9486520886421204,1
SKG_MT_132,NRC Systems for Low Resource German-Upper Sorbian Machine Translation 2020 Transfer Learning with Lexical Modifications,MT,2020,SKG,0.9327499270439148,0
SKG_QA_190,Multi-source Meta Transfer for Low Resource Multiple-Choice Question Answering,QA,2020,SKG,0.9528790712356568,1
SKG_QA_184,Interactive Classification by Asking Informative Questions,QA,2020,SKG,0.9298490285873412,0
SKG_MT_129,"Multilingual Neural Machine Translation Case-study for Catalan, Spanish and Portuguese Romance Languages",MT,2020,SKG,0.9388118982315063,0
SKG_MT_118,Accurate Word Alignment Induction from Neural Machine Translation,MT,2020,SKG,0.9395233988761902,0
SKG_MT_115,YerevaNN’s Systems for WMT20 Biomedical Translation Task The Effect of Fixing Misaligned Sentence Pairs,MT,2020,SKG,0.9552130699157716,1
SKG_MT_114,NLPRL System for Very Low Resource Supervised Machine Translation,MT,2020,SKG,0.9424610137939452,0
SKG_MT_112,A Simple and Effective Unified Encoder for Document-Level Machine Translation,MT,2020,SKG,0.9472583532333374,0
SKG_QA_174,Point-of-Interest Oriented Question Answering with Joint Inference of Semantic Matching and Distance Correlation,QA,2020,SKG,0.9435113668441772,0
SKG_QA_171,More Bang for Your Buck Natural Perturbation for Robust Question Answering,QA,2020,SKG,0.9322074055671692,0
SKG_QA_163,ClarQ A large-scale and diverse dataset for Clarification Question Generation,QA,2020,SKG,0.9400332570075988,0
SKG_QA_154,Aligned Dual Channel Graph Convolutional Network for Visual Question Answering,QA,2020,SKG,0.937574863433838,0
SKG_DIA_18,You Impress Me Dialogue Generation via Mutual Persona Perception,DIA,2020,SKG,0.9421062469482422,0
SKG_DIA_17,Counterfactual Off-Policy Training for Neural Dialogue Generation,DIA,2020,SKG,0.9254835844039916,0
SKG_MT_1078,"Improving Multilingual Neural Machine Translation For Low-Resource Languages French, English - Vietnamese",MT,2020,SKG,0.9566502571105956,1
SKG_MT_1076,"MMPE A Multi-Modal Interface using Handwriting, Touch Reordering, and Speech Commands for Post-Editing Machine Translation",MT,2020,SKG,0.9693546295166016,1
SKG_MT_1051,Multi-Unit Transformers for Neural Machine Translation,MT,2020,SKG,0.9463856816291808,0
SKG_MT_1018,Fixed Encoder Self-Attention Patterns in Transformer-Based Machine Translation,MT,2020,SKG,0.9369250535964966,0
SKG_MT_1015,Diving Deep into Context-Aware Neural Machine Translation,MT,2020,SKG,0.9444239735603333,0
SKG_MT_1014,On the Limitations of Cross-lingual Encoders as Exposed by Reference-Free Machine Translation Evaluation,MT,2020,SKG,0.937468647956848,0
SKG_DIA_70,Dialogue Coherence Assessment Without Explicit Dialogue Act Labels,DIA,2020,SKG,0.941844642162323,0
SKG_DIA_69,Modeling Long Context for Task-Oriented Dialogue State Generation,DIA,2020,SKG,0.950666606426239,1
SKG_DIA_65,Pretrained Language Models for Dialogue Generation with Multiple Input Sources,DIA,2020,SKG,0.941442608833313,0
SKG_DIA_61,Meta-Reinforced Multi-Domain State Generator for Dialogue Systems,DIA,2020,SKG,0.9460546374320984,0
SKG_DIA_60,Guided Dialogue Policy Learning without Adversarial Learning in the Loop,DIA,2020,SKG,0.9359203577041626,0
SKG_DIA_55,A Visually-grounded First-person Dialogue Dataset with Verbal and Non-verbal Responses,DIA,2020,SKG,0.9248124361038208,0
SKG_DIA_53,MedDialog Large-scale Medical Dialogue Datasets,DIA,2020,SKG,0.9444180727005004,0
SKG_SUM_56,A Spectral Method for Unsupervised Multi-Document Summarization,SUM,2020,SKG,0.9344863891601562,0
SKG_QA_214,PathQG Neural Question Generation from Facts,QA,2020,SKG,0.9461172819137572,0
SKG_MT_105,Efficient Neural Machine Translation for Low-Resource Languages via Exploiting Related Languages,MT,2020,SKG,0.938077747821808,0
SKG_MT_99,On The Evaluation of Machine Translation Systems Trained With Back-Translation,MT,2020,SKG,0.9420135617256165,0
SKG_QA_195,Multi-hop Question Generation with Graph Convolutional Network,QA,2020,SKG,0.9464459419250488,0
SKG_QA_191,FEQA A Question Answering Evaluation Framework for Faithfulness Assessment in Abstractive Summarization,QA,2020,SKG,0.9292960166931152,0
SKG_QA_237,Tell Me How to Ask Again Question Data Augmentation with Controllable Rewriting in Continuous Space,QA,2020,SKG,0.9312552213668824,0
SKG_QA_232,AmbigQA Answering Ambiguous Open-domain Questions,QA,2020,SKG,0.9334090948104858,0
SKG_MT_42,Improving Non-autoregressive Neural Machine Translation with Monolingual Data,MT,2020,SKG,0.9374784231185912,0
SKG_QA_181,Look at the First Sentence Position Bias in Question Answering,QA,2020,SKG,0.9417473673820496,0
SKG_QA_178,Asking and Answering Questions to Evaluate the Factual Consistency of Summaries,QA,2020,SKG,0.932589054107666,0
SKG_MT_81,Does Multi-Encoder Help A Case Study on Context-Aware Neural Machine Translation,MT,2020,SKG,0.9471117854118348,0
SKG_MT_76,Unsupervised Neural Machine Translation for English and Manipuri,MT,2020,SKG,0.9352344274520874,0
SKG_QA_228,Learning to Ask More Semi-Autoregressive Sequential Question Generation under Dual-Graph Interaction,QA,2020,SKG,0.9313664436340332,0
SKG_QA_226,"Stay Hungry, Stay Focused Generating Informative and Specific Questions in Information-Seeking Conversations",QA,2020,SKG,0.943097710609436,0
SKG_QA_222,Context-Aware Answer Extraction in Question Answering,QA,2020,SKG,0.9507023692131042,1
SKG_QA_217,Event Extraction as Multi-turn Question Answering,QA,2020,SKG,0.9420508146286012,0
SKG_SUM_75,SupMMD A Sentence Importance Model for Extractive Summarization using Maximum Mean Discrepancy,SUM,2020,SKG,0.9403775334358216,0
SKG_MT_1182,Reducing Gender Bias in Neural Machine Translation as a Domain Adaptation Problem,MT,2020,SKG,0.9353069067001344,0
SKG_MT_1040,Improving Massively Multilingual Neural Machine Translation and Zero-Shot Translation,MT,2020,SKG,0.9524267315864564,1
SKG_MT_1021,Incorporate Semantic Structures into Machine Translation Evaluation via UCCA,MT,2020,SKG,0.9430537223815918,0
SKG_MT_1212,"Not Low-Resource Anymore Aligner Ensembling, Batch Filtering, and New Datasets for Bengali-English Machine Translation",MT,2020,SKG,0.9492653012275696,1
SKG_MT_974,On Romanization for Model Transfer Between Scripts in Neural Machine Translation,MT,2020,SKG,0.947569727897644,1
SKG_MT_967,Multi-Agent Mutual Learning at Sentence-Level and Token-Level for Neural Machine Translation,MT,2020,SKG,0.9513727426528932,1
SKG_MT_1251,Machine Translation Reference-less Evaluation using YiSi-2 with Bilingual Mappings of Massive Multilingual Language Model,MT,2020,SKG,0.9434856176376344,0
SKG_MT_1243,Distilling Multiple Domains for Neural Machine Translation,MT,2020,SKG,0.9523401260375975,1
SKG_MT_1240,ESPnet-ST All-in-One Speech Translation Toolkit,MT,2020,SKG,0.9621307253837584,1
SKG_QA_279,Fluent Response Generation for Conversational Question Answering,QA,2020,SKG,0.9435508847236632,0
SKG_QA_264,Question Answering with Long Multiple-Span Answers,QA,2020,SKG,0.952374279499054,1
SKG_MT_264,Shallow-to-Deep Training for Neural Machine Translation,MT,2020,SKG,0.9445633888244628,0
SKG_MT_255,Opportunistic Decoding with Timely Correction for Simultaneous Translation,MT,2020,SKG,0.9354955554008484,0
SKG_PAR_213,Conversational Semantic Parsing for Dialog State Tracking,PAR,2020,SKG,0.952597975730896,1
SKG_MT_65,Active Learning Approaches to Enhancing Neural Machine Translation,MT,2020,SKG,0.9492250680923462,1
SKG_MT_54,Modeling Word Formation in English–German Neural Machine Translation,MT,2020,SKG,0.9286712408065796,0
SKG_MT_51,Uncertainty-Aware Curriculum Learning for Neural Machine Translation,MT,2020,SKG,0.9412665367126464,0
SKG_QA_250,Learning a Cost-Effective Annotation Policy for Question Answering,QA,2020,SKG,0.9359262585639954,0
SKG_QA_244,Multi-hop Inference for Question-driven Summarization,QA,2020,SKG,0.9422305822372437,0
SKG_QA_239,Adversarial Training for Code Retrieval with Question-Description Relevance Regularization,QA,2020,SKG,0.9450712203979492,0
SKG_PAR_211,Improving AMR Parsing with Sequence-to-Sequence Pre-training,PAR,2020,SKG,0.947154700756073,0
SKG_MT_269,"In Neural Machine Translation, What Does Transfer Learning Transfer",MT,2020,SKG,0.943158745765686,0
SKG_MT_41,Generating Diverse Translations via Weighted Fine-tuning and Hypotheses Filtering for the Duolingo STAPLE Task,MT,2020,SKG,0.9457634687423706,0
SKG_MT_37,Regularized Context Gates on Transformer for Machine Translation,MT,2020,SKG,0.9515542984008788,1
SKG_MT_36,Human-Paraphrased References Improve Neural Machine Translation,MT,2020,SKG,0.9350286722183228,0
SKG_MT_28,KoBE Knowledge-Based Machine Translation Evaluation,MT,2020,SKG,0.943877339363098,0
SKG_QA_281,Talk to Papers Bringing Neural Question Answering to Academic Search,QA,2020,SKG,0.9290820360183716,0
SKG_QA_280,Review-based Question Generation with Adaptive Instance Transfer and Augmentation,QA,2020,SKG,0.9447120428085328,0
SKG_SUM_55,Neural Extractive Summarization with Hierarchical Attentive Heterogeneous Graph Network,SUM,2020,SKG,0.9399055242538452,0
SKG_SUM_53,Mixed-Lingual Pre-training for Cross-lingual Summarization,SUM,2020,SKG,0.9534764289855956,1
SKG_MT_1008,Direct Segmentation Models for Streaming Speech Translation,MT,2020,SKG,0.94684237241745,0
SKG_MT_1002,The University of Edinburgh’s English-Tamil and English-Inuktitut Submissions to the WMT20 News Translation Task,MT,2020,SKG,1.0,1
SKG_MT_997,Latin-Spanish Neural Machine Translation from the Bible to Saint Augustine,MT,2020,SKG,0.9470612406730652,0
SKG_MT_996,Adversarial Subword Regularization for Robust Neural Machine Translation,MT,2020,SKG,0.9372912645339966,0
SKG_MT_990,NMT based Similar Language Translation for Hindi - Marathi,MT,2020,SKG,0.9328261613845824,0
SKG_MT_978,The TALP-UPC System Description for WMT20 News Translation Task Multilingual Adaptation for Low Resource MT,MT,2020,SKG,0.95018070936203,1
SKG_QA_323,Is Graph Structure Necessary for Multi-hop Question Answering,QA,2020,SKG,0.9408723711967468,0
SKG_QA_318,Low-Resource Generation of Multi-hop Reasoning Questions,QA,2020,SKG,0.9489059448242188,1
SKG_QA_317,Summarizing Chinese Medical Answer with Graph Convolution Networks and Question-focused Dual Attention,QA,2020,SKG,0.9420146942138672,0
SKG_QA_307,Efficient One-Pass End-to-End Entity Linking for Questions,QA,2020,SKG,0.9419902563095092,0
SKG_QA_301,"X-LXMERT Paint, Caption and Answer Questions with Multi-Modal Transformers",QA,2020,SKG,0.9167329668998718,0
SKG_QA_300,"Infusing Disease Knowledge into BERT for Health Question Answering, Medical Inference and Disease Name Recognition",QA,2020,SKG,0.9232903718948364,0
SKG_QA_297,End-to-End Synthetic Data Generation for Domain Adaptation of Question Answering Systems,QA,2020,SKG,0.948796570301056,1
SKG_QA_293,Probabilistic Assumptions Matter Improved Models for Distantly-Supervised Document-Level Question Answering,QA,2020,SKG,0.942531943321228,0
SKG_QA_290,FQuAD French Question Answering Dataset,QA,2020,SKG,0.9388303756713868,0
SKG_QA_287,Don’t Read Too Much Into It Adaptive Computation for Open-Domain Question Answering,QA,2020,SKG,0.9191547632217408,0
SKG_MT_329,Incorporating a Local Translation Mechanism into Non-autoregressive Translation,MT,2020,SKG,0.9408265352249146,0
SKG_MT_318,Towards Multimodal Simultaneous Neural Machine Translation,MT,2020,SKG,0.938502311706543,0
SKG_MT_310,SimulMT to SimulST Adapting Simultaneous Text Translation to End-to-End Simultaneous Speech Translation,MT,2020,SKG,0.9126480221748352,0
SKG_MT_309,A Study of Residual Adapters for Multi-Domain Neural Machine Translation,MT,2020,SKG,1.0,1
SKG_MT_302,Multiple Segmentations of Thai Sentences for Neural Machine Translation,MT,2020,SKG,0.9427067041397096,0
SKG_MT_291,Training Flexible Depth Model by Multi-Task Learning for Neural Machine Translation,MT,2020,SKG,0.9346944093704224,0
SKG_SUM_3,A Transformer-based Approach for Source Code Summarization,SUM,2020,SKG,0.95047789812088,1
SKG_DIA_72,GRADE Automatic Graph-Enhanced Coherence Metric for Evaluating Open-Domain Dialogue Systems,DIA,2020,SKG,0.9377792477607728,0
SKG_PAR_137,XL-AMR Enabling Cross-Lingual AMR Parsing with Transfer Learning Techniques,PAR,2020,SKG,0.9411948919296264,0
SKG_PAR_132,"Parsing All Syntax and Semantics, Dependencies and Spans",PAR,2020,SKG,0.9307607412338256,0
SKG_PAR_131,Character-level Representations Improve DRS-based Semantic Parsing Even in the Age of BERT,PAR,2020,SKG,0.9417222738265992,0
SKG_MT_361,Multi-task Learning for Multilingual Neural Machine Translation,MT,2020,SKG,0.9521005749702454,1
SKG_MT_357,The Box is in the Pen Evaluating Commonsense Reasoning in Neural Machine Translation,MT,2020,SKG,0.936004638671875,0
SKG_MT_354,Character Mapping and Ad-hoc Adaptation Edinburgh’s IWSLT 2020 Open Domain Translation System,MT,2020,SKG,0.9419243931770324,0
SKG_MT_343,Lite Training Strategies for Portuguese-English and English-Portuguese Translation,MT,2020,SKG,0.939056396484375,0
SKG_PAR_163,An Instance Level Approach for Shallow Semantic Parsing in Scientific Procedural Text,PAR,2020,SKG,0.9409927129745485,0
SKG_PAR_150,A Pilot Study of Text-to-SQL Semantic Parsing for Vietnamese,PAR,2020,SKG,0.9425417184829712,0
SKG_MT_330,An Iterative Knowledge Transfer NMT System for WMT20 News Translation Task,MT,2020,SKG,0.9521681666374208,1
SKG_MT_8,Learning to Recover from Multi-Modality Errors for Non-Autoregressive Neural Machine Translation,MT,2020,SKG,0.9434660077095032,0
SKG_MT_5,ENGINE Energy-Based Inference Networks for Non-Autoregressive Machine Translation,MT,2020,SKG,0.9352399110794068,0
SKG_QA_326,Syn-QG Syntactic and Shallow Semantic Rules for Question Generation,QA,2020,SKG,0.9386817812919616,0
SKG_QA_325,"MATINF A Jointly Labeled Large-Scale Dataset for Classification, Question Answering and Summarization",QA,2020,SKG,0.9429620504379272,0
SKG_QA_368,Training Question Answering Models From Synthetic Data,QA,2020,SKG,0.9450637698173524,0
SKG_QA_363,Learning to Explain Datasets and Models for Identifying Valid Reasoning Chains in Multihop Question-Answering,QA,2020,SKG,0.9412685632705688,0
SKG_QA_313,Unsupervised FAQ Retrieval with Question Generation and BERT,QA,2020,SKG,0.946811318397522,0
SKG_QA_351,Bridging Anaphora Resolution as Question Answering,QA,2020,SKG,0.942491352558136,0
SKG_QA_346,Open Domain Question Answering based on Text Enhanced Knowledge Graph with Hyperedge Infusion,QA,2020,SKG,0.9412253499031068,0
SKG_QA_342,Exploring the Role of Context to Distinguish Rhetorical and Information-Seeking Questions,QA,2020,SKG,0.9370314478874208,0
SKG_QA_332,Answering Product-related Questions with Heterogeneous Information,QA,2020,SKG,0.9490310549736024,1
SKG_QA_331,Hierarchical Graph Network for Multi-hop Question Answering,QA,2020,SKG,0.9450424313545228,0
SKG_SUM_28,Heterogeneous Graph Neural Networks for Extractive Document Summarization,SUM,2020,SKG,0.9445691108703612,0
SKG_SUM_26,OpinionDigest A Simple Framework for Opinion Summarization,SUM,2020,SKG,0.9390451312065125,0
SKG_SUM_19,Knowledge Graph-Augmented Abstractive Summarization with Semantic-Driven Cloze Reward,SUM,2020,SKG,0.947610080242157,1
SKG_SUM_16,CDEvalSumm An Empirical Study of Cross-Dataset Evaluation for Neural Summarization Systems,SUM,2020,SKG,0.9446118474006652,0
SKG_SUM_14,SUPERT Towards New Frontiers in Unsupervised Evaluation Metrics for Multi-Document Summarization,SUM,2020,SKG,0.9162918329238892,0
SKG_SUM_13,A Transformer-based Approach for Source Code Summarization,SUM,2020,SKG,0.95047789812088,1
SKG_SUM_10,Multi-View Sequence-to-Sequence Models with Conversational Structure for Abstractive Dialogue Summarization,SUM,2020,SKG,0.9431403875350952,0
SKG_SUM_9,Examining the State-of-the-Art in News Timeline Summarization,SUM,2020,SKG,0.9337643384933472,0
SKG_DIA_97,Semantic Role Labeling Guided Multi-turn Dialogue ReWriter,DIA,2020,SKG,0.9396367073059082,0
SKG_DIA_88,"ConvLab-2 An Open-Source Toolkit for Building, Evaluating, and Diagnosing Dialogue Systems",DIA,2020,SKG,0.9638363122940063,1
SKG_DIA_75,AttnIO Knowledge Graph Exploration with In-and-Out Attention Flow for Knowledge-Grounded Dialogue,DIA,2020,SKG,0.9444729089736938,0
SKG_DIA_73,PLATO Pre-trained Dialogue Generation Model with Discrete Latent Variable,DIA,2020,SKG,0.9423929452896118,0
SKG_QA_402,Predicting the Difficulty and Response Time of Multiple Choice Questions Using Transfer Learning,QA,2020,SKG,0.9104551076889038,0
SKG_MT_434,An Effective Optimization Method for Neural Machine Translation The Case of English-Persian Bilingually Low-Resource Scenario,MT,2020,SKG,0.9342878460884094,0
SKG_MT_430,Automatic Machine Translation Evaluation using Source Language Inputs and Cross-lingual Language Model,MT,2020,SKG,0.9450857043266296,0
SKG_PAR_111,Low-Resource Domain Adaptation for Compositional Task-Oriented Semantic Parsing,PAR,2020,SKG,0.9527190923690796,1
SKG_MT_420,Russian-English Bidirectional Machine Translation System,MT,2020,SKG,0.949941337108612,1
SKG_MT_418,Machine Translation Reference-less Evaluation using YiSi-2 with Bilingual Mappings of Massive Multilingual Language Model,MT,2020,SKG,0.9434857368469238,0
SKG_MT_407,Tencent AI Lab Machine Translation Systems for WMT20 Chat Translation Task,MT,2020,SKG,0.9587109684944152,1
SKG_MT_392,Start-Before-End and End-to-End Neural Speech Translation by AppTek and RWTH Aachen University,MT,2020,SKG,0.9464322924613952,0
SKG_MT_386,Monolingual Adapters for Zero-Shot Neural Machine Translation,MT,2020,SKG,0.9427496194839478,0
SKG_MT_385,Semantic Structural Decomposition for Neural Machine Translation,MT,2020,SKG,0.9527055621147156,1
SKG_MT_383,Dynamic Context Selection for Document-level Neural Machine Translation via Reinforcement Learning,MT,2020,SKG,0.9504321813583374,1
SKG_PAR_146,Graph-to-Graph Transformer for Transition-based Dependency Parsing,PAR,2020,SKG,0.9344063997268676,0
SKG_MT_1269,Fully Quantized Transformer for Machine Translation,MT,2020,SKG,0.9294050335884094,0
SKG_MT_1262,Learning a Multi-Domain Curriculum for Neural Machine Translation,MT,2020,SKG,0.9349865913391112,0
SKG_DIA_116,Multi-turn Response Selection using Dialogue Dependency Relations,DIA,2020,SKG,0.9521216154098512,1
SKG_DIA_115,Group-wise Contrastive Learning for Neural Dialogue Generation,DIA,2020,SKG,0.9504108428955078,1
SKG_QA_360,QuASE Question-Answer Driven Sentence Encoding,QA,2020,SKG,0.9389604330062866,0
SKG_QA_391,Regularization of Distinct Strategies for Unsupervised Question Generation,QA,2020,SKG,0.9447389841079712,0
SKG_QA_383,Visuo-Linguistic Question Answering (VLQA) Challenge,QA,2020,SKG,0.9443422555923462,0
SKG_QA_374,Transformers to Learn Hierarchical Contexts in Multiparty Dialogue for Span-based Question Answering,QA,2020,SKG,0.9422345161437988,0
SKG_QA_373,Selective Question Answering under Domain Shift,QA,2020,SKG,0.925453007221222,0
SKG_QA_372,Unsupervised Question Decomposition for Question Answering,QA,2020,SKG,0.9476398229599,1
SKG_QA_412,ConceptBert Concept-Aware Representation for Visual Question Answering,QA,2020,SKG,0.9428098797798156,0
SKG_QA_409,Template-Based Question Generation from Retrieved Sentences for Improved Unsupervised Question Answering,QA,2020,SKG,0.9546698331832886,1
SKG_QA_408,A Simple and Effective Model for Answering Multi-span Questions,QA,2020,SKG,0.935316264629364,0
SKG_QA_406,AnswerFact Fact Checking in Product Question Answering,QA,2020,SKG,0.928335964679718,0
SKG_DIA_99,Parallel Interactive Networks for Multi-Domain Dialogue State Generation,DIA,2020,SKG,0.9418950080871582,0
SKG_DIA_98,GraphDialog Integrating Graph Knowledge into End-to-End Task-Oriented Dialogue Systems,DIA,2020,SKG,0.9523948431015016,1
SKG_DIA_124,UniConv A Unified Conversational Neural Architecture for Multi-domain Task-oriented Dialogues,DIA,2020,SKG,0.935177445411682,0
SKG_SA_586,Position-Aware Tagging for Aspect Sentiment Triplet Extraction,SA,2020,SKG,0.9496351480484008,1
SKG_DIA_119,Actor-Double-Critic Incorporating Model-Based Critic for Task-Oriented Dialogue Systems,DIA,2020,SKG,0.9221590757369996,0
SKG_MT_1259,Variational Neural Machine Translation with Normalizing Flows,MT,2020,SKG,0.9530693888664246,1
SKG_QA_422,Connecting the Dots A Knowledgeable Path Generator for Commonsense Question Answering,QA,2020,SKG,0.949710726737976,1
SKG_QA_413,Self-Supervised Knowledge Triplet Learning for Zero-Shot Question Answering,QA,2020,SKG,0.9419657588005066,0
SKG_QA_395,Harvesting and Refining Question-Answer Pairs for Unsupervised QA,QA,2020,SKG,0.9521010518074036,1
SKG_QA_393,Multimodal Neural Graph Memory Networks for Visual Question Answering,QA,2020,SKG,0.9254031181335448,0
SKG_MT_1238,CASIA’s System for IWSLT 2020 Open Domain Translation,MT,2020,SKG,0.9475457072257996,1
SKG_MT_965,Towards Enhancing Faithfulness for Neural Machine Translation,MT,2020,SKG,0.9521018266677856,1
SKG_MT_963,On Long-Tailed Phenomena in Neural Machine Translation,MT,2020,SKG,0.9468138813972472,0
SKG_MT_949,Balancing Training for Multilingual Neural Machine Translation,MT,2020,SKG,0.9475702047348022,1
SKG_MT_948,Improving Target-side Lexical Transfer in Multilingual Neural Machine Translation,MT,2020,SKG,0.9476011395454408,1
SKG_MT_943,CUNI Systems for the Unsupervised and Very Low Resource Translation Task in WMT20,MT,2020,SKG,0.9467813372612,0
SKG_MT_1274,Hard-Coded Gaussian Attention for Neural Machine Translation,MT,2020,SKG,0.9319813847541808,0
SKG_MT_1272,Zero-Shot Translation Quality Estimation with Explicit Cross-Lingual Patterns,MT,2020,SKG,0.938012719154358,0
SKG_MT_442,The ADAPT System Description for the WMT20 News Translation Task,MT,2020,SKG,0.9500986933708192,1
SKG_MT_438,Learning Adaptive Segmentation Policy for Simultaneous Translation,MT,2020,SKG,0.945259690284729,0
SKG_MT_436,Tencent Neural Machine Translation Systems for the WMT20 News Translation Task,MT,2020,SKG,0.959027886390686,1
SKG_QA_441,Unsupervised Adaptation of Question Answering Systems via Generative Self-training,QA,2020,SKG,0.9474600553512572,1
SKG_DIA_112,Task-Completion Dialogue Policy Learning via Monte Carlo Tree Search with Dueling Network,DIA,2020,SKG,0.9365537762641908,0
SKG_DIA_107,Probing Task-Oriented Dialogue Representation from Language Models,DIA,2020,SKG,0.9351917505264282,0
SKG_DIA_105,GCDST A Graph-based and Copy-augmented Multi-domain Dialogue State Tracking,DIA,2020,SKG,0.950677216053009,1
SKG_DIA_103,Diverse and Informative Dialogue Generation with Context-Specific Commonsense Knowledge Awareness,DIA,2020,SKG,0.9489476084709167,1
SKG_DIA_102,TOD-BERT Pre-trained Natural Language Understanding for Task-Oriented Dialogue,DIA,2020,SKG,0.9441124796867372,0
SKG_SA_620,Octa Omissions and Conflicts in Target-Aspect Sentiment Analysis,SA,2020,SKG,0.9226388931274414,0
SKG_SA_591,Aspect Sentiment Classification with Document-level Sentiment Preference Modeling,SA,2020,SKG,0.9347122311592102,0
SKG_DIA_101,Template Guided Text Generation for Task-Oriented Dialogue,DIA,2020,SKG,0.9431648254394532,0
SKG_DIA_145,Knowledge-Grounded Dialogue Generation with Pre-trained Language Models,DIA,2020,SKG,0.9437506794929504,0
SKG_DIA_144,Neural Dialogue State Tracking with Temporally Expressive Networks,DIA,2020,SKG,0.9364923238754272,0
SKG_DIA_143,Queens are Powerful too Mitigating Gender Bias in Dialogue Generation,DIA,2020,SKG,0.9139351844787598,0
SKG_DIA_126,KdConv A Chinese Multi-domain Dialogue Dataset Towards Multi-turn Knowledge-driven Conversation,DIA,2020,SKG,0.9429374933242798,0
SKG_DIA_154,Multi-Domain Dialogue Acts and Response Co-Generation,DIA,2020,SKG,0.9498527646064758,1
SKG_SA_548,KinGDOM Knowledge-Guided DOMain Adaptation for Sentiment Analysis,SA,2020,SKG,0.943453311920166,0
SKG_SA_546,LT3 at SemEval-2020 Task 9 Cross-lingual Embeddings for Sentiment Analysis of Hinglish Social Media Text,SA,2020,SKG,0.9535004496574402,1
SKG_SA_538,SentiLARE Sentiment-Aware Language Representation Learning with Linguistic Knowledge,SA,2020,SKG,0.946155846118927,0
SKG_DIA_151,Towards Low-Resource Semi-Supervised Dialogue Generation with Meta-Learning,DIA,2020,SKG,0.930908977985382,0
SKG_QA_479,A Unified Framework for Multilingual and Code-Mixed Visual Question Answering,QA,2020,SKG,0.9445332288742064,0
SKG_QA_477,How to Ask Good Questions Try to Leverage Paraphrases,QA,2020,SKG,0.9410702586174012,0
SKG_QA_460,Zero-Shot Rationalization by Multi-Task Transfer Learning from Question Answering,QA,2020,SKG,0.9440971612930298,0
SKG_QA_458,Semantic Graphs for Generating Deep Questions,QA,2020,SKG,0.8105308413505554,0
SKG_MT_483,The ADAPT’s Submissions to the WMT20 Biomedical Translation Task,MT,2020,SKG,0.9571294784545898,1
SKG_MT_479,Multimodal Transformer for Multimodal Machine Translation,MT,2020,SKG,0.945975124835968,0
SKG_MT_477,Adaptive Feature Selection for End-to-End Speech Translation,MT,2020,SKG,0.9376835823059082,0
SKG_MT_464,Norm-Based Curriculum Learning for Neural Machine Translation,MT,2020,SKG,0.9475733637809752,1
SKG_MT_456,Improving Document-Level Neural Machine Translation with Domain Adaptation,MT,2020,SKG,0.9439828991889954,0
SKG_MT_455,Pretrained Language Models and Backtranslation for English-Basque Biomedical Neural Machine Translation,MT,2020,SKG,0.9528177976608276,1
SKG_MT_450,Mitigating Gender Bias in Machine Translation with Target Gender Annotations,MT,2020,SKG,0.931537628173828,0
SKG_MT_1323,On the Linguistic Representational Power of Neural Machine Translation Models,MT,2020,SKG,0.913913071155548,0
SKG_MT_833,Addressing Posterior Collapse with Mutual Information for Improved Variational Neural Machine Translation,MT,2020,SKG,0.9441354870796204,0
SKG_QA_444,Contextualized Sparse Representations for Real-Time Open-Domain Question Answering,QA,2020,SKG,0.9420925974845886,0
SKG_QA_492,Few-Shot Complex Knowledge Base Question Answering via Meta Reinforcement Learning,QA,2020,SKG,0.9370702505111694,0
SKG_QA_486,What’s The Latest A Question-driven News Chatbot,QA,2020,SKG,0.92500239610672,0
SKG_MT_1258,Effectively pretraining a speech translation decoder with Machine Translation data,MT,2020,SKG,0.9439442753791808,0
SKG_MT_937,TMU Japanese-English Multimodal Machine Translation System for WAT 2020,MT,2020,SKG,0.9434970617294312,0
SKG_MT_908,The Volctrans Machine Translation System for WMT20,MT,2020,SKG,0.9429811239242554,0
SKG_MT_898,Multi-Domain Neural Machine Translation with Word-Level Adaptive Layer-wise Domain Mixing,MT,2020,SKG,0.9369089007377625,0
SKG_MT_889,Document-Level Neural Machine Translation Using BERT as Context Encoder,MT,2020,SKG,0.9536883234977722,1
SKG_MT_1289,Improving Neural Machine Translation with Soft Template Prediction,MT,2020,SKG,0.9486984014511108,1
SKG_DIA_177,BiST Bi-directional Spatio-Temporal Reasoning for Video-Grounded Dialogues,DIA,2020,SKG,0.9367183446884156,0
SKG_DIA_169,MuTual A Dataset for Multi-Turn Dialogue Reasoning,DIA,2020,SKG,0.9473742246627808,1
SKG_DIA_165,Mitigating Gender Bias for Neural Dialogue Generation with Adversarial Learning,DIA,2020,SKG,0.9348573684692384,0
SKG_DIA_159,Structured Attention for Unsupervised Dialogue Structure Induction,DIA,2020,SKG,0.9450293779373168,0
SKG_DIA_155,Toward Stance-based Personas for Opinionated Dialogues,DIA,2020,SKG,0.9239632487297058,0
SKG_SA_478,"Sentiment and Emotion help Sarcasm A Multi-task Learning Framework for Multi-Modal Sarcasm, Sentiment and Emotion Analysis",SA,2020,SKG,0.9368523359298706,0
SKG_SA_470,DomBERT Domain-oriented Language Model for Aspect-based Sentiment Analysis,SA,2020,SKG,0.9357253909111024,0
SKG_MT_859,Iterative Domain-Repaired Back-Translation,MT,2020,SKG,0.9539244771003724,1
SKG_MT_848,Graph-to-Tree Neural Networks for Learning Structured Input-Output Translation with Applications to Semantic Parsing and Math Word Problem,MT,2020,SKG,0.9412740468978882,0
SKG_MT_1345,Curriculum Pre-training for End-to-End Speech Translation,MT,2020,SKG,0.9486988186836244,1
SKG_MT_1342,Complete Multilingual Neural Machine Translation,MT,2020,SKG,0.942100703716278,0
SKG_MT_1334,Two-Phase Cross-Lingual Language Model Fine-Tuning for Machine Translation Quality Estimation,MT,2020,SKG,0.933776557445526,0
SKG_DIA_197,CIMA A Large Open Access Dialogue Dataset for Tutoring,DIA,2020,SKG,0.9312507510185242,0
SKG_DIA_191,SAS Dialogue State Tracking via Slot Attention and Slot Information Sharing,DIA,2020,SKG,0.93559467792511,0
SKG_DIA_187,Amalgamating Knowledge from Two Teachers for Task-oriented Dialogue System with Adversarial Training,DIA,2020,SKG,0.9366000294685364,0
SKG_DIA_186,Efficient Dialogue State Tracking by Selectively Overwriting Memory,DIA,2020,SKG,0.9395254254341124,0
SKG_DIA_185,Slot Attention with Value Normalization for Multi-Domain Dialogue State Tracking,DIA,2020,SKG,0.93714702129364,0
SKG_DIA_180,Approximation of Response Knowledge Retrieval in Knowledge-grounded Dialogue Generation,DIA,2020,SKG,0.935875415802002,0
SKG_SA_519,Multi-Instance Multi-Label Learning Networks for Aspect-Category Sentiment Analysis,SA,2020,SKG,0.9282811880111694,0
SKG_SA_518,BAKSA at SemEval-2020 Task 9 Bolstering CNN with Self-Attention for Sentiment Analysis of Code Mixed Text,SA,2020,SKG,0.9449915885925292,0
SKG_MT_1331,Learning Source Phrase Representations for Neural Machine Translation,MT,2020,SKG,0.9474441409111024,1
SKG_DIA_237,Generating Dialogue Responses from a Semantic Latent Space,DIA,2020,SKG,0.947135329246521,0
SKG_SA_2,"Tasty Burgers, Soggy Fries Probing Aspect Robustness in Aspect-Based Sentiment Analysis",SA,2020,SKG,0.9289762377738952,0
SKG_MT_826,A General Framework for Adaptation of Neural Machine Translation to Simultaneous Translation,MT,2020,SKG,0.9420912861824036,0
SKG_MT_1341,Language Model Prior for Low-Resource Neural Machine Translation,MT,2020,SKG,0.9463487863540648,0
SKG_MT_634,Training with Adversaries to Improve Faithfulness of Attention in Neural Machine Translation,MT,2020,SKG,0.9296159744262696,0
SKG_MT_628,The LMU Munich System for the WMT 2020 Unsupervised Machine Translation Shared Task,MT,2020,SKG,0.9481273889541626,1
SKG_MT_543,On the Sparsity of Neural Machine Translation Models,MT,2020,SKG,0.9325348138809204,0
SKG_MT_267,A Systematic Study of Inner-Attention-Based Sentence Representations in Multilingual Neural Machine Translation,MT,2020,SKG,0.9487167596817015,1
SKG_SA_453,SentiRec Sentiment Diversity-aware Neural News Recommendation,SA,2020,SKG,0.9417263865470886,0
SKG_SA_445,Reducing Sentiment Bias in Language Models via Counterfactual Evaluation,SA,2020,SKG,0.9447118639945984,0
SKG_DIA_230,Learning Knowledge Bases with Parameters for Task-Oriented Dialogue Systems,DIA,2020,SKG,0.9400717616081238,0
SKG_DIA_226,"Generate, Delete and Rewrite A Three-Stage Framework for Improving Persona Consistency of Dialogue Generation",DIA,2020,SKG,0.946710765361786,0
SKG_DIA_218,Dialogue State Tracking with Explicit Slot Connection Modeling,DIA,2020,SKG,0.9413731694221495,0
SKG_DIA_214,Rethinking Supervised Learning and Reinforcement Learning in Task-Oriented Dialogue Systems,DIA,2020,SKG,0.9401833415031432,0
SKG_DIA_206,MIE A Medical Information Extractor towards Medical Dialogues,DIA,2020,SKG,0.9274367094039916,0
SKG_SA_498,Aspect Sentiment Classification with Aspect-Specific Opinion Spans,SA,2020,SKG,0.952611804008484,1
SKG_SUM_215,A Cascade Approach to Neural Abstractive Summarization with Content Selection and Fusion,SUM,2020,SKG,0.9391531944274902,0
SKG_MT_814,Dynamic Programming Encoding for Subword Segmentation in Neural Machine Translation,MT,2020,SKG,0.9455402493476868,0
SKG_MT_811,Translation Artifacts in Cross-lingual Transfer Learning,MT,2020,SKG,0.9469112157821656,0
SKG_MT_796,Self-Induced Curriculum Learning in Self-Supervised Neural Machine Translation,MT,2020,SKG,0.9249407052993774,0
SKG_MT_1368,The University of Helsinki Submission to the IWSLT2020 Offline SpeechTranslation Task,MT,2020,SKG,0.9442554712295532,0
SKG_MT_1362,Data Rejuvenation Exploiting Inactive Training Examples for Neural Machine Translation,MT,2020,SKG,0.94461190700531,0
SKG_MT_1356,KIT’s IWSLT 2020 SLT Translation System,MT,2020,SKG,0.9314130544662476,0
SKG_MT_1348,Automatic Machine Translation Evaluation in Many Languages via Zero-Shot Paraphrasing,MT,2020,SKG,0.9352917671203612,0
SKG_MT_784,Compressing Neural Machine Translation Models with 4-bit Precision,MT,2020,SKG,0.9262588620185852,0
SKG_DIA_265,Video-Grounded Dialogues with Pretrained Generation Language Models,DIA,2020,SKG,0.9426552057266236,0
SKG_DIA_264,Regularizing Dialogue Generation by Imitating Implicit Scenarios,DIA,2020,SKG,0.9315387606620787,0
SKG_DIA_263,Dialogue Response Ranking Training with Large-Scale Human Feedback Data,DIA,2020,SKG,0.9350322484970092,0
SKG_DIA_262,Dialogue over Context and Structured Knowledge using a Neural Network Model with External Memories,DIA,2020,SKG,0.9342225193977356,0
SKG_DIA_254,Profile Consistency Identification for Open-domain Dialogue Agents,DIA,2020,SKG,0.9267699122428894,0
SKG_DIA_248,Transformers to Learn Hierarchical Contexts in Multiparty Dialogue for Span-based Question Answering,DIA,2020,SKG,0.9422345161437988,0
SKG_DIA_244,Zero-Shot Transfer Learning with Synthesized Data for Multi-Domain Dialogue State Tracking,DIA,2020,SKG,0.9341815710067748,0
SKG_DIA_273,Towards Emotion-aided Multi-modal Dialogue Act Classification,DIA,2020,SKG,0.9344598054885864,0
SKG_MT_531,A Novel Graph-based Multi-modal Fusion Encoder for Neural Machine Translation,MT,2020,SKG,0.9420987367630004,0
SKG_MT_526,Inference Strategies for Machine Translation with Conditional Masking,MT,2020,SKG,0.9248655438423156,0
SKG_MT_525,Unsupervised Multimodal Neural Machine Translation with Pseudo Visual Pivoting,MT,2020,SKG,0.9540817141532898,1
SKG_PAR_64,Compressing Transformer-Based Semantic Parsing Models using Compositional Code Embeddings,PAR,2020,SKG,0.9307764172554016,0
SKG_PAR_51,An Unsupervised Joint System for Text Generation from Knowledge Graphs and Semantic Parsing,PAR,2020,SKG,0.9469523429870604,0
SKG_MT_521,Transfer Learning for Related Languages Submissions to the WMT20 Similar Language Translation Task,MT,2020,SKG,0.9514124989509584,1
SKG_MT_512,AdvAug Robust Adversarial Augmentation for Neural Machine Translation,MT,2020,SKG,0.9494479894638062,1
SKG_MT_499,DiDi’s Machine Translation System for WMT2020,MT,2020,SKG,0.9474188685417176,1
SKG_PAR_83,Online Back-Parsing for AMR-to-Text Generation,PAR,2020,SKG,0.932625949382782,0
SKG_PAR_81,UDapter Language Adaptation for Truly Universal Dependency Parsing,PAR,2020,SKG,0.9443399310112,0
SKG_PAR_70,Keep it Surprisingly Simple A Simple First Order Graph Based Parsing Model for Joint Morphosyntactic Parsing in Sanskrit,PAR,2020,SKG,0.9484125971794128,1
SKG_MT_495,Leveraging Monolingual Data with Self-Supervision for Multilingual Neural Machine Translation,MT,2020,SKG,0.9574669003486632,1
SKG_MT_490,Losing Heads in the Lottery Pruning Transformer Attention in Neural Machine Translation,MT,2020,SKG,0.9403047561645508,0
SKG_MT_489,On the Same Page Comparing Inter-Annotator Agreement in Sentence and Document Level Human Machine Translation Evaluation,MT,2020,SKG,0.9276365041732788,0
SKG_MT_486,"Distill, Adapt, Distill Training Small, In-Domain Models for Neural Machine Translation",MT,2020,SKG,0.9350943565368652,0
SKG_MT_536,Huawei’s Submissions to the WMT20 Biomedical Translation Task,MT,2020,SKG,0.9475439786911012,1
SKG_DIA_236,Towards Holistic and Automatic Evaluation of Open-Domain Dialogue Generation,DIA,2020,SKG,0.9374648332595824,0
SKG_DIA_232,Improving Knowledge-Aware Dialogue Response Generation by Using Human-Written Prototype Dialogues,DIA,2020,SKG,0.9358454942703248,0
SKG_SA_467,A Multi-Task Incremental Learning Framework with Category Name Embedding for Aspect-Category Sentiment Analysis,SA,2020,SKG,0.9327462911605836,0
SKG_MT_782,Re-translation versus Streaming for Simultaneous Translation,MT,2020,SKG,0.9420186877250672,0
SKG_MT_776,Uncertainty-Aware Semantic Augmentation for Neural Machine Translation,MT,2020,SKG,0.9489105343818665,1
SKG_MT_775,Iterative Refinement in the Continuous Space for Non-Autoregressive Neural Machine Translation,MT,2020,SKG,0.9354322552680968,0
SKG_MT_774,IIE’s Neural Machine Translation Systems for WMT20,MT,2020,SKG,0.9505550265312196,1
SKG_MT_769,Reference Language based Unsupervised Neural Machine Translation,MT,2020,SKG,0.9324673414230348,0
SKG_MT_1393,Tencent AI Lab Machine Translation Systems for the WMT20 Biomedical Translation Task,MT,2020,SKG,0.9552732706069946,1
SKG_MT_1391,Transformer-based Double-token Bidirectional Autoregressive Decoding in Neural Machine Translation,MT,2020,SKG,0.9365527033805848,0
SKG_MT_1382,Non-Autoregressive Machine Translation with Latent Alignments,MT,2020,SKG,0.9290742874145508,0
SKG_MT_766,Dual Reconstruction a Unifying Objective for Semi-Supervised Neural Machine Translation,MT,2020,SKG,0.9324929118156432,0
SKG_DIA_289,Dialogue Distillation Open-Domain Dialogue Augmentation Using Unpaired Data,DIA,2020,SKG,0.9394410848617554,0
SKG_DIA_286,Learning to Plan and Realize Separately for Open-Ended Dialogue Systems,DIA,2020,SKG,0.9182206392288208,0
SKG_DIA_283,MinTL Minimalist Transfer Learning for Task-Oriented Dialogue Systems,DIA,2020,SKG,0.9514808654785156,1
SKG_DIA_309,Don’t Say That! Making Inconsistent Dialogue Unlikely with Unlikelihood Training,DIA,2020,SKG,0.9338968396186828,0
SKG_DIA_305,Generalizable and Explainable Dialogue Generation via Explicit Action Learning,DIA,2020,SKG,0.9400299787521362,0
SKG_SA_413,From Disjoint Sets to Parallel Data to Train Seq2Seq Models for Sentiment Transfer,SA,2020,SKG,0.9452865719795228,0
SKG_SA_408,GRACE Gradient Harmonized and Cascaded Labeling for Aspect-based Sentiment Analysis,SA,2020,SKG,0.9530364274978638,1
SKG_SA_403,HPCC-YNU at SemEval-2020 Task 9 A Bilingual Vector Gating Mechanism for Sentiment Analysis of Code-Mixed Text,SA,2020,SKG,0.9447511434555054,0
SKG_SA_402,A Shared-Private Representation Model with Coarse-to-Fine Extraction for Target Sentiment Analysis,SA,2020,SKG,0.951274871826172,1
SKG_DIA_297,MultiDM-GCN Aspect-guided Response Generation in Multi-domain Multi-modal Dialogue System using Graph Convolutional Network,DIA,2020,SKG,0.9318196177482604,0
SKG_SA_58,Graph Attention Network with Memory Fusion for Aspect-level Sentiment Analysis,SA,2020,SKG,0.9522884488105774,1
SKG_SA_57,Convolution over Hierarchical Syntactic and Lexical Graphs for Aspect Level Sentiment Analysis,SA,2020,SKG,0.9462100863456726,0
SKG_SA_55,Zyy1510 Team at SemEval-2020 Task 9 Sentiment Analysis for Code-Mixed Social Media Text with Sub-word Level Representations,SA,2020,SKG,0.9419032335281372,0
SKG_SA_54,An Embedding Model for Estimating Legislative Preferences from the Frequency and Sentiment of Tweets,SA,2020,SKG,0.9322975873947144,0
SKG_SUM_209,Pre-training for Abstractive Document Summarization by Reinstating Source Text,SUM,2020,SKG,0.9436485171318054,0
SKG_SUM_206,Discrete Optimization for Unsupervised Sentence Summarization with Word-Level Extraction,SUM,2020,SKG,0.9418241381645204,0
SKG_PAR_13,Cross-Lingual Dependency Parsing by POS-Guided Word Reordering,PAR,2020,SKG,0.9530328512191772,1
SKG_MT_568,End-to-End Offline Speech Translation System for IWSLT 2020 using Modality Agnostic Meta-Learning,MT,2020,SKG,0.9428629875183104,0
SKG_MT_541,Are we Estimating or Guesstimating Translation Quality,MT,2020,SKG,0.9442694783210754,0
SKG_SA_95,IITK at SemEval-2020 Task 8 Unimodal and Bimodal Sentiment Analysis of Internet Memes,SA,2020,SKG,0.9462919235229492,0
SKG_SA_94,UPB at SemEval-2020 Task 9 Identifying Sentiment in Code-Mixed Social Media Texts Using Transformers and Multi-Task Learning,SA,2020,SKG,0.937868595123291,0
SKG_SA_91,Modelling Context and Syntactical Features for Aspect-based Sentiment Analysis,SA,2020,SKG,0.9462509155273438,0
SKG_SA_87,SemEval-2020 Task 9 Overview of Sentiment Analysis of Code-Mixed Tweets,SA,2020,SKG,0.9135764241218568,0
SKG_SA_84,Improving Aspect-based Sentiment Analysis with Gated Graph Convolutional Networks and Syntax-based Regulation,SA,2020,SKG,0.9464085698127748,0
SKG_SA_81,NITS-Hinglish-SentiMix at SemEval-2020 Task 9 Sentiment Analysis for Code-Mixed Social Media Text Using an Ensemble Model,SA,2020,SKG,0.9313448071479796,0
SKG_SA_71,MEGA RST Discourse Treebanks with Structure and Nuclearity from Scalable Distant Sentiment Supervision,SA,2020,SKG,0.9405722618103028,0
SKG_DIA_270,Learning Goal-oriented Dialogue Policy with opposite Agent Awareness,DIA,2020,SKG,0.9299300909042358,0
SKG_MT_760,Language-aware Interlingua for Multilingual Neural Machine Translation,MT,2020,SKG,0.9485644102096558,1
SKG_MT_749,PATQUEST Papago Translation Quality Estimation,MT,2020,SKG,0.9361964464187622,0
SKG_MT_746,Learning to Evaluate Translation Beyond English BLEURT Submissions to the WMT Metrics 2020 Shared Task,MT,2020,SKG,0.9445408582687378,0
SKG_MT_730,Look It Up Bilingual and Monolingual Dictionaries Improve Neural Machine Translation,MT,2020,SKG,0.9418689012527466,0
SKG_MT_1409,Lexically Constrained Neural Machine Translation with Levenshtein Transformer,MT,2020,SKG,0.9387866854667664,0
SKG_MT_1407,Using Context in Neural Machine Translation Training Objectives,MT,2020,SKG,0.92434424161911,0
SKG_DIA_314,Slot-consistent NLG for Task-oriented Dialogue Systems with Iterative Rectification Network,DIA,2020,SKG,0.9416298866271972,0
SKG_DIA_311,Efficient Context and Schema Fusion Networks for Multi-Domain Dialogue State Tracking,DIA,2020,SKG,0.951405704021454,1
SKG_MT_718,It’s Easier to Translate out of English than into it Measuring Neural Translation Difficulty by Cross-Mutual Information,MT,2020,SKG,0.9433218240737916,0
SKG_MT_714,Document Translation vs. Query Translation for Cross-Lingual Information Retrieval in the Medical Domain,MT,2020,SKG,0.9486843347549438,1
SKG_MT_693,Evaluating Explanation Methods for Neural Machine Translation,MT,2020,SKG,0.9424818754196168,0
SKG_MT_689,HW-TSC’s Participation in the WMT 2020 News Translation Shared Task,MT,2020,SKG,0.9439314603805542,0
SKG_MT_685,Korean-to-Japanese Neural Machine Translation System using Hanja Information,MT,2020,SKG,0.94566547870636,0
SKG_MT_1450,"Machine Translation for English–Inuktitut with Segmentation, Data Acquisition and Pre-Training",MT,2020,SKG,0.9439184069633484,0
SKG_MT_1447,Simultaneous Translation Policies From Fixed to Adaptive,MT,2020,SKG,0.93747740983963,0
SKG_MT_1431,End-to-End Simultaneous Translation System for IWSLT2020 Using Modality Agnostic Meta-Learning,MT,2020,SKG,0.9274975061416626,0
NOVEL_MT_9,Self-Training for Unsupervised Neural Machine Translation in Unbalanced Training Data Scenarios,MT,2020,NOVEL,0.9488226175308228,1
SKG_SA_384,Relation-Aware Collaborative Learning for Unified Aspect-Based Sentiment Analysis,SA,2020,SKG,0.9423996210098268,0
SKG_SA_150,Dependency Graph Enhanced Dual-transformer Structure for Aspect-based Sentiment Classification,SA,2020,SKG,0.948172688484192,1
NOVEL_MT_163,Rewriter-Evaluator Architecture for Neural Machine Translation,MT,2020,NOVEL,0.9451077580451964,0
SKG_SA_137,Unsupervised Aspect-Level Sentiment Controllable Style Transfer,SA,2020,SKG,0.9482157826423644,1
SKG_SA_133,Sentiment Analysis of Tweets using Heterogeneous Multi-layer Network Representation and Embedding,SA,2020,SKG,0.9424836039543152,0
SKG_SA_124,Inducing Target-Specific Latent Structures for Aspect Sentiment Classification,SA,2020,SKG,0.948469340801239,1
SKG_SA_102,CH-SIMS A Chinese Multimodal Sentiment Analysis Dataset with Fine-grained Annotation of Modality,SA,2020,SKG,0.9336117506027222,0
SKG_SA_371,GRUBERT A GRU-Based Method to Fuse BERT Hidden Layers for Twitter Sentiment Analysis,SA,2020,SKG,0.9470589756965636,0
SKG_SA_358,Reed at SemEval-2020 Task 9 Fine-Tuning and Bag-of-Words Approaches to Code-Mixed Sentiment Analysis,SA,2020,SKG,0.9491884112358092,1
SKG_DIA_317,Bridging the Gap between Prior and Posterior Knowledge Selection for Knowledge-Grounded Dialogue Generation,DIA,2020,SKG,0.9364532232284546,0
SKG_DIA_315,Improving Limited Labeled Dialogue State Tracking with Self-Supervision,DIA,2020,SKG,0.94277161359787,0
SKG_MT_1430,Touch Editing A Flexible One-Time Interaction Approach for Translation,MT,2020,SKG,0.9349276423454284,0
SKG_MT_1428,Imitation Attacks and Defenses for Black-box Machine Translation Systems,MT,2020,SKG,0.923199474811554,0
SKG_MT_677,Adobe AMPS’s Submission for Very Low Resource Supervised Translation Task at WMT20,MT,2020,SKG,0.957525074481964,1
SKG_MT_656,Multimodal Quality Estimation for Machine Translation,MT,2020,SKG,0.882542610168457,0
SKG_MT_631,Jointly Masked Sequence-to-Sequence Model for Non-Autoregressive Neural Machine Translation,MT,2020,SKG,0.9538977742195128,1
SKG_NLI_3,Unsupervised Natural Language Inference via Decoupled Multimodal Contrastive Learning,NLI,2020,SKG,0.9311872720718384,0
SKG_NLI_0,Discriminative Nearest Neighbor Few-Shot Intent Detection by Transferring Natural Language Inference,NLI,2020,SKG,0.9619354009628296,1
SKG_SA_350,Public Sentiment Drift Analysis Based on Hierarchical Variational Auto-encoder,SA,2020,SKG,0.9437206983566284,0
SKG_SA_345,SentiBERT A Transferable Transformer-Based Architecture for Compositional Sentiment Semantics,SA,2020,SKG,0.9391449689865112,0
SKG_SA_344,Applying Transformers and Aspect-based Sentiment Analysis approaches on Sarcasm Detection,SA,2020,SKG,0.9432610273361206,0
SKG_SA_156,Multi-task Learning for Automated Essay Scoring with Sentiment Analysis,SA,2020,SKG,0.9461801648139954,0
SKG_DIA_293,FERNet Fine-grained Extraction and Reasoning Network for Emotion Recognition in Dialogues,DIA,2020,SKG,0.9413183927536012,0
SKG_SA_233,Weakly-Supervised Aspect-Based Sentiment Analysis via Joint Aspect-Sentiment Topic Embedding,SA,2020,SKG,0.9556407928466796,1
SKG_SA_231,Relational Graph Attention Network for Aspect-based Sentiment Analysis,SA,2020,SKG,0.956856369972229,1
SKG_SA_214,CS-Embed at SemEval-2020 Task 9 The Effectiveness of Code-switched Word Embeddings for Sentiment Analysis,SA,2020,SKG,0.9439760446548462,0
SKG_SA_205,SKEP Sentiment Knowledge Enhanced Pre-training for Sentiment Analysis,SA,2020,SKG,0.9494169354438782,1
SKG_NLI_17,General Purpose Text Embeddings from Pre-trained Language Models for Scalable Inference,NLI,2020,SKG,0.9405263066291808,0
SKG_NLI_16,Avoiding the Hypothesis-Only Bias in Natural Language Inference via Ensemble Adversarial Training,NLI,2020,SKG,0.9322778582572936,0
SKG_NLI_8,Mining Knowledge for Natural Language Inference from Wikipedia Categories,NLI,2020,SKG,0.9435032606124878,0
SKG_NLI_5,Dual Inference for Improving Language Understanding and Generation,NLI,2020,SKG,0.9383934140205384,0
SKG_MT_594,Pre-training Multilingual Neural Machine Translation by Leveraging Alignment Information,MT,2020,SKG,0.9433516263961792,0
SKG_MT_579,Multi-Hypothesis Machine Translation Evaluation,MT,2020,SKG,0.929940700531006,0
SKG_MT_573,Character-Level Translation with Self-attention,MT,2020,SKG,0.9503186941146852,1
SKG_PAR_32,Unsupervised Parsing with S-DIORA Single Tree Encoding for Deep Inside-Outside Recursive Autoencoders,PAR,2020,SKG,0.9489935636520386,1
SKG_PAR_26,Bridging Textual and Tabular Data for Cross-Domain Text-to-SQL Semantic Parsing,PAR,2020,SKG,0.94873046875,1
SKG_PAR_23,Grounded Adaptation for Zero-shot Executable Semantic Parsing,PAR,2020,SKG,0.9251686930656432,0
SKG_PAR_21,Exploring Contextualized Neural Language Models for Temporal Dependency Parsing,PAR,2020,SKG,0.9388352632522584,0
SKG_PAR_16,Rethinking Self-Attention Towards Interpretability in Neural Parsing,PAR,2020,SKG,0.9458249807357788,0
SKG_MT_1142,English-to-Japanese Diverse Translation by Combining Forward and Backward Outputs,MT,2020,SKG,0.9389522671699524,0
SKG_MT_1128,Translationese as a Language in “Multilingual” NMT,MT,2020,SKG,0.9351531267166138,0
SKG_MT_1126,A Retrieve-and-Rewrite Initialization Method for Unsupervised Machine Translation,MT,2020,SKG,0.9388251304626464,0
SKG_MT_1104,Boosting Neural Machine Translation with Similar Translations,MT,2020,SKG,0.9451760053634644,0
SKG_MT_1181,From Speech-to-Speech Translation to Automatic Dubbing,MT,2020,SKG,0.9234221577644348,0
SKG_MT_1180,Multi-Task Neural Model for Agglutinative Language Translation,MT,2020,SKG,0.953158974647522,1
SKG_MT_1178,"Worse WER, but Better BLEU Leveraging Word Embedding as Intermediate in Multitask End-to-End Speech Translation",MT,2020,SKG,0.9337159991264344,0
SKG_MT_1164,Knowledge Distillation for Multilingual Unsupervised Neural Machine Translation,MT,2020,SKG,0.9516599774360656,1
SKG_MT_1094,Translation Quality Estimation by Jointly Learning to Score and Rank,MT,2020,SKG,0.9468332529067992,0
SKG_DIA_16,Learning Efficient Dialogue Policy from Demonstrations through Shaping,DIA,2020,SKG,0.9413658380508424,0
SKG_DIA_14,Spot The Bot A Robust and Efficient Framework for the Evaluation of Conversational Dialogue Systems,DIA,2020,SKG,0.9239700436592102,0
SKG_DIA_13,Dr. Summarize Global Summarization of Medical Dialogue by Exploiting Local Structures.,DIA,2020,SKG,0.9289547204971312,0
SKG_QA_2,Span Selection Pre-training for Question Answering,QA,2020,SKG,0.9483150243759156,1
SKG_MT_226,Multiscale Collaborative Deep Models for Neural Machine Translation,MT,2020,SKG,0.9511903524398804,1
SKG_MT_208,BERT Enhanced Neural Machine Translation and Sequence Tagging Model for Chinese Grammatical Error Diagnosis,MT,2020,SKG,0.9387027621269226,0
SKG_MT_207,FJWU participation for the WMT20 Biomedical Translation Task,MT,2020,SKG,0.9366145133972168,0
SKG_SA_284,Cross-Lingual Unsupervised Sentiment Classification with Multi-View Transfer Learning,SA,2020,SKG,0.9555996656417848,1
SKG_MT_1149,Subword Segmentation and a Single Bridge Language Affect Zero-Shot Neural Machine Translation,MT,2020,SKG,0.9337345361709596,0
SKG_SUM_160,Multi-XScience A Large-scale Dataset for Extreme Multi-document Summarization of Scientific Articles,SUM,2020,SKG,0.9346485137939452,0
SKG_SUM_170,Jointly Learning to Align and Summarize for Neural Cross-Lingual Summarization,SUM,2020,SKG,0.94944828748703,1
SKG_MT_1143,Vocabulary Adaptation for Domain Adaptation in Neural Machine Translation,MT,2020,SKG,0.9470283389091492,0
SKG_MT_1145,On the Inference Calibration of Neural Machine Translation,MT,2020,SKG,0.9355249404907228,0
SKG_MT_1146,"Machine Translation for English–Inuktitut with Segmentation, Data Acquisition and Pre-Training",MT,2020,SKG,0.9439184069633484,0
SKG_SUM_184,TED A Pretrained Unsupervised Summarization Model with Theme Modeling and Denoising,SUM,2020,SKG,0.9392675161361694,0
NOVEL_DIA_59,Leveraging Slot Descriptions for Zero-Shot Cross-Domain Dialogue StateTracking,DIA,2021,NOVEL,0.9629300832748412,1
NOVEL_DIA_56,MediaSum A Large-scale Media Interview Dataset for Dialogue Summarization,DIA,2021,NOVEL,0.9374068975448608,0
NOVEL_DIA_55,Contextual Rephrase Detection for Reducing Friction in Dialogue Systems,DIA,2021,NOVEL,0.9351077079772948,0
NOVEL_DIA_54,Knowledge-Aware Graph-Enhanced GPT-2 for Dialogue State Tracking,DIA,2021,NOVEL,0.9455934762954712,0
NOVEL_DIA_53,More is Better Enhancing Open-Domain Dialogue Generation via Multi-Source Heterogeneous Knowledge,DIA,2021,NOVEL,0.9458462595939636,0
NOVEL_DIA_52,GOLD Improving Out-of-Scope Detection in Dialogues using Data Augmentation,DIA,2021,NOVEL,0.9458484649658204,0
NOVEL_DIA_51,Adding Chit-Chat to Enhance Task-Oriented Dialogues,DIA,2021,NOVEL,0.9574536085128784,1
NOVEL_DIA_50,Contextualize Knowledge Bases with Transformer for End-to-end Task-Oriented Dialogue Systems,DIA,2021,NOVEL,0.9492884874343872,1
NOVEL_DIA_49,Efficient Dialogue Complementary Policy Learning via Deep Q-network Policy and Episodic Memory Policy,DIA,2021,NOVEL,0.9462920427322388,0
NOVEL_DIA_47,Spoken Language Understanding for Task-oriented Dialogue Systems with Augmented Memory Networks,DIA,2021,NOVEL,0.9435997009277344,0
NOVEL_DIA_45,Neural Path Hunter Reducing Hallucination in Dialogue Systems via Path Grounding,DIA,2021,NOVEL,0.9257707595825196,0
NOVEL_DIA_44,Dialogue State Tracking with a Language Model using Schema-Driven Prompting,DIA,2021,NOVEL,0.9518522024154664,1
NOVEL_DIA_43,Controllable Neural Dialogue Summarization with Personal Named Entity Planning,DIA,2021,NOVEL,0.9362020492553712,0
NOVEL_DIA_42,A Simple and Efficient Multi-Task Learning Approach for Conditioned Dialogue Generation,DIA,2021,NOVEL,0.9469250440597534,0
NOVEL_DIA_41,"Preview, Attend and Review Schema-Aware Curriculum Learning for Multi-Domain Dialogue State Tracking",DIA,2021,NOVEL,0.9848536252975464,1
NOVEL_DIA_40,Zero-Shot Dialogue Disentanglement by Self-Supervised Entangled Response Selection,DIA,2021,NOVEL,0.945058524608612,0
NOVEL_DIA_10,Transferable Persona-Grounded Dialogues via Grounded Minimal Edits,DIA,2021,NOVEL,0.9471548795700072,0
NOVEL_DIA_11,Bot-Adversarial Dialogue for Safe Conversational Agents,DIA,2021,NOVEL,0.9836711883544922,1
NOVEL_DIA_12,Different Strokes for Different Folks Investigating Appropriate Further Pre-training Approaches for Diverse Dialogue Tasks,DIA,2021,NOVEL,0.9265693426132202,0
NOVEL_DIA_13,Reference-Centric Models for Grounded Collaborative Dialogue,DIA,2021,NOVEL,0.9313381314277648,0
NOVEL_DIA_14,RAST Domain-Robust Dialogue Rewriting as Sequence Tagging,DIA,2021,NOVEL,0.9475549459457396,1
NOVEL_DIA_16,"“Nice Try, Kiddo” Investigating Ad Hominems in Dialogue Responses",DIA,2021,NOVEL,0.9753352403640748,1
NOVEL_DIA_17,A Three-Stage Learning Framework for Low-Resource Knowledge-Grounded Dialogue Generation,DIA,2021,NOVEL,0.9510679244995116,1
NOVEL_DIA_18,CoLV A Collaborative Latent Variable Model for Knowledge-Grounded Dialogue Generation,DIA,2021,NOVEL,0.9398626089096068,0
NOVEL_DIA_20,A Comparative Study on Schema-Guided Dialogue State Tracking,DIA,2021,NOVEL,0.935178279876709,0
NOVEL_DIA_21,Simple Conversational Data Augmentation for Semi-supervised Abstractive Dialogue Summarization,DIA,2021,NOVEL,0.9342762231826782,0
NOVEL_MT_62,Uncertainty-Aware Balancing for Multilingual and Multi-Domain Neural Machine Translation Training,MT,2021,NOVEL,0.952513575553894,1
NOVEL_MT_61,Machine Translation of Low-Resource Indo-European Languages,MT,2021,NOVEL,0.9449383020401,0
NOVEL_MT_54,Learning Language Specific Sub-network for Multilingual Machine Translation,MT,2021,NOVEL,0.9851033091545104,1
NOVEL_MT_53,Data Augmentation with Unsupervised Machine Translation Improves the Structural Similarity of Cross-lingual Word Embeddings,MT,2021,NOVEL,0.9717705845832824,1
NOVEL_MT_52,Context-aware Decoder for Neural Machine Translation using a Target-side Document-Level Language Model,MT,2021,NOVEL,0.9529212117195128,1
NOVEL_MT_91,Translating Headers of Tabular Data A Pilot Study of Schema Translation,MT,2021,NOVEL,0.9284208416938782,0
NOVEL_MT_89,Adaptive Nearest Neighbor Machine Translation,MT,2021,NOVEL,0.9853367805480956,1
NOVEL_MT_88,Improving Zero-Shot Translation by Disentangling Positional Information,MT,2021,NOVEL,0.9495807886123656,1
NOVEL_MT_86,mT6 Multilingual Pretrained Text-to-Text Transformer with Translation Pairs,MT,2021,NOVEL,0.9602211713790894,1
NOVEL_MT_83,Introducing Mouse Actions into Interactive-Predictive Neural Machine Translation,MT,2021,NOVEL,0.9313756823539734,0
NOVEL_MT_82,Rule-based Morphological Inflection Improves Neural Terminology Translation,MT,2021,NOVEL,0.9434558749198914,0
NOVEL_MT_81,Improving Neural Machine Translation by Bidirectional Training,MT,2021,NOVEL,0.9413436055183412,0
NOVEL_MT_78,NeurST Neural Speech Translation Toolkit,MT,2021,NOVEL,0.9859176874160768,1
NOVEL_MT_29,Modeling Target-side Inflection in Placeholder Translation,MT,2021,NOVEL,0.9401034116744996,0
NOVEL_MT_26,Multilingual Machine Translation Systems from Microsoft for WMT21 Shared Task,MT,2021,NOVEL,0.9508517384529114,1
NOVEL_MT_63,Breaking the Corpus Bottleneck for Context-Aware Neural Machine Translation with Cross-Task Pre-training,MT,2021,NOVEL,0.9785011410713196,1
NOVEL_MT_23,The NiuTrans Machine Translation Systems for WMT21,MT,2021,NOVEL,0.9340659976005554,0
NOVEL_MT_21,Cascade versus Direct Speech Translation Do the Differences Still Make a Difference,MT,2021,NOVEL,0.9222944974899292,0
NOVEL_MT_19,CUNI systems for WMT21 Multilingual Low-Resource Translation for Indo-European Languages Shared Task,MT,2021,NOVEL,0.9513867497444152,1
NOVEL_MT_17,Investigating Active Learning in Interactive Neural Machine Translation,MT,2021,NOVEL,0.9285383224487304,0
NOVEL_MT_16,SentSim Crosslingual Semantic Evaluation of Machine Translation,MT,2021,NOVEL,0.946126103401184,0
NOVEL_MT_15,Vocabulary Learning via Optimal Transport for Neural Machine Translation,MT,2021,NOVEL,0.9905717968940736,1
NOVEL_MT_11,Do Context-Aware Translation Models Pay the Right Attention,MT,2021,NOVEL,0.9805216789245604,1
NOVEL_MT_49,Neural Machine Translation in Low-Resource Setting a Case Study in English-Marathi Pair,MT,2021,NOVEL,0.9435818791389464,0
NOVEL_MT_47,When is Char Better Than Subword A Systematic Study of Segmentation Algorithms for Neural Machine Translation,MT,2021,NOVEL,0.9884319305419922,1
NOVEL_MT_45,Surprise Language Challenge Developing a Neural Machine Translation System between Pashto and English in Two Months,MT,2021,NOVEL,0.9285638928413392,0
NOVEL_MT_42,Robust Open-Vocabulary Translation from Visual Text Representations,MT,2021,NOVEL,0.9391635656356812,0
NOVEL_MT_40,Smart-Start Decoding for Neural Machine Translation,MT,2021,NOVEL,0.9841068387031556,1
NOVEL_MT_39,Pruning-then-Expanding Model for Domain Adaptation of Neural Machine Translation,MT,2021,NOVEL,0.9509337544441224,1
NOVEL_MT_37,Modeling Bilingual Conversational Characteristics for Neural Chat Translation,MT,2021,NOVEL,0.9893997311592102,1
NOVEL_MT_35,Dynamic Terminology Integration for COVID-19 and Other Emerging Domains,MT,2021,NOVEL,0.9231378436088562,0
NOVEL_MT_31,WeChat Neural Machine Translation Systems for WMT21,MT,2021,NOVEL,0.9105274081230164,0
NOVEL_MT_77,Back-translation for Large-Scale Multilingual Machine Translation,MT,2021,NOVEL,0.9499574899673462,1
NOVEL_MT_74,Unsupervised Neural Machine Translation for Low-Resource Domains via Meta-Learning,MT,2021,NOVEL,0.9591352343559264,1
NOVEL_MT_71,Unsupervised Translation of German–Lower Sorbian Exploring Training and Novel Transfer Methods on a Low-Resource Language,MT,2021,NOVEL,0.938956081867218,0
NOVEL_MT_67,An Alignment-Based Approach to Semi-Supervised Bilingual Lexicon Induction with Small Parallel Corpora,MT,2021,NOVEL,0.9511993527412416,1
NOVEL_MT_66,GWLAN General Word-Level AutocompletioN for Computer-Aided Translation,MT,2021,NOVEL,0.9868783950805664,1
NOVEL_MT_64,GFST Gender-Filtered Self-Training for More Accurate Gender in Translation,MT,2021,NOVEL,0.9496694803237916,1
NOVEL_MT_105,Neural Machine Translation with Inflected Lexicon,MT,2021,NOVEL,0.9314988255500792,0
NOVEL_MT_104,Chinese Opinion Role Labeling with Corpus Translation A Pivot Study,MT,2021,NOVEL,0.949302852153778,1
NOVEL_MT_101,Investigating the Helpfulness of Word-Level Quality Estimation for Post-Editing Machine Translation Output,MT,2021,NOVEL,0.9262876510620116,0
NOVEL_MT_99,Improving Simultaneous Translation by Incorporating Pseudo-References with Fewer Reorderings,MT,2021,NOVEL,0.946185290813446,0
NOVEL_MT_96,Probing Word Translations in the Transformer and Trading Decoder for Encoder Layers,MT,2021,NOVEL,0.9843071103096008,1
NOVEL_MT_93,Zero-Shot Cross-Lingual Transfer of Neural Machine Translation with Multilingual Pretrained Encoders,MT,2021,NOVEL,0.9523439407348632,1
NOVEL_MT_92,Analyzing the Source and Target Contributions to Predictions in Neural Machine Translation,MT,2021,NOVEL,0.9336553812026978,0
NOVEL_MT_25,Learning to Rewrite for Non-Autoregressive Neural Machine Translation,MT,2021,NOVEL,0.9491503834724426,1
NOVEL_MT_24,Improving Speech Translation by Understanding and Learning from the Auxiliary Text Translation Task,MT,2021,NOVEL,0.99025696516037,1
NOVEL_MT_125,Rethinking Data Augmentation for Low-Resource Neural Machine Translation A Multi-Task Learning Approach,MT,2021,NOVEL,0.9492318034172058,1
NOVEL_MT_124,ChrEnTranslate Cherokee-English Machine Translation Demo with Quality Estimation and Corrective Feedback,MT,2021,NOVEL,0.9870719909667968,1
NOVEL_MT_122,HintedBT Augmenting Back-Translation with Quality and Transliteration Hints,MT,2021,NOVEL,0.9515420794487,1
NOVEL_MT_121,Multi-Task Learning with Shared Encoder for Non-Autoregressive Machine Translation,MT,2021,NOVEL,0.9835103750228882,1
NOVEL_MT_120,"BERT, mBERT, or BiBERT A Study on Contextualized Embeddings for Neural Machine Translation",MT,2021,NOVEL,0.9540117383003236,1
NOVEL_MT_118,Cross Attention Augmented Transducer Networks for Simultaneous Translation,MT,2021,NOVEL,0.9348195791244508,0
NOVEL_MT_117,AligNART Non-autoregressive Neural Machine Translation by Jointly Learning to Estimate Alignment and Translate,MT,2021,NOVEL,0.942959189414978,0
NOVEL_MT_116,Harnessing Multilinguality in Unsupervised Machine Translation for Rare Languages,MT,2021,NOVEL,0.9506295323371888,1
NOVEL_MT_115,A Generative Framework for Simultaneous Machine Translation,MT,2021,NOVEL,0.9450758099555968,0
NOVEL_MT_113,Multilingual Unsupervised Neural Machine Translation with Denoising Adapters,MT,2021,NOVEL,0.944280445575714,0
NOVEL_MT_112,Enlivening Redundant Heads in Multi-head Self-attention for Machine Translation,MT,2021,NOVEL,0.929838001728058,0
NOVEL_MT_110,Learning Feature Weights using Reward Modeling for Denoising Parallel Corpora,MT,2021,NOVEL,0.9523590803146362,1
NOVEL_MT_109,The Case for Translation-Invariant Self-Attention in Transformer-Based Language Models,MT,2021,NOVEL,0.9311457872390748,0
NOVEL_MT_108,Lightweight Adapter Tuning for Multilingual Speech Translation,MT,2021,NOVEL,0.9373959302902222,0
NOVEL_MT_107,Diverse Pretrained Context Encodings Improve Document Translation,MT,2021,NOVEL,0.924057960510254,0
NOVEL_MT_10,Distributionally Robust Multilingual Machine Translation,MT,2021,NOVEL,0.9527398347854614,1
NOVEL_MT_5,Towards Modeling the Style of Translators in Neural Machine Translation,MT,2021,NOVEL,0.9478248357772828,1
NOVEL_MT_4,Product Review Translation using Phrase Replacement and Attention Guided Noise Augmentation,MT,2021,NOVEL,0.9395760297775269,0
NOVEL_MT_2,Towards Making the Most of Dialogue Characteristics for Neural Chat Translation,MT,2021,NOVEL,0.9498156309127808,1
NOVEL_MT_0,Investigating Softmax Tempering for Training Neural Machine Translation Models,MT,2021,NOVEL,0.9428442120552064,0
NOVEL_MT_141,Improving the Lexical Ability of Pretrained Language Models for Unsupervised Neural Machine Translation,MT,2021,NOVEL,0.9544001817703248,1
NOVEL_MT_140,From Masked Language Modeling to Translation Non-English Auxiliary Tasks Improve Zero-shot Spoken Language Understanding,MT,2021,NOVEL,0.948322296142578,1
NOVEL_MT_139,Neural Machine Translation with Monolingual Translation Memory,MT,2021,NOVEL,0.9878031611442566,1
NOVEL_MT_137,Translation-based Supervision for Policy Generation in Simultaneous Neural Machine Translation,MT,2021,NOVEL,0.9388532638549804,0
NOVEL_MT_133,Sentiment-based Candidate Selection for NMT,MT,2021,NOVEL,0.9435830116271972,0
NOVEL_MT_132,Integrating Unsupervised Data Generation into Self-Supervised Neural Machine Translation for Low-Resource Languages,MT,2021,NOVEL,0.9454973936080932,0
NOVEL_MT_130,Mutual-Learning Improves End-to-End Speech Translation,MT,2021,NOVEL,0.9394015073776244,0
NOVEL_MT_128,IntelliCAT Intelligent Machine Translation Post-Editing with Quality Estimation and Translation Suggestion,MT,2021,NOVEL,0.9855377078056335,1
NOVEL_MT_127,The JHU-Microsoft Submission for WMT21 Quality Estimation Shared Task,MT,2021,NOVEL,0.9510010480880736,1
NOVEL_MT_167,Non-Autoregressive Translation by Learning Target Categorical Codes,MT,2021,NOVEL,0.9851174354553224,1
NOVEL_MT_165,Studying The Impact Of Document-level Context On Simultaneous Neural Machine Translation,MT,2021,NOVEL,0.9358266592025756,0
NOVEL_MT_161,Difficulty-Aware Machine Translation Evaluation,MT,2021,NOVEL,0.9842340350151062,1
NOVEL_MT_156,Is “moby dick” a Whale or a Bird Named Entities and Terminology in Speech Translation,MT,2021,NOVEL,0.9349403381347656,0
NOVEL_MT_155,Understanding the Properties of Minimum Bayes Risk Decoding in Neural Machine Translation,MT,2021,NOVEL,0.9332724809646606,0
NOVEL_MT_154,Source and Target Bidirectional Knowledge Distillation for End-to-end Speech Translation,MT,2021,NOVEL,0.9803964495658876,1
NOVEL_MT_153,“Wikily” Supervised Neural Translation Tailored to Cross-Lingual Tasks,MT,2021,NOVEL,0.9391485452651978,0
NOVEL_MT_150,Selective Knowledge Distillation for Neural Machine Translation,MT,2021,NOVEL,0.9907204508781432,1
NOVEL_MT_148,Phrase-level Active Learning for Neural Machine Translation,MT,2021,NOVEL,0.9544163942337036,1
NOVEL_MT_144,Glancing Transformer for Non-Autoregressive Neural Machine Translation,MT,2021,NOVEL,0.9838348627090454,1
NOVEL_MT_179,Fast and Accurate Neural Machine Translation with Translation Memory,MT,2021,NOVEL,0.9877514839172364,1
NOVEL_MT_177,SGL Speaking the Graph Languages of Semantic Parsing via Multilingual Translation,MT,2021,NOVEL,0.9396950006484984,0
NOVEL_MT_174,Speechformer Reducing Information Loss in Direct Speech Translation,MT,2021,NOVEL,0.9420593976974488,0
NOVEL_MT_172,SemFace Pre-training Encoder and Decoder with a Semantic Interface for Neural Machine Translation,MT,2021,NOVEL,0.9809679985046388,1
NOVEL_MT_168,Don’t Go Far Off An Empirical Study on Neural Poetry Translation,MT,2021,NOVEL,0.930760383605957,0
NOVEL_MT_198,Multi-Head Highly Parallelized LSTM Decoder for Neural Machine Translation,MT,2021,NOVEL,0.9901374578475952,1
NOVEL_MT_193,It Is Not As Good As You Think! Evaluating Simultaneous Machine Translation on Interpretation Data,MT,2021,NOVEL,0.9335503578186036,0
NOVEL_MT_192,PhoMT A High-Quality and Large-Scale Benchmark Dataset for Vietnamese-English Machine Translation,MT,2021,NOVEL,0.9418121576309204,0
NOVEL_MT_190,The Effect of Round-Trip Translation on Fairness in Sentiment Analysis,MT,2021,NOVEL,0.9272621273994446,0
NOVEL_MT_189,Machine Translated Text Detection Through Text Similarity with Round-Trip Translation,MT,2021,NOVEL,0.9745506048202516,1
NOVEL_MT_187,Crafting Adversarial Examples for Neural Machine Translation,MT,2021,NOVEL,0.9902198910713196,1
NOVEL_MT_186,Attention Calibration for Transformer in Neural Machine Translation,MT,2021,NOVEL,0.9888466000556946,1
NOVEL_MT_185,Discriminative Reranking for Neural Machine Translation,MT,2021,NOVEL,0.97734797000885,1
NOVEL_MT_183,Unsupervised Neural Machine Translation with Universal Grammar,MT,2021,NOVEL,0.931450366973877,0
NOVEL_MT_182,Universal Simultaneous Machine Translation with Mixture-of-Experts Wait-k Policy,MT,2021,NOVEL,0.9507102966308594,1
NOVEL_MT_181,Monotonic Simultaneous Translation with Chunk-wise Reordering and Refinement,MT,2021,NOVEL,0.9434933662414552,0
NOVEL_MT_180,Context-Interactive Pre-Training for Document Machine Translation,MT,2021,NOVEL,0.982465922832489,1
NOVEL_MT_209,Like Chalk and Cheese On the Effects of Translationese in MT Training,MT,2021,NOVEL,0.9355510473251344,0
NOVEL_MT_208,Stacked Acoustic-and-Textual Encoding Integrating the Pre-trained Models into Speech Translation Encoders,MT,2021,NOVEL,0.9815900921821594,1
NOVEL_MT_207,Video-guided Machine Translation with Spatial Hierarchical Attention Network,MT,2021,NOVEL,0.9858528971672058,1
NOVEL_MT_205,An Empirical Investigation of Word Alignment Supervision for Zero-Shot Multilingual Neural Machine Translation,MT,2021,NOVEL,0.9454737901687622,0
NOVEL_MT_202,Guiding Teacher Forcing with Seer Forcing for Neural Machine Translation,MT,2021,NOVEL,0.9866971969604492,1
NOVEL_SA_67,Hurdles to Progress in Long-form Question Answering,SA,2021,NOVEL,0.933031439781189,0
NOVEL_SA_66,Improving Multimodal Fusion with Hierarchical Mutual Information Maximization for Multimodal Sentiment Analysis,SA,2021,NOVEL,0.946635603904724,0
NOVEL_SA_65,Capturing Row and Column Semantics in Transformer Based Question Answering over Tables,SA,2021,NOVEL,0.941518008708954,0
NOVEL_SA_64,CLASSIC Continual and Contrastive Learning of Aspect Sentiment Classification Tasks,SA,2021,NOVEL,0.9175283312797546,0
NOVEL_SA_63,CLEVR_HYP A Challenge Dataset and Baselines for Visual Question Answering with Hypothetical Actions over Images,SA,2021,NOVEL,0.9457635879516602,0
NOVEL_SA_62,Video Question Answering with Phrases via Semantic Roles,SA,2021,NOVEL,0.9435154795646667,0
NOVEL_SA_61,AVA an Automatic eValuation Approach for Question Answering Systems,SA,2021,NOVEL,0.9399526715278624,0
NOVEL_SA_60,Learning Span-Level Interactions for Aspect Sentiment Triplet Extraction,SA,2021,NOVEL,0.9896837472915648,1
NOVEL_SA_59,Implicit Sentiment Analysis with Event-centered Text Representation,SA,2021,NOVEL,0.94770747423172,1
NOVEL_SA_58,Aspect-based Sentiment Analysis with Type-aware Graph Convolutional Networks and Layer Ensemble,SA,2021,NOVEL,0.9482820630073548,1
NOVEL_SA_57,Adapting BERT for Continual Learning of a Sequence of Aspect Sentiment Classification Tasks,SA,2021,NOVEL,0.9318937063217164,0
NOVEL_MT_213,"Point, Disambiguate and Copy Incorporating Bilingual Dictionaries for Neural Machine Translation",MT,2021,NOVEL,0.9802626371383668,1
NOVEL_MT_210,Continual Learning for Neural Machine Translation,MT,2021,NOVEL,0.9525794982910156,1
NOVEL_SA_52,Aspect Sentiment Quad Prediction as Paraphrase Generation,SA,2021,NOVEL,0.9504196047782898,1
NOVEL_SA_51,RocketQA An Optimized Training Approach to Dense Passage Retrieval for Open-Domain Question Answering,SA,2021,NOVEL,0.9714113473892212,1
NOVEL_SA_50,Breadth First Reasoning Graph for Multi-hop Question Answering,SA,2021,NOVEL,0.9453245401382446,0
NOVEL_SA_49,Multimodal Sentiment Detection Based on Multi-channel Graph Neural Networks,SA,2021,NOVEL,0.9915273785591124,1
NOVEL_SA_48,Dual Graph Convolutional Networks for Aspect-based Sentiment Analysis,SA,2021,NOVEL,0.9872881770133972,1
NOVEL_SA_46,If You Want to Go Far Go Together Unsupervised Joint Candidate Evidence Retrieval for Multi-hop Question Answering,SA,2021,NOVEL,0.9376837611198424,0
NOVEL_SA_45,SPARTQA A Textual Question Answering Benchmark for Spatial Reasoning,SA,2021,NOVEL,0.9814408421516418,1
NOVEL_SA_44,The Effect of Round-Trip Translation on Fairness in Sentiment Analysis,SA,2021,NOVEL,0.9272621273994446,0
NOVEL_SA_43,On the Transferability of Minimal Prediction Preserving Inputs in Question Answering,SA,2021,NOVEL,0.9320695996284484,0
NOVEL_SA_42,"Seeking Common but Distinguishing Difference, A Joint Aspect-based Sentiment Analysis Model",SA,2021,NOVEL,0.9472902417182922,0
NOVEL_SA_41,Grey-box Adversarial Attack And Defence For Sentiment Classification,SA,2021,NOVEL,0.9836694002151488,1
NOVEL_SA_40,Open Aspect Target Sentiment Classification with Natural Language Prompts,SA,2021,NOVEL,0.9311681985855104,0
NOVEL_SA_39,BERT4GCN Using BERT Intermediate Layers to Augment GCN for Aspect-based Sentiment Classification,SA,2021,NOVEL,0.9420676231384276,0
NOVEL_SA_69,CTFN Hierarchical Learning for Multimodal Sentiment Analysis Using Coupled-Translation Fusion Network,SA,2021,NOVEL,0.9857831001281738,1
NOVEL_SA_33,Supervised Neural Clustering via Latent Structured Output Learning Application to Question Intents,SA,2021,NOVEL,0.9423121213912964,0
NOVEL_SA_31,Reinforced Counterfactual Data Augmentation for Dual Sentiment Classification,SA,2021,NOVEL,0.9498823285102844,1
NOVEL_SA_30,SPARTA Efficient Open-Domain Question Answering via Sparse Transformer Matching Retrieval,SA,2021,NOVEL,0.932497501373291,0
NOVEL_SA_29,Towards Sentiment and Emotion aided Multi-modal Speech Act Classification in Twitter,SA,2021,NOVEL,0.9733632206916808,1
NOVEL_SA_28,Improving Federated Learning for Aspect-based Sentiment Analysis via Topic Memories,SA,2021,NOVEL,0.9430295825004578,0
NOVEL_SA_27,Multimodal Phased Transformer for Sentiment Analysis,SA,2021,NOVEL,0.9428821802139282,0
NOVEL_SA_26,Ask what’s missing and what’s useful Improving Clarification Question Generation using Global Knowledge,SA,2021,NOVEL,0.9315139651298524,0
NOVEL_SA_25,Domain Adaptation for Arabic Cross-Domain and Cross-Dialect Sentiment Analysis from Contextualized Word Embedding,SA,2021,NOVEL,0.9760361909866332,1
NOVEL_SA_24,NB-MLM Efficient Domain Adaptation of Masked Language Models for Sentiment Analysis,SA,2021,NOVEL,0.9416572451591492,0
NOVEL_SA_22,Powering Comparative Classification with Sentiment Analysis via Domain Adaptive Knowledge Transfer,SA,2021,NOVEL,0.9415634274482728,0
NOVEL_SA_21,Open-Domain Question Answering Goes Conversational via Question Rewriting,SA,2021,NOVEL,0.950692653656006,1
NOVEL_SA_20,Looking Beyond Sentence-Level Natural Language Inference for Question Answering and Text Summarization,SA,2021,NOVEL,0.973110854625702,1
NOVEL_SA_19,RECONSIDER Improved Re-Ranking using Span-Focused Cross-Attention for Open Domain Question Answering,SA,2021,NOVEL,0.9848736524581908,1
NOVEL_SA_56,PASTE A Tagging-Free Decoding Framework Using Pointer Networks for Aspect Sentiment Triplet Extraction,SA,2021,NOVEL,0.9411738514900208,0
NOVEL_SA_55,Improving Zero-Shot Cross-lingual Transfer for Multilingual Question Answering over Knowledge Graph,SA,2021,NOVEL,0.9864610433578492,1
NOVEL_SA_53,QA-GNN Reasoning with Language Models and Knowledge Graphs for Question Answering,SA,2021,NOVEL,0.9722620248794556,1
NOVEL_SA_15,Joint Multi-modal Aspect-Sentiment Analysis with Auxiliary Cross-modal Relation Detection,SA,2021,NOVEL,0.94090473651886,0
NOVEL_SA_14,Aspect-Category-Opinion-Sentiment Quadruple Extraction with Implicit Aspects and Opinions,SA,2021,NOVEL,0.9898055791854858,1
NOVEL_SA_13,Graph Ensemble Learning over Multiple Dependency Trees for Aspect-level Sentiment Classification,SA,2021,NOVEL,0.9790288805961608,1
NOVEL_SA_12,Solving Aspect Category Sentiment Analysis as a Text Generation Task,SA,2021,NOVEL,0.9449257850646972,0
NOVEL_SA_11,Unsupervised Multi-hop Question Answering by Question Generation,SA,2021,NOVEL,0.9407485723495485,0
NOVEL_SA_10,KPQA A Metric for Generative Question Answering Using Keyphrase Weights,SA,2021,NOVEL,0.9451584815979004,0
NOVEL_SA_9,Multi-task Learning of Negation and Speculation for Targeted Sentiment Classification,SA,2021,NOVEL,0.9457767605781556,0
NOVEL_SA_8,X-METRA-ADA Cross-lingual Meta-Transfer learning Adaptation to Natural Language Understanding and Question Answering,SA,2021,NOVEL,0.9761104583740234,1
NOVEL_SA_7,A Unified Generative Framework for Aspect-based Sentiment Analysis,SA,2021,NOVEL,0.9899052381515504,1
NOVEL_SA_4,Hate Speech Detection Based on Sentiment Knowledge Sharing,SA,2021,NOVEL,0.9821597337722778,1
NOVEL_SA_3,XOR QA Cross-lingual Open-Retrieval Question Answering,SA,2021,NOVEL,0.9762760400772096,1
NOVEL_SA_2,ASAP A Chinese Review Dataset Towards Aspect Category Sentiment Analysis and Rating Prediction,SA,2021,NOVEL,0.9803018569946288,1
NOVEL_SA_1,Robust Question Answering Through Sub-part Alignment,SA,2021,NOVEL,0.949308693408966,1
NOVEL_SA_38,Semantics-Preserved Data Augmentation for Aspect-Based Sentiment Analysis,SA,2021,NOVEL,0.9435604214668274,0
NOVEL_SA_37,Beta Distribution Guided Aspect-aware Graph for Aspect Category Sentiment Analysis with Affective Knowledge,SA,2021,NOVEL,0.935144543647766,0
NOVEL_SA_34,Structured Sentiment Analysis as Dependency Graph Parsing,SA,2021,NOVEL,0.9463329315185548,0
NOVEL_SA_0,MIMOQA Multimodal Input Multimodal Output Question Answering,SA,2021,NOVEL,0.9733633995056152,1
NOVEL_SA_18,Cross-lingual Aspect-based Sentiment Analysis with Aspect Term Code-Switching,SA,2021,NOVEL,0.953338623046875,1
NOVEL_SA_17,Does syntax matter A strong baseline for Aspect-based Sentiment Analysis with RoBERTa,SA,2021,NOVEL,0.9819279909133912,1
NOVEL_SA_16,Learning Implicit Sentiment in Aspect-based Sentiment Analysis with Supervised Contrastive Pre-Training,SA,2021,NOVEL,0.9547176361083984,1
NOVEL_MT_230,Energy-Based Reranking Improving Neural Machine Translation Using Energy-Based Models,MT,2021,NOVEL,0.928283989429474,0
NOVEL_MT_228,Learning Curricula for Multilingual Neural Machine Translation Training,MT,2021,NOVEL,0.9510515332221984,1
NOVEL_MT_227,Generative Imagination Elevates Machine Translation,MT,2021,NOVEL,0.9435855150222778,0
NOVEL_MT_224,Self-Training Sampling with Monolingual Data Uncertainty for Neural Machine Translation,MT,2021,NOVEL,0.9855804443359376,1
NOVEL_MT_221,AfroMT Pretraining Strategies and Reproducible Benchmarks for Translation of 8 African Languages,MT,2021,NOVEL,0.9516536593437196,1
NOVEL_MT_219,Beyond Noise Mitigating the Impact of Fine-grained Semantic Divergences on Neural Machine Translation,MT,2021,NOVEL,0.9419267773628236,0
NOVEL_MT_218,Improving the Quality Trade-Off for Neural Machine Translation Multi-Domain Adaptation,MT,2021,NOVEL,0.9432324171066284,0
NOVEL_MT_215,From Machine Translation to Code-Switching Generating High-Quality Code-Switched Text,MT,2021,NOVEL,0.984429657459259,1
NOVEL_MT_214,Scheduled Sampling Based on Decoding Steps for Neural Machine Translation,MT,2021,NOVEL,0.9362362623214722,0
NOVEL_MT_254,Multilingual Speech Translation from Efficient Finetuning of Pretrained Models,MT,2021,NOVEL,0.9724591374397278,1
NOVEL_MT_253,Revisiting the Weaknesses of Reinforcement Learning for Neural Machine Translation,MT,2021,NOVEL,0.9167448878288268,0
NOVEL_MT_252,Multi-Hop Transformer for Document-Level Machine Translation,MT,2021,NOVEL,0.981301486492157,1
NOVEL_MT_250,Good for Misconceived Reasons An Empirical Revisiting on the Need for Visual Context in Multimodal Machine Translation,MT,2021,NOVEL,0.989532470703125,1
NOVEL_MT_247,Crosslingual Embeddings are Essential in UNMT for distant languages An English to IndoAryan Case Study,MT,2021,NOVEL,0.9502278566360474,1
NOVEL_MT_246,Ensembling of Distilled Models from Multi-task Teachers for Constrained Resource Language Pairs,MT,2021,NOVEL,0.9394363164901732,0
NOVEL_MT_245,On Compositional Generalization of Neural Machine Translation,MT,2021,NOVEL,0.9899581670761108,1
NOVEL_MT_243,Towards User-Driven Neural Machine Translation,MT,2021,NOVEL,0.9837738275527954,1
NOVEL_MT_238,Encouraging Lexical Translation Consistency for Document-Level Neural Machine Translation,MT,2021,NOVEL,0.9501498341560364,1
NOVEL_MT_236,Multilingual Domain Adaptation for NMT Decoupling Language and Domain Information with Adapters,MT,2021,NOVEL,0.943611979484558,0
NOVEL_MT_235,Improving Lexically Constrained Neural Machine Translation with Source-Conditioned Masked Span Prediction,MT,2021,NOVEL,0.9445611834526062,0
NOVEL_MT_234,cushLEPOR customising hLEPOR metric using Optuna for higher agreement with human judgments or pre-trained language model LaBSE,MT,2021,NOVEL,0.8862196207046509,0
NOVEL_MT_267,Modeling Task-Aware MIMO Cardinality for Efficient Multilingual Neural Machine Translation,MT,2021,NOVEL,0.9885584115982056,1
NOVEL_MT_266,BERTTune Fine-Tuning Neural Machine Translation with BERTScore,MT,2021,NOVEL,0.985716998577118,1
NOVEL_MT_265,Extending Challenge Sets to Uncover Gender Bias in Machine Translation Impact of Stereotypical Verbs and Adjectives,MT,2021,NOVEL,0.9267331957817078,0
NOVEL_MT_264,Learning Kernel-Smoothed Machine Translation with Retrieved Examples,MT,2021,NOVEL,0.94533509016037,0
NOVEL_MT_262,Neural Machine Translation with Heterogeneous Topic Knowledge Embeddings,MT,2021,NOVEL,0.9565140008926392,1
NOVEL_SUM_10,ARMAN Pre-training with Semantically Selecting and Reordering of Sentences for Persian Abstractive Summarization,SUM,2021,NOVEL,0.9529405832290648,1
NOVEL_SUM_8,Generating SOAP Notes from Doctor-Patient Conversations Using Modular Summarization Techniques,SUM,2021,NOVEL,0.9332864880561828,0
NOVEL_SUM_7,Improving Unsupervised Question Answering via Summarization-Informed Question Generation,SUM,2021,NOVEL,0.951568603515625,1
NOVEL_SUM_6,Enriching Transformers with Structured Tensor-Product Representations for Abstractive Summarization,SUM,2021,NOVEL,0.9593755602836608,1
NOVEL_MT_261,Self-Supervised Quality Estimation for Machine Translation,MT,2021,NOVEL,0.959056556224823,1
NOVEL_MT_259,Generalised Unsupervised Domain Adaptation of Neural Machine Translation with Cross-Lingual Data Selection,MT,2021,NOVEL,0.9499392509460448,1
NOVEL_MT_258,Multi-Task Learning with Shared Encoder for Non-Autoregressive Machine Translation,MT,2021,NOVEL,0.9835103750228882,1
NOVEL_MT_257,Deep Context- and Relation-Aware Learning for Aspect-based Sentiment Analysis,MT,2021,NOVEL,0.9369400143623352,0
NOVEL_MT_256,The Volctrans GLAT System Non-autoregressive Translation Meets WMT21,MT,2021,NOVEL,0.931268036365509,0
NOVEL_MT_255,Towards Generative Aspect-Based Sentiment Analysis,MT,2021,NOVEL,0.9902990460395812,1
NOVEL_SUM_24,Deep Differential Amplifier for Extractive Summarization,SUM,2021,NOVEL,0.9858666658401488,1
NOVEL_SUM_23,Multi-TimeLine Summarization (MTLS) Improving Timeline Summarization by Generating Multiple Summaries,SUM,2021,NOVEL,0.9879177212715148,1
NOVEL_SUM_22,Low-Resource Dialogue Summarization with Domain-Agnostic Multi-Source Pretraining,SUM,2021,NOVEL,0.9535640478134156,1
NOVEL_SUM_21,Language Model as an Annotator Exploring DialoGPT for Dialogue Summarization,SUM,2021,NOVEL,0.9900585412979126,1
NOVEL_SUM_20,ConvoSumm Conversation Summarization Benchmark and Improved Abstractive Summarization with Argument Mining,SUM,2021,NOVEL,0.9444537162780762,0
NOVEL_SUM_19,Simple Conversational Data Augmentation for Semi-supervised Abstractive Dialogue Summarization,SUM,2021,NOVEL,0.9342762231826782,0
NOVEL_SUM_17,Long-Span Summarization via Local Attention and Content Selection,SUM,2021,NOVEL,0.9513880014419556,1
NOVEL_SUM_16,Multiplex Graph Neural Network for Extractive Text Summarization,SUM,2021,NOVEL,0.9484424591064452,1
NOVEL_SUM_12,EmailSum Abstractive Email Thread Summarization,SUM,2021,NOVEL,0.9851325750350952,1
NOVEL_SUM_11,Improving Faithfulness in Abstractive Summarization with Contrast Candidate Generation and Selection,SUM,2021,NOVEL,0.9417785406112672,0
NOVEL_SUM_52,AUTOSUMM Automatic Model Creation for Text Summarization,SUM,2021,NOVEL,0.9462934732437134,0
NOVEL_SUM_49,Efficient Attentions for Long Document Summarization,SUM,2021,NOVEL,0.9791961908340454,1
NOVEL_SUM_47,SimCLS A Simple Framework for Contrastive Learning of Abstractive Summarization,SUM,2021,NOVEL,0.9865371584892272,1
NOVEL_SUM_46,CLIFF Contrastive Learning for Improving Faithfulness and Factuality in Abstractive Summarization,SUM,2021,NOVEL,0.9360116124153136,0
NOVEL_SUM_45,D2S Document-to-Slide Generation Via Query-Based Text Summarization,SUM,2021,NOVEL,0.9840998649597168,1
NOVEL_SUM_44,Controllable Neural Dialogue Summarization with Personal Named Entity Planning,SUM,2021,NOVEL,0.9362020492553712,0
NOVEL_SUM_42,Improving Factual Consistency of Abstractive Summarization via Question Answering,SUM,2021,NOVEL,0.9720528721809388,1
NOVEL_SUM_41,Video Paragraph Captioning as a Text Summarization Task,SUM,2021,NOVEL,0.990916907787323,1
NOVEL_SUM_39,Cross-Lingual Abstractive Summarization with Limited Parallel Resources,SUM,2021,NOVEL,0.9921358227729796,1
NOVEL_SUM_38,Enhancing Factual Consistency of Abstractive Summarization,SUM,2021,NOVEL,0.9729690551757812,1
NOVEL_SUM_3,Sliding Selector Network with Dynamic Memory for Extractive Summarization of Long Documents,SUM,2021,NOVEL,0.9522344470024108,1
NOVEL_SUM_32,Enriching and Controlling Global Semantics for Text Summarization,SUM,2021,NOVEL,0.9525157809257508,1
NOVEL_SUM_31,HETFORMER Heterogeneous Transformer with Sparse Attention for Long-Text Extractive Summarization,SUM,2021,NOVEL,0.9527502059936525,1
NOVEL_SUM_30,Fine-grained Factual Consistency Assessment for Abstractive Summarization Models,SUM,2021,NOVEL,0.9404510259628296,0
NOVEL_SUM_28,Reinforcement Learning for Abstractive Question Summarization with Question-aware Semantic Rewards,SUM,2021,NOVEL,0.9525097012519836,1
NOVEL_SUM_26,Timeline Summarization based on Event Graph Compression via Time-Aware Optimal Transport,SUM,2021,NOVEL,0.9355065226554872,0
NOVEL_SUM_73,CAST Enhancing Code Summarization with Hierarchical Splitting and Reconstruction of Abstract Syntax Trees,SUM,2021,NOVEL,0.9334275126457214,0
NOVEL_SUM_72,GSum A General Framework for Guided Neural Abstractive Summarization,SUM,2021,NOVEL,0.9814404249191284,1
NOVEL_SUM_71,Vision Guided Generative Pre-trained Language Models for Multimodal Abstractive Summarization,SUM,2021,NOVEL,0.9524504542350768,1
NOVEL_SUM_70,RepSum Unsupervised Dialogue Summarization based on Replacement Strategy,SUM,2021,NOVEL,0.9879159927368164,1
NOVEL_SUM_69,Understanding Factuality in Abstractive Summarization with FRANK A Benchmark for Factuality Metrics,SUM,2021,NOVEL,0.9375076293945312,0
NOVEL_SUM_68,Structure-Aware Abstractive Conversation Summarization via Discourse and Action Graphs,SUM,2021,NOVEL,0.952397346496582,1
NOVEL_SUM_67,Unsupervised Extractive Summarization-Based Representations for Accurate and Explainable Collaborative Filtering,SUM,2021,NOVEL,0.9871569871902466,1
NOVEL_SUM_66,Learn to Copy from the Copying History Correlational Copy Network for Abstractive Summarization,SUM,2021,NOVEL,0.943414866924286,0
NOVEL_SUM_64,Noisy Self-Knowledge Distillation for Text Summarization,SUM,2021,NOVEL,0.9377193450927734,0
NOVEL_SUM_61,RefSum Refactoring Neural Summarization,SUM,2021,NOVEL,0.9405760765075684,0
NOVEL_SUM_15,Looking Beyond Sentence-Level Natural Language Inference for Question Answering and Text Summarization,SUM,2021,NOVEL,0.973110854625702,1
NOVEL_SUM_14,Focus Attention Promoting Faithfulness and Diversity in Summarization,SUM,2021,NOVEL,0.9462724924087524,0
NOVEL_SUM_13,Considering Nested Tree Structure in Sentence Extractive Summarization with Pre-trained Transformer,SUM,2021,NOVEL,0.9443342089653016,0
NOVEL_SUM_56,Demoting the Lead Bias in News Summarization via Alternating Adversarial Learning,SUM,2021,NOVEL,0.9885040521621704,1
NOVEL_SUM_54,MediaSum A Large-scale Media Interview Dataset for Dialogue Summarization,SUM,2021,NOVEL,0.9374068975448608,0
NOVEL_SUM_53,A Training-free and Reference-free Summarization Evaluation Metric via Centrality-weighted Relevance and Self-referenced Redundancy,SUM,2021,NOVEL,0.986458659172058,1
NOVEL_MT_284,Contrastive Learning for Many-to-many Multilingual Neural Machine Translation,MT,2021,NOVEL,0.9864548444747924,1
NOVEL_MT_283,"IIE-NLP-Eyas at SemEval-2021 Task 4 Enhancing PLM for ReCAM with Special Tokens, Re-Ranking, Siamese Encoders and Back Translation",MT,2021,NOVEL,0.9440288543701172,0
NOVEL_MT_282,Cross-Attention is All You Need Adapting Pretrained Transformers for Machine Translation,MT,2021,NOVEL,0.9410702586174012,0
NOVEL_MT_277,Controlling Machine Translation for Multiple Attributes with Additive Interventions,MT,2021,NOVEL,0.9391443133354188,0
NOVEL_MT_275,Improving Multilingual Translation by Representation and Gradient Regularization,MT,2021,NOVEL,0.9598344564437866,1
NOVEL_MT_274,Comparing Feature-Engineering and Feature-Learning Approaches for Multilingual Translationese Classification,MT,2021,NOVEL,0.9571551084518432,1
NOVEL_MT_271,Beyond Sentence-Level End-to-End Speech Translation Context Helps,MT,2021,NOVEL,0.938757300376892,0
NOVEL_MT_270,Don’t Rule Out Monolingual Speakers A Method For Crowdsourcing Machine Translation Data,MT,2021,NOVEL,0.946445643901825,0
NOVEL_MT_269,Machine Translation Decoding beyond Beam Search,MT,2021,NOVEL,0.9361221194267272,0
NOVEL_MT_268,Sentiment Preservation in Review Translation using Curriculum-based Re-inforcement Framework,MT,2021,NOVEL,0.945300281047821,0
NOVEL_MT_295,Prevent the Language Model from being Overconfident in Neural Machine Translation,MT,2021,NOVEL,0.990475058555603,1
NOVEL_MT_291,Almost Free Semantic Draft for Neural Machine Translation,MT,2021,NOVEL,0.9294455647468568,0
NOVEL_SUM_37,AdaptSum Towards Low-Resource Domain Adaptation for Abstractive Summarization,SUM,2021,NOVEL,0.9514339566230774,1
NOVEL_SUM_36,Annotating and Modeling Fine-grained Factuality in Summarization,SUM,2021,NOVEL,0.941761314868927,0
NOVEL_SUM_33,Gradient-Based Adversarial Factual Consistency Evaluation for Abstractive Summarization,SUM,2021,NOVEL,0.9361814260482788,0
NOVEL_SUM_77,Inference Time Style Control for Summarization,SUM,2021,NOVEL,0.9376615285873412,0
NOVEL_SUM_76,MM-AVS A Full-Scale Dataset for Multi-modal Summarization,SUM,2021,NOVEL,0.9366859197616576,0
NOVEL_SUM_75,Sparsity and Sentence Structure in Encoder-Decoder Attention of Summarization Systems,SUM,2021,NOVEL,0.9446714520454408,0
NOVEL_MT_290,Synchronous Syntactic Attention for Transformer Neural Machine Translation,MT,2021,NOVEL,0.9757393002510072,1
NOVEL_MT_289,Measuring and Increasing Context Usage in Context-Aware Machine Translation,MT,2021,NOVEL,0.9450960159301758,0
NOVEL_MT_287,Scrambled Translation Problem A Problem of Denoising UNMT,MT,2021,NOVEL,0.9312946200370787,0
NOVEL_MT_286,Machine Translation into Low-resource Language Varieties,MT,2021,NOVEL,0.9322503805160522,0
NOVEL_MT_305,CTFN Hierarchical Learning for Multimodal Sentiment Analysis Using Coupled-Translation Fusion Network,MT,2021,NOVEL,0.9857831001281738,1
NOVEL_MT_304,Counterfactual Data Augmentation for Neural Machine Translation,MT,2021,NOVEL,0.94342440366745,0
NOVEL_MT_303,Zero-Shot Information Extraction as a Unified Text-to-Triple Translation,MT,2021,NOVEL,0.9412447810173036,0
NOVEL_MT_301,Preventing Author Profiling through Zero-Shot Multilingual Back-Translation,MT,2021,NOVEL,0.9433164596557616,0
NOVEL_MT_300,Translation Transformers Rediscover Inherent Data Domains,MT,2021,NOVEL,0.9490189552307128,1
NOVEL_MT_298,Investigating the Helpfulness of Word-Level Quality Estimation for Post-Editing Machine Translation Output,MT,2021,NOVEL,0.9262877702713012,0
NOVEL_SUM_60,BASS Boosting Abstractive Summarization with Unified Semantic Graph,SUM,2021,NOVEL,0.986828625202179,1
NOVEL_SUM_59,Attention Head Masking for Inference Time Content Selection in Abstractive Summarization,SUM,2021,NOVEL,0.9513789415359496,1
NOVEL_SUM_58,Self-Supervised Multimodal Opinion Summarization,SUM,2021,NOVEL,0.9838992953300476,1
NOVEL_QA_8,End-to-End Training of Neural Retrievers for Open-Domain Question Answering,QA,2021,NOVEL,0.94839209318161,1
NOVEL_QA_7,Addressing Semantic Drift in Generative Question Answering with Auxiliary Extraction,QA,2021,NOVEL,0.9876142740249634,1
NOVEL_QA_5,On the Efficacy of Adversarial Data Collection for Question Answering Results from a Large-Scale Randomized Study,QA,2021,NOVEL,0.930329978466034,0
NOVEL_QA_4,Answering Open-Domain Questions of Varying Reasoning Steps from Text,QA,2021,NOVEL,0.9454528093338012,0
NOVEL_QA_3,Simple Entity-Centric Questions Challenge Dense Retrievers,QA,2021,NOVEL,0.9426175355911256,0
NOVEL_QA_2,"CoSQA 20,000+ Web Queries for Code Search and Question Answering",QA,2021,NOVEL,0.981637477874756,1
NOVEL_QA_1,Will this Question be Answered Question Filtering via Answer Model Distillation for Efficient Question Answering,QA,2021,NOVEL,0.9399293065071106,0
NOVEL_QA_0,Mind Your Outliers! Investigating the Negative Impact of Outliers on Active Learning for Visual Question Answering,QA,2021,NOVEL,0.9847456812858582,1
NOVEL_QA_30,A Neural Model for Joint Document and Snippet Ranking in Question Answering for Large Document Collections,QA,2021,NOVEL,0.9351970553398132,0
NOVEL_QA_27,Distantly-Supervised Dense Retrieval Enables Open-Domain Question Answering without Evidence Annotation,QA,2021,NOVEL,0.9441213607788086,0
NOVEL_QA_26,Generative Context Pair Selection for Multi-hop Question Answering,QA,2021,NOVEL,0.96046781539917,1
NOVEL_QA_25,Mitigating False-Negative Contexts in Multi-document Question Answering with Retrieval Marginalization,QA,2021,NOVEL,0.9488630294799804,1
NOVEL_QA_24,UPB at SemEval-2021 Task 8 Extracting Semantic Information on Measurements as Multi-Turn Question Answering,QA,2021,NOVEL,0.9255879521369934,0
NOVEL_QA_23,NB-MLM Efficient Domain Adaptation of Masked Language Models for Sentiment Analysis,QA,2021,NOVEL,0.9416572451591492,0
NOVEL_QA_22,Adaptive Information Seeking for Open-Domain Question Answering,QA,2021,NOVEL,0.9366621971130372,0
NOVEL_QA_21,xMoCo Cross Momentum Contrastive Learning for Open-Domain Question Answering,QA,2021,NOVEL,0.9892603754997252,1
NOVEL_QA_18,Have You Seen That Number Investigating Extrapolation in Question Answering Models,QA,2021,NOVEL,0.9382205009460448,0
NOVEL_QA_17,Topic Transferable Table Question Answering,QA,2021,NOVEL,0.9342108964920044,0
NOVEL_QA_16,Cross-lingual Aspect-based Sentiment Analysis with Aspect Term Code-Switching,QA,2021,NOVEL,0.9533385038375854,1
NOVEL_QA_15,Learning Implicit Sentiment in Aspect-based Sentiment Analysis with Supervised Contrastive Pre-Training,QA,2021,NOVEL,0.9547176361083984,1
NOVEL_QA_14,Controllable Open-ended Question Generation with A New Question Type Ontology,QA,2021,NOVEL,0.9875497817993164,1
NOVEL_QA_13,Joint Multi-modal Aspect-Sentiment Analysis with Auxiliary Cross-modal Relation Detection,QA,2021,NOVEL,0.94090473651886,0
NOVEL_QA_12,Improving Unsupervised Question Answering via Summarization-Informed Question Generation,QA,2021,NOVEL,0.951568603515625,1
NOVEL_QA_10,Contrastive Domain Adaptation for Question Answering using Limited Text Corpora,QA,2021,NOVEL,0.9445055723190308,0
NOVEL_QA_50,Large-Scale Relation Learning for Question Answering over Knowledge Bases with Pre-trained Language Models,QA,2021,NOVEL,0.945354461669922,0
NOVEL_QA_48,Beta Distribution Guided Aspect-aware Graph for Aspect Category Sentiment Analysis with Affective Knowledge,QA,2021,NOVEL,0.935144543647766,0
NOVEL_QA_47,In Factuality Efficient Integration of Relevant Facts for Visual Question Answering,QA,2021,NOVEL,0.983712673187256,1
NOVEL_QA_46,Weakly-Supervised Visual-Retriever-Reader for Knowledge-based Question Answering,QA,2021,NOVEL,0.9451032876968384,0
NOVEL_QA_45,Discovering the Unknown Knowns Turning Implicit Knowledge in the Dataset into Explicit Training Examples for Visual Question Answering,QA,2021,NOVEL,0.9375980496406556,0
NOVEL_QA_44,TAT-QA A Question Answering Benchmark on a Hybrid of Tabular and Textual Content in Finance,QA,2021,NOVEL,0.979805827140808,1
NOVEL_QA_43,Which Linguist Invented the Lightbulb Presupposition Verification for Question-Answering,QA,2021,NOVEL,0.9851803779602052,1
NOVEL_QA_40,Asking Questions Like Educational Experts Automatically Generating Question-Answer Pairs on Real-World Examination Data,QA,2021,NOVEL,0.945486545562744,0
NOVEL_QA_39,Expanding End-to-End Question Answering on Differentiable Knowledge Graphs with Intersection,QA,2021,NOVEL,0.9459601640701294,0
NOVEL_QA_37,Reinforced Counterfactual Data Augmentation for Dual Sentiment Classification,QA,2021,NOVEL,0.9498823285102844,1
NOVEL_QA_36,Improving Federated Learning for Aspect-based Sentiment Analysis via Topic Memories,QA,2021,NOVEL,0.9430295825004578,0
NOVEL_QA_35,Joint Models for Answer Verification in Question Answering Systems,QA,2021,NOVEL,0.9902083277702332,1
NOVEL_QA_34,Improving Query Graph Generation for Complex Question Answering over Knowledge Base,QA,2021,NOVEL,0.9468178749084472,0
NOVEL_QA_33,Reinforcement Learning for Abstractive Question Summarization with Question-aware Semantic Rewards,QA,2021,NOVEL,0.9525097012519836,1
NOVEL_QA_32,Multimodal Phased Transformer for Sentiment Analysis,QA,2021,NOVEL,0.942882239818573,0
NOVEL_QA_69,A Semantic-based Method for Unsupervised Commonsense Question Answering,QA,2021,NOVEL,0.9898211359977722,1
NOVEL_QA_67,Single-dataset Experts for Multi-dataset Question Answering,QA,2021,NOVEL,0.9447393417358398,0
NOVEL_QA_66,Iterative GNN-based Decoder for Question Generation,QA,2021,NOVEL,0.9483884572982788,1
NOVEL_QA_65,Modeling Transitions of Focal Entities for Conversational Knowledge Base Question Answering,QA,2021,NOVEL,0.9902598261833192,1
NOVEL_QA_64,Learning to Ask Conversational Questions by Optimizing Levenshtein Distance,QA,2021,NOVEL,0.973040759563446,1
NOVEL_QA_63,Neural Retrieval for Question Answering with Cross-Attention Supervised Data Augmentation,QA,2021,NOVEL,0.987717628479004,1
NOVEL_QA_62,The Effect of Round-Trip Translation on Fairness in Sentiment Analysis,QA,2021,NOVEL,0.9272621273994446,0
NOVEL_QA_61,Answering Ambiguous Questions through Generative Evidence Fusion and Round-Trip Prediction,QA,2021,NOVEL,0.9728542566299438,1
NOVEL_QA_60,"Seeking Common but Distinguishing Difference, A Joint Aspect-based Sentiment Analysis Model",QA,2021,NOVEL,0.9472902417182922,0
NOVEL_QA_59,Engage the Public Poll Question Generation for Social Media Posts,QA,2021,NOVEL,0.94016695022583,0
NOVEL_QA_58,Few-Shot Question Answering by Pretraining Span Selection,QA,2021,NOVEL,0.940808653831482,0
NOVEL_QA_57,Open Aspect Target Sentiment Classification with Natural Language Prompts,QA,2021,NOVEL,0.9311681985855104,0
NOVEL_QA_55,BERT4GCN Using BERT Intermediate Layers to Augment GCN for Aspect-based Sentiment Classification,QA,2021,NOVEL,0.9420676231384276,0
NOVEL_QA_54,Structured Context and High-Coverage Grammar for Conversational Question Answering over Knowledge Graphs,QA,2021,NOVEL,1.0,1
NOVEL_QA_53,Generating Self-Contained and Summary-Centric Question Answer Pairs via Differentiable Reward Imitation Learning,QA,2021,NOVEL,0.9382528066635132,0
NOVEL_QA_52,Question Generation for Adaptive Education,QA,2021,NOVEL,0.940133571624756,0
NOVEL_DIA_71,Intention Reasoning Network for Multi-Domain End-to-end Task-Oriented Dialogue,DIA,2021,NOVEL,0.9459776878356934,0
NOVEL_DIA_70,NDH-Full Learning and Evaluating Navigational Agents on Full-Length Dialogue,DIA,2021,NOVEL,0.9454887509346008,0
NOVEL_QA_86,GTM A Generative Triple-wise Model for Conversational Question Generation,QA,2021,NOVEL,0.9870901107788086,1
NOVEL_QA_84,A Mutual Information Maximization Approach for the Spurious Solution Problem in Weakly Supervised Question Answering,QA,2021,NOVEL,0.988136887550354,1
NOVEL_QA_83,Neural Natural Logic Inference for Interpretable Question Answering,QA,2021,NOVEL,0.9354220628738404,0
NOVEL_QA_81,CLASSIC Continual and Contrastive Learning of Aspect Sentiment Classification Tasks,QA,2021,NOVEL,0.91752827167511,0
NOVEL_QA_80,"CLTR An End-to-End, Transformer-Based System for Cell-Level Table Retrieval and Table Question Answering",QA,2021,NOVEL,0.9851056337356568,1
NOVEL_QA_79,Dual Reader-Parser on Hybrid Textual and Tabular Evidence for Open Domain Question Answering,QA,2021,NOVEL,0.9850363731384276,1
NOVEL_QA_77,A Semantics-aware Transformer Model of Relation Linking for Knowledge Base Question Answering,QA,2021,NOVEL,0.9633668065071106,1
NOVEL_QA_76,Learn to Resolve Conversational Dependency A Consistency Training Framework for Conversational Question Answering,QA,2021,NOVEL,0.9901435971260072,1
NOVEL_QA_75,Training Adaptive Computation for Open-Domain Question Answering with Computational Constraints,QA,2021,NOVEL,0.9775126576423644,1
NOVEL_QA_74,TransferNet An Effective and Transparent Framework for Multi-hop Question Answering over Relation Graph,QA,2021,NOVEL,0.949079692363739,1
NOVEL_QA_72,PASTE A Tagging-Free Decoding Framework Using Pointer Networks for Aspect Sentiment Triplet Extraction,QA,2021,NOVEL,0.9411738514900208,0
NOVEL_QA_70,Guiding the Growth Difficulty-Controllable Question Generation through Step-by-Step Rewriting,QA,2021,NOVEL,0.9710216522216796,1
NOVEL_DIA_69,Generation and Extraction Combined Dialogue State Tracking with Hierarchical Ontology Integration,DIA,2021,NOVEL,0.948009192943573,1
NOVEL_DIA_68,DialogueCSE Dialogue-based Contrastive Learning of Sentence Embeddings,DIA,2021,NOVEL,0.9497116208076476,1
NOVEL_DIA_67,Multi-Modal Open-Domain Dialogue,DIA,2021,NOVEL,0.9377537965774536,0
NOVEL_DIA_66,CREAD Combined Resolution of Ellipses and Anaphora in Dialogues,DIA,2021,NOVEL,0.971241295337677,1
NOVEL_DIA_65,Domain-Lifelong Learning for Dialogue State Tracking via Knowledge Preservation Networks,DIA,2021,NOVEL,0.9423784017562866,0
NOVEL_DIA_63,Knowledge Enhanced Fine-Tuning for Better Handling Unseen Entities in Dialogue Generation,DIA,2021,NOVEL,0.9488404393196106,1
NOVEL_DIA_6,Cross-lingual Intermediate Fine-tuning improves Dialogue State Tracking,DIA,2021,NOVEL,0.953044593334198,1
NOVEL_DIA_5,Proxy Indicators for the Quality of Open-domain Dialogues,DIA,2021,NOVEL,0.945256233215332,0
NOVEL_DIA_4,Controlling Dialogue Generation with Semantic Exemplars,DIA,2021,NOVEL,0.9165413975715636,0
NOVEL_DIA_3,Adaptive Bridge between Training and Inference for Dialogue Generation,DIA,2021,NOVEL,0.9461904764175416,0
NOVEL_DIA_2,Domain-Adaptive Pretraining Methods for Dialogue Understanding,DIA,2021,NOVEL,0.9817122220993042,1
NOVEL_DIA_39,Exophoric Pronoun Resolution in Dialogues with Topic Regularization,DIA,2021,NOVEL,0.926443874835968,0
NOVEL_DIA_37,Graph Based Network with Contextualized Representations of Turns in Dialogue,DIA,2021,NOVEL,0.947336196899414,0
NOVEL_DIA_35,Fine-grained Post-training for Improving Retrieval-based Dialogue Systems,DIA,2021,NOVEL,0.9855262637138368,1
NOVEL_DIA_34,Learning Neural Templates for Recommender Dialogue System,DIA,2021,NOVEL,0.9449220895767212,0
NOVEL_DIA_33,Uncertainty Measures in Neural Belief Tracking and the Effects on Dialogue Policy Performance,DIA,2021,NOVEL,0.957202136516571,1
NOVEL_DIA_8,"Continual Learning for Task-oriented Dialogue System with Iterative Network Pruning, Expanding and Masking",DIA,2021,NOVEL,0.985718548297882,1
NOVEL_DIA_1,Towards Making the Most of Dialogue Characteristics for Neural Chat Translation,DIA,2021,NOVEL,0.9498157501220704,1
NOVEL_DIA_22,"Thinking Clearly, Talking Fast Concept-Guided Non-Autoregressive Generation for Open-Domain Dialogue Systems",DIA,2021,NOVEL,0.9429818987846376,0
NOVEL_DIA_23,Effective Sequence-to-Sequence Dialogue State Tracking,DIA,2021,NOVEL,0.9512540698051452,1
NOVEL_DIA_24,Looking for Confirmations An Effective and Human-Like Visual Dialogue Strategy,DIA,2021,NOVEL,0.9279783964157104,0
NOVEL_DIA_25,Clipping Loops for Sample-Efficient Dialogue Policy Optimisation,DIA,2021,NOVEL,0.9264565706253052,0
NOVEL_DIA_26,Low-Resource Dialogue Summarization with Domain-Agnostic Multi-Source Pretraining,DIA,2021,NOVEL,0.9535639882087708,1
NOVEL_DIA_28,Zero-Shot Dialogue State Tracking via Cross-Task Transfer,DIA,2021,NOVEL,0.9536808729171752,1
NOVEL_DIA_29,Just Say No Analyzing the Stance of Neural Dialogue Generation in Offensive Contexts,DIA,2021,NOVEL,0.9222709536552428,0
NOVEL_DIA_30,CSDS A Fine-Grained Chinese Dataset for Customer Service Dialogue Summarization,DIA,2021,NOVEL,0.9434161186218262,0
NOVEL_DIA_31,DIALKI Knowledge Identification in Conversational Systems through Dialogue-Document Contextualization,DIA,2021,NOVEL,0.9371708035469056,0
NOVEL_DIA_0,MRF-Chat Improving Dialogue with Markov Random Fields,DIA,2021,NOVEL,0.9455913305282592,0
