paper_id,year,split,domain,tgnn_novelty,tgnn_norm
SKG_MT_1151,2010,SKG,MT,8.966763e-06,0.05852440400999365
SKG_SUM_67,2010,SKG,SUM,7.743706e-06,0.02942240307631741
SKG_MT_287,2010,SKG,MT,9.814161e-06,0.07868779573024492
SKG_SUM_83,2010,SKG,SUM,7.5418516e-06,0.024619383317412785
SKG_SUM_42,2010,SKG,SUM,8.101335e-06,0.03793199788008347
SKG_MT_1074,2010,SKG,MT,7.516706e-06,0.02402105693141615
SKG_PAR_202,2010,SKG,PAR,8.837375e-06,0.055445684296352715
SKG_MT_390,2010,SKG,MT,8.0487e-06,0.03667957561428223
SKG_MT_488,2010,SKG,MT,8.101335e-06,0.03793199788008347
SKG_MT_157,2010,SKG,MT,8.074316e-06,0.037289094921981764
SKG_SUM_7,2010,SKG,SUM,8.0487e-06,0.03667957561428223
SKG_MT_194,2010,SKG,MT,7.8470775e-06,0.0318820737944569
SKG_MT_478,2010,SKG,MT,8.192532e-06,0.04010198274517848
SKG_MT_1199,2010,SKG,MT,8.966763e-06,0.05852440400999365
SKG_MT_196,2010,SKG,MT,7.500658e-06,0.023639203174000423
SKG_PAR_219,2010,SKG,PAR,7.86385e-06,0.03228116665003114
SKG_MT_174,2010,SKG,MT,7.957806e-06,0.03451680047553926
SKG_QA_101,2010,SKG,QA,6.8548206e-06,0.008271840395484759
SKG_MT_1231,2010,SKG,MT,8.837375e-06,0.055445684296352715
SKG_MT_15,2010,SKG,MT,8.505408e-06,0.047546703346201036
SKG_MT_17,2010,SKG,MT,7.693379e-06,0.02822489846206877
SKG_MT_1232,2010,SKG,MT,8.227052e-06,0.040923368070826
SKG_MT_603,2010,SKG,MT,8.192532e-06,0.04010198274517848
SKG_MT_567,2010,SKG,MT,8.192532e-06,0.04010198274517848
SKG_MT_61,2010,SKG,MT,8.264113e-06,0.041805215161029446
SKG_SA_544,2010,SKG,SA,7.1368822e-06,0.014983348482641934
SKG_MT_968,2010,SKG,MT,8.570905e-06,0.04910517016757812
SKG_MT_547,2010,SKG,MT,7.37715e-06,0.020700394981645942
SKG_PAR_87,2010,SKG,PAR,8.4472385e-06,0.046162590550712784
SKG_DIA_104,2010,SKG,DIA,7.86385e-06,0.03228116665003114
SKG_PAR_69,2010,SKG,PAR,7.401843e-06,0.021287951987619708
SKG_MT_137,2010,SKG,MT,7.315498e-06,0.019233417922062457
SKG_MT_606,2010,SKG,MT,8.304096e-06,0.04275658971130075
SKG_SA_527,2010,SKG,SA,7.693379e-06,0.02822489846206877
SKG_MT_585,2010,SKG,MT,8.645792e-06,0.050887067122438095
SKG_MT_646,2010,SKG,MT,8.129933e-06,0.03861247231643539
SKG_QA_416,2010,SKG,QA,9.136364e-06,0.06255997100347996
SKG_MT_660,2010,SKG,MT,8.0487e-06,0.03667957561428223
SKG_MT_388,2010,SKG,MT,7.815188e-06,0.031123279839003898
SKG_MT_1313,2010,SKG,MT,8.570905e-06,0.04910517016757812
SKG_SA_83,2010,SKG,SA,8.505408e-06,0.047546703346201036
SKG_MT_795,2010,SKG,MT,7.771012e-06,0.030072135049148574
SKG_MT_1384,2010,SKG,MT,7.8470775e-06,0.0318820737944569
SKG_MT_1167,2010,SKG,MT,8.570905e-06,0.04910517016757812
SKG_MT_853,2010,SKG,MT,8.733035e-06,0.052962968627810914
SKG_MT_838,2010,SKG,MT,7.3260962e-06,0.019485596541943012
SKG_MT_850,2010,SKG,MT,7.4851655e-06,0.023270567248229984
SKG_MT_1325,2010,SKG,MT,7.785284e-06,0.03041172981646148
SKG_SA_217,2010,SKG,SA,7.5418516e-06,0.024619383317412785
SKG_MT_1320,2010,SKG,MT,9.136364e-06,0.06255997100347996
SKG_SA_420,2010,SKG,SA,7.470176e-06,0.022913899944093458
SKG_MT_1375,2010,SKG,MT,8.570905e-06,0.04910517016757812
SKG_MT_1394,2010,SKG,MT,9.136364e-06,0.06255997100347996
SKG_MT_1193,2010,SKG,MT,8.837375e-06,0.055445684296352715
SKG_MT_715,2010,SKG,MT,6.7730084e-06,0.006325161932595358
SKG_DIA_209,2010,SKG,DIA,7.670091e-06,0.027670772695449986
SKG_DIA_210,2010,SKG,DIA,7.881246e-06,0.03269509536164655
SKG_MT_743,2010,SKG,MT,8.733035e-06,0.052962968627810914
SKG_MT_771,2010,SKG,MT,7.815188e-06,0.031123279839003898
SKG_MT_620,2011,SKG,MT,9.905275e-06,0.08085580565379794
SKG_MT_964,2011,SKG,MT,1.1900835e-05,0.12833911099705414
SKG_MT_966,2011,SKG,MT,1.0390854e-05,0.09240990371412836
SKG_MT_1227,2011,SKG,MT,1.0312776e-05,0.09055207858504644
SKG_MT_1220,2011,SKG,MT,1.1822927e-05,0.1264853309289618
SKG_MT_1399,2011,SKG,MT,9.651196e-06,0.07481012888221042
SKG_QA_392,2011,SKG,QA,1.0977949e-05,0.10637952184162092
SKG_MT_595,2011,SKG,MT,1.1671512e-05,0.12288249028345416
SKG_QA_302,2011,SKG,QA,8.683911e-06,0.05179408876868258
SKG_MT_962,2011,SKG,MT,9.969879e-06,0.08239302400774154
SKG_QA_240,2011,SKG,QA,1.1532215e-05,0.11956799110307398
SKG_PAR_14,2011,SKG,PAR,9.477958e-06,0.0706880213780236
SKG_MT_496,2011,SKG,MT,1.06158905e-05,0.09776452940460006
SKG_MT_565,2011,SKG,MT,1.1574678e-05,0.12057837595484022
SKG_PAR_34,2011,SKG,PAR,1.2761598e-05,0.14882051589451512
SKG_MT_58,2011,SKG,MT,1.0702284e-05,0.09982021750226316
SKG_MT_557,2011,SKG,MT,1.0294823e-05,0.09012489635007104
SKG_MT_87,2011,SKG,MT,1.0298132e-05,0.09020363227250927
SKG_SA_567,2011,SKG,SA,1.0156815e-05,0.08684106824978235
SKG_PAR_94,2011,SKG,PAR,1.0228044e-05,0.08853592500993729
SKG_MT_409,2011,SKG,MT,1.0971754e-05,0.10623211506026553
SKG_MT_144,2011,SKG,MT,1.22368365e-05,0.13633409076227898
SKG_MT_117,2011,SKG,MT,1.2071631e-05,0.13240311238984953
SKG_MT_1024,2011,SKG,MT,1.1249229e-05,0.11283448740192403
SKG_SA_505,2011,SKG,SA,9.049258e-06,0.06048732934137527
SKG_MT_1306,2011,SKG,MT,1.0035863e-05,0.08396307873912995
SKG_SA_192,2011,SKG,SA,9.761199e-06,0.07742759267065785
SKG_SA_181,2011,SKG,SA,1.173287e-05,0.12434247176697338
SKG_DIA_253,2011,SKG,DIA,1.2280302e-05,0.13736832957664558
SKG_MT_789,2011,SKG,MT,1.2765507e-05,0.14891352850279893
SKG_MT_1330,2011,SKG,MT,1.0971335e-05,0.10622214517465006
SKG_DIA_288,2011,SKG,DIA,1.0753253e-05,0.1010329981703666
SKG_MT_881,2011,SKG,MT,1.0231839e-05,0.0886262250479104
SKG_SA_343,2011,SKG,SA,9.3550125e-06,0.06776259757864933
SKG_SA_351,2011,SKG,SA,9.71269e-06,0.07627334641452124
SKG_SUM_130,2011,SKG,SUM,1.14011345e-05,0.11644899923811036
SKG_SUM_110,2011,SKG,SUM,1.1532204e-05,0.11956772936383347
SKG_MT_800,2011,SKG,MT,1.1097907e-05,0.10923385964272253
SKG_MT_1277,2011,SKG,MT,1.10544615e-05,0.10820009671788416
SKG_MT_697,2011,SKG,MT,1.0872033e-05,0.1038593060782581
SKG_DIA_213,2011,SKG,DIA,1.1069252e-05,0.10855202892121524
SKG_MT_712,2011,SKG,MT,1.1224946e-05,0.1122566861312781
SKG_SA_77,2011,SKG,SA,9.429895e-06,0.0695443874583655
SKG_MT_919,2011,SKG,MT,1.01898795e-05,0.08762782071501621
SKG_MT_820,2011,SKG,MT,9.929647e-06,0.08143572463284432
SKG_SA_423,2011,SKG,SA,8.651681e-06,0.051027192794012244
SKG_MT_813,2011,SKG,MT,1.0608149e-05,0.09758032446547776
SKG_DIA_233,2011,SKG,DIA,1.0162919e-05,0.08698630973378443
SKG_QA_336,2011,SKG,QA,9.969879e-06,0.08239302400774154
SKG_MT_1003,2011,SKG,MT,1.1297402e-05,0.11398073871398717
SKG_MT_440,2011,SKG,MT,1.0661323e-05,0.09884557195406363
SKG_MT_308,2011,SKG,MT,1.2723707e-05,0.147918919388892
SKG_MT_1132,2011,SKG,MT,1.2587665e-05,0.14468187122922394
SKG_MT_300,2011,SKG,MT,1.0578942e-05,0.09688535919299263
SKG_MT_368,2011,SKG,MT,9.952068e-06,0.08196922058841627
SKG_SUM_80,2011,SKG,SUM,9.199567e-06,0.06406385329597425
SKG_PAR_215,2011,SKG,PAR,1.0416453e-05,0.09301901851572894
SKG_PAR_89,2011,SKG,PAR,9.905275e-06,0.08085580565379794
SKG_SUM_45,2011,SKG,SUM,1.0152428e-05,0.08673668188177491
SKG_MT_280,2011,SKG,MT,9.342745e-06,0.06747069883929876
SKG_QA_5,2011,SKG,QA,1.0641931e-05,0.09838414946753532
SKG_MT_1111,2011,SKG,MT,1.2464934e-05,0.14176155134503943
SKG_MT_286,2011,SKG,MT,1.0276569e-05,0.08969055197769646
SKG_MT_1129,2011,SKG,MT,1.3419079e-05,0.16446493203854962
SKG_MT_389,2012,SKG,MT,1.3469711e-05,0.16566969396810305
SKG_MT_283,2012,SKG,MT,1.1276199e-05,0.11347622443068167
SKG_SUM_72,2012,SKG,SUM,1.095141e-05,0.10574804023219564
SKG_MT_234,2012,SKG,MT,9.704079e-06,0.07606845217816113
SKG_MT_1191,2012,SKG,MT,1.0746169e-05,0.10086443809948342
SKG_MT_1400,2012,SKG,MT,1.2374126e-05,0.13960082253126765
SKG_QA_417,2012,SKG,QA,1.1580961e-05,0.12072787665011958
SKG_MT_622,2012,SKG,MT,1.1544164e-05,0.11985231130168816
SKG_MT_1425,2012,SKG,MT,1.1700387e-05,0.12356955578977147
SKG_DIA_182,2012,SKG,DIA,1.0191756e-05,0.08767247104999817
SKG_MT_1236,2012,SKG,MT,1.14881095e-05,0.11851852382380551
SKG_MT_945,2012,SKG,MT,1.21055255e-05,0.1332096142705031
SKG_MT_7,2012,SKG,MT,9.747432e-06,0.07710001411393164
SKG_MT_576,2012,SKG,MT,1.3262997e-05,0.16075104257164002
SKG_SA_554,2012,SKG,SA,1.0020111e-05,0.08358826814673131
SKG_MT_613,2012,SKG,MT,1.0288581e-05,0.08997637122832444
SKG_MT_1473,2012,SKG,MT,9.973283e-06,0.08247402040543866
SKG_MT_92,2012,SKG,MT,1.11682775e-05,0.11090828884488008
SKG_QA_203,2012,SKG,QA,1.2155674e-05,0.13440287157071268
SKG_MT_78,2012,SKG,MT,8.617188e-06,0.050206449919227736
SKG_MT_981,2012,SKG,MT,1.1970279e-05,0.12999149461681858
SKG_MT_74,2012,SKG,MT,1.0692276e-05,0.09958208238235933
SKG_QA_219,2012,SKG,QA,1.3548814e-05,0.1675519084355045
SKG_MT_89,2012,SKG,MT,1.0156893e-05,0.08684292421894227
SKG_MT_85,2012,SKG,MT,1.2370232e-05,0.13950816684013
SKG_MT_131,2012,SKG,MT,1.0726531e-05,0.10039716217175843
SKG_SA_565,2012,SKG,SA,1.0575563e-05,0.09680495765720576
SKG_MT_535,2012,SKG,MT,1.0495666e-05,0.09490385037553539
SKG_MT_550,2012,SKG,MT,1.4345614e-05,0.18651134723840024
SKG_MT_93,2012,SKG,MT,9.94042e-06,0.08169206252720126
SKG_PAR_3,2012,SKG,PAR,9.918792e-06,0.08117743559142185
SKG_MT_415,2012,SKG,MT,1.2300789e-05,0.137855807014842
SKG_MT_480,2012,SKG,MT,1.0504327e-05,0.09510993433571593
SKG_MT_1228,2012,SKG,MT,1.1128919e-05,0.10997177394512636
SKG_MT_1209,2012,SKG,MT,9.1881775e-06,0.063792846106911
SKG_MT_453,2012,SKG,MT,9.48493e-06,0.07085391646754893
SKG_MT_469,2012,SKG,MT,9.85745e-06,0.07971783481952521
SKG_MT_239,2012,SKG,MT,1.0520287e-05,0.09548969417920766
SKG_SUM_59,2012,SKG,SUM,8.839558e-06,0.05549762763835414
SKG_MT_1077,2012,SKG,MT,9.749589e-06,0.07715133879954642
SKG_MT_1065,2012,SKG,MT,1.1505268e-05,0.11892680134727374
SKG_PAR_200,2012,SKG,PAR,1.1655561e-05,0.12250294459025013
SKG_MT_259,2012,SKG,MT,1.1508012e-05,0.11899209339054073
SKG_PAR_127,2012,SKG,PAR,1.0938801e-05,0.10544801567915135
SKG_MT_410,2012,SKG,MT,1.2081582e-05,0.13263989122459807
SKG_MT_373,2012,SKG,MT,1.2123421e-05,0.13363542832308495
SKG_SUM_97,2012,SKG,SUM,1.3548814e-05,0.1675519084355045
SKG_MT_1175,2012,SKG,MT,1.3936206e-05,0.17676969824063926
SKG_MT_1177,2012,SKG,MT,1.1385075e-05,0.11606687184421594
SKG_MT_1062,2012,SKG,MT,1.0551667e-05,0.09623636484893017
SKG_MT_1276,2012,SKG,MT,1.1049899e-05,0.10809153441926689
SKG_MT_724,2012,SKG,MT,1.1963888e-05,0.12983942411808702
SKG_QA_487,2012,SKG,QA,1.3619456e-05,0.16923279783800727
SKG_MT_451,2012,SKG,MT,1.0951399e-05,0.10574777849295514
SKG_DIA_231,2012,SKG,DIA,9.661897e-06,0.07506475357426587
SKG_MT_1395,2012,SKG,MT,1.1526739e-05,0.11943769255025682
SKG_MT_1376,2012,SKG,MT,1.14364275e-05,0.1172887776940223
SKG_SA_148,2012,SKG,SA,8.788042e-06,0.05427183139165487
SKG_MT_1421,2012,SKG,MT,9.8097435e-06,0.078582683630707
SKG_SA_5,2012,SKG,SA,9.735225e-06,0.07680955494040381
SKG_MT_788,2012,SKG,MT,1.1225138e-05,0.11226125467074866
SKG_MT_835,2012,SKG,MT,1.1352192e-05,0.11528443807645034
SKG_MT_832,2012,SKG,MT,1.0536603e-05,0.09587792485630109
SKG_MT_1349,2012,SKG,MT,1.2339174e-05,0.13876915799181128
SKG_MT_1361,2012,SKG,MT,9.586809e-06,0.07327807392964761
SKG_MT_1327,2012,SKG,MT,1.1636325e-05,0.1220452340420417
SKG_SA_268,2012,SKG,SA,8.753547e-06,0.05345104092791758
SKG_MT_865,2012,SKG,MT,1.2234747e-05,0.13628437220382184
SKG_SA_24,2012,SKG,SA,9.281398e-06,0.0660109790950201
SKG_MT_1165,2012,SKG,MT,9.959901e-06,0.08215560272212999
SKG_MT_1174,2012,SKG,MT,1.1793357e-05,0.12578172826154005
SKG_MT_346,2012,SKG,MT,9.880631e-06,0.08026941457716819
SKG_SUM_147,2012,SKG,SUM,9.282566e-06,0.06603877104346612
SKG_SUM_193,2013,SKG,SUM,1.0534192e-05,0.09582055637367837
SKG_MT_1090,2013,SKG,MT,8.733768e-06,0.0529804099790189
SKG_MT_376,2013,SKG,MT,1.130347e-05,0.11412512359683857
SKG_PAR_204,2013,SKG,PAR,1.0722512e-05,0.10030153217106963
SKG_MT_332,2013,SKG,MT,1.14448385e-05,0.1174889130351005
SKG_MT_337,2013,SKG,MT,1.1373332e-05,0.11578745330774198
SKG_MT_372,2013,SKG,MT,1.3035454e-05,0.1553367760260485
SKG_MT_375,2013,SKG,MT,1.19751785e-05,0.1301080756539857
SKG_MT_371,2013,SKG,MT,1.0101686e-05,0.08552930255981644
SKG_SA_306,2013,SKG,SA,9.42061e-06,0.06932345574490556
SKG_SA_296,2013,SKG,SA,8.700456e-06,0.052187768380873745
SKG_MT_824,2013,SKG,MT,1.0521542e-05,0.09551955624710129
SKG_MT_290,2013,SKG,MT,1.181639e-05,0.12632978643667447
SKG_MT_282,2013,SKG,MT,1.2003739e-05,0.1307876577974723
SKG_MT_268,2013,SKG,MT,1.0215225e-05,0.08823090361684702
SKG_MT_277,2013,SKG,MT,1.1362784e-05,0.1155364691705772
SKG_SA_318,2013,SKG,SA,1.1397448e-05,0.11636128090082765
SKG_MT_1326,2013,SKG,MT,1.1017216e-05,0.10731385954678319
SKG_PAR_139,2013,SKG,PAR,1.2465051e-05,0.1417643352987793
SKG_MT_829,2013,SKG,MT,1.2207302e-05,0.13563133279876982
SKG_SUM_0,2013,SKG,SUM,1.0236544e-05,0.08873817805941597
SKG_SA_229,2013,SKG,SA,1.2116475e-05,0.13347015188994626
SKG_MT_1324,2013,SKG,MT,1.0718239e-05,0.10019985837337286
SKG_QA_3,2013,SKG,QA,1.0993801e-05,0.10675671188166047
SKG_MT_1290,2013,SKG,MT,9.878897e-06,0.08022815495507454
SKG_MT_869,2013,SKG,MT,1.1388811e-05,0.11615576800808092
SKG_MT_225,2013,SKG,MT,1.3431973e-05,0.1647717380173706
SKG_MT_1310,2013,SKG,MT,1.0229488e-05,0.08857028423387225
SKG_MT_1069,2013,SKG,MT,1.1023952e-05,0.10747413913987597
SKG_MT_845,2013,SKG,MT,1.1372628e-05,0.11577070199634992
SKG_SUM_34,2013,SKG,SUM,1.1869903e-05,0.127603100252763
SKG_MT_1082,2013,SKG,MT,1.0654299e-05,0.09867843955176497
SKG_PAR_52,2013,SKG,PAR,1.3554655e-05,0.167690891972211
SKG_MT_515,2013,SKG,MT,9.739022e-06,0.07689990256732976
SKG_QA_84,2013,SKG,QA,1.0749994e-05,0.10095545197174882
SKG_MT_885,2013,SKG,MT,1.2246386e-05,0.1365613161147492
SKG_MT_1386,2013,SKG,MT,1.12920925e-05,0.11385440194149221
SKG_MT_740,2013,SKG,MT,1.11997315e-05,0.11165672030585688
SKG_MT_741,2013,SKG,MT,1.3473449e-05,0.16575863772092087
SKG_SA_111,2013,SKG,SA,9.343216e-06,0.06748190603768753
SKG_SA_577,2013,SKG,SA,1.4889455e-05,0.19945175908328677
SKG_SA_557,2013,SKG,SA,1.3338978e-05,0.16255897068369174
SKG_MT_1211,2013,SKG,MT,1.2083506e-05,0.13268567179720947
SKG_SA_469,2013,SKG,SA,1.063842e-05,0.09830060706086241
SKG_SA_191,2013,SKG,SA,1.0607865e-05,0.09757356683417756
SKG_PAR_56,2013,SKG,PAR,1.1852348e-05,0.1271853882193985
SKG_MT_891,2013,SKG,MT,1.0742317e-05,0.10077278177635496
SKG_PAR_53,2013,SKG,PAR,1.1688789e-05,0.1232935874523769
SKG_MT_156,2013,SKG,MT,1.4083278e-05,0.18026919947510145
SKG_MT_147,2013,SKG,MT,1.2223505e-05,0.136016874700029
SKG_MT_500,2013,SKG,MT,1.16208e-05,0.12167582479578798
SKG_SA_590,2013,SKG,SA,1.3022606e-05,0.15503106459314236
SKG_MT_1225,2013,SKG,MT,1.2076456e-05,0.1325179207385242
SKG_QA_20,2013,SKG,QA,8.780637e-06,0.05409563329384434
SKG_MT_150,2013,SKG,MT,1.0525557e-05,0.09561509106988447
SKG_MT_200,2013,SKG,MT,9.673607e-06,0.07534338689301828
SKG_MT_178,2013,SKG,MT,1.2123293e-05,0.13363238263010457
SKG_MT_481,2013,SKG,MT,1.1306273e-05,0.1141918195142137
SKG_QA_12,2013,SKG,QA,1.1414918e-05,0.11677697040369739
SKG_MT_180,2013,SKG,MT,1.0846577e-05,0.10325359388678401
SKG_SA_435,2013,SKG,SA,8.62912e-06,0.050490365611743
SKG_SA_414,2013,SKG,SA,9.374839e-06,0.06823435876517747
SKG_PAR_106,2013,SKG,PAR,1.1768584e-05,0.12519226769745356
SKG_MT_1036,2013,SKG,MT,8.1501785e-06,0.039094203388578996
SKG_MT_100,2013,SKG,MT,9.394825e-06,0.06870991517069286
SKG_MT_719,2013,SKG,MT,1.0795742e-05,0.10204400167851951
SKG_SA_32,2013,SKG,SA,9.658949e-06,0.07499460745781139
SKG_PAR_20,2013,SKG,PAR,1.1851183e-05,0.12715766765438175
SKG_SA_48,2013,SKG,SA,9.357976e-06,0.06783311250948817
SKG_SA_40,2013,SKG,SA,1.0817518e-05,0.10256215019680748
SKG_SA_609,2013,SKG,SA,1.1516576e-05,0.1191958692865096
SKG_SA_597,2013,SKG,SA,7.722666e-06,0.028921767292666656
SKG_MT_80,2013,SKG,MT,1.2413781e-05,0.14054439249327672
SKG_MT_1429,2013,SKG,MT,1.1489393e-05,0.11854906403427679
SKG_MT_21,2013,SKG,MT,1.0079198e-05,0.08499421237432506
SKG_QA_334,2013,SKG,QA,1.0320441e-05,0.0907344632467234
SKG_SA_4,2013,SKG,SA,7.750725e-06,0.029589416506234006
SKG_MT_572,2013,SKG,MT,1.1256128e-05,0.11299864549467153
SKG_QA_424,2013,SKG,QA,1.0355459e-05,0.09156769822162275
SKG_MT_1101,2013,SKG,MT,1.0716797e-05,0.10016554673839073
SKG_MT_22,2013,SKG,MT,1.1900552e-05,0.12833237716023033
SKG_SUM_155,2013,SKG,SUM,9.849989e-06,0.07954030423103578
SKG_SUM_154,2013,SKG,SUM,1.0782746e-05,0.10173476866310477
SKG_SUM_180,2013,SKG,SUM,9.918337e-06,0.08116660910465565
SKG_MT_1169,2013,SKG,MT,1.0580678e-05,0.09692666640403907
SKG_SUM_76,2013,SKG,SUM,1.1529443e-05,0.11950203281446747
SKG_MT_305,2013,SKG,MT,1.1328431e-05,0.11471905752249001
SKG_MT_314,2013,SKG,MT,1.1607287e-05,0.12135429003606968
SKG_MT_1048,2013,SKG,MT,1.0169997e-05,0.08715472703780916
SKG_SA_526,2013,SKG,SA,1.1141268e-05,0.11026561193430429
SKG_SA_484,2013,SKG,SA,1.0463864e-05,0.0941471384367682
SKG_MT_922,2013,SKG,MT,1.0741119e-05,0.10074427599361663
SKG_MT_955,2013,SKG,MT,1.3044607e-05,0.15555456686862246
SKG_MT_1248,2013,SKG,MT,1.1026003e-05,0.10752294161099135
SKG_MT_1242,2013,SKG,MT,1.1232784e-05,0.11244318723737384
SKG_MT_1244,2013,SKG,MT,1.189987e-05,0.12831614932731922
SKG_MT_1461,2013,SKG,MT,8.66819e-06,0.05142001580505268
SKG_MT_708,2013,SKG,MT,1.1316802e-05,0.11444235155632676
SKG_MT_706,2013,SKG,MT,1.1035102e-05,0.10773944755183912
SKG_MT_707,2013,SKG,MT,1.104975e-05,0.10808798904228195
SKG_MT_705,2013,SKG,MT,1.04742685e-05,0.0943947080665683
SKG_MT_641,2013,SKG,MT,1.1656618e-05,0.12252809535181475
SKG_MT_1437,2013,SKG,MT,1.1734974e-05,0.1243925353453384
SKG_QA_385,2013,SKG,QA,1.1595273e-05,0.12106842319648886
SKG_MT_14,2013,SKG,MT,1.1031356e-05,0.10765031344321008
SKG_MT_1280,2013,SKG,MT,1.0687372e-05,0.09946539427004836
SKG_MT_940,2013,SKG,MT,1.1797281e-05,0.12587509778696998
SKG_MT_973,2013,SKG,MT,1.2216654e-05,0.13585385874214917
SKG_MT_748,2013,SKG,MT,1.0465142e-05,0.09417754777761925
SKG_DIA_220,2013,SKG,DIA,1.4115265e-05,0.18103031339200437
SKG_MT_752,2013,SKG,MT,1.1445112e-05,0.11749542082439846
SKG_MT_44,2013,SKG,MT,1.1359026e-05,0.1154470495282312
SKG_MT_77,2013,SKG,MT,1.0422156e-05,0.09315471841469092
SKG_MT_591,2013,SKG,MT,1.11397285e-05,0.11022898033787226
SKG_QA_193,2013,SKG,QA,1.0671505e-05,0.09908784731286263
SKG_MT_91,2013,SKG,MT,1.2036938e-05,0.13157761061978324
SKG_MT_682,2013,SKG,MT,1.13452215e-05,0.11511857867863962
SKG_MT_681,2013,SKG,MT,1.1952199e-05,0.1295612904833392
SKG_MT_725,2013,SKG,MT,1.2806463e-05,0.14988805507861647
SKG_MT_79,2013,SKG,MT,8.040866e-06,0.03649316968609212
SKG_MT_1282,2013,SKG,MT,1.1977714e-05,0.13016840654892142
SKG_MT_94,2013,SKG,MT,1.0501372e-05,0.09503962165792657
SKG_SUM_40,2014,SKG,SUM,1.1058489e-05,0.10829592897162243
SKG_MT_220,2014,SKG,MT,1.4200272e-05,0.18305301044812605
SKG_SA_278,2014,SKG,SA,1.4375455e-05,0.18722139820892886
SKG_MT_868,2014,SKG,MT,8.778718e-06,0.05404997169361497
SKG_MT_1030,2014,SKG,MT,1.4070804e-05,0.17997238717637243
SKG_SUM_43,2014,SKG,SUM,1.0189394e-05,0.08761626849671952
SKG_MT_97,2014,SKG,MT,1.3894616e-05,0.1757800859667783
SKG_PAR_35,2014,SKG,PAR,1.6104985e-05,0.22837465899303055
SKG_MT_710,2014,SKG,MT,1.12646885e-05,0.11320233810997293
SKG_SA_36,2014,SKG,SA,8.435388e-06,0.04588061410802488
SKG_SA_556,2014,SKG,SA,9.180023e-06,0.0635988140490317
SKG_SA_618,2014,SKG,SA,1.33724125e-05,0.16335452710519704
SKG_SA_52,2014,SKG,SA,1.11964955e-05,0.1115797213801965
SKG_MT_738,2014,SKG,MT,1.0899782e-05,0.1045195790041385
SKG_SA_118,2014,SKG,SA,1.1045642e-05,0.10799024133319268
SKG_MT_790,2014,SKG,MT,1.1800657e-05,0.12595542793932762
SKG_MT_476,2014,SKG,MT,1.2041828e-05,0.13169396560942448
SKG_MT_770,2014,SKG,MT,1.263587e-05,0.14582888396453209
SKG_MT_732,2014,SKG,MT,1.2982492e-05,0.1540765729664615
SKG_MT_1367,2014,SKG,MT,1.0610486e-05,0.09763593215684624
SKG_MT_913,2014,SKG,MT,1.0615759e-05,0.09776140043095227
SKG_MT_116,2014,SKG,MT,1.26006125e-05,0.14498995021253275
SKG_MT_169,2014,SKG,MT,9.175201e-06,0.06348407708378626
SKG_MT_487,2014,SKG,MT,1.1087423e-05,0.10898439835204787
SKG_MT_1206,2014,SKG,MT,1.1467586e-05,0.11803017788722009
SKG_MT_1213,2014,SKG,MT,1.0755469e-05,0.10108572673008948
SKG_PAR_113,2014,SKG,PAR,1.4343083e-05,0.18645112341860842
SKG_SA_283,2014,SKG,SA,7.810866e-06,0.031020440111963116
SKG_SA_441,2014,SKG,SA,1.301744e-05,0.15490814232801214
SKG_MT_1316,2014,SKG,MT,1.1536109e-05,0.11966064679421157
SKG_MT_827,2014,SKG,MT,1.0189549e-05,0.08761995664056296
SKG_MT_828,2014,SKG,MT,1.3264363e-05,0.16078354582641508
SKG_SA_260,2014,SKG,SA,9.275867e-06,0.06587937184600051
SKG_SA_224,2014,SKG,SA,1.2671058e-05,0.14666616400042104
SKG_SA_246,2014,SKG,SA,1.0392777e-05,0.09245566049226336
SKG_MT_187,2014,SKG,MT,1.0804507e-05,0.10225256026424662
SKG_SUM_22,2014,SKG,SUM,1.0255626e-05,0.0891922242582574
SKG_DIA_64,2014,SKG,DIA,1.0968729e-05,0.10616013676912756
SKG_MT_252,2014,SKG,MT,1.3144119e-05,0.15792240280506042
SKG_MT_265,2014,SKG,MT,1.1464907e-05,0.11796643248491973
SKG_MT_266,2014,SKG,MT,1.148455e-05,0.11843382738502672
SKG_SA_339,2014,SKG,SA,1.1503579e-05,0.11888661247661847
SKG_SA_307,2014,SKG,SA,8.825425e-06,0.05516134030326214
SKG_PAR_185,2014,SKG,PAR,8.8441875e-06,0.0556077841668908
SKG_MT_394,2014,SKG,MT,1.2349593e-05,0.13901707264151936
SKG_PAR_212,2014,SKG,PAR,1.0611922e-05,0.09767010102496992
SKG_MT_1127,2014,SKG,MT,9.551811e-06,0.07244531484427644
SKG_MT_1347,2014,SKG,MT,9.489164e-06,0.07095466228066574
SKG_MT_840,2014,SKG,MT,1.1515344e-05,0.11916655449157337
SKG_MT_1096,2014,SKG,MT,1.1151622e-05,0.11051197994304574
SKG_MT_319,2014,SKG,MT,1.3991923e-05,0.17809545508273383
SKG_MT_836,2014,SKG,MT,1.14811655e-05,0.1183532949796196
SKG_MT_331,2014,SKG,MT,1.1781564e-05,0.1255011200012457
SKG_DIA_298,2014,SKG,DIA,1.0413145e-05,0.0929403063877671
SKG_MT_224,2014,SKG,MT,1.1245775e-05,0.11275230128040648
SKG_MT_1403,2014,SKG,MT,1.1864335e-05,0.12747061260811626
SKG_QA_404,2014,SKG,QA,8.8441875e-06,0.0556077841668908
SKG_MT_676,2014,SKG,MT,1.6205111e-05,0.23075710473798372
SKG_MT_1009,2014,SKG,MT,9.651453e-06,0.07481624406264759
SKG_MT_1441,2014,SKG,MT,9.345177e-06,0.0675285670059261
SKG_MT_680,2014,SKG,MT,1.1399709e-05,0.11641508021198899
SKG_MT_590,2014,SKG,MT,1.246819e-05,0.14183902616022792
SKG_SA_449,2014,SKG,SA,1.2013703e-05,0.13102474596041414
SKG_SA_460,2014,SKG,SA,9.533455e-06,0.0720085434353081
SKG_MT_545,2014,SKG,MT,1.0689554e-05,0.09951731381757334
SKG_MT_530,2014,SKG,MT,1.00995185e-05,0.08547772803219936
SKG_MT_586,2014,SKG,MT,1.1497064e-05,0.1187315914628122
SKG_DIA_211,2014,SKG,DIA,1.01846235e-05,0.08750275694700915
SKG_MT_1253,2014,SKG,MT,9.680573e-06,0.07550913921568514
SKG_MT_560,2014,SKG,MT,1.1373648e-05,0.11579497236228736
SKG_MT_598,2014,SKG,MT,1.24149055e-05,0.14057114938199894
SKG_MT_647,2014,SKG,MT,1.0568707e-05,0.09664182272694388
SKG_MT_652,2014,SKG,MT,9.931125e-06,0.08147089286897721
SKG_MT_1252,2014,SKG,MT,1.2199806e-05,0.13545296940360602
SKG_SA_517,2014,SKG,SA,9.063345e-06,0.060822522130552475
SKG_SA_530,2014,SKG,SA,1.0403387e-05,0.09270811988696559
SKG_MT_931,2014,SKG,MT,9.637107e-06,0.0744748885040804
SKG_SA_490,2014,SKG,SA,9.626644e-06,0.07422592689741034
SKG_SA_540,2014,SKG,SA,9.793545e-06,0.0781972488045917
SKG_MT_1474,2014,SKG,MT,1.0027808e-05,0.08377141423165335
SKG_SUM_145,2014,SKG,SUM,1.1201761e-05,0.11170501119572945
SKG_MT_1158,2014,SKG,MT,1.0693979e-05,0.09962260437568432
SKG_MT_1060,2014,SKG,MT,1.064857e-05,0.09854212099641635
SKG_MT_317,2014,SKG,MT,1.0917967e-05,0.10495228155764086
SKG_MT_1053,2014,SKG,MT,9.971392e-06,0.08242902505054878
SKG_MT_359,2014,SKG,MT,1.19954775e-05,0.13059107973061723
SKG_MT_1046,2014,SKG,MT,1.4178338e-05,0.18253110240256543
SKG_SUM_68,2014,SKG,SUM,1.0381781e-05,0.09219401642966721
SKG_MT_1120,2014,SKG,MT,1.1890262e-05,0.12808753199797906
SKG_MT_1118,2015,SKG,MT,1.5374195e-05,0.2109858935779098
SKG_SUM_92,2015,SKG,SUM,9.866808e-06,0.07994050352976306
SKG_SUM_64,2015,SKG,SUM,1.291104e-05,0.1523764100380673
SKG_SUM_178,2015,SKG,SUM,9.267511e-06,0.06568054520112479
SKG_SUM_129,2015,SKG,SUM,1.3292373e-05,0.16145002911063833
SKG_MT_642,2015,SKG,MT,1.1596233e-05,0.12109126589384173
SKG_SUM_177,2015,SKG,SUM,1.1606435e-05,0.12133401714216902
SKG_MT_651,2015,SKG,MT,1.1557272e-05,0.12016420929846072
SKG_QA_328,2015,SKG,QA,1.1489907e-05,0.11856129439515112
SKG_SA_531,2015,SKG,SA,1.0007879e-05,0.08329721411129332
SKG_QA_352,2015,SKG,QA,1.0847715e-05,0.10328067200093777
SKG_SA_535,2015,SKG,SA,9.2844775e-06,0.06608425418512243
SKG_QA_298,2015,SKG,QA,9.741569e-06,0.07696050709874416
SKG_MT_18,2015,SKG,MT,9.798402e-06,0.07831281857651143
SKG_SA_509,2015,SKG,SA,1.0406622e-05,0.09278509501814952
SKG_MT_959,2015,SKG,MT,9.424375e-06,0.06941304194858641
SKG_MT_1004,2015,SKG,MT,1.1093177e-05,0.10912131176930673
SKG_SA_542,2015,SKG,SA,1.2261836e-05,0.13692894077527223
SKG_SA_545,2015,SKG,SA,1.3745134e-05,0.17222324004416978
SKG_MT_615,2015,SKG,MT,1.1254218e-05,0.11295319804472986
SKG_MT_1456,2015,SKG,MT,1.4810277e-05,0.19756776003015464
SKG_MT_24,2015,SKG,MT,1.0818353e-05,0.10258201858460914
SKG_QA_256,2015,SKG,QA,9.309001e-06,0.0666677780273448
SKG_MT_48,2015,SKG,MT,1.67897e-05,0.24466709390759467
SKG_QA_438,2015,SKG,QA,1.0048659e-05,0.0842675528592628
SKG_QA_423,2015,SKG,QA,1.0296266e-05,0.09015923177952961
SKG_QA_356,2015,SKG,QA,8.638441e-06,0.0507121539263537
SKG_QA_269,2015,SKG,QA,1.1158027e-05,0.11066438356444702
SKG_MT_1254,2015,SKG,MT,1.4795158e-05,0.1972080113413231
SKG_MT_971,2015,SKG,MT,1.2000969e-05,0.13072174709781864
SKG_QA_446,2015,SKG,QA,1.2198781e-05,0.13542858006528652
SKG_MT_668,2015,SKG,MT,1.148536e-05,0.11845310091091826
SKG_PAR_84,2015,SKG,PAR,1.1292836e-05,0.11387209313470248
SKG_SA_596,2015,SKG,SA,9.936572e-06,0.08160050138197844
SKG_SA_608,2015,SKG,SA,1.2219636e-05,0.13592481387080158
SKG_MT_555,2015,SKG,MT,9.35529e-06,0.06776920054585289
SKG_SA_78,2015,SKG,SA,1.0543318e-05,0.09603770476538931
SKG_SA_114,2015,SKG,SA,1.2482908e-05,0.1421892332640194
SKG_SA_107,2015,SKG,SA,1.0846154e-05,0.10324352882326293
SKG_SA_564,2015,SKG,SA,1.25585275e-05,0.14398855967284918
SKG_MT_1380,2015,SKG,MT,1.2196433e-05,0.1353727106346776
SKG_MT_471,2015,SKG,MT,1.2725784e-05,0.14796834051639401
SKG_MT_109,2015,SKG,MT,1.3559193e-05,0.16779887130615617
SKG_MT_900,2015,SKG,MT,1.206262e-05,0.13218870036292574
SKG_PAR_79,2015,SKG,PAR,1.047195e-05,0.09433954057301347
SKG_MT_108,2015,SKG,MT,1.1039786e-05,0.10785090087934013
SKG_PAR_67,2015,SKG,PAR,1.1541842e-05,0.11979706052746586
SKG_PAR_61,2015,SKG,PAR,1.2066026e-05,0.13226974434957567
SKG_MT_699,2015,SKG,MT,9.809706e-06,0.07858179133784168
SKG_SA_458,2015,SKG,SA,1.1020809e-05,0.10739935310052162
SKG_SA_65,2015,SKG,SA,9.439424e-06,0.06977112502406932
SKG_MT_976,2015,SKG,MT,1.29608425e-05,0.15356143444943926
SKG_QA_168,2015,SKG,QA,9.725425e-06,0.07657636907159313
SKG_QA_155,2015,SKG,QA,9.992944e-06,0.08294184360612103
SKG_SA_9,2015,SKG,SA,1.0885676e-05,0.10418393411990956
SKG_SA_437,2015,SKG,SA,9.526266e-06,0.07183748494440195
SKG_MT_1035,2015,SKG,MT,1.5437356e-05,0.2124887765023949
SKG_SA_293,2015,SKG,SA,9.121589e-06,0.06220840761453322
SKG_PAR_100,2015,SKG,PAR,1.0659097e-05,0.09879260544957658
SKG_QA_107,2015,SKG,QA,1.01330825e-05,0.08627636583839968
SKG_SA_592,2015,SKG,SA,1.1236578e-05,0.11253346348087057
SKG_QA_28,2015,SKG,QA,9.521652e-06,0.07172769723024963
SKG_QA_15,2015,SKG,QA,9.10347e-06,0.06177727549647388
SKG_SA_143,2015,SKG,SA,7.823853e-06,0.03132945897709011
SKG_MT_1045,2015,SKG,MT,1.1446946e-05,0.11753905989413305
SKG_SUM_17,2015,SKG,SUM,9.159805e-06,0.06311773732498938
SKG_MT_429,2015,SKG,MT,1.25867045e-05,0.14465901663463282
SKG_SA_393,2015,SKG,SA,1.1911042e-05,0.12858198121776343
SKG_SA_313,2015,SKG,SA,1.0762517e-05,0.10125343019982191
SKG_MT_1085,2015,SKG,MT,1.3218499e-05,0.1596922359603809
SKG_DIA_40,2015,SKG,DIA,1.3415061e-05,0.1643693258323372
SKG_SA_410,2015,SKG,SA,9.436192e-06,0.06969422127631458
SKG_SA_401,2015,SKG,SA,1.1281846e-05,0.11361059183896477
SKG_MT_320,2015,SKG,MT,1.4216599e-05,0.18344150286445998
SKG_MT_401,2015,SKG,MT,1.0150501e-05,0.08669082992573429
SKG_MT_384,2015,SKG,MT,1.1431346e-05,0.11716786606214863
SKG_PAR_124,2015,SKG,PAR,1.0746488e-05,0.10087202853745797
SKG_SA_334,2015,SKG,SA,1.0762004e-05,0.10124122363342397
SKG_MT_854,2015,SKG,MT,1.4623127e-05,0.19311462377016225
SKG_MT_262,2015,SKG,MT,1.2251059e-05,0.13667250770300965
SKG_MT_1346,2015,SKG,MT,1.3277702e-05,0.16110094034723815
SKG_MT_839,2015,SKG,MT,1.2263449e-05,0.1369673212657203
SKG_MT_1333,2015,SKG,MT,1.427736e-05,0.18488727904556285
SKG_MT_1108,2015,SKG,MT,1.1490827e-05,0.11858318531344764
SKG_SUM_136,2015,SKG,SUM,1.00492525e-05,0.08428167488101168
SKG_SUM_172,2015,SKG,SUM,9.2489e-06,0.0652377062006721
SKG_SUM_186,2015,SKG,SUM,1.0059838e-05,0.08453355131104187
SKG_SUM_107,2015,SKG,SUM,1.079532e-05,0.10203396040947477
SKG_SA_382,2015,SKG,SA,7.652133e-06,0.027243471488092558
SKG_SA_321,2015,SKG,SA,1.2095612e-05,0.13297372772861993
SKG_MT_378,2015,SKG,MT,1.068773e-05,0.09947391269260286
SKG_SA_323,2015,SKG,SA,8.949352e-06,0.05811011838123206
SKG_PAR_116,2015,SKG,PAR,1.0893526e-05,0.1043707207597222
SKG_MT_296,2015,SKG,MT,1.1778835e-05,0.12543618487512487
SKG_MT_304,2015,SKG,MT,1.3468683e-05,0.16564523324635438
SKG_SA_366,2015,SKG,SA,1.118865e-05,0.11139304181552767
SKG_MT_1293,2015,SKG,MT,1.43293855e-05,0.18612519857799265
SKG_MT_171,2015,SKG,MT,1.21957455e-05,0.13535635193214623
SKG_MT_165,2015,SKG,MT,1.0693734e-05,0.09961677472896402
SKG_MT_428,2015,SKG,MT,1.314007e-05,0.15782605897007929
SKG_MT_437,2015,SKG,MT,1.2962994e-05,0.15361262826543376
SKG_MT_809,2015,SKG,MT,6.919034e-06,0.009799764626942903
SKG_SA_266,2015,SKG,SA,1.1521278e-05,0.11930775091458595
SKG_MT_441,2015,SKG,MT,9.860393e-06,0.07978786196359769
SKG_MT_815,2015,SKG,MT,1.0337886e-05,0.09114955788768286
SKG_MT_810,2015,SKG,MT,1.1595117e-05,0.12106471125816903
SKG_DIA_300,2015,SKG,DIA,7.869793e-06,0.03242257722333136
SKG_MT_1295,2015,SKG,MT,1.2117249e-05,0.13348856881468701
SKG_MT_1032,2015,SKG,MT,1.1445386e-05,0.1175019405109346
SKG_MT_221,2015,SKG,MT,1.0991776e-05,0.10670852806693171
SKG_MT_217,2015,SKG,MT,1.148328e-05,0.11840360839998698
SKG_MT_405,2015,SKG,MT,1.2015675e-05,0.13107166866789322
SKG_SA_415,2015,SKG,SA,9.412105e-06,0.06912108372304482
SKG_SA_240,2015,SKG,SA,1.0117971e-05,0.08591679560814117
SKG_SA_432,2015,SKG,SA,1.0292762e-05,0.09007585593419157
SKG_DIA_275,2015,SKG,DIA,1.1671991e-05,0.1228938878376542
SKG_QA_407,2016,SKG,QA,1.1388234e-05,0.11614203859519279
SKG_QA_405,2016,SKG,QA,1.0649576e-05,0.09856605823968406
SKG_DIA_153,2016,SKG,DIA,9.85728e-06,0.07971378975853566
SKG_MT_1,2016,SKG,MT,1.0033021e-05,0.08389545483717481
SKG_SA_504,2016,SKG,SA,1.0484342e-05,0.09463440172467696
SKG_SA_497,2016,SKG,SA,8.534715e-06,0.04824404806632715
SKG_SA_493,2016,SKG,SA,9.345498e-06,0.06753620503285346
SKG_DIA_204,2016,SKG,DIA,9.835805e-06,0.07920280337764687
SKG_MT_360,2016,SKG,MT,1.2397573e-05,0.1401587316196355
SKG_MT_1166,2016,SKG,MT,1.3332746e-05,0.16241068350670923
SKG_MT_1160,2016,SKG,MT,9.714265e-06,0.07631082271486583
SKG_SUM_85,2016,SKG,SUM,8.512451e-06,0.04771428784355142
SKG_SA_463,2016,SKG,SA,1.3491437e-05,0.1661866527625706
SKG_MT_905,2016,SKG,MT,1.1341922e-05,0.1150400688037273
SKG_MT_901,2016,SKG,MT,1.4518908e-05,0.19063478723326593
SKG_MT_897,2016,SKG,MT,9.39322e-06,0.06867172503605601
SKG_QA_131,2016,SKG,QA,1.4865109e-05,0.19887245876062704
SKG_MT_895,2016,SKG,MT,8.499034e-06,0.04739503735356845
SKG_QA_118,2016,SKG,QA,1.1321421e-05,0.11455225824286114
SKG_MT_459,2016,SKG,MT,1.0269447e-05,0.08952108771670975
SKG_MT_1314,2016,SKG,MT,9.693943e-06,0.0758272713652769
SKG_QA_70,2016,SKG,QA,9.676448e-06,0.07541098700049698
SKG_QA_63,2016,SKG,QA,1.2028514e-05,0.13137716595051163
SKG_MT_731,2016,SKG,MT,1.0625553e-05,0.09799444353290448
SKG_SA_566,2016,SKG,SA,1.0155846e-05,0.08681801140214176
SKG_SA_583,2016,SKG,SA,8.893904e-06,0.05679076225329163
SKG_SA_160,2016,SKG,SA,1.0651912e-05,0.0986216421365761
SKG_MT_1311,2016,SKG,MT,1.2136376e-05,0.1339436857649669
SKG_DIA_109,2016,SKG,DIA,9.986408e-06,0.08278632290831014
SKG_SA_617,2016,SKG,SA,1.0558825e-05,0.09640668571106759
SKG_MT_698,2016,SKG,MT,1.2354234e-05,0.13912750280653474
SKG_MT_1264,2016,SKG,MT,1.1133516e-05,0.11008115715317973
SKG_MT_994,2016,SKG,MT,9.865086e-06,0.07989952944138631
SKG_MT_513,2016,SKG,MT,1.2366506e-05,0.13941950862102914
SKG_MT_107,2016,SKG,MT,1.4486642e-05,0.18986703465744487
SKG_MT_103,2016,SKG,MT,9.040098e-06,0.06026937193746648
SKG_QA_182,2016,SKG,QA,8.1091575e-06,0.038118130171794884
SKG_PAR_36,2016,SKG,PAR,1.139646e-05,0.11633777195813533
SKG_SA_26,2016,SKG,SA,1.2207906e-05,0.13564570466252102
SKG_SA_17,2016,SKG,SA,9.991914e-06,0.0829173352954195
SKG_SUM_217,2016,SKG,SUM,1.0651222e-05,0.0986052239478537
SKG_SA_85,2016,SKG,SA,1.003793e-05,0.08401226192186786
SKG_SA_89,2016,SKG,SA,1.0626678e-05,0.0980212123188649
SKG_SA_41,2016,SKG,SA,1.00135485e-05,0.08343211689529556
SKG_QA_197,2016,SKG,QA,1.1302413e-05,0.11409997283527396
SKG_QA_470,2016,SKG,QA,1.18400785e-05,0.12689344189109514
SKG_PAR_9,2016,SKG,PAR,1.1927229e-05,0.12896714240740004
SKG_SA_8,2016,SKG,SA,1.2725831e-05,0.14796945885678525
SKG_SA_462,2016,SKG,SA,1.1068639e-05,0.10853744290717637
SKG_QA_340,2016,SKG,QA,9.718258e-06,0.07640583405916798
SKG_QA_345,2016,SKG,QA,1.1040597e-05,0.10787019819970806
SKG_QA_312,2016,SKG,QA,1.0549233e-05,0.09617844909335
SKG_MT_658,2016,SKG,MT,9.609418e-06,0.07381604324678451
SKG_QA_335,2016,SKG,QA,1.07337155e-05,0.10056811358752071
SKG_QA_337,2016,SKG,QA,1.1896205e-05,0.12822894257127931
SKG_MT_312,2016,SKG,MT,9.790761e-06,0.0781310049822683
SKG_MT_362,2016,SKG,MT,1.1200842e-05,0.11168314407190932
SKG_MT_365,2016,SKG,MT,1.0149331e-05,0.08666299038833544
SKG_SUM_128,2016,SKG,SUM,1.0584361e-05,0.09701430146065437
SKG_PAR_7,2016,SKG,PAR,1.0329273e-05,0.09094461606236995
SKG_QA_419,2016,SKG,QA,1.1133516e-05,0.11008115715317973
SKG_QA_366,2016,SKG,QA,1.3262275e-05,0.1607338629596725
SKG_QA_376,2016,SKG,QA,9.8479595e-06,0.07949201334116318
SKG_QA_375,2016,SKG,QA,1.1564682e-05,0.12034052636865328
SKG_QA_261,2016,SKG,QA,1.0468077e-05,0.09424738456588039
SKG_MT_960,2016,SKG,MT,9.980201e-06,0.08263863059323792
SKG_MT_1233,2016,SKG,MT,1.0228747e-05,0.08855265252685299
SKG_MT_2,2016,SKG,MT,9.730992e-06,0.07670883292176345
SKG_DIA_158,2016,SKG,DIA,1.12675025e-05,0.11326929576658862
SKG_MT_673,2016,SKG,MT,9.967037e-06,0.08232540010578646
SKG_QA_253,2016,SKG,QA,1.0770116e-05,0.10143424442605586
SKG_MT_574,2016,SKG,MT,9.687953e-06,0.07568474245158544
SKG_QA_421,2016,SKG,QA,1.1983301e-05,0.1303013462886199
SKG_SA_238,2016,SKG,SA,9.253885e-06,0.06535632166557223
SKG_SA_431,2016,SKG,SA,1.1728708e-05,0.12424343915615804
SKG_SA_427,2016,SKG,SA,1.0360804e-05,0.0916948796980302
SKG_MT_1304,2016,SKG,MT,1.26898385e-05,0.14711303616462507
SKG_MT_1298,2016,SKG,MT,1.0915416e-05,0.10489158184832081
SKG_SA_275,2016,SKG,SA,9.1528445e-06,0.06295211587194274
SKG_MT_1288,2016,SKG,MT,9.367082e-06,0.06804978501167086
SKG_MT_215,2016,SKG,MT,1.11418e-05,0.11027827059575401
SKG_MT_402,2016,SKG,MT,1.1680075e-05,0.12308624238494664
SKG_MT_230,2016,SKG,MT,1.5598009e-05,0.21631143052097124
SKG_MT_1029,2016,SKG,MT,1.679545e-05,0.2448039121469479
SKG_MT_381,2016,SKG,MT,1.0373795e-05,0.09200399374106286
SKG_SA_252,2016,SKG,SA,1.2254096e-05,0.13674477152786452
SKG_MT_1190,2016,SKG,MT,1.2288864e-05,0.1375720578836616
SKG_SA_634,2016,SKG,SA,8.86485e-06,0.05609943753569707
SKG_MT_431,2016,SKG,MT,9.79944e-06,0.07833751724302426
SKG_PAR_135,2016,SKG,PAR,1.0564283e-05,0.09653655596330935
SKG_SA_269,2016,SKG,SA,1.0757491e-05,0.10113383916138902
SKG_MT_999,2016,SKG,MT,1.1040597e-05,0.10787019819970806
SKG_MT_201,2016,SKG,MT,9.364751e-06,0.06799432008716089
SKG_MT_1230,2016,SKG,MT,1.0076526e-05,0.08493063353335956
SKG_DIA_86,2016,SKG,DIA,1.2328847e-05,0.1385234324339329
SKG_SA_594,2016,SKG,SA,1.0567558e-05,0.09661448287354968
SKG_DIA_245,2016,SKG,DIA,9.195479e-06,0.06396658147641318
SKG_PAR_110,2016,SKG,PAR,1.0581616e-05,0.09694898562291099
SKG_MT_1219,2016,SKG,MT,1.0382484e-05,0.09221074394658291
SKG_MT_1229,2016,SKG,MT,1.4287956e-05,0.18513940531759532
SKG_SA_193,2016,SKG,SA,1.1409488e-05,0.11664776639679514
SKG_SA_190,2016,SKG,SA,1.0171199e-05,0.0871833279984531
SKG_DIA_260,2016,SKG,DIA,1.1326724e-05,0.1146784403512594
SKG_DIA_267,2016,SKG,DIA,9.452765e-06,0.07008856713384518
SKG_SA_426,2016,SKG,SA,1.2797917e-05,0.14968470748322293
SKG_SA_309,2016,SKG,SA,1.1790726e-05,0.1257191249941073
SKG_MT_241,2016,SKG,MT,9.77741e-06,0.07781332492772833
SKG_PAR_223,2016,SKG,PAR,9.161954e-06,0.06316887165479287
SKG_PAR_172,2016,SKG,PAR,1.1472683e-05,0.11815145833347807
SKG_PAR_162,2016,SKG,PAR,9.748752e-06,0.07713142282279184
SKG_PAR_147,2016,SKG,PAR,1.2737597e-05,0.14824942466621654
SKG_MT_327,2016,SKG,MT,1.6602693e-05,0.24021736025772883
SKG_MT_370,2016,SKG,MT,1.077364e-05,0.10151809616092211
SKG_PAR_182,2016,SKG,PAR,1.0769304e-05,0.10141492331121155
SKG_DIA_310,2016,SKG,DIA,7.952162e-06,0.034382504450685414
SKG_SA_354,2016,SKG,SA,1.2939268e-05,0.15304808051814778
SKG_SA_369,2016,SKG,SA,1.3090503e-05,0.1566466381579017
SKG_MT_247,2016,SKG,MT,1.1606611e-05,0.12133820497001702
SKG_MT_237,2016,SKG,MT,1.1706861e-05,0.123723601230045
SKG_SUM_78,2016,SKG,SUM,1.103986e-05,0.10785266167059437
SKG_SA_385,2016,SKG,SA,9.835805e-06,0.07920280337764687
SKG_PAR_175,2016,SKG,PAR,1.1782542e-05,0.12552439099917395
SKG_SUM_108,2016,SKG,SUM,1.0320066e-05,0.0907255403180699
SKG_PAR_173,2016,SKG,PAR,1.1425613e-05,0.11703145232889439
SKG_DIA_15,2016,SKG,DIA,1.0116659e-05,0.08588557725509224
SKG_SUM_190,2016,SKG,SUM,9.2308965e-06,0.06480932234463804
SKG_MT_1105,2016,SKG,MT,9.75449e-06,0.07726795552842816
SKG_MT_1138,2016,SKG,MT,1.1472683e-05,0.11815145833347807
SKG_SUM_197,2016,SKG,SUM,9.950502e-06,0.08193195843835938
SKG_SUM_191,2017,SKG,SUM,1.249047e-05,0.14236916709462616
SKG_SUM_109,2017,SKG,SUM,9.699481e-06,0.07595904517563137
SKG_SUM_113,2017,SKG,SUM,9.635838e-06,0.07444469331351705
SKG_PAR_177,2017,SKG,PAR,1.1233834e-05,0.11246817143760357
SKG_PAR_176,2017,SKG,PAR,1.1831612e-05,0.12669198595657616
SKG_PAR_156,2017,SKG,PAR,1.4292754e-05,0.18525357121540692
SKG_MT_321,2017,SKG,MT,1.13999495e-05,0.11642080278356542
SKG_PAR_210,2017,SKG,PAR,1.1032134e-05,0.1076688255458565
SKG_PAR_125,2017,SKG,PAR,1.2742493e-05,0.1483659224227163
SKG_PAR_122,2017,SKG,PAR,1.2356167e-05,0.1391734975294338
SKG_PAR_118,2017,SKG,PAR,1.1217775e-05,0.11208605594094728
SKG_MT_1189,2017,SKG,MT,1.37451225e-05,0.17222296640769108
SKG_MT_1037,2017,SKG,MT,1.3358442e-05,0.1630221063725215
SKG_MT_1034,2017,SKG,MT,1.2622694e-05,0.14551536794336378
SKG_DIA_46,2017,SKG,DIA,1.1632099e-05,0.12194467858473618
SKG_DIA_31,2017,SKG,DIA,9.669825e-06,0.07525339618323845
SKG_MT_1063,2017,SKG,MT,1.0806135e-05,0.10229129767184092
SKG_MT_1056,2017,SKG,MT,1.0594733e-05,0.09726109776997122
SKG_MT_1222,2017,SKG,MT,1.2817974e-05,0.1501619532965634
SKG_SA_630,2017,SKG,SA,1.0651688e-05,0.09861631217386041
SKG_SA_622,2017,SKG,SA,1.106444e-05,0.10843752990073391
SKG_DIA_68,2017,SKG,DIA,1.1571167e-05,0.12049483354816731
SKG_DIA_57,2017,SKG,DIA,1.0356604e-05,0.09159494289711131
SKG_PAR_115,2017,SKG,PAR,1.2568701e-05,0.14423063277859877
SKG_PAR_203,2017,SKG,PAR,1.3120913e-05,0.15737022818550722
SKG_PAR_197,2017,SKG,PAR,1.1870786e-05,0.1276241107754324
SKG_PAR_194,2017,SKG,PAR,1.1638212e-05,0.12209013421902593
SKG_PAR_186,2017,SKG,PAR,1.0557324e-05,0.09637097020197732
SKG_PAR_183,2017,SKG,PAR,1.047273e-05,0.09435810026461264
SKG_PAR_180,2017,SKG,PAR,1.2041381e-05,0.1316833294784695
SKG_MT_400,2017,SKG,MT,1.14289915e-05,0.11711184196744306
SKG_MT_397,2017,SKG,MT,1.0060883e-05,0.08455841653888954
SKG_MT_382,2017,SKG,MT,1.0620215e-05,0.09786742861783188
SKG_PAR_143,2017,SKG,PAR,1.1430561e-05,0.11714918739816738
SKG_MT_1013,2017,SKG,MT,1.05727995e-05,0.09673920162164878
SKG_MT_995,2017,SKG,MT,1.2536869e-05,0.14347320700553928
SKG_MT_982,2017,SKG,MT,9.148814e-06,0.06285621223477522
SKG_SA_578,2017,SKG,SA,1.0873412e-05,0.10389211866122644
SKG_DIA_108,2017,SKG,DIA,9.818111e-06,0.07878178391206148
SKG_SA_593,2017,SKG,SA,9.871485e-06,0.08005179029592913
SKG_DIA_87,2017,SKG,DIA,1.201737e-05,0.13111200030540687
SKG_DIA_78,2017,SKG,DIA,1.2078991e-05,0.13257823973622168
SKG_PAR_126,2017,SKG,PAR,1.1294603e-05,0.11391413797451766
SKG_PAR_224,2017,SKG,PAR,1.197358e-05,0.13007004018344553
SKG_MT_246,2017,SKG,MT,1.1617542e-05,0.1215983023916466
SKG_QA_4,2017,SKG,QA,9.737202e-06,0.07685659662026492
SKG_MT_216,2017,SKG,MT,1.63716e-05,0.2347186233208845
SKG_MT_211,2017,SKG,MT,1.2659077e-05,0.14638108237856173
SKG_PAR_95,2017,SKG,PAR,1.1464021e-05,0.1179453505788211
SKG_PAR_92,2017,SKG,PAR,1.1925363e-05,0.12892274191442038
SKG_PAR_90,2017,SKG,PAR,1.3363106e-05,0.1631330838104943
SKG_MT_427,2017,SKG,MT,1.2695999e-05,0.1472596220365443
SKG_MT_408,2017,SKG,MT,1.0692888e-05,0.0995966446019218
SKG_QA_26,2017,SKG,QA,1.0809577e-05,0.10237319825964153
SKG_QA_24,2017,SKG,QA,1.1748813e-05,0.12472182710436613
SKG_MT_203,2017,SKG,MT,1.1042976e-05,0.10792680525908566
SKG_QA_58,2017,SKG,QA,1.135858e-05,0.11543643719175267
SKG_MT_448,2017,SKG,MT,1.4961535e-05,0.201166864942866
SKG_PAR_112,2017,SKG,PAR,1.1386074e-05,0.11609064252614876
SKG_PAR_105,2017,SKG,PAR,1.2458218e-05,0.14160174764147482
SKG_DIA_167,2017,SKG,DIA,1.4157259e-05,0.1820295386343347
SKG_DIA_162,2017,SKG,DIA,1.0811784e-05,0.1024257126690768
SKG_SA_537,2017,SKG,SA,1.3638627e-05,0.1696889617452491
SKG_DIA_146,2017,SKG,DIA,1.0146766e-05,0.08660195755634573
SKG_MT_924,2017,SKG,MT,1.0221219e-05,0.08837352770844412
SKG_SA_495,2017,SKG,SA,8.943312e-06,0.05796639974372017
SKG_SA_475,2017,SKG,SA,2.2563145e-05,0.38204319476023557
SKG_MT_1239,2017,SKG,MT,1.26438745e-05,0.14601934685094997
SKG_SA_520,2017,SKG,SA,1.3657616e-05,0.17014079505778446
SKG_SA_511,2017,SKG,SA,1.1598535e-05,0.12114604077853586
SKG_SA_510,2017,SKG,SA,1.1508099e-05,0.11899416350998832
SKG_SA_506,2017,SKG,SA,9.922367e-06,0.08126250084458495
SKG_QA_47,2017,SKG,QA,9.698713e-06,0.07594077101774904
SKG_QA_46,2017,SKG,QA,1.2843829e-05,0.15077715948412473
SKG_QA_42,2017,SKG,QA,1.2042379e-05,0.13170707636592593
SKG_MT_168,2017,SKG,MT,1.1136616e-05,0.11015492003004845
SKG_MT_475,2017,SKG,MT,1.0479904e-05,0.09452880183837267
SKG_MT_465,2017,SKG,MT,1.0681463e-05,0.09932479270894601
SKG_MT_460,2017,SKG,MT,1.0888811e-05,0.10425852980345257
SKG_SA_465,2017,SKG,SA,1.1507364e-05,0.11897667456982752
SKG_MT_911,2017,SKG,MT,8.456072e-06,0.046372779058073965
SKG_MT_910,2017,SKG,MT,8.6358295e-06,0.05065001465121091
SKG_SA_447,2017,SKG,SA,1.201092e-05,0.13095852593256718
SKG_DIA_228,2017,SKG,DIA,1.1463377e-05,0.11793002693601357
SKG_DIA_216,2017,SKG,DIA,9.213439e-06,0.06439393027272344
SKG_MT_939,2017,SKG,MT,1.392279e-05,0.17645047154513266
SKG_MT_934,2017,SKG,MT,1.3661994e-05,0.1702449672755042
SKG_MT_151,2017,SKG,MT,1.4246145e-05,0.1841445344644479
SKG_MT_497,2017,SKG,MT,1.290491e-05,0.15223054989767854
SKG_PAR_78,2017,SKG,PAR,1.1875655e-05,0.12773996608106908
SKG_PAR_75,2017,SKG,PAR,9.6854965e-06,0.07562629132028609
SKG_PAR_74,2017,SKG,PAR,1.5345924e-05,0.21031319993534375
SKG_PAR_72,2017,SKG,PAR,1.1125491e-05,0.10989020647999542
SKG_MT_494,2017,SKG,MT,1.2431124e-05,0.14095706009764242
SKG_MT_1287,2017,SKG,MT,1.0709044e-05,0.09998106816278973
SKG_MT_873,2017,SKG,MT,1.168355e-05,0.12316892819046882
SKG_MT_872,2017,SKG,MT,1.0254131e-05,0.08915665151602559
SKG_MT_870,2017,SKG,MT,1.3718055e-05,0.17157890941748355
SKG_SA_421,2017,SKG,SA,1.0813186e-05,0.10245907252500253
SKG_SA_419,2017,SKG,SA,9.100605e-06,0.06170910432156135
SKG_DIA_256,2017,SKG,DIA,1.0547964e-05,0.09614825390278664
SKG_DIA_251,2017,SKG,DIA,1.0103055e-05,0.08556187719802072
SKG_DIA_235,2017,SKG,DIA,1.1781171e-05,0.12549176877201684
SKG_SA_466,2017,SKG,SA,1.21982e-05,0.13541475547449272
SKG_MT_136,2017,SKG,MT,1.0374359e-05,0.09201741382575768
SKG_QA_145,2017,SKG,QA,1.4128556e-05,0.18134656577795982
SKG_QA_119,2017,SKG,QA,1.1182377e-05,0.11124377906501243
SKG_MT_123,2017,SKG,MT,1.113789e-05,0.11018523419299381
SKG_PAR_57,2017,SKG,PAR,1.1291425e-05,0.11383851912848902
SKG_PAR_46,2017,SKG,PAR,1.1461016e-05,0.1178738481772113
SKG_PAR_44,2017,SKG,PAR,1.2109185e-05,0.13329669015692275
SKG_MT_517,2017,SKG,MT,1.1161985e-05,0.11075856210207485
SKG_SA_370,2017,SKG,SA,1.6946396e-05,0.24839559318301957
SKG_SA_364,2017,SKG,SA,1.0591732e-05,0.09718969054626703
SKG_SA_353,2017,SKG,SA,1.0581212e-05,0.09693937265444164
SKG_DIA_307,2017,SKG,DIA,1.1374754e-05,0.115821289053196
SKG_DIA_306,2017,SKG,DIA,8.304412e-06,0.042764108765846104
SKG_DIA_303,2017,SKG,DIA,1.0109251e-05,0.08570930777385244
SKG_DIA_302,2017,SKG,DIA,9.896928e-06,0.08065719315920986
SKG_SA_406,2017,SKG,SA,1.1181204e-05,0.11121586814418438
SKG_SA_404,2017,SKG,SA,1.2556659e-05,0.1439440996936785
SKG_SA_391,2017,SKG,SA,8.6358295e-06,0.05065001465121091
SKG_SA_390,2017,SKG,SA,1.217873e-05,0.1349514770188045
SKG_QA_175,2017,SKG,QA,1.07988935e-05,0.10211898997092322
SKG_QA_172,2017,SKG,QA,1.2101739e-05,0.13311951648557946
SKG_QA_157,2017,SKG,QA,1.1335337e-05,0.11488338217657229
SKG_MT_104,2017,SKG,MT,1.1298039e-05,0.11399589579545982
SKG_MT_549,2017,SKG,MT,1.238768e-05,0.1399233328645187
SKG_MT_546,2017,SKG,MT,1.1773467e-05,0.12530845612575991
SKG_SA_319,2017,SKG,SA,1.0877426e-05,0.10398762968953318
SKG_SA_316,2017,SKG,SA,1.2738167e-05,0.14826298751776984
SKG_SA_305,2017,SKG,SA,1.1062223e-05,0.10838477754653458
SKG_SA_331,2017,SKG,SA,1.1126881e-05,0.10992328080220432
SKG_MT_861,2017,SKG,MT,1.3976e-05,0.17771657563486926
SKG_MT_842,2017,SKG,MT,1.3198974e-05,0.15922764880849016
SKG_MT_533,2017,SKG,MT,1.512808e-05,0.20512971601644564
SKG_PAR_65,2017,SKG,PAR,1.3119261e-05,0.15733091971047908
SKG_PAR_63,2017,SKG,PAR,1.2453289e-05,0.14148446466725362
SKG_MT_88,2017,SKG,MT,1.252511e-05,0.14319340775744288
SKG_PAR_29,2017,SKG,PAR,1.14620425e-05,0.11789827320724539
SKG_PAR_28,2017,SKG,PAR,1.0608432e-05,0.09758705830230163
SKG_PAR_18,2017,SKG,PAR,1.1892576e-05,0.1281425924163901
SKG_SA_163,2017,SKG,SA,1.1568718e-05,0.12043656087544108
SKG_SA_228,2017,SKG,SA,1.0681086e-05,0.09931582219133972
SKG_SA_227,2017,SKG,SA,1.4829893e-05,0.19803451247939863
SKG_SA_261,2017,SKG,SA,9.983504e-06,0.08271722374881765
SKG_SA_258,2017,SKG,SA,9.631098e-06,0.07433190749533716
SKG_SA_253,2017,SKG,SA,1.1438543e-05,0.11733911490886606
SKG_SA_249,2017,SKG,SA,1.23884965e-05,0.13994276105450687
SKG_SA_247,2017,SKG,SA,1.0702468e-05,0.0998245956859225
SKG_SA_289,2017,SKG,SA,1.0980473e-05,0.1064395791000779
SKG_QA_223,2017,SKG,QA,1.1332181e-05,0.11480828680902472
SKG_MT_66,2017,SKG,MT,1.2574347e-05,0.14436497639240542
SKG_MT_62,2017,SKG,MT,1.0513107e-05,0.09531884983858924
SKG_SA_140,2017,SKG,SA,9.868201e-06,0.07997364923540112
SKG_SA_185,2017,SKG,SA,1.0553387e-05,0.09627729134835411
SKG_SA_184,2017,SKG,SA,1.2585683e-05,0.14463471057698074
SKG_MT_819,2017,SKG,MT,9.912266e-06,0.08102215283837505
SKG_SA_152,2017,SKG,SA,1.0715418e-05,0.10013273415542234
SKG_SA_149,2017,SKG,SA,1.033899e-05,0.09117582698963866
SKG_MT_1370,2017,SKG,MT,1.3566567e-05,0.16797433177519805
SKG_MT_1366,2017,SKG,MT,1.0532795e-05,0.09578731549013464
SKG_MT_1359,2017,SKG,MT,1.2008378e-05,0.1308980403735348
SKG_MT_781,2017,SKG,MT,1.0485542e-05,0.09466295509636805
SKG_MT_53,2017,SKG,MT,1.1233609e-05,0.11246281768041144
SKG_QA_242,2017,SKG,QA,1.2076618e-05,0.13252177544370253
SKG_QA_235,2017,SKG,QA,1.1434749e-05,0.11724883866536934
SKG_MT_38,2017,SKG,MT,1.7128126e-05,0.2527197633808738
SKG_MT_31,2017,SKG,MT,7.850311e-06,0.03195901323392622
SKG_MT_25,2017,SKG,MT,1.5079713e-05,0.2039788485759591
SKG_MT_1467,2017,SKG,MT,1.2474424e-05,0.14198736092616326
SKG_MT_1466,2017,SKG,MT,1.0261565e-05,0.08933353965365196
SKG_MT_610,2017,SKG,MT,1.1354531e-05,0.11534009335677159
SKG_MT_605,2017,SKG,MT,1.09061975e-05,0.10467223246754215
SKG_SA_100,2017,SKG,SA,1.5777054e-05,0.22057171254966657
SKG_SA_131,2017,SKG,SA,2.2249491e-05,0.37457996205656646
SKG_MT_767,2017,SKG,MT,1.0770394e-05,0.10144085929049762
SKG_MT_1387,2017,SKG,MT,1.1118301e-05,0.10971912419461288
SKG_MT_758,2017,SKG,MT,1.1478123e-05,0.11828090028514449
SKG_SA_116,2017,SKG,SA,1.07247715e-05,0.10035529579051633
SKG_SA_108,2017,SKG,SA,1.3536623e-05,0.16726182997359929
SKG_QA_277,2017,SKG,QA,1.0102447e-05,0.08554741015636388
SKG_QA_272,2017,SKG,QA,8.7518265e-06,0.05341010253125547
SKG_QA_288,2017,SKG,QA,9.744328e-06,0.0770261560591573
SKG_QA_341,2017,SKG,QA,8.285767e-06,0.04232046075319548
SKG_MT_650,2017,SKG,MT,1.2107962e-05,0.13326758951227424
SKG_MT_645,2017,SKG,MT,1.2207732e-05,0.1356415644236258
SKG_MT_636,2017,SKG,MT,1.0591116e-05,0.09717503314879894
SKG_NLI_2,2017,SKG,NLI,8.798641e-06,0.05452402904711659
SKG_SA_21,2017,SKG,SA,1.2230979e-05,0.1361947146167118
SKG_MT_747,2017,SKG,MT,1.130828e-05,0.11423957502836707
SKG_MT_737,2017,SKG,MT,1.1386074e-05,0.11609064252614876
SKG_MT_729,2017,SKG,MT,1.2348015e-05,0.13897952495774557
SKG_QA_471,2017,SKG,QA,1.1741533e-05,0.12454860331610673
SKG_QA_462,2017,SKG,QA,1.0254336e-05,0.08916152938368946
SKG_QA_455,2017,SKG,QA,1.2729605e-05,0.1480592592107538
SKG_QA_445,2017,SKG,QA,1.2589081e-05,0.14471556420781945
SKG_QA_472,2017,SKG,QA,1.6249123e-05,0.23180434723370796
SKG_MT_1416,2017,SKG,MT,1.0592166e-05,0.09720001734902867
SKG_QA_369,2017,SKG,QA,1.0661516e-05,0.09885016428801058
SKG_MT_1432,2017,SKG,MT,1.0510721e-05,0.09526207621787675
SKG_MT_665,2017,SKG,MT,1.1288066e-05,0.11375859348223033
SKG_QA_399,2017,SKG,QA,1.2383393e-05,0.1398213259441522
SKG_QA_442,2017,SKG,QA,1.1884004e-05,0.12793862616460994
SKG_QA_431,2017,SKG,QA,1.3120938e-05,0.15737082304741745
SKG_MT_695,2017,SKG,MT,9.739774e-06,0.07691779601358953
SKG_MT_1451,2017,SKG,MT,1.2829775e-05,0.15044275191266904
SKG_MT_1444,2017,SKG,MT,1.0608017e-05,0.09757718359459178
SKG_MT_1103,2017,SKG,MT,1.09079765e-05,0.10471456284107422
SKG_MT_1153,2017,SKG,MT,1.131935e-05,0.11450297988221753
SKG_MT_363,2017,SKG,MT,1.4164769e-05,0.18220823515216822
SKG_MT_351,2017,SKG,MT,1.1781913e-05,0.12550942427351253
SKG_MT_338,2017,SKG,MT,1.0481022e-05,0.09455540406299823
SKG_MT_333,2017,SKG,MT,1.3676986e-05,0.17060169406583175
SKG_SUM_103,2017,SKG,SUM,1.1863419e-05,0.12744881686772536
SKG_SUM_86,2017,SKG,SUM,1.3032919e-05,0.15527645702835108
SKG_MT_1156,2017,SKG,MT,9.843434e-06,0.07938433143817306
SKG_MT_1099,2017,SKG,MT,1.1636393e-05,0.1220468520664375
SKG_DIA_25,2017,SKG,DIA,1.1264859e-05,0.11320639506820074
SKG_DIA_24,2017,SKG,DIA,1.0427465e-05,0.09328104328994768
SKG_DIA_21,2017,SKG,DIA,1.0368373e-05,0.09187498008997186
SKG_SUM_120,2018,SKG,SUM,1.0814691e-05,0.10249488321199851
SKG_MT_1087,2018,SKG,MT,1.28226675e-05,0.15027363267159022
SKG_MT_1102,2018,SKG,MT,1.0500081e-05,0.09500890298888223
SKG_SUM_93,2018,SKG,SUM,1.0667557e-05,0.09899390671999891
SKG_SUM_100,2018,SKG,SUM,1.0641697e-05,0.09837858156005552
SKG_SUM_102,2018,SKG,SUM,1.4062649e-05,0.1797783432212549
SKG_SUM_61,2018,SKG,SUM,1.3897453e-05,0.17584759089635138
SKG_SUM_62,2018,SKG,SUM,1.0729826e-05,0.10047556497152693
SKG_SUM_69,2018,SKG,SUM,1.0649789e-05,0.09857112646315924
SKG_MT_339,2018,SKG,MT,1.2239124e-05,0.1363885206270652
SKG_MT_364,2018,SKG,MT,1.2778295e-05,0.1492178122671205
SKG_SUM_179,2018,SKG,SUM,1.1569027e-05,0.12044391336865151
SKG_SUM_141,2018,SKG,SUM,9.5279565e-06,0.07187770950677183
SKG_SUM_152,2018,SKG,SUM,9.084433e-06,0.06132430004907086
SKG_SUM_158,2018,SKG,SUM,1.0008174e-05,0.08330423348183405
SKG_DIA_9,2018,SKG,DIA,1.1141694e-05,0.11027574838125465
SKG_SUM_122,2018,SKG,SUM,1.2066648e-05,0.1322845445139022
SKG_MT_1106,2018,SKG,MT,1.2033425e-05,0.1314940206241575
SKG_SUM_117,2018,SKG,SUM,1.2390658e-05,0.13999419281526548
SKG_QA_415,2018,SKG,QA,1.1240167e-05,0.11261886185670333
SKG_MT_684,2018,SKG,MT,1.5593412e-05,0.21620204731291792
SKG_MT_691,2018,SKG,MT,1.2947366e-05,0.1532407681881099
SKG_MT_701,2018,SKG,MT,1.0360417e-05,0.09168567123565982
SKG_QA_426,2018,SKG,QA,1.0853065e-05,0.10340797244972733
SKG_QA_432,2018,SKG,QA,1.3054327e-05,0.15578584917932042
SKG_QA_394,2018,SKG,QA,9.859472e-06,0.07976594725082473
SKG_MT_662,2018,SKG,MT,1.1610443e-05,0.12142938540361731
SKG_MT_669,2018,SKG,MT,1.111478e-05,0.10963534384317586
SKG_MT_672,2018,SKG,MT,1.2391673e-05,0.14001834420882087
SKG_MT_1433,2018,SKG,MT,1.2971688e-05,0.1538194974433359
SKG_MT_1434,2018,SKG,MT,1.4027864e-05,0.17895065235935892
SKG_MT_1443,2018,SKG,MT,1.4230883e-05,0.1837813831654898
SKG_QA_380,2018,SKG,QA,1.1862819e-05,0.12743454018187983
SKG_QA_381,2018,SKG,QA,1.2547204e-05,0.14371912291922895
SKG_QA_382,2018,SKG,QA,1.2338692e-05,0.13875768905418207
SKG_QA_384,2018,SKG,QA,1.1078989e-05,0.10878371573801221
SKG_QA_389,2018,SKG,QA,1.0461221e-05,0.09408424963561854
SKG_QA_353,2018,SKG,QA,9.583198e-06,0.07319215207533375
SKG_QA_354,2018,SKG,QA,1.2654188e-05,0.14626475118339688
SKG_QA_364,2018,SKG,QA,1.1471885e-05,0.11813247034130347
SKG_QA_367,2018,SKG,QA,1.131868e-05,0.11448703758302331
SKG_MT_1475,2018,SKG,MT,1.1278565e-05,0.11353252216186599
SKG_MT_717,2018,SKG,MT,1.12946245e-05,0.11391464955576047
SKG_MT_1402,2018,SKG,MT,1.2716089e-05,0.14773765306760628
SKG_MT_1417,2018,SKG,MT,1.18522685e-05,0.127183496558524
SKG_MT_1424,2018,SKG,MT,1.0033527e-05,0.08390749484223792
SKG_SUM_219,2018,SKG,SUM,9.080224e-06,0.06122414909786433
SKG_SA_1,2018,SKG,SA,1.2437315e-05,0.14110437170109214
SKG_QA_476,2018,SKG,QA,1.0874718e-05,0.10392319424741692
SKG_QA_483,2018,SKG,QA,1.0748701e-05,0.10092468571375163
SKG_QA_490,2018,SKG,QA,1.137688e-05,0.11587187611004207
SKG_QA_450,2018,SKG,QA,1.2281532e-05,0.13739759678262892
SKG_MT_733,2018,SKG,MT,1.392182e-05,0.17642739090301574
SKG_MT_734,2018,SKG,MT,1.2081248e-05,0.13263194386947735
SKG_MT_735,2018,SKG,MT,1.1370438e-05,0.1157185920930136
SKG_MT_745,2018,SKG,MT,1.2510211e-05,0.1428388938534213
SKG_MT_754,2018,SKG,MT,1.1104026e-05,0.10937945804387078
SKG_SA_64,2018,SKG,SA,1.162316e-05,0.1217319797601138
SKG_SA_10,2018,SKG,SA,1.1377813e-05,0.11589407635653193
SKG_SA_18,2018,SKG,SA,1.441634e-05,0.18819423537692131
SKG_SA_28,2018,SKG,SA,1.2445917e-05,0.14130905178716457
SKG_SA_31,2018,SKG,SA,9.572292e-06,0.0729326495156144
SKG_SUM_218,2018,SKG,SUM,1.1260412e-05,0.11310058103160875
SKG_MT_709,2018,SKG,MT,1.0214203e-05,0.08820658566195674
SKG_MT_659,2018,SKG,MT,1.0463266e-05,0.09413290933987548
SKG_QA_343,2018,SKG,QA,9.466062e-06,0.07040496228665907
SKG_QA_348,2018,SKG,QA,9.689331e-06,0.07571753124007741
SKG_QA_321,2018,SKG,QA,1.2443827e-05,0.14125932133146923
SKG_QA_322,2018,SKG,QA,1.0953082e-05,0.1057878245967519
SKG_QA_294,2018,SKG,QA,1.0977959e-05,0.10637975978638498
SKG_QA_271,2018,SKG,QA,1.1691876e-05,0.12336704100105228
SKG_MT_604,2018,SKG,MT,1.1565895e-05,0.12036938906853772
SKG_SA_117,2018,SKG,SA,1.0389052e-05,0.09236702606763889
SKG_MT_757,2018,SKG,MT,1.03380335e-05,0.09115306757295322
SKG_MT_759,2018,SKG,MT,1.22255915e-05,0.1360665218750569
SKG_MT_764,2018,SKG,MT,1.3459426e-05,0.1654249677782339
SKG_MT_1372,2018,SKG,MT,1.3276208e-05,0.16106539139948273
SKG_SA_76,2018,SKG,SA,1.4062462e-05,0.1797738936541664
SKG_SA_90,2018,SKG,SA,1.38770565e-05,0.17536226685826994
SKG_SA_46,2018,SKG,SA,1.0423518e-05,0.09318712649156033
SKG_SA_51,2018,SKG,SA,1.1314514e-05,0.11438790979430236
SKG_MT_1452,2018,SKG,MT,1.4366903e-05,0.18701790784667688
SKG_MT_29,2018,SKG,MT,1.3966542e-05,0.17749152747699048
SKG_QA_243,2018,SKG,QA,1.1040723e-05,0.1078731963037356
SKG_QA_248,2018,SKG,QA,1.2858989e-05,0.15113788374648907
SKG_QA_254,2018,SKG,QA,1.1170951e-05,0.11097190337756024
SKG_MT_575,2018,SKG,MT,1.199231e-05,0.1305157107265909
SKG_MT_777,2018,SKG,MT,9.351668e-06,0.06768301695229856
SKG_MT_1355,2018,SKG,MT,9.951565e-06,0.08195725196678244
SKG_MT_1369,2018,SKG,MT,9.338184e-06,0.06736217223239616
SKG_MT_791,2018,SKG,MT,1.2115851e-05,0.13345530413666684
SKG_MT_799,2018,SKG,MT,1.3988628e-05,0.17801705228296533
SKG_SA_153,2018,SKG,SA,1.0183817e-05,0.08748356670178511
SKG_SA_155,2018,SKG,SA,7.5099706e-06,0.023860791615009258
SKG_SA_162,2018,SKG,SA,1.3224576e-05,0.15983683499351997
SKG_SA_105,2018,SKG,SA,1.1704573e-05,0.1236691594680206
SKG_SA_106,2018,SKG,SA,1.4103209e-05,0.18074344718441437
SKG_MT_807,2018,SKG,MT,1.1988284e-05,0.13041991416456722
SKG_MT_416,2018,SKG,MT,9.171632e-06,0.06339915459748163
SKG_MT_1140,2018,SKG,MT,9.1356305e-06,0.06254251775503378
SKG_MT_818,2018,SKG,MT,1.1214245e-05,0.11200206143922259
SKG_MT_821,2018,SKG,MT,1.1492077e-05,0.1186129284089592
SKG_SA_172,2018,SKG,SA,8.384332e-06,0.04466576332047387
SKG_SA_176,2018,SKG,SA,1.48745385e-05,0.1990968287759281
SKG_SA_179,2018,SKG,SA,1.0373428e-05,0.09199526116822065
SKG_SA_188,2018,SKG,SA,1.2961881e-05,0.1535861450131903
SKG_SA_194,2018,SKG,SA,1.1560271e-05,0.12023556893321208
SKG_SA_199,2018,SKG,SA,1.11426925e-05,0.11029950716594927
SKG_SA_144,2018,SKG,SA,1.0754258e-05,0.10105691161915786
SKG_MT_587,2018,SKG,MT,1.1499619e-05,0.1187923863500378
SKG_MT_589,2018,SKG,MT,1.2128151e-05,0.1337479761965007
SKG_NLI_4,2018,SKG,NLI,1.2633967e-05,0.1457836030759253
SKG_NLI_10,2018,SKG,NLI,1.2648264e-05,0.14612379270514847
SKG_NLI_12,2018,SKG,NLI,1.0118386e-05,0.08592667031585102
SKG_PAR_0,2018,SKG,PAR,1.1603148e-05,0.12125580469821179
SKG_PAR_4,2018,SKG,PAR,9.458266e-06,0.0702194605485725
SKG_MT_64,2018,SKG,MT,1.0764355e-05,0.10129716444746212
SKG_QA_212,2018,SKG,QA,1.1535403e-05,0.11964384789386667
SKG_QA_220,2018,SKG,QA,9.882535e-06,0.08031471926025141
SKG_QA_224,2018,SKG,QA,9.175629e-06,0.06349426111968945
SKG_QA_229,2018,SKG,QA,1.0024404e-05,0.08369041783395625
SKG_QA_230,2018,SKG,QA,9.205938e-06,0.06421544790517761
SKG_SA_274,2018,SKG,SA,1.13178485e-05,0.11446725247588901
SKG_SA_282,2018,SKG,SA,1.2653874e-05,0.1462572797178044
SKG_SA_248,2018,SKG,SA,1.2693481e-05,0.14719970754494577
SKG_SA_256,2018,SKG,SA,1.1688822e-05,0.1232943726700984
SKG_SA_203,2018,SKG,SA,1.2218412e-05,0.13589568943167663
SKG_SA_222,2018,SKG,SA,1.1296951e-05,0.11397000740512658
SKG_SA_169,2018,SKG,SA,1.3448533e-05,0.1651657745467079
SKG_MT_558,2018,SKG,MT,1.2330129e-05,0.13855393695268958
SKG_MT_559,2018,SKG,MT,1.44691885e-05,0.18945173776343593
SKG_MT_566,2018,SKG,MT,1.117385e-05,0.11104088356467068
SKG_MT_82,2018,SKG,MT,9.977517e-06,0.08257476621855545
SKG_MT_83,2018,SKG,MT,8.768837e-06,0.053814858472215094
SKG_MT_86,2018,SKG,MT,1.1536273e-05,0.11966454908834273
SKG_QA_202,2018,SKG,QA,1.3014486e-05,0.15483785344469925
SKG_PAR_68,2018,SKG,PAR,1.2544799e-05,0.14366189720346467
SKG_MT_532,2018,SKG,MT,1.2660054e-05,0.1464043295820136
SKG_DIA_1,2018,SKG,DIA,1.2479397e-05,0.14210569085734648
SKG_SA_324,2018,SKG,SA,1.0842451e-05,0.1031554178771194
SKG_MT_855,2018,SKG,MT,1.2613922e-05,0.14530664279630173
SKG_MT_862,2018,SKG,MT,1.0492434e-05,0.09482694662778063
SKG_SA_326,2018,SKG,SA,1.093366e-05,0.10532568827593136
SKG_SA_327,2018,SKG,SA,1.0971083e-05,0.10621614896659493
SKG_SA_314,2018,SKG,SA,1.0672381e-05,0.09910869127419714
SKG_MT_822,2018,SKG,MT,1.0382652e-05,0.09221474141861966
SKG_MT_825,2018,SKG,MT,1.1900426e-05,0.12832937905620273
SKG_MT_831,2018,SKG,MT,1.1003072e-05,0.10697731047245063
SKG_MT_540,2018,SKG,MT,1.0540925e-05,0.09598076458334193
SKG_MT_96,2018,SKG,MT,1.1928685e-05,0.12900178716505195
SKG_QA_166,2018,SKG,QA,1.086998e-05,0.10381045601818983
SKG_QA_169,2018,SKG,QA,1.219435e-05,0.1353231467403171
SKG_QA_176,2018,SKG,QA,1.2163908e-05,0.13459879528946656
SKG_QA_177,2018,SKG,QA,1.1220429e-05,0.11214920648133747
SKG_MT_502,2018,SKG,MT,1.3574345e-05,0.16815940521270922
SKG_MT_505,2018,SKG,MT,1.4267464e-05,0.18465180890701682
SKG_MT_507,2018,SKG,MT,1.3124354e-05,0.15745210497883144
SKG_MT_516,2018,SKG,MT,1.4564339e-05,0.1917157940910149
SKG_DIA_287,2018,SKG,DIA,8.936517e-06,0.05780471627651926
SKG_SA_411,2018,SKG,SA,1.0511673e-05,0.09528472855941839
SKG_DIA_316,2018,SKG,DIA,9.954412e-06,0.08202499484111958
SKG_SA_367,2018,SKG,SA,1.2077654e-05,0.13254642652126253
SKG_SA_381,2018,SKG,SA,1.3098959e-05,0.15684784425041837
SKG_PAR_38,2018,SKG,PAR,1.06466205e-05,0.09849573366465653
SKG_PAR_39,2018,SKG,PAR,1.1410728e-05,0.1166772715475426
SKG_PAR_42,2018,SKG,PAR,9.751569e-06,0.07719845186283672
SKG_QA_124,2018,SKG,QA,1.4693399e-05,0.19478670921639352
SKG_QA_127,2018,SKG,QA,1.4403395e-05,0.18788621587980348
SKG_QA_133,2018,SKG,QA,9.764459e-06,0.07750516266375207
SKG_QA_136,2018,SKG,QA,9.34303e-06,0.06747748026507544
SKG_MT_138,2018,SKG,MT,9.777093e-06,0.07780578207870661
SKG_DIA_238,2018,SKG,DIA,1.08904105e-05,0.10429658906846923
SKG_DIA_243,2018,SKG,DIA,1.0435155e-05,0.09346402281353483
SKG_DIA_259,2018,SKG,DIA,9.84827e-06,0.07949940152608825
SKG_DIA_280,2018,SKG,DIA,9.828678e-06,0.07903322014427808
SKG_DIA_285,2018,SKG,DIA,1.0447053e-05,0.0937471294938522
SKG_MT_1291,2018,SKG,MT,1.2765712e-05,0.14891840637046283
SKG_PAR_76,2018,SKG,PAR,1.3300362e-05,0.1616401231826719
SKG_PAR_86,2018,SKG,PAR,9.567328e-06,0.07281453373471888
SKG_PAR_88,2018,SKG,PAR,1.1519771e-05,0.11927189263863719
SKG_MT_143,2018,SKG,MT,1.1153749e-05,0.11056259079436825
SKG_MT_155,2018,SKG,MT,1.3229218e-05,0.15994728895301175
SKG_QA_60,2018,SKG,QA,1.2320149e-05,0.1383164680781252
SKG_QA_71,2018,SKG,QA,9.15055e-06,0.0628975194458217
SKG_QA_72,2018,SKG,QA,9.774921e-06,0.07775410047594566
SKG_QA_87,2018,SKG,QA,1.1417575e-05,0.1168401923275168
SKG_MT_1271,2018,SKG,MT,1.2401001e-05,0.14024029908476643
SKG_MT_1278,2018,SKG,MT,1.1017951e-05,0.10733134848694398
SKG_MT_941,2018,SKG,MT,1.0896924e-05,0.10445157439056085
SKG_DIA_219,2018,SKG,DIA,9.193208e-06,0.06391254422048778
SKG_DIA_222,2018,SKG,DIA,1.2474876e-05,0.14199811602950024
SKG_SA_459,2018,SKG,SA,1.4055852e-05,0.17961661216510122
SKG_MT_909,2018,SKG,MT,1.0325205e-05,0.09084782013233705
SKG_MT_916,2018,SKG,MT,1.1143043e-05,0.11030784712993075
SKG_MT_452,2018,SKG,MT,1.2722155e-05,0.14788199036150484
SKG_MT_472,2018,SKG,MT,1.115543e-05,0.11060258930921218
SKG_MT_473,2018,SKG,MT,1.219435e-05,0.1353231467403171
SKG_MT_158,2018,SKG,MT,1.4365204e-05,0.18697748103125755
SKG_MT_183,2018,SKG,MT,1.35030095e-05,0.16646201434081676
SKG_QA_36,2018,SKG,QA,1.1198236e-05,0.11162113566638682
SKG_QA_38,2018,SKG,QA,1.1944679e-05,0.1293823560207416
SKG_QA_40,2018,SKG,QA,1.0689309e-05,0.09951148417085309
SKG_PAR_102,2018,SKG,PAR,1.2677125e-05,0.146810525088796
SKG_MT_952,2018,SKG,MT,1.0480763e-05,0.09454924129360823
SKG_DIA_179,2018,SKG,DIA,1.0608128e-05,0.0975798247814732
SKG_SA_487,2018,SKG,SA,1.11185645e-05,0.10972539403914672
SKG_SA_488,2018,SKG,SA,9.1356305e-06,0.06254251775503378
SKG_SA_496,2018,SKG,SA,1.2090239e-05,0.13284588000687297
SKG_SA_503,2018,SKG,SA,1.054009e-05,0.09596089619554021
SKG_MT_920,2018,SKG,MT,1.53821e-05,0.21117398891392503
SKG_MT_925,2018,SKG,MT,1.2001828e-05,0.1307421865530542
SKG_DIA_127,2018,SKG,DIA,1.5655085e-05,0.21766952405650597
SKG_DIA_128,2018,SKG,DIA,8.299709e-06,0.042652203343293366
SKG_DIA_137,2018,SKG,DIA,1.0713906e-05,0.10009675690709158
SKG_DIA_141,2018,SKG,DIA,1.3000816e-05,0.15451258295218467
SKG_SA_547,2018,SKG,SA,1.0905116e-05,0.10464649874130555
SKG_SA_549,2018,SKG,SA,1.0853065e-05,0.10340797244972733
SKG_SA_551,2018,SKG,SA,9.638871e-06,0.07451686196046634
SKG_SA_552,2018,SKG,SA,1.1734145e-05,0.12437280972439513
SKG_DIA_156,2018,SKG,DIA,1.1094288e-05,0.10914774743259742
SKG_DIA_160,2018,SKG,DIA,1.2173099e-05,0.13481749032214396
SKG_DIA_166,2018,SKG,DIA,1.4565728e-05,0.19174884461874736
SKG_DIA_173,2018,SKG,DIA,1.2429844e-05,0.14092660316783856
SKG_PAR_114,2018,SKG,PAR,1.1541863e-05,0.11979756021147042
SKG_MT_432,2018,SKG,MT,1.0707409e-05,0.0999421641938606
SKG_MT_195,2018,SKG,MT,1.1743884e-05,0.12460454413014493
SKG_MT_197,2018,SKG,MT,1.2787706e-05,0.14944174208460798
SKG_MT_403,2018,SKG,MT,1.3204929e-05,0.1593693449155073
SKG_MT_412,2018,SKG,MT,1.2566146e-05,0.1441698378913731
SKG_MT_425,2018,SKG,MT,1.1173829e-05,0.11104038388066612
SKG_PAR_93,2018,SKG,PAR,1.2721439e-05,0.14786495351639578
SKG_PAR_99,2018,SKG,PAR,1.4784116e-05,0.1969452727328121
SKG_MT_223,2018,SKG,MT,1.29128275e-05,0.15241894266464878
SKG_MT_240,2018,SKG,MT,1.199732e-05,0.13063492105340124
SKG_PAR_214,2018,SKG,PAR,1.0596936e-05,0.09731351700150082
SKG_PAR_222,2018,SKG,PAR,1.0688096e-05,0.09948262147096859
SKG_PAR_225,2018,SKG,PAR,1.1747481e-05,0.12469013286178898
SKG_DIA_89,2018,SKG,DIA,1.29049595e-05,0.1522317277242608
SKG_SA_602,2018,SKG,SA,9.757067e-06,0.07732927389413483
SKG_DIA_120,2018,SKG,DIA,9.616258e-06,0.0739787974654238
SKG_SA_558,2018,SKG,SA,1.2987792e-05,0.15420268369143053
SKG_SA_584,2018,SKG,SA,1.35162545e-05,0.16677717218085736
SKG_SA_585,2018,SKG,SA,1.1693884e-05,0.12341482030968204
SKG_MT_985,2018,SKG,MT,1.1148751e-05,0.11044366600127475
SKG_MT_991,2018,SKG,MT,1.265221e-05,0.14621768570905935
SKG_MT_380,2018,SKG,MT,1.1740055e-05,0.12451343507997387
SKG_MT_393,2018,SKG,MT,1.1460425e-05,0.11785978564165339
SKG_PAR_191,2018,SKG,PAR,1.2113759e-05,0.13340552609201872
SKG_PAR_192,2018,SKG,PAR,1.1293439e-05,0.11388644120397728
SKG_MT_374,2018,SKG,MT,1.0199339e-05,0.08785290456460959
SKG_MT_1203,2018,SKG,MT,1.1361213e-05,0.11549908804813824
SKG_DIA_54,2018,SKG,DIA,1.1817359e-05,0.126352843284315
SKG_DIA_58,2018,SKG,DIA,9.350428e-06,0.06765351180155108
SKG_SA_629,2018,SKG,SA,1.2682881e-05,0.14694748609500768
SKG_SA_631,2018,SKG,SA,1.43997e-05,0.18779829528947128
SKG_SA_632,2018,SKG,SA,1.08848035e-05,0.10416317343924253
SKG_SA_636,2018,SKG,SA,1.1110902e-05,0.10954306886366078
SKG_MT_1223,2018,SKG,MT,1.0825764e-05,0.10275835944927819
SKG_MT_1020,2018,SKG,MT,1.3192028e-05,0.15906237237535148
SKG_MT_1026,2018,SKG,MT,1.1513434e-05,0.1191211070416317
SKG_DIA_77,2018,SKG,DIA,1.1083798e-05,0.10889814337506432
SKG_MT_1049,2018,SKG,MT,1.2129239e-05,0.13377386458683405
SKG_MT_1054,2018,SKG,MT,1.2572991e-05,0.14433271108239448
SKG_MT_1058,2018,SKG,MT,1.50071055e-05,0.20225119113007406
SKG_DIA_32,2018,SKG,DIA,1.2320149e-05,0.1383164680781252
SKG_DIA_34,2018,SKG,DIA,1.0496778e-05,0.09493030983330247
SKG_SUM_46,2018,SKG,SUM,1.2669197e-05,0.14662188247982344
SKG_SUM_54,2018,SKG,SUM,1.0756186e-05,0.10110278736967493
SKG_MT_1038,2018,SKG,MT,1.165115e-05,0.12239798715480887
SKG_MT_1195,2018,SKG,MT,9.266398e-06,0.06565406194888124
SKG_PAR_117,2018,SKG,PAR,1.3674169e-05,0.1705346650257869
SKG_MT_281,2018,SKG,MT,1.00108955e-05,0.08336899014938182
SKG_MT_293,2018,SKG,MT,1.2741339e-05,0.14833846359693997
SKG_PAR_151,2018,SKG,PAR,1.0734165e-05,0.10057880920466672
SKG_PAR_152,2018,SKG,PAR,1.2258655e-05,0.13685325054581438
SKG_PAR_155,2018,SKG,PAR,1.02237345e-05,0.0884333827138516
SKG_PAR_161,2018,SKG,PAR,1.3100832e-05,0.15689241130473286
SKG_PAR_168,2018,SKG,PAR,1.2177953e-05,0.13493298871063453
SKG_SUM_114,2018,SKG,SUM,1.0515463e-05,0.09537490962500944
SKG_MT_1107,2018,SKG,MT,1.4133907e-05,0.18147389002122571
SKG_MT_1109,2018,SKG,MT,1.08010045e-05,0.10216922011062318
SKG_SUM_133,2018,SKG,SUM,1.1814069e-05,0.12627455945692856
SKG_SUM_132,2018,SKG,SUM,1.1265343e-05,0.11321791159478278
SKG_SUM_176,2018,SKG,SUM,9.915982e-06,0.08111057311271186
SKG_SUM_167,2018,SKG,SUM,8.722455e-06,0.052711223067400975
SKG_MT_1110,2018,SKG,MT,9.953872e-06,0.08201214582385857
SKG_SUM_165,2018,SKG,SUM,1.1251353e-05,0.11288502686981733
SKG_SUM_164,2018,SKG,SUM,1.0847415e-05,0.103273533658015
SKG_SUM_163,2018,SKG,SUM,1.0883673e-05,0.1041362737836618
SKG_MT_1113,2018,SKG,MT,1.0996946e-05,0.10683154550996754
SKG_QA_29,2019,SKG,QA,1.1203503e-05,0.1117464611736344
SKG_QA_30,2019,SKG,QA,1.0579911e-05,0.09690841604063322
SKG_MT_213,2019,SKG,MT,1.0122217e-05,0.08601782695497487
SKG_MT_214,2019,SKG,MT,1.3776422e-05,0.1729677216220626
SKG_MT_222,2019,SKG,MT,1.26797495e-05,0.1468729736921321
SKG_MT_232,2019,SKG,MT,1.4114255e-05,0.181006280970831
SKG_MT_235,2019,SKG,MT,1.2223878e-05,0.13602575003972966
SKG_MT_242,2019,SKG,MT,1.6600541e-05,0.24016615454449614
SKG_MT_248,2019,SKG,MT,1.4282671e-05,0.1850136515097724
SKG_MT_249,2019,SKG,MT,1.2287868e-05,0.13754835858515801
SKG_QA_50,2019,SKG,QA,1.4141673e-05,0.18165867792502
SKG_QA_51,2019,SKG,QA,1.0260117e-05,0.08929908525181138
SKG_QA_55,2019,SKG,QA,1.0781801e-05,0.10171228288289802
SKG_MT_189,2019,SKG,MT,1.1062836e-05,0.1083993635605735
SKG_MT_75,2019,SKG,MT,1.1268846e-05,0.11330126364564447
SKG_MT_95,2019,SKG,MT,1.2444717e-05,0.14128049841547347
SKG_DIA_0,2019,SKG,DIA,1.0781801e-05,0.10171228288289802
SKG_DIA_4,2019,SKG,DIA,1.27287685e-05,0.14803935513123745
SKG_DIA_6,2019,SKG,DIA,1.4599146e-05,0.19254400843139186
SKG_DIA_8,2019,SKG,DIA,1.0049885e-05,0.08429672488734055
SKG_SUM_124,2019,SKG,SUM,9.658461e-06,0.07498299575332368
SKG_SUM_125,2019,SKG,SUM,1.2479623e-05,0.142111068409015
SKG_SUM_126,2019,SKG,SUM,3.0508076e-05,0.5710886680129075
SKG_SUM_127,2019,SKG,SUM,1.3095111e-05,0.15675628310519552
SKG_SUM_149,2019,SKG,SUM,1.208316e-05,0.13267743890837186
SKG_SUM_153,2019,SKG,SUM,1.2831219e-05,0.150477111136604
SKG_SUM_156,2019,SKG,SUM,1.2155616e-05,0.13440149149108094
SKG_SUM_159,2019,SKG,SUM,1.0515102e-05,0.09536631981902571
SKG_SUM_161,2019,SKG,SUM,1.0544444e-05,0.09606449734582612
SKG_SUM_168,2019,SKG,SUM,1.1567737e-05,0.1204132184940836
SKG_SUM_169,2019,SKG,SUM,1.2503294e-05,0.14267430746009852
SKG_QA_27,2019,SKG,QA,1.4447968e-05,0.1889468070767933
SKG_DIA_36,2019,SKG,DIA,1.1635294e-05,0.1220207019368637
SKG_DIA_44,2019,SKG,DIA,1.1792749e-05,0.12576726121988324
SKG_DIA_50,2019,SKG,DIA,1.2909983e-05,0.15235125927650267
SKG_SUM_37,2019,SKG,SUM,1.0710923e-05,0.10002577798396273
SKG_SUM_47,2019,SKG,SUM,1.1418152e-05,0.11685392174040493
SKG_MT_1185,2019,SKG,MT,1.1270447e-05,0.11333935860237565
SKG_MT_1192,2019,SKG,MT,1.1437922e-05,0.11732433853901592
SKG_MT_1196,2019,SKG,MT,1.375303e-05,0.17241112122989732
SKG_MT_1197,2019,SKG,MT,1.0843763e-05,0.10318663623016838
SKG_MT_1198,2019,SKG,MT,1.2621671e-05,0.14549102619399706
SKG_MT_1043,2019,SKG,MT,1.17453965e-05,0.1246405332757139
SKG_MT_1066,2019,SKG,MT,1.2196571e-05,0.13537599427242208
SKG_MT_1070,2019,SKG,MT,1.0104085e-05,0.08558638550872222
SKG_MT_1083,2019,SKG,MT,9.9676445e-06,0.08233985525020504
SKG_DIA_23,2019,SKG,DIA,1.2378446e-05,0.13970361466935566
SKG_DIA_27,2019,SKG,DIA,9.394466e-06,0.06870137295366194
SKG_SUM_58,2019,SKG,SUM,1.2049146e-05,0.1318680935877874
SKG_DIA_51,2019,SKG,DIA,1.3497254e-05,0.16632506523184326
SKG_DIA_62,2019,SKG,DIA,1.1345795e-05,0.11513222481086033
SKG_DIA_66,2019,SKG,DIA,1.1162699e-05,0.11077555135823108
SKG_MT_1011,2019,SKG,MT,1.15884395e-05,0.12090582364194624
SKG_MT_1012,2019,SKG,MT,1.1831185e-05,0.1266818257151494
SKG_MT_1016,2019,SKG,MT,1.091244e-05,0.10482076948652691
SKG_MT_1216,2019,SKG,MT,1.2449454e-05,0.14139321285022416
SKG_MT_1217,2019,SKG,MT,1.5662148e-05,0.21783758444338458
SKG_MT_1022,2019,SKG,MT,1.2768927e-05,0.1489949056121186
SKG_MT_1028,2019,SKG,MT,1.063629e-05,0.09824992482611067
SKG_MT_1031,2019,SKG,MT,1.1113656e-05,0.10960859885169189
SKG_MT_1184,2019,SKG,MT,1.34566535e-05,0.16535899759238926
SKG_SUM_73,2019,SKG,SUM,1.1585368e-05,0.12083273890765517
SKG_SUM_79,2019,SKG,SUM,9.417528e-06,0.06925012116861223
SKG_DIA_30,2019,SKG,DIA,1.1755595e-05,0.12488320124337371
SKG_DIA_76,2019,SKG,DIA,1.2691628e-05,0.14715561638015945
SKG_DIA_84,2019,SKG,DIA,1.0612925e-05,0.09769396688480841
SKG_DIA_90,2019,SKG,DIA,1.2001565e-05,0.13073592860575856
SKG_DIA_96,2019,SKG,DIA,1.2651702e-05,0.14620559811504347
SKG_SA_623,2019,SKG,SA,1.292034e-05,0.15259769866867334
SKG_SA_628,2019,SKG,SA,1.1965942e-05,0.12988829797263163
SKG_SUM_21,2019,SKG,SUM,1.1985164e-05,0.13034567539817032
SKG_SUM_30,2019,SKG,SUM,1.1870718e-05,0.1276224927510366
SKG_SUM_31,2019,SKG,SUM,1.0442661e-05,0.09364262415346275
SKG_MT_1241,2019,SKG,MT,1.680532e-05,0.24503876362910731
SKG_MT_970,2019,SKG,MT,1.3880126e-05,0.17543530400360818
SKG_MT_987,2019,SKG,MT,1.1929355e-05,0.12901772946424617
SKG_MT_992,2019,SKG,MT,1.10558e-05,0.10823194562455796
SKG_MT_998,2019,SKG,MT,1.1124653e-05,0.10987026670876449
SKG_SUM_51,2019,SKG,SUM,1.26469495e-05,0.14609251486590846
SKG_SUM_57,2019,SKG,SUM,1.2708852e-05,0.1475654524418325
SKG_DIA_139,2019,SKG,DIA,1.0372221e-05,0.09196654123519468
SKG_DIA_147,2019,SKG,DIA,1.3647864e-05,0.16990875132384142
SKG_DIA_149,2019,SKG,DIA,1.1626553e-05,0.12181271441857039
SKG_DIA_150,2019,SKG,DIA,1.0228844e-05,0.08855496059106469
SKG_SA_587,2019,SKG,SA,1.4218633e-05,0.18348990082947642
SKG_SA_598,2019,SKG,SA,1.2103229e-05,0.13315497025542927
SKG_SA_610,2019,SKG,SA,1.1554693e-05,0.12010284334380122
SKG_DIA_106,2019,SKG,DIA,1.269123e-05,0.14714614617854854
SKG_DIA_111,2019,SKG,DIA,1.0377188e-05,0.09208472839951948
SKG_DIA_113,2019,SKG,DIA,1.20793475e-05,0.13258672246706155
SKG_MT_1261,2019,SKG,MT,1.5709416e-05,0.21896230175429726
SKG_MT_1267,2019,SKG,MT,1.546059e-05,0.2130416173672876
SKG_MT_1285,2019,SKG,MT,9.6579915e-06,0.0749718242466495
SKG_MT_951,2019,SKG,MT,1.2301893e-05,0.1378820761167978
SKG_MT_953,2019,SKG,MT,1.2870068e-05,0.1514015027506272
SKG_MT_1234,2019,SKG,MT,1.20961895e-05,0.1329874690387463
SKG_DIA_168,2019,SKG,DIA,1.2615593e-05,0.14534640336638166
SKG_SA_516,2019,SKG,SA,1.5300651e-05,0.2092359526048675
SKG_MT_1296,2019,SKG,MT,1.1893778e-05,0.12817119337703403
SKG_MT_1301,2019,SKG,MT,1.1963033e-05,0.12981907984075713
SKG_MT_896,2019,SKG,MT,1.3349758e-05,0.16281547513938355
SKG_MT_902,2019,SKG,MT,9.743185e-06,0.07699895897262155
SKG_MT_904,2019,SKG,MT,1.2044252e-05,0.13175164342024048
SKG_MT_918,2019,SKG,MT,1.4407433e-05,0.18798229797554405
SKG_MT_921,2019,SKG,MT,1.2175351e-05,0.13487107548301763
SKG_MT_933,2019,SKG,MT,1.30807575e-05,0.1564147490880553
SKG_MT_935,2019,SKG,MT,1.4505097e-05,0.1903061617195777
SKG_DIA_123,2019,SKG,DIA,1.3413053e-05,0.16432154652370745
SKG_SA_555,2019,SKG,SA,1.0673501e-05,0.09913534108777555
SKG_SA_576,2019,SKG,SA,1.2095277e-05,0.13296575657902282
SKG_SA_581,2019,SKG,SA,1.3251365e-05,0.16047426522204755
SKG_DIA_129,2019,SKG,DIA,1.3312164e-05,0.16192094559325393
SKG_DIA_202,2019,SKG,DIA,1.1848708e-05,0.12709877632526884
SKG_MT_837,2019,SKG,MT,1.2800786e-05,0.14975297383604108
SKG_MT_843,2019,SKG,MT,1.2779233e-05,0.14924013148599236
SKG_MT_846,2019,SKG,MT,1.1791625e-05,0.12574051622839927
SKG_MT_852,2019,SKG,MT,1.16311785e-05,0.12192277576920141
SKG_MT_856,2019,SKG,MT,1.1884991e-05,0.12796211131282587
SKG_MT_857,2019,SKG,MT,1.2874487e-05,0.15150665054187967
SKG_MT_864,2019,SKG,MT,1.1456797e-05,0.11777345928124067
SKG_MT_871,2019,SKG,MT,1.692059e-05,0.2477815529248023
SKG_MT_875,2019,SKG,MT,1.2812657e-05,0.15003543806549535
SKG_MT_876,2019,SKG,MT,1.1267996e-05,0.11328103834069658
SKG_MT_883,2019,SKG,MT,1.2258819e-05,0.13685715283994548
SKG_SA_541,2019,SKG,SA,1.2361988e-05,0.13931200517661207
SKG_SA_543,2019,SKG,SA,1.2063841e-05,0.13221775341862146
SKG_SA_553,2019,SKG,SA,2.4863848e-05,0.4367872180184415
SKG_DIA_164,2019,SKG,DIA,1.1232355e-05,0.11243297940699426
SKG_SA_446,2019,SKG,SA,1.2142779e-05,0.1340960417974153
SKG_SA_455,2019,SKG,SA,1.0626485e-05,0.0980166199849179
SKG_MT_336,2019,SKG,MT,1.2226467e-05,0.13608735393915322
SKG_MT_508,2019,SKG,MT,1.12976295e-05,0.11398615195737027
SKG_MT_608,2019,SKG,MT,1.1119169e-05,0.10973977780013616
SKG_MT_1061,2019,SKG,MT,1.30686e-05,0.15612546774110975
SKG_MT_1275,2019,SKG,MT,1.7201477e-05,0.25446511201996924
SKG_MT_830,2019,SKG,MT,1.33323265e-05,0.16240070172385557
SKG_MT_1321,2019,SKG,MT,1.2887975e-05,0.15182759043968774
SKG_SA_521,2019,SKG,SA,1.2701268e-05,0.14738499513274467
SKG_SA_525,2019,SKG,SA,1.1810689e-05,0.1261941341266653
SKG_DIA_178,2019,SKG,DIA,1.1983643e-05,0.13030948399955183
SKG_DIA_188,2019,SKG,DIA,9.622908e-06,0.07413703073354533
SKG_DIA_193,2019,SKG,DIA,1.1480696e-05,0.11834212347294548
SKG_DIA_196,2019,SKG,DIA,1.3285784e-05,0.16129324730557776
SKG_DIA_200,2019,SKG,DIA,1.08094755e-05,0.10237078312028602
SKG_DIA_234,2019,SKG,DIA,1.1896806e-05,0.12824324305160129
SKG_DIA_247,2019,SKG,DIA,1.4698641e-05,0.19491143986173087
SKG_DIA_257,2019,SKG,DIA,1.2498989e-05,0.14257187223915663
SKG_DIA_261,2019,SKG,DIA,1.1990468e-05,0.13047188130104503
SKG_MT_783,2019,SKG,MT,9.996223e-06,0.083019865694267
SKG_MT_1350,2019,SKG,MT,1.3912835e-05,0.17621359753247856
SKG_MT_1357,2019,SKG,MT,1.2949723e-05,0.15329685176900654
SKG_MT_1358,2019,SKG,MT,1.4108119e-05,0.1808602780635838
SKG_MT_1371,2019,SKG,MT,1.0732866e-05,0.10054790017981108
SKG_MT_792,2019,SKG,MT,1.2743781e-05,0.14839656970833137
SKG_MT_804,2019,SKG,MT,1.1852596e-05,0.12719128924954798
SKG_MT_808,2019,SKG,MT,1.1612391e-05,0.12147573704366249
SKG_DIA_203,2019,SKG,DIA,1.1881048e-05,0.1278682896923442
SKG_SA_479,2019,SKG,SA,1.1159558e-05,0.11070081290782963
SKG_DIA_225,2019,SKG,DIA,1.0146079e-05,0.08658561075105256
SKG_DIA_227,2019,SKG,DIA,1.0841396e-05,0.10313031470450768
SKG_SA_436,2019,SKG,SA,1.2785573e-05,0.14939098846642707
SKG_SA_440,2019,SKG,SA,9.952314e-06,0.08197507402961293
SKG_SA_444,2019,SKG,SA,1.239665e-05,0.1401367693179097
SKG_DIA_276,2019,SKG,DIA,1.1296293e-05,0.11395435063964932
SKG_DIA_277,2019,SKG,DIA,1.0611023e-05,0.09764870979067802
SKG_DIA_279,2019,SKG,DIA,1.224926e-05,0.1366297014399494
SKG_DIA_282,2019,SKG,DIA,1.2436377e-05,0.14108205248222028
SKG_DIA_284,2019,SKG,DIA,1.0408448e-05,0.09282854373207283
SKG_MT_765,2019,SKG,MT,1.07695405e-05,0.10142055070488232
SKG_MT_1374,2019,SKG,MT,1.2308605e-05,0.1380417846424567
SKG_MT_1389,2019,SKG,MT,1.4050597e-05,0.17949157219157058
SKG_MT_1397,2019,SKG,MT,1.38576825e-05,0.17490127267231703
SKG_MT_1398,2019,SKG,MT,1.0968008e-05,0.10614298095163649
SKG_MT_773,2019,SKG,MT,1.4695389e-05,0.194834060224448
SKG_MT_780,2019,SKG,MT,1.38723735e-05,0.17525083732524543
SKG_SA_464,2019,SKG,SA,1.3134784e-05,0.15770028136777997
SKG_DIA_304,2019,SKG,DIA,1.4952762e-05,0.20095811600132757
SKG_DIA_308,2019,SKG,DIA,1.0485402e-05,0.09465962386967078
SKG_DIA_313,2019,SKG,DIA,1.06212165e-05,0.09789125878595573
SKG_MT_1404,2019,SKG,MT,1.25787965e-05,0.14447084991518838
SKG_MT_1405,2019,SKG,MT,1.48316185e-05,0.19807556984844277
SKG_MT_1418,2019,SKG,MT,1.4516929e-05,0.19058769796445202
SKG_MT_1419,2019,SKG,MT,1.3396665e-05,0.1639316026443125
SKG_MT_1420,2019,SKG,MT,1.1975212e-05,0.1301088727689454
SKG_MT_1422,2019,SKG,MT,1.0376554e-05,0.09206964270147602
SKG_MT_750,2019,SKG,MT,1.4462968e-05,0.18930372422293212
SKG_MT_751,2019,SKG,MT,1.1699884e-05,0.12355758716813764
SKG_MT_756,2019,SKG,MT,1.2599446e-05,0.14496219395580134
SKG_MT_761,2019,SKG,MT,1.1854382e-05,0.12723378618441494
SKG_DIA_266,2019,SKG,DIA,9.774288e-06,0.0777390385723786
SKG_DIA_268,2019,SKG,DIA,1.0607794e-05,0.09757187742635254
SKG_DIA_271,2019,SKG,DIA,1.2141633e-05,0.13406877332745032
SKG_DIA_318,2019,SKG,DIA,1.0873722e-05,0.10389949494891332
SKG_SA_357,2019,SKG,SA,1.4188292e-05,0.1827679526207432
SKG_SA_376,2019,SKG,SA,1.5046428e-05,0.20318684942867704
SKG_SA_378,2019,SKG,SA,1.2258819e-05,0.13685715283994548
SKG_SA_383,2019,SKG,SA,1.1243394e-05,0.11269564663207604
SKG_MT_1445,2019,SKG,MT,1.6469754e-05,0.2370541463583587
SKG_MT_683,2019,SKG,MT,1.290976e-05,0.15234595310826343
SKG_MT_687,2019,SKG,MT,1.1033955e-05,0.10771215528739775
SKG_MT_690,2019,SKG,MT,1.4433261e-05,0.18859686171224233
SKG_MT_696,2019,SKG,MT,1.3132204e-05,0.15763889161864414
SKG_MT_702,2019,SKG,MT,1.1570793e-05,0.12048593441399025
SKG_MT_703,2019,SKG,MT,1.41876835e-05,0.18275347368184813
SKG_MT_721,2019,SKG,MT,1.0117487e-05,0.08590527908155912
SKG_SA_392,2019,SKG,SA,1.2085074e-05,0.13272298153621914
SKG_SA_394,2019,SKG,SA,1.0537427e-05,0.09589753150486235
SKG_SA_399,2019,SKG,SA,9.903904e-06,0.08082318342664083
SKG_SA_300,2019,SKG,SA,1.2578845e-05,0.14447200394729426
SKG_SA_302,2019,SKG,SA,1.1867979e-05,0.1275573196801516
SKG_SA_303,2019,SKG,SA,1.2030235e-05,0.13141811624441196
SKG_SA_328,2019,SKG,SA,1.18395365e-05,0.12688054528488135
SKG_SA_337,2019,SKG,SA,1.3128297e-05,0.1575459265993131
SKG_SA_348,2019,SKG,SA,1.26898385e-05,0.14711303616462507
SKG_SA_297,2019,SKG,SA,1.1212364e-05,0.11195730402909682
SKG_MT_1469,2019,SKG,MT,9.763377e-06,0.07747941704027725
SKG_MT_618,2019,SKG,MT,1.3605318e-05,0.16889639153053315
SKG_MT_621,2019,SKG,MT,1.3851829e-05,0.1747619917046554
SKG_MT_626,2019,SKG,MT,1.2063816e-05,0.13221715855671118
SKG_MT_640,2019,SKG,MT,1.1941046e-05,0.12929591068794677
SKG_MT_649,2019,SKG,MT,1.0497869e-05,0.09495626960706496
SKG_MT_654,2019,SKG,MT,1.0555643e-05,0.0963309716871334
SKG_MT_655,2019,SKG,MT,1.3196506e-05,0.1591689240407121
SKG_MT_674,2019,SKG,MT,1.2735119e-05,0.1481904619536744
SKG_SA_208,2019,SKG,SA,1.2041082e-05,0.13167621493002318
SKG_SA_216,2019,SKG,SA,1.3960416e-05,0.1773457625145074
SKG_SA_218,2019,SKG,SA,1.258062e-05,0.14451423914292066
SKG_SA_200,2019,SKG,SA,1.075307e-05,0.1010286437811837
SKG_SA_271,2019,SKG,SA,1.3812164e-05,0.17381818379788228
SKG_SA_272,2019,SKG,SA,1.1273693e-05,0.11341659547280009
SKG_SA_279,2019,SKG,SA,1.2465955e-05,0.1417858455054533
SKG_SA_294,2019,SKG,SA,1.141174e-05,0.11670135155766875
SKG_SA_236,2019,SKG,SA,1.0753028e-05,0.10102764441317447
SKG_SA_267,2019,SKG,SA,1.1454722e-05,0.11772408574269144
SKG_MT_597,2019,SKG,MT,1.1955277e-05,0.12963452988172686
SKG_MT_602,2019,SKG,MT,1.29996015e-05,0.15448368456058564
SKG_MT_609,2019,SKG,MT,1.4898774e-05,0.1996734998089446
SKG_MT_616,2019,SKG,MT,1.2241062e-05,0.13643463432234632
SKG_MT_1463,2019,SKG,MT,1.0990194e-05,0.10667088520525225
SKG_MT_1465,2019,SKG,MT,1.3903364e-05,0.17598824004640645
SKG_SUM_210,2019,SKG,SUM,1.0639516e-05,0.09832668580700699
SKG_SA_92,2019,SKG,SA,1.264063e-05,0.14594214567224018
SKG_SA_38,2019,SKG,SA,9.962836e-06,0.08222543951039116
SKG_SA_39,2019,SKG,SA,1.1909964e-05,0.12855633077219425
SKG_SA_49,2019,SKG,SA,1.1621464e-05,0.1216916243281237
SKG_SA_134,2019,SKG,SA,1.5507325e-05,0.21415365222227423
SKG_SA_139,2019,SKG,SA,1.1688966e-05,0.12329779907470134
SKG_SA_141,2019,SKG,SA,1.1701459e-05,0.12359506346848215
SKG_SA_147,2019,SKG,SA,1.252732e-05,0.14324599355030726
SKG_SA_159,2019,SKG,SA,1.4045239e-05,0.1793640813869698
SKG_SA_101,2019,SKG,SA,1.3498233e-05,0.1663483600242479
SKG_SA_189,2019,SKG,SA,9.352506e-06,0.06770295672352955
SKG_PAR_25,2019,SKG,PAR,1.2488969e-05,0.1423334515855359
SKG_MT_570,2019,SKG,MT,1.0790689e-05,0.1019237681892235
SKG_MT_577,2019,SKG,MT,1.6124228e-05,0.22883253610257387
SKG_MT_580,2019,SKG,MT,1.1618318e-05,0.12161676690534018
SKG_MT_522,2019,SKG,MT,1.1249078e-05,0.11283089443598626
SKG_MT_539,2019,SKG,MT,9.855307e-06,0.07966684325658019
SKG_MT_544,2019,SKG,MT,1.2178568e-05,0.13494762231362623
SKG_MT_548,2019,SKG,MT,1.2025785e-05,0.13131223082439075
SKG_MT_552,2019,SKG,MT,1.5506514e-05,0.2141343549019063
SKG_MT_556,2019,SKG,MT,1.6715332e-05,0.24289754628599108
SKG_MT_561,2019,SKG,MT,1.1303557e-05,0.11412719371628616
SKG_MT_562,2019,SKG,MT,1.2807099e-05,0.14990318836561273
SKG_SA_11,2019,SKG,SA,1.0741652e-05,0.10075695844954274
SKG_SA_15,2019,SKG,SA,1.606668e-05,0.22746321157417393
SKG_SA_27,2019,SKG,SA,1.2536033e-05,0.14345331482326118
SKG_SA_35,2019,SKG,SA,1.6562652e-05,0.23926460562782575
SKG_SUM_200,2019,SKG,SUM,1.2588012e-05,0.14469012791253788
SKG_SUM_201,2019,SKG,SUM,1.2530103e-05,0.14331221357815427
SKG_SUM_202,2019,SKG,SUM,9.576393e-06,0.07303023066336878
SKG_SUM_207,2019,SKG,SUM,1.07555725e-05,0.10108818945839787
SKG_QA_466,2019,SKG,QA,1.1469436e-05,0.11807419766857724
SKG_QA_473,2019,SKG,QA,1.3905009e-05,0.1760273819600997
SKG_QA_475,2019,SKG,QA,1.0376554e-05,0.09206964270147602
SKG_QA_481,2019,SKG,QA,1.0704592e-05,0.09987513515381574
SKG_QA_482,2019,SKG,QA,1.1169844e-05,0.11094556289217522
SKG_QA_484,2019,SKG,QA,1.17091495e-05,0.1237780548893076
SKG_QA_489,2019,SKG,QA,9.331293e-06,0.06719820449545999
SKG_QA_447,2019,SKG,QA,1.2240699e-05,0.13642599692740975
SKG_SA_0,2019,SKG,SA,1.0925915e-05,0.10514140005614164
SKG_SUM_213,2019,SKG,SUM,1.1000449e-05,0.10691489756082917
SKG_SUM_220,2019,SKG,SUM,1.4598783e-05,0.19253537103645535
SKG_PAR_77,2019,SKG,PAR,1.3962505e-05,0.1773954691757263
SKG_MT_501,2019,SKG,MT,1.14772465e-05,0.11826004442657173
SKG_MT_506,2019,SKG,MT,1.6155735e-05,0.2295822286708003
SKG_MT_511,2019,SKG,MT,1.0091749e-05,0.08529285684773763
SKG_MT_519,2019,SKG,MT,9.004236e-06,0.0594160544244777
SKG_QA_359,2019,SKG,QA,1.1492449e-05,0.11862177995418344
SKG_QA_361,2019,SKG,QA,1.0944446e-05,0.10558233549848162
SKG_QA_396,2019,SKG,QA,1.2192629e-05,0.13528219644641676
SKG_QA_397,2019,SKG,QA,1.1344832e-05,0.11510931073007818
SKG_QA_401,2019,SKG,QA,1.2044699e-05,0.13176227955119546
SKG_QA_440,2019,SKG,QA,1.3264426e-05,0.16078504487842887
SKG_MT_439,2019,SKG,MT,1.3226115e-05,0.1598734546927138
SKG_MT_444,2019,SKG,MT,1.4608699e-05,0.19277131706452955
SKG_MT_454,2019,SKG,MT,1.0857899e-05,0.10352299494868966
SKG_MT_470,2019,SKG,MT,1.3440737e-05,0.16498027280862126
SKG_MT_482,2019,SKG,MT,1.3280362e-05,0.16116423365448673
SKG_MT_485,2019,SKG,MT,1.3069111e-05,0.15613762671855486
SKG_QA_449,2019,SKG,QA,1.0521683e-05,0.095522911268275
SKG_QA_452,2019,SKG,QA,1.4668854e-05,0.19420267379292838
SKG_QA_454,2019,SKG,QA,1.4131523e-05,0.18141716398946606
SKG_QA_457,2019,SKG,QA,1.1593812e-05,0.12103365946645495
SKG_QA_333,2019,SKG,QA,1.1467017e-05,0.11801663883014324
SKG_QA_310,2019,SKG,QA,1.5107161e-05,0.2046319593644404
SKG_QA_311,2019,SKG,QA,1.1254422e-05,0.11295805211791732
SKG_QA_314,2019,SKG,QA,1.268939e-05,0.1471023643419555
SKG_QA_362,2019,SKG,QA,1.1490587e-05,0.11857747463910939
SKG_QA_365,2019,SKG,QA,1.3948944e-05,0.17707279228114037
SKG_QA_370,2019,SKG,QA,1.4723192e-05,0.1954956180520545
SKG_QA_371,2019,SKG,QA,1.3896074e-05,0.175814778313383
SKG_MT_411,2019,SKG,MT,1.2398885e-05,0.1401899499726844
SKG_MT_414,2019,SKG,MT,1.2492543e-05,0.1424184930442226
SKG_MT_419,2019,SKG,MT,1.2409791e-05,0.14044945253240376
SKG_MT_424,2019,SKG,MT,1.1152207e-05,0.11052589971174515
SKG_PAR_101,2019,SKG,PAR,1.3021092e-05,0.15499503975585877
SKG_QA_403,2019,SKG,QA,1.4208547e-05,0.18324990974041266
SKG_QA_386,2019,SKG,QA,1.5071691e-05,0.20378796928620407
SKG_QA_387,2019,SKG,QA,1.1262507e-05,0.11315043045968615
SKG_QA_291,2019,SKG,QA,9.177677e-06,0.06354299220737561
SKG_QA_292,2019,SKG,QA,2.6425218e-05,0.4739391996495626
SKG_QA_299,2019,SKG,QA,1.2115031e-05,0.1334357926660113
SKG_QA_306,2019,SKG,QA,1.0714335e-05,0.10010696473747116
SKG_QA_259,2019,SKG,QA,1.0785811e-05,0.10180769873329915
SKG_QA_260,2019,SKG,QA,1.2320184e-05,0.13831730088479954
SKG_QA_262,2019,SKG,QA,1.07449305e-05,0.1008349686404505
SKG_QA_319,2019,SKG,QA,1.4073946e-05,0.18004714942125027
SKG_QA_329,2019,SKG,QA,1.3580728e-05,0.16831128535562956
SKG_QA_330,2019,SKG,QA,1.4397421e-05,0.18774406767773455
SKG_PAR_174,2019,SKG,PAR,1.6767906e-05,0.2441485170887313
SKG_MT_334,2019,SKG,MT,1.1110182e-05,0.10952593684064615
SKG_MT_347,2019,SKG,MT,1.2051582e-05,0.1319260569323204
SKG_MT_353,2019,SKG,MT,1.4599689e-05,0.19255692883208214
SKG_MT_366,2019,SKG,MT,1.5412099e-05,0.21188779941172636
SKG_MT_367,2019,SKG,MT,1.3883689e-05,0.17552008372305433
SKG_QA_267,2019,SKG,QA,1.0687017e-05,0.09945694723092302
SKG_QA_275,2019,SKG,QA,1.1644173e-05,0.12223197309290151
SKG_MT_20,2019,SKG,MT,1.2925615e-05,0.15272321453173215
SKG_MT_30,2019,SKG,MT,1.1756883e-05,0.12491384852898879
SKG_MT_34,2019,SKG,MT,1.2886132e-05,0.15178373721966548
SKG_MT_35,2019,SKG,MT,1.02515005e-05,0.08909406014583102
SKG_MT_271,2019,SKG,MT,1.2291326e-05,0.13763063988458119
SKG_MT_276,2019,SKG,MT,1.2954209e-05,0.15340359379017848
SKG_MT_292,2019,SKG,MT,1.3028493e-05,0.1551711426757637
SKG_MT_298,2019,SKG,MT,1.35457e-05,0.1674778124359661
SKG_MT_303,2019,SKG,MT,1.14707245e-05,0.11810485685143057
SKG_MT_307,2019,SKG,MT,1.3348879e-05,0.16279455979461976
SKG_MT_322,2019,SKG,MT,1.1007019e-05,0.10707122727083801
SKG_MT_328,2019,SKG,MT,1.6066298e-05,0.22745412208418564
SKG_MT_19,2019,SKG,MT,1.4097143e-05,0.1805991098905158
SKG_QA_284,2019,SKG,QA,1.1227471e-05,0.11231676718421141
SKG_QA_221,2019,SKG,QA,9.586123e-06,0.07326175091883083
SKG_QA_231,2019,SKG,QA,1.1737134e-05,0.12444393141438242
SKG_MT_70,2019,SKG,MT,9.220145e-06,0.06455349603152391
SKG_MT_73,2019,SKG,MT,1.3190732e-05,0.15903153473392506
SKG_QA_249,2019,SKG,QA,1.1005056e-05,0.10702451871364665
SKG_QA_252,2019,SKG,QA,1.25126335e-05,0.14289653597252272
SKG_QA_257,2019,SKG,QA,1.1473045e-05,0.11816007193393824
SKG_MT_43,2019,SKG,MT,1.3554849e-05,0.16769550810063438
SKG_MT_50,2019,SKG,MT,1.1091463e-05,0.10908052803674123
SKG_MT_60,2019,SKG,MT,1.0428967e-05,0.09331678259351434
SKG_MT_67,2019,SKG,MT,1.5228958e-05,0.2075300552076586
SKG_MT_253,2019,SKG,MT,1.1393254e-05,0.11626148686676724
SKG_MT_261,2019,SKG,MT,1.11075105e-05,0.10946236989691882
SKG_MT_263,2019,SKG,MT,2.4948073e-05,0.43879130779401115
SKG_QA_263,2019,SKG,QA,1.4929581e-05,0.2004065362436846
SKG_QA_265,2019,SKG,QA,1.0665685e-05,0.09894936346016076
SKG_MT_125,2019,SKG,MT,1.52485045e-05,0.2079951539407922
SKG_MT_128,2019,SKG,MT,1.2970797e-05,0.15379829656485522
SKG_MT_130,2019,SKG,MT,1.2924655e-05,0.1527003718343793
SKG_QA_186,2019,SKG,QA,1.3844988e-05,0.1745992136915397
SKG_QA_187,2019,SKG,QA,1.2035136e-05,0.1315347329732937
SKG_QA_194,2019,SKG,QA,1.1627739e-05,0.12184093466759183
SKG_QA_204,2019,SKG,QA,1.144163e-05,0.11741256845754144
SKG_QA_206,2019,SKG,QA,1.2962029e-05,0.15358966659569884
SKG_MT_90,2019,SKG,MT,1.2647975e-05,0.14611691610146615
SKG_MT_98,2019,SKG,MT,1.3189913e-05,0.1590120470577459
SKG_MT_101,2019,SKG,MT,1.288757e-05,0.151817953676742
SKG_MT_106,2019,SKG,MT,1.3684487e-05,0.17078017643337762
SKG_QA_147,2019,SKG,QA,1.1023237e-05,0.1074571260892433
SKG_MT_68,2019,SKG,MT,1.4587039e-05,0.192255928705505
SKG_QA_209,2019,SKG,QA,1.2492507e-05,0.14241763644307187
SKG_QA_218,2019,SKG,QA,1.436626e-05,0.18700260799834578
SKG_QA_99,2019,SKG,QA,1.0009062e-05,0.08332536297688545
SKG_QA_100,2019,SKG,QA,1.1536483e-05,0.11966954592838869
SKG_QA_102,2019,SKG,QA,1.0230747e-05,0.08860024147967152
SKG_QA_109,2019,SKG,QA,1.1513347e-05,0.11911903692218412
SKG_QA_115,2019,SKG,QA,1.2800163e-05,0.1497381498772381
SKG_QA_68,2019,SKG,QA,1.0710923e-05,0.10002577798396273
SKG_QA_123,2019,SKG,QA,1.0228083e-05,0.08853685299451725
SKG_QA_138,2019,SKG,QA,9.362805e-06,0.06794801603606845
SKG_QA_139,2019,SKG,QA,1.1897374e-05,0.1282567583142017
SKG_MT_134,2019,SKG,MT,1.1417258e-05,0.11683264947849503
SKG_MT_142,2019,SKG,MT,1.10726e-05,0.10863169282823343
SKG_MT_154,2019,SKG,MT,1.1314978e-05,0.11439895043135628
SKG_QA_153,2019,SKG,QA,1.0729529e-05,0.10046849801203339
SKG_QA_160,2019,SKG,QA,1.4679603e-05,0.19445844061985146
SKG_MT_111,2019,SKG,MT,1.1622351e-05,0.1217127300286987
SKG_MT_113,2019,SKG,MT,1.0414247e-05,0.09296652790077009
SKG_MT_202,2019,SKG,MT,1.40786715e-05,0.18015959021952221
SKG_QA_11,2019,SKG,QA,1.23943455e-05,0.1400819349470246
SKG_QA_19,2019,SKG,QA,1.073393e-05,0.10057321750271048
SKG_QA_77,2019,SKG,QA,1.14506365e-05,0.11762687340932143
SKG_QA_81,2019,SKG,QA,9.580732e-06,0.07313347489650857
SKG_QA_82,2019,SKG,QA,1.2290423e-05,0.13760915347238362
SKG_QA_86,2019,SKG,QA,1.1100669e-05,0.10929957998656487
SKG_QA_89,2019,SKG,QA,1.0919155e-05,0.10498054939561507
SKG_MT_159,2019,SKG,MT,1.1272275e-05,0.1133828549052518
SKG_MT_172,2019,SKG,MT,1.1964927e-05,0.12986414657907625
SKG_QA_43,2019,SKG,QA,1.3149875e-05,0.15805936381127206
SKG_QA_44,2019,SKG,QA,1.1909964e-05,0.12855633077219425
SKG_QA_49,2019,SKG,QA,1.0688841e-05,0.09950034835589355
SKG_MT_251,2019,SKG,MT,1.2774445e-05,0.14912620353294487
SKG_QA_90,2019,SKG,QA,1.21958155e-05,0.13535801754549487
SKG_QA_98,2019,SKG,QA,1.1672981e-05,0.12291744436929936
SKG_SUM_89,2019,SKG,SUM,1.1253005e-05,0.11292433534484536
SKG_SUM_91,2019,SKG,SUM,1.2725916e-05,0.14797148138728006
SKG_SUM_94,2019,SKG,SUM,9.608767e-06,0.07380055304264205
SKG_SUM_95,2019,SKG,SUM,1.13691585e-05,0.115688147060448
SKG_SUM_96,2019,SKG,SUM,1.03882185e-05,0.09234719337155178
SKG_SUM_101,2019,SKG,SUM,1.17673035e-05,0.12516179887041146
SKG_SUM_137,2019,SKG,SUM,1.10724195e-05,0.10862739792524156
SKG_SUM_112,2019,SKG,SUM,1.06305815e-05,0.09811409405752847
SKG_SUM_115,2019,SKG,SUM,1.175825e-05,0.12494637557824029
SKG_MT_1088,2019,SKG,MT,1.2700008e-05,0.14735501409246904
SKG_MT_1176,2019,SKG,MT,1.1977943e-05,0.1301738554840191
SKG_MT_1179,2019,SKG,MT,1.2920451e-05,0.15260033985555477
SKG_MT_1134,2019,SKG,MT,9.610738e-06,0.07384745195564471
SKG_MT_1135,2019,SKG,MT,9.889993e-06,0.08049217846531165
SKG_MT_1136,2019,SKG,MT,1.30953995e-05,0.15676314781163964
SKG_MT_1139,2019,SKG,MT,1.1786802e-05,0.12562575546867738
SKG_QA_25,2019,SKG,QA,1.6430064e-05,0.23610974358967524
SKG_SUM_183,2019,SKG,SUM,1.1243694e-05,0.1127027849749988
SKG_SUM_182,2019,SKG,SUM,1.2909527e-05,0.15234040899526002
SKG_MT_1150,2019,SKG,MT,1.3619547e-05,0.16923496313536046
SKG_SA_276,2020,SKG,SA,1.36336075e-05,0.1695695253709128
SKG_SA_312,2020,SKG,SA,1.386679e-05,0.17511798086621433
SKG_SA_299,2020,SKG,SA,1.179987e-05,0.12593670168639354
SKG_MT_1468,2020,SKG,MT,1.5491643e-05,0.21378050724322423
SKG_MT_1457,2020,SKG,MT,1.3333586e-05,0.16243067086689306
SKG_MT_614,2020,SKG,MT,9.907267e-06,0.08090320425080519
SKG_MT_612,2020,SKG,MT,1.3586711e-05,0.1684536477079861
SKG_MT_611,2020,SKG,MT,1.4402941e-05,0.18787541318751366
SKG_PAR_8,2020,SKG,PAR,1.3263136e-05,0.1607543500038609
SKG_PAR_6,2020,SKG,PAR,1.33239e-05,0.16220019756839293
SKG_PAR_1,2020,SKG,PAR,1.3839904e-05,0.17447824257347505
SKG_NLI_19,2020,SKG,NLI,1.3412107e-05,0.1642990369490243
SKG_NLI_18,2020,SKG,NLI,1.3862111e-05,0.17500664651109543
SKG_SA_263,2020,SKG,SA,1.1670087e-05,0.12284858315457098
NOVEL_MT_95,2020,NOVEL,MT,1.4526331e-05,0.19081141363165188
SKG_SA_235,2020,SKG,SA,1.5888196e-05,0.22321627824674417
SKG_SUM_157,2020,SKG,SUM,1.3231135e-05,0.15999290296428825
SKG_SUM_150,2020,SKG,SUM,1.1550916e-05,0.12001297160640345
SKG_SUM_146,2020,SKG,SUM,1.114248e-05,0.11029445083971234
SKG_SUM_140,2020,SKG,SUM,1.3634322e-05,0.16958652652430722
SKG_SUM_139,2020,SKG,SUM,1.0767878e-05,0.10138099238785198
SKG_SUM_171,2020,SKG,SUM,1.4364752e-05,0.18696672592792057
SKG_SUM_135,2020,SKG,SUM,1.3208796e-05,0.15946135815578188
SKG_SUM_131,2020,SKG,SUM,1.3936551e-05,0.17677790733500048
SKG_SUM_123,2020,SKG,SUM,1.1840124e-05,0.12689452453977174
SKG_DIA_7,2020,SKG,DIA,1.2639861e-05,0.14592384771988148
SKG_QA_33,2020,SKG,QA,1.1836533e-05,0.12680907857498613
SKG_QA_32,2020,SKG,QA,1.2541509e-05,0.14358361337607822
SKG_SUM_199,2020,SKG,SUM,1.3324661e-05,0.1622183051649404
SKG_SUM_192,2020,SKG,SUM,1.0395889e-05,0.09252970890284898
SKG_SUM_189,2020,SKG,SUM,1.1268879e-05,0.11330204886336598
SKG_SA_280,2020,SKG,SA,1.2099304e-05,0.1330615769355229
SKG_MT_177,2020,SKG,MT,1.45342865e-05,0.1910007105887257
SKG_MT_173,2020,SKG,MT,1.818646e-05,0.27790226677698804
SKG_MT_163,2020,SKG,MT,1.4230463e-05,0.18377138948539795
SKG_MT_161,2020,SKG,MT,1.0833396e-05,0.1029399588932336
SKG_QA_88,2020,SKG,QA,1.3637665e-05,0.1696660714589434
SKG_QA_18,2020,SKG,QA,1.29401315e-05,0.15306862704852714
SKG_QA_16,2020,SKG,QA,1.6386532e-05,0.23507392244262754
SKG_MT_12,2020,SKG,MT,1.2049054e-05,0.13186590449595775
SKG_MT_190,2020,SKG,MT,1.2397714e-05,0.1401620866408092
SKG_MT_186,2020,SKG,MT,1.5054697e-05,0.20338360595410515
SKG_QA_59,2020,SKG,QA,1.1214652e-05,0.11201174579112116
SKG_QA_52,2020,SKG,QA,1.1598236e-05,0.12113892623008948
SKG_MT_244,2020,SKG,MT,1.5731546e-05,0.21948887351723412
SKG_MT_231,2020,SKG,MT,1.2083944e-05,0.13269609377787672
SKG_DIA_3,2020,SKG,DIA,1.1258179e-05,0.11304744796578686
SKG_DIA_2,2020,SKG,DIA,1.0440231e-05,0.09358480357578824
SKG_SUM_119,2020,SKG,SUM,1.198209e-05,0.13027253117768828
SKG_SUM_118,2020,SKG,SUM,1.1998646e-05,0.13066647252911995
SKG_SUM_106,2020,SKG,SUM,1.1170345e-05,0.11095748392485627
SKG_SUM_105,2020,SKG,SUM,1.2919835e-05,0.15258568245808668
SKG_SUM_104,2020,SKG,SUM,1.4618552e-05,0.1930057640405899
SKG_SUM_138,2020,SKG,SUM,1.067062e-05,0.09906678920124046
SKG_SUM_70,2020,SKG,SUM,1.30362005e-05,0.15535453860268805
SKG_SUM_66,2020,SKG,SUM,1.182003e-05,0.1264163983308042
SKG_SUM_99,2020,SKG,SUM,1.2539165e-05,0.1435278391233749
SKG_SUM_84,2020,SKG,SUM,1.1374071e-05,0.1158050374258085
SKG_DIA_29,2020,SKG,DIA,1.1041587e-05,0.10789375473135321
SKG_DIA_22,2020,SKG,DIA,1.1444741e-05,0.11748659307365061
SKG_QA_94,2020,SKG,QA,1.43528e-05,0.1866823343458771
SKG_QA_91,2020,SKG,QA,1.1446586e-05,0.11753049388262571
SKG_MT_250,2020,SKG,MT,1.2709058e-05,0.1475703541039728
SKG_QA_41,2020,SKG,QA,1.3300439e-05,0.16164195535735543
SKG_QA_144,2020,SKG,QA,1.1205671e-05,0.11179804759848966
SKG_QA_142,2020,SKG,QA,1.4904145e-05,0.19980129994173873
SKG_QA_135,2020,SKG,QA,1.0513528e-05,0.09532886731315754
SKG_QA_132,2020,SKG,QA,1.44231335e-05,0.18835588315240764
SKG_QA_129,2020,SKG,QA,9.881988e-06,0.08030170368165557
SKG_QA_120,2020,SKG,QA,1.342758e-05,0.1646672088825047
SKG_QA_69,2020,SKG,QA,1.3571742e-05,0.168097468190616
SKG_QA_61,2020,SKG,QA,1.2133126e-05,0.1338663537166368
SKG_QA_114,2020,SKG,QA,8.935698e-06,0.05778522860034008
SKG_QA_105,2020,SKG,QA,1.4859877e-05,0.1987479660600538
SKG_QA_103,2020,SKG,QA,9.091488e-06,0.061492170080138187
SKG_QA_96,2020,SKG,QA,1.2768793e-05,0.1489917171522797
SKG_DIA_12,2020,SKG,DIA,1.4376758e-05,0.1872524024116901
SKG_DIA_11,2020,SKG,DIA,1.37664265e-05,0.1727298839331139
SKG_DIA_10,2020,SKG,DIA,9.561763e-06,0.07268211747350134
SKG_SUM_121,2020,SKG,SUM,1.0584694e-05,0.0970222250212987
SKG_MT_1044,2020,SKG,MT,1.2523653e-05,0.14315873920531458
SKG_MT_1041,2020,SKG,MT,1.620621e-05,0.23078325486755757
SKG_MT_1200,2020,SKG,MT,1.3259442e-05,0.1606664532080051
SKG_MT_1188,2020,SKG,MT,1.1729356e-05,0.1242588579768712
SKG_DIA_49,2020,SKG,DIA,1.15283e-05,0.11947483572793172
SKG_DIA_47,2020,SKG,DIA,1.2918665e-05,0.15255784292068786
SKG_DIA_45,2020,SKG,DIA,1.1242954e-05,0.11268517706245595
SKG_DIA_42,2020,SKG,DIA,1.0131894e-05,0.08624808610318727
SKG_DIA_41,2020,SKG,DIA,1.1304182e-05,0.11414206526404191
SKG_DIA_39,2020,SKG,DIA,1.1748018e-05,0.12470291049562077
SKG_DIA_35,2020,SKG,DIA,1.721477e-05,0.25478141199487747
NOVEL_QA_38,2020,NOVEL,QA,1.1826289e-05,0.12656532795864972
SKG_MT_152,2020,SKG,MT,1.2457494e-05,0.14158452044055458
SKG_MT_145,2020,SKG,MT,1.4399838e-05,0.18780157892721577
SKG_MT_140,2020,SKG,MT,1.534452e-05,0.21027979249046513
SKG_MT_132,2020,SKG,MT,1.3907052e-05,0.1760759940754038
SKG_QA_190,2020,SKG,QA,1.1114251e-05,0.10962275656515541
SKG_QA_184,2020,SKG,QA,1.2261578e-05,0.1369228018003586
SKG_MT_129,2020,SKG,MT,1.6765749e-05,0.24409719240311656
SKG_MT_118,2020,SKG,MT,1.0780423e-05,0.10167949409440608
SKG_MT_115,2020,SKG,MT,1.408239e-05,0.18024806998005005
SKG_MT_114,2020,SKG,MT,1.4414085e-05,0.18814057883261848
SKG_MT_112,2020,SKG,MT,1.3554875e-05,0.167696126757021
SKG_QA_174,2020,SKG,QA,1.3815233e-05,0.17389120904598226
SKG_QA_171,2020,SKG,QA,1.6375534e-05,0.2348122307910785
SKG_QA_163,2020,SKG,QA,1.1615614e-05,0.12155242664112953
SKG_QA_154,2020,SKG,QA,1.2189711e-05,0.13521276416425454
SKG_DIA_18,2020,SKG,DIA,1.0573516e-05,0.09675625036399599
SKG_DIA_17,2020,SKG,DIA,1.25321585e-05,0.14336112312441351
SKG_MT_1078,2020,SKG,MT,1.3453932e-05,0.1652942409248414
SKG_MT_1076,2020,SKG,MT,9.907267e-06,0.08090320425080519
SKG_MT_1051,2020,SKG,MT,1.1723117e-05,0.12411040423855385
SKG_MT_1018,2020,SKG,MT,1.1731325e-05,0.12430570930092105
SKG_MT_1015,2020,SKG,MT,1.4009615e-05,0.17851642695936637
SKG_MT_1014,2020,SKG,MT,1.086831e-05,0.1037707192425864
SKG_DIA_70,2020,SKG,DIA,1.4419655e-05,0.188273114066218
SKG_DIA_69,2020,SKG,DIA,1.537037e-05,0.2108948797056444
SKG_DIA_65,2020,SKG,DIA,1.1872303e-05,0.12766020699614522
SKG_DIA_61,2020,SKG,DIA,1.2872008e-05,0.15144766403486115
SKG_DIA_60,2020,SKG,DIA,1.15317525e-05,0.11955698615773469
SKG_DIA_55,2020,SKG,DIA,1.2503639e-05,0.14268251655445968
SKG_DIA_53,2020,SKG,DIA,1.1700487e-05,0.12357193523741239
SKG_SUM_56,2020,SKG,SUM,1.2404302e-05,0.14031884465139338
SKG_QA_214,2020,SKG,QA,1.2700177e-05,0.14735903535898215
SKG_MT_105,2020,SKG,MT,1.3752872e-05,0.1724073617026246
SKG_MT_99,2020,SKG,MT,1.1332018e-05,0.11480440830937
SKG_QA_195,2020,SKG,QA,1.2449835e-05,0.14140227854573606
SKG_QA_191,2020,SKG,QA,1.1374082e-05,0.11580529916504895
SKG_QA_237,2020,SKG,QA,1.1172944e-05,0.11101932576904389
SKG_QA_232,2020,SKG,QA,1.1539013e-05,0.11972974595370406
SKG_MT_42,2020,SKG,MT,1.31396955e-05,0.15781714793866403
SKG_QA_181,2020,SKG,QA,1.267756e-05,0.14682087568603402
SKG_QA_178,2020,SKG,QA,1.1014496e-05,0.10724913857095003
SKG_MT_81,2020,SKG,MT,1.2348863e-05,0.13899970267374057
SKG_MT_76,2020,SKG,MT,1.3258293e-05,0.1606391133546109
SKG_QA_228,2020,SKG,QA,1.301203e-05,0.15477941421063812
SKG_QA_226,2020,SKG,QA,1.3089192e-05,0.15661544359932916
SKG_QA_222,2020,SKG,QA,1.0989116e-05,0.10664523475968307
SKG_QA_217,2020,SKG,QA,1.0691756e-05,0.09956970925462649
SKG_SUM_75,2020,SKG,SUM,1.2324497e-05,0.13841992646155266
SKG_MT_1182,2020,SKG,MT,1.2845286e-05,0.15081182803625304
SKG_MT_1040,2020,SKG,MT,1.0209616e-05,0.08809744039866751
SKG_MT_1021,2020,SKG,MT,9.530309e-06,0.07193368601252462
SKG_MT_1212,2020,SKG,MT,1.400076e-05,0.17830572687076246
SKG_MT_974,2020,SKG,MT,1.488338e-05,0.19930720763910054
SKG_MT_967,2020,SKG,MT,1.4156558e-05,0.1820128587063718
SKG_MT_1251,2020,SKG,MT,1.1709384e-05,0.12378363469402553
SKG_MT_1243,2020,SKG,MT,1.230391e-05,0.13793006957571524
SKG_MT_1240,2020,SKG,MT,1.0222593e-05,0.08840622131903045
SKG_QA_279,2020,SKG,QA,1.241184e-05,0.1404982074145663
SKG_QA_264,2020,SKG,QA,1.0890586e-05,0.10430076499907903
SKG_MT_264,2020,SKG,MT,1.2729618e-05,0.14805956853894708
SKG_MT_255,2020,SKG,MT,1.13266915e-05,0.11467766703077609
SKG_PAR_213,2020,SKG,PAR,9.640038e-06,0.0745446301144359
SKG_MT_65,2020,SKG,MT,1.2600179e-05,0.1449796353070093
SKG_MT_54,2020,SKG,MT,1.3395578e-05,0.1639057380484557
SKG_MT_51,2020,SKG,MT,1.1963603e-05,0.12983264269231037
SKG_QA_250,2020,SKG,QA,1.41717e-05,0.1823731546681608
SKG_QA_244,2020,SKG,QA,1.17238105e-05,0.12412690570794366
SKG_QA_239,2020,SKG,QA,1.284884e-05,0.15089639360541152
SKG_PAR_211,2020,SKG,PAR,1.2204693e-05,0.13556925300981804
SKG_MT_269,2020,SKG,MT,1.3570357e-05,0.16806451284078916
SKG_MT_41,2020,SKG,MT,1.3371418e-05,0.16333086349840803
SKG_MT_37,2020,SKG,MT,1.4204565e-05,0.183155160135351
SKG_MT_36,2020,SKG,MT,1.43798425e-05,0.18732579647417447
SKG_MT_28,2020,SKG,MT,1.5531154e-05,0.21472065080063035
SKG_QA_281,2020,SKG,QA,1.4338297e-05,0.1863372430545137
SKG_QA_280,2020,SKG,QA,1.2247682e-05,0.13659215375617562
SKG_SUM_55,2020,SKG,SUM,9.73776e-06,0.07686987393810132
SKG_SUM_53,2020,SKG,SUM,1.2678346e-05,0.14683957814449167
SKG_MT_1008,2020,SKG,MT,1.12150265e-05,0.11202065682253642
SKG_MT_1002,2020,SKG,MT,1.3602555e-05,0.16883064739221437
SKG_MT_997,2020,SKG,MT,1.5640415e-05,0.21732045908758219
SKG_MT_996,2020,SKG,MT,1.5131485e-05,0.20521073620861918
SKG_MT_990,2020,SKG,MT,1.4801198e-05,0.197351729978835
SKG_MT_978,2020,SKG,MT,1.2801421e-05,0.14976808332856095
SKG_QA_323,2020,SKG,QA,1.2856977e-05,0.15109000925995358
SKG_QA_318,2020,SKG,QA,1.2949514e-05,0.15329187872343703
SKG_QA_317,2020,SKG,QA,1.276659e-05,0.14893929792075017
SKG_QA_307,2020,SKG,QA,1.290416e-05,0.15221270404037157
SKG_QA_301,2020,SKG,QA,1.0644378e-05,0.09844237455130878
SKG_QA_300,2020,SKG,QA,1.1306522e-05,0.11419774433883956
SKG_QA_297,2020,SKG,QA,1.1283169e-05,0.1136420719312542
SKG_QA_293,2020,SKG,QA,1.2993826e-05,0.15434625956208398
SKG_QA_290,2020,SKG,QA,1.29350965e-05,0.15294882185980652
SKG_QA_287,2020,SKG,QA,1.1862604e-05,0.12742942436945187
SKG_MT_329,2020,SKG,MT,1.1884129e-05,0.1279416004741611
SKG_MT_318,2020,SKG,MT,1.4887496e-05,0.19940514570400103
SKG_MT_310,2020,SKG,MT,1.1487366e-05,0.11850083263059519
SKG_MT_309,2020,SKG,MT,1.2825823e-05,0.15034871614189965
SKG_MT_302,2020,SKG,MT,1.5236758e-05,0.20771565212365084
SKG_MT_291,2020,SKG,MT,1.4573482e-05,0.1919333469888247
SKG_SUM_3,2020,SKG,SUM,1.0748917e-05,0.10092982532065603
SKG_DIA_72,2020,SKG,DIA,1.0297367e-05,0.09018542949805619
SKG_PAR_137,2020,SKG,PAR,1.0678326e-05,0.09925014943645022
SKG_PAR_132,2020,SKG,PAR,1.1371262e-05,0.11573819874157487
SKG_PAR_131,2020,SKG,PAR,1.4109074e-05,0.18088300178855465
SKG_MT_361,2020,SKG,MT,1.3212285e-05,0.1595443770839738
SKG_MT_357,2020,SKG,MT,1.4862429e-05,0.19880868956385017
SKG_MT_354,2020,SKG,MT,1.3973468e-05,0.177656328020601
SKG_MT_343,2020,SKG,MT,1.3402121e-05,0.16406142530760143
SKG_PAR_163,2020,SKG,PAR,1.2425234e-05,0.14081691063159196
SKG_PAR_150,2020,SKG,PAR,1.228514e-05,0.13748344725351352
SKG_MT_330,2020,SKG,MT,1.6060798e-05,0.22732325246393476
SKG_MT_8,2020,SKG,MT,1.7926635e-05,0.27171986694395295
SKG_MT_5,2020,SKG,MT,1.3378726e-05,0.16350475353200689
SKG_QA_326,2020,SKG,QA,1.0994859e-05,0.10678188643770142
SKG_QA_325,2020,SKG,QA,1.3634322e-05,0.16958652652430722
SKG_QA_368,2020,SKG,QA,1.1609578e-05,0.12140880318152325
SKG_QA_363,2020,SKG,QA,1.3170105e-05,0.15854072606903136
SKG_QA_313,2020,SKG,QA,1.1427924e-05,0.11708644136387619
SKG_QA_351,2020,SKG,QA,1.2466383e-05,0.14179602954135645
SKG_QA_346,2020,SKG,QA,1.1779497e-05,0.12545193681850775
SKG_QA_342,2020,SKG,QA,1.5676897e-05,0.21818852917594467
SKG_QA_332,2020,SKG,QA,1.4012448e-05,0.17858383671103384
SKG_QA_331,2020,SKG,QA,9.174474e-06,0.06346677849943677
SKG_SUM_28,2020,SKG,SUM,1.0940001e-05,0.1054765690508424
SKG_SUM_26,2020,SKG,SUM,1.1913384e-05,0.1286377078815139
SKG_SUM_19,2020,SKG,SUM,1.0378248e-05,0.09210995054451326
SKG_SUM_16,2020,SKG,SUM,1.7122198e-05,0.25257870972471974
SKG_SUM_14,2020,SKG,SUM,1.1008426e-05,0.10710470609914585
SKG_SUM_13,2020,SKG,SUM,1.0423547e-05,0.09318781653137617
SKG_SUM_10,2020,SKG,SUM,1.0560748e-05,0.0964524424892026
SKG_SUM_9,2020,SKG,SUM,1.3169866e-05,0.1585350391891695
SKG_DIA_97,2020,SKG,DIA,1.4107676e-05,0.18084973711053454
SKG_DIA_88,2020,SKG,DIA,9.437397e-06,0.06972289362038775
SKG_DIA_75,2020,SKG,DIA,1.0804651e-05,0.10225598666884955
SKG_DIA_73,2020,SKG,DIA,1.1027223e-05,0.10755197087221063
SKG_QA_402,2020,SKG,QA,1.25401575e-05,0.1435514551412111
SKG_MT_434,2020,SKG,MT,1.5133478e-05,0.20525815860010282
SKG_MT_430,2020,SKG,MT,1.17202435e-05,0.1240420308105919
SKG_PAR_111,2020,SKG,PAR,1.22546935e-05,0.13675898872751907
SKG_MT_420,2020,SKG,MT,1.6750853e-05,0.2437427498825243
SKG_MT_418,2020,SKG,MT,1.246447e-05,0.1417505107079855
SKG_MT_407,2020,SKG,MT,1.1524321e-05,0.11938015750629927
SKG_MT_392,2020,SKG,MT,1.3279412e-05,0.16114162890189798
SKG_MT_386,2020,SKG,MT,1.1412023e-05,0.11670808539449257
SKG_MT_385,2020,SKG,MT,1.3661147e-05,0.17022481335398554
SKG_MT_383,2020,SKG,MT,1.0914282e-05,0.10486459891207278
SKG_PAR_146,2020,SKG,PAR,1.3457257e-05,0.1653733575589022
SKG_MT_1269,2020,SKG,MT,1.6410677e-05,0.235648440075529
SKG_MT_1262,2020,SKG,MT,1.0650764e-05,0.09859432607765828
SKG_DIA_116,2020,SKG,DIA,1.1555796e-05,0.12012908865128064
SKG_DIA_115,2020,SKG,DIA,1.2103113e-05,0.13315221009616574
SKG_QA_360,2020,SKG,QA,1.0437841e-05,0.09352793477717011
SKG_QA_391,2020,SKG,QA,1.2656288e-05,0.14631471958385633
SKG_QA_383,2020,SKG,QA,1.4412147e-05,0.1880944651373373
SKG_QA_374,2020,SKG,QA,1.2785194e-05,0.14938197035986794
SKG_QA_373,2020,SKG,QA,1.043631e-05,0.09349150543378751
SKG_QA_372,2020,SKG,QA,1.2511106e-05,0.1428601899098076
SKG_QA_412,2020,SKG,QA,1.04070195e-05,0.0927945533225222
SKG_QA_409,2020,SKG,QA,1.1333088e-05,0.1148298683991279
SKG_QA_408,2020,SKG,QA,1.3460813e-05,0.16545797071701351
SKG_QA_406,2020,SKG,QA,1.395388e-05,0.17719024181669651
SKG_DIA_99,2020,SKG,DIA,1.2935714e-05,0.1529635149489893
SKG_DIA_98,2020,SKG,DIA,1.1952484e-05,0.12956807190911585
SKG_DIA_124,2020,SKG,DIA,1.1523056e-05,0.11935005749364158
SKG_SA_586,2020,SKG,SA,1.1039312e-05,0.10783962229752214
SKG_DIA_119,2020,SKG,DIA,1.3682309e-05,0.17072835206375825
SKG_MT_1259,2020,SKG,MT,1.3743799e-05,0.1721914744181634
SKG_QA_422,2020,SKG,QA,1.0606966e-05,0.09755217559988566
SKG_QA_413,2020,SKG,QA,1.2034355e-05,0.13151614948721807
SKG_QA_395,2020,SKG,QA,1.3560358e-05,0.167826591871173
SKG_QA_393,2020,SKG,QA,1.1627584e-05,0.12183724652374833
SKG_MT_1238,2020,SKG,MT,1.6174941e-05,0.23003922538471644
SKG_MT_965,2020,SKG,MT,1.3266577e-05,0.16083622679718512
SKG_MT_963,2020,SKG,MT,1.39222575e-05,0.17643780098644474
SKG_MT_949,2020,SKG,MT,1.1276811e-05,0.11349078665024415
SKG_MT_948,2020,SKG,MT,1.39181175e-05,0.1763392918541104
SKG_MT_943,2020,SKG,MT,1.4223408e-05,0.18360351945433062
SKG_MT_1274,2020,SKG,MT,1.1553702e-05,0.12007926301767963
SKG_MT_1272,2020,SKG,MT,1.32256855e-05,0.15986323496509602
SKG_MT_442,2020,SKG,MT,1.4046151e-05,0.17938578194945504
SKG_MT_438,2020,SKG,MT,1.1564814e-05,0.12034366723953932
SKG_MT_436,2020,SKG,MT,1.2403734e-05,0.14030532938879287
SKG_QA_441,2020,SKG,QA,1.2410112e-05,0.14045709055933114
SKG_DIA_112,2020,SKG,DIA,1.2099512e-05,0.13306652618661602
SKG_DIA_107,2020,SKG,DIA,1.2769074e-05,0.14899840340015075
SKG_DIA_105,2020,SKG,DIA,1.2680607e-05,0.146893377455653
SKG_DIA_103,2020,SKG,DIA,1.0795742e-05,0.10204400167851951
SKG_DIA_102,2020,SKG,DIA,1.06295565e-05,0.09808970471920897
SKG_SA_620,2020,SKG,SA,1.42404e-05,0.1840078351974767
SKG_SA_591,2020,SKG,SA,9.90091e-06,0.0807519427642715
SKG_DIA_101,2020,SKG,DIA,1.2085304e-05,0.13272845426579333
SKG_DIA_145,2020,SKG,DIA,1.0812567e-05,0.10244434374410522
SKG_DIA_144,2020,SKG,DIA,1.359489e-05,0.16864826273053746
SKG_DIA_143,2020,SKG,DIA,1.1057983e-05,0.10828388896655933
SKG_DIA_126,2020,SKG,DIA,1.0802375e-05,0.1022018304405421
SKG_DIA_154,2020,SKG,DIA,1.1568035e-05,0.12042030924805353
SKG_SA_548,2020,SKG,SA,1.1969092e-05,0.12996325057332075
SKG_SA_546,2020,SKG,SA,1.3504465e-05,0.16649664720123042
SKG_SA_538,2020,SKG,SA,1.1148878e-05,0.11044668789977874
SKG_DIA_151,2020,SKG,DIA,1.5026296e-05,0.20270781902960583
SKG_QA_479,2020,SKG,QA,1.2912247e-05,0.15240512997109323
SKG_QA_477,2020,SKG,QA,1.1744747e-05,0.1246250787632861
SKG_QA_460,2020,SKG,QA,1.7725697e-05,0.26693865244322973
SKG_QA_458,2020,SKG,QA,1.3808397e-05,0.17372855000524862
SKG_MT_483,2020,SKG,MT,1.3071355e-05,0.15619102152361725
SKG_MT_479,2020,SKG,MT,1.3490125e-05,0.16615543440952163
SKG_MT_477,2020,SKG,MT,1.105754e-05,0.10827334801351007
SKG_MT_464,2020,SKG,MT,1.18807875e-05,0.1278620912312396
SKG_MT_456,2020,SKG,MT,1.4288284e-05,0.18514720990585753
SKG_MT_455,2020,SKG,MT,1.6083299e-05,0.2278586519776194
SKG_MT_450,2020,SKG,MT,1.2533151e-05,0.1433847391422497
SKG_MT_1323,2020,SKG,MT,1.4113487e-05,0.18098800681294874
SKG_MT_833,2020,SKG,MT,1.1343977e-05,0.1150889664527483
SKG_QA_444,2020,SKG,QA,1.1060493e-05,0.10834361310234658
SKG_QA_492,2020,SKG,QA,1.1642453e-05,0.12219104659347763
SKG_QA_486,2020,SKG,QA,9.883383e-06,0.08033489697624646
SKG_MT_1258,2020,SKG,MT,1.322667e-05,0.15988666062712092
SKG_MT_937,2020,SKG,MT,1.59993e-05,0.22585993975371826
SKG_MT_908,2020,SKG,MT,1.4522524e-05,0.19072082805996182
SKG_MT_898,2020,SKG,MT,1.2737171e-05,0.14823928821926619
SKG_MT_889,2020,SKG,MT,1.4053332e-05,0.1795566500845499
SKG_MT_1289,2020,SKG,MT,1.2436246e-05,0.14107893540581068
SKG_DIA_177,2020,SKG,DIA,1.1321292e-05,0.11454918875540432
SKG_DIA_169,2020,SKG,DIA,1.1992562e-05,0.13052170693464604
SKG_DIA_165,2020,SKG,DIA,1.2950379e-05,0.15331246094553103
SKG_DIA_159,2020,SKG,DIA,1.16863475e-05,0.12323549323822369
SKG_DIA_155,2020,SKG,DIA,1.44594505e-05,0.18922002715216257
SKG_SA_478,2020,SKG,SA,1.2736285e-05,0.14821820631316762
SKG_SA_470,2020,SKG,SA,1.1039965e-05,0.10785516009061735
SKG_MT_859,2020,SKG,MT,1.22262445e-05,0.13608205966815212
SKG_MT_848,2020,SKG,MT,1.0698673e-05,0.09973429564794933
SKG_MT_1345,2020,SKG,MT,1.0420218e-05,0.09310860471940977
SKG_MT_1342,2020,SKG,MT,1.4245454e-05,0.18412809248124906
SKG_MT_1334,2020,SKG,MT,1.4045104e-05,0.17936086913265448
SKG_DIA_197,2020,SKG,DIA,1.455798e-05,0.19156448501552842
SKG_DIA_191,2020,SKG,DIA,1.26547675e-05,0.14627854008247604
SKG_DIA_187,2020,SKG,DIA,1.1191446e-05,0.11145957117156796
SKG_DIA_186,2020,SKG,DIA,1.1014023e-05,0.10723788378360843
SKG_DIA_185,2020,SKG,DIA,1.2659233e-05,0.14638479431688156
SKG_DIA_180,2020,SKG,DIA,1.24329035e-05,0.14099940236841274
SKG_SA_519,2020,SKG,SA,1.2335632e-05,0.1386848779563697
SKG_SA_518,2020,SKG,SA,1.358872e-05,0.16850145081109236
SKG_MT_1331,2020,SKG,MT,1.3913764e-05,0.17623570260106275
SKG_DIA_237,2020,SKG,DIA,1.4508195e-05,0.1903798770074936
SKG_SA_2,2020,SKG,SA,1.2189025e-05,0.13519644115343782
SKG_MT_826,2020,SKG,MT,1.3564134e-05,0.16791643981409438
SKG_MT_1341,2020,SKG,MT,1.3496571e-05,0.1663088136044557
SKG_MT_634,2020,SKG,MT,1.5853204e-05,0.2223836619282315
SKG_MT_628,2020,SKG,MT,1.3904876e-05,0.17602421729473727
SKG_MT_543,2020,SKG,MT,1.408317e-05,0.1802666296716493
SKG_MT_267,2020,SKG,MT,1.3926854e-05,0.1765471722972599
SKG_SA_453,2020,SKG,SA,1.0224085e-05,0.08844172267783304
SKG_SA_445,2020,SKG,SA,1.0344148e-05,0.0912985588989576
SKG_DIA_230,2020,SKG,DIA,1.368809e-05,0.17086590793188017
SKG_DIA_226,2020,SKG,DIA,1.1510416e-05,0.11904929531182856
SKG_DIA_218,2020,SKG,DIA,1.2617759e-05,0.14539794220228403
SKG_DIA_214,2020,SKG,DIA,1.1701582e-05,0.12359799018908052
SKG_DIA_206,2020,SKG,DIA,1.2335963e-05,0.13869275392806119
SKG_SA_498,2020,SKG,SA,1.6072367e-05,0.22759853076151337
SKG_SUM_215,2020,SKG,SUM,1.298082e-05,0.15403678860190517
SKG_MT_814,2020,SKG,MT,1.0848946e-05,0.10330996300139755
SKG_MT_811,2020,SKG,MT,1.2064267e-05,0.13222788986557177
SKG_MT_796,2020,SKG,MT,1.4466235e-05,0.18938146077736118
SKG_MT_1368,2020,SKG,MT,1.4404659e-05,0.18791629209798483
SKG_MT_1362,2020,SKG,MT,1.3289813e-05,0.1613891152510306
SKG_MT_1356,2020,SKG,MT,1.2757534e-05,0.14872381514238792
SKG_MT_1348,2020,SKG,MT,1.4225578e-05,0.1836551534681387
SKG_MT_784,2020,SKG,MT,1.2421336e-05,0.14072415976254865
SKG_DIA_265,2020,SKG,DIA,1.14199265e-05,0.11689614503879314
SKG_DIA_264,2020,SKG,DIA,1.3679556e-05,0.17066284587020353
SKG_DIA_263,2020,SKG,DIA,1.1298621e-05,0.11400974418073007
SKG_DIA_262,2020,SKG,DIA,1.4834123e-05,0.19813516311460982
SKG_DIA_254,2020,SKG,DIA,1.2131807e-05,0.13383496880225298
SKG_DIA_248,2020,SKG,DIA,1.2785194e-05,0.14938197035986794
SKG_DIA_244,2020,SKG,DIA,1.3231402e-05,0.15999925608948956
SKG_DIA_273,2020,SKG,DIA,1.1208889e-05,0.11187461822357464
SKG_MT_531,2020,SKG,MT,1.1704194e-05,0.12366014136146153
SKG_MT_526,2020,SKG,MT,1.5943993e-05,0.22454393864695144
SKG_MT_525,2020,SKG,MT,1.1106887e-05,0.10944753404087765
SKG_PAR_64,2020,SKG,PAR,1.4261846e-05,0.18451813153854962
SKG_PAR_51,2020,SKG,PAR,1.3812177e-05,0.1738184931260756
SKG_MT_521,2020,SKG,MT,1.4049486e-05,0.1794651365282799
SKG_MT_512,2020,SKG,MT,1.219106e-05,0.13524486291293064
SKG_MT_499,2020,SKG,MT,1.5396028e-05,0.21150539838135313
SKG_PAR_83,2020,SKG,PAR,1.418905e-05,0.18278598883386132
SKG_PAR_81,2020,SKG,PAR,1.2229323e-05,0.13615531096377803
SKG_PAR_70,2020,SKG,PAR,1.1619713e-05,0.12164996019993113
SKG_MT_495,2020,SKG,MT,1.2027884e-05,0.13136217543037382
SKG_MT_490,2020,SKG,MT,1.1029673e-05,0.10761026733941331
SKG_MT_489,2020,SKG,MT,1.11303725e-05,0.11000635921658725
SKG_MT_486,2020,SKG,MT,1.2447294e-05,0.14134181678118013
SKG_MT_536,2020,SKG,MT,1.2835246e-05,0.15057293149310408
SKG_DIA_236,2020,SKG,DIA,1.1804136e-05,0.1260382089227554
SKG_DIA_232,2020,SKG,DIA,1.37872785e-05,0.17322604635519973
SKG_SA_467,2020,SKG,SA,1.1877059e-05,0.12777337352594764
SKG_MT_782,2020,SKG,MT,1.48239e-05,0.19789191218227797
SKG_MT_776,2020,SKG,MT,1.3621495e-05,0.1692813147754057
SKG_MT_775,2020,SKG,MT,1.2411673e-05,0.14049423373700598
SKG_MT_774,2020,SKG,MT,1.4421869e-05,0.1883257950369881
SKG_MT_769,2020,SKG,MT,1.1860375e-05,0.12737638648153565
SKG_MT_1393,2020,SKG,MT,1.40016145e-05,0.17832605925085415
SKG_MT_1391,2020,SKG,MT,1.4500394e-05,0.19019425629702497
SKG_MT_1382,2020,SKG,MT,1.2943007e-05,0.15313704806544198
SKG_MT_766,2020,SKG,MT,1.5321315e-05,0.20972764166538832
SKG_DIA_289,2020,SKG,DIA,1.1029106e-05,0.10759677587128924
SKG_DIA_286,2020,SKG,DIA,1.4026459e-05,0.1789172211200039
SKG_DIA_283,2020,SKG,DIA,9.836481e-06,0.07921888844369951
SKG_DIA_309,2020,SKG,DIA,1.100914e-05,0.10712169535530203
SKG_DIA_305,2020,SKG,DIA,1.2637424e-05,0.1458658605808721
SKG_SA_413,2020,SKG,SA,1.3514785e-05,0.1667422061977739
SKG_SA_408,2020,SKG,SA,1.1309864e-05,0.1142772654789993
SKG_SA_403,2020,SKG,SA,1.6115297e-05,0.22862002763376277
SKG_SA_402,2020,SKG,SA,1.25403485e-05,0.14355599988620532
SKG_DIA_297,2020,SKG,DIA,1.5266982e-05,0.2084348163786442
SKG_SA_58,2020,SKG,SA,1.2421999e-05,0.14073993550040798
SKG_SA_57,2020,SKG,SA,1.1096627e-05,0.10920340271291867
SKG_SA_55,2020,SKG,SA,1.5571508e-05,0.21568085310164953
SKG_SA_54,2020,SKG,SA,1.3017863e-05,0.15491820739153328
SKG_SUM_209,2020,SKG,SUM,1.2944278e-05,0.15316729084495817
SKG_SUM_206,2020,SKG,SUM,1.3657669e-05,0.17014205616503414
SKG_PAR_13,2020,SKG,PAR,1.4455562e-05,0.18912750233064518
SKG_MT_568,2020,SKG,MT,1.3601168e-05,0.16879764445343476
SKG_MT_541,2020,SKG,MT,1.1716398e-05,0.12395052915156007
SKG_SA_95,2020,SKG,SA,1.40503025e-05,0.179484564718268
SKG_SA_94,2020,SKG,SA,1.3080097e-05,0.15639903283638695
SKG_SA_91,2020,SKG,SA,9.518193e-06,0.07164539213635004
SKG_SA_87,2020,SKG,SA,1.1233437e-05,0.11245872503046905
SKG_SA_84,2020,SKG,SA,1.345342e-05,0.1652820581529199
SKG_SA_81,2020,SKG,SA,1.9243107e-05,0.3030446288913999
SKG_SA_71,2020,SKG,SA,1.2727494e-05,0.14800902907105384
SKG_DIA_270,2020,SKG,DIA,1.1048791e-05,0.10806517013940548
SKG_MT_760,2020,SKG,MT,1.1479447e-05,0.1183124041719103
SKG_MT_749,2020,SKG,MT,1.48814215e-05,0.199260606157053
SKG_MT_746,2020,SKG,MT,1.3409996e-05,0.1642488068093243
SKG_MT_730,2020,SKG,MT,1.5977128e-05,0.22533236862277217
SKG_MT_1409,2020,SKG,MT,1.2513959e-05,0.14292807555100323
SKG_MT_1407,2020,SKG,MT,1.369232e-05,0.1709665585670913
SKG_DIA_314,2020,SKG,DIA,1.3464021e-05,0.16553430339733438
SKG_DIA_311,2020,SKG,DIA,1.1577117e-05,0.1206364106828024
SKG_MT_718,2020,SKG,MT,1.1729982e-05,0.1242737533191034
SKG_MT_714,2020,SKG,MT,1.1685377e-05,0.12321240069886852
SKG_MT_693,2020,SKG,MT,1.2415982e-05,0.14059676413585348
SKG_MT_689,2020,SKG,MT,1.2524847e-05,0.14318714981014719
SKG_MT_685,2020,SKG,MT,1.44783e-05,0.18966854113523884
SKG_MT_1450,2020,SKG,MT,1.383245e-05,0.17430087854632043
SKG_MT_1447,2020,SKG,MT,1.2557581e-05,0.1439660382009278
SKG_MT_1431,2020,SKG,MT,1.35103255e-05,0.16663609473022684
NOVEL_MT_9,2020,NOVEL,MT,1.7380802e-05,0.2587320565020591
SKG_SA_384,2020,SKG,SA,1.0307241e-05,0.09042037615812121
SKG_SA_150,2020,SKG,SA,9.913392e-06,0.08104894541881189
NOVEL_MT_163,2020,NOVEL,MT,1.4729482e-05,0.19564528530866876
SKG_SA_137,2020,SKG,SA,1.4237751e-05,0.18394480362946858
SKG_SA_133,2020,SKG,SA,1.1211102e-05,0.11192727539986835
SKG_SA_124,2020,SKG,SA,1.10655365e-05,0.10846362054411668
SKG_SA_102,2020,SKG,SA,9.997272e-06,0.08304482610002031
SKG_SA_371,2020,SKG,SA,1.4799222e-05,0.19730471209345035
SKG_SA_358,2020,SKG,SA,1.306465e-05,0.1560314795592932
SKG_DIA_317,2020,SKG,DIA,1.1694899e-05,0.12343897170323748
SKG_DIA_315,2020,SKG,DIA,1.3235906e-05,0.16010642641123685
SKG_MT_1430,2020,SKG,MT,1.4249122e-05,0.18421537062071824
SKG_MT_1428,2020,SKG,MT,1.0791368e-05,0.10193992463870538
SKG_MT_677,2020,SKG,MT,1.6839555e-05,0.24585336752897818
SKG_MT_656,2020,SKG,MT,1.6160033e-05,0.2296844973304073
SKG_MT_631,2020,SKG,MT,1.136595e-05,0.11561180248288894
SKG_NLI_3,2020,SKG,NLI,1.2751939e-05,0.1485906850468781
SKG_NLI_0,2020,SKG,NLI,1.0096639e-05,0.0854092118373789
SKG_SA_350,2020,SKG,SA,1.2850346e-05,0.15093222808688384
SKG_SA_345,2020,SKG,SA,1.1902901e-05,0.1283882703853157
SKG_SA_344,2020,SKG,SA,1.2238949e-05,0.13638435659369352
SKG_SA_156,2020,SKG,SA,1.30811195e-05,0.15642336268851542
SKG_DIA_293,2020,SKG,DIA,1.6202903e-05,0.23070456653407206
SKG_SA_233,2020,SKG,SA,1.0275833e-05,0.08967303924305925
SKG_SA_231,2020,SKG,SA,9.702895e-06,0.07604027951809256
SKG_SA_214,2020,SKG,SA,1.2992388e-05,0.15431204310500746
SKG_SA_205,2020,SKG,SA,1.0198416e-05,0.08783094226288382
SKG_NLI_17,2020,SKG,NLI,1.3065262e-05,0.15604604177885562
SKG_NLI_16,2020,SKG,NLI,1.3172893e-05,0.15860706506926037
SKG_NLI_8,2020,SKG,NLI,1.3631475e-05,0.16951878364997008
SKG_NLI_5,2020,SKG,NLI,1.49821235e-05,0.20165675752041795
SKG_MT_594,2020,SKG,MT,1.163039e-05,0.12190401382455274
SKG_MT_579,2020,SKG,MT,1.2752121e-05,0.14859501564158462
SKG_MT_573,2020,SKG,MT,1.2945292e-05,0.1531914184440371
SKG_PAR_32,2020,SKG,PAR,1.0568466e-05,0.09663608825812925
SKG_PAR_26,2020,SKG,PAR,1.08114955e-05,0.10241884796263273
SKG_PAR_23,2020,SKG,PAR,1.1292696e-05,0.11386876190800521
SKG_PAR_21,2020,SKG,PAR,1.3174124e-05,0.15863635606972015
SKG_PAR_16,2020,SKG,PAR,1.3852502e-05,0.1747780053872789
SKG_MT_1142,2020,SKG,MT,1.5997146e-05,0.22580868645153268
SKG_MT_1128,2020,SKG,MT,1.5537125e-05,0.21486272761927
SKG_MT_1126,2020,SKG,MT,1.1259683e-05,0.1130832348583064
SKG_MT_1104,2020,SKG,MT,1.1347397e-05,0.11517034356206796
SKG_MT_1181,2020,SKG,MT,1.3958326e-05,0.177296032058812
SKG_MT_1180,2020,SKG,MT,1.3668666e-05,0.17040372402210674
SKG_MT_1178,2020,SKG,MT,1.34289885e-05,0.16470072340252712
SKG_MT_1164,2020,SKG,MT,1.1763276e-05,0.12506596661667324
SKG_MT_1094,2020,SKG,MT,1.2313406e-05,0.13815602192369758
SKG_DIA_16,2020,SKG,DIA,1.2078691e-05,0.13257110139329892
SKG_DIA_14,2020,SKG,DIA,1.1776476e-05,0.12538005370527538
SKG_DIA_13,2020,SKG,DIA,1.2651919e-05,0.14621076151642426
SKG_QA_2,2020,SKG,QA,1.5495632e-05,0.21387542340962074
SKG_MT_226,2020,SKG,MT,1.3439442e-05,0.1649494589616713
SKG_MT_208,2020,SKG,MT,1.3551153e-05,0.16760756371582575
SKG_MT_207,2020,SKG,MT,1.6185466e-05,0.2302896622489239
SKG_SA_284,2020,SKG,SA,1.2378127e-05,0.13969602423138106
SKG_MT_1149,2020,SKG,MT,1.37695915e-05,0.1728051934509492
SKG_SUM_160,2020,SKG,SUM,1.3933297e-05,0.1767004801087647
SKG_SUM_170,2020,SKG,SUM,1.3130651e-05,0.15760193879678053
SKG_MT_1143,2020,SKG,MT,1.1845296e-05,0.12701758957176046
SKG_MT_1145,2020,SKG,MT,1.3022196e-05,0.15502130885781457
SKG_MT_1146,2020,SKG,MT,1.2707034e-05,0.14752219408372047
SKG_SUM_184,2020,SKG,SUM,1.0862736e-05,0.10363808883108122
NOVEL_DIA_59,2021,NOVEL,DIA,1.3028482e-05,0.1551708809365232
NOVEL_DIA_56,2021,NOVEL,DIA,1.3226166e-05,0.15987466821101065
NOVEL_DIA_55,2021,NOVEL,DIA,1.1549009e-05,0.119967595539891
NOVEL_DIA_54,2021,NOVEL,DIA,1.2973185e-05,0.15385511777452054
NOVEL_DIA_53,2021,NOVEL,DIA,1.2756487e-05,0.1486989023255874
NOVEL_DIA_52,2021,NOVEL,DIA,1.1711014e-05,0.12382241969057262
NOVEL_DIA_51,2021,NOVEL,DIA,1.0902984e-05,0.10459576891760097
NOVEL_DIA_50,2021,NOVEL,DIA,1.3862004e-05,0.17500410050211962
NOVEL_DIA_49,2021,NOVEL,DIA,9.870289e-06,0.08002333210214366
NOVEL_DIA_47,2021,NOVEL,DIA,1.3223844e-05,0.1598194174367884
NOVEL_DIA_45,2021,NOVEL,DIA,1.0521823e-05,0.09552624249497227
NOVEL_DIA_44,2021,NOVEL,DIA,1.1058827e-05,0.10830397150464877
NOVEL_DIA_43,2021,NOVEL,DIA,1.0378643e-05,0.09211934936269495
NOVEL_DIA_42,2021,NOVEL,DIA,1.3722241e-05,0.17167851309573268
NOVEL_DIA_41,2021,NOVEL,DIA,1.0753663e-05,0.1010427539056944
NOVEL_DIA_40,2021,NOVEL,DIA,1.919247e-05,0.30183974798946434
NOVEL_DIA_10,2021,NOVEL,DIA,1.2441679e-05,0.14120821079614215
NOVEL_DIA_11,2021,NOVEL,DIA,1.0493364e-05,0.09484907549084126
NOVEL_DIA_12,2021,NOVEL,DIA,1.505375e-05,0.20336107258494557
NOVEL_DIA_13,2021,NOVEL,DIA,1.38597825e-05,0.17495124107277643
NOVEL_DIA_14,2021,NOVEL,DIA,1.584137e-05,0.2221020780944043
NOVEL_DIA_16,2021,NOVEL,DIA,1.098572e-05,0.10656442871779725
NOVEL_DIA_17,2021,NOVEL,DIA,1.2642536e-05,0.14598749794427623
NOVEL_DIA_18,2021,NOVEL,DIA,1.3597575e-05,0.16871215089969627
NOVEL_DIA_20,2021,NOVEL,DIA,1.1617687e-05,0.12160175259072592
NOVEL_DIA_21,2021,NOVEL,DIA,1.0491854e-05,0.09481314583146327
NOVEL_MT_62,2021,NOVEL,MT,1.1328485e-05,0.11472034242421614
NOVEL_MT_61,2021,NOVEL,MT,1.4616629e-05,0.19296000726245488
NOVEL_MT_54,2021,NOVEL,MT,1.1470386e-05,0.11809680242116599
NOVEL_MT_53,2021,NOVEL,MT,1.3914056e-05,0.1762426505881743
NOVEL_MT_52,2021,NOVEL,MT,1.3501258e-05,0.16642033831538594
NOVEL_MT_91,2021,NOVEL,MT,1.5107521e-05,0.20464052537594773
NOVEL_MT_89,2021,NOVEL,MT,1.1280072e-05,0.11356838043781475
NOVEL_MT_88,2021,NOVEL,MT,1.2168003e-05,0.13469623367036243
NOVEL_MT_86,2021,NOVEL,MT,1.1528795e-05,0.11948661399375432
NOVEL_MT_83,2021,NOVEL,MT,1.818719e-05,0.2779196367447668
NOVEL_MT_82,2021,NOVEL,MT,1.3471779e-05,0.16571890094531744
NOVEL_MT_81,2021,NOVEL,MT,1.19975475e-05,0.1306403342967844
NOVEL_MT_78,2021,NOVEL,MT,1.1212577e-05,0.111962372252572
NOVEL_MT_29,2021,NOVEL,MT,1.5118244e-05,0.2048956735464842
NOVEL_MT_26,2021,NOVEL,MT,1.4158001e-05,0.18204719413583037
NOVEL_MT_63,2021,NOVEL,MT,1.5547203e-05,0.21510252835252253
NOVEL_MT_23,2021,NOVEL,MT,1.4703728e-05,0.19503248236322474
NOVEL_MT_21,2021,NOVEL,MT,1.2669162e-05,0.1466210496731491
NOVEL_MT_19,2021,NOVEL,MT,1.6921495e-05,0.2478030869259527
NOVEL_MT_17,2021,NOVEL,MT,1.4299583e-05,0.18541606369480573
NOVEL_MT_16,2021,NOVEL,MT,1.1256236e-05,0.11300121529812368
NOVEL_MT_15,2021,NOVEL,MT,9.850373e-06,0.0795494413099769
NOVEL_MT_11,2021,NOVEL,MT,1.1759216e-05,0.1249693610424516
NOVEL_MT_49,2021,NOVEL,MT,1.5071977e-05,0.2037947745064571
NOVEL_MT_47,2021,NOVEL,MT,1.29515765e-05,0.1533409548310311
NOVEL_MT_45,2021,NOVEL,MT,1.5275997e-05,0.20864932358347366
NOVEL_MT_42,2021,NOVEL,MT,1.2079497e-05,0.1325902797412848
NOVEL_MT_40,2021,NOVEL,MT,1.4438713e-05,0.18872658919762564
NOVEL_MT_39,2021,NOVEL,MT,1.3387073e-05,0.16370336602659497
NOVEL_MT_37,2021,NOVEL,MT,1.3397559e-05,0.1639528749062224
NOVEL_MT_35,2021,NOVEL,MT,1.2752049e-05,0.14859330243928315
NOVEL_MT_31,2021,NOVEL,MT,1.5181121e-05,0.20639179883966902
NOVEL_MT_77,2021,NOVEL,MT,1.4088167e-05,0.1803855306702663
NOVEL_MT_74,2021,NOVEL,MT,1.39295225e-05,0.17661066785755797
NOVEL_MT_71,2021,NOVEL,MT,1.6056725e-05,0.22722633756151978
NOVEL_MT_67,2021,NOVEL,MT,1.483483e-05,0.1981519858094311
NOVEL_MT_66,2021,NOVEL,MT,1.13094875e-05,0.11426830685863126
NOVEL_MT_64,2021,NOVEL,MT,1.3850243e-05,0.17472425366507033
BLOG_NLI_W4220659089,2021,BLOG,NLI,3.1006053e-05,0.5829377699917597
NOVEL_MT_105,2021,NOVEL,MT,1.2836102e-05,0.15059329956491035
NOVEL_MT_104,2021,NOVEL,MT,1.4984839e-05,0.2017213714211073
NOVEL_MT_101,2021,NOVEL,MT,1.3560862e-05,0.16783858428728327
NOVEL_MT_99,2021,NOVEL,MT,1.2633871e-05,0.14578131880619
NOVEL_MT_96,2021,NOVEL,MT,1.3743616e-05,0.17218712002898057
NOVEL_MT_93,2021,NOVEL,MT,1.2122311e-05,0.13360901645427065
NOVEL_MT_92,2021,NOVEL,MT,1.2754251e-05,0.1486456978763363
NOVEL_MT_25,2021,NOVEL,MT,1.2273886e-05,0.13721566421600373
NOVEL_MT_24,2021,NOVEL,MT,9.733507e-06,0.07676867602993273
NOVEL_MT_125,2021,NOVEL,MT,1.3576661e-05,0.16821451322007308
NOVEL_MT_124,2021,NOVEL,MT,1.17629725e-05,0.125058744993083
NOVEL_MT_122,2021,NOVEL,MT,1.3458091e-05,0.16539320215222753
NOVEL_MT_121,2021,NOVEL,MT,1.122242e-05,0.11219658128386828
NOVEL_MT_120,2021,NOVEL,MT,1.226187e-05,0.13692974978747013
NOVEL_MT_118,2021,NOVEL,MT,1.274377e-05,0.14839630796909087
NOVEL_MT_117,2021,NOVEL,MT,1.1585401e-05,0.12083352412537668
NOVEL_MT_116,2021,NOVEL,MT,1.39899885e-05,0.17804942466812013
NOVEL_MT_115,2021,NOVEL,MT,1.2940798e-05,0.15308448606705394
NOVEL_MT_113,2021,NOVEL,MT,1.4081719e-05,0.18023210388637945
NOVEL_MT_112,2021,NOVEL,MT,1.2072473e-05,0.13242314733898614
NOVEL_MT_110,2021,NOVEL,MT,1.3914559e-05,0.17625461920980812
NOVEL_MT_109,2021,NOVEL,MT,1.4037673e-05,0.17918405237845736
NOVEL_MT_108,2021,NOVEL,MT,1.3367937e-05,0.1632480349260274
NOVEL_MT_107,2021,NOVEL,MT,1.3093887e-05,0.15672715866607062
NOVEL_MT_10,2021,NOVEL,MT,1.31099305e-05,0.15710890534834254
NOVEL_MT_5,2021,NOVEL,MT,1.469337e-05,0.19478601917657767
NOVEL_MT_4,2021,NOVEL,MT,1.3307277e-05,0.16180466198704185
NOVEL_MT_2,2021,NOVEL,MT,1.4266974e-05,0.18464014961357628
NOVEL_MT_0,2021,NOVEL,MT,1.71677e-05,0.25366140599029374
NOVEL_MT_141,2021,NOVEL,MT,1.4584855e-05,0.1922039615690272
NOVEL_MT_140,2021,NOVEL,MT,1.3140598e-05,0.1578386224536234
NOVEL_MT_139,2021,NOVEL,MT,1.13203205e-05,0.1145260724215727
NOVEL_MT_137,2021,NOVEL,MT,1.3708979e-05,0.17136295074959312
NOVEL_MT_133,2021,NOVEL,MT,1.5312271e-05,0.20951244442074302
NOVEL_MT_132,2021,NOVEL,MT,1.4434292e-05,0.18862139381742027
NOVEL_MT_130,2021,NOVEL,MT,1.4434941e-05,0.18863683643260992
NOVEL_MT_128,2021,NOVEL,MT,1.0296924e-05,0.09017488854500688
NOVEL_MT_127,2021,NOVEL,MT,1.6164518e-05,0.2297912155571028
NOVEL_MT_167,2021,NOVEL,MT,1.1293041e-05,0.11387697100236643
NOVEL_MT_165,2021,NOVEL,MT,1.4427261e-05,0.18845409485378678
NOVEL_MT_161,2021,NOVEL,MT,1.2942575e-05,0.15312676885163318
NOVEL_MT_156,2021,NOVEL,MT,1.3839483e-05,0.17446822509890675
NOVEL_MT_155,2021,NOVEL,MT,1.657776e-05,0.23962409257741685
NOVEL_MT_154,2021,NOVEL,MT,1.07938895e-05,0.10199992241097133
NOVEL_MT_153,2021,NOVEL,MT,1.640115e-05,0.23542175009877808
NOVEL_MT_150,2021,NOVEL,MT,1.2431172e-05,0.1409582022325101
NOVEL_MT_148,2021,NOVEL,MT,1.31292745e-05,0.15756918570000317
NOVEL_MT_144,2021,NOVEL,MT,1.0431165e-05,0.0933690828526619
NOVEL_MT_179,2021,NOVEL,MT,1.1636992e-05,0.12206110495780664
NOVEL_MT_177,2021,NOVEL,MT,1.1527991e-05,0.11946748323472128
NOVEL_MT_174,2021,NOVEL,MT,1.46168795e-05,0.19296596777879543
NOVEL_MT_172,2021,NOVEL,MT,1.2434527e-05,0.14103803270086313
NOVEL_MT_168,2021,NOVEL,MT,1.31726665e-05,0.15860167562035365
NOVEL_MT_198,2021,NOVEL,MT,1.206934e-05,0.1323485992443959
NOVEL_MT_193,2021,NOVEL,MT,1.4336874e-05,0.1863033835145833
NOVEL_MT_192,2021,NOVEL,MT,1.1516784e-05,0.11920081853760273
NOVEL_MT_190,2021,NOVEL,MT,1.3782296e-05,0.1731074903764906
NOVEL_MT_189,2021,NOVEL,MT,1.4338064e-05,0.18633169894151036
NOVEL_MT_187,2021,NOVEL,MT,1.137661e-05,0.11586545160141154
NOVEL_MT_186,2021,NOVEL,MT,1.24434355e-05,0.14125000579395502
NOVEL_MT_185,2021,NOVEL,MT,1.2286968e-05,0.13752694355638967
NOVEL_MT_183,2021,NOVEL,MT,9.833094e-06,0.07913829655210136
NOVEL_MT_182,2021,NOVEL,MT,1.1174137e-05,0.11104771257940016
NOVEL_MT_181,2021,NOVEL,MT,1.2818901e-05,0.15018401077619475
NOVEL_MT_180,2021,NOVEL,MT,1.26598125e-05,0.14639858321596072
NOVEL_MT_209,2021,NOVEL,MT,1.7126345e-05,0.25267738541838886
NOVEL_MT_208,2021,NOVEL,MT,1.0971658e-05,0.10622983079053028
NOVEL_MT_207,2021,NOVEL,MT,1.3651105e-05,0.1699858692218838
NOVEL_MT_205,2021,NOVEL,MT,1.434043e-05,0.18638799667269462
NOVEL_MT_202,2021,NOVEL,MT,1.202637e-05,0.13132615059309016
NOVEL_SA_67,2021,NOVEL,SA,1.5460384e-05,0.21303671570514732
NOVEL_SA_66,2021,NOVEL,SA,1.2417379e-05,0.1406300050193972
NOVEL_SA_65,2021,NOVEL,SA,1.4418361e-05,0.18824232401374447
NOVEL_SA_64,2021,NOVEL,SA,1.3120851e-05,0.1573687529279698
NOVEL_SA_63,2021,NOVEL,SA,1.35438395e-05,0.1674335428126067
NOVEL_SA_62,2021,NOVEL,SA,1.3384392e-05,0.1636395730353417
NOVEL_SA_61,2021,NOVEL,SA,1.3588383e-05,0.16849343207254242
NOVEL_SA_60,2021,NOVEL,SA,1.1155068e-05,0.11059397570875201
NOVEL_SA_59,2021,NOVEL,SA,1.4165875e-05,0.18223455184307685
NOVEL_SA_58,2021,NOVEL,SA,1.1156983e-05,0.11063954213107574
NOVEL_SA_57,2021,NOVEL,SA,1.1865896e-05,0.12750775578579115
NOVEL_MT_213,2021,NOVEL,MT,1.2487574e-05,0.14230025829094495
NOVEL_MT_210,2021,NOVEL,MT,1.4208427e-05,0.18324705440324351
NOVEL_SA_52,2021,NOVEL,SA,1.0305089e-05,0.09036917044488849
NOVEL_SA_51,2021,NOVEL,SA,9.385448e-06,0.06848679436540325
NOVEL_SA_50,2021,NOVEL,SA,1.2331845e-05,0.13859476827420786
NOVEL_SA_49,2021,NOVEL,SA,9.921118e-06,0.08123278154354976
NOVEL_SA_48,2021,NOVEL,SA,1.0093145e-05,0.08532607393680497
NOVEL_SA_46,2021,NOVEL,SA,1.2070492e-05,0.13237601048121939
NOVEL_SA_45,2021,NOVEL,SA,1.1093177e-05,0.10912131176930673
NOVEL_SA_44,2021,NOVEL,SA,1.3782296e-05,0.1731074903764906
NOVEL_SA_43,2021,NOVEL,SA,1.3217113e-05,0.15965925681607768
NOVEL_SA_42,2021,NOVEL,SA,1.171289e-05,0.12386705812831639
NOVEL_SA_41,2021,NOVEL,SA,1.0398229e-05,0.09258538797764665
NOVEL_SA_40,2021,NOVEL,SA,1.194289e-05,0.12933978770244542
NOVEL_SA_39,2021,NOVEL,SA,1.4557688e-05,0.19155753702841694
NOVEL_SA_69,2021,NOVEL,SA,9.867947e-06,0.07996760543839318
NOVEL_SA_33,2021,NOVEL,SA,1.395078e-05,0.1771164789398278
NOVEL_SA_31,2021,NOVEL,SA,1.1992527e-05,0.1305208741279717
NOVEL_SA_30,2021,NOVEL,SA,9.7221155e-06,0.0764976212519167
NOVEL_SA_29,2021,NOVEL,SA,1.0817095e-05,0.10255208513328634
NOVEL_SA_28,2021,NOVEL,SA,1.0455346e-05,0.09394445708671414
NOVEL_SA_27,2021,NOVEL,SA,1.2707942e-05,0.1475437994683001
NOVEL_SA_26,2021,NOVEL,SA,1.5738524e-05,0.21965491137361792
NOVEL_SA_25,2021,NOVEL,SA,1.2016878e-05,0.1311002934230135
NOVEL_SA_24,2021,NOVEL,SA,1.4338803e-05,0.18634928305957682
NOVEL_SA_22,2021,NOVEL,SA,1.2321877e-05,0.13835758493336037
NOVEL_SA_21,2021,NOVEL,SA,1.1449348e-05,0.1175962142264681
NOVEL_SA_20,2021,NOVEL,SA,1.35458695e-05,0.16748184559971746
NOVEL_SA_19,2021,NOVEL,SA,1.1346563e-05,0.11515049896874263
NOVEL_SA_56,2021,NOVEL,SA,1.2259988e-05,0.13688496858286792
NOVEL_SA_55,2021,NOVEL,SA,1.1762749e-05,0.12505342692760557
NOVEL_SA_53,2021,NOVEL,SA,1.0695041e-05,0.09964787410963094
NOVEL_SA_15,2021,NOVEL,SA,1.05126155e-05,0.0953071548534341
NOVEL_SA_14,2021,NOVEL,SA,9.863496e-06,0.0798616962238956
NOVEL_SA_13,2021,NOVEL,SA,1.0443069e-05,0.09365233229983772
NOVEL_SA_12,2021,NOVEL,SA,1.3247727e-05,0.16038770091687066
NOVEL_SA_11,2021,NOVEL,SA,1.3234216e-05,0.1600662137461052
NOVEL_SA_10,2021,NOVEL,SA,1.5487773e-05,0.21368842261952042
NOVEL_SA_9,2021,NOVEL,SA,1.5294847e-05,0.20909784946378818
NOVEL_SA_8,2021,NOVEL,SA,1.22814145e-05,0.13739480093165085
NOVEL_SA_7,2021,NOVEL,SA,8.449179e-06,0.04620876373218494
NOVEL_SA_4,2021,NOVEL,SA,1.3172392e-05,0.15859514403657932
NOVEL_SA_3,2021,NOVEL,SA,9.491445e-06,0.07100893748135526
NOVEL_SA_2,2021,NOVEL,SA,1.1414298e-05,0.11676221782832363
NOVEL_SA_1,2021,NOVEL,SA,1.5086501e-05,0.20414036548182518
NOVEL_SA_38,2021,NOVEL,SA,1.3279907e-05,0.16115340716772053
NOVEL_SA_37,2021,NOVEL,SA,1.3161441e-05,0.1583345707254215
NOVEL_SA_34,2021,NOVEL,SA,1.3867742e-05,0.1751406332077559
NOVEL_SA_0,2021,NOVEL,SA,1.1425178e-05,0.11702110173165636
NOVEL_SA_18,2021,NOVEL,SA,1.18653425e-05,0.12749458554309856
NOVEL_SA_17,2021,NOVEL,SA,1.0012509e-05,0.08340738253706817
NOVEL_SA_16,2021,NOVEL,SA,1.1820538e-05,0.1264284859248201
NOVEL_MT_230,2021,NOVEL,MT,1.2904505e-05,0.1522209131347328
NOVEL_MT_228,2021,NOVEL,MT,1.4783395e-05,0.19692811691532103
NOVEL_MT_227,2021,NOVEL,MT,1.2262688e-05,0.1369492136691729
NOVEL_MT_224,2021,NOVEL,MT,1.1572008e-05,0.12051484470282753
NOVEL_MT_221,2021,NOVEL,MT,1.3304993e-05,0.16175031540292317
NOVEL_MT_219,2021,NOVEL,MT,1.5879048e-05,0.22299860637655228
NOVEL_MT_218,2021,NOVEL,MT,1.4455577e-05,0.1891278592477913
NOVEL_MT_215,2021,NOVEL,MT,1.2090975e-05,0.1328633927415102
NOVEL_MT_214,2021,NOVEL,MT,1.211258e-05,0.13337747240433218
NOVEL_MT_254,2021,NOVEL,MT,1.0341622e-05,0.09123845405154782
NOVEL_MT_253,2021,NOVEL,MT,1.5888576e-05,0.22322532014777968
NOVEL_MT_252,2021,NOVEL,MT,1.2370858e-05,0.1395230621823622
NOVEL_MT_250,2021,NOVEL,MT,1.1606423e-05,0.12133373160845207
NOVEL_MT_247,2021,NOVEL,MT,1.5249696e-05,0.2080235050594338
NOVEL_MT_246,2021,NOVEL,MT,1.6048e-05,0.22701873075484902
NOVEL_MT_245,2021,NOVEL,MT,1.1486587e-05,0.11848229673347238
NOVEL_MT_243,2021,NOVEL,MT,1.3314982e-05,0.16198799842777523
NOVEL_MT_238,2021,NOVEL,MT,1.4129879e-05,0.18137804587024925
NOVEL_MT_236,2021,NOVEL,MT,1.41465025e-05,0.18177359334883852
NOVEL_MT_235,2021,NOVEL,MT,1.51424565e-05,0.20547179730654336
NOVEL_MT_234,2021,NOVEL,MT,1.2831744e-05,0.15048960323671884
NOVEL_MT_267,2021,NOVEL,MT,1.23276595e-05,0.13849517649319693
NOVEL_MT_266,2021,NOVEL,MT,1.2238797e-05,0.13638073983327936
NOVEL_MT_265,2021,NOVEL,MT,1.4529102e-05,0.1908773481257819
NOVEL_MT_264,2021,NOVEL,MT,1.4579445e-05,0.19207523345165312
NOVEL_MT_262,2021,NOVEL,MT,1.5114784e-05,0.20481334465810813
NOVEL_SUM_10,2021,NOVEL,SUM,1.3483039e-05,0.16598682674968568
NOVEL_SUM_8,2021,NOVEL,SUM,1.3088669e-05,0.15660299908816716
NOVEL_SUM_7,2021,NOVEL,SUM,1.2173528e-05,0.13482769815252355
NOVEL_SUM_6,2021,NOVEL,SUM,1.2612129e-05,0.14526397930009993
NOVEL_MT_261,2021,NOVEL,MT,1.5700161e-05,0.2187420838751296
NOVEL_MT_259,2021,NOVEL,MT,1.3738007e-05,0.17205365681080104
NOVEL_MT_258,2021,NOVEL,MT,1.0828531e-05,0.10282419876550258
NOVEL_MT_257,2021,NOVEL,MT,1.1830688e-05,0.12666999986037403
NOVEL_MT_256,2021,NOVEL,MT,1.4928654e-05,0.20038447876405324
NOVEL_MT_255,2021,NOVEL,MT,1.1745655e-05,0.12464668414786573
NOVEL_SUM_24,2021,NOVEL,SUM,1.3457091e-05,0.16536940767581831
NOVEL_SUM_23,2021,NOVEL,SUM,1.1661665e-05,0.12264818607425221
NOVEL_SUM_22,2021,NOVEL,SUM,1.08254135e-05,0.10275001948529672
NOVEL_SUM_21,2021,NOVEL,SUM,1.0840093e-05,0.10309931050174642
NOVEL_SUM_20,2021,NOVEL,SUM,1.1847488e-05,0.12706974706404955
NOVEL_SUM_19,2021,NOVEL,SUM,1.0491854e-05,0.09481314583146327
NOVEL_SUM_17,2021,NOVEL,SUM,1.3389716e-05,0.1637662548277446
NOVEL_SUM_16,2021,NOVEL,SUM,1.2338974e-05,0.13876439909652943
NOVEL_SUM_12,2021,NOVEL,SUM,1.1113487e-05,0.10960457758517878
NOVEL_SUM_11,2021,NOVEL,SUM,1.2856537e-05,0.15107953969033355
NOVEL_SUM_52,2021,NOVEL,SUM,1.4586496e-05,0.19224300830481483
NOVEL_SUM_49,2021,NOVEL,SUM,1.0065999e-05,0.0846801490801993
NOVEL_SUM_47,2021,NOVEL,SUM,1.21674575e-05,0.13468325378348117
NOVEL_SUM_46,2021,NOVEL,SUM,1.0307004e-05,0.09041473686721221
NOVEL_SUM_45,2021,NOVEL,SUM,1.0534071e-05,0.09581767724203288
NOVEL_SUM_44,2021,NOVEL,SUM,1.0378643e-05,0.09211934936269495
NOVEL_SUM_42,2021,NOVEL,SUM,9.685441e-06,0.07562497072684538
NOVEL_SUM_41,2021,NOVEL,SUM,1.16838955e-05,0.12317714918206818
NOVEL_SUM_39,2021,NOVEL,SUM,1.1382968e-05,0.11601673688242164
NOVEL_SUM_38,2021,NOVEL,SUM,1.1871647e-05,0.1276445978196208
NOVEL_SUM_3,2021,NOVEL,SUM,1.3423904e-05,0.16457974038722428
NOVEL_SUM_32,2021,NOVEL,SUM,1.2721573e-05,0.14786814197623466
NOVEL_SUM_31,2021,NOVEL,SUM,1.3228197e-05,0.15992299479259786
NOVEL_SUM_30,2021,NOVEL,SUM,1.468624e-05,0.19461636455977965
NOVEL_SUM_28,2021,NOVEL,SUM,1.4016618e-05,0.1786830596776604
NOVEL_SUM_26,2021,NOVEL,SUM,1.2690649e-05,0.1471323215877548
NOVEL_SUM_73,2021,NOVEL,SUM,1.2340881e-05,0.13880977516304188
NOVEL_SUM_72,2021,NOVEL,SUM,1.0489623e-05,0.09476006035459422
NOVEL_SUM_71,2021,NOVEL,SUM,9.272143e-06,0.06579076121585242
NOVEL_SUM_70,2021,NOVEL,SUM,1.3359539e-05,0.16304820891314248
NOVEL_SUM_69,2021,NOVEL,SUM,1.1592707e-05,0.1210073665700227
NOVEL_SUM_68,2021,NOVEL,SUM,1.1555112e-05,0.12011281322941669
NOVEL_SUM_67,2021,NOVEL,SUM,1.06767275e-05,0.09921211396590995
NOVEL_SUM_66,2021,NOVEL,SUM,1.36623585e-05,0.17025364036215535
NOVEL_SUM_64,2021,NOVEL,SUM,1.1647617e-05,0.12231392126965501
NOVEL_SUM_61,2021,NOVEL,SUM,1.15233315e-05,0.11935661287189231
NOVEL_SUM_15,2021,NOVEL,SUM,1.35458695e-05,0.16748184559971746
NOVEL_SUM_14,2021,NOVEL,SUM,1.4049218e-05,0.1794587596086022
NOVEL_SUM_13,2021,NOVEL,SUM,1.2590654e-05,0.14475299291921118
NOVEL_SUM_56,2021,NOVEL,SUM,1.2915746e-05,0.15248838684404925
NOVEL_SUM_54,2021,NOVEL,SUM,1.3226166e-05,0.15987466821101065
NOVEL_SUM_53,2021,NOVEL,SUM,1.1912338e-05,0.12861281885918985
NOVEL_MT_284,2021,NOVEL,MT,1.0571469e-05,0.09670754307078627
NOVEL_MT_283,2021,NOVEL,MT,1.4736453e-05,0.19581115660371767
NOVEL_MT_282,2021,NOVEL,MT,1.1157387e-05,0.1106491550995451
NOVEL_MT_277,2021,NOVEL,MT,1.33240255e-05,0.16220318377518234
NOVEL_MT_275,2021,NOVEL,MT,1.1272565e-05,0.1133897553034105
NOVEL_MT_274,2021,NOVEL,MT,1.2957531e-05,0.15348263904081005
NOVEL_MT_271,2021,NOVEL,MT,1.3912012e-05,0.17619401467839368
NOVEL_MT_270,2021,NOVEL,MT,1.83532e-05,0.28186975777346746
NOVEL_MT_269,2021,NOVEL,MT,1.3088306e-05,0.15659436169323054
NOVEL_MT_268,2021,NOVEL,MT,1.3112657e-05,0.15717378098827234
NOVEL_MT_295,2021,NOVEL,MT,1.2184249e-05,0.13508279873410722
NOVEL_MT_291,2021,NOVEL,MT,1.6320842e-05,0.23351086328730342
NOVEL_SUM_37,2021,NOVEL,SUM,1.0356239e-05,0.09158625791322192
NOVEL_SUM_36,2021,NOVEL,SUM,1.5769609e-05,0.22039456267279967
NOVEL_SUM_33,2021,NOVEL,SUM,1.5630305e-05,0.21707989693108454
NOVEL_SUM_77,2021,NOVEL,SUM,1.2304415e-05,0.13794208578630196
NOVEL_SUM_76,2021,NOVEL,SUM,1.0854183e-05,0.10343457467435285
NOVEL_SUM_75,2021,NOVEL,SUM,1.46399825e-05,0.1935156915672785
NOVEL_MT_290,2021,NOVEL,MT,1.4199839e-05,0.18304270743984086
NOVEL_MT_289,2021,NOVEL,MT,1.5388101e-05,0.21131677956685696
NOVEL_MT_287,2021,NOVEL,MT,1.642239e-05,0.23592714477771065
NOVEL_MT_286,2021,NOVEL,MT,1.5067595e-05,0.20369050711083175
NOVEL_MT_305,2021,NOVEL,MT,9.867947e-06,0.07996760543839318
NOVEL_MT_304,2021,NOVEL,MT,1.3740247e-05,0.17210695643795776
NOVEL_MT_303,2021,NOVEL,MT,1.2298408e-05,0.13779915236651152
NOVEL_MT_301,2021,NOVEL,MT,1.3897797e-05,0.1758557761962361
NOVEL_MT_300,2021,NOVEL,MT,1.2936158e-05,0.152974079696515
NOVEL_MT_298,2021,NOVEL,MT,1.295443e-05,0.1534088523694649
NOVEL_SUM_60,2021,NOVEL,SUM,1.1751033e-05,0.12477465084199468
NOVEL_SUM_59,2021,NOVEL,SUM,1.3491503e-05,0.16618822319801357
NOVEL_SUM_58,2021,NOVEL,SUM,1.0782787e-05,0.10173574423663756
NOVEL_QA_8,2021,NOVEL,QA,1.3749895e-05,0.17233652554635426
NOVEL_QA_7,2021,NOVEL,QA,1.2067373e-05,0.13230179550929894
NOVEL_QA_5,2021,NOVEL,QA,1.4289374e-05,0.1851731458851436
NOVEL_QA_4,2021,NOVEL,QA,1.1388388e-05,0.11614570294455978
NOVEL_QA_3,2021,NOVEL,QA,1.3138329e-05,0.15778463278665084
NOVEL_QA_2,2021,NOVEL,QA,1.1205329e-05,0.11178990988755771
NOVEL_QA_1,2021,NOVEL,QA,1.4347297e-05,0.186551393342197
NOVEL_QA_0,2021,NOVEL,QA,1.0908663e-05,0.10473089774912914
NOVEL_QA_30,2021,NOVEL,QA,1.433548e-05,0.18627021401446886
NOVEL_QA_27,2021,NOVEL,QA,1.3023028e-05,0.1550411058621871
NOVEL_QA_26,2021,NOVEL,QA,1.28624e-05,0.15121904670552105
NOVEL_QA_25,2021,NOVEL,QA,1.2898684e-05,0.15208240548755447
NOVEL_QA_24,2021,NOVEL,QA,1.5519798e-05,0.21445044072652686
NOVEL_QA_23,2021,NOVEL,QA,1.4338803e-05,0.18634928305957682
NOVEL_QA_22,2021,NOVEL,QA,1.1497579e-05,0.11874384561816298
NOVEL_QA_21,2021,NOVEL,QA,1.1950604e-05,0.1295233382934664
NOVEL_QA_18,2021,NOVEL,QA,1.31486195e-05,0.15802948984614024
NOVEL_QA_17,2021,NOVEL,QA,1.4155532e-05,0.1819884455735759
NOVEL_QA_16,2021,NOVEL,QA,1.18653425e-05,0.12749458554309856
NOVEL_QA_15,2021,NOVEL,QA,1.1820538e-05,0.1264284859248201
NOVEL_QA_14,2021,NOVEL,QA,1.0324417e-05,0.0908290700849266
NOVEL_QA_13,2021,NOVEL,QA,1.05126155e-05,0.0953071548534341
NOVEL_QA_12,2021,NOVEL,QA,1.2173528e-05,0.13482769815252355
NOVEL_QA_10,2021,NOVEL,QA,1.142082e-05,0.11691740540346485
NOVEL_QA_50,2021,NOVEL,QA,1.2933617e-05,0.15291361793195907
NOVEL_QA_48,2021,NOVEL,QA,1.3161441e-05,0.1583345707254215
NOVEL_QA_47,2021,NOVEL,QA,1.2792597e-05,0.14955812086872566
NOVEL_QA_46,2021,NOVEL,QA,1.149849e-05,0.11876552238617177
NOVEL_QA_45,2021,NOVEL,QA,1.1688008e-05,0.12327500396630131
NOVEL_QA_44,2021,NOVEL,QA,9.354005e-06,0.06773862464366698
NOVEL_QA_43,2021,NOVEL,QA,1.1188299e-05,0.11138468995430806
NOVEL_QA_40,2021,NOVEL,QA,1.1743458e-05,0.12459440768319457
NOVEL_QA_39,2021,NOVEL,QA,1.15058065e-05,0.1189396146728201
NOVEL_QA_37,2021,NOVEL,QA,1.1992527e-05,0.1305208741279717
NOVEL_QA_36,2021,NOVEL,QA,1.0455346e-05,0.09394445708671414
NOVEL_QA_35,2021,NOVEL,QA,1.2271733e-05,0.13716443470829465
NOVEL_QA_34,2021,NOVEL,QA,1.3009796e-05,0.1547262573503398
NOVEL_QA_33,2021,NOVEL,QA,1.4016618e-05,0.1786830596776604
NOVEL_QA_32,2021,NOVEL,QA,1.2707942e-05,0.1475437994683001
NOVEL_QA_69,2021,NOVEL,QA,1.1372747e-05,0.11577353353904263
NOVEL_QA_67,2021,NOVEL,QA,1.28612455e-05,0.15119157598250654
NOVEL_QA_66,2021,NOVEL,QA,1.5790374e-05,0.22088865497543786
NOVEL_QA_65,2021,NOVEL,QA,1.3203456e-05,0.15933429565175644
NOVEL_QA_64,2021,NOVEL,QA,1.3964024e-05,0.17743161298539195
NOVEL_QA_63,2021,NOVEL,QA,1.356297e-05,0.16788874304355395
NOVEL_QA_62,2021,NOVEL,QA,1.3782296e-05,0.1731074903764906
NOVEL_QA_61,2021,NOVEL,QA,1.1326022e-05,0.11466173662882007
NOVEL_QA_60,2021,NOVEL,QA,1.171289e-05,0.12386705812831639
NOVEL_QA_59,2021,NOVEL,QA,1.3925417e-05,0.17651297963465984
NOVEL_QA_58,2021,NOVEL,QA,1.48450345e-05,0.19839479654394943
NOVEL_QA_57,2021,NOVEL,QA,1.194289e-05,0.12933978770244542
NOVEL_QA_55,2021,NOVEL,QA,1.4557688e-05,0.19155753702841694
NOVEL_QA_54,2021,NOVEL,QA,1.1657739e-05,0.1225547689598695
NOVEL_QA_53,2021,NOVEL,QA,1.3452189e-05,0.16525276715246007
NOVEL_QA_52,2021,NOVEL,QA,1.3648958e-05,0.1699347824810331
NOVEL_DIA_71,2021,NOVEL,DIA,1.3869449e-05,0.17518125037898652
NOVEL_DIA_70,2021,NOVEL,DIA,1.1897102e-05,0.12825028621661838
NOVEL_QA_86,2021,NOVEL,QA,1.33578815e-05,0.16300876956849414
NOVEL_QA_84,2021,NOVEL,QA,1.3485957e-05,0.1660562590318479
NOVEL_QA_83,2021,NOVEL,QA,1.5099197e-05,0.20444246015431705
NOVEL_QA_81,2021,NOVEL,QA,1.3120851e-05,0.1573687529279698
NOVEL_QA_80,2021,NOVEL,QA,1.378286e-05,0.17312091046118544
NOVEL_QA_79,2021,NOVEL,QA,1.1313187e-05,0.11435633452410726
NOVEL_QA_77,2021,NOVEL,QA,1.1334678e-05,0.11486770161661863
NOVEL_QA_76,2021,NOVEL,QA,1.2158293e-05,0.13446518930442852
NOVEL_QA_75,2021,NOVEL,QA,1.3288406e-05,0.16135563642272283
NOVEL_QA_74,2021,NOVEL,QA,1.06116395e-05,0.0976633790853843
NOVEL_QA_72,2021,NOVEL,QA,1.2259988e-05,0.13688496858286792
NOVEL_QA_70,2021,NOVEL,QA,1.2110686e-05,0.13333240566601307
NOVEL_DIA_69,2021,NOVEL,DIA,1.2957865e-05,0.15349058639593072
NOVEL_DIA_68,2021,NOVEL,DIA,1.23585e-05,0.13922901004289662
NOVEL_DIA_67,2021,NOVEL,DIA,1.4556203e-05,0.19152220223094918
NOVEL_DIA_66,2021,NOVEL,DIA,1.33218155e-05,0.1621505979823179
NOVEL_DIA_65,2021,NOVEL,DIA,1.3920799e-05,0.17640309674260185
NOVEL_DIA_63,2021,NOVEL,DIA,1.3938958e-05,0.17683518063971754
NOVEL_DIA_6,2021,NOVEL,DIA,1.2350088e-05,0.1390288509073419
NOVEL_DIA_5,2021,NOVEL,DIA,1.5846008e-05,0.22221243687599046
NOVEL_DIA_4,2021,NOVEL,DIA,1.3375804e-05,0.163435226071939
NOVEL_DIA_3,2021,NOVEL,DIA,1.5009553e-05,0.20230942811108565
NOVEL_DIA_2,2021,NOVEL,DIA,1.3180797e-05,0.15879513661079908
NOVEL_DIA_39,2021,NOVEL,DIA,1.565489e-05,0.21766488413360618
NOVEL_DIA_37,2021,NOVEL,DIA,1.0990163e-05,0.10667014757648358
NOVEL_DIA_35,2021,NOVEL,DIA,9.8755445e-06,0.08014838397291255
NOVEL_DIA_34,2021,NOVEL,DIA,1.1299106e-05,0.11402128450178856
NOVEL_DIA_33,2021,NOVEL,DIA,1.0421082e-05,0.09312916314702738
NOVEL_DIA_8,2021,NOVEL,DIA,1.1895173e-05,0.12820438667162493
NOVEL_DIA_1,2021,NOVEL,DIA,1.4266974e-05,0.18464014961357628
NOVEL_DIA_22,2021,NOVEL,DIA,1.0346714e-05,0.09135961552542379
NOVEL_DIA_23,2021,NOVEL,DIA,1.5749109e-05,0.2199067759064099
NOVEL_DIA_24,2021,NOVEL,DIA,1.223399e-05,0.13626635978518004
NOVEL_DIA_25,2021,NOVEL,DIA,1.41135015e-05,0.18098835183285666
NOVEL_DIA_26,2021,NOVEL,DIA,1.08254135e-05,0.10275001948529672
NOVEL_DIA_28,2021,NOVEL,DIA,1.3856519e-05,0.17487358779901485
NOVEL_DIA_29,2021,NOVEL,DIA,1.1752119e-05,0.12480049164337514
NOVEL_DIA_30,2021,NOVEL,DIA,1.2686002e-05,0.14702174865588097
NOVEL_DIA_31,2021,NOVEL,DIA,1.2079117e-05,0.13258123784024928
NOVEL_DIA_0,2021,NOVEL,DIA,1.4421193e-05,0.18830970997093543
SKG_SUM_W3118800713,2022,SKG,SUM,2.5227488e-05,0.4454398414199036
SKG_SUM_W4213077304,2022,SKG,SUM,2.4012375e-05,0.4165268638068225
SKG_SA_W4281936363,2022,SKG,SA,2.6397889e-05,0.47328892040377407
SKG_SUM_W4281645619,2022,SKG,SUM,3.0994288e-05,0.5826578279768049
SKG_SUM_W4280504305,2022,SKG,SUM,7.846681e-06,0.03187263928456063
NOVEL_MT_244,2022,NOVEL,MT,1.4017259e-05,0.17869831193703878
NOVEL_MT_280,2022,NOVEL,MT,1.49066755e-05,0.1998615118642924
SKG_SA_W4210904809,2022,SKG,SA,2.8290704e-05,0.5183274622683611
SKG_SA_W4210592306,2022,SKG,SA,3.0942898e-05,0.5814350298341333
SKG_SA_W4385894687,2022,SKG,SA,7.4179547e-06,0.021671321453182735
SKG_SA_W4212926655,2022,SKG,SA,2.5741754e-05,0.4576765316249864
SKG_SUM_W4293872386,2022,SKG,SUM,2.8649602e-05,0.5268672522626905
SKG_SUM_W4291885054,2022,SKG,SUM,2.7093629e-05,0.48984368942075024
SKG_SUM_W3162720533,2022,SKG,SUM,2.6494408e-05,0.475585539472319
NOVEL_DIA_W4303696390,2022,NOVEL,DIA,2.7227774e-05,0.49303559945867
NOVEL_DIA_W1545565211,2022,NOVEL,DIA,2.7176957e-05,0.49182643555098077
SKG_SUM_W4220927247,2022,SKG,SUM,8.068251e-06,0.037144781422559614
SKG_SUM_W4210897413,2022,SKG,SUM,2.579326e-05,0.45890208992692155
SKG_SUM_W4225383465,2022,SKG,SUM,2.6511694e-05,0.4759968507915295
SKG_SUM_W4297014776,2022,SKG,SUM,2.824552e-05,0.5172523326462852
SKG_SUM_W4296698991,2022,SKG,SUM,2.8151937e-05,0.5150255741604779
SKG_SUM_W4306850861,2022,SKG,SUM,2.8076385e-05,0.5132278538788058
SKG_SA_W3188542058,2022,SKG,SA,7.0878427e-06,0.013816479256770181
SKG_SA_W4206271254,2022,SKG,SA,2.8231922e-05,0.5169287753560723
NOVEL_QA_W4309674289,2022,NOVEL,QA,2.1843163e-05,0.36491160004614603
NOVEL_SUM_W4309674289,2022,NOVEL,SUM,2.1843163e-05,0.36491160004614603
BLOG_DIA_W4309674289,2022,BLOG,DIA,2.1843163e-05,0.36491160004614603
BLOG_MT_W4309674289,2022,BLOG,MT,2.1843163e-05,0.36491160004614603
BLOG_QA_W4309674289,2022,BLOG,QA,2.1843163e-05,0.36491160004614603
SKG_SUM_W4291111820,2022,SKG,SUM,2.7056294e-05,0.4889553226440107
NOVEL_SUM_W4285744692,2022,NOVEL,SUM,8.308065e-06,0.042851029988169115
SKG_SUM_W4298110867,2022,SKG,SUM,2.4313962e-05,0.423702968563661
SKG_SA_W4288062238,2022,SKG,SA,2.7075834e-05,0.48942026671304745
SKG_SA_W4282972980,2022,SKG,SA,8.478132e-06,0.04689768520766216
SKG_SA_W4229369233,2022,SKG,SA,2.7031125e-05,0.4883564394672661
SKG_SA_W3201869313,2022,SKG,SA,7.6153906e-06,0.026369205318073075
SKG_QA_W4220751443,2022,SKG,QA,2.690662e-05,0.48539390818193157
SKG_QA_W4221113039,2022,SKG,QA,2.580197e-05,0.45910933981644614
BLOG_DIA_W4308995574,2022,BLOG,DIA,2.7302633e-05,0.4948168301681905
BLOG_QA_W4308995574,2022,BLOG,QA,2.7302633e-05,0.4948168301681905
BLOG_DIA_W4210916416,2022,BLOG,DIA,2.5082927e-05,0.44200008811570507
BLOG_MT_W4210916416,2022,BLOG,MT,2.5082927e-05,0.44200008811570507
SKG_SA_W4206134861,2022,SKG,SA,2.6276024e-05,0.47038920653615995
SKG_SA_W4287093414,2022,SKG,SA,2.794768e-05,0.5101653857925523
SKG_SA_W3198571508,2022,SKG,SA,7.733441e-06,0.029178152775976407
SKG_SA_W4286669989,2022,SKG,SA,2.8407874e-05,0.5211154610692337
SKG_SA_W4283588903,2022,SKG,SA,8.285838e-06,0.04232215016102056
SKG_SUM_W4286383196,2022,SKG,SUM,2.5674433e-05,0.45607466367863886
SKG_QA_W4206738234,2022,SKG,QA,7.996163e-06,0.035429485207169126
SKG_SUM_W4206738234,2022,SKG,SUM,2.6496886e-05,0.47564450218486115
SKG_QA_W4206556168,2022,SKG,QA,8.752579e-06,0.053428007874753436
SKG_SA_W4296079469,2022,SKG,SA,2.4136354e-05,0.41947687919756577
SKG_SUM_W4296079469,2022,SKG,SUM,2.4136354e-05,0.41947687919756577
SKG_SA_W4283758677,2022,SKG,SA,8.2496235e-06,0.04146044509509755
SKG_SA_W4313310852,2022,SKG,SA,2.587318e-05,0.4608037444815494
SKG_SUM_W4313310852,2022,SKG,SUM,2.587318e-05,0.4608037444815494
BLOG_DIA_W3122241445,2022,BLOG,DIA,7.370442e-06,0.02054078163389264
BLOG_NLI_W3122241445,2022,BLOG,NLI,7.370442e-06,0.02054078163389264
BLOG_QA_W3122241445,2022,BLOG,QA,7.370442e-06,0.02054078163389264
BLOG_SA_W3122241445,2022,BLOG,SA,7.370442e-06,0.02054078163389264
BLOG_DIA_W4294292920,2022,BLOG,DIA,2.7515085e-05,0.4998720142702899
SKG_SA_W4211256381,2022,SKG,SA,3.265736e-05,0.6222297554477003
SKG_SA_W4293030664,2022,SKG,SA,2.7906186e-05,0.5091780577884266
SKG_SA_W4312474588,2022,SKG,SA,2.6798221e-05,0.48281461073364457
SKG_PAR_W3213472637,2022,SKG,PAR,8.45996e-06,0.04646529198235311
SKG_PAR_W4294133266,2022,SKG,PAR,2.751653e-05,0.4999063972887013
BLOG_DIA_W4213219820,2022,BLOG,DIA,8.53535e-06,0.04825915755884699
BLOG_DIA_W4280489028,2022,BLOG,DIA,8.347695e-06,0.04379400508826792
BLOG_DIA_W4283801824,2022,BLOG,DIA,2.544771e-05,0.45067990860370294
BLOG_NLI_W4283801824,2022,BLOG,NLI,2.544771e-05,0.45067990860370294
BLOG_DIA_W4304202992,2022,BLOG,DIA,7.8936955e-06,0.03299132469570362
SKG_QA_W4308821586,2022,SKG,QA,7.677424e-06,0.027845257590959044
SKG_QA_W4290769249,2022,SKG,QA,2.7654849e-05,0.5031976254711532
SKG_QA_W4283740148,2022,SKG,QA,2.5103534e-05,0.44249042089107066
SKG_QA_W4220728596,2022,SKG,QA,9.279389e-06,0.0659631759919139
SKG_QA_W4282006100,2022,SKG,QA,2.452986e-05,0.42884014843146673
SKG_QA_W4285004952,2022,SKG,QA,2.6403028e-05,0.47341120021804123
SKG_PAR_W4285106586,2022,SKG,PAR,8.074617e-06,0.03729625705938097
SKG_QA_W4283641177,2022,SKG,QA,2.716895e-05,0.4916359131783719
SKG_QA_W4220935272,2022,SKG,QA,7.946294e-06,0.03424287846311594
SKG_PAR_W3202031169,2022,SKG,PAR,8.362763e-06,0.04415254025880261
SKG_PAR_W4285158119,2022,SKG,PAR,8.6432365e-06,0.05082626033797427
SKG_SUM_W4298086991,2022,SKG,SUM,2.6232787e-05,0.46936040475965285
SKG_QA_W4224246016,2022,SKG,QA,2.638928e-05,0.4730840737563667
SKG_PAR_W4288436242,2022,SKG,PAR,2.9222083e-05,0.5404891379119383
BLOG_DIA_W4313294616,2022,BLOG,DIA,7.98819e-06,0.03523977184675814
BLOG_SA_W4313294616,2022,BLOG,SA,7.98819e-06,0.03523977184675814
BLOG_DIA_W4296692877,2022,BLOG,DIA,8.3991135e-06,0.0450174813735173
BLOG_DIA_W4285091711,2022,BLOG,DIA,2.7777596e-05,0.5061183260669602
SKG_QA_W2117226423,2022,SKG,QA,7.918743e-06,0.033587316843564474
SKG_QA_W4205941964,2022,SKG,QA,2.4536952e-05,0.42900889885816124
SKG_SA_W4205941964,2022,SKG,SA,2.4536952e-05,0.42900889885816124
SKG_SUM_W4205941964,2022,SKG,SUM,2.4536952e-05,0.42900889885816124
SKG_QA_W4292736944,2022,SKG,QA,7.865441e-06,0.032319023661998264
SKG_QA_W4206918024,2022,SKG,QA,2.4983736e-05,0.4396398902061945
SKG_QA_W4313310852,2022,SKG,QA,2.587318e-05,0.4608037444815494
SKG_PAR_W4385572754,2022,SKG,PAR,8.06772e-06,0.037132146555586304
SKG_PAR_W4385573325,2022,SKG,PAR,8.020487e-06,0.036008262051347883
SKG_PAR_W4226388780,2022,SKG,PAR,8.69417e-06,0.052038196302165135
SKG_PAR_W4312257891,2022,SKG,PAR,2.7990678e-05,0.5111885006891974
SKG_PAR_W4311798217,2022,SKG,PAR,8.774191e-06,0.053942254098910264
SKG_PAR_W4312634749,2022,SKG,PAR,8.280917e-06,0.04220505754261061
BLOG_DIA_W643335905,2022,BLOG,DIA,8.652556e-06,0.05104801296087036
BLOG_PAR_W643335905,2022,BLOG,PAR,8.652556e-06,0.05104801296087036
BLOG_DIA_W4206213217,2022,BLOG,DIA,2.7417125e-05,0.4975411073612392
BLOG_DIA_W4213292645,2022,BLOG,DIA,1.1544825e-05,0.11986803945059465
BLOG_DIA_W4205343758,2022,BLOG,DIA,8.252788e-06,0.04153574271569463
BLOG_DIA_W4307870433,2022,BLOG,DIA,8.5268475e-06,0.04805684502317728
SKG_PAR_W4385573236,2022,SKG,PAR,8.011429e-06,0.03579273168403285
SKG_PAR_W3200957830,2022,SKG,PAR,3.1778087e-05,0.6013079147919038
SKG_PAR_W4225580830,2022,SKG,PAR,8.097921e-06,0.03785076353762226
SKG_PAR_W4285251400,2022,SKG,PAR,8.53404e-06,0.04822798679475085
SKG_PAR_W3035620341,2022,SKG,PAR,2.664362e-05,0.4791359608862971
SKG_PAR_W4285248702,2022,SKG,PAR,3.5141453e-05,0.6813374477345999
BLOG_DIA_W4310388968,2022,BLOG,DIA,2.82264e-05,0.5167973822573404
BLOG_DIA_W4280565855,2022,BLOG,DIA,3.0413756e-05,0.5688443729979864
BLOG_DIA_W4313299691,2022,BLOG,DIA,8.598734e-06,0.049767346651571315
BLOG_DIA_W4313313935,2022,BLOG,DIA,2.635083e-05,0.47216917613843085
NOVEL_DIA_W4285091711,2022,NOVEL,DIA,2.7777596e-05,0.5061183260669602
SKG_QA_W4281564584,2022,SKG,QA,6.5954755e-06,0.0021008595316784617
SKG_QA_W4220831425,2022,SKG,QA,2.1773676e-05,0.363258193263896
SKG_QA_W4292865744,2022,SKG,QA,7.3666124e-06,0.020449658307035767
SKG_QA_W4225147016,2022,SKG,QA,2.6133159e-05,0.4669898086639515
SKG_QA_W4281296357,2022,SKG,QA,2.3244354e-05,0.3982522062405089
SKG_QA_W4285794683,2022,SKG,QA,7.2841285e-06,0.01848699709434226
SKG_QA_W4298086991,2022,SKG,QA,2.6232787e-05,0.46936040475965285
SKG_PAR_W4285059900,2022,SKG,PAR,1.2615378e-05,0.1453412875539536
SKG_PAR_W4285289306,2022,SKG,PAR,8.171152e-06,0.039593256839548535
SKG_PAR_W4210894209,2022,SKG,PAR,2.6748638e-05,0.4816348092098444
SKG_PAR_W4285248746,2022,SKG,PAR,2.8069237e-05,0.5130577709614323
SKG_PAR_W4225729224,2022,SKG,PAR,8.759794e-06,0.053599685022046206
BLOG_DIA_W4307940505,2022,BLOG,DIA,2.8306491e-05,0.518703105667434
BLOG_DIA_W4362653910,2022,BLOG,DIA,9.164636e-06,0.06323268844052249
BLOG_DIA_W4214878371,2022,BLOG,DIA,9.726733e-06,0.07660749224673641
BLOG_MT_W3185341429,2022,BLOG,MT,2.129654e-05,0.351904991967889
BLOG_NLI_W3185341429,2022,BLOG,NLI,2.129654e-05,0.351904991967889
BLOG_DIA_W4293760954,2022,BLOG,DIA,2.7772698e-05,0.5060017807215078
BLOG_SA_W4293760954,2022,BLOG,SA,2.7772698e-05,0.5060017807215078
SKG_PAR_W4293479414,2022,SKG,PAR,7.929836e-06,0.033851268970372356
SKG_PAR_W4288036466,2022,SKG,PAR,2.9813375e-05,0.5545586214569205
SKG_PAR_W4294833327,2022,SKG,PAR,8.326442e-06,0.04328830108114201
SKG_PAR_W4213306338,2022,SKG,PAR,2.9153975e-05,0.5388685437126566
SKG_PAR_W4385565879,2022,SKG,PAR,7.992152e-06,0.03533404556229161
SKG_PAR_W4312299829,2022,SKG,PAR,3.379744e-05,0.6493573621123656
SKG_PAR_W3152268000,2022,SKG,PAR,7.88469e-06,0.03277704353840008
SKG_PAR_W4210457441,2022,SKG,PAR,8.812791e-06,0.05486072088830757
SKG_PAR_W4385573003,2022,SKG,PAR,7.4861587e-06,0.023294199922199665
SKG_PAR_W4281566573,2022,SKG,PAR,8.222573e-06,0.04081679261098892
SKG_PAR_W3152884768,2022,SKG,PAR,8.086167e-06,0.03757108326190786
SKG_PAR_W4385572845,2022,SKG,PAR,8.201397e-06,0.04031292077854648
SKG_SA_W4385572845,2022,SKG,SA,8.201397e-06,0.04031292077854648
BLOG_SUM_W3185341429,2022,BLOG,SUM,2.129654e-05,0.351904991967889
BLOG_MT_W2004481065,2022,BLOG,MT,2.4922247e-05,0.4381767916462657
NOVEL_MT_W2004481065,2022,NOVEL,MT,2.4922247e-05,0.4381767916462657
BLOG_MT_W4311263986,2022,BLOG,MT,2.5753197e-05,0.4579488118185376
BLOG_SUM_W4311263986,2022,BLOG,SUM,2.5753197e-05,0.4579488118185376
BLOG_PAR_W4313313935,2022,BLOG,PAR,2.635083e-05,0.47216917613843085
SKG_PAR_W4303456980,2022,SKG,PAR,2.9859753e-05,0.5556621616838289
SKG_PAR_W4284962095,2022,SKG,PAR,2.9444616e-05,0.5457841941307193
SKG_PAR_W4385574286,2022,SKG,PAR,7.902379e-06,0.033197944031603394
SKG_NLI_W4296027312,2022,SKG,NLI,7.72036e-06,0.028866897230066912
SKG_NLI_W4200628723,2022,SKG,NLI,2.7437733e-05,0.49803146393108105
BLOG_MT_W3212516020,2022,BLOG,MT,2.2697901e-05,0.38524964322324134
BLOG_SUM_W3212516020,2022,BLOG,SUM,2.2697901e-05,0.38524964322324134
NOVEL_MT_W3212516020,2022,NOVEL,MT,2.2697901e-05,0.38524964322324134
BLOG_DIA_W4306736955,2022,BLOG,DIA,3.4471017e-05,0.6653847741486834
BLOG_PAR_W3185341429,2022,BLOG,PAR,2.129654e-05,0.351904991967889
BLOG_QA_W3185341429,2022,BLOG,QA,2.129654e-05,0.351904991967889
BLOG_SA_W3185341429,2022,BLOG,SA,2.129654e-05,0.351904991967889
SKG_PAR_W4385572953,2022,SKG,PAR,7.792161e-06,0.030575364430727947
SKG_PAR_W3198599617,2022,SKG,PAR,9.589461e-06,0.07334117688108496
SKG_PAR_W3205717164,2022,SKG,PAR,7.988098e-06,0.03523758275492847
SKG_PAR_W3207553988,2022,SKG,PAR,7.417615e-06,0.021663238469546514
SKG_NLI_W4224291780,2022,SKG,NLI,8.439636e-06,0.04598169304381139
SKG_PAR_W3213990450,2022,SKG,PAR,2.5783153e-05,0.45866159915385324
SKG_PAR_W3123221944,2022,SKG,PAR,2.6834025e-05,0.48366654816700155
SKG_NLI_W3020975691,2022,SKG,NLI,2.55086e-05,0.45212875427226257
SKG_PAR_W3020975691,2022,SKG,PAR,2.55086e-05,0.45212875427226257
SKG_SA_W3020975691,2022,SKG,SA,2.55086e-05,0.45212875427226257
BLOG_DIA_W4285140393,2022,BLOG,DIA,2.6318057e-05,0.4713893597630702
BLOG_NLI_W4285140393,2022,BLOG,NLI,2.6318057e-05,0.4713893597630702
BLOG_PAR_W4285140393,2022,BLOG,PAR,2.6318057e-05,0.4713893597630702
BLOG_SA_W4285140393,2022,BLOG,SA,2.6318057e-05,0.4713893597630702
BLOG_DIA_W4283583423,2022,BLOG,DIA,2.833701e-05,0.5194292892929682
BLOG_DIA_W4287447353,2022,BLOG,DIA,8.601423e-06,0.04983132999863582
BLOG_DIA_W4226343892,2022,BLOG,DIA,2.9382652e-05,0.5443097931944962
BLOG_MT_W1509527650,2022,BLOG,MT,2.5532963e-05,0.45270845910102125
NOVEL_MT_W1509527650,2022,NOVEL,MT,2.5532963e-05,0.45270845910102125
SKG_PAR_W4221153690,2022,SKG,PAR,7.4904287e-06,0.02339580233646721
SKG_SA_W4221153690,2022,SKG,SA,7.4904287e-06,0.02339580233646721
SKG_PAR_W4385573087,2022,SKG,PAR,7.51852e-06,0.024064220111622542
SKG_PAR_W4281286553,2022,SKG,PAR,2.711591e-05,0.4903738541496249
SKG_NLI_W4285225959,2022,SKG,NLI,7.340545e-06,0.019829398172685087
SKG_NLI_W4221166835,2022,SKG,NLI,6.9401353e-06,0.010301859011997566
SKG_SA_W4221166835,2022,SKG,SA,6.9401353e-06,0.010301859011997566
SKG_NLI_W4290876361,2022,SKG,NLI,2.4364586e-05,0.42490754013740323
BLOG_MT_W4221143046,2022,BLOG,MT,2.1884363e-05,0.3658919324742074
BLOG_MT_W4206841239,2022,BLOG,MT,2.648635e-05,0.4753938035814133
BLOG_QA_W4206841239,2022,BLOG,QA,2.648635e-05,0.4753938035814133
BLOG_SUM_W4206841239,2022,BLOG,SUM,2.648635e-05,0.4753938035814133
BLOG_MT_W4220652963,2022,BLOG,MT,2.4620838e-05,0.43100492230622806
BLOG_DIA_W4286697722,2022,BLOG,DIA,2.7452626e-05,0.49838583506824413
BLOG_DIA_W4296405185,2022,BLOG,DIA,2.8409771e-05,0.5211605991909822
BLOG_DIA_W4206408372,2022,BLOG,DIA,2.785131e-05,0.5078723121009923
SKG_NLI_W4295854586,2022,SKG,NLI,2.6751086e-05,0.4816930580880942
SKG_PAR_W4213025374,2022,SKG,PAR,2.5923018e-05,0.46198961359683394
SKG_NLI_W4213199992,2022,SKG,NLI,2.6878972e-05,0.48473603849816843
SKG_NLI_W4229073893,2022,SKG,NLI,8.404986e-06,0.045157214436230664
SKG_SA_W3156470785,2022,SKG,SA,7.32792e-06,0.01952899290801824
SKG_NLI_W4285105424,2022,SKG,NLI,2.637675e-05,0.47278592896695876
SKG_MT_W3199093552,2022,SKG,MT,2.4183908e-05,0.42060840172873154
BLOG_SUM_W4283522546,2022,BLOG,SUM,7.729098e-06,0.029074813364931007
BLOG_MT_W4212801432,2022,BLOG,MT,2.5720947e-05,0.4571814399543391
BLOG_SUM_W4212801432,2022,BLOG,SUM,2.5720947e-05,0.4571814399543391
BLOG_MT_W4224213039,2022,BLOG,MT,7.725899e-06,0.02899869483489781
BLOG_SUM_W4224213039,2022,BLOG,SUM,7.725899e-06,0.02899869483489781
BLOG_MT_W4224251997,2022,BLOG,MT,7.998718e-06,0.035490280094394755
BLOG_SUM_W4224251997,2022,BLOG,SUM,2.6516298e-05,0.47610640056091774
BLOG_DIA_W4285797856,2022,BLOG,DIA,8.802066e-06,0.054605525128818305
BLOG_SA_W4285797856,2022,BLOG,SA,8.802066e-06,0.054605525128818305
SKG_NLI_W4286001073,2022,SKG,NLI,2.6699961e-05,0.480476565481671
SKG_NLI_W3203321135,2022,SKG,NLI,2.5398856e-05,0.4495174532532052
SKG_PAR_W3203321135,2022,SKG,PAR,2.5398856e-05,0.4495174532532052
SKG_NLI_W4307233260,2022,SKG,NLI,2.8432727e-05,0.521706825191433
SKG_MT_W4309305948,2022,SKG,MT,2.5984105e-05,0.46344314677724624
SKG_MT_W4220863497,2022,SKG,MT,7.76827e-06,0.030006890594834384
SKG_SUM_W4220863497,2022,SKG,SUM,2.5729434e-05,0.4573833836756244
BLOG_MT_W4294992918,2022,BLOG,MT,2.7386339e-05,0.4968085706105037
BLOG_SUM_W4294992918,2022,BLOG,SUM,2.7386339e-05,0.4968085706105037
NOVEL_MT_W4294992918,2022,NOVEL,MT,8.296766e-06,0.04258217619922092
BLOG_MT_W3001446396,2022,BLOG,MT,2.7991584e-05,0.5112100584848243
BLOG_MT_W4206608028,2022,BLOG,MT,2.644178e-05,0.4743332837678527
BLOG_MT_W4210962045,2022,BLOG,MT,2.7203847e-05,0.49246626902162566
BLOG_SUM_W4210962045,2022,BLOG,SUM,2.7203847e-05,0.49246626902162566
BLOG_SUM_W4220652963,2022,BLOG,SUM,2.4620838e-05,0.43100492230622806
BLOG_MT_W4283522546,2022,BLOG,MT,7.729098e-06,0.029074813364931007
BLOG_QA_W4283522546,2022,BLOG,QA,7.729098e-06,0.029074813364931007
SKG_NLI_W4309811444,2022,SKG,NLI,2.4400722e-05,0.4257673773369281
SKG_NLI_W4309306035,2022,SKG,NLI,2.6163283e-05,0.467706593471304
SKG_NLI_W3156470785,2022,SKG,NLI,7.32792e-06,0.01952899290801824
BLOG_QA_W4295951577,2022,BLOG,QA,2.4897588e-05,0.4375900436524898
SKG_MT_W4283816760,2022,SKG,MT,2.65074e-05,0.4758946773098281
SKG_MT_W4281763794,2022,SKG,MT,2.4577885e-05,0.42998287816102126
SKG_SUM_W4281763794,2022,SKG,SUM,2.4577885e-05,0.42998287816102126
SKG_MT_W3162090017,2022,SKG,MT,6.7867295e-06,0.00665164832285442
SKG_NLI_W3162090017,2022,SKG,NLI,6.7867295e-06,0.00665164832285442
SKG_SUM_W3162090017,2022,SKG,SUM,2.2431457e-05,0.37890974775085334
SKG_MT_W4307135222,2022,SKG,MT,7.4556715e-06,0.022568772961015393
SKG_NLI_W4307135222,2022,SKG,NLI,7.4556715e-06,0.022568772961015393
SKG_SA_W4307135222,2022,SKG,SA,7.4556715e-06,0.022568772961015393
SKG_MT_W3158304688,2022,SKG,MT,2.3844996e-05,0.4125441681399175
SKG_MT_W3139434170,2022,SKG,MT,2.3786151e-05,0.4111439821756148
SKG_MT_W4221166942,2022,SKG,MT,7.278408e-06,0.01835088079204311
SKG_NLI_W4221166942,2022,SKG,NLI,7.278408e-06,0.01835088079204311
SKG_QA_W4221166942,2022,SKG,QA,7.278408e-06,0.01835088079204311
SKG_MT_W4210747461,2022,SKG,MT,2.5487323e-05,0.45162247919770276
BLOG_MT_W4283723802,2022,BLOG,MT,2.6276426e-05,0.4703987719156764
BLOG_QA_W4283723802,2022,BLOG,QA,7.928113e-06,0.03381027108751922
BLOG_SUM_W4283723802,2022,BLOG,SUM,2.6276426e-05,0.4703987719156764
BLOG_NLI_W4224300633,2022,BLOG,NLI,7.16694e-06,0.015698558095656096
BLOG_QA_W4224300633,2022,BLOG,QA,7.16694e-06,0.015698558095656096
BLOG_SUM_W4224300633,2022,BLOG,SUM,7.16694e-06,0.015698558095656096
BLOG_NLI_W3137147200,2022,BLOG,NLI,2.384254e-05,0.4124857289058564
BLOG_QA_W3137147200,2022,BLOG,QA,2.384254e-05,0.4124857289058564
BLOG_SUM_W3137147200,2022,BLOG,SUM,2.384254e-05,0.4124857289058564
BLOG_MT_W4284693043,2022,BLOG,MT,3.0837436e-05,0.5789256167630603
BLOG_MT_W4210853074,2022,BLOG,MT,2.6904077e-05,0.4853333988284228
BLOG_SUM_W4210853074,2022,BLOG,SUM,2.6904077e-05,0.4853333988284228
BLOG_MT_W4223899585,2022,BLOG,MT,2.4115852e-05,0.41898904484222316
BLOG_SUM_W4223899585,2022,BLOG,SUM,2.4115852e-05,0.41898904484222316
BLOG_MT_W4295951577,2022,BLOG,MT,2.4897588e-05,0.4375900436524898
BLOG_NLI_W4295951577,2022,BLOG,NLI,2.4897588e-05,0.4375900436524898
SKG_NLI_W4308834893,2022,SKG,NLI,2.2282598e-05,0.37536772578704775
BLOG_NLI_W3176828726,2022,BLOG,NLI,7.189723e-06,0.01624066765168819
BLOG_PAR_W3176828726,2022,BLOG,PAR,7.189723e-06,0.01624066765168819
BLOG_QA_W3176828726,2022,BLOG,QA,7.189723e-06,0.01624066765168819
BLOG_SA_W3176828726,2022,BLOG,SA,7.189723e-06,0.01624066765168819
BLOG_NLI_W3185585276,2022,BLOG,NLI,2.4929306e-05,0.4383447568552386
BLOG_NLI_W3104128335,2022,BLOG,NLI,2.5320402e-05,0.44765068140099334
BLOG_NLI_W4210305137,2022,BLOG,NLI,7.96473e-06,0.034681553430196965
BLOG_MT_W4206368060,2022,BLOG,MT,2.6789228e-05,0.48260062700729617
BLOG_MT_W4285391272,2022,BLOG,MT,2.8040398e-05,0.5123715620562659
BLOG_MT_W4311674730,2022,BLOG,MT,2.7355256e-05,0.49606896690027485
BLOG_MT_W4224942887,2022,BLOG,MT,2.6625788e-05,0.47871165778296715
BLOG_NLI_W4206582439,2022,BLOG,NLI,2.6623251e-05,0.47865129119631694
BLOG_MT_W4289920177,2022,BLOG,MT,2.6331738e-05,0.47171489199482536
NOVEL_MT_W4289920177,2022,NOVEL,MT,2.6331738e-05,0.47171489199482536
BLOG_MT_W4304084065,2022,BLOG,MT,2.5497291e-05,0.4518596625385503
BLOG_NLI_W4286500588,2022,BLOG,NLI,7.654759e-06,0.027305955783143265
BLOG_NLI_W4283799942,2022,BLOG,NLI,8.100439e-06,0.03791067802922077
NOVEL_MT_W4283799942,2022,NOVEL,MT,8.100439e-06,0.03791067802922077
BLOG_NLI_W4291972732,2022,BLOG,NLI,2.5666695e-05,0.45589054202018403
BLOG_NLI_W4285065952,2022,BLOG,NLI,2.6789356e-05,0.48260367270027654
BLOG_NLI_W3138815606,2022,BLOG,NLI,2.5159086e-05,0.4438122516445577
BLOG_SA_W3138815606,2022,BLOG,SA,2.5159086e-05,0.4438122516445577
BLOG_MT_W4221041782,2022,BLOG,MT,2.8753475e-05,0.5293388559107493
SKG_SUM_W4221166942,2022,SKG,SUM,2.3798266e-05,0.411432252257313
SKG_MT_W4385573131,2022,SKG,MT,7.3078063e-06,0.019050397947865366
SKG_NLI_W4385573131,2022,SKG,NLI,7.3078063e-06,0.019050397947865366
SKG_QA_W4385573131,2022,SKG,QA,7.3078063e-06,0.019050397947865366
SKG_MT_W4221049439,2022,SKG,MT,7.85993e-06,0.03218789230250685
SKG_NLI_W4221049439,2022,SKG,NLI,2.603833e-05,0.4647334022605381
SKG_SUM_W4221049439,2022,SKG,SUM,2.603833e-05,0.4647334022605381
SKG_MT_W4287854497,2022,SKG,MT,2.6582555e-05,0.4776829511843658
BLOG_NLI_W4285787895,2022,BLOG,NLI,2.4684012e-05,0.4325081145589064
BLOG_SA_W4285787895,2022,BLOG,SA,2.4684012e-05,0.4325081145589064
BLOG_NLI_W4205589336,2022,BLOG,NLI,2.7955863e-05,0.5103600959930092
BLOG_NLI_W4226108798,2022,BLOG,NLI,7.968104e-06,0.0347618359936018
BLOG_SA_W4226108798,2022,BLOG,SA,7.968104e-06,0.0347618359936018
BLOG_NLI_W4307561542,2022,BLOG,NLI,2.513259e-05,0.443181793197618
BLOG_SA_W4307561542,2022,BLOG,SA,2.513259e-05,0.443181793197618
BLOG_NLI_W4220980752,2022,BLOG,NLI,2.731946e-05,0.4952172198227291
SKG_NLI_W4205773061,2022,SKG,NLI,3.4028093e-05,0.6548456294795899
SKG_NLI_W4229011615,2022,SKG,NLI,7.1531063e-06,0.015369392447353358
SKG_SA_W4229011615,2022,SKG,SA,7.1531063e-06,0.015369392447353358
SKG_SUM_W4229011615,2022,SKG,SUM,7.1531063e-06,0.015369392447353358
SKG_MT_W4307116049,2022,SKG,MT,3.0677173e-05,0.5751122425902835
SKG_MT_W3195968524,2022,SKG,MT,2.4838726e-05,0.4361894531820882
BLOG_NLI_W4313451803,2022,BLOG,NLI,7.4888217e-06,0.023357564612877524
BLOG_QA_W4313451803,2022,BLOG,QA,7.4888217e-06,0.023357564612877524
SKG_MT_W4285294723,2022,SKG,MT,6.5071836e-06,0.0
BLOG_NLI_W4281784047,2022,BLOG,NLI,8.104736e-06,0.038012922894351375
BLOG_NLI_W4312910656,2022,BLOG,NLI,2.6510457e-05,0.47596741702421125
BLOG_NLI_W4210361514,2022,BLOG,NLI,2.5843685e-05,0.4601019263998583
BLOG_NLI_W4293762926,2022,BLOG,NLI,2.588024e-05,0.4609717334849987
BLOG_NLI_W4224282610,2022,BLOG,NLI,2.6934216e-05,0.48605054055292146
BLOG_NLI_W4206027059,2022,BLOG,NLI,8.735143e-06,0.05301312738408162
BLOG_NLI_W4297094728,2022,BLOG,NLI,2.6626578e-05,0.4787304554193305
BLOG_SA_W4297094728,2022,BLOG,SA,2.6626578e-05,0.4787304554193305
BLOG_NLI_W4302426080,2022,BLOG,NLI,8.046037e-06,0.0366162109236044
BLOG_NLI_W4205636865,2022,BLOG,NLI,2.8146622e-05,0.5148991065183626
SKG_NLI_W3195968524,2022,SKG,NLI,2.4838726e-05,0.4361894531820882
SKG_MT_W4226225860,2022,SKG,MT,2.5911822e-05,0.46172321063895577
SKG_QA_W4226225860,2022,SKG,QA,2.5911822e-05,0.46172321063895577
SKG_MT_W4225278475,2022,SKG,MT,7.4821114e-06,0.023197896537828472
SKG_MT_W4225597912,2022,SKG,MT,7.3476745e-06,0.019999040892244885
BLOG_NLI_W4285306189,2022,BLOG,NLI,2.7265112e-05,0.4939240376188388
BLOG_NLI_W4205563072,2022,BLOG,NLI,7.967907e-06,0.034757148481749156
BLOG_NLI_W4306179830,2022,BLOG,NLI,2.6486274e-05,0.4753919952012062
BLOG_NLI_W3134255974,2022,BLOG,NLI,2.6085152e-05,0.4658475072349723
BLOG_PAR_W3134255974,2022,BLOG,PAR,2.6085152e-05,0.4658475072349723
BLOG_SA_W3134255974,2022,BLOG,SA,2.6085152e-05,0.4658475072349723
BLOG_NLI_W4285389795,2022,BLOG,NLI,2.9395882e-05,0.5446245941173906
BLOG_NLI_W4224839097,2022,BLOG,NLI,2.7979999e-05,0.510934399475623
SKG_MT_W4206693420,2022,SKG,MT,2.4299985e-05,0.4233703931668888
SKG_NLI_W4206693420,2022,SKG,NLI,2.4299985e-05,0.4233703931668888
SKG_SUM_W4206693420,2022,SKG,SUM,2.4299985e-05,0.4233703931668888
SKG_MT_W4294733719,2022,SKG,MT,8.134982e-06,0.038732610627825736
SKG_MT_W4308463927,2022,SKG,MT,7.5798785e-06,0.025524213492379932
SKG_QA_W4308463927,2022,SKG,QA,2.4963729e-05,0.4391638341166744
SKG_MT_W4225264859,2022,SKG,MT,2.4325978e-05,0.42398888299219467
SKG_SUM_W3045710579,2022,SKG,SUM,7.5698526e-06,0.025285652451348367
SKG_SUM_W4295122555,2022,SKG,SUM,2.3930103e-05,0.4145692446436802
SKG_MT_W4308834828,2022,SKG,MT,2.533881e-05,0.44808869012273483
SKG_QA_W4308834828,2022,SKG,QA,2.533881e-05,0.44808869012273483
SKG_MT_W4205129187,2022,SKG,MT,2.4746141e-05,0.43398644158373717
BLOG_NLI_W4312039421,2022,BLOG,NLI,2.7105412e-05,0.49012405973628054
BLOG_NLI_W4206166171,2022,BLOG,NLI,2.8213271e-05,0.5164849845765631
BLOG_NLI_W4283822762,2022,BLOG,NLI,2.7143413e-05,0.49102827363430873
BLOG_PAR_W4283066533,2022,BLOG,PAR,3.0178258e-05,0.5632408213925593
BLOG_NLI_W4206968775,2022,BLOG,NLI,2.8991699e-05,0.535007271258868
BLOG_NLI_W3191514888,2022,BLOG,NLI,2.7152346e-05,0.49124082969207256
BLOG_NLI_W4205995027,2022,BLOG,NLI,8.072091e-06,0.037236152211971185
BLOG_NLI_W4221045317,2022,BLOG,NLI,8.025117e-06,0.036118430477122765
BLOG_QA_W4221045317,2022,BLOG,QA,2.655066e-05,0.4769240263592926
BLOG_SA_W4221045317,2022,BLOG,SA,8.025117e-06,0.036118430477122765
BLOG_PAR_W4225577560,2022,BLOG,PAR,8.128111e-06,0.038569118780417716
BLOG_PAR_W4295981380,2022,BLOG,PAR,2.776719e-05,0.5058707207454456
SKG_MT_W4210542665,2022,SKG,MT,2.571501e-05,0.4570401721478972
SKG_NLI_W4210542665,2022,SKG,NLI,2.571501e-05,0.4570401721478972
SKG_MT_W3045710579,2022,SKG,MT,7.5698526e-06,0.025285652451348367
BLOG_PAR_W2336292967,2022,BLOG,PAR,9.136703e-06,0.0625680373309827
BLOG_PAR_W3187467055,2022,BLOG,PAR,2.7334756e-05,0.49558118013388514
BLOG_PAR_W4308411482,2022,BLOG,PAR,2.9822815e-05,0.5547832413142237
BLOG_PAR_W4295308277,2022,BLOG,PAR,2.8108267e-05,0.5139864693756857
BLOG_PAR_W4291287154,2022,BLOG,PAR,4.449356e-05,0.903865937122944
BLOG_NLI_W4223417816,2022,BLOG,NLI,2.8539407e-05,0.5242452199347725
SKG_NLI_W4285294723,2022,SKG,NLI,6.5071836e-06,0.0
SKG_QA_W4285294723,2022,SKG,QA,6.5071836e-06,0.0
SKG_SA_W4285294723,2022,SKG,SA,6.5071836e-06,0.0
SKG_SUM_W4285294723,2022,SKG,SUM,6.5071836e-06,0.0
SKG_MT_W4295122555,2022,SKG,MT,2.3930103e-05,0.4145692446436802
SKG_NLI_W4295122555,2022,SKG,NLI,2.3930103e-05,0.4145692446436802
SKG_SA_W4295122555,2022,SKG,SA,2.3930103e-05,0.4145692446436802
SKG_DIA_W4214688262,2022,SKG,DIA,2.7576107e-05,0.5013240008097357
SKG_DIA_W4280521333,2022,SKG,DIA,3.1469426e-05,0.5939634879089464
SKG_DIA_W4282940054,2022,SKG,DIA,2.7463677e-05,0.49864878782704286
SKG_DIA_W4281660018,2022,SKG,DIA,2.6951868e-05,0.4864705606504976
SKG_DIA_W4206046353,2022,SKG,DIA,2.7516686e-05,0.4999101092270211
SKG_DIA_W4206929493,2022,SKG,DIA,8.247114e-06,0.041400732856548494
BLOG_PAR_W4285491921,2022,BLOG,PAR,9.14638e-06,0.06279829647919508
BLOG_PAR_W4213445714,2022,BLOG,PAR,8.718423e-06,0.05261528373851887
BLOG_PAR_W3197754201,2022,BLOG,PAR,7.761946e-06,0.029856414326022263
BLOG_PAR_W4291465497,2022,BLOG,PAR,9.477009e-06,0.07066544041991124
BLOG_PAR_W4296139711,2022,BLOG,PAR,8.433184e-06,0.04582817108201889
BLOG_PAR_W4308026781,2022,BLOG,PAR,9.3106355e-06,0.06670667009903578
BLOG_PAR_W4295269979,2022,BLOG,PAR,9.877154e-06,0.08018668118269323
SKG_MT_W2914057887,2022,SKG,MT,7.4839954e-06,0.023242725331383524
SKG_QA_W2914057887,2022,SKG,QA,7.4839954e-06,0.023242725331383524
SKG_MT_W4220773259,2022,SKG,MT,8.183521e-06,0.039887570718254634
BLOG_PAR_W4289792856,2022,BLOG,PAR,2.8573502e-05,0.5250564926079462
BLOG_PAR_W4223993006,2022,BLOG,PAR,2.9951789e-05,0.5578521101146312
BLOG_PAR_W4294868067,2022,BLOG,PAR,9.022003e-06,0.059838810886840954
BLOG_PAR_W3163073193,2022,BLOG,PAR,8.277506e-06,0.042123894583578625
BLOG_PAR_W4286628214,2022,BLOG,PAR,9.219653e-06,0.06454178914913059
BLOG_PAR_W4214903622,2022,BLOG,PAR,3.0207886e-05,0.5639458041396126
BLOG_PAR_W4226050343,2022,BLOG,PAR,3.184349e-05,0.6028641449324985
BLOG_PAR_W4308939312,2022,BLOG,PAR,2.7817494e-05,0.5070676780867367
BLOG_PAR_W4307460067,2022,BLOG,PAR,9.201304e-06,0.06410518430149711
BLOG_PAR_W4220657299,2022,BLOG,PAR,2.9864394e-05,0.5557725918488443
BLOG_PAR_W4285590436,2022,BLOG,PAR,9.476349e-06,0.07064973606548111
BLOG_PAR_W4224000772,2022,BLOG,PAR,2.9215089e-05,0.540322719343932
SKG_DIA_W4287891464,2022,SKG,DIA,7.5189346e-06,0.024074085301541842
SKG_PAR_W4287891464,2022,SKG,PAR,7.5189346e-06,0.024074085301541842
SKG_DIA_W4205475170,2022,SKG,DIA,2.7020144e-05,0.48809515232181605
SKG_DIA_W4220747294,2022,SKG,DIA,2.5912736e-05,0.46174495879039384
BLOG_QA_W4287824654,2022,BLOG,QA,2.2971783e-05,0.3917665220111613
NOVEL_QA_W4287824654,2022,NOVEL,QA,2.2971783e-05,0.3917665220111613
BLOG_PAR_W4226069095,2022,BLOG,PAR,2.7967542e-05,0.5106379916829931
SKG_MT_W4288039037,2022,SKG,MT,6.986846e-06,0.01141331566120743
SKG_NLI_W4288039037,2022,SKG,NLI,6.986846e-06,0.01141331566120743
SKG_QA_W4288039037,2022,SKG,QA,6.986846e-06,0.01141331566120743
SKG_MT_W4306871314,2022,SKG,MT,2.5183475e-05,0.4443925751297029
SKG_MT_W4308697725,2022,SKG,MT,8.381286e-06,0.0445932853453313
SKG_SUM_W4308697725,2022,SKG,SUM,8.381286e-06,0.0445932853453313
SKG_MT_W4307934708,2022,SKG,MT,2.5819078e-05,0.45951641571885576
SKG_QA_W4307934708,2022,SKG,QA,2.5819078e-05,0.45951641571885576
SKG_SUM_W4307934708,2022,SKG,SUM,2.5819078e-05,0.45951641571885576
SKG_MT_W4213212652,2022,SKG,MT,2.5236921e-05,0.44566429471587216
SKG_QA_W4213212652,2022,SKG,QA,2.5236921e-05,0.44566429471587216
SKG_DIA_W4297325261,2022,SKG,DIA,2.8475195e-05,0.5227173290155813
SKG_NLI_W4297325261,2022,SKG,NLI,2.8475195e-05,0.5227173290155813
SKG_MT_W3212386989,2022,SKG,MT,6.712167e-06,0.004877472675589217
SKG_NLI_W3212386989,2022,SKG,NLI,6.712167e-06,0.004877472675589217
SKG_SUM_W3212386989,2022,SKG,SUM,6.712167e-06,0.004877472675589217
NOVEL_QA_W4229005866,2022,NOVEL,QA,2.362084e-05,0.40721049348592414
BLOG_QA_W4223437809,2022,BLOG,QA,8.084194e-06,0.03752413675995239
BLOG_SUM_W4223437809,2022,BLOG,SUM,2.6801006e-05,0.4828808783504443
BLOG_QA_W4221106857,2022,BLOG,QA,7.789851e-06,0.03052039919022259
BLOG_SUM_W4221106857,2022,BLOG,SUM,7.789851e-06,0.03052039919022259
BLOG_PAR_W4310182109,2022,BLOG,PAR,3.180413e-05,0.60192759434103
BLOG_PAR_W4205999716,2022,BLOG,PAR,9.536175e-06,0.07207326441114129
BLOG_PAR_W4281262808,2022,BLOG,PAR,8.606642e-06,0.049955513371015725
BLOG_PAR_W1534269931,2022,BLOG,PAR,2.906897e-05,0.5368458942454877
BLOG_PAR_W4221145545,2022,BLOG,PAR,8.074979e-06,0.037304870659841116
BLOG_PAR_W4320003957,2022,BLOG,PAR,8.375988e-06,0.04446722220931504
BLOG_PAR_W4283208789,2022,BLOG,PAR,8.0242135e-06,0.036096932167687
BLOG_PAR_W4226427271,2022,BLOG,PAR,8.2078595e-06,0.04046669258234134
SKG_SA_W4284966012,2022,SKG,SA,7.9714555e-06,0.03484158318128741
SKG_DIA_W4212802598,2022,SKG,DIA,2.6870233e-05,0.4845280985688279
BLOG_PAR_W4283028809,2022,BLOG,PAR,9.278008e-06,0.06593031581999273
BLOG_PAR_W4307364527,2022,BLOG,PAR,8.6728705e-06,0.051531385851886186
BLOG_PAR_W4284977339,2022,BLOG,PAR,2.9216348e-05,0.5403526765897311
BLOG_PAR_W3206387060,2022,BLOG,PAR,2.9546753e-05,0.5482144905677315
BLOG_PAR_W4308877338,2022,BLOG,PAR,3.1720167e-05,0.5999297387182796
BLOG_PAR_W4297236149,2022,BLOG,PAR,8.874011e-06,0.056317418734082275
BLOG_PAR_W4297405114,2022,BLOG,PAR,9.281335e-06,0.0660094800430063
BLOG_PAR_W4318574708,2022,BLOG,PAR,4.8533744e-05,1.0000000000000002
BLOG_QA_W4229005866,2022,BLOG,QA,2.362084e-05,0.40721049348592414
SKG_MT_W4307468223,2022,SKG,MT,2.3580533e-05,0.4062514095252963
SKG_SUM_W4307468223,2022,SKG,SUM,2.3580533e-05,0.4062514095252963
SKG_MT_W3194620979,2022,SKG,MT,2.3664401e-05,0.4082470046727878
SKG_QA_W3194620979,2022,SKG,QA,2.3664401e-05,0.4082470046727878
SKG_SUM_W3194620979,2022,SKG,SUM,2.3664401e-05,0.4082470046727878
SKG_DIA_W4288391568,2022,SKG,DIA,2.6624593e-05,0.47868322338365815
SKG_NLI_W4288391568,2022,SKG,NLI,2.6624593e-05,0.47868322338365815
SKG_SA_W4288391568,2022,SKG,SA,2.6624593e-05,0.47868322338365815
SKG_DIA_W4228997948,2022,SKG,DIA,2.590441e-05,0.4615468459798105
BLOG_PAR_W4281493239,2022,BLOG,PAR,3.4625962e-05,0.6690716092959157
BLOG_QA_W4220831070,2022,BLOG,QA,2.5226887e-05,0.4454255409395816
BLOG_QA_W4210314283,2022,BLOG,QA,2.5911007e-05,0.46170381814068234
BLOG_QA_W4224213495,2022,BLOG,QA,2.6426074e-05,0.4739595677213689
BLOG_QA_W4229056760,2022,BLOG,QA,7.679006e-06,0.027882900452638526
BLOG_PAR_W4289344424,2022,BLOG,PAR,2.8050694e-05,0.5126165499853754
BLOG_PAR_W4229011217,2022,BLOG,PAR,9.336216e-06,0.06731534470282272
SKG_DIA_W4206528627,2022,SKG,DIA,2.801912e-05,0.5118652631872296
SKG_DIA_W4307127952,2022,SKG,DIA,8.244819e-06,0.041346124533189255
SKG_SA_W4307127952,2022,SKG,SA,8.244819e-06,0.041346124533189255
SKG_DIA_W4284966012,2022,SKG,DIA,7.9714555e-06,0.03484158318128741
SKG_NLI_W4284966012,2022,SKG,NLI,7.9714555e-06,0.03484158318128741
SKG_SUM_W3201174429,2022,SKG,SUM,2.5483043e-05,0.4515206388386713
SKG_PAR_W4385567149,2022,SKG,PAR,7.3329743e-06,0.019649257330133535
SKG_QA_W4385567149,2022,SKG,QA,7.3329743e-06,0.019649257330133535
SKG_SA_W4385567149,2022,SKG,SA,7.3329743e-06,0.019649257330133535
BLOG_QA_W4308019622,2022,BLOG,QA,8.209613e-06,0.04050841619672499
BLOG_QA_W4221079563,2022,BLOG,QA,2.6760043e-05,0.4819061852132919
BLOG_QA_W4225726077,2022,BLOG,QA,2.817993e-05,0.5156916529386022
BLOG_QA_W4220862305,2022,BLOG,QA,2.5195344e-05,0.4446749917702045
BLOG_QA_W4285082442,2022,BLOG,QA,2.812344e-05,0.5143475029662432
NOVEL_MT_W4285082442,2022,NOVEL,MT,2.812344e-05,0.5143475029662432
BLOG_QA_W4291000418,2022,BLOG,QA,2.8042776e-05,0.512428145321167
BLOG_QA_W4310021468,2022,BLOG,QA,2.6904952e-05,0.4853542189952809
BLOG_QA_W4225323055,2022,BLOG,QA,6.8588943e-06,0.008368771954033127
SKG_SA_W4212802598,2022,SKG,SA,2.6870233e-05,0.4845280985688279
SKG_DIA_W4224108448,2022,SKG,DIA,2.8340604e-05,0.519514806641183
SKG_DIA_W4221054016,2022,SKG,DIA,2.7966877e-05,0.5106221683561807
BLOG_SA_W4313178214,2022,BLOG,SA,2.5321007e-05,0.44766507705922093
BLOG_QA_W3209232797,2022,BLOG,QA,2.6648626e-05,0.47925507603520173
BLOG_QA_W4225751474,2022,BLOG,QA,7.8566845e-06,0.03211066732932061
BLOG_SA_W4225321042,2022,BLOG,SA,7.60853e-06,0.026205960933219724
BLOG_SA_W4223552619,2022,BLOG,SA,2.5442398e-05,0.450553512345017
BLOG_SA_W4283724611,2022,BLOG,SA,4.4257256e-05,0.898243207169531
BLOG_SA_W4224300552,2022,BLOG,SA,8.847512e-06,0.0556868889037134
BLOG_QA_W4210657012,2022,BLOG,QA,2.834266e-05,0.5195637280846805
BLOG_QA_W4281640569,2022,BLOG,QA,2.6931802e-05,0.48599310068686946
BLOG_QA_W4291172319,2022,BLOG,QA,2.6933754e-05,0.4860395475048203
SKG_DIA_W4221079197,2022,SKG,DIA,8.192845e-06,0.040109430416294556
SKG_MT_W4221079197,2022,SKG,MT,8.192845e-06,0.040109430416294556
SKG_QA_W4221079197,2022,SKG,QA,8.192845e-06,0.040109430416294556
SKG_SUM_W4221079197,2022,SKG,SUM,2.7157628e-05,0.49136651211646626
SKG_DIA_W3201174429,2022,SKG,DIA,7.695038e-06,0.028264373498431722
SKG_PAR_W3201174429,2022,SKG,PAR,7.695038e-06,0.028264373498431722
BLOG_SA_W4293060971,2022,BLOG,SA,7.9162355e-06,0.03352765219396825
BLOG_SA_W4224276240,2022,BLOG,SA,2.7162469e-05,0.49148170117676354
BLOG_SA_W4212997072,2022,BLOG,SA,9.049715e-06,0.060498203417094304
BLOG_SA_W4297519284,2022,BLOG,SA,2.693386e-05,0.4860420697193197
BLOG_SA_W4297008844,2022,BLOG,SA,2.8690638e-05,0.5278436823966208
BLOG_QA_W1495683013,2022,BLOG,QA,2.6025173e-05,0.4644203383344215
SKG_DIA_W4282978483,2022,SKG,DIA,2.698713e-05,0.48730960147764085
SKG_DIA_W4205955331,2022,SKG,DIA,8.619135e-06,0.05025277776479656
SKG_QA_W4205955331,2022,SKG,QA,8.619135e-06,0.05025277776479656
SKG_DIA_W4283170666,2022,SKG,DIA,2.5395564e-05,0.4494391218368658
SKG_MT_W4283170666,2022,SKG,MT,2.5395564e-05,0.4494391218368658
SKG_NLI_W4283170666,2022,SKG,NLI,2.5395564e-05,0.4494391218368658
SKG_QA_W4283170666,2022,SKG,QA,2.5395564e-05,0.4494391218368658
SKG_SA_W4283170666,2022,SKG,SA,2.5395564e-05,0.4494391218368658
NOVEL_QA_W1495683013,2022,NOVEL,QA,2.6025173e-05,0.4644203383344215
BLOG_QA_W4313178214,2022,BLOG,QA,2.5321007e-05,0.44766507705922093
SKG_NLI_W4292289324,2022,SKG,NLI,7.5750017e-06,0.025408172589827277
SKG_QA_W4292289324,2022,SKG,QA,2.5041916e-05,0.441024252843685
SKG_SA_W4292289324,2022,SKG,SA,7.5750017e-06,0.025408172589827277
SKG_SUM_W4292289324,2022,SKG,SUM,2.5041916e-05,0.441024252843685
SKG_DIA_W4285247752,2022,SKG,DIA,7.2767552e-06,0.018311553281433884
SKG_NLI_W4285247752,2022,SKG,NLI,7.2767552e-06,0.018311553281433884
SKG_QA_W4285247752,2022,SKG,QA,2.3839812e-05,0.41242081757421195
SKG_SA_W4285247752,2022,SKG,SA,7.2767552e-06,0.018311553281433884
SKG_DIA_W4385567149,2022,SKG,DIA,7.3329743e-06,0.019649257330133535
SKG_MT_W4385567149,2022,SKG,MT,7.3329743e-06,0.019649257330133535
SKG_NLI_W4385567149,2022,SKG,NLI,7.3329743e-06,0.019649257330133535
SKG_SA_W4213072767,2022,SKG,SA,2.464936e-05,0.4316835883623728
NOVEL_SA_W4283824584,2022,NOVEL,SA,2.7854128e-05,0.5079393649355135
NOVEL_SA_W4295048810,2022,NOVEL,SA,3.1053576e-05,0.5840685548941569
BLOG_SA_W4285048163,2022,BLOG,SA,9.189255e-06,0.06381848465524198
BLOG_SA_W4281560933,2022,BLOG,SA,2.8924425e-05,0.5334065216529116
BLOG_SUM_W4309673498,2022,BLOG,SUM,7.942674e-06,0.03415674245851441
BLOG_SUM_W4228997710,2022,BLOG,SUM,2.6205831e-05,0.46871900085356505
BLOG_SUM_W4283727492,2022,BLOG,SUM,2.5585561e-05,0.45396000097119543
BLOG_SA_W4223914794,2022,BLOG,SA,8.219382e-06,0.040740864436767
BLOG_SA_W4300484403,2022,BLOG,SA,2.7579448e-05,0.501403498155419
BLOG_SA_W4282959103,2022,BLOG,SA,2.8998198e-05,0.5351619115610518
BLOG_SA_W4309618925,2022,BLOG,SA,2.7321492e-05,0.49526557019879275
BLOG_SA_W4229070589,2022,BLOG,SA,3.001618e-05,0.5593842602450998
BLOG_SA_W4309662907,2022,BLOG,SA,2.9230892e-05,0.5406987434546273
BLOG_SA_W4210265212,2022,BLOG,SA,8.64782e-06,0.05093532232059611
BLOG_SA_W3140635136,2022,BLOG,SA,2.9230756e-05,0.5406955074058357
BLOG_SA_W4281690218,2022,BLOG,SA,7.79619e-06,0.03067123237618083
BLOG_SA_W4286593299,2022,BLOG,SA,2.5525753e-05,0.4525369009261106
NOVEL_SA_W4286593299,2022,NOVEL,SA,2.5525753e-05,0.4525369009261106
SKG_DIA_W4292289324,2022,SKG,DIA,7.5750017e-06,0.025408172589827277
SKG_MT_W4292289324,2022,SKG,MT,7.5750017e-06,0.025408172589827277
NOVEL_SA_W4380520708,2022,NOVEL,SA,3.570069e-05,0.6946441993382833
NOVEL_SA_W4213050051,2022,NOVEL,SA,2.7411188e-05,0.49739983955479733
NOVEL_SA_W4297256710,2022,NOVEL,SA,2.9153722e-05,0.538862523710125
NOVEL_SA_W4229024336,2022,NOVEL,SA,7.950994e-06,0.0343547125022394
BLOG_SA_W4281692210,2022,BLOG,SA,2.6549595e-05,0.47689868524191675
BLOG_SA_W4284697944,2022,BLOG,SA,8.644687e-06,0.05086077422600588
BLOG_SA_W4206305056,2022,BLOG,SA,3.063817e-05,0.5741841866268933
BLOG_SA_W4205203927,2022,BLOG,SA,2.8984345e-05,0.5348322866793545
BLOG_SA_W4287844092,2022,BLOG,SA,8.408995e-06,0.04525260649215537
BLOG_SA_W4311430511,2022,BLOG,SA,7.969593e-06,0.03479726596897517
BLOG_SA_W4225105833,2022,BLOG,SA,8.7719145e-06,0.053888085973364586
BLOG_SUM_W4283271244,2022,BLOG,SUM,7.062722e-06,0.013218745353236194
BLOG_SUM_W4210598935,2022,BLOG,SUM,2.2698074e-05,0.3852537596676601
BLOG_SUM_W4283695295,2022,BLOG,SUM,2.4298455e-05,0.42333398761798274
BLOG_SUM_W4205454439,2022,BLOG,SUM,8.351326e-06,0.04388040283210995
BLOG_SUM_W4210860941,2022,BLOG,SUM,2.5874806e-05,0.46084243430019084
NOVEL_SA_W4285494161,2022,NOVEL,SA,2.8493938e-05,0.5231633088869201
NOVEL_SA_W4289704658,2022,NOVEL,SA,2.6500295e-05,0.4757256175549404
NOVEL_SA_W4224234154,2022,NOVEL,SA,2.6666576e-05,0.47968218688674796
SKG_DIA_W4224234154,2022,SKG,DIA,2.6666576e-05,0.47968218688674796
SKG_SA_W4224234154,2022,SKG,SA,2.6666576e-05,0.47968218688674796
NOVEL_SA_W4226442993,2022,NOVEL,SA,2.8476798e-05,0.5227554715612655
NOVEL_SA_W3140416091,2022,NOVEL,SA,2.509226e-05,0.4422221619640327
NOVEL_SA_W4213072767,2022,NOVEL,SA,2.464936e-05,0.4316835883623728
SKG_MT_W4312597583,2022,SKG,MT,2.3485512e-05,0.4039904345824123
BLOG_SUM_W4393818646,2022,BLOG,SUM,2.7070464e-05,0.4892924903747298
BLOG_SA_W4220831343,2022,BLOG,SA,2.920782e-05,0.540149757294913
BLOG_SA_W4206965408,2022,BLOG,SA,7.820668e-06,0.03125367356972664
BLOG_SA_W2950398529,2022,BLOG,SA,2.7900918e-05,0.5090527084867027
NOVEL_SA_W4285250231,2022,NOVEL,SA,2.5427307e-05,0.45019442990152486
NOVEL_SA_W4283168218,2022,NOVEL,SA,2.4671632e-05,0.4322135389409599
SKG_SA_W4283168218,2022,SKG,SA,2.4671632e-05,0.4322135389409599
SKG_QA_W3137125108,2022,SKG,QA,2.4602132e-05,0.43055982283051647
SKG_SUM_W3137125108,2022,SKG,SUM,2.4602132e-05,0.43055982283051647
NOVEL_SA_W4290932423,2022,NOVEL,SA,2.7648497e-05,0.5030464829570016
NOVEL_SA_W4312597583,2022,NOVEL,SA,2.3485512e-05,0.4039904345824123
SKG_NLI_W4206484811,2022,SKG,NLI,2.3601207e-05,0.4067433365305813
SKG_PAR_W4206484811,2022,SKG,PAR,2.3601207e-05,0.4067433365305813
SKG_QA_W4206484811,2022,SKG,QA,2.3601207e-05,0.4067433365305813
NOVEL_SA_W4281553262,2022,NOVEL,SA,2.8015938e-05,0.5117895491632953
NOVEL_SA_W4295795036,2022,NOVEL,SA,3.9896815e-05,0.7944887966610754
NOVEL_SA_W4312908198,2022,NOVEL,SA,2.487644e-05,0.4370868380653869
SKG_SA_W4312908198,2022,SKG,SA,2.487644e-05,0.4370868380653869
NOVEL_SA_W4220866631,2022,NOVEL,SA,7.77368e-06,0.03013561871220849
NOVEL_SA_W4295749386,2022,NOVEL,SA,2.7137925e-05,0.49089768954777474
NOVEL_SA_W4293105742,2022,NOVEL,SA,2.612125e-05,0.4667064402443936
NOVEL_SA_W4206670862,2022,NOVEL,SA,8.023631e-06,0.03608307188517859
NOVEL_SA_W3159301005,2022,NOVEL,SA,2.6529753e-05,0.47642655524100425
NOVEL_MT_W4283757722,2022,NOVEL,MT,2.859801e-05,0.5256396476357843
NOVEL_MT_W4207043059,2022,NOVEL,MT,2.8428849e-05,0.5216145502119178
NOVEL_MT_W4292731246,2022,NOVEL,MT,8.496506e-06,0.04733488491720583
NOVEL_SA_W4220825176,2022,NOVEL,SA,2.602197e-05,0.4643441246264827
SKG_DIA_W4206484811,2022,SKG,DIA,2.3601207e-05,0.4067433365305813
SKG_MT_W4206484811,2022,SKG,MT,2.3601207e-05,0.4067433365305813
NOVEL_DIA_W4285585446,2022,NOVEL,DIA,2.3514376e-05,0.40467723834948915
SKG_SA_W4206484811,2022,SKG,SA,2.3601207e-05,0.4067433365305813
SKG_SUM_W4206484811,2022,SKG,SUM,2.3601207e-05,0.4067433365305813
NOVEL_SA_W4213436352,2022,NOVEL,SA,8.144841e-06,0.03896720037074458
SKG_DIA_W4213436352,2022,SKG,DIA,8.142503e-06,0.038911568884899744
SKG_QA_W4213436352,2022,SKG,QA,8.142503e-06,0.038911568884899744
NOVEL_MT_W4309782713,2022,NOVEL,MT,2.9043584e-05,0.5362418476673623
SKG_NLI_W4309782713,2022,SKG,NLI,2.9043584e-05,0.5362418476673623
SKG_DIA_W3137125108,2022,SKG,DIA,2.4602132e-05,0.43055982283051647
SKG_NLI_W3137125108,2022,SKG,NLI,2.4602132e-05,0.43055982283051647
NOVEL_MT_W4281683632,2022,NOVEL,MT,2.8181108e-05,0.5157196828318122
NOVEL_MT_W4307034884,2022,NOVEL,MT,2.808983e-05,0.513547770614128
NOVEL_MT_W4310569000,2022,NOVEL,MT,8.851014e-06,0.05577021716009861
NOVEL_MT_W3212407416,2022,NOVEL,MT,2.7276788e-05,0.49420186192539334
NOVEL_MT_W4280531467,2022,NOVEL,MT,8.814792e-06,0.05490833363560252
NOVEL_QA_W4207072548,2022,NOVEL,QA,2.6054922e-05,0.46512820021312046
NOVEL_MT_W4296268709,2022,NOVEL,MT,2.8184306e-05,0.5157957775673692
BLOG_SUM_W4288459223,2022,BLOG,SUM,2.5947704e-05,0.4625770040414728
BLOG_SUM_W4289958251,2022,BLOG,SUM,3.1640255e-05,0.5980282745194632
BLOG_SUM_W2004199685,2022,BLOG,SUM,2.5651576e-05,0.45553079333135243
NOVEL_MT_W4210521984,2022,NOVEL,MT,3.1020278e-05,0.5832762464186814
NOVEL_MT_W4214706752,2022,NOVEL,MT,2.603992e-05,0.46477123547802884
NOVEL_MT_W4214767244,2022,NOVEL,MT,2.768459e-05,0.503905296994041
NOVEL_MT_W4281901970,2022,NOVEL,MT,3.0025029e-05,0.5595948175668453
NOVEL_MT_W4211159471,2022,NOVEL,MT,2.8582743e-05,0.525276377364444
NOVEL_MT_W4205647138,2022,NOVEL,MT,2.767899e-05,0.5037720479261492
NOVEL_MT_W4307112113,2022,NOVEL,MT,2.6750498e-05,0.48167906693596557
BLOG_SUM_W4281569188,2022,BLOG,SUM,2.6092219e-05,0.46601566279975654
BLOG_SUM_W4220706225,2022,BLOG,SUM,2.5615862e-05,0.45468099740087226
BLOG_SUM_W4307479757,2022,BLOG,SUM,2.7900813e-05,0.5090502100666796
BLOG_SUM_W4206620445,2022,BLOG,SUM,2.8017756e-05,0.5118328075214074
BLOG_SUM_W4220799853,2022,BLOG,SUM,2.7007754e-05,0.4878003387591053
BLOG_SUM_W4293435090,2022,BLOG,SUM,8.190266e-06,0.040048064461635086
BLOG_SUM_W4205585760,2022,BLOG,SUM,2.5614516e-05,0.4546489700356254
BLOG_SUM_W4304687342,2022,BLOG,SUM,2.6658234e-05,0.47948369336454194
BLOG_SUM_W4281385918,2022,BLOG,SUM,8.9945715e-06,0.05918609270722047
BLOG_SUM_W3160706287,2022,BLOG,SUM,2.7056474e-05,0.4889596056497643
NOVEL_QA_W4304013646,2022,NOVEL,QA,2.4120684e-05,0.4191040197522327
NOVEL_MT_W4312731878,2022,NOVEL,MT,2.4742032e-05,0.43388867008017146
NOVEL_MT_W4220991830,2022,NOVEL,MT,8.158967e-06,0.039303321144501774
NOVEL_MT_W4210920041,2022,NOVEL,MT,3.0227311e-05,0.5644080118438626
NOVEL_MT_W4283721142,2022,NOVEL,MT,3.5814886e-05,0.6973614333663147
SKG_MT_W3039695075,2022,SKG,MT,7.1985737e-06,0.0164512654240436
SKG_NLI_W3039695075,2022,SKG,NLI,7.1985737e-06,0.0164512654240436
SKG_PAR_W3039695075,2022,SKG,PAR,7.1985737e-06,0.0164512654240436
SKG_SA_W3039695075,2022,SKG,SA,7.1985737e-06,0.0164512654240436
NOVEL_MT_W4289261621,2022,NOVEL,MT,3.0381607e-05,0.5680794043759052
NOVEL_MT_W4207073529,2022,NOVEL,MT,2.748904e-05,0.49925228713221087
NOVEL_MT_W4205713819,2022,NOVEL,MT,3.0566436e-05,0.5724773136561516
NOVEL_MT_W4282921641,2022,NOVEL,MT,2.7407606e-05,0.4973146077402995
BLOG_SUM_W4312188510,2022,BLOG,SUM,2.8036624e-05,0.5122817617022972
BLOG_SUM_W4312701586,2022,BLOG,SUM,2.650123e-05,0.475747865390383
NOVEL_MT_W4308165701,2022,NOVEL,MT,2.9291168e-05,0.5421329793146716
NOVEL_MT_W4226115138,2022,NOVEL,MT,2.4365378e-05,0.42492638536271937
NOVEL_QA_W4226115138,2022,NOVEL,QA,2.4365378e-05,0.42492638536271937
NOVEL_MT_W4320012879,2022,NOVEL,MT,2.8314591e-05,0.5188958409263491
NOVEL_MT_W4281630788,2022,NOVEL,MT,2.7290476e-05,0.4945275607184832
NOVEL_MT_W4206779940,2022,NOVEL,MT,2.6382639e-05,0.4729260546385328
NOVEL_DIA_W4310436400,2022,NOVEL,DIA,2.6918373e-05,0.4856735646631695
NOVEL_DIA_W1859731298,2022,NOVEL,DIA,2.7180167e-05,0.49190281582025447
SKG_DIA_W4224293837,2022,SKG,DIA,2.6712669e-05,0.4807789456878799
NOVEL_MT_W3163465952,2022,NOVEL,MT,7.2774155e-06,0.01832726477420693
SKG_MT_W3163465952,2022,SKG,MT,7.275215e-06,0.01827490502886836
NOVEL_MT_W4214917757,2022,NOVEL,MT,2.8039756e-05,0.5123562860024109
NOVEL_MT_W4225910596,2022,NOVEL,MT,2.5466867e-05,0.45113573938827506
NOVEL_MT_W4220897376,2022,NOVEL,MT,8.7384e-06,0.05309062599374653
NOVEL_MT_W4283692078,2022,NOVEL,MT,2.7176618e-05,0.49181836922347805
NOVEL_MT_W4282015487,2022,NOVEL,MT,8.356025e-06,0.04399221307675702
NOVEL_MT_W3140679530,2022,NOVEL,MT,2.708464e-05,0.4896298008723075
NOVEL_MT_W4282020692,2022,NOVEL,MT,2.7626145e-05,0.502514628820302
NOVEL_MT_W3173594637,2022,NOVEL,MT,2.6881151e-05,0.4847878866622642
NOVEL_MT_W3213029956,2022,NOVEL,MT,2.3757042e-05,0.4104513487618178
NOVEL_MT_W4224050897,2022,NOVEL,MT,3.0417177e-05,0.5689257739017823
NOVEL_MT_W3039695075,2022,NOVEL,MT,7.1985737e-06,0.0164512654240436
NOVEL_DIA_W4205178534,2022,NOVEL,DIA,3.0915e-05,0.5807712115312678
NOVEL_DIA_W4312090823,2022,NOVEL,DIA,2.6078014e-05,0.4656776622623631
SKG_DIA_W4312090823,2022,SKG,DIA,2.6078014e-05,0.4656776622623631
SKG_MT_W4312090823,2022,SKG,MT,2.6078014e-05,0.4656776622623631
SKG_QA_W4312090823,2022,SKG,QA,2.6078014e-05,0.4656776622623631
SKG_SUM_W4312090823,2022,SKG,SUM,2.6078014e-05,0.4656776622623631
NOVEL_DIA_W3205786327,2022,NOVEL,DIA,7.5925336e-06,0.025825334970786706
NOVEL_DIA_W4205201623,2022,NOVEL,DIA,2.5252448e-05,0.44603375155107866
SKG_DIA_W4205201623,2022,SKG,DIA,2.5252448e-05,0.44603375155107866
NOVEL_DIA_W4312943102,2022,NOVEL,DIA,2.8704266e-05,0.5281679535211261
NOVEL_DIA_W4221055872,2022,NOVEL,DIA,2.520849e-05,0.4449877939570806
SKG_SA_W4221055872,2022,SKG,SA,2.520849e-05,0.4449877939570806
NOVEL_DIA_W4224293837,2022,NOVEL,DIA,2.6712669e-05,0.4807789456878799
NOVEL_MT_W3155072588,2022,NOVEL,MT,2.301329e-05,0.3927541593434804
SKG_MT_W3155072588,2022,SKG,MT,2.301329e-05,0.3927541593434804
NOVEL_DIA_W4206806123,2022,NOVEL,DIA,2.6919528e-05,0.48570104728342217
SKG_SA_W4220880259,2022,SKG,SA,2.6486221e-05,0.47539073409395655
SKG_SA_W4290716979,2022,SKG,SA,2.6251731e-05,0.46981116732074985
SKG_SA_W4280645626,2022,SKG,SA,2.7873339e-05,0.5083964806218118
BLOG_NLI_W4210916416,2022,BLOG,NLI,2.5082927e-05,0.44200008811570507
BLOG_SA_W4210916416,2022,BLOG,SA,2.5082927e-05,0.44200008811570507
BLOG_DIA_W4211106541,2022,BLOG,DIA,4.068911e-05,0.8133410413477473
BLOG_DIA_W4284991798,2022,BLOG,DIA,7.566914e-06,0.025215730002972114
BLOG_NLI_W4284991798,2022,BLOG,NLI,7.566914e-06,0.025215730002972114
BLOG_QA_W4284991798,2022,BLOG,QA,7.566914e-06,0.025215730002972114
NOVEL_DIA_W4284991798,2022,NOVEL,DIA,7.566914e-06,0.025215730002972114
BLOG_SUM_W4309674289,2022,BLOG,SUM,2.1843163e-05,0.36491160004614603
NOVEL_DIA_W4309674289,2022,NOVEL,DIA,2.1843163e-05,0.36491160004614603
NOVEL_MT_W4309674289,2022,NOVEL,MT,2.1843163e-05,0.36491160004614603
SKG_SUM_W3165898284,2022,SKG,SUM,2.6418438e-05,0.47377787309950786
SKG_SUM_W4281650778,2022,SKG,SUM,2.9917332e-05,0.5570322238409975
SKG_SUM_W4225295961,2022,SKG,SUM,2.8607283e-05,0.5258602938155272
SKG_SUM_W4281616414,2022,SKG,SUM,3.0571013e-05,0.5725862209746768
SKG_SUM_W4205325549,2022,SKG,SUM,2.7383416e-05,0.4967390193559595
SKG_SUM_W4312072518,2022,SKG,SUM,2.9037075e-05,0.5360869694204144
SKG_SUM_W4210274399,2022,SKG,SUM,2.940474e-05,0.5448353655894238
SKG_SUM_W4304808118,2022,SKG,SUM,2.7293574e-05,0.4946012760063991
NOVEL_MT_60,2022,NOVEL,MT,1.5096173e-05,0.20437050565765552
SKG_SUM_W4386154055,2023,SKG,SUM,2.3969662e-05,0.41551053033595403
SKG_SA_W4382630561,2023,SKG,SA,2.5665498e-05,0.45586206003192214
SKG_SA_W4324290234,2023,SKG,SA,2.5573414e-05,0.4536709694662521
SKG_SUM_W4383301908,2023,SKG,SUM,2.6907774e-05,0.4854213670077078
SKG_SUM_W4318016874,2023,SKG,SUM,2.5203948e-05,0.4448797194452297
SKG_SUM_W4317355154,2023,SKG,SUM,2.5147549e-05,0.443537734770224
SKG_SUM_W4390229867,2023,SKG,SUM,2.5068748e-05,0.4416627062346982
NOVEL_DIA_W4379259169,2023,NOVEL,DIA,2.3795566e-05,0.411368007171008
NOVEL_QA_W4379259169,2023,NOVEL,QA,2.3795566e-05,0.411368007171008
NOVEL_SA_W4379259169,2023,NOVEL,SA,2.3795566e-05,0.411368007171008
SKG_SUM_W4360949780,2023,SKG,SUM,2.5288888e-05,0.44690082227143196
SKG_SUM_W4361000553,2023,SKG,SUM,2.6353542e-05,0.4722337067584527
NOVEL_DIA_W4385452929,2023,NOVEL,DIA,2.4225481e-05,0.42159760949649355
SKG_DIA_W4385452929,2023,SKG,DIA,2.4225481e-05,0.42159760949649355
SKG_MT_W4385452929,2023,SKG,MT,2.4225481e-05,0.42159760949649355
SKG_QA_W4385452929,2023,SKG,QA,2.4225481e-05,0.42159760949649355
BLOG_SA_W4378574344,2023,BLOG,SA,2.4184023e-05,0.42061113809351863
SKG_SUM_W4226083230,2023,SKG,SUM,3.386758e-05,0.6510263066877109
NOVEL_DIA_W4392669753,2023,NOVEL,DIA,8.538436e-06,0.04833258731304596
SKG_QA_W4379259169,2023,SKG,QA,2.3795566e-05,0.411368007171008
SKG_SA_W4372355147,2023,SKG,SA,2.8704106e-05,0.5281641464049007
BLOG_DIA_W4366420437,2023,BLOG,DIA,2.2867174e-05,0.3892774056284654
BLOG_MT_W4366420437,2023,BLOG,MT,2.2867174e-05,0.3892774056284654
BLOG_QA_W4366420437,2023,BLOG,QA,2.2867174e-05,0.3892774056284654
NOVEL_DIA_W4366420437,2023,NOVEL,DIA,2.2867174e-05,0.3892774056284654
BLOG_DIA_W4368367885,2023,BLOG,DIA,9.6239355e-06,0.07416147955805585
BLOG_MT_W4368367885,2023,BLOG,MT,9.6239355e-06,0.07416147955805585
BLOG_QA_W4368367885,2023,BLOG,QA,9.6239355e-06,0.07416147955805585
BLOG_SUM_W4368367885,2023,BLOG,SUM,9.6239355e-06,0.07416147955805585
SKG_SUM_W4320892455,2023,SKG,SUM,2.5928259e-05,0.4621143204476949
SKG_SUM_W4386373863,2023,SKG,SUM,2.503024e-05,0.4407464285371306
SKG_SUM_W4386765496,2023,SKG,SUM,2.5675092e-05,0.45609034423859246
NOVEL_DIA_W4360615722,2023,NOVEL,DIA,2.4480902e-05,0.4276752184554223
NOVEL_DIA_W4385632485,2023,NOVEL,DIA,2.4633027e-05,0.4312949531791805
SKG_DIA_W4385632485,2023,SKG,DIA,2.4633027e-05,0.4312949531791805
SKG_MT_W4385632485,2023,SKG,MT,2.4633027e-05,0.4312949531791805
SKG_PAR_W4385632485,2023,SKG,PAR,2.4633027e-05,0.4312949531791805
SKG_QA_W4385632485,2023,SKG,QA,2.4633027e-05,0.4312949531791805
SKG_SA_W4385632485,2023,SKG,SA,2.4633027e-05,0.4312949531791805
NOVEL_DIA_W4321605350,2023,NOVEL,DIA,2.415452e-05,0.4199091296560163
SKG_DIA_W4321605350,2023,SKG,DIA,2.415452e-05,0.4199091296560163
SKG_MT_W4321605350,2023,SKG,MT,2.415452e-05,0.4199091296560163
SKG_PAR_W4321605350,2023,SKG,PAR,2.415452e-05,0.4199091296560163
SKG_QA_W4321605350,2023,SKG,QA,2.415452e-05,0.4199091296560163
NOVEL_DIA_W4353016766,2023,NOVEL,DIA,1.03807215e-05,0.09216880618191156
SKG_PAR_W4386098991,2023,SKG,PAR,2.408579e-05,0.418273735292408
SKG_QA_W4386098991,2023,SKG,QA,2.408579e-05,0.418273735292408
SKG_SUM_W4386098991,2023,SKG,SUM,2.408579e-05,0.418273735292408
NOVEL_DIA_W4319790168,2023,NOVEL,DIA,2.3851182e-05,0.4126913607709853
NOVEL_DIA_W4318464200,2023,NOVEL,DIA,2.4304783e-05,0.42348455906470045
NOVEL_DIA_W4366489368,2023,NOVEL,DIA,2.4704123e-05,0.43298664527397296
NOVEL_DIA_W4376139682,2023,NOVEL,DIA,2.4672103e-05,0.4322247461393485
SKG_DIA_W4376139682,2023,SKG,DIA,2.4672103e-05,0.4322247461393485
SKG_MT_W4376139682,2023,SKG,MT,2.4672103e-05,0.4322247461393485
SKG_QA_W4376139682,2023,SKG,QA,2.4672103e-05,0.4322247461393485
SKG_DIA_W4392669753,2023,SKG,DIA,8.443823e-06,0.04608132051653696
SKG_MT_W4392669753,2023,SKG,MT,8.443823e-06,0.04608132051653696
SKG_NLI_W4392669753,2023,SKG,NLI,8.443823e-06,0.04608132051653696
SKG_PAR_W4392669753,2023,SKG,PAR,8.443823e-06,0.04608132051653696
SKG_QA_W4392669753,2023,SKG,QA,8.443823e-06,0.04608132051653696
SKG_SA_W4392669753,2023,SKG,SA,8.443823e-06,0.04608132051653696
NOVEL_DIA_W4319350602,2023,NOVEL,DIA,9.642944e-06,0.07461377686288123
SKG_DIA_W4319350602,2023,SKG,DIA,9.552649e-06,0.07246525461550737
SKG_MT_W4319350602,2023,SKG,MT,9.552649e-06,0.07246525461550737
SKG_SUM_W4387356888,2023,SKG,SUM,2.5346786e-05,0.4482784748665752
NOVEL_DIA_W4380995257,2023,NOVEL,DIA,1.0983677e-05,0.10651581660249315
SKG_DIA_W4380995257,2023,SKG,DIA,1.113429e-05,0.11009957407792048
SKG_SUM_W4380995257,2023,SKG,SUM,2.5720528e-05,0.45717147006872344
NOVEL_DIA_W4385242971,2023,NOVEL,DIA,1.0085591e-05,0.08514633046200942
NOVEL_DIA_W4389519254,2023,NOVEL,DIA,1.0753181e-05,0.10103128496806513
SKG_DIA_W4389519254,2023,SKG,DIA,1.0423349e-05,0.09318310522504716
SKG_SUM_W4385632485,2023,SKG,SUM,2.4633027e-05,0.4312949531791805
NOVEL_DIA_W4377227441,2023,NOVEL,DIA,2.3146978e-05,0.39593519530568105
NOVEL_DIA_W4315797044,2023,NOVEL,DIA,1.29968375e-05,0.15441791662779047
SKG_QA_W4315797044,2023,SKG,QA,2.65518e-05,0.4769511520623991
NOVEL_DIA_W4323359867,2023,NOVEL,DIA,1.07555925e-05,0.10108866534792604
SKG_PAR_W4323359867,2023,SKG,PAR,1.0563467e-05,0.09651713967055936
NOVEL_SA_W4353016766,2023,NOVEL,SA,1.03807215e-05,0.09216880618191156
SKG_DIA_W4353016766,2023,SKG,DIA,1.0195965e-05,0.08777262200120473
SKG_QA_W4353016766,2023,SKG,QA,2.622088e-05,0.46907708392904796
NOVEL_DIA_W4315498228,2023,NOVEL,DIA,2.5176825e-05,0.44423434186158145
NOVEL_DIA_W4319062614,2023,NOVEL,DIA,2.716812e-05,0.4916161637629522
NOVEL_DIA_W4389793309,2023,NOVEL,DIA,1.0939188e-05,0.1054572241415217
SKG_SA_W4389793309,2023,SKG,SA,1.0803507e-05,0.10222876578783735
NOVEL_DIA_W4389523957,2023,NOVEL,DIA,8.963342e-06,0.058443003106197544
SKG_DIA_W4389523957,2023,SKG,DIA,8.92119e-06,0.05744001833659457
SKG_MT_W4389523957,2023,SKG,MT,8.92119e-06,0.05744001833659457
SKG_SA_W4376139682,2023,SKG,SA,2.4672103e-05,0.4322247461393485
SKG_SUM_W4392669753,2023,SKG,SUM,2.2347396e-05,0.37690956026941486
NOVEL_DIA_W4319301446,2023,NOVEL,DIA,2.6792062e-05,0.48266806055343997
NOVEL_DIA_W4386417345,2023,NOVEL,DIA,2.3823175e-05,0.4120249488701912
SKG_MT_W4378473491,2023,SKG,MT,2.4817158e-05,0.43567625391489334
NOVEL_DIA_W4387356888,2023,NOVEL,DIA,1.1188895e-05,0.11139887146224797
SKG_DIA_W4387356888,2023,SKG,DIA,1.1188895e-05,0.11139887146224797
SKG_MT_W4387356888,2023,SKG,MT,1.1168971e-05,0.11092479031426994
SKG_SA_W4387356888,2023,SKG,SA,1.1168971e-05,0.11092479031426994
NOVEL_DIA_W4362466759,2023,NOVEL,DIA,2.4814057e-05,0.4356024672435482
SKG_DIA_W4362466759,2023,SKG,DIA,2.4814057e-05,0.4356024672435482
SKG_MT_W4362466759,2023,SKG,MT,2.4814057e-05,0.4356024672435482
SKG_SA_W4362466759,2023,SKG,SA,2.4814057e-05,0.4356024672435482
NOVEL_DIA_W4385027818,2023,NOVEL,DIA,2.5460553e-05,0.450985501064227
NOVEL_SUM_W4385027818,2023,NOVEL,SUM,2.5460553e-05,0.450985501064227
NOVEL_DIA_W4381930847,2023,NOVEL,DIA,1.1337218e-05,0.11492813958669812
SKG_QA_W4323359867,2023,SKG,QA,1.0563467e-05,0.09651713967055936
SKG_SUM_W4323359867,2023,SKG,SUM,2.5121255e-05,0.4429120828075191
NOVEL_DIA_W4324130227,2023,NOVEL,DIA,2.4324956e-05,0.42396456503730445
NOVEL_DIA_W4321106177,2023,NOVEL,DIA,2.4995727e-05,0.43992520977281785
NOVEL_DIA_W4366403195,2023,NOVEL,DIA,2.4509098e-05,0.4283461275122577
NOVEL_DIA_W4383959108,2023,NOVEL,DIA,2.4453624e-05,0.4270261527279307
SKG_MT_W4383959108,2023,SKG,MT,2.4453624e-05,0.4270261527279307
NOVEL_DIA_W4386091044,2023,NOVEL,DIA,1.2491233e-05,0.14238732228012646
SKG_SUM_W4386091044,2023,SKG,SUM,2.6912649e-05,0.485537365080203
NOVEL_DIA_W4386421370,2023,NOVEL,DIA,2.5529966e-05,0.4526371470552228
NOVEL_SA_W4386421370,2023,NOVEL,SA,2.5529966e-05,0.4526371470552228
SKG_SA_W4386421370,2023,SKG,SA,2.5529966e-05,0.4526371470552228
NOVEL_DIA_W4378189609,2023,NOVEL,DIA,2.4698164e-05,0.4328448539890503
NOVEL_DIA_W4385293522,2023,NOVEL,DIA,2.5829126e-05,0.459755502617816
NOVEL_DIA_W4387242094,2023,NOVEL,DIA,2.6614442e-05,0.4784416856536277
NOVEL_DIA_W4319304408,2023,NOVEL,DIA,2.5304664e-05,0.4472762039312644
SKG_NLI_W4319304408,2023,SKG,NLI,2.5304664e-05,0.4472762039312644
NOVEL_DIA_W4376626501,2023,NOVEL,DIA,1.03549055e-05,0.09155452797893021
SKG_NLI_W4389523957,2023,SKG,NLI,8.92119e-06,0.05744001833659457
SKG_SA_W4389523957,2023,SKG,SA,8.92119e-06,0.05744001833659457
NOVEL_DIA_W4323536358,2023,NOVEL,DIA,2.503948e-05,0.440966289499152
SKG_QA_W4323536358,2023,SKG,QA,2.503948e-05,0.440966289499152
NOVEL_DIA_W4378473491,2023,NOVEL,DIA,2.4817158e-05,0.43567625391489334
NOVEL_DIA_W4366377796,2023,NOVEL,DIA,2.4948878e-05,0.4388104623475207
NOVEL_DIA_W4379416244,2023,NOVEL,DIA,9.60524e-06,0.0737166299243466
NOVEL_DIA_W4366422585,2023,NOVEL,DIA,2.4845882e-05,0.4363597264552728
SKG_DIA_W4366422585,2023,SKG,DIA,2.4845882e-05,0.4363597264552728
SKG_SA_W4366422585,2023,SKG,SA,2.4845882e-05,0.4363597264552728
NOVEL_DIA_W4380319827,2023,NOVEL,DIA,2.5844674e-05,0.4601254591370271
SKG_DIA_W4380319827,2023,SKG,DIA,2.5844674e-05,0.4601254591370271
NOVEL_DIA_W4323313947,2023,NOVEL,DIA,1.0393857e-05,0.09248135852678535
SKG_NLI_W4323313947,2023,SKG,NLI,1.0245187e-05,0.08894383371902115
NOVEL_DIA_W4323350039,2023,NOVEL,DIA,2.5547479e-05,0.45305385972057816
NOVEL_DIA_W4366769280,2023,NOVEL,DIA,2.6439562e-05,0.474280507619177
SKG_DIA_W4381930847,2023,SKG,DIA,1.1337218e-05,0.11492813958669812
NOVEL_DIA_W4366498198,2023,NOVEL,DIA,2.4797002e-05,0.4351966524483883
SKG_MT_W4389519254,2023,SKG,MT,1.0423349e-05,0.09318310522504716
SKG_SUM_W4389519254,2023,SKG,SUM,2.3977205e-05,0.41569001207150896
NOVEL_SUM_W4389519254,2023,NOVEL,SUM,1.0753181e-05,0.10103128496806513
NOVEL_DIA_W4367849331,2023,NOVEL,DIA,2.5633184e-05,0.4550931653212334
NOVEL_SA_W4367849331,2023,NOVEL,SA,2.5633184e-05,0.4550931653212334
NOVEL_DIA_W4361002760,2023,NOVEL,DIA,2.4981495e-05,0.43958656678456137
NOVEL_MT_W4361002760,2023,NOVEL,MT,2.4981495e-05,0.43958656678456137
NOVEL_SA_W4361002760,2023,NOVEL,SA,2.4981495e-05,0.43958656678456137
SKG_SA_W4361002760,2023,SKG,SA,2.4981495e-05,0.43958656678456137
NOVEL_DIA_W4379010216,2023,NOVEL,DIA,1.4527717e-05,0.1908443927759551
SKG_DIA_W4379010216,2023,SKG,DIA,1.4511848e-05,0.1904667982298166
SKG_SA_W4379010216,2023,SKG,SA,1.4511848e-05,0.1904667982298166
NOVEL_DIA_W4378214315,2023,NOVEL,DIA,1.0605569e-05,0.09751893471634193
NOVEL_DIA_W4386045865,2023,NOVEL,DIA,1.12747575e-05,0.11344192469293773
SKG_DIA_W4386045865,2023,SKG,DIA,1.12145135e-05,0.11200845025613848
SKG_NLI_W4386045865,2023,SKG,NLI,1.12145135e-05,0.11200845025613848
NOVEL_DIA_W4364363895,2023,NOVEL,DIA,1.045723e-05,0.0939892858802692
SKG_SA_W4376626501,2023,SKG,SA,1.0263259e-05,0.08937384749668925
NOVEL_DIA_W4366989878,2023,NOVEL,DIA,2.5354086e-05,0.44845217454436265
NOVEL_DIA_W4376640725,2023,NOVEL,DIA,2.7517814e-05,0.4999369493964108
NOVEL_DIA_W4384934594,2023,NOVEL,DIA,2.477119e-05,0.43458246942331263
NOVEL_DIA_W4320920036,2023,NOVEL,DIA,2.8027618e-05,0.5120674686477553
SKG_DIA_W4320920036,2023,SKG,DIA,2.8027618e-05,0.5120674686477553
SKG_SA_W4320920036,2023,SKG,SA,2.8027618e-05,0.5120674686477553
NOVEL_DIA_W4387163553,2023,NOVEL,DIA,2.5592712e-05,0.4541301552719979
NOVEL_DIA_W4382560004,2023,NOVEL,DIA,2.6678097e-05,0.47995632304945895
NOVEL_DIA_W4398233424,2023,NOVEL,DIA,2.5480762e-05,0.4514663636379817
NOVEL_DIA_W4379057711,2023,NOVEL,DIA,2.4944693e-05,0.43871088246374784
SKG_DIA_W4379057711,2023,SKG,DIA,2.4944693e-05,0.43871088246374784
NOVEL_DIA_W4386067316,2023,NOVEL,DIA,2.5603451e-05,0.454385684154157
SKG_NLI_W4386067316,2023,SKG,NLI,2.5603451e-05,0.454385684154157
NOVEL_DIA_W4386072877,2023,NOVEL,DIA,1.0149873e-05,0.08667588699454928
NOVEL_DIA_W4377010595,2023,NOVEL,DIA,1.0933451e-05,0.1053207152303618
NOVEL_DIA_W4322631505,2023,NOVEL,DIA,1.0879552e-05,0.10403821674637931
NOVEL_DIA_W4386544117,2023,NOVEL,DIA,1.0594227e-05,0.09724905776490811
SKG_SA_W4366498198,2023,SKG,SA,2.4797002e-05,0.4351966524483883
NOVEL_DIA_W4386347795,2023,NOVEL,DIA,7.526748e-06,0.024260001063517916
NOVEL_DIA_W4361028617,2023,NOVEL,DIA,2.5690304e-05,0.45645230581373014
NOVEL_DIA_W4381587418,2023,NOVEL,DIA,2.5616422e-05,0.45469432230766144
NOVEL_QA_W4381587418,2023,NOVEL,QA,2.5616422e-05,0.45469432230766144
SKG_DIA_W4381587418,2023,SKG,DIA,2.5616422e-05,0.45469432230766144
SKG_NLI_W4381587418,2023,SKG,NLI,2.5616422e-05,0.45469432230766144
SKG_SA_W4381587418,2023,SKG,SA,2.5616422e-05,0.45469432230766144
NOVEL_SUM_W4381587418,2023,NOVEL,SUM,2.5616422e-05,0.45469432230766144
NOVEL_DIA_W4380997513,2023,NOVEL,DIA,1.1304398e-05,0.11414720487094632
NOVEL_DIA_W4386141641,2023,NOVEL,DIA,2.4890182e-05,0.4374138217602029
SKG_DIA_W4386141641,2023,SKG,DIA,2.4890182e-05,0.4374138217602029
SKG_NLI_W4386141641,2023,SKG,NLI,2.4890182e-05,0.4374138217602029
NOVEL_DIA_W4327518740,2023,NOVEL,DIA,2.4076144e-05,0.41804421377296436
SKG_QA_W4327518740,2023,SKG,QA,2.4076144e-05,0.41804421377296436
SKG_SUM_W4327518740,2023,SKG,SUM,2.4076144e-05,0.41804421377296436
SKG_DIA_W4366989878,2023,SKG,DIA,2.5354086e-05,0.44845217454436265
SKG_SA_W4386141641,2023,SKG,SA,2.4890182e-05,0.4374138217602029
SKG_SA_W4327918021,2023,SKG,SA,2.4297367e-05,0.4233080992276494
NOVEL_DIA_W4366548330,2023,NOVEL,DIA,2.4757564e-05,0.43425824588776013
SKG_DIA_W4366548330,2023,SKG,DIA,2.4757564e-05,0.43425824588776013
SKG_MT_W4366548330,2023,SKG,MT,2.4757564e-05,0.43425824588776013
SKG_QA_W4366548330,2023,SKG,QA,2.4757564e-05,0.43425824588776013
SKG_SA_W4366548330,2023,SKG,SA,2.4757564e-05,0.43425824588776013
NOVEL_DIA_W4386098991,2023,NOVEL,DIA,2.408579e-05,0.418273735292408
SKG_DIA_W4386098991,2023,SKG,DIA,2.408579e-05,0.418273735292408
SKG_SUM_W4385878593,2023,SKG,SUM,2.3217306e-05,0.39760861324259117
NOVEL_DIA_W4384662964,2023,NOVEL,DIA,2.3521508e-05,0.4048469405552399
NOVEL_DIA_W4362581834,2023,NOVEL,DIA,1.0268349e-05,0.08949496138161239
NOVEL_MT_W4322499406,2023,NOVEL,MT,2.2983726e-05,0.3920506994429171
SKG_NLI_W4322499406,2023,SKG,NLI,2.2983726e-05,0.3920506994429171
SKG_QA_W4322499406,2023,SKG,QA,2.2983726e-05,0.3920506994429171
SKG_DIA_W4327672398,2023,SKG,DIA,9.008505e-06,0.05951763304426885
SKG_SA_W4327672398,2023,SKG,SA,9.008505e-06,0.05951763304426885
NOVEL_DIA_W4380291159,2023,NOVEL,DIA,2.7529863e-05,0.5002236490426659
NOVEL_DIA_W4386069852,2023,NOVEL,DIA,2.5768306e-05,0.45830832256260495
NOVEL_DIA_W4389203481,2023,NOVEL,DIA,1.1152771e-05,0.11053931979644
SKG_DIA_W4389203481,2023,SKG,DIA,1.1008678e-05,0.10711070230720093
NOVEL_DIA_W4366703942,2023,NOVEL,DIA,9.633219e-06,0.07438237557980118
NOVEL_DIA_W4377041488,2023,NOVEL,DIA,1.7054339e-05,0.250964040350064
NOVEL_DIA_W4376255328,2023,NOVEL,DIA,2.5370728e-05,0.44884816222076557
NOVEL_DIA_W4327672398,2023,NOVEL,DIA,9.046152e-06,0.06041342369764813
NOVEL_DIA_W4376224599,2023,NOVEL,DIA,2.6062105e-05,0.46529911593716816
NOVEL_DIA_W4388817859,2023,NOVEL,DIA,2.4982546e-05,0.43961157477926743
NOVEL_DIA_W4360945746,2023,NOVEL,DIA,2.5601768e-05,0.45434563805036016
NOVEL_DIA_W4386615720,2023,NOVEL,DIA,2.5814621e-05,0.4594103637374997
NOVEL_DIA_W4367175039,2023,NOVEL,DIA,2.754793e-05,0.500653543847952
NOVEL_DIA_W4385227045,2023,NOVEL,DIA,2.577359e-05,0.45843405257595143
NOVEL_DIA_W4327918021,2023,NOVEL,DIA,2.4297367e-05,0.4233080992276494
SKG_QA_W4327918021,2023,SKG,QA,2.4297367e-05,0.4233080992276494
NOVEL_SA_W4378470708,2023,NOVEL,SA,1.1499028e-05,0.11877832381447995
SKG_DIA_W4378470708,2023,SKG,DIA,1.1341424e-05,0.11502821915447548
NOVEL_DIA_W4387169527,2023,NOVEL,DIA,2.5283149e-05,0.4467642657713193
NOVEL_DIA_W4323568782,2023,NOVEL,DIA,1.2182924e-05,0.13505127105286496
NOVEL_DIA_W4388333366,2023,NOVEL,DIA,2.5451813e-05,0.4507775373404102
NOVEL_MT_W4387164156,2023,NOVEL,MT,2.2062775e-05,0.3701371525993357
SKG_DIA_W4379054888,2023,SKG,DIA,1.0883703e-05,0.10413698761795409
NOVEL_DIA_W4385469325,2023,NOVEL,DIA,2.5768062e-05,0.4583025167103611
SKG_DIA_W4385469325,2023,SKG,DIA,2.5768062e-05,0.4583025167103611
NOVEL_DIA_W4389977189,2023,NOVEL,DIA,2.5193469e-05,0.44463037712693715
NOVEL_DIA_W4360802167,2023,NOVEL,DIA,2.569633e-05,0.4565956913285723
NOVEL_DIA_W4385302156,2023,NOVEL,DIA,2.5838339e-05,0.4599747211289745
NOVEL_DIA_W4319439342,2023,NOVEL,DIA,3.478625e-05,0.6728855783306027
NOVEL_DIA_W4361282369,2023,NOVEL,DIA,1.03667035e-05,0.0918352552116066
NOVEL_SA_W4361282369,2023,NOVEL,SA,1.03667035e-05,0.0918352552116066
NOVEL_MT_W4387230320,2023,NOVEL,MT,1.1161624e-05,0.11074997229609113
BLOG_NLI_W4385416665,2023,BLOG,NLI,2.4600773e-05,0.4305274861370763
SKG_QA_W4362581834,2023,SKG,QA,1.0100858e-05,0.08550960073334957
NOVEL_DIA_W4380685958,2023,NOVEL,DIA,1.27002495e-05,0.14736076045852187
NOVEL_DIA_W4327681325,2023,NOVEL,DIA,2.6543445e-05,0.47675234921199977
NOVEL_DIA_W4376872703,2023,NOVEL,DIA,1.13311435e-05,0.11478360003975008
SKG_DIA_W4366703942,2023,SKG,DIA,9.534265e-06,0.07202781696119961
SKG_SA_W4366703942,2023,SKG,SA,9.534265e-06,0.07202781696119961
NOVEL_DIA_W4388103056,2023,NOVEL,DIA,2.5697507e-05,0.45662369742730596
SKG_DIA_W4386317922,2023,SKG,DIA,1.2170836e-05,0.13476364342202984
SKG_PAR_W4386317922,2023,SKG,PAR,1.2170836e-05,0.13476364342202984
NOVEL_MT_W4315865958,2023,NOVEL,MT,1.1412284e-05,0.11671429575283543
NOVEL_MT_W4385799520,2023,NOVEL,MT,2.8665067e-05,0.5272352338403596
NOVEL_MT_W4365479119,2023,NOVEL,MT,2.7360185e-05,0.49618624987449605
NOVEL_DIA_W4387873511,2023,NOVEL,DIA,2.561095e-05,0.45456411893275
NOVEL_DIA_W4321504196,2023,NOVEL,DIA,1.1710401e-05,0.12380783367653375
NOVEL_DIA_W4378470708,2023,NOVEL,DIA,1.1499028e-05,0.11877832381447995
NOVEL_MT_W4386030674,2023,NOVEL,MT,2.445267e-05,0.4270034527974362
NOVEL_MT_W4323666400,2023,NOVEL,MT,1.16963265e-05,0.12347293831831169
NOVEL_DIA_W4381332452,2023,NOVEL,DIA,2.5642403e-05,0.4553125265992503
NOVEL_DIA_W4322493981,2023,NOVEL,DIA,2.570486e-05,0.4567986582123433
NOVEL_DIA_W4386317922,2023,NOVEL,DIA,1.2415083e-05,0.14057537290156152
SKG_DIA_W4362581834,2023,SKG,DIA,1.0100858e-05,0.08550960073334957
SKG_MT_W4362581834,2023,SKG,MT,1.0100858e-05,0.08550960073334957
SKG_SA_W4360860566,2023,SKG,SA,1.1139303e-05,0.1102188557881601
SKG_SA_W4362667540,2023,SKG,SA,2.513331e-05,0.4431989252206326
SKG_SA_W4317743691,2023,SKG,SA,2.5893469e-05,0.4612865106134168
SKG_QA_W4380730833,2023,SKG,QA,2.5670271e-05,0.4559756310678235
BLOG_DIA_W4367182956,2023,BLOG,DIA,2.43331e-05,0.4241583472531813
BLOG_DIA_W4321748146,2023,BLOG,DIA,1.1502372e-05,0.11885789254359252
BLOG_QA_W4321748146,2023,BLOG,QA,1.1502372e-05,0.11885789254359252
NOVEL_DIA_W4321748146,2023,NOVEL,DIA,1.1603635e-05,0.12126739260822306
BLOG_DIA_W4385416665,2023,BLOG,DIA,2.4600773e-05,0.4305274861370763
NOVEL_DIA_W4319301505,2023,NOVEL,DIA,2.5266372e-05,0.44636506584060115
SKG_DIA_W4319301505,2023,SKG,DIA,2.5266372e-05,0.44636506584060115
NOVEL_DIA_W4385988359,2023,NOVEL,DIA,2.4032284e-05,0.41700058803765444
NOVEL_DIA_W4313678819,2023,NOVEL,DIA,2.4432506e-05,0.4265236609751199
NOVEL_DIA_W4381982883,2023,NOVEL,DIA,2.3504266e-05,0.40443667619299156
SKG_DIA_W4381982883,2023,SKG,DIA,2.3504266e-05,0.40443667619299156
NOVEL_MT_W4390621251,2023,NOVEL,MT,2.5047002e-05,0.44114527155070254
NOVEL_MT_W4366278627,2023,NOVEL,MT,2.5853793e-05,0.4603424409674031
NOVEL_DIA_W4379054888,2023,NOVEL,DIA,1.1065411e-05,0.10846063433732728
SKG_SA_W4323313312,2023,SKG,SA,2.4566358e-05,0.4297085992314518
SKG_SUM_W4323313312,2023,SKG,SUM,2.4566358e-05,0.4297085992314518
NOVEL_MT_W4362657000,2023,NOVEL,MT,2.4069213e-05,0.41787929425697184
NOVEL_MT_W4376132442,2023,NOVEL,MT,2.4680056e-05,0.4324139836102315
SKG_SUM_W4376132442,2023,SKG,SUM,2.4680056e-05,0.4324139836102315
NOVEL_MT_W4376871556,2023,NOVEL,MT,2.9932995e-05,0.5574049167249957
SKG_MT_W4376871556,2023,SKG,MT,2.9932995e-05,0.5574049167249957
SKG_MT_W4381982883,2023,SKG,MT,2.3504266e-05,0.40443667619299156
SKG_QA_W4381982883,2023,SKG,QA,2.3504266e-05,0.40443667619299156
SKG_SUM_W4381982883,2023,SKG,SUM,2.3504266e-05,0.40443667619299156
NOVEL_DIA_W4383818129,2023,NOVEL,DIA,2.4017303e-05,0.41664412298656733
SKG_DIA_W4383818129,2023,SKG,DIA,2.4017303e-05,0.41664412298656733
SKG_MT_W4383818129,2023,SKG,MT,2.4017303e-05,0.41664412298656733
SKG_QA_W4383818129,2023,SKG,QA,2.4017303e-05,0.41664412298656733
NOVEL_DIA_W4385878593,2023,NOVEL,DIA,2.3217306e-05,0.39760861324259117
SKG_DIA_W4385878593,2023,SKG,DIA,2.3217306e-05,0.39760861324259117
SKG_MT_W4385878593,2023,SKG,MT,2.3217306e-05,0.39760861324259117
SKG_PAR_W4385878593,2023,SKG,PAR,2.3217306e-05,0.39760861324259117
SKG_QA_W4385878593,2023,SKG,QA,2.3217306e-05,0.39760861324259117
SKG_SA_W4385878593,2023,SKG,SA,2.3217306e-05,0.39760861324259117
BLOG_SUM_W4313889995,2023,BLOG,SUM,2.3783134e-05,0.4110721942402881
SKG_SUM_W4362581834,2023,SKG,SUM,1.0100858e-05,0.08550960073334957
NOVEL_DIA_W4323848232,2023,NOVEL,DIA,1.0738455e-05,0.10068088750846238
NOVEL_MT_W4385613852,2023,NOVEL,MT,2.457273e-05,0.42986021763513155
NOVEL_MT_W4386075553,2023,NOVEL,MT,2.5980313e-05,0.46335291812270235
NOVEL_MT_W4384296800,2023,NOVEL,MT,1.0147423e-05,0.0866175905273466
NOVEL_MT_W4376869874,2023,NOVEL,MT,2.5829939e-05,0.45977484752713677
NOVEL_SA_W1541164384,2023,NOVEL,SA,2.2219256e-05,0.37386053606233266
NOVEL_SA_W4324309277,2023,NOVEL,SA,2.252636e-05,0.381167914945521
SKG_DIA_W4324309277,2023,SKG,DIA,2.252636e-05,0.381167914945521
SKG_QA_W4324309277,2023,SKG,QA,2.252636e-05,0.381167914945521
NOVEL_MT_W4386113271,2023,NOVEL,MT,2.4691686e-05,0.4326907133708711
NOVEL_DIA_W4361298490,2023,NOVEL,DIA,2.570094e-05,0.456705383864819
NOVEL_DIA_W4362584541,2023,NOVEL,DIA,2.4565396e-05,0.42968570894514607
NOVEL_DIA_W4361204578,2023,NOVEL,DIA,2.3566436e-05,0.40591597879135505
NOVEL_DIA_W4360980141,2023,NOVEL,DIA,9.8992405e-06,0.0807122178859063
SKG_DIA_W4360980141,2023,SKG,DIA,9.742255e-06,0.07697683010956091
NOVEL_MT_W4323313312,2023,NOVEL,MT,2.4566358e-05,0.4297085992314518
SKG_NLI_W4323313312,2023,SKG,NLI,2.4566358e-05,0.4297085992314518
BLOG_QA_W4386961654,2023,BLOG,QA,2.4717601e-05,0.43330734722701697
NOVEL_DIA_W4386961654,2023,NOVEL,DIA,2.4717601e-05,0.43330734722701697
BLOG_DIA_W4384823096,2023,BLOG,DIA,2.5199237e-05,0.4447676236668657
NOVEL_DIA_W4378574344,2023,NOVEL,DIA,2.4184023e-05,0.42061113809351863
SKG_SA_W4321506460,2023,SKG,SA,2.599759e-05,0.463764015291625
SKG_SA_W4381511236,2023,SKG,SA,1.03224975e-05,0.09078339658745901
NOVEL_DIA_W4389437528,2023,NOVEL,DIA,2.2455772e-05,0.37948831044474435
NOVEL_QA_W4386071687,2023,NOVEL,QA,2.4370116e-05,0.42503912359194645
NOVEL_MT_W4382007903,2023,NOVEL,MT,2.5624215e-05,0.4548797526623188
NOVEL_QA_W4388424540,2023,NOVEL,QA,1.0894981e-05,0.10440534172289767
NOVEL_MT_W4385827828,2023,NOVEL,MT,2.7129412e-05,0.4906951271701027
NOVEL_SA_W4385827828,2023,NOVEL,SA,2.7129412e-05,0.4906951271701027
NOVEL_MT_W4382372079,2023,NOVEL,MT,2.4579245e-05,0.4300152386489378
NOVEL_MT_W4388616071,2023,NOVEL,MT,2.5114978e-05,0.4427627248790981
SKG_NLI_W4388616071,2023,SKG,NLI,2.5114978e-05,0.4427627248790981
NOVEL_MT_W4367676419,2023,NOVEL,MT,2.6043717e-05,0.4648615831049548
SKG_SUM_W4387835442,2023,SKG,SUM,2.3858121e-05,0.412856470642789
SKG_MT_W4360980141,2023,SKG,MT,9.742255e-06,0.07697683010956091
SKG_QA_W4360980141,2023,SKG,QA,9.742255e-06,0.07697683010956091
SKG_SUM_W4360980141,2023,SKG,SUM,9.742255e-06,0.07697683010956091
NOVEL_DIA_W4320495408,2023,NOVEL,DIA,1.0924278e-05,0.10510244849825967
NOVEL_DIA_W4323050332,2023,NOVEL,DIA,1.0402554e-05,0.09268829908811668
SKG_DIA_W4323050332,2023,SKG,DIA,1.0371459e-05,0.09194840984417083
SKG_MT_W4323050332,2023,SKG,MT,1.0371459e-05,0.09194840984417083
SKG_QA_W4323050332,2023,SKG,QA,1.0371459e-05,0.09194840984417083
SKG_SUM_W4323050332,2023,SKG,SUM,1.0371459e-05,0.09194840984417083
BLOG_SUM_W4386448978,2023,BLOG,SUM,2.3294151e-05,0.39943709978226055
NOVEL_DIA_W4361289889,2023,NOVEL,DIA,2.5029383e-05,0.4407260366708478
NOVEL_DIA_W4368367885,2023,NOVEL,DIA,9.696106e-06,0.07587873881775012
SKG_SA_W4319440851,2023,SKG,SA,2.690703e-05,0.48540366391725936
SKG_QA_W4380871934,2023,SKG,QA,9.649595e-06,0.07477203392547918
BLOG_DIA_W4386961654,2023,BLOG,DIA,2.4717601e-05,0.43330734722701697
SKG_QA_W4387835442,2023,SKG,QA,2.3858121e-05,0.412856470642789
SKG_SA_W4362659486,2023,SKG,SA,2.5437132e-05,0.45042821063224586
NOVEL_DIA_W4318671267,2023,NOVEL,DIA,2.5747893e-05,0.45782260591566276
BLOG_QA_W4385416665,2023,BLOG,QA,2.4600773e-05,0.4305274861370763
BLOG_SA_W4385416665,2023,BLOG,SA,2.4600773e-05,0.4305274861370763
SKG_SUM_W4380871934,2023,SKG,SUM,2.5006571e-05,0.4401832370749999
SKG_QA_W4368358112,2023,SKG,QA,1.2553331e-05,0.14386491167618848
SKG_QA_W4389132715,2023,SKG,QA,2.4989575e-05,0.4397788261539482
SKG_QA_W4384665204,2023,SKG,QA,2.621218e-05,0.4688700719842874
SKG_QA_W4376611376,2023,SKG,QA,2.4680434e-05,0.43242297792231416
SKG_QA_W4382464460,2023,SKG,QA,2.4083287e-05,0.4182141777179558
SKG_QA_W4320891754,2023,SKG,QA,2.538019e-05,0.44907330555654995
SKG_QA_W4384922756,2023,SKG,QA,2.711087e-05,0.4902539299885222
SKG_SUM_W4384922756,2023,SKG,SUM,2.711087e-05,0.4902539299885222
SKG_SUM_W4380730833,2023,SKG,SUM,2.5670271e-05,0.4559756310678235
SKG_QA_W4376321189,2023,SKG,QA,2.6655489e-05,0.47941837752679856
SKG_MT_W4366091323,2023,SKG,MT,9.1909815e-06,0.06385956581876256
SKG_NLI_W4366091323,2023,SKG,NLI,9.1909815e-06,0.06385956581876256
SKG_PAR_W4366091323,2023,SKG,PAR,9.1909815e-06,0.06385956581876256
SKG_QA_W4366091323,2023,SKG,QA,9.1909815e-06,0.06385956581876256
SKG_DIA_W4385827828,2023,SKG,DIA,2.7129412e-05,0.4906951271701027
NOVEL_QA_W4379929708,2023,NOVEL,QA,2.5635973e-05,0.4551595281159388
NOVEL_MT_W2499368528,2023,NOVEL,MT,2.56527e-05,0.45555753832283646
SKG_DIA_W4389437528,2023,SKG,DIA,2.2455772e-05,0.37948831044474435
SKG_MT_W4389437528,2023,SKG,MT,2.2455772e-05,0.37948831044474435
SKG_QA_W4389437528,2023,SKG,QA,2.2455772e-05,0.37948831044474435
NOVEL_DIA_W4318263917,2023,NOVEL,DIA,2.48805e-05,0.4371834436396084
NOVEL_DIA_W4367595583,2023,NOVEL,DIA,2.3306528e-05,0.39973160401677793
NOVEL_DIA_W4387835442,2023,NOVEL,DIA,2.3858121e-05,0.412856470642789
SKG_DIA_W4387835442,2023,SKG,DIA,2.3858121e-05,0.412856470642789
SKG_MT_W4387835442,2023,SKG,MT,2.3858121e-05,0.412856470642789
SKG_NLI_W4387835442,2023,SKG,NLI,2.3858121e-05,0.412856470642789
SKG_SUM_W4319460874,2023,SKG,SUM,9.642687e-06,0.07460766168244404
NOVEL_DIA_W4324046518,2023,NOVEL,DIA,2.2839473e-05,0.38861827483745254
SKG_MT_W4324046518,2023,SKG,MT,2.2839473e-05,0.38861827483745254
SKG_QA_W4324046518,2023,SKG,QA,2.2839473e-05,0.38861827483745254
NOVEL_DIA_W4317910584,2023,NOVEL,DIA,2.262641e-05,0.38354855231026713
SKG_DIA_W4317910584,2023,SKG,DIA,2.262641e-05,0.38354855231026713
SKG_MT_W4317910584,2023,SKG,MT,2.262641e-05,0.38354855231026713
SKG_NLI_W4317910584,2023,SKG,NLI,2.262641e-05,0.38354855231026713
SKG_QA_W4317910584,2023,SKG,QA,2.262641e-05,0.38354855231026713
NOVEL_DIA_W4384154918,2023,NOVEL,DIA,2.4700683e-05,0.4329047922751252
SKG_SA_W4360620450,2023,SKG,SA,2.1850956e-05,0.3650970304008035
NOVEL_DIA_W4367310920,2023,NOVEL,DIA,2.403891e-05,0.41715825023834213
SKG_DIA_W4388503650,2023,SKG,DIA,2.3535915e-05,0.40518974757686815
SKG_QA_W4388503650,2023,SKG,QA,2.3535915e-05,0.40518974757686815
SKG_SUM_W4388503650,2023,SKG,SUM,2.3535915e-05,0.40518974757686815
NOVEL_MT_W4385527149,2023,NOVEL,MT,2.4935893e-05,0.43850149107134645
NOVEL_SA_W4376138804,2023,NOVEL,SA,1.2449678e-05,0.1413985428129398
NOVEL_SA_W4384277430,2023,NOVEL,SA,2.5939487e-05,0.46238148482881797
SKG_DIA_W4366091323,2023,SKG,DIA,9.211954e-06,0.06435859547525569
NOVEL_SA_W4386800155,2023,NOVEL,SA,2.5377334e-05,0.44900534853192514
NOVEL_SA_W4319831789,2023,NOVEL,SA,2.4984975e-05,0.4396693715624656
SKG_SA_W4319831789,2023,SKG,SA,2.4984975e-05,0.4396693715624656
NOVEL_SUM_W4319831789,2023,NOVEL,SUM,2.4984975e-05,0.4396693715624656
NOVEL_SA_W4322502716,2023,NOVEL,SA,2.6049458e-05,0.46499818719402036
NOVEL_SA_W4361019934,2023,NOVEL,SA,2.5890311e-05,0.46121136765691634
SKG_SA_W4366091323,2023,SKG,SA,9.1909815e-06,0.06385956581876256
SKG_SUM_W4366091323,2023,SKG,SUM,9.1909815e-06,0.06385956581876256
NOVEL_SA_W4315436281,2023,NOVEL,SA,2.7024807e-05,0.4882061059653124
NOVEL_DIA_W4319460874,2023,NOVEL,DIA,9.579352e-06,0.07310063851906379
NOVEL_QA_W4319460874,2023,NOVEL,QA,9.579352e-06,0.07310063851906379
SKG_DIA_W4319460874,2023,SKG,DIA,9.642687e-06,0.07460766168244404
SKG_QA_W4319460874,2023,SKG,QA,9.642687e-06,0.07460766168244404
NOVEL_DIA_W4319662928,2023,NOVEL,DIA,1.2987929e-05,0.15420594353469863
SKG_MT_W4319662928,2023,SKG,MT,1.2663013e-05,0.14647473743770856
SKG_NLI_W4319662928,2023,SKG,NLI,1.2663013e-05,0.14647473743770856
SKG_QA_W4319662928,2023,SKG,QA,2.0912039e-05,0.3427559919940534
NOVEL_DIA_W4360620450,2023,NOVEL,DIA,2.1850956e-05,0.3650970304008035
SKG_DIA_W4360620450,2023,SKG,DIA,2.1850956e-05,0.3650970304008035
SKG_MT_W4360620450,2023,SKG,MT,2.1850956e-05,0.3650970304008035
SKG_PAR_W4360620450,2023,SKG,PAR,2.1850956e-05,0.3650970304008035
SKG_QA_W4360620450,2023,SKG,QA,2.1850956e-05,0.3650970304008035
BLOG_SA_W4319167005,2023,BLOG,SA,2.6670465e-05,0.4797747236055035
SKG_DIA_W4322766882,2023,SKG,DIA,1.205602e-05,0.13203165681862467
SKG_NLI_W4322766882,2023,SKG,NLI,1.205602e-05,0.13203165681862467
SKG_PAR_W4322766882,2023,SKG,PAR,1.205602e-05,0.13203165681862467
BLOG_SUM_W2190691619,2023,BLOG,SUM,2.2763974e-05,0.38682181566303014
BLOG_SUM_W4382358979,2023,BLOG,SUM,9.27791e-06,0.06592798396130464
NOVEL_SA_W4384498679,2023,NOVEL,SA,2.72061e-05,0.4925198779769758
SKG_SUM_W4322766882,2023,SKG,SUM,1.205602e-05,0.13203165681862467
SKG_DIA_W4376226279,2023,SKG,DIA,2.431561e-05,0.42374218186078344
SKG_MT_W4376226279,2023,SKG,MT,2.431561e-05,0.42374218186078344
SKG_NLI_W4376226279,2023,SKG,NLI,2.431561e-05,0.42374218186078344
BLOG_SA_W4386634686,2023,BLOG,SA,2.5593174e-05,0.45414114832009905
BLOG_SA_W4386836424,2023,BLOG,SA,1.0965174e-05,0.10607554740549263
BLOG_SA_W4319599375,2023,BLOG,SA,2.6924457e-05,0.4858183302576435
BLOG_SA_W4377197101,2023,BLOG,SA,1.1729982e-05,0.1242737533191034
BLOG_SA_W4382310424,2023,BLOG,SA,2.6411839e-05,0.4736208533496831
BLOG_SA_W4383068763,2023,BLOG,SA,2.6900128e-05,0.4852394344410827
BLOG_SA_W3043638540,2023,BLOG,SA,2.6292946e-05,0.4707918566659574
BLOG_SUM_W4385118605,2023,BLOG,SUM,8.52845e-06,0.04809497567162313
BLOG_SUM_W4388823657,2023,BLOG,SUM,2.2702881e-05,0.3853681397157594
SKG_QA_W4361019934,2023,SKG,QA,2.5890311e-05,0.46121136765691634
BLOG_SUM_W4362515116,2023,BLOG,SUM,8.8487595e-06,0.05571657251303391
BLOG_SA_W4383605161,2023,BLOG,SA,1.0151856e-05,0.08672307144126884
NOVEL_SA_W4321153003,2023,NOVEL,SA,2.4712934e-05,0.43319629840561497
BLOG_DIA_W4382280288,2023,BLOG,DIA,2.4688203e-05,0.4326078372095376
BLOG_DIA_W3092541244,2023,BLOG,DIA,2.4487135e-05,0.42782352942688123
BLOG_NLI_W3092541244,2023,BLOG,NLI,2.4487135e-05,0.42782352942688123
BLOG_SUM_W4323653529,2023,BLOG,SUM,2.3270904e-05,0.39888394958917456
BLOG_SUM_W4379966446,2023,BLOG,SUM,9.977327e-06,0.08257024526803772
BLOG_SA_W4324071194,2023,BLOG,SA,2.7369475e-05,0.49640730056033805
BLOG_SA_W4387956898,2023,BLOG,SA,1.1999666e-05,0.1306907428950574
BLOG_SA_W4361866125,2023,BLOG,SA,1.1081463e-05,0.10884258327264867
BLOG_QA_W4384276655,2023,BLOG,QA,2.4931423e-05,0.438395129761797
BLOG_SA_W4318472692,2023,BLOG,SA,1.0634535e-05,0.09820816552001244
BLOG_SA_W4385556979,2023,BLOG,SA,2.5196787e-05,0.444709327199663
BLOG_SA_W4322736091,2023,BLOG,SA,2.5097908e-05,0.4423565531667922
BLOG_SA_W4324030804,2023,BLOG,SA,2.5008956e-05,0.44023998690123595
SKG_QA_W4322766882,2023,SKG,QA,2.3197232e-05,0.3971309629231518
SKG_SA_W4322766882,2023,SKG,SA,1.205602e-05,0.13203165681862467
SKG_MT_W4385572634,2023,SKG,MT,8.764322e-06,0.05370742641122733
SKG_QA_W4376226279,2023,SKG,QA,2.431561e-05,0.42374218186078344
SKG_SA_W4376226279,2023,SKG,SA,2.431561e-05,0.42374218186078344
SKG_SUM_W4376226279,2023,SKG,SUM,2.431561e-05,0.42374218186078344
BLOG_QA_W4385422591,2023,BLOG,QA,2.4795228e-05,0.43515444104723827
NOVEL_DIA_W4385422591,2023,NOVEL,DIA,2.4795228e-05,0.43515444104723827
BLOG_QA_W4360891289,2023,BLOG,QA,1.0308882e-05,0.09045942289390876
SKG_QA_W3163892065,2023,SKG,QA,2.518828e-05,0.4445069075888494
BLOG_SA_W4321153003,2023,BLOG,SA,2.4712934e-05,0.43319629840561497
SKG_QA_W4324129606,2023,SKG,QA,9.745461e-06,0.07705311520092897
SKG_SUM_W4324129606,2023,SKG,SUM,9.745461e-06,0.07705311520092897
SKG_QA_W4388455891,2023,SKG,QA,2.3192255e-05,0.3970125378140629
SKG_QA_W4380574892,2023,SKG,QA,2.4648512e-05,0.43166341064637787
SKG_QA_W4385782790,2023,SKG,QA,2.6018868e-05,0.46427031416066117
SKG_PAR_W4387414057,2023,SKG,PAR,1.0890566e-05,0.10430028910955086
NOVEL_DIA_W4321153003,2023,NOVEL,DIA,2.4712934e-05,0.43319629840561497
BLOG_QA_W4313648826,2023,BLOG,QA,2.405113e-05,0.4174490187400633
BLOG_QA_W4388290259,2023,BLOG,QA,2.5196256e-05,0.44469669233268977
NOVEL_MT_W4388290259,2023,NOVEL,MT,2.5196256e-05,0.44469669233268977
BLOG_PAR_W4322717806,2023,BLOG,PAR,2.9605699e-05,0.5496170797741515
BLOG_PAR_W4388733340,2023,BLOG,PAR,1.2204274e-05,0.13555928312420257
SKG_DIA_W4389636360,2023,SKG,DIA,2.5220439e-05,0.44527211415569473
SKG_NLI_W4389636360,2023,SKG,NLI,2.5220439e-05,0.44527211415569473
SKG_PAR_W4389636360,2023,SKG,PAR,2.5220439e-05,0.44527211415569473
BLOG_SA_W4327518725,2023,BLOG,SA,2.812537e-05,0.514393426305713
BLOG_SA_W4386619339,2023,BLOG,SA,2.5830084e-05,0.4597782977262161
BLOG_QA_W4381598461,2023,BLOG,QA,2.4195466e-05,0.4208834182870697
NOVEL_QA_W4381598461,2023,NOVEL,QA,2.4195466e-05,0.4208834182870697
SKG_DIA_W4383551991,2023,SKG,DIA,2.4721397e-05,0.4333976710594665
SKG_SA_W4383551991,2023,SKG,SA,2.4721397e-05,0.4333976710594665
SKG_DIA_W4366452046,2023,SKG,DIA,1.1529794e-05,0.11951038467568714
SKG_DIA_W4385572634,2023,SKG,DIA,8.764322e-06,0.05370742641122733
SKG_DIA_W4322761281,2023,SKG,DIA,2.5029358e-05,0.44072544180893763
SKG_DIA_W4376643243,2023,SKG,DIA,2.8112718e-05,0.5140923785901832
SKG_NLI_W4385572634,2023,SKG,NLI,8.764322e-06,0.05370742641122733
SKG_QA_W4385572634,2023,SKG,QA,8.764322e-06,0.05370742641122733
SKG_SA_W4385572634,2023,SKG,SA,8.764322e-06,0.05370742641122733
BLOG_PAR_W4365601026,2023,BLOG,PAR,1.207443e-05,0.13246971312931904
BLOG_PAR_W4386834071,2023,BLOG,PAR,2.8952214e-05,0.5340677463578485
BLOG_PAR_W4360989593,2023,BLOG,PAR,2.8683744e-05,0.5276796432762554
BLOG_QA_W4322761615,2023,BLOG,QA,9.886154e-06,0.08040083147037652
NOVEL_DIA_W4322761615,2023,NOVEL,DIA,9.989856e-06,0.08286836626296928
BLOG_QA_W4327947056,2023,BLOG,QA,9.021727e-06,0.059832243611352004
BLOG_QA_W2738319541,2023,BLOG,QA,1.1537803e-05,0.11970095463724889
BLOG_PAR_W4382069627,2023,BLOG,PAR,1.26487475e-05,0.14613529733449232
SKG_SUM_W4385572634,2023,SKG,SUM,2.2399201e-05,0.3781422331197963
BLOG_QA_W4324142429,2023,BLOG,QA,2.4132254e-05,0.4193793218442878
BLOG_QA_W4386833262,2023,BLOG,QA,1.0052904e-05,0.08436856041162005
BLOG_PAR_W4360807837,2023,BLOG,PAR,3.1081247e-05,0.5847269718508774
SKG_DIA_W4390175962,2023,SKG,DIA,1.1093157e-05,0.10912083587977855
SKG_PAR_W4390175962,2023,SKG,PAR,1.1093157e-05,0.10912083587977855
SKG_DIA_W4378190160,2023,SKG,DIA,1.142472e-05,0.11701020386146094
SKG_DIA_W4385571689,2023,SKG,DIA,1.1447371e-05,0.11754917254660702
SKG_NLI_W4385571689,2023,SKG,NLI,1.1447371e-05,0.11754917254660702
SKG_PAR_W4385571689,2023,SKG,PAR,1.1447371e-05,0.11754917254660702
SKG_DIA_W4367854022,2023,SKG,DIA,1.1353351e-05,0.11531201587460865
BLOG_PAR_W4389674995,2023,BLOG,PAR,2.7717371e-05,0.5046853037252128
BLOG_PAR_W4389636544,2023,BLOG,PAR,1.15465755e-05,0.11990969168154908
BLOG_PAR_W4323662799,2023,BLOG,PAR,2.8145765e-05,0.5148787146520799
BLOG_PAR_W4388514671,2023,BLOG,PAR,2.7993668e-05,0.5112596461736612
BLOG_QA_W4321351832,2023,BLOG,QA,1.0548759e-05,0.09616717051153201
NOVEL_DIA_W4321351832,2023,NOVEL,DIA,1.0679507e-05,0.09927825071308954
SKG_DIA_W4385571124,2023,SKG,DIA,9.197031e-06,0.06400351050380035
SKG_SA_W4389636360,2023,SKG,SA,2.5220439e-05,0.44527211415569473
BLOG_DIA_W4318671267,2023,BLOG,DIA,2.5747893e-05,0.45782260591566276
SKG_PAR_W4389574762,2023,SKG,PAR,2.8591056e-05,0.5254741808468342
SKG_PAR_W4383749364,2023,SKG,PAR,1.2145616e-05,0.13416354672698838
SKG_PAR_W4389524534,2023,SKG,PAR,1.2379024e-05,0.13971736787672018
SKG_PAR_W4367053854,2023,SKG,PAR,1.1857174e-05,0.12730022036254957
SKG_PAR_W4385570481,2023,SKG,PAR,1.0736121e-05,0.10062535120052318
BLOG_NLI_W4383737134,2023,BLOG,NLI,2.520837e-05,0.44498493861991145
BLOG_SA_W4383737134,2023,BLOG,SA,2.520837e-05,0.44498493861991145
NOVEL_MT_W4383737134,2023,NOVEL,MT,2.520837e-05,0.44498493861991145
BLOG_DIA_W4384918448,2023,BLOG,DIA,9.090551e-06,0.06146987465574272
BLOG_DIA_W4375949262,2023,BLOG,DIA,1.0115193e-05,0.08585069455267627
BLOG_NLI_W4375949262,2023,BLOG,NLI,1.0115193e-05,0.08585069455267627
BLOG_SA_W4375949262,2023,BLOG,SA,1.0115193e-05,0.08585069455267627
BLOG_DIA_W4319986684,2023,BLOG,DIA,2.6889076e-05,0.4849764578878076
BLOG_DIA_W2148437670,2023,BLOG,DIA,2.6821745e-05,0.48337435199669593
BLOG_DIA_W4321153003,2023,BLOG,DIA,2.4712934e-05,0.43319629840561497
SKG_DIA_W4386497355,2023,SKG,DIA,1.1399797e-05,0.11641717412591301
BLOG_PAR_W4353007481,2023,BLOG,PAR,1.0975447e-05,0.10631998806164494
SKG_DIA_W4376108699,2023,SKG,DIA,2.6154152e-05,0.467489326107211
SKG_DIA_W4389523832,2023,SKG,DIA,1.0993748e-05,0.10675545077441079
SKG_NLI_W4385571124,2023,SKG,NLI,9.197031e-06,0.06400351050380035
SKG_PAR_W4385571124,2023,SKG,PAR,9.197031e-06,0.06400351050380035
SKG_SA_W4385571124,2023,SKG,SA,9.197031e-06,0.06400351050380035
SKG_MT_W4381799391,2023,SKG,MT,2.8068729e-05,0.5130456833674164
SKG_DIA_W4387342020,2023,SKG,DIA,2.6856373e-05,0.48419830712579565
BLOG_QA_W4387435427,2023,BLOG,QA,2.4110634e-05,0.4188648852643197
BLOG_SUM_W4387435427,2023,BLOG,SUM,2.4110634e-05,0.4188648852643197
BLOG_QA_W4383346782,2023,BLOG,QA,9.485446e-06,0.0708661944173761
BLOG_SUM_W4383346782,2023,BLOG,SUM,9.485446e-06,0.0708661944173761
BLOG_PAR_W4383824240,2023,BLOG,PAR,1.4857909e-05,0.19870113853048038
BLOG_PAR_W4381997112,2023,BLOG,PAR,1.1757747e-05,0.1249344069566064
BLOG_PAR_W4389519222,2023,BLOG,PAR,1.1213775e-05,0.11199087803531027
SKG_DIA_W4376643691,2023,SKG,DIA,2.5633432e-05,0.4550990663513829
SKG_SA_W4376643691,2023,SKG,SA,2.5633432e-05,0.4550990663513829
SKG_DIA_W4389519118,2023,SKG,DIA,1.0604366e-05,0.0974903099612216
SKG_DIA_W4386895632,2023,SKG,DIA,2.5216785e-05,0.44518516913889533
SKG_MT_W4382203079,2023,SKG,MT,2.2002512e-05,0.3687032260674848
SKG_NLI_W4382203079,2023,SKG,NLI,2.2002512e-05,0.3687032260674848
SKG_SUM_W4382203079,2023,SKG,SUM,2.2002512e-05,0.3687032260674848
SKG_DIA_W4319997690,2023,SKG,DIA,2.6125334e-05,0.46680361688604904
SKG_DIA_W4389524555,2023,SKG,DIA,1.0945573e-05,0.10560915187339481
SKG_SA_W4389524555,2023,SKG,SA,1.0945573e-05,0.10560915187339481
SKG_DIA_W4389518760,2023,SKG,DIA,1.0884221e-05,0.10414931315673409
SKG_DIA_W4389520749,2023,SKG,DIA,1.049935e-05,0.09499150922662708
BLOG_PAR_W4327993492,2023,BLOG,PAR,1.0976599e-05,0.10634739929846843
BLOG_PAR_W4360891421,2023,BLOG,PAR,2.743177e-05,0.49788957746825263
BLOG_PAR_W4386794805,2023,BLOG,PAR,1.23102955e-05,0.1380820092048266
BLOG_PAR_W4320858112,2023,BLOG,PAR,1.3089381e-05,0.1566199407553705
NOVEL_DIA_W4318612697,2023,NOVEL,DIA,2.5260255e-05,0.4462195150284057
BLOG_DIA_W4380487091,2023,BLOG,DIA,1.0496988e-05,0.0949353066733484
BLOG_DIA_W4318191041,2023,BLOG,DIA,1.0530376e-05,0.09572975665170064
BLOG_DIA_W4383737134,2023,BLOG,DIA,2.520837e-05,0.44498493861991145
SKG_PAR_W4385570984,2023,SKG,PAR,1.1977394e-05,0.13016079231647043
BLOG_NLI_W4317042343,2023,BLOG,NLI,2.5938698e-05,0.4623627109869311
SKG_DIA_W4360584316,2023,SKG,DIA,2.4972065e-05,0.439362184872022
SKG_DIA_W2903165924,2023,SKG,DIA,2.6595968e-05,0.4780021064964432
BLOG_PAR_W4390225107,2023,BLOG,PAR,2.730688e-05,0.4949178853095006
BLOG_PAR_W4386831162,2023,BLOG,PAR,1.2375083e-05,0.1396235938451913
BLOG_PAR_W2588334515,2023,BLOG,PAR,1.0097322e-05,0.08542546346476643
BLOG_PAR_W4377564447,2023,BLOG,PAR,1.1494071e-05,0.11866037459491924
BLOG_PAR_W4361298749,2023,BLOG,PAR,1.0569262e-05,0.096655028661351
SKG_NLI_W4322624932,2023,SKG,NLI,2.4534213e-05,0.4289437257872762
SKG_SA_W4322624932,2023,SKG,SA,2.4534213e-05,0.4289437257872762
SKG_SUM_W4322624932,2023,SKG,SUM,2.4534213e-05,0.4289437257872762
SKG_DIA_W4385287322,2023,SKG,DIA,1.0305284e-05,0.0903738103677883
SKG_SA_W4385287322,2023,SKG,SA,1.0305284e-05,0.0903738103677883
BLOG_PAR_W4386973901,2023,BLOG,PAR,2.6521782e-05,0.47623688946954607
BLOG_PAR_W4383113923,2023,BLOG,PAR,1.0665971e-05,0.09895616868041385
BLOG_PAR_W4379376212,2023,BLOG,PAR,2.856647e-05,0.5248891698498361
BLOG_PAR_W4383742778,2023,BLOG,PAR,1.0387535e-05,0.09233092984692606
BLOG_PAR_W4380536977,2023,BLOG,PAR,2.6122843e-05,0.46674434484531363
BLOG_PAR_W4321524280,2023,BLOG,PAR,1.2130985e-05,0.13381540974264455
BLOG_QA_W4321153003,2023,BLOG,QA,2.4712934e-05,0.43319629840561497
SKG_PAR_W4390058985,2023,SKG,PAR,2.7437944e-05,0.4980364845656035
SKG_PAR_W4389520255,2023,SKG,PAR,1.2990605e-05,0.15426961755356977
SKG_PAR_W4385571045,2023,SKG,PAR,9.298637e-06,0.0664211720738393
SKG_PAR_W4389518954,2023,SKG,PAR,1.1175458e-05,0.11107914508273675
BLOG_DIA_W4318612697,2023,BLOG,DIA,2.5260255e-05,0.4462195150284057
BLOG_PAR_W4318612697,2023,BLOG,PAR,2.5260255e-05,0.4462195150284057
BLOG_SA_W4318612697,2023,BLOG,SA,2.5260255e-05,0.4462195150284057
SKG_SA_W2903165924,2023,SKG,SA,2.6595968e-05,0.4780021064964432
SKG_MT_W4322624932,2023,SKG,MT,2.4534213e-05,0.4289437257872762
BLOG_NLI_W3041148953,2023,BLOG,NLI,1.1164902e-05,0.11082797058976063
BLOG_PAR_W4320895630,2023,BLOG,PAR,2.9835419e-05,0.555083146894886
BLOG_NLI_W4367665843,2023,BLOG,NLI,2.6048612e-05,0.4649780570669781
BLOG_NLI_W4379743664,2023,BLOG,NLI,2.6016884e-05,0.4642231059194652
BLOG_NLI_W4321350922,2023,BLOG,NLI,2.5440624e-05,0.450511300943867
BLOG_NLI_W4367174885,2023,BLOG,NLI,2.6015843e-05,0.46419833586952314
BLOG_NLI_W4321376147,2023,BLOG,NLI,1.1304645e-05,0.1141530821066194
BLOG_NLI_W4381805119,2023,BLOG,NLI,2.6418062e-05,0.47376892637637796
BLOG_NLI_W4319597842,2023,BLOG,NLI,2.543706e-05,0.4504264974299444
SKG_MT_W4389132751,2023,SKG,MT,1.0246105e-05,0.08896567704836489
SKG_NLI_W4389132751,2023,SKG,NLI,1.0246105e-05,0.08896567704836489
SKG_SUM_W4389132751,2023,SKG,SUM,1.0246105e-05,0.08896567704836489
SKG_MT_W4382059335,2023,SKG,MT,2.4170697e-05,0.4202940529008889
SKG_DIA_W4390353323,2023,SKG,DIA,1.019577e-05,0.08776798207830494
BLOG_NLI_W4367598041,2023,BLOG,NLI,2.4645813e-05,0.4315991893545493
BLOG_NLI_W4372335396,2023,BLOG,NLI,2.6664795e-05,0.479639808924263
BLOG_NLI_W4387457231,2023,BLOG,NLI,1.1816683e-05,0.1263367582182624
SKG_MT_W4386740800,2023,SKG,MT,1.0782253e-05,0.101723037986235
SKG_MT_W4385759708,2023,SKG,MT,2.4412058e-05,0.42603711152150353
SKG_MT_W4385346076,2023,SKG,MT,1.0645047e-05,0.09845829305602655
BLOG_NLI_W4366828815,2023,BLOG,NLI,2.5098578e-05,0.4423724954659864
BLOG_NLI_W4364323147,2023,BLOG,NLI,2.5603696e-05,0.4543915138008772
BLOG_NLI_W4317625850,2023,BLOG,NLI,2.625043e-05,0.4697802107069415
BLOG_QA_W4321786089,2023,BLOG,QA,2.4741987e-05,0.43388759932873305
BLOG_SA_W4321786089,2023,BLOG,SA,2.4741987e-05,0.43388759932873305
SKG_MT_W3201870057,2023,SKG,MT,2.5291734e-05,0.44696854135129277
BLOG_SA_W4317042343,2023,BLOG,SA,2.5938698e-05,0.4623627109869311
SKG_MT_W4388667244,2023,SKG,MT,2.3856825e-05,0.4128256330013627
SKG_NLI_W4388667244,2023,SKG,NLI,2.3856825e-05,0.4128256330013627
SKG_MT_W4387321091,2023,SKG,MT,2.3796247e-05,0.41138421120944274
SKG_SUM_W4360995249,2023,SKG,SUM,2.4236111e-05,0.421850544780724
SKG_NLI_W4387321091,2023,SKG,NLI,2.3796247e-05,0.41138421120944274
SKG_QA_W4387321091,2023,SKG,QA,2.3796247e-05,0.41138421120944274
BLOG_NLI_W4328115538,2023,BLOG,NLI,1.0946085e-05,0.10562133464531637
BLOG_SA_W4328115538,2023,BLOG,SA,1.0946085e-05,0.10562133464531637
BLOG_NLI_W4388459526,2023,BLOG,NLI,1.0838853e-05,0.10306980535099897
SKG_PAR_W4385571452,2023,SKG,PAR,2.7513719e-05,0.4998395110155149
BLOG_SA_W4386261125,2023,BLOG,SA,2.7298545e-05,0.4947195583486295
SKG_PAR_W4382239980,2023,SKG,PAR,2.7818955e-05,0.5071024418167707
SKG_QA_W4360600181,2023,SKG,QA,9.302293e-06,0.06650816467959153
SKG_PAR_W4382202657,2023,SKG,PAR,2.7159856e-05,0.4914195262099061
SKG_PAR_W4385564993,2023,SKG,PAR,1.1737883e-05,0.12446175347721294
SKG_PAR_W4378194664,2023,SKG,PAR,1.0394234e-05,0.09249032904439164
SKG_PAR_W4385571219,2023,SKG,PAR,1.1488449e-05,0.11852660204854643
SKG_PAR_W4378908626,2023,SKG,PAR,2.7303908e-05,0.4948471681256123
SKG_PAR_W4389132136,2023,SKG,PAR,1.1975131e-05,0.13010694541635626
SKG_QA_W4382987554,2023,SKG,QA,2.3227027e-05,0.3978399193477657
SKG_NLI_W4389121120,2023,SKG,NLI,2.4650371e-05,0.43170764457802263
SKG_QA_W4389121120,2023,SKG,QA,2.4650371e-05,0.43170764457802263
SKG_NLI_W4385839827,2023,SKG,NLI,2.326547e-05,0.3987546504043667
SKG_MT_W4386285856,2023,SKG,MT,1.1991383e-05,0.1304936532469595
BLOG_NLI_W4366817968,2023,BLOG,NLI,1.0183789e-05,0.08748290045644566
BLOG_QA_W4366817968,2023,BLOG,QA,1.0183789e-05,0.08748290045644566
BLOG_SA_W4366817968,2023,BLOG,SA,1.0183789e-05,0.08748290045644566
BLOG_NLI_W4321786089,2023,BLOG,NLI,2.4741987e-05,0.43388759932873305
SKG_NLI_W3201870057,2023,SKG,NLI,2.5291734e-05,0.44696854135129277
SKG_SUM_W3201870057,2023,SKG,SUM,2.5291734e-05,0.44696854135129277
SKG_MT_W4319162181,2023,SKG,MT,1.1619559e-05,0.12164629585056402
SKG_MT_W4360995249,2023,SKG,MT,2.4236111e-05,0.421850544780724
SKG_NLI_W4360995249,2023,SKG,NLI,2.4236111e-05,0.421850544780724
SKG_QA_W4360995249,2023,SKG,QA,2.4236111e-05,0.421850544780724
SKG_SA_W4360995249,2023,SKG,SA,2.4236111e-05,0.421850544780724
SKG_MT_W4367316498,2023,SKG,MT,1.1013475e-05,0.10722484441053615
SKG_MT_W4385342469,2023,SKG,MT,2.4366887e-05,0.4249622912276209
SKG_NLI_W4385342469,2023,SKG,NLI,2.4366887e-05,0.4249622912276209
SKG_SA_W4385342469,2023,SKG,SA,2.4366887e-05,0.4249622912276209
SKG_SUM_W4385342469,2023,SKG,SUM,2.4366887e-05,0.4249622912276209
SKG_NLI_W4327550249,2023,SKG,NLI,2.1197155e-05,0.349540177929955
BLOG_NLI_W4386222752,2023,BLOG,NLI,2.4654792e-05,0.431812839958228
BLOG_NLI_W4381252028,2023,BLOG,NLI,2.4212455e-05,0.4212876626467866
NOVEL_DIA_W4381252028,2023,NOVEL,DIA,2.4212455e-05,0.4212876626467866
BLOG_NLI_W4378882744,2023,BLOG,NLI,2.4803812e-05,0.43535869283273537
BLOG_QA_W4378882744,2023,BLOG,QA,2.4803812e-05,0.43535869283273537
BLOG_SA_W4378882744,2023,BLOG,SA,2.4803812e-05,0.43535869283273537
BLOG_MT_W4377220857,2023,BLOG,MT,2.3597966e-05,0.4066662186325389
BLOG_QA_W4367598041,2023,BLOG,QA,2.4645813e-05,0.4315991893545493
BLOG_MT_W4366817968,2023,BLOG,MT,2.4815334e-05,0.43563285278992286
SKG_NLI_W4382987554,2023,SKG,NLI,2.3227027e-05,0.3978399193477657
BLOG_MT_W4321054304,2023,BLOG,MT,3.1441738e-05,0.5933046664461268
BLOG_MT_W4388699274,2023,BLOG,MT,2.4677112e-05,0.43234393267168264
BLOG_MT_W4382601497,2023,BLOG,MT,2.475804e-05,0.43426957205853084
BLOG_QA_W4382601497,2023,BLOG,QA,1.0127654e-05,0.08614719752321204
BLOG_MT_W4381430247,2023,BLOG,MT,2.4741115e-05,0.4338668505453042
BLOG_NLI_W4382618993,2023,BLOG,NLI,2.514165e-05,0.44339737115388583
BLOG_MT_W3202265556,2023,BLOG,MT,2.7377304e-05,0.4965935875161462
SKG_MT_W4383995031,2023,SKG,MT,2.5292722e-05,0.4469920502939851
SKG_NLI_W4383995031,2023,SKG,NLI,2.5292722e-05,0.4469920502939851
SKG_MT_W4389885061,2023,SKG,MT,2.522898e-05,0.4454753427787062
SKG_NLI_W4389885061,2023,SKG,NLI,2.522898e-05,0.4454753427787062
SKG_NLI_W4389991792,2023,SKG,NLI,1.2007415e-05,0.13087512629275272
SKG_SUM_W4389991792,2023,SKG,SUM,2.5155776e-05,0.44373349192764305
SKG_NLI_W4315977496,2023,SKG,NLI,2.3800785e-05,0.41149219054338787
BLOG_NLI_W4389365236,2023,BLOG,NLI,2.3939372e-05,0.4147897956455176
BLOG_QA_W4389365236,2023,BLOG,QA,2.3939372e-05,0.4147897956455176
SKG_SA_W4315977496,2023,SKG,SA,2.3800785e-05,0.41149219054338787
SKG_SUM_W4315977496,2023,SKG,SUM,2.3800785e-05,0.41149219054338787
SKG_NLI_W4380685454,2023,SKG,NLI,2.4153902e-05,0.4198944246695954
SKG_SUM_W4380685454,2023,SKG,SUM,2.4153902e-05,0.4198944246695954
SKG_NLI_W3133824676,2023,SKG,NLI,1.074662e-05,0.10087516940834396
SKG_NLI_W4390711247,2023,SKG,NLI,2.5841075e-05,0.46003982281643024
BLOG_MT_W4327583885,2023,BLOG,MT,2.4893649e-05,0.4374963172099137
BLOG_SUM_W4327583885,2023,BLOG,SUM,2.4893649e-05,0.4374963172099137
BLOG_MT_W4319080389,2023,BLOG,MT,9.937784e-06,0.08162934028738644
BLOG_SUM_W4319080389,2023,BLOG,SUM,2.3386901e-05,0.4016440374692191
BLOG_MT_W4381832905,2023,BLOG,MT,2.3845541e-05,0.41255713612956063
SKG_SA_W4319986951,2023,SKG,SA,2.4354877e-05,0.4246765195659457
SKG_NLI_W4385430679,2023,SKG,NLI,1.0358244e-05,0.09163396583842251
SKG_NLI_W3038822267,2023,SKG,NLI,1.01794085e-05,0.08737866875253486
BLOG_SUM_W4377220857,2023,BLOG,SUM,2.3597966e-05,0.4066662186325389
BLOG_MT_W4388275106,2023,BLOG,MT,2.3951543e-05,0.4150793982178947
BLOG_SA_W4319318680,2023,BLOG,SA,1.0418956e-05,0.09307857609018128
BLOG_DIA_W4381989081,2023,BLOG,DIA,2.6108399e-05,0.4664006574280583
BLOG_DIA_W4386261125,2023,BLOG,DIA,2.7298545e-05,0.4947195583486295
SKG_NLI_W4386576685,2023,SKG,NLI,9.529892e-06,0.07192376371586193
SKG_NLI_W4382239616,2023,SKG,NLI,2.4051566e-05,0.41745939313177766
SKG_NLI_W4366823175,2023,SKG,NLI,1.093804e-05,0.10542990808260388
SKG_NLI_W4379769651,2023,SKG,NLI,1.0785956e-05,0.10181114893237847
SKG_MT_W4389452727,2023,SKG,MT,2.639117e-05,0.4731290453167802
BLOG_MT_W4384341779,2023,BLOG,MT,2.413504e-05,0.419445613255564
BLOG_SUM_W4384341779,2023,BLOG,SUM,2.413504e-05,0.419445613255564
BLOG_MT_W4367180472,2023,BLOG,MT,2.522679e-05,0.44542323287536995
BLOG_MT_W4367049415,2023,BLOG,MT,2.3429138e-05,0.4026490447693169
BLOG_SUM_W4367049415,2023,BLOG,SUM,2.3429138e-05,0.4026490447693169
BLOG_PAR_W4321013654,2023,BLOG,PAR,2.5788415e-05,0.4587868056887187
SKG_NLI_W4380874786,2023,SKG,NLI,2.6982705e-05,0.4872043109195298
SKG_NLI_W4389519587,2023,SKG,NLI,1.1186389e-05,0.11133924250436639
BLOG_NLI_W4387809804,2023,BLOG,NLI,2.6054426e-05,0.4651163981528215
BLOG_MT_W2136893259,2023,BLOG,MT,2.1577614e-05,0.3585930006301444
BLOG_QA_W2136893259,2023,BLOG,QA,8.865958e-06,0.05612580181555851
BLOG_SUM_W2136893259,2023,BLOG,SUM,8.865958e-06,0.05612580181555851
BLOG_MT_W4387439311,2023,BLOG,MT,2.4520434e-05,0.428615861696833
SKG_NLI_W4362519158,2023,SKG,NLI,2.542326e-05,0.4500981336554966
SKG_PAR_W4362469388,2023,SKG,PAR,1.3159271e-05,0.15828293671161348
SKG_PAR_W4385570594,2023,SKG,PAR,1.2746175e-05,0.14845353368485514
SKG_PAR_W4389523980,2023,SKG,PAR,1.06541975e-05,0.09867602441240947
SKG_PAR_W4367599042,2023,SKG,PAR,2.708141e-05,0.48955294471350547
SKG_PAR_W4389897623,2023,SKG,PAR,2.7467791e-05,0.4987466783029905
SKG_PAR_W4313558932,2023,SKG,PAR,2.6720081e-05,0.48095531034702527
BLOG_DIA_W4362667967,2023,BLOG,DIA,2.6164005e-05,0.46772377308327145
BLOG_DIA_W4381251484,2023,BLOG,DIA,9.795058e-06,0.0782332498473989
BLOG_DIA_W4320491888,2023,BLOG,DIA,2.5534155e-05,0.4527368221169012
BLOG_DIA_W4319318680,2023,BLOG,DIA,1.0418956e-05,0.09307857609018128
SKG_NLI_W4382202677,2023,SKG,NLI,2.4521254e-05,0.4286353731674886
SKG_NLI_W4372266552,2023,SKG,NLI,2.490046e-05,0.4376583813887372
BLOG_DIA_W4377041419,2023,BLOG,DIA,1.05622985e-05,0.09648933582487518
BLOG_DIA_W4385228868,2023,BLOG,DIA,1.132854e-05,0.1147216511204186
BLOG_DIA_W4321013654,2023,BLOG,DIA,2.5788415e-05,0.4587868056887187
BLOG_NLI_W4321013654,2023,BLOG,NLI,2.5788415e-05,0.4587868056887187
BLOG_MT_W4318457133,2023,BLOG,MT,9.8803675e-06,0.08026314473263438
SKG_PAR_W4390315357,2023,SKG,PAR,2.5468298e-05,0.4511697892840167
SKG_SA_W4390315357,2023,SKG,SA,2.5468298e-05,0.4511697892840167
SKG_NLI_W4322627364,2023,SKG,NLI,2.5169094e-05,0.44405038676446146
SKG_SA_W4322627364,2023,SKG,SA,2.5169094e-05,0.44405038676446146
SKG_NLI_W4315880904,2023,SKG,NLI,1.1221114e-05,0.1121655056976778
SKG_NLI_W4388694364,2023,SKG,NLI,1.3075569e-05,0.15629129144720583
SKG_SUM_W4390711247,2023,SKG,SUM,2.5841075e-05,0.46003982281643024
SKG_NLI_W4319986951,2023,SKG,NLI,2.4354877e-05,0.4246765195659457
BLOG_DIA_W4387809804,2023,BLOG,DIA,2.6054426e-05,0.4651163981528215
SKG_PAR_W4321479797,2023,SKG,PAR,2.602197e-05,0.4643441246264827
SKG_PAR_W4317898419,2023,SKG,PAR,2.5278354e-05,0.4466501712569369
SKG_PAR_W4386711868,2023,SKG,PAR,2.580315e-05,0.4591374172986092
SKG_PAR_W4318484896,2023,SKG,PAR,2.575128e-05,0.457903197807261
SKG_SA_W4318484896,2023,SKG,SA,2.575128e-05,0.457903197807261
SKG_NLI_W4389359039,2023,SKG,NLI,1.0781853e-05,0.10171352019567131
BLOG_SUM_W4318457133,2023,BLOG,SUM,9.8803675e-06,0.08026314473263438
BLOG_MT_W4383273076,2023,BLOG,MT,2.3526018e-05,0.4049542536438457
BLOG_MT_W4389560718,2023,BLOG,MT,2.265828e-05,0.3843068822734302
BLOG_MT_W4365143687,2023,BLOG,MT,2.2883993e-05,0.38967760492719267
BLOG_NLI_W4365143687,2023,BLOG,NLI,2.2883993e-05,0.38967760492719267
BLOG_QA_W4365143687,2023,BLOG,QA,2.2883993e-05,0.38967760492719267
BLOG_SUM_W4365143687,2023,BLOG,SUM,2.2883993e-05,0.38967760492719267
BLOG_MT_W4378217890,2023,BLOG,MT,8.662538e-06,0.05128552942438752
SKG_PAR_W4386576685,2023,SKG,PAR,9.529892e-06,0.07192376371586193
SKG_SA_W4386576685,2023,SKG,SA,9.529892e-06,0.07192376371586193
BLOG_SA_W4378771755,2023,BLOG,SA,1.0260577e-05,0.08931003071095964
BLOG_DIA_W4319341091,2023,BLOG,DIA,1.2440778e-05,0.14118677197289742
SKG_PAR_W4317716303,2023,SKG,PAR,1.1656707e-05,0.12253021306021517
BLOG_SUM_W4378217890,2023,BLOG,SUM,8.662538e-06,0.05128552942438752
SKG_PAR_W4319459780,2023,SKG,PAR,2.5484187e-05,0.4515478597196834
SKG_PAR_W4386390931,2023,SKG,PAR,2.57004e-05,0.45669253484755795
SKG_PAR_W4389519239,2023,SKG,PAR,1.1628749e-05,0.12186496708876515
SKG_PAR_W4385757151,2023,SKG,PAR,1.0720928e-05,0.10026384172043734
SKG_PAR_W4385671288,2023,SKG,PAR,2.873401e-05,0.528875696427443
SKG_PAR_W4366547384,2023,SKG,PAR,2.6013808e-05,0.4641499141100303
SKG_PAR_W4389519598,2023,SKG,PAR,1.03881985e-05,0.09234671748202361
SKG_PAR_W4366743045,2023,SKG,PAR,2.6993463e-05,0.4874602918967406
SKG_PAR_W4386304230,2023,SKG,PAR,2.6816322e-05,0.48324531455112846
SKG_PAR_W4315487473,2023,SKG,PAR,2.6549165e-05,0.4768884536170607
SKG_PAR_W4387806579,2023,SKG,PAR,2.6759684e-05,0.4818976429962611
SKG_PAR_W4379410101,2023,SKG,PAR,2.7607182e-05,0.5020634141641531
BLOG_SA_W4386958277,2023,BLOG,SA,9.217772e-06,0.06449703173900476
BLOG_SUM_W4386958277,2023,BLOG,SUM,9.217772e-06,0.06449703173900476
BLOG_DIA_W4319301633,2023,BLOG,DIA,2.6357366e-05,0.47232469683624173
BLOG_DIA_W4316041216,2023,BLOG,DIA,1.1294344e-05,0.11390797520512769
SKG_PAR_W4387231489,2023,SKG,PAR,2.8862843e-05,0.5319412102066767
SKG_PAR_W4389520756,2023,SKG,PAR,1.2012558e-05,0.1309975012849255
BLOG_PAR_W4386261125,2023,BLOG,PAR,2.7298545e-05,0.4947195583486295
SKG_PAR_W4382202531,2023,SKG,PAR,2.6868029e-05,0.48447565554282196
SKG_PAR_W4385422140,2023,SKG,PAR,2.6312107e-05,0.4712477826284352
SKG_PAR_W4387191968,2023,SKG,PAR,1.1041934e-05,0.10790201141466721
SKG_PAR_W4389519585,2023,SKG,PAR,1.1790162e-05,0.12570570490941252
SKG_PAR_W4386724197,2023,SKG,PAR,1.1204154e-05,0.11176195137777678
SKG_PAR_W4365129631,2023,SKG,PAR,2.6371998e-05,0.4726728576150619
BLOG_SA_W4316041216,2023,BLOG,SA,1.1294344e-05,0.11390797520512769
BLOG_DIA_W4382652828,2023,BLOG,DIA,2.529856e-05,0.4471309624472623
BLOG_DIA_W4378771755,2023,BLOG,DIA,1.0260577e-05,0.08931003071095964
NOVEL_DIA_W4383913712,2023,NOVEL,DIA,2.3552237e-05,0.40557812102081997
SKG_QA_W4383913712,2023,SKG,QA,2.3552237e-05,0.40557812102081997
SKG_SUM_W4383913712,2023,SKG,SUM,2.3552237e-05,0.40557812102081997
SKG_QA_W4319350602,2023,SKG,QA,9.552649e-06,0.07246525461550737
SKG_SA_W4319350602,2023,SKG,SA,9.552649e-06,0.07246525461550737
SKG_SUM_W4319350602,2023,SKG,SUM,2.4762594e-05,0.43437793210409864
NOVEL_DIA_W4375862891,2023,NOVEL,DIA,2.4777215e-05,0.4347258311436784
BLOG_DIA_W4388735708,2023,BLOG,DIA,2.7539263e-05,0.500447317120913
SKG_PAR_W4386566638,2023,SKG,PAR,1.2925825e-05,0.1527282113717781
SKG_PAR_W4389520670,2023,SKG,PAR,1.0857806e-05,0.10352078206238358
BLOG_MT_W4327946446,2023,BLOG,MT,2.2751256e-05,0.38651919751205716
BLOG_QA_W4327946446,2023,BLOG,QA,2.2751256e-05,0.38651919751205716
BLOG_SUM_W4327946446,2023,BLOG,SUM,2.2751256e-05,0.38651919751205716
NOVEL_DIA_W4327946446,2023,NOVEL,DIA,2.2751256e-05,0.38651919751205716
BLOG_MT_W4386958277,2023,BLOG,MT,9.217772e-06,0.06449703173900476
BLOG_QA_W4386958277,2023,BLOG,QA,9.217772e-06,0.06449703173900476
NOVEL_DIA_W4386251129,2023,NOVEL,DIA,2.4428848e-05,0.42643662078041483
NOVEL_DIA_W4387379065,2023,NOVEL,DIA,2.4329596e-05,0.4240749714078434
NOVEL_DIA_W4386867830,2023,NOVEL,DIA,1.1043419e-05,0.10793734621213497
SKG_QA_W4386867830,2023,SKG,QA,1.0737975e-05,0.10066946615978595
SKG_SUM_W4386867830,2023,SKG,SUM,2.438346e-05,0.42535663708515153
NOVEL_DIA_W4318014888,2023,NOVEL,DIA,2.4871746e-05,0.4369751467931218
SKG_SA_W4379259169,2023,SKG,SA,2.3795566e-05,0.411368007171008
SKG_SA_W4323043839,2023,SKG,SA,2.6832384e-05,0.48362750143121397
SKG_SA_W4376278471,2023,SKG,SA,2.519145e-05,0.4445823360790669
SKG_SA_W4366588626,2023,SKG,SA,2.7307684e-05,0.49493701606853363
SKG_SA_W4389428089,2023,SKG,SA,2.5587027e-05,0.45399488367361135
SKG_SUM_W4388522045,2023,SKG,SUM,8.865113e-06,0.056105695482992685
NOVEL_SUM_W4388522045,2023,NOVEL,SUM,9.027898e-06,0.05997907932527355
BLOG_DIA_W4378574344,2023,BLOG,DIA,2.4184023e-05,0.42061113809351863
BLOG_PAR_W4378574344,2023,BLOG,PAR,2.4184023e-05,0.42061113809351863
BLOG_QA_W4378574344,2023,BLOG,QA,2.4184023e-05,0.42061113809351863
SKG_SUM_W4387879971,2023,SKG,SUM,2.525688e-05,0.44613920867052453
NOVEL_SUM_W4384937545,2023,NOVEL,SUM,2.8513807e-05,0.5236360813386955
NOVEL_DIA_W4366989525,2023,NOVEL,DIA,1.1473328e-05,0.11816680577076205
NOVEL_SUM_W4402061574,2024,NOVEL,SUM,2.324779e-05,0.398333964061451
SKG_SUM_W4392172801,2024,SKG,SUM,2.4022433e-05,0.41676618865054676
NOVEL_MT_306,2024,NOVEL,MT,1.3835261e-05,0.17436776481950683
NOVEL_DIA_W4393353064,2024,NOVEL,DIA,2.3574505e-05,0.40610797642150126
SKG_NLI_W4393353064,2024,SKG,NLI,2.3574505e-05,0.40610797642150126
SKG_SUM_W4393353064,2024,SKG,SUM,2.3574505e-05,0.40610797642150126
SKG_PAR_W4399245583,2024,SKG,PAR,2.6692882e-05,0.4803081243831699
SKG_PAR_W4405181600,2024,SKG,PAR,2.8286708e-05,0.5182323795406298
BLOG_DIA_W4392201174,2024,BLOG,DIA,2.5244888e-05,0.44585386530942467
SKG_PAR_W4392732989,2024,SKG,PAR,1.208353e-05,0.1326862428646433
SKG_PAR_W4393335480,2024,SKG,PAR,1.2269918e-05,0.13712124773361184
SKG_SA_W4392051461,2024,SKG,SA,1.0603385e-05,0.09746696757986406
SKG_PAR_W4391494845,2024,SKG,PAR,2.4427498e-05,0.4264044982372624
SKG_PAR_W4390745503,2024,SKG,PAR,1.2482683e-05,0.14218387950682732
SKG_NLI_W4390616142,2024,SKG,NLI,2.5545116e-05,0.452997633372823
SKG_NLI_W4393160302,2024,SKG,NLI,2.5429732e-05,0.45025213150681725
SKG_PAR_W4394927283,2024,SKG,PAR,1.140432e-05,0.11652479654271208
SKG_PAR_W4392394652,2024,SKG,PAR,2.6627311e-05,0.4787478967705385
SKG_NLI_W4392051461,2024,SKG,NLI,1.0603385e-05,0.09746696757986406
BLOG_DIA_W4392941225,2024,BLOG,DIA,1.0785914e-05,0.10181014956436929
BLOG_DIA_W4391099296,2024,BLOG,DIA,2.6902873e-05,0.4853047502788261
BLOG_MT_W1637437975,2024,BLOG,MT,2.297211e-05,0.3917743028049471
BLOG_DIA_W4396794085,2024,BLOG,DIA,2.6332418e-05,0.4717310722387836
SKG_PAR_W4394949392,2024,SKG,PAR,1.17230275e-05,0.12410827463291524
SKG_MT_W4400949264,2024,SKG,MT,1.2975547e-05,0.1539113203277992
BLOG_MT_W2035237805,2024,BLOG,MT,2.4116911e-05,0.41901424319274055
SKG_NLI_W4391514872,2024,SKG,NLI,1.034042e-05,0.0912098530909039
SKG_SA_W4391514872,2024,SKG,SA,1.034042e-05,0.0912098530909039
SKG_MT_W4394998532,2024,SKG,MT,2.603453e-05,0.464642983250183
BLOG_MT_W4392817459,2024,BLOG,MT,2.556171e-05,0.45339247891435824
SKG_NLI_W4390793092,2024,SKG,NLI,2.4059e-05,0.41763628126940416
SKG_NLI_W4391109864,2024,SKG,NLI,1.1138093e-05,0.11019006447170493
SKG_MT_W4393148714,2024,SKG,MT,2.401657e-05,0.4166266816353594
BLOG_NLI_W4401386758,2024,BLOG,NLI,2.4875066e-05,0.43705414445480056
SKG_SUM_W4390793092,2024,SKG,SUM,2.4059e-05,0.41763628126940416
SKG_NLI_W4393148714,2024,SKG,NLI,2.401657e-05,0.4166266816353594
SKG_SUM_W4393148714,2024,SKG,SUM,2.401657e-05,0.4166266816353594
BLOG_NLI_W4401889742,2024,BLOG,NLI,2.416807e-05,0.42023154481136177
BLOG_SA_W4401889742,2024,BLOG,SA,2.416807e-05,0.42023154481136177
BLOG_DIA_W4395049384,2024,BLOG,DIA,2.6444754e-05,0.4744040485406938
BLOG_DIA_W4390608362,2024,BLOG,DIA,2.483939e-05,0.43620525271442395
SKG_PAR_W4392563948,2024,SKG,PAR,3.0908308e-05,0.5806119788951369
SKG_QA_W4390946922,2024,SKG,QA,2.1200185e-05,0.3496122751934751
SKG_QA_W4391649568,2024,SKG,QA,2.2164231e-05,0.3725512449979133
SKG_QA_W4391136507,2024,SKG,QA,2.1378422e-05,0.3538533312852317
SKG_MT_W4392773210,2024,SKG,MT,1.0246799e-05,0.08898219041499292
SKG_QA_W4392773210,2024,SKG,QA,2.3371364e-05,0.4012743426892485
SKG_SUM_W4392773210,2024,SKG,SUM,2.3371364e-05,0.4012743426892485
BLOG_NLI_W4391617198,2024,BLOG,NLI,2.553457e-05,0.45274669682461094
SKG_DIA_W4402713111,2024,SKG,DIA,2.5190035e-05,0.4445486668949477
BLOG_PAR_W4390587679,2024,BLOG,PAR,2.5601526e-05,0.4543398797870692
BLOG_PAR_W4392358084,2024,BLOG,PAR,2.5207986e-05,0.44497580154097033
BLOG_DIA_W4392769984,2024,BLOG,DIA,2.5675141e-05,0.45609151016793653
BLOG_SA_W4390608362,2024,BLOG,SA,2.483939e-05,0.43620525271442395
BLOG_SA_W4392769984,2024,BLOG,SA,2.5675141e-05,0.45609151016793653
SKG_QA_W4394857110,2024,SKG,QA,2.3978098e-05,0.4157112605389424
SKG_DIA_W4393147129,2024,SKG,DIA,2.5677617e-05,0.4561504252915259
BLOG_NLI_W4391130440,2024,BLOG,NLI,2.599848e-05,0.46378519237562926
BLOG_PAR_W4392168447,2024,BLOG,PAR,2.7084536e-05,0.4896273262467609
BLOG_PAR_W4393118307,2024,BLOG,PAR,2.7785598e-05,0.5063087294671873
SKG_DIA_W4391403992,2024,SKG,DIA,2.5410629e-05,0.44979758562397126
BLOG_PAR_W121702922,2024,BLOG,PAR,3.0345236e-05,0.5672139754744241
SKG_DIA_W4394879925,2024,SKG,DIA,2.723936e-05,0.4933112822623476
SKG_SA_W4391403992,2024,SKG,SA,2.5410629e-05,0.44979758562397126
BLOG_DIA_W4394828356,2024,BLOG,DIA,2.443388e-05,0.42655635458570623
BLOG_NLI_W4394828356,2024,BLOG,NLI,2.443388e-05,0.42655635458570623
BLOG_QA_W4394828356,2024,BLOG,QA,2.443388e-05,0.42655635458570623
BLOG_PAR_W4391598857,2024,BLOG,PAR,2.745742e-05,0.4984999057881501
BLOG_PAR_W4391947388,2024,BLOG,PAR,2.7781412e-05,0.5062091257889381
SKG_MT_W4394857110,2024,SKG,MT,2.3978098e-05,0.4157112605389424
SKG_NLI_W4394857110,2024,SKG,NLI,2.3978098e-05,0.4157112605389424
BLOG_PAR_W4391679299,2024,BLOG,PAR,2.7560387e-05,0.500949951640582
BLOG_PAR_W4391105961,2024,BLOG,PAR,2.7494783e-05,0.4993889388102292
BLOG_PAR_W4391841769,2024,BLOG,PAR,1.1236566e-05,0.11253317794715362
SKG_SUM_W4390490761,2024,SKG,SUM,2.4396813e-05,0.42567436472864434
BLOG_PAR_W4401730081,2024,BLOG,PAR,2.8715822e-05,0.5284429224905116
BLOG_PAR_W4392402185,2024,BLOG,PAR,1.1907091e-05,0.12848796924147043
SKG_MT_W4390490761,2024,SKG,MT,2.4396813e-05,0.42567436472864434
SKG_DIA_W4390490761,2024,SKG,DIA,2.4396813e-05,0.42567436472864434
SKG_DIA_W4392939809,2024,SKG,DIA,2.5524076e-05,0.4524969975891722
BLOG_QA_W4390829176,2024,BLOG,QA,2.4538027e-05,0.4290344779203011
BLOG_SA_W4393115925,2024,BLOG,SA,1.1371739e-05,0.11574954870682208
BLOG_SA_W4392303127,2024,BLOG,SA,2.6061432e-05,0.46528310225454467
SKG_NLI_W4390490761,2024,SKG,NLI,2.4396813e-05,0.42567436472864434
SKG_PAR_W4390490761,2024,SKG,PAR,2.4396813e-05,0.42567436472864434
SKG_SA_W4390490761,2024,SKG,SA,2.4396813e-05,0.42567436472864434
SKG_QA_W2067822693,2024,SKG,QA,2.4543058e-05,0.4291541879311161
BLOG_DIA_W4390829176,2024,BLOG,DIA,2.4538027e-05,0.4290344779203011
BLOG_SA_W1534098791,2024,BLOG,SA,2.652459e-05,0.4763037043593032
BLOG_SA_W4391386256,2024,BLOG,SA,1.3190405e-05,0.15902375394013923
BLOG_SA_W4391164176,2024,BLOG,SA,2.5794734e-05,0.4589371629851488
SKG_SUM_W4393065402,2024,SKG,SUM,9.2757255e-06,0.0658760049275886
SKG_QA_W4393065402,2024,SKG,QA,9.2757255e-06,0.0658760049275886
NOVEL_SA_W4390791326,2024,NOVEL,SA,1.0178313e-05,0.08735260190362854
BLOG_SUM_W1650569836,2024,BLOG,SUM,9.339252e-06,0.06738758473320122
BLOG_SA_W4392621828,2024,BLOG,SA,2.6432983e-05,0.4741239637588805
SKG_SUM_W4391876619,2024,SKG,SUM,2.394405e-05,0.4149011062061601
NOVEL_SUM_W4392044798,2024,NOVEL,SUM,2.4784942e-05,0.43490969106289273
NOVEL_QA_W4403420208,2024,NOVEL,QA,2.6588616e-05,0.4778271695058823
BLOG_SA_W4394828356,2024,BLOG,SA,2.443388e-05,0.42655635458570623
BLOG_NLI_W4391855109,2024,BLOG,NLI,2.3380926e-05,0.4015018654726738
NOVEL_SA_W4396583326,2024,NOVEL,SA,2.2346929e-05,0.37689844824893165
NOVEL_SA_W4403939428,2024,NOVEL,SA,2.4703439e-05,0.43297036985210907
SKG_DIA_W4393065402,2024,SKG,DIA,9.2757255e-06,0.0658760049275886
SKG_MT_W4393065402,2024,SKG,MT,9.2757255e-06,0.0658760049275886
SKG_NLI_W4393065402,2024,SKG,NLI,9.2757255e-06,0.0658760049275886
NOVEL_SA_W4396560090,2024,NOVEL,SA,2.0846432e-05,0.34119490778027123
NOVEL_DIA_W4404046121,2024,NOVEL,DIA,2.2679229e-05,0.38480535275972766
SKG_QA_W4402665833,2024,SKG,QA,2.4819145e-05,0.4357235335395186
NOVEL_QA_W4391876619,2024,NOVEL,QA,2.394405e-05,0.4149011062061601
SKG_DIA_W4391876619,2024,SKG,DIA,2.394405e-05,0.4149011062061601
SKG_QA_W4391876619,2024,SKG,QA,2.394405e-05,0.4149011062061601
NOVEL_MT_W4403369705,2024,NOVEL,MT,2.4484636e-05,0.4277640670303345
BLOG_DIA_W4391855109,2024,BLOG,DIA,2.3380926e-05,0.4015018654726738
NOVEL_QA_W4392044798,2024,NOVEL,QA,2.4784942e-05,0.43490969106289273
NOVEL_DIA_W4390912254,2024,NOVEL,DIA,2.6816602e-05,0.4832519770045231
NOVEL_QA_W4391855109,2024,NOVEL,QA,2.3380926e-05,0.4015018654726738
NOVEL_MT_W4391855109,2024,NOVEL,MT,2.3380926e-05,0.4015018654726738
BLOG_SA_W4391855109,2024,BLOG,SA,2.3380926e-05,0.4015018654726738
BLOG_QA_W4391855109,2024,BLOG,QA,2.3380926e-05,0.4015018654726738
BLOG_PAR_W4391855109,2024,BLOG,PAR,2.3380926e-05,0.4015018654726738
SKG_SUM_W4402061574,2024,SKG,SUM,2.324779e-05,0.398333964061451
NOVEL_MT_W4392471745,2024,NOVEL,MT,2.5542535e-05,0.4529362198292107
SKG_SUM_W4390692489,2024,SKG,SUM,2.574195e-05,0.45768119534236257
SKG_QA_W4390692489,2024,SKG,QA,2.574195e-05,0.45768119534236257
SKG_NLI_W4390692489,2024,SKG,NLI,2.574195e-05,0.45768119534236257
NOVEL_QA_W4390692489,2024,NOVEL,QA,2.574195e-05,0.45768119534236257
NOVEL_DIA_W4390692489,2024,NOVEL,DIA,2.574195e-05,0.45768119534236257
BLOG_DIA_W4399790131,2024,BLOG,DIA,1.07565875e-05,0.10111234085195325
SKG_DIA_W4394828156,2024,SKG,DIA,2.5180716e-05,0.44432692616928987
SKG_NLI_W4394828156,2024,SKG,NLI,2.5180716e-05,0.44432692616928987
NOVEL_DIA_W4392240262,2024,NOVEL,DIA,2.3843539e-05,0.4125094995877893
SKG_DIA_W4392240262,2024,SKG,DIA,2.3843539e-05,0.4125094995877893
SKG_NLI_W4392240262,2024,SKG,NLI,2.3843539e-05,0.4125094995877893
SKG_SA_W4392240262,2024,SKG,SA,2.3843539e-05,0.4125094995877893
SKG_SA_W4399518864,2024,SKG,SA,2.610845e-05,0.46640187094635516
SKG_SUM_W4391994727,2024,SKG,SUM,2.4331475e-05,0.4241196812290164
NOVEL_DIA_W4399790131,2024,NOVEL,DIA,1.0881191e-05,0.10407721589321406
NOVEL_DIA_W4390828922,2024,NOVEL,DIA,2.5931377e-05,0.4621885116251389
NOVEL_DIA_W4394828156,2024,NOVEL,DIA,2.5180716e-05,0.44432692616928987
NOVEL_MT_W4392757206,2024,NOVEL,MT,1.1051047e-05,0.10811885047818476
BLOG_MT_W2626778328,2025,BLOG,MT,1.9864126e-05,0.3178214508366
NOVEL_MT_W2626778328,2025,NOVEL,MT,1.9864126e-05,0.3178214508366
NOVEL_MT_188,2025,NOVEL,MT,2.3371364e-05,0.4012743426892485
NOVEL_DIA_W202708134,2025,NOVEL,DIA,2.5487978e-05,0.4516380645797509
SKG_NLI_W4406152279,2025,SKG,NLI,1.1993717e-05,0.1305491895548987
SKG_SUM_W4406152279,2025,SKG,SUM,2.4347259e-05,0.42449525324466003
NOVEL_QA_W4406152279,2025,NOVEL,QA,1.2104383e-05,0.13318242908120553
NOVEL_DIA_W1511604355,2025,NOVEL,DIA,3.4353794e-05,0.6625955142405611
SKG_NLI_W4406026056,2025,SKG,NLI,2.542018e-05,0.45002484666815606
BLOG_SUM_W4394666973,2025,BLOG,SUM,2.4033408e-05,0.41702733302913847
BLOG_SUM_W4411096100,2025,BLOG,SUM,2.3163919e-05,0.39633829753053024
BLOG_PAR_W4406102289,2025,BLOG,PAR,2.95017e-05,0.5471424780220653
SKG_DIA_W4406026056,2025,SKG,DIA,2.542018e-05,0.45002484666815606
NOVEL_MT_W1591719028,2025,NOVEL,MT,2.4441058e-05,0.4267271513373719
BLOG_DIA_W1994546180,2025,BLOG,DIA,2.2758893e-05,0.3867009159283947
BLOG_QA_W1994546180,2025,BLOG,QA,2.2758893e-05,0.3867009159283947
NOVEL_DIA_W1994546180,2025,NOVEL,DIA,2.2758893e-05,0.3867009159283947
