paper_id,transE_score,year
NOVEL_DIA_0,13.764206886291504,2021.0
NOVEL_DIA_1,13.887439727783203,2021.0
NOVEL_DIA_2,12.744154930114746,2021.0
NOVEL_DIA_3,13.695125579833984,2021.0
NOVEL_DIA_4,14.023001670837402,2021.0
NOVEL_DIA_5,13.932812690734863,2021.0
NOVEL_DIA_6,13.567558288574219,2021.0
NOVEL_DIA_8,12.796449661254883,2021.0
NOVEL_DIA_10,13.77225112915039,2021.0
NOVEL_DIA_11,12.647415161132812,2021.0
NOVEL_DIA_12,13.626029968261719,2021.0
NOVEL_DIA_13,13.983545303344727,2021.0
NOVEL_DIA_14,14.077194213867188,2021.0
NOVEL_DIA_16,12.63183307647705,2021.0
NOVEL_DIA_17,13.593910217285156,2021.0
NOVEL_DIA_18,13.685982704162598,2021.0
NOVEL_DIA_20,13.77731704711914,2021.0
NOVEL_DIA_21,13.886266708374023,2021.0
NOVEL_DIA_22,13.726430892944336,2021.0
NOVEL_DIA_23,13.546191215515137,2021.0
NOVEL_DIA_24,13.889461517333984,2021.0
NOVEL_DIA_25,14.192160606384277,2021.0
NOVEL_DIA_26,13.809305191040039,2021.0
NOVEL_DIA_28,13.637438774108887,2021.0
NOVEL_DIA_29,13.812708854675293,2021.0
NOVEL_DIA_30,14.04162883758545,2021.0
NOVEL_DIA_31,13.838233947753906,2021.0
NOVEL_DIA_33,13.093387603759766,2021.0
NOVEL_DIA_34,13.693197250366211,2021.0
NOVEL_DIA_35,12.751448631286621,2021.0
NOVEL_DIA_37,14.041743278503418,2021.0
NOVEL_DIA_39,13.762886047363281,2021.0
NOVEL_DIA_40,13.340493202209473,2021.0
NOVEL_DIA_41,12.643660545349121,2021.0
NOVEL_DIA_42,13.634111404418945,2021.0
NOVEL_DIA_43,14.05176067352295,2021.0
NOVEL_DIA_44,13.744736671447754,2021.0
NOVEL_DIA_45,13.930399894714355,2021.0
NOVEL_DIA_47,13.31761646270752,2021.0
NOVEL_DIA_49,13.074172973632812,2021.0
NOVEL_DIA_50,13.801544189453125,2021.0
NOVEL_DIA_51,12.882576942443848,2021.0
NOVEL_DIA_52,13.576591491699219,2021.0
NOVEL_DIA_53,13.588911056518555,2021.0
NOVEL_DIA_54,13.901490211486816,2021.0
NOVEL_DIA_55,13.806681632995605,2021.0
NOVEL_DIA_56,13.927033424377441,2021.0
NOVEL_DIA_59,12.903467178344727,2021.0
NOVEL_DIA_63,13.74788761138916,2021.0
NOVEL_DIA_65,13.423755645751953,2021.0
NOVEL_DIA_66,12.598655700683594,2021.0
NOVEL_DIA_67,13.700597763061523,2021.0
NOVEL_DIA_68,13.573966979980469,2021.0
NOVEL_DIA_69,13.773580551147461,2021.0
NOVEL_DIA_70,13.942117691040039,2021.0
NOVEL_DIA_71,13.494514465332031,2021.0
NOVEL_MT_0,13.845006942749023,2021.0
NOVEL_MT_2,13.887441635131836,2021.0
NOVEL_MT_4,14.040340423583984,2021.0
NOVEL_MT_5,13.763240814208984,2021.0
NOVEL_MT_9,13.506210327148438,2020.0
NOVEL_MT_10,13.40137004852295,2021.0
NOVEL_MT_11,12.581300735473633,2021.0
NOVEL_MT_15,12.732592582702637,2021.0
NOVEL_MT_16,13.57565975189209,2021.0
NOVEL_MT_17,13.828207969665527,2021.0
NOVEL_MT_19,13.518149375915527,2021.0
NOVEL_MT_21,14.134113311767578,2021.0
NOVEL_MT_23,13.939651489257812,2021.0
NOVEL_MT_24,12.73124885559082,2021.0
NOVEL_MT_25,13.853681564331055,2021.0
NOVEL_MT_26,13.714456558227539,2021.0
NOVEL_MT_29,13.90775203704834,2021.0
NOVEL_MT_31,13.725810050964355,2021.0
NOVEL_MT_35,14.110495567321777,2021.0
NOVEL_MT_37,12.718989372253418,2021.0
NOVEL_MT_39,13.63603401184082,2021.0
NOVEL_MT_40,12.853204727172852,2021.0
NOVEL_MT_42,14.06649398803711,2021.0
NOVEL_MT_45,13.53803539276123,2021.0
NOVEL_MT_47,12.824843406677246,2021.0
NOVEL_MT_49,13.860311508178711,2021.0
NOVEL_MT_52,13.51647663116455,2021.0
NOVEL_MT_53,12.91822624206543,2021.0
NOVEL_MT_54,12.67513370513916,2021.0
NOVEL_MT_60,13.709769248962402,2022.0
NOVEL_MT_61,13.783344268798828,2021.0
NOVEL_MT_62,13.59572982788086,2021.0
NOVEL_MT_63,12.814955711364746,2021.0
NOVEL_MT_64,13.788688659667969,2021.0
NOVEL_MT_66,12.688263893127441,2021.0
NOVEL_MT_67,13.491703987121582,2021.0
NOVEL_MT_71,13.733512878417969,2021.0
NOVEL_MT_74,13.52455997467041,2021.0
NOVEL_MT_77,13.566816329956055,2021.0
NOVEL_MT_78,12.782637596130371,2021.0
NOVEL_MT_81,14.202675819396973,2021.0
NOVEL_MT_82,13.633221626281738,2021.0
NOVEL_MT_83,13.686161994934082,2021.0
NOVEL_MT_86,12.994460105895996,2021.0
NOVEL_MT_88,13.420888900756836,2021.0
NOVEL_MT_89,12.932023048400879,2021.0
NOVEL_MT_91,13.665584564208984,2021.0
NOVEL_MT_92,13.522566795349121,2021.0
NOVEL_MT_93,13.563952445983887,2021.0
NOVEL_MT_95,13.904352188110352,2020.0
NOVEL_MT_96,12.795108795166016,2021.0
NOVEL_MT_99,13.897395133972168,2021.0
NOVEL_MT_101,13.981867790222168,2021.0
NOVEL_MT_104,13.636482238769531,2021.0
NOVEL_MT_105,13.951889038085938,2021.0
NOVEL_MT_107,13.687520027160645,2021.0
NOVEL_MT_108,13.834253311157227,2021.0
NOVEL_MT_109,13.885429382324219,2021.0
NOVEL_MT_110,13.630891799926758,2021.0
NOVEL_MT_112,14.024214744567871,2021.0
NOVEL_MT_113,13.480456352233887,2021.0
NOVEL_MT_115,13.513771057128906,2021.0
NOVEL_MT_116,13.798371315002441,2021.0
NOVEL_MT_117,13.972525596618652,2021.0
NOVEL_MT_118,13.838223457336426,2021.0
NOVEL_MT_120,13.607391357421875,2021.0
NOVEL_MT_121,12.718299865722656,2021.0
NOVEL_MT_122,13.40047836303711,2021.0
NOVEL_MT_124,12.860745429992676,2021.0
NOVEL_MT_125,13.500807762145996,2021.0
NOVEL_MT_127,13.443325996398926,2021.0
NOVEL_MT_128,12.704638481140137,2021.0
NOVEL_MT_130,13.832588195800781,2021.0
NOVEL_MT_132,13.472273826599121,2021.0
NOVEL_MT_133,13.711252212524414,2021.0
NOVEL_MT_137,13.458873748779297,2021.0
NOVEL_MT_139,12.586562156677246,2021.0
NOVEL_MT_140,13.686408042907715,2021.0
NOVEL_MT_141,13.426681518554688,2021.0
NOVEL_MT_144,12.73332691192627,2021.0
NOVEL_MT_148,13.4732666015625,2021.0
NOVEL_MT_150,12.653982162475586,2021.0
NOVEL_MT_153,13.652772903442383,2021.0
NOVEL_MT_154,12.820365905761719,2021.0
NOVEL_MT_155,13.530657768249512,2021.0
NOVEL_MT_156,13.820478439331055,2021.0
NOVEL_MT_161,12.529512405395508,2021.0
NOVEL_MT_163,13.386249542236328,2020.0
NOVEL_MT_165,14.020724296569824,2021.0
NOVEL_MT_167,12.723798751831055,2021.0
NOVEL_MT_168,13.667004585266113,2021.0
NOVEL_MT_172,12.701659202575684,2021.0
NOVEL_MT_174,13.826748847961426,2021.0
NOVEL_MT_177,13.940436363220215,2021.0
NOVEL_MT_179,12.657793998718262,2021.0
NOVEL_MT_180,12.690873146057129,2021.0
NOVEL_MT_181,13.63220500946045,2021.0
NOVEL_MT_182,13.903592109680176,2021.0
NOVEL_MT_183,13.883749008178711,2021.0
NOVEL_MT_185,12.902097702026367,2021.0
NOVEL_MT_186,12.810588836669922,2021.0
NOVEL_MT_187,12.779656410217285,2021.0
NOVEL_MT_188,13.840923309326172,2025.0
NOVEL_MT_189,12.652746200561523,2021.0
NOVEL_MT_190,13.64585018157959,2021.0
NOVEL_MT_192,13.837601661682129,2021.0
NOVEL_MT_193,13.55032730102539,2021.0
NOVEL_MT_198,12.772711753845215,2021.0
NOVEL_MT_202,12.83177661895752,2021.0
NOVEL_MT_205,13.743762016296387,2021.0
NOVEL_MT_207,12.643135070800781,2021.0
NOVEL_MT_208,12.709667205810547,2021.0
NOVEL_MT_209,13.819587707519531,2021.0
NOVEL_MT_210,13.472622871398926,2021.0
NOVEL_MT_213,12.603202819824219,2021.0
NOVEL_MT_214,13.196934700012207,2021.0
NOVEL_MT_215,12.685554504394531,2021.0
NOVEL_MT_218,13.691396713256836,2021.0
NOVEL_MT_219,13.790863037109375,2021.0
NOVEL_MT_221,13.337010383605957,2021.0
NOVEL_MT_224,12.72814655303955,2021.0
NOVEL_MT_227,13.905259132385254,2021.0
NOVEL_MT_228,13.479974746704102,2021.0
NOVEL_MT_230,13.728438377380371,2021.0
NOVEL_MT_234,13.513489723205566,2021.0
NOVEL_MT_235,13.568941116333008,2021.0
NOVEL_MT_236,13.502355575561523,2021.0
NOVEL_MT_238,13.763254165649414,2021.0
NOVEL_MT_243,12.755254745483398,2021.0
NOVEL_MT_244,13.602846145629883,2022.0
NOVEL_MT_245,12.790998458862305,2021.0
NOVEL_MT_246,13.72260570526123,2021.0
NOVEL_MT_247,13.815746307373047,2021.0
NOVEL_MT_250,12.732388496398926,2021.0
NOVEL_MT_252,12.870743751525879,2021.0
NOVEL_MT_253,13.625692367553711,2021.0
NOVEL_MT_254,12.582159042358398,2021.0
NOVEL_MT_255,12.491318702697754,2021.0
NOVEL_MT_256,13.813136100769043,2021.0
NOVEL_MT_257,13.750231742858887,2021.0
NOVEL_MT_258,12.733843803405762,2021.0
NOVEL_MT_259,13.68874740600586,2021.0
NOVEL_MT_261,12.966391563415527,2021.0
NOVEL_MT_262,13.65141773223877,2021.0
NOVEL_MT_264,13.845677375793457,2021.0
NOVEL_MT_265,13.797175407409668,2021.0
NOVEL_MT_266,12.771893501281738,2021.0
NOVEL_MT_267,12.94685173034668,2021.0
NOVEL_MT_268,13.846885681152344,2021.0
NOVEL_MT_269,13.695075035095215,2021.0
NOVEL_MT_270,13.749122619628906,2021.0
NOVEL_MT_271,13.775714874267578,2021.0
NOVEL_MT_274,12.812117576599121,2021.0
NOVEL_MT_275,13.275731086730957,2021.0
NOVEL_MT_277,13.691879272460938,2021.0
NOVEL_MT_280,12.706557273864746,2022.0
NOVEL_MT_281,13.21678352355957,2021.0
NOVEL_MT_282,13.70190143585205,2021.0
NOVEL_MT_283,13.901559829711914,2021.0
NOVEL_MT_284,12.677078247070312,2021.0
NOVEL_MT_286,13.70368480682373,2021.0
NOVEL_MT_287,13.94483757019043,2021.0
NOVEL_MT_289,13.594292640686035,2021.0
NOVEL_MT_290,13.056807518005371,2021.0
NOVEL_MT_291,14.00650405883789,2021.0
NOVEL_MT_295,12.661942481994629,2021.0
NOVEL_MT_298,13.769701957702637,2021.0
NOVEL_MT_300,13.569816589355469,2021.0
NOVEL_MT_301,13.62460994720459,2021.0
NOVEL_MT_303,13.820915222167969,2021.0
NOVEL_MT_304,13.835349082946777,2021.0
NOVEL_MT_305,12.5497407913208,2021.0
NOVEL_MT_306,13.875570297241211,2024.0
NOVEL_QA_0,12.70213508605957,2021.0
NOVEL_QA_1,13.898670196533203,2021.0
NOVEL_QA_2,12.870980262756348,2021.0
NOVEL_QA_3,13.383456230163574,2021.0
NOVEL_QA_4,13.459952354431152,2021.0
NOVEL_QA_5,13.84445571899414,2021.0
NOVEL_QA_7,12.769580841064453,2021.0
NOVEL_QA_8,13.753951072692871,2021.0
NOVEL_QA_10,13.306463241577148,2021.0
NOVEL_QA_12,13.64223575592041,2021.0
NOVEL_QA_13,13.985396385192871,2021.0
NOVEL_QA_14,12.829837799072266,2021.0
NOVEL_QA_15,13.752983093261719,2021.0
NOVEL_QA_16,13.677834510803223,2021.0
NOVEL_QA_17,13.855436325073242,2021.0
NOVEL_QA_18,13.79189395904541,2021.0
NOVEL_QA_21,12.712170600891113,2021.0
NOVEL_QA_22,13.693921089172363,2021.0
NOVEL_QA_23,13.707365036010742,2021.0
NOVEL_QA_24,14.054829597473145,2021.0
NOVEL_QA_25,13.561849594116211,2021.0
NOVEL_QA_26,12.444953918457031,2021.0
NOVEL_QA_27,13.704522132873535,2021.0
NOVEL_QA_30,13.789203643798828,2021.0
NOVEL_QA_32,13.967439651489258,2021.0
NOVEL_QA_33,13.76832103729248,2021.0
NOVEL_QA_34,13.83581829071045,2021.0
NOVEL_QA_35,12.799664497375488,2021.0
NOVEL_QA_36,13.60847282409668,2021.0
NOVEL_QA_37,13.44528865814209,2021.0
NOVEL_QA_38,13.60760498046875,2020.0
NOVEL_QA_39,13.684292793273926,2021.0
NOVEL_QA_40,13.800237655639648,2021.0
NOVEL_QA_43,12.74043083190918,2021.0
NOVEL_QA_44,12.818633079528809,2021.0
NOVEL_QA_45,13.673083305358887,2021.0
NOVEL_QA_46,13.77791976928711,2021.0
NOVEL_QA_47,12.523030281066895,2021.0
NOVEL_QA_48,13.645539283752441,2021.0
NOVEL_QA_50,13.852367401123047,2021.0
NOVEL_QA_52,13.915852546691895,2021.0
NOVEL_QA_53,13.660651206970215,2021.0
NOVEL_QA_54,13.450249671936035,2021.0
NOVEL_QA_55,13.600164413452148,2021.0
NOVEL_QA_57,13.78115177154541,2021.0
NOVEL_QA_58,13.725077629089355,2021.0
NOVEL_QA_59,13.200095176696777,2021.0
NOVEL_QA_60,13.44894027709961,2021.0
NOVEL_QA_61,12.633370399475098,2021.0
NOVEL_QA_62,13.64585018157959,2021.0
NOVEL_QA_63,12.698559761047363,2021.0
NOVEL_QA_64,12.80740737915039,2021.0
NOVEL_QA_65,12.768341064453125,2021.0
NOVEL_QA_66,13.899876594543457,2021.0
NOVEL_QA_67,13.474137306213379,2021.0
NOVEL_QA_69,12.744107246398926,2021.0
NOVEL_QA_70,12.811092376708984,2021.0
NOVEL_QA_72,14.119217872619629,2021.0
NOVEL_QA_74,13.75208854675293,2021.0
NOVEL_QA_75,12.751072883605957,2021.0
NOVEL_QA_76,12.769471168518066,2021.0
NOVEL_QA_77,12.756054878234863,2021.0
NOVEL_QA_79,12.690204620361328,2021.0
NOVEL_QA_80,12.809484481811523,2021.0
NOVEL_QA_81,13.932719230651855,2021.0
NOVEL_QA_83,13.479679107666016,2021.0
NOVEL_QA_84,12.759587287902832,2021.0
NOVEL_QA_86,12.668499946594238,2021.0
NOVEL_SA_0,12.894648551940918,2021.0
NOVEL_SA_1,13.323162078857422,2021.0
NOVEL_SA_2,12.769010543823242,2021.0
NOVEL_SA_3,12.535886764526367,2021.0
NOVEL_SA_4,12.629310607910156,2021.0
NOVEL_SA_7,12.89478588104248,2021.0
NOVEL_SA_8,12.697787284851074,2021.0
NOVEL_SA_9,13.432109832763672,2021.0
NOVEL_SA_10,13.808306694030762,2021.0
NOVEL_SA_11,13.622489929199219,2021.0
NOVEL_SA_12,13.728311538696289,2021.0
NOVEL_SA_13,12.858163833618164,2021.0
NOVEL_SA_14,12.804705619812012,2021.0
NOVEL_SA_15,13.985396385192871,2021.0
NOVEL_SA_16,13.752983093261719,2021.0
NOVEL_SA_17,12.751873970031738,2021.0
NOVEL_SA_18,13.677834510803223,2021.0
NOVEL_SA_19,12.5535249710083,2021.0
NOVEL_SA_20,12.712078094482422,2021.0
NOVEL_SA_21,14.064483642578125,2021.0
NOVEL_SA_22,14.286855697631836,2021.0
NOVEL_SA_24,13.707365036010742,2021.0
NOVEL_SA_25,12.79079818725586,2021.0
NOVEL_SA_26,13.814641952514648,2021.0
NOVEL_SA_27,13.967439651489258,2021.0
NOVEL_SA_28,13.608470916748047,2021.0
NOVEL_SA_29,12.945402145385742,2021.0
NOVEL_SA_30,14.172832489013672,2021.0
NOVEL_SA_31,13.44528865814209,2021.0
NOVEL_SA_33,13.875324249267578,2021.0
NOVEL_SA_34,13.877034187316895,2021.0
NOVEL_SA_37,13.645539283752441,2021.0
NOVEL_SA_38,13.58198356628418,2021.0
NOVEL_SA_39,13.600164413452148,2021.0
NOVEL_SA_40,13.78115177154541,2021.0
NOVEL_SA_41,12.653287887573242,2021.0
NOVEL_SA_42,13.44894027709961,2021.0
NOVEL_SA_43,13.620431900024414,2021.0
NOVEL_SA_44,13.64585018157959,2021.0
NOVEL_SA_45,12.78764820098877,2021.0
NOVEL_SA_46,13.552657127380371,2021.0
NOVEL_SA_48,12.693414688110352,2021.0
NOVEL_SA_49,12.768614768981934,2021.0
NOVEL_SA_50,14.134880065917969,2021.0
NOVEL_SA_51,12.70176887512207,2021.0
NOVEL_SA_52,13.621685028076172,2021.0
NOVEL_SA_53,12.657135963439941,2021.0
NOVEL_SA_55,12.837106704711914,2021.0
NOVEL_SA_56,14.119217872619629,2021.0
NOVEL_SA_57,13.891499519348145,2021.0
NOVEL_SA_58,13.623143196105957,2021.0
NOVEL_SA_59,13.75887680053711,2021.0
NOVEL_SA_60,12.773548126220703,2021.0
NOVEL_SA_61,13.804672241210938,2021.0
NOVEL_SA_62,14.048548698425293,2021.0
NOVEL_SA_63,13.895224571228027,2021.0
NOVEL_SA_64,13.932719230651855,2021.0
NOVEL_SA_65,13.783262252807617,2021.0
NOVEL_SA_66,14.046516418457031,2021.0
NOVEL_SA_67,13.908366203308105,2021.0
NOVEL_SA_69,12.5497407913208,2021.0
NOVEL_SUM_3,13.774922370910645,2021.0
NOVEL_SUM_6,12.832974433898926,2021.0
NOVEL_SUM_7,13.64223575592041,2021.0
NOVEL_SUM_8,13.920326232910156,2021.0
NOVEL_SUM_10,14.053773880004883,2021.0
NOVEL_SUM_11,13.888797760009766,2021.0
NOVEL_SUM_12,12.689470291137695,2021.0
NOVEL_SUM_13,14.044808387756348,2021.0
NOVEL_SUM_14,13.923666954040527,2021.0
NOVEL_SUM_15,12.712078094482422,2021.0
NOVEL_SUM_16,13.737706184387207,2021.0
NOVEL_SUM_17,13.691211700439453,2021.0
NOVEL_SUM_19,13.886263847351074,2021.0
NOVEL_SUM_20,13.65321159362793,2021.0
NOVEL_SUM_21,12.585718154907227,2021.0
NOVEL_SUM_22,13.809306144714355,2021.0
NOVEL_SUM_23,12.486324310302734,2021.0
NOVEL_SUM_24,12.632640838623047,2021.0
NOVEL_SUM_26,14.221933364868164,2021.0
NOVEL_SUM_28,13.768320083618164,2021.0
NOVEL_SUM_30,13.92808723449707,2021.0
NOVEL_SUM_31,13.522336959838867,2021.0
NOVEL_SUM_32,13.855661392211914,2021.0
NOVEL_SUM_33,13.90482234954834,2021.0
NOVEL_SUM_36,13.765804290771484,2021.0
NOVEL_SUM_37,13.317740440368652,2021.0
NOVEL_SUM_38,12.825366020202637,2021.0
NOVEL_SUM_39,12.801609992980957,2021.0
NOVEL_SUM_41,12.765286445617676,2021.0
NOVEL_SUM_42,12.831347465515137,2021.0
NOVEL_SUM_44,14.051758766174316,2021.0
NOVEL_SUM_45,12.730311393737793,2021.0
NOVEL_SUM_46,13.99443244934082,2021.0
NOVEL_SUM_47,12.724472045898438,2021.0
NOVEL_SUM_49,12.69462776184082,2021.0
NOVEL_SUM_52,13.637598037719727,2021.0
NOVEL_SUM_53,12.692046165466309,2021.0
NOVEL_SUM_54,13.927033424377441,2021.0
NOVEL_SUM_56,12.530679702758789,2021.0
NOVEL_SUM_58,12.650413513183594,2021.0
NOVEL_SUM_59,13.585494041442871,2021.0
NOVEL_SUM_60,12.73608684539795,2021.0
NOVEL_SUM_61,14.020721435546875,2021.0
NOVEL_SUM_64,13.610593795776367,2021.0
NOVEL_SUM_66,13.977029800415039,2021.0
NOVEL_SUM_67,12.738966941833496,2021.0
NOVEL_SUM_68,13.748173713684082,2021.0
NOVEL_SUM_69,13.982949256896973,2021.0
NOVEL_SUM_70,12.732068061828613,2021.0
NOVEL_SUM_71,13.730527877807617,2021.0
NOVEL_SUM_72,12.667305946350098,2021.0
NOVEL_SUM_73,14.03597354888916,2021.0
NOVEL_SUM_75,13.755599021911621,2021.0
NOVEL_SUM_76,13.847949981689453,2021.0
NOVEL_SUM_77,13.748492240905762,2021.0
NOVEL_DIA_W4319662928,13.909722328186035,2023.0
NOVEL_DIA_W4319460874,13.682231903076172,2023.0
NOVEL_DIA_W4321499901,13.171945571899414,2023.0
NOVEL_DIA_W4321351832,13.511297225952148,2023.0
NOVEL_DIA_W4368367885,13.524369239807129,2023.0
NOVEL_DIA_W4360980141,13.486367225646973,2023.0
NOVEL_DIA_W4320495408,13.424347877502441,2023.0
NOVEL_DIA_W4323655724,13.2243070602417,2023.0
NOVEL_DIA_W4323050332,13.859597206115723,2023.0
NOVEL_DIA_W4387500346,13.222500801086426,2023.0
NOVEL_DIA_W4322761615,13.559233665466309,2023.0
NOVEL_DIA_W4362581834,13.661986351013184,2023.0
NOVEL_DIA_W4323848232,13.754570007324219,2023.0
NOVEL_DIA_W4399790131,13.518254280090332,2024.0
NOVEL_DIA_W4284991798,13.644265174865723,2022.0
NOVEL_DIA_W4388095513,13.32041072845459,2023.0
NOVEL_DIA_W4319350602,13.910927772521973,2023.0
NOVEL_DIA_W4366989525,13.713468551635742,2023.0
NOVEL_DIA_W4353016766,13.663196563720703,2023.0
NOVEL_DIA_W4367051110,13.189593315124512,2023.0
NOVEL_DIA_W4386867830,13.809503555297852,2023.0
NOVEL_DIA_W4313479734,13.480463027954102,2023.0
NOVEL_DIA_W4392669753,12.7345609664917,2023.0
NOVEL_DIA_W4317853296,13.286601066589355,2023.0
NOVEL_DIA_W4315797044,13.78310489654541,2023.0
NOVEL_DIA_W4323359867,13.858955383300781,2023.0
NOVEL_DIA_W4321748146,13.941726684570312,2023.0
NOVEL_DIA_W4384200891,13.23668098449707,2023.0
NOVEL_DIA_W4387356888,13.725333213806152,2023.0
NOVEL_DIA_W3205786327,13.721653938293457,2022.0
NOVEL_DIA_W4380995257,13.661345481872559,2023.0
NOVEL_DIA_W4385242971,13.636346817016602,2023.0
NOVEL_DIA_W4386091044,13.678266525268555,2023.0
NOVEL_DIA_W4389519254,13.885181427001953,2023.0
NOVEL_DIA_W4389793309,13.796174049377441,2023.0
NOVEL_DIA_W4389523957,13.66592788696289,2023.0
NOVEL_DIA_W4388701278,13.31026840209961,2023.0
NOVEL_DIA_W4379416244,13.306357383728027,2023.0
NOVEL_DIA_W4381930847,13.785693168640137,2023.0
NOVEL_DIA_W4376626501,13.413602828979492,2023.0
NOVEL_DIA_W4323313947,13.771893501281738,2023.0
NOVEL_DIA_W4322631505,13.766221046447754,2023.0
NOVEL_DIA_W4386544117,13.50146484375,2023.0
NOVEL_DIA_W4386347795,13.056408882141113,2023.0
NOVEL_DIA_W4379010216,13.91016674041748,2023.0
NOVEL_DIA_W4378214315,13.673881530761719,2023.0
NOVEL_DIA_W4387954002,13.242670059204102,2023.0
NOVEL_DIA_W4364363895,13.76636028289795,2023.0
NOVEL_DIA_W4386045865,13.769704818725586,2023.0
NOVEL_DIA_W4308947461,13.345747947692871,2022.0
NOVEL_DIA_W4389934892,13.313350677490234,2023.0
NOVEL_DIA_W4377010595,13.660797119140625,2023.0
NOVEL_DIA_W4377041488,13.890218734741211,2023.0
NOVEL_DIA_W4386072877,13.376219749450684,2023.0
NOVEL_DIA_W4327672398,13.653714179992676,2023.0
NOVEL_DIA_W4360980513,13.289173126220703,2023.0
NOVEL_DIA_W4317435136,13.200618743896484,2023.0
NOVEL_DIA_W4380997513,13.811236381530762,2023.0
NOVEL_DIA_W4387232979,13.177051544189453,2023.0
NOVEL_DIA_W4389203481,13.836288452148438,2023.0
NOVEL_DIA_W4366703942,13.65920352935791,2023.0
NOVEL_DIA_W4378470708,13.79516315460205,2023.0
NOVEL_DIA_W4321504196,13.761893272399902,2023.0
NOVEL_DIA_W4323568782,13.869921684265137,2023.0
NOVEL_DIA_W4379054888,13.381525039672852,2023.0
NOVEL_DIA_W4385346108,13.3006010055542,2023.0
NOVEL_DIA_W4380685958,13.723482131958008,2023.0
NOVEL_DIA_W4319663047,13.039644241333008,2023.0
NOVEL_DIA_W4361282369,13.546066284179688,2023.0
NOVEL_DIA_W4376872703,13.683443069458008,2023.0
NOVEL_DIA_W4386317922,13.934579849243164,2023.0
NOVEL_DIA_W4312212221,13.247177124023438,2022.0
NOVEL_MT_W4392343318,13.044678688049316,2024.0
NOVEL_MT_W4387230320,13.585686683654785,2023.0
NOVEL_MT_W3163465952,13.894426345825195,2022.0
NOVEL_MT_W4315865958,13.791197776794434,2023.0
NOVEL_MT_W4385614625,13.029301643371582,2023.0
NOVEL_MT_W4315642941,13.060042381286621,2023.0
NOVEL_MT_W4220897376,13.975337982177734,2022.0
NOVEL_MT_W4392757206,13.609596252441406,2024.0
NOVEL_MT_W4323666400,13.666568756103516,2023.0
NOVEL_MT_W3039695075,13.70673942565918,2022.0
NOVEL_MT_W4384296800,13.636950492858887,2023.0
NOVEL_MT_W4220991830,13.8494873046875,2022.0
NOVEL_MT_W4392851477,13.029459953308105,2024.0
NOVEL_MT_W4310569000,13.880791664123535,2022.0
NOVEL_MT_W4388590203,13.047165870666504,2023.0
NOVEL_MT_W4280531467,13.516447067260742,2022.0
NOVEL_MT_W4281560571,13.115273475646973,2022.0
NOVEL_MT_W4395445997,13.074871063232422,2024.0
NOVEL_MT_W4327811717,13.033499717712402,2023.0
NOVEL_MT_W4292731246,13.72427749633789,2022.0
NOVEL_MT_W4294992918,13.774630546569824,2022.0
NOVEL_MT_W4396936983,13.054740905761719,2024.0
NOVEL_MT_W4282015487,13.75854206085205,2022.0
NOVEL_MT_W4283799942,13.415821075439453,2022.0
NOVEL_MT_W4401349719,13.02042007446289,2024.0
NOVEL_QA_W4384071683,13.665975570678711,2023.0
NOVEL_QA_W4319460874,13.682231903076172,2023.0
NOVEL_QA_W4406152279,13.8452730178833,2025.0
NOVEL_QA_W4364377616,13.671103477478027,2023.0
NOVEL_QA_W4388424540,13.914328575134277,2023.0
NOVEL_SA_W4213436352,13.60931396484375,2022.0
NOVEL_SA_W4353016766,13.663196563720703,2023.0
NOVEL_SA_W4220866631,13.480321884155273,2022.0
NOVEL_SA_W4206670862,13.618385314941406,2022.0
NOVEL_SA_W4390791326,13.671823501586914,2024.0
NOVEL_SA_W4376138804,14.116949081420898,2023.0
NOVEL_SA_W4229024336,13.714838027954102,2022.0
NOVEL_SA_W4378470708,13.79516315460205,2023.0
NOVEL_SA_W4361282369,13.546066284179688,2023.0
NOVEL_SUM_W4388522045,13.616713523864746,2023.0
NOVEL_SUM_W4389519254,13.885181427001953,2023.0
NOVEL_SUM_W4285744692,13.577553749084473,2022.0
NOVEL_SUM_W4386120650,13.65974235534668,2023.0
SKG_DIA_0,13.72664737701416,2019.0
SKG_DIA_2,13.873414993286133,2020.0
SKG_DIA_3,13.83619213104248,2020.0
SKG_DIA_4,13.593801498413086,2019.0
SKG_DIA_6,13.87358570098877,2019.0
SKG_DIA_7,13.80850601196289,2020.0
SKG_DIA_8,13.07092571258545,2019.0
SKG_DIA_9,13.684493064880371,2018.0
SKG_DIA_10,13.992963790893555,2020.0
SKG_DIA_11,13.691207885742188,2020.0
SKG_DIA_12,13.908672332763672,2020.0
SKG_DIA_13,13.979607582092285,2020.0
SKG_DIA_14,13.680230140686035,2020.0
SKG_DIA_15,13.79695987701416,2016.0
SKG_DIA_16,13.930656433105469,2020.0
SKG_DIA_17,13.867134094238281,2020.0
SKG_DIA_18,14.076700210571289,2020.0
SKG_DIA_21,13.91988754272461,2017.0
SKG_DIA_22,13.477726936340332,2020.0
SKG_DIA_23,14.085944175720215,2019.0
SKG_DIA_24,13.2255220413208,2017.0
SKG_DIA_25,13.944162368774414,2017.0
SKG_DIA_27,13.862004280090332,2019.0
SKG_DIA_29,13.913382530212402,2020.0
SKG_DIA_30,13.111286163330078,2019.0
SKG_DIA_31,14.04444408416748,2017.0
SKG_DIA_32,13.729244232177734,2018.0
SKG_DIA_34,13.739158630371094,2018.0
SKG_DIA_35,13.761035919189453,2020.0
SKG_DIA_36,13.075291633605957,2019.0
SKG_DIA_39,13.460247039794922,2020.0
SKG_DIA_40,13.758495330810547,2015.0
SKG_DIA_41,13.266613006591797,2020.0
SKG_DIA_42,13.715949058532715,2020.0
SKG_DIA_44,13.924922943115234,2019.0
SKG_DIA_45,13.627096176147461,2020.0
SKG_DIA_46,13.982034683227539,2017.0
SKG_DIA_47,14.002674102783203,2020.0
SKG_DIA_49,13.576539993286133,2020.0
SKG_DIA_50,13.607608795166016,2019.0
SKG_DIA_51,12.841477394104004,2019.0
SKG_DIA_53,13.380364418029785,2020.0
SKG_DIA_54,12.844956398010254,2018.0
SKG_DIA_55,13.971230506896973,2020.0
SKG_DIA_57,12.90224838256836,2017.0
SKG_DIA_58,12.68508243560791,2018.0
SKG_DIA_60,13.747750282287598,2020.0
SKG_DIA_61,13.694397926330566,2020.0
SKG_DIA_62,13.979894638061523,2019.0
SKG_DIA_64,13.508819580078125,2014.0
SKG_DIA_65,13.603209495544434,2020.0
SKG_DIA_66,13.636140823364258,2019.0
SKG_DIA_68,14.00844955444336,2017.0
SKG_DIA_69,13.556344985961914,2020.0
SKG_DIA_70,13.560748100280762,2020.0
SKG_DIA_72,13.687512397766113,2020.0
SKG_DIA_73,13.71884822845459,2020.0
SKG_DIA_75,13.94364070892334,2020.0
SKG_DIA_76,12.771279335021973,2019.0
SKG_DIA_77,13.7727632522583,2018.0
SKG_DIA_78,13.610173225402832,2017.0
SKG_DIA_84,13.605081558227539,2019.0
SKG_DIA_86,13.728339195251465,2016.0
SKG_DIA_87,13.74224853515625,2017.0
SKG_DIA_88,12.996562957763672,2020.0
SKG_DIA_89,13.767694473266602,2018.0
SKG_DIA_90,13.789978981018066,2019.0
SKG_DIA_96,12.920136451721191,2019.0
SKG_DIA_97,14.002310752868652,2020.0
SKG_DIA_98,13.571544647216797,2020.0
SKG_DIA_99,13.634037971496582,2020.0
SKG_DIA_101,13.837814331054688,2020.0
SKG_DIA_102,13.662256240844727,2020.0
SKG_DIA_103,13.72990894317627,2020.0
SKG_DIA_104,14.054949760437012,2010.0
SKG_DIA_105,13.649945259094238,2020.0
SKG_DIA_106,13.754203796386719,2019.0
SKG_DIA_107,13.606146812438965,2020.0
SKG_DIA_108,13.817374229431152,2017.0
SKG_DIA_109,13.741229057312012,2016.0
SKG_DIA_111,13.82073974609375,2019.0
SKG_DIA_112,13.939300537109375,2020.0
SKG_DIA_113,13.745134353637695,2019.0
SKG_DIA_115,13.764248847961426,2020.0
SKG_DIA_116,13.5871000289917,2020.0
SKG_DIA_119,13.968080520629883,2020.0
SKG_DIA_120,13.66650676727295,2018.0
SKG_DIA_123,13.997475624084473,2019.0
SKG_DIA_124,13.787796974182129,2020.0
SKG_DIA_126,13.902016639709473,2020.0
SKG_DIA_127,13.882548332214355,2018.0
SKG_DIA_128,12.779212951660156,2018.0
SKG_DIA_129,13.042068481445312,2019.0
SKG_DIA_137,13.798377990722656,2018.0
SKG_DIA_139,13.930744171142578,2019.0
SKG_DIA_141,13.476691246032715,2018.0
SKG_DIA_143,13.925786018371582,2020.0
SKG_DIA_144,13.821313858032227,2020.0
SKG_DIA_145,13.459817886352539,2020.0
SKG_DIA_146,13.989555358886719,2017.0
SKG_DIA_147,12.909940719604492,2019.0
SKG_DIA_149,13.58924674987793,2019.0
SKG_DIA_150,12.661910057067871,2019.0
SKG_DIA_151,13.66494369506836,2020.0
SKG_DIA_153,13.013997077941895,2016.0
SKG_DIA_154,13.45869255065918,2020.0
SKG_DIA_155,13.829195976257324,2020.0
SKG_DIA_156,12.79127025604248,2018.0
SKG_DIA_158,13.826123237609863,2016.0
SKG_DIA_159,13.858988761901855,2020.0
SKG_DIA_160,13.771259307861328,2018.0
SKG_DIA_162,13.682157516479492,2017.0
SKG_DIA_164,12.851975440979004,2019.0
SKG_DIA_165,13.868280410766602,2020.0
SKG_DIA_166,13.694110870361328,2018.0
SKG_DIA_167,13.89255142211914,2017.0
SKG_DIA_168,13.927236557006836,2019.0
SKG_DIA_169,13.965927124023438,2020.0
SKG_DIA_173,14.031940460205078,2018.0
SKG_DIA_177,13.610843658447266,2020.0
SKG_DIA_178,13.663870811462402,2019.0
SKG_DIA_179,13.404374122619629,2018.0
SKG_DIA_180,13.975362777709961,2020.0
SKG_DIA_182,13.654122352600098,2012.0
SKG_DIA_185,14.076017379760742,2020.0
SKG_DIA_186,13.695265769958496,2020.0
SKG_DIA_187,13.778727531433105,2020.0
SKG_DIA_188,12.923202514648438,2019.0
SKG_DIA_191,13.834076881408691,2020.0
SKG_DIA_193,13.65161418914795,2019.0
SKG_DIA_196,13.08471393585205,2019.0
SKG_DIA_197,13.9097900390625,2020.0
SKG_DIA_200,13.3103666305542,2019.0
SKG_DIA_202,13.641478538513184,2019.0
SKG_DIA_203,12.785648345947266,2019.0
SKG_DIA_204,13.95901107788086,2016.0
SKG_DIA_206,13.981587409973145,2020.0
SKG_DIA_209,13.707903861999512,2010.0
SKG_DIA_210,13.686580657958984,2010.0
SKG_DIA_211,13.879844665527344,2014.0
SKG_DIA_213,13.975214958190918,2011.0
SKG_DIA_214,13.42558765411377,2020.0
SKG_DIA_216,13.68842887878418,2017.0
SKG_DIA_218,13.979656219482422,2020.0
SKG_DIA_219,13.74125862121582,2018.0
SKG_DIA_220,13.536527633666992,2013.0
SKG_DIA_222,13.89403247833252,2018.0
SKG_DIA_225,13.793115615844727,2019.0
SKG_DIA_226,13.820474624633789,2020.0
SKG_DIA_227,12.96668815612793,2019.0
SKG_DIA_228,13.4786376953125,2017.0
SKG_DIA_230,13.779930114746094,2020.0
SKG_DIA_231,14.348130226135254,2012.0
SKG_DIA_232,13.934795379638672,2020.0
SKG_DIA_233,13.327726364135742,2011.0
SKG_DIA_234,13.822872161865234,2019.0
SKG_DIA_235,13.637954711914062,2017.0
SKG_DIA_236,14.31949520111084,2020.0
SKG_DIA_237,13.70947265625,2020.0
SKG_DIA_238,12.88496208190918,2018.0
SKG_DIA_243,13.613180160522461,2018.0
SKG_DIA_244,13.586310386657715,2020.0
SKG_DIA_245,13.792936325073242,2016.0
SKG_DIA_247,13.78451919555664,2019.0
SKG_DIA_248,13.357195854187012,2020.0
SKG_DIA_251,13.39828872680664,2017.0
SKG_DIA_253,13.78768539428711,2011.0
SKG_DIA_254,13.644124984741211,2020.0
SKG_DIA_256,13.516854286193848,2017.0
SKG_DIA_257,12.937895774841309,2019.0
SKG_DIA_259,13.818889617919922,2018.0
SKG_DIA_260,13.419673919677734,2016.0
SKG_DIA_261,13.710017204284668,2019.0
SKG_DIA_262,13.644196510314941,2020.0
SKG_DIA_263,14.120755195617676,2020.0
SKG_DIA_264,13.79223918914795,2020.0
SKG_DIA_265,13.669342994689941,2020.0
SKG_DIA_266,13.91644287109375,2019.0
SKG_DIA_267,13.5677490234375,2016.0
SKG_DIA_268,12.798408508300781,2019.0
SKG_DIA_270,13.372418403625488,2020.0
SKG_DIA_271,12.852120399475098,2019.0
SKG_DIA_273,13.765978813171387,2020.0
SKG_DIA_275,13.79092788696289,2015.0
SKG_DIA_276,13.02297306060791,2019.0
SKG_DIA_277,13.017305374145508,2019.0
SKG_DIA_279,13.896961212158203,2019.0
SKG_DIA_280,13.829668045043945,2018.0
SKG_DIA_282,13.8720121383667,2019.0
SKG_DIA_283,13.651749610900879,2020.0
SKG_DIA_284,13.806262016296387,2019.0
SKG_DIA_285,13.855085372924805,2018.0
SKG_DIA_286,13.803017616271973,2020.0
SKG_DIA_287,13.20395565032959,2018.0
SKG_DIA_288,13.763387680053711,2011.0
SKG_DIA_289,13.630331039428711,2020.0
SKG_DIA_293,13.9619140625,2020.0
SKG_DIA_297,13.879507064819336,2020.0
SKG_DIA_298,13.714719772338867,2014.0
SKG_DIA_300,13.474064826965332,2015.0
SKG_DIA_302,13.431169509887695,2017.0
SKG_DIA_303,13.796566009521484,2017.0
SKG_DIA_304,13.890389442443848,2019.0
SKG_DIA_305,13.610474586486816,2020.0
SKG_DIA_306,12.920502662658691,2017.0
SKG_DIA_307,13.6708984375,2017.0
SKG_DIA_308,13.60525894165039,2019.0
SKG_DIA_309,13.526086807250977,2020.0
SKG_DIA_310,13.867952346801758,2016.0
SKG_DIA_311,13.628177642822266,2020.0
SKG_DIA_313,12.766621589660645,2019.0
SKG_DIA_314,13.598051071166992,2020.0
SKG_DIA_315,13.386860847473145,2020.0
SKG_DIA_316,13.304641723632812,2018.0
SKG_DIA_317,13.564297676086426,2020.0
SKG_DIA_318,13.757408142089844,2019.0
SKG_DIA_1,13.962180137634277,2018.0
SKG_MT_1,13.712617874145508,2016.0
SKG_MT_2,13.526498794555664,2016.0
SKG_MT_5,13.481905937194824,2020.0
SKG_MT_7,13.578303337097168,2012.0
SKG_MT_8,13.894071578979492,2020.0
SKG_MT_12,13.350979804992676,2020.0
SKG_MT_14,13.45237922668457,2013.0
SKG_MT_15,13.954377174377441,2010.0
SKG_MT_17,13.936652183532715,2010.0
SKG_MT_18,13.884563446044922,2015.0
SKG_MT_19,13.899591445922852,2019.0
SKG_MT_20,13.88441276550293,2019.0
SKG_MT_21,13.715791702270508,2013.0
SKG_MT_22,13.684134483337402,2013.0
SKG_MT_24,13.661127090454102,2015.0
SKG_MT_25,13.69035816192627,2017.0
SKG_MT_28,13.711407661437988,2020.0
SKG_MT_29,13.920492172241211,2018.0
SKG_MT_30,13.956849098205566,2019.0
SKG_MT_31,13.842540740966797,2017.0
SKG_MT_34,12.924127578735352,2019.0
SKG_MT_35,13.219989776611328,2019.0
SKG_MT_36,13.873417854309082,2020.0
SKG_MT_37,13.553845405578613,2020.0
SKG_MT_38,13.863324165344238,2017.0
SKG_MT_41,13.874143600463867,2020.0
SKG_MT_42,13.79837703704834,2020.0
SKG_MT_43,14.097554206848145,2019.0
SKG_MT_44,13.693617820739746,2013.0
SKG_MT_48,13.687545776367188,2015.0
SKG_MT_50,12.801031112670898,2019.0
SKG_MT_51,13.69913387298584,2020.0
SKG_MT_53,13.773311614990234,2017.0
SKG_MT_54,14.276161193847656,2020.0
SKG_MT_58,13.868082046508789,2011.0
SKG_MT_60,13.728790283203125,2019.0
SKG_MT_61,13.613851547241211,2010.0
SKG_MT_62,13.581655502319336,2017.0
SKG_MT_64,13.753368377685547,2018.0
SKG_MT_65,13.697992324829102,2020.0
SKG_MT_66,14.018448829650879,2017.0
SKG_MT_67,13.5018310546875,2019.0
SKG_MT_68,13.750194549560547,2019.0
SKG_MT_70,13.817837715148926,2019.0
SKG_MT_73,13.485689163208008,2019.0
SKG_MT_74,13.664255142211914,2012.0
SKG_MT_75,13.837814331054688,2019.0
SKG_MT_76,13.778582572937012,2020.0
SKG_MT_77,13.658829689025879,2013.0
SKG_MT_78,13.89095687866211,2012.0
SKG_MT_79,13.416529655456543,2013.0
SKG_MT_80,14.036972999572754,2013.0
SKG_MT_81,13.67550277709961,2020.0
SKG_MT_82,13.493861198425293,2018.0
SKG_MT_83,13.678030967712402,2018.0
SKG_MT_85,13.604388236999512,2012.0
SKG_MT_86,13.53139877319336,2018.0
SKG_MT_87,13.714123725891113,2011.0
SKG_MT_88,13.906485557556152,2017.0
SKG_MT_89,13.58002758026123,2012.0
SKG_MT_90,13.783424377441406,2019.0
SKG_MT_91,14.048921585083008,2013.0
SKG_MT_92,14.056971549987793,2012.0
SKG_MT_93,13.388660430908203,2012.0
SKG_MT_94,13.640917778015137,2013.0
SKG_MT_95,12.953374862670898,2019.0
SKG_MT_96,13.816585540771484,2018.0
SKG_MT_97,14.331683158874512,2014.0
SKG_MT_98,13.835982322692871,2019.0
SKG_MT_99,13.80782699584961,2020.0
SKG_MT_100,13.356791496276855,2013.0
SKG_MT_101,13.511237144470215,2019.0
SKG_MT_103,12.927997589111328,2016.0
SKG_MT_104,13.9297513961792,2017.0
SKG_MT_105,13.905888557434082,2020.0
SKG_MT_106,13.797908782958984,2019.0
SKG_MT_107,13.445244789123535,2016.0
SKG_MT_108,13.751331329345703,2015.0
SKG_MT_109,13.829187393188477,2015.0
SKG_MT_111,12.753642082214355,2019.0
SKG_MT_112,13.595745086669922,2020.0
SKG_MT_113,13.516050338745117,2019.0
SKG_MT_114,13.878512382507324,2020.0
SKG_MT_115,13.479660987854004,2020.0
SKG_MT_116,13.577937126159668,2014.0
SKG_MT_117,13.698277473449707,2011.0
SKG_MT_118,13.717171669006348,2020.0
SKG_MT_123,13.67267894744873,2017.0
SKG_MT_125,12.962908744812012,2019.0
SKG_MT_128,13.762178421020508,2019.0
SKG_MT_129,13.885347366333008,2020.0
SKG_MT_130,13.723518371582031,2019.0
SKG_MT_131,13.751270294189453,2012.0
SKG_MT_132,13.627511978149414,2020.0
SKG_MT_134,12.941036224365234,2019.0
SKG_MT_136,12.798826217651367,2017.0
SKG_MT_137,13.54005241394043,2010.0
SKG_MT_138,13.570396423339844,2018.0
SKG_MT_140,13.476770401000977,2020.0
SKG_MT_142,12.816987037658691,2019.0
SKG_MT_143,13.759246826171875,2018.0
SKG_MT_144,13.88029670715332,2011.0
SKG_MT_145,13.667732238769531,2020.0
SKG_MT_147,13.622771263122559,2013.0
SKG_MT_150,13.520411491394043,2013.0
SKG_MT_151,13.834891319274902,2017.0
SKG_MT_152,13.80712890625,2020.0
SKG_MT_154,13.67293930053711,2019.0
SKG_MT_155,13.864105224609375,2018.0
SKG_MT_156,13.990544319152832,2013.0
SKG_MT_157,13.645675659179688,2010.0
SKG_MT_158,14.027791976928711,2018.0
SKG_MT_159,13.68477725982666,2019.0
SKG_MT_161,13.660478591918945,2020.0
SKG_MT_163,13.926302909851074,2020.0
SKG_MT_165,13.72141170501709,2015.0
SKG_MT_166,13.058930397033691,2020.0
SKG_MT_168,13.722965240478516,2017.0
SKG_MT_169,13.440755844116211,2014.0
SKG_MT_171,12.596179008483887,2015.0
SKG_MT_172,13.621808052062988,2019.0
SKG_MT_173,13.572733879089355,2020.0
SKG_MT_174,13.694198608398438,2010.0
SKG_MT_177,13.774344444274902,2020.0
SKG_MT_178,13.686409950256348,2013.0
SKG_MT_180,13.824298858642578,2013.0
SKG_MT_183,13.55737590789795,2018.0
SKG_MT_186,13.923543930053711,2020.0
SKG_MT_187,14.286191940307617,2014.0
SKG_MT_189,13.739043235778809,2019.0
SKG_MT_190,13.858214378356934,2020.0
SKG_MT_194,13.701744079589844,2010.0
SKG_MT_195,13.767987251281738,2018.0
SKG_MT_196,14.080787658691406,2010.0
SKG_MT_197,13.680567741394043,2018.0
SKG_MT_200,13.436774253845215,2013.0
SKG_MT_201,13.851777076721191,2016.0
SKG_MT_202,13.594032287597656,2019.0
SKG_MT_203,12.909293174743652,2017.0
SKG_MT_207,13.607207298278809,2020.0
SKG_MT_208,13.890469551086426,2020.0
SKG_MT_211,14.004206657409668,2017.0
SKG_MT_213,13.797274589538574,2019.0
SKG_MT_214,13.644654273986816,2019.0
SKG_MT_215,13.852376937866211,2016.0
SKG_MT_216,13.946706771850586,2017.0
SKG_MT_217,13.898160934448242,2015.0
SKG_MT_220,13.422675132751465,2014.0
SKG_MT_221,13.45251178741455,2015.0
SKG_MT_222,13.753061294555664,2019.0
SKG_MT_223,12.782857894897461,2018.0
SKG_MT_224,13.845968246459961,2014.0
SKG_MT_225,13.627009391784668,2013.0
SKG_MT_226,13.61063003540039,2020.0
SKG_MT_230,13.402559280395508,2016.0
SKG_MT_231,13.474379539489746,2020.0
SKG_MT_232,13.818436622619629,2019.0
SKG_MT_234,13.73095989227295,2012.0
SKG_MT_235,12.829224586486816,2019.0
SKG_MT_237,13.696281433105469,2016.0
SKG_MT_239,13.204938888549805,2012.0
SKG_MT_240,13.76816177368164,2018.0
SKG_MT_241,13.463770866394043,2016.0
SKG_MT_242,13.769691467285156,2019.0
SKG_MT_244,13.490707397460938,2020.0
SKG_MT_246,13.892889022827148,2017.0
SKG_MT_247,13.43574333190918,2016.0
SKG_MT_248,13.903225898742676,2019.0
SKG_MT_249,13.772533416748047,2019.0
SKG_MT_250,13.659366607666016,2020.0
SKG_MT_251,13.782316207885742,2019.0
SKG_MT_252,13.030393600463867,2014.0
SKG_MT_253,13.84790325164795,2019.0
SKG_MT_255,14.320771217346191,2020.0
SKG_MT_259,13.878815650939941,2012.0
SKG_MT_261,13.67363452911377,2019.0
SKG_MT_262,13.47471809387207,2015.0
SKG_MT_263,13.770162582397461,2019.0
SKG_MT_264,13.72888469696045,2020.0
SKG_MT_265,13.687113761901855,2014.0
SKG_MT_266,13.523749351501465,2014.0
SKG_MT_267,13.307660102844238,2020.0
SKG_MT_268,13.607111930847168,2013.0
SKG_MT_269,13.687451362609863,2020.0
SKG_MT_271,13.774675369262695,2019.0
SKG_MT_274,13.017077445983887,2016.0
SKG_MT_276,13.843631744384766,2019.0
SKG_MT_277,13.79719352722168,2013.0
SKG_MT_280,13.4638671875,2011.0
SKG_MT_281,13.644698143005371,2018.0
SKG_MT_282,13.413832664489746,2013.0
SKG_MT_283,13.79251480102539,2012.0
SKG_MT_286,13.383980751037598,2011.0
SKG_MT_287,14.026256561279297,2010.0
SKG_MT_290,13.906351089477539,2013.0
SKG_MT_291,13.894787788391113,2020.0
SKG_MT_292,13.687129020690918,2019.0
SKG_MT_293,13.942667007446289,2018.0
SKG_MT_296,14.039237022399902,2015.0
SKG_MT_298,13.784058570861816,2019.0
SKG_MT_300,14.188250541687012,2011.0
SKG_MT_302,13.75434684753418,2020.0
SKG_MT_303,13.694196701049805,2019.0
SKG_MT_304,12.676390647888184,2015.0
SKG_MT_305,13.253560066223145,2013.0
SKG_MT_307,13.574297904968262,2019.0
SKG_MT_308,13.538188934326172,2011.0
SKG_MT_309,13.597424507141113,2020.0
SKG_MT_310,13.959726333618164,2020.0
SKG_MT_312,12.870224952697754,2016.0
SKG_MT_314,13.819646835327148,2013.0
SKG_MT_317,13.660775184631348,2014.0
SKG_MT_318,13.841975212097168,2020.0
SKG_MT_319,13.719273567199707,2014.0
SKG_MT_320,13.672035217285156,2015.0
SKG_MT_321,13.725271224975586,2017.0
SKG_MT_322,13.812350273132324,2019.0
SKG_MT_327,13.886550903320312,2016.0
SKG_MT_328,13.84720516204834,2019.0
SKG_MT_329,13.984264373779297,2020.0
SKG_MT_330,13.31640911102295,2020.0
SKG_MT_331,13.592961311340332,2014.0
SKG_MT_332,13.536938667297363,2013.0
SKG_MT_333,13.25414752960205,2017.0
SKG_MT_334,13.6922607421875,2019.0
SKG_MT_336,12.866020202636719,2019.0
SKG_MT_337,13.616996765136719,2013.0
SKG_MT_338,13.837129592895508,2017.0
SKG_MT_339,13.602335929870605,2018.0
SKG_MT_343,13.930408477783203,2020.0
SKG_MT_346,13.827557563781738,2012.0
SKG_MT_347,13.861310958862305,2019.0
SKG_MT_351,13.537007331848145,2017.0
SKG_MT_353,12.629386901855469,2019.0
SKG_MT_354,13.459914207458496,2020.0
SKG_MT_357,13.683415412902832,2020.0
SKG_MT_359,13.410543441772461,2014.0
SKG_MT_360,13.882990837097168,2016.0
SKG_MT_361,13.515180587768555,2020.0
SKG_MT_362,13.725470542907715,2016.0
SKG_MT_363,13.863168716430664,2017.0
SKG_MT_364,13.755660057067871,2018.0
SKG_MT_365,12.789347648620605,2016.0
SKG_MT_366,13.56752872467041,2019.0
SKG_MT_367,13.262455940246582,2019.0
SKG_MT_368,13.642997741699219,2011.0
SKG_MT_370,13.712597846984863,2016.0
SKG_MT_371,13.564409255981445,2013.0
SKG_MT_372,13.643936157226562,2013.0
SKG_MT_373,13.720440864562988,2012.0
SKG_MT_374,13.899353981018066,2018.0
SKG_MT_375,13.376260757446289,2013.0
SKG_MT_376,13.75665283203125,2013.0
SKG_MT_377,13.193510055541992,2018.0
SKG_MT_378,13.64908218383789,2015.0
SKG_MT_380,13.85067081451416,2018.0
SKG_MT_381,12.803313255310059,2016.0
SKG_MT_382,13.732660293579102,2017.0
SKG_MT_383,13.47318172454834,2020.0
SKG_MT_384,12.82275676727295,2015.0
SKG_MT_385,13.613442420959473,2020.0
SKG_MT_386,13.524477005004883,2020.0
SKG_MT_388,13.876880645751953,2010.0
SKG_MT_389,12.886378288269043,2012.0
SKG_MT_390,13.610213279724121,2010.0
SKG_MT_392,13.770722389221191,2020.0
SKG_MT_393,13.870515823364258,2018.0
SKG_MT_394,13.494525909423828,2014.0
SKG_MT_397,13.561680793762207,2017.0
SKG_MT_400,13.75614070892334,2017.0
SKG_MT_401,13.544590950012207,2015.0
SKG_MT_402,13.462482452392578,2016.0
SKG_MT_403,13.766056060791016,2018.0
SKG_MT_405,13.706500053405762,2015.0
SKG_MT_407,13.6731538772583,2020.0
SKG_MT_408,13.581212997436523,2017.0
SKG_MT_409,13.205201148986816,2011.0
SKG_MT_410,13.690648078918457,2012.0
SKG_MT_411,13.82968521118164,2019.0
SKG_MT_412,13.460724830627441,2018.0
SKG_MT_414,13.679227828979492,2019.0
SKG_MT_415,13.683809280395508,2012.0
SKG_MT_416,14.062371253967285,2018.0
SKG_MT_418,13.703521728515625,2020.0
SKG_MT_419,13.718423843383789,2019.0
SKG_MT_420,13.746973037719727,2020.0
SKG_MT_424,13.90652847290039,2019.0
SKG_MT_425,13.747544288635254,2018.0
SKG_MT_427,14.030406951904297,2017.0
SKG_MT_428,13.963398933410645,2015.0
SKG_MT_429,13.740131378173828,2015.0
SKG_MT_430,13.540741920471191,2020.0
SKG_MT_431,13.854257583618164,2016.0
SKG_MT_432,12.799413681030273,2018.0
SKG_MT_434,13.859301567077637,2020.0
SKG_MT_436,13.499815940856934,2020.0
SKG_MT_437,13.956393241882324,2015.0
SKG_MT_438,13.90176773071289,2020.0
SKG_MT_439,14.094761848449707,2019.0
SKG_MT_440,13.748942375183105,2011.0
SKG_MT_441,12.793874740600586,2015.0
SKG_MT_442,13.543980598449707,2020.0
SKG_MT_444,12.972908973693848,2019.0
SKG_MT_448,13.574917793273926,2017.0
SKG_MT_450,13.664399147033691,2020.0
SKG_MT_451,13.66793441772461,2012.0
SKG_MT_452,13.791410446166992,2018.0
SKG_MT_453,13.540077209472656,2012.0
SKG_MT_454,13.89103889465332,2019.0
SKG_MT_455,13.453975677490234,2020.0
SKG_MT_456,13.681480407714844,2020.0
SKG_MT_459,13.613070487976074,2016.0
SKG_MT_460,13.841134071350098,2017.0
SKG_MT_464,13.767256736755371,2020.0
SKG_MT_465,13.551451683044434,2017.0
SKG_MT_469,13.892786026000977,2012.0
SKG_MT_470,13.56185245513916,2019.0
SKG_MT_471,13.547994613647461,2015.0
SKG_MT_472,13.740886688232422,2018.0
SKG_MT_473,13.597736358642578,2018.0
SKG_MT_475,13.558210372924805,2017.0
SKG_MT_476,13.729031562805176,2014.0
SKG_MT_477,13.77641773223877,2020.0
SKG_MT_478,13.6489896774292,2010.0
SKG_MT_479,13.640789031982422,2020.0
SKG_MT_480,14.275386810302734,2012.0
SKG_MT_481,13.502894401550293,2013.0
SKG_MT_482,12.7152099609375,2019.0
SKG_MT_483,13.599750518798828,2020.0
SKG_MT_485,13.919892311096191,2019.0
SKG_MT_486,13.389369010925293,2020.0
SKG_MT_487,14.024248123168945,2014.0
SKG_MT_488,13.947844505310059,2010.0
SKG_MT_489,13.761236190795898,2020.0
SKG_MT_490,13.950439453125,2020.0
SKG_MT_494,13.641915321350098,2017.0
SKG_MT_495,12.905204772949219,2020.0
SKG_MT_496,13.456328392028809,2011.0
SKG_MT_497,13.790933609008789,2017.0
SKG_MT_499,13.81452751159668,2020.0
SKG_MT_500,13.38821029663086,2013.0
SKG_MT_501,13.694690704345703,2019.0
SKG_MT_502,13.569586753845215,2018.0
SKG_MT_505,13.730090141296387,2018.0
SKG_MT_506,13.365139961242676,2019.0
SKG_MT_507,14.017656326293945,2018.0
SKG_MT_508,12.960341453552246,2019.0
SKG_MT_511,13.691573143005371,2019.0
SKG_MT_512,13.744817733764648,2020.0
SKG_MT_513,13.593656539916992,2016.0
SKG_MT_515,13.780799865722656,2013.0
SKG_MT_516,14.043277740478516,2018.0
SKG_MT_517,12.854534149169922,2017.0
SKG_MT_519,12.68026351928711,2019.0
SKG_MT_521,13.751710891723633,2020.0
SKG_MT_522,13.67442512512207,2019.0
SKG_MT_525,13.621131896972656,2020.0
SKG_MT_526,13.390057563781738,2020.0
SKG_MT_530,14.140288352966309,2014.0
SKG_MT_531,13.772010803222656,2020.0
SKG_MT_532,12.868282318115234,2018.0
SKG_MT_533,13.6597900390625,2017.0
SKG_MT_535,13.68342113494873,2012.0
SKG_MT_536,13.563873291015625,2020.0
SKG_MT_539,13.633949279785156,2019.0
SKG_MT_540,13.967131614685059,2018.0
SKG_MT_541,13.806282997131348,2020.0
SKG_MT_543,13.984368324279785,2020.0
SKG_MT_544,12.995650291442871,2019.0
SKG_MT_545,13.758401870727539,2014.0
SKG_MT_546,13.96035099029541,2017.0
SKG_MT_547,13.47171401977539,2010.0
SKG_MT_548,12.73615550994873,2019.0
SKG_MT_549,13.720696449279785,2017.0
SKG_MT_550,13.627542495727539,2012.0
SKG_MT_552,12.684412002563477,2019.0
SKG_MT_555,13.883312225341797,2015.0
SKG_MT_556,13.565093994140625,2019.0
SKG_MT_557,13.843046188354492,2011.0
SKG_MT_558,12.9644193649292,2018.0
SKG_MT_559,13.7141752243042,2018.0
SKG_MT_560,13.79629135131836,2014.0
SKG_MT_561,13.39540958404541,2019.0
SKG_MT_562,12.882469177246094,2019.0
SKG_MT_565,14.022679328918457,2011.0
SKG_MT_566,13.472614288330078,2018.0
SKG_MT_567,13.797187805175781,2010.0
SKG_MT_568,13.903100967407227,2020.0
SKG_MT_570,13.685478210449219,2019.0
SKG_MT_572,13.77591323852539,2013.0
SKG_MT_573,13.6141996383667,2020.0
SKG_MT_574,13.500594139099121,2016.0
SKG_MT_575,14.029854774475098,2018.0
SKG_MT_576,14.679110527038574,2012.0
SKG_MT_577,13.75334644317627,2019.0
SKG_MT_579,13.753931999206543,2020.0
SKG_MT_580,13.651812553405762,2019.0
SKG_MT_585,13.497875213623047,2010.0
SKG_MT_586,13.589929580688477,2014.0
SKG_MT_587,13.593964576721191,2018.0
SKG_MT_589,13.57365608215332,2018.0
SKG_MT_590,13.718500137329102,2014.0
SKG_MT_591,13.778619766235352,2013.0
SKG_MT_594,13.75395393371582,2020.0
SKG_MT_595,13.79883098602295,2011.0
SKG_MT_597,13.822383880615234,2019.0
SKG_MT_598,13.799332618713379,2014.0
SKG_MT_602,12.92206859588623,2019.0
SKG_MT_603,13.93934440612793,2010.0
SKG_MT_604,13.874839782714844,2018.0
SKG_MT_605,13.471760749816895,2017.0
SKG_MT_606,13.937039375305176,2010.0
SKG_MT_608,13.610090255737305,2019.0
SKG_MT_609,13.565445899963379,2019.0
SKG_MT_610,13.543939590454102,2017.0
SKG_MT_611,13.724719047546387,2020.0
SKG_MT_612,13.631168365478516,2020.0
SKG_MT_613,13.7152681350708,2012.0
SKG_MT_614,13.162040710449219,2020.0
SKG_MT_615,12.659652709960938,2015.0
SKG_MT_616,13.673349380493164,2019.0
SKG_MT_618,12.870388984680176,2019.0
SKG_MT_620,13.989938735961914,2011.0
SKG_MT_621,13.58545970916748,2019.0
SKG_MT_622,14.06378173828125,2012.0
SKG_MT_626,13.724748611450195,2019.0
SKG_MT_628,13.5156888961792,2020.0
SKG_MT_631,13.533612251281738,2020.0
SKG_MT_634,13.694726943969727,2020.0
SKG_MT_636,13.537229537963867,2017.0
SKG_MT_640,12.779358863830566,2019.0
SKG_MT_641,13.570709228515625,2013.0
SKG_MT_642,13.604018211364746,2015.0
SKG_MT_645,13.763557434082031,2017.0
SKG_MT_646,13.683780670166016,2010.0
SKG_MT_647,13.513145446777344,2014.0
SKG_MT_649,13.528584480285645,2019.0
SKG_MT_650,13.705591201782227,2017.0
SKG_MT_651,14.08873176574707,2015.0
SKG_MT_652,13.8912353515625,2014.0
SKG_MT_654,12.909931182861328,2019.0
SKG_MT_655,13.464405059814453,2019.0
SKG_MT_656,13.919075012207031,2020.0
SKG_MT_658,13.950586318969727,2016.0
SKG_MT_659,13.697453498840332,2018.0
SKG_MT_660,13.82839584350586,2010.0
SKG_MT_662,13.712008476257324,2018.0
SKG_MT_665,13.834738731384277,2017.0
SKG_MT_668,13.652910232543945,2015.0
SKG_MT_669,13.767533302307129,2018.0
SKG_MT_672,13.494470596313477,2018.0
SKG_MT_673,13.629587173461914,2016.0
SKG_MT_674,12.825345039367676,2019.0
SKG_MT_676,13.4566011428833,2014.0
SKG_MT_677,13.543566703796387,2020.0
SKG_MT_680,14.048529624938965,2014.0
SKG_MT_681,14.051643371582031,2013.0
SKG_MT_682,13.675971984863281,2013.0
SKG_MT_683,12.928681373596191,2019.0
SKG_MT_684,13.740289688110352,2018.0
SKG_MT_685,13.558058738708496,2020.0
SKG_MT_687,12.876233100891113,2019.0
SKG_MT_689,13.746414184570312,2020.0
SKG_MT_690,13.494604110717773,2019.0
SKG_MT_691,13.896535873413086,2018.0
SKG_MT_693,13.826004028320312,2020.0
SKG_MT_695,14.015973091125488,2017.0
SKG_MT_696,13.714883804321289,2019.0
SKG_MT_697,13.70969295501709,2011.0
SKG_MT_698,13.70650863647461,2016.0
SKG_MT_699,12.836141586303711,2015.0
SKG_MT_701,12.933444023132324,2018.0
SKG_MT_702,13.700488090515137,2019.0
SKG_MT_703,13.454484939575195,2019.0
SKG_MT_705,13.905755996704102,2013.0
SKG_MT_706,13.525490760803223,2013.0
SKG_MT_707,13.712364196777344,2013.0
SKG_MT_708,13.86556625366211,2013.0
SKG_MT_709,13.854612350463867,2018.0
SKG_MT_710,13.565608024597168,2014.0
SKG_MT_712,13.437576293945312,2011.0
SKG_MT_714,13.938471794128418,2020.0
SKG_MT_715,13.6295804977417,2010.0
SKG_MT_717,12.959467887878418,2018.0
SKG_MT_718,13.736462593078613,2020.0
SKG_MT_719,13.78116512298584,2013.0
SKG_MT_721,13.445779800415039,2019.0
SKG_MT_724,13.648462295532227,2012.0
SKG_MT_725,13.6463623046875,2013.0
SKG_MT_729,13.48790168762207,2017.0
SKG_MT_730,13.40552806854248,2020.0
SKG_MT_731,12.835878372192383,2016.0
SKG_MT_732,13.764063835144043,2014.0
SKG_MT_733,13.505284309387207,2018.0
SKG_MT_734,13.750886917114258,2018.0
SKG_MT_735,13.944730758666992,2018.0
SKG_MT_737,13.350263595581055,2017.0
SKG_MT_738,13.90510082244873,2014.0
SKG_MT_740,13.76416301727295,2013.0
SKG_MT_741,13.665648460388184,2013.0
SKG_MT_743,13.66098690032959,2010.0
SKG_MT_745,13.732759475708008,2018.0
SKG_MT_746,14.039643287658691,2020.0
SKG_MT_747,13.698678970336914,2017.0
SKG_MT_748,13.966166496276855,2013.0
SKG_MT_749,13.659244537353516,2020.0
SKG_MT_750,13.52761459350586,2019.0
SKG_MT_751,13.041933059692383,2019.0
SKG_MT_752,13.703310012817383,2013.0
SKG_MT_754,13.728199005126953,2018.0
SKG_MT_756,13.680912971496582,2019.0
SKG_MT_757,13.558313369750977,2018.0
SKG_MT_758,13.774362564086914,2017.0
SKG_MT_759,13.921162605285645,2018.0
SKG_MT_760,13.874104499816895,2020.0
SKG_MT_761,12.942078590393066,2019.0
SKG_MT_764,13.527624130249023,2018.0
SKG_MT_765,13.908045768737793,2019.0
SKG_MT_766,13.854583740234375,2020.0
SKG_MT_767,13.792403221130371,2017.0
SKG_MT_769,13.823159217834473,2020.0
SKG_MT_770,13.958599090576172,2014.0
SKG_MT_771,13.930397033691406,2010.0
SKG_MT_773,13.20007610321045,2019.0
SKG_MT_774,13.80208969116211,2020.0
SKG_MT_775,13.647101402282715,2020.0
SKG_MT_776,13.860769271850586,2020.0
SKG_MT_777,13.82733154296875,2018.0
SKG_MT_780,13.644859313964844,2019.0
SKG_MT_781,13.891879081726074,2017.0
SKG_MT_782,13.724802017211914,2020.0
SKG_MT_783,13.606616973876953,2019.0
SKG_MT_784,13.631857872009277,2020.0
SKG_MT_788,13.801755905151367,2012.0
SKG_MT_789,13.91788387298584,2011.0
SKG_MT_790,13.661800384521484,2014.0
SKG_MT_791,13.834465980529785,2018.0
SKG_MT_792,13.401350975036621,2019.0
SKG_MT_795,13.6951904296875,2010.0
SKG_MT_796,13.676959037780762,2020.0
SKG_MT_799,14.08215045928955,2018.0
SKG_MT_800,13.395200729370117,2011.0
SKG_MT_804,13.27377700805664,2019.0
SKG_MT_807,13.695718765258789,2018.0
SKG_MT_808,13.83031940460205,2019.0
SKG_MT_809,13.767988204956055,2015.0
SKG_MT_810,13.723095893859863,2015.0
SKG_MT_811,13.362271308898926,2020.0
SKG_MT_813,13.524801254272461,2011.0
SKG_MT_814,13.856841087341309,2020.0
SKG_MT_815,13.749967575073242,2015.0
SKG_MT_818,13.578927993774414,2018.0
SKG_MT_819,13.556292533874512,2017.0
SKG_MT_820,13.588113784790039,2011.0
SKG_MT_821,13.82641315460205,2018.0
SKG_MT_822,13.518463134765625,2018.0
SKG_MT_824,13.735600471496582,2013.0
SKG_MT_825,13.652480125427246,2018.0
SKG_MT_826,13.838345527648926,2020.0
SKG_MT_827,13.799382209777832,2014.0
SKG_MT_828,13.702866554260254,2014.0
SKG_MT_829,14.055153846740723,2013.0
SKG_MT_830,13.483731269836426,2019.0
SKG_MT_831,13.90705394744873,2018.0
SKG_MT_832,13.54709243774414,2012.0
SKG_MT_833,13.963038444519043,2020.0
SKG_MT_835,13.60616397857666,2012.0
SKG_MT_836,13.63139820098877,2014.0
SKG_MT_837,13.635186195373535,2019.0
SKG_MT_838,13.563994407653809,2010.0
SKG_MT_839,12.941478729248047,2015.0
SKG_MT_840,13.939162254333496,2014.0
SKG_MT_842,14.064043045043945,2017.0
SKG_MT_843,13.669022560119629,2019.0
SKG_MT_845,14.106932640075684,2013.0
SKG_MT_846,13.653607368469238,2019.0
SKG_MT_848,13.804237365722656,2020.0
SKG_MT_850,13.690059661865234,2010.0
SKG_MT_852,13.866496086120605,2019.0
SKG_MT_853,13.283201217651367,2010.0
SKG_MT_854,13.62348461151123,2015.0
SKG_MT_855,13.81330394744873,2018.0
SKG_MT_856,13.029241561889648,2019.0
SKG_MT_857,13.616522789001465,2019.0
SKG_MT_859,13.638282775878906,2020.0
SKG_MT_861,13.734207153320312,2017.0
SKG_MT_862,13.519425392150879,2018.0
SKG_MT_864,13.567450523376465,2019.0
SKG_MT_865,13.614130973815918,2012.0
SKG_MT_868,13.508298873901367,2014.0
SKG_MT_869,14.173604011535645,2013.0
SKG_MT_870,13.600802421569824,2017.0
SKG_MT_871,13.836535453796387,2019.0
SKG_MT_872,13.734659194946289,2017.0
SKG_MT_873,13.532723426818848,2017.0
SKG_MT_875,13.687018394470215,2019.0
SKG_MT_876,13.414556503295898,2019.0
SKG_MT_881,13.731078147888184,2011.0
SKG_MT_883,12.951662063598633,2019.0
SKG_MT_885,14.064695358276367,2013.0
SKG_MT_887,12.98974323272705,2016.0
SKG_MT_889,13.611307144165039,2020.0
SKG_MT_891,13.907415390014648,2013.0
SKG_MT_895,13.506461143493652,2016.0
SKG_MT_896,13.673993110656738,2019.0
SKG_MT_897,12.714142799377441,2016.0
SKG_MT_898,13.421377182006836,2020.0
SKG_MT_900,13.822134017944336,2015.0
SKG_MT_901,13.944072723388672,2016.0
SKG_MT_902,12.747472763061523,2019.0
SKG_MT_904,12.906486511230469,2019.0
SKG_MT_905,13.97618579864502,2016.0
SKG_MT_908,13.680931091308594,2020.0
SKG_MT_909,13.067798614501953,2018.0
SKG_MT_910,14.847229957580566,2017.0
SKG_MT_911,12.679081916809082,2017.0
SKG_MT_913,14.023144721984863,2014.0
SKG_MT_916,13.694915771484375,2018.0
SKG_MT_918,13.561516761779785,2019.0
SKG_MT_919,13.768169403076172,2011.0
SKG_MT_920,13.626543045043945,2018.0
SKG_MT_921,13.018954277038574,2019.0
SKG_MT_922,13.601226806640625,2013.0
SKG_MT_924,13.725959777832031,2017.0
SKG_MT_925,13.848441123962402,2018.0
SKG_MT_931,13.767769813537598,2014.0
SKG_MT_933,13.770127296447754,2019.0
SKG_MT_934,13.650361061096191,2017.0
SKG_MT_935,13.685319900512695,2019.0
SKG_MT_937,13.760351181030273,2020.0
SKG_MT_939,13.684921264648438,2017.0
SKG_MT_940,13.552495002746582,2013.0
SKG_MT_941,13.640522003173828,2018.0
SKG_MT_943,13.456668853759766,2020.0
SKG_MT_945,13.664532661437988,2012.0
SKG_MT_948,13.515202522277832,2020.0
SKG_MT_949,13.635592460632324,2020.0
SKG_MT_951,13.694156646728516,2019.0
SKG_MT_952,13.65939998626709,2018.0
SKG_MT_953,13.736023902893066,2019.0
SKG_MT_955,14.099715232849121,2013.0
SKG_MT_959,12.9672212600708,2015.0
SKG_MT_960,13.577195167541504,2016.0
SKG_MT_962,13.932293891906738,2011.0
SKG_MT_963,13.541128158569336,2020.0
SKG_MT_964,13.91370964050293,2011.0
SKG_MT_965,13.719949722290039,2020.0
SKG_MT_966,13.71751880645752,2011.0
SKG_MT_967,13.577692985534668,2020.0
SKG_MT_968,13.33086109161377,2010.0
SKG_MT_970,12.739533424377441,2019.0
SKG_MT_971,13.631799697875977,2015.0
SKG_MT_972,12.994361877441406,2015.0
SKG_MT_973,13.728196144104004,2013.0
SKG_MT_974,13.872196197509766,2020.0
SKG_MT_976,14.085465431213379,2015.0
SKG_MT_978,13.558852195739746,2020.0
SKG_MT_981,14.234793663024902,2012.0
SKG_MT_982,13.594085693359375,2017.0
SKG_MT_985,13.950376510620117,2018.0
SKG_MT_987,13.736027717590332,2019.0
SKG_MT_990,13.726253509521484,2020.0
SKG_MT_991,13.8924560546875,2018.0
SKG_MT_992,12.803155899047852,2019.0
SKG_MT_994,13.811732292175293,2016.0
SKG_MT_995,13.920270919799805,2017.0
SKG_MT_996,13.604974746704102,2020.0
SKG_MT_997,13.577839851379395,2020.0
SKG_MT_998,13.589473724365234,2019.0
SKG_MT_999,13.692733764648438,2016.0
SKG_MT_1002,13.451116561889648,2020.0
SKG_MT_1003,13.754423141479492,2011.0
SKG_MT_1004,13.633227348327637,2015.0
SKG_MT_1008,12.980950355529785,2020.0
SKG_MT_1009,13.66701602935791,2014.0
SKG_MT_1011,13.527976036071777,2019.0
SKG_MT_1012,12.826875686645508,2019.0
SKG_MT_1013,13.712250709533691,2017.0
SKG_MT_1014,13.492010116577148,2020.0
SKG_MT_1015,13.609602928161621,2020.0
SKG_MT_1016,13.479619979858398,2019.0
SKG_MT_1018,13.643131256103516,2020.0
SKG_MT_1020,13.569753646850586,2018.0
SKG_MT_1021,13.005035400390625,2020.0
SKG_MT_1022,13.728644371032715,2019.0
SKG_MT_1024,13.707799911499023,2011.0
SKG_MT_1026,13.786561965942383,2018.0
SKG_MT_1028,13.574158668518066,2019.0
SKG_MT_1029,13.581786155700684,2016.0
SKG_MT_1030,13.642786026000977,2014.0
SKG_MT_1031,12.635884284973145,2019.0
SKG_MT_1032,13.981130599975586,2015.0
SKG_MT_1034,13.708708763122559,2017.0
SKG_MT_1035,13.561064720153809,2015.0
SKG_MT_1036,13.424911499023438,2013.0
SKG_MT_1037,13.529411315917969,2017.0
SKG_MT_1038,13.821002006530762,2018.0
SKG_MT_1040,13.614562034606934,2020.0
SKG_MT_1041,13.555989265441895,2020.0
SKG_MT_1043,13.821205139160156,2019.0
SKG_MT_1044,13.520923614501953,2020.0
SKG_MT_1045,13.677082061767578,2015.0
SKG_MT_1046,13.41365909576416,2014.0
SKG_MT_1048,13.886205673217773,2013.0
SKG_MT_1049,13.777467727661133,2018.0
SKG_MT_1051,13.662797927856445,2020.0
SKG_MT_1053,13.779008865356445,2014.0
SKG_MT_1054,13.90993595123291,2018.0
SKG_MT_1056,13.694854736328125,2017.0
SKG_MT_1058,13.66214370727539,2018.0
SKG_MT_1060,13.655258178710938,2014.0
SKG_MT_1061,13.828865051269531,2019.0
SKG_MT_1062,13.613070487976074,2012.0
SKG_MT_1063,13.645391464233398,2017.0
SKG_MT_1065,13.25756549835205,2012.0
SKG_MT_1066,13.370112419128418,2019.0
SKG_MT_1068,12.996786117553711,2015.0
SKG_MT_1069,13.738618850708008,2013.0
SKG_MT_1070,13.878951072692871,2019.0
SKG_MT_1074,13.63841438293457,2010.0
SKG_MT_1076,13.162040710449219,2020.0
SKG_MT_1077,13.708366394042969,2012.0
SKG_MT_1078,13.327836990356445,2020.0
SKG_MT_1080,12.993597030639648,2019.0
SKG_MT_1082,13.939717292785645,2013.0
SKG_MT_1083,12.785951614379883,2019.0
SKG_MT_1085,13.63403606414795,2015.0
SKG_MT_1087,13.616315841674805,2018.0
SKG_MT_1088,13.60194206237793,2019.0
SKG_MT_1090,13.636536598205566,2013.0
SKG_MT_1094,13.640419006347656,2020.0
SKG_MT_1096,13.701497077941895,2014.0
SKG_MT_1099,13.819928169250488,2017.0
SKG_MT_1101,13.896839141845703,2013.0
SKG_MT_1102,13.730461120605469,2018.0
SKG_MT_1103,12.638447761535645,2017.0
SKG_MT_1104,13.841150283813477,2020.0
SKG_MT_1105,13.667774200439453,2016.0
SKG_MT_1106,13.60428237915039,2018.0
SKG_MT_1107,13.576573371887207,2018.0
SKG_MT_1108,13.675537109375,2015.0
SKG_MT_1109,13.676640510559082,2018.0
SKG_MT_1110,13.7623929977417,2018.0
SKG_MT_1111,13.333890914916992,2011.0
SKG_MT_1113,12.830401420593262,2018.0
SKG_MT_1118,14.146703720092773,2015.0
SKG_MT_1120,14.08265495300293,2014.0
SKG_MT_1126,13.841343879699707,2020.0
SKG_MT_1127,14.045517921447754,2014.0
SKG_MT_1128,13.62110710144043,2020.0
SKG_MT_1129,13.957159996032715,2011.0
SKG_MT_1132,13.273755073547363,2011.0
SKG_MT_1134,12.558457374572754,2019.0
SKG_MT_1135,12.884888648986816,2019.0
SKG_MT_1136,13.593742370605469,2019.0
SKG_MT_1138,13.82827091217041,2016.0
SKG_MT_1139,12.625151634216309,2019.0
SKG_MT_1140,12.864677429199219,2018.0
SKG_MT_1142,13.54117488861084,2020.0
SKG_MT_1143,13.659001350402832,2020.0
SKG_MT_1145,13.538920402526855,2020.0
SKG_MT_1146,13.580000877380371,2020.0
SKG_MT_1149,13.72535228729248,2020.0
SKG_MT_1150,13.733222007751465,2019.0
SKG_MT_1151,13.674560546875,2010.0
SKG_MT_1153,13.863512992858887,2017.0
SKG_MT_1156,13.551691055297852,2017.0
SKG_MT_1158,13.972892761230469,2014.0
SKG_MT_1160,13.692458152770996,2016.0
SKG_MT_1164,13.52130126953125,2020.0
SKG_MT_1165,13.921855926513672,2012.0
SKG_MT_1166,14.0053129196167,2016.0
SKG_MT_1167,13.572421073913574,2010.0
SKG_MT_1169,13.849756240844727,2013.0
SKG_MT_1174,13.56014633178711,2012.0
SKG_MT_1175,13.442889213562012,2012.0
SKG_MT_1176,13.12591552734375,2019.0
SKG_MT_1177,13.789203643798828,2012.0
SKG_MT_1178,13.699469566345215,2020.0
SKG_MT_1179,13.524328231811523,2019.0
SKG_MT_1180,13.53392505645752,2020.0
SKG_MT_1181,13.929059028625488,2020.0
SKG_MT_1182,13.480037689208984,2020.0
SKG_MT_1184,13.89921760559082,2019.0
SKG_MT_1185,13.449996948242188,2019.0
SKG_MT_1188,13.949817657470703,2020.0
SKG_MT_1189,13.848687171936035,2017.0
SKG_MT_1190,13.612777709960938,2016.0
SKG_MT_1191,13.856315612792969,2012.0
SKG_MT_1192,13.609919548034668,2019.0
SKG_MT_1193,13.65212631225586,2010.0
SKG_MT_1195,13.40556526184082,2018.0
SKG_MT_1196,13.19956111907959,2019.0
SKG_MT_1197,13.722747802734375,2019.0
SKG_MT_1198,14.042282104492188,2019.0
SKG_MT_1199,13.565041542053223,2010.0
SKG_MT_1200,13.786638259887695,2020.0
SKG_MT_1203,13.526300430297852,2018.0
SKG_MT_1206,13.650941848754883,2014.0
SKG_MT_1209,13.535244941711426,2012.0
SKG_MT_1211,13.86254596710205,2013.0
SKG_MT_1212,13.684099197387695,2020.0
SKG_MT_1213,13.658117294311523,2014.0
SKG_MT_1216,13.439142227172852,2019.0
SKG_MT_1217,13.43398380279541,2019.0
SKG_MT_1219,13.923558235168457,2016.0
SKG_MT_1220,13.610506057739258,2011.0
SKG_MT_1222,13.52182388305664,2017.0
SKG_MT_1223,13.457317352294922,2018.0
SKG_MT_1225,13.673108100891113,2013.0
SKG_MT_1227,13.565386772155762,2011.0
SKG_MT_1228,13.69607925415039,2012.0
SKG_MT_1229,13.780548095703125,2016.0
SKG_MT_1230,12.998224258422852,2016.0
SKG_MT_1231,13.541769981384277,2010.0
SKG_MT_1232,13.77165412902832,2010.0
SKG_MT_1233,13.684566497802734,2016.0
SKG_MT_1234,13.87376880645752,2019.0
SKG_MT_1236,13.621959686279297,2012.0
SKG_MT_1238,13.749031066894531,2020.0
SKG_MT_1239,13.619780540466309,2017.0
SKG_MT_1240,12.915765762329102,2020.0
SKG_MT_1241,13.024378776550293,2019.0
SKG_MT_1242,13.55003547668457,2013.0
SKG_MT_1243,13.334046363830566,2020.0
SKG_MT_1244,13.599137306213379,2013.0
SKG_MT_1248,13.805717468261719,2013.0
SKG_MT_1251,13.591772079467773,2020.0
SKG_MT_1252,13.719809532165527,2014.0
SKG_MT_1253,13.53794002532959,2014.0
SKG_MT_1254,13.259211540222168,2015.0
SKG_MT_1257,12.804364204406738,2016.0
SKG_MT_1258,13.78864860534668,2020.0
SKG_MT_1259,13.557430267333984,2020.0
SKG_MT_1261,13.705609321594238,2019.0
SKG_MT_1262,13.649243354797363,2020.0
SKG_MT_1264,13.561089515686035,2016.0
SKG_MT_1267,13.773194313049316,2019.0
SKG_MT_1269,13.765122413635254,2020.0
SKG_MT_1271,13.50501537322998,2018.0
SKG_MT_1272,13.822920799255371,2020.0
SKG_MT_1274,13.775057792663574,2020.0
SKG_MT_1275,13.660195350646973,2019.0
SKG_MT_1276,13.579264640808105,2012.0
SKG_MT_1277,13.764001846313477,2011.0
SKG_MT_1278,13.77577018737793,2018.0
SKG_MT_1280,13.701004028320312,2013.0
SKG_MT_1282,13.789259910583496,2013.0
SKG_MT_1285,13.828341484069824,2019.0
SKG_MT_1287,13.69964599609375,2017.0
SKG_MT_1288,13.846096992492676,2016.0
SKG_MT_1289,13.732452392578125,2020.0
SKG_MT_1290,13.826268196105957,2013.0
SKG_MT_1291,13.867724418640137,2018.0
SKG_MT_1293,13.82960319519043,2015.0
SKG_MT_1295,13.629179000854492,2015.0
SKG_MT_1296,12.812081336975098,2019.0
SKG_MT_1298,13.633135795593262,2016.0
SKG_MT_1301,12.73664665222168,2019.0
SKG_MT_1304,13.875597953796387,2016.0
SKG_MT_1306,13.877154350280762,2011.0
SKG_MT_1310,13.632820129394531,2013.0
SKG_MT_1311,12.770761489868164,2016.0
SKG_MT_1313,13.62307357788086,2010.0
SKG_MT_1314,13.507307052612305,2016.0
SKG_MT_1316,13.820293426513672,2014.0
SKG_MT_1320,13.961883544921875,2010.0
SKG_MT_1321,13.890279769897461,2019.0
SKG_MT_1323,13.705944061279297,2020.0
SKG_MT_1324,13.40942096710205,2013.0
SKG_MT_1325,13.899978637695312,2010.0
SKG_MT_1326,13.923251152038574,2013.0
SKG_MT_1327,13.748167037963867,2012.0
SKG_MT_1330,14.065571784973145,2011.0
SKG_MT_1331,13.952299118041992,2020.0
SKG_MT_1333,13.743760108947754,2015.0
SKG_MT_1334,13.616918563842773,2020.0
SKG_MT_1341,13.643723487854004,2020.0
SKG_MT_1342,13.629433631896973,2020.0
SKG_MT_1345,13.718103408813477,2020.0
SKG_MT_1346,13.512822151184082,2015.0
SKG_MT_1347,12.708574295043945,2014.0
SKG_MT_1348,13.482150077819824,2020.0
SKG_MT_1349,13.65976619720459,2012.0
SKG_MT_1350,13.715306282043457,2019.0
SKG_MT_1355,13.776139259338379,2018.0
SKG_MT_1356,13.238968849182129,2020.0
SKG_MT_1357,13.641572952270508,2019.0
SKG_MT_1358,13.721226692199707,2019.0
SKG_MT_1359,13.640054702758789,2017.0
SKG_MT_1361,13.630022048950195,2012.0
SKG_MT_1362,13.5670166015625,2020.0
SKG_MT_1366,13.57021713256836,2017.0
SKG_MT_1367,13.820318222045898,2014.0
SKG_MT_1368,13.971869468688965,2020.0
SKG_MT_1369,12.872115135192871,2018.0
SKG_MT_1370,13.618780136108398,2017.0
SKG_MT_1371,13.612615585327148,2019.0
SKG_MT_1372,13.86708927154541,2018.0
SKG_MT_1374,13.724837303161621,2019.0
SKG_MT_1375,13.536005020141602,2010.0
SKG_MT_1376,14.098260879516602,2012.0
SKG_MT_1380,13.563541412353516,2015.0
SKG_MT_1382,13.785807609558105,2020.0
SKG_MT_1384,13.600703239440918,2010.0
SKG_MT_1386,13.542258262634277,2013.0
SKG_MT_1387,13.636846542358398,2017.0
SKG_MT_1389,12.840956687927246,2019.0
SKG_MT_1391,13.677772521972656,2020.0
SKG_MT_1393,13.456265449523926,2020.0
SKG_MT_1394,14.053350448608398,2010.0
SKG_MT_1395,13.576930046081543,2012.0
SKG_MT_1397,13.832469940185547,2019.0
SKG_MT_1398,13.657771110534668,2019.0
SKG_MT_1399,13.588820457458496,2011.0
SKG_MT_1400,14.040909767150879,2012.0
SKG_MT_1402,13.498697280883789,2018.0
SKG_MT_1403,13.64627742767334,2014.0
SKG_MT_1404,13.715763092041016,2019.0
SKG_MT_1405,13.71412181854248,2019.0
SKG_MT_1407,14.0137357711792,2020.0
SKG_MT_1409,13.797492980957031,2020.0
SKG_MT_1416,13.540660858154297,2017.0
SKG_MT_1417,13.565936088562012,2018.0
SKG_MT_1418,13.672552108764648,2019.0
SKG_MT_1419,13.700752258300781,2019.0
SKG_MT_1420,13.703690528869629,2019.0
SKG_MT_1421,13.57485580444336,2012.0
SKG_MT_1422,13.656792640686035,2019.0
SKG_MT_1424,13.992743492126465,2018.0
SKG_MT_1425,13.55124568939209,2012.0
SKG_MT_1428,13.668659210205078,2020.0
SKG_MT_1429,13.879656791687012,2013.0
SKG_MT_1430,13.824668884277344,2020.0
SKG_MT_1431,13.838418006896973,2020.0
SKG_MT_1432,13.72197437286377,2017.0
SKG_MT_1433,13.617911338806152,2018.0
SKG_MT_1434,13.36745834350586,2018.0
SKG_MT_1437,13.431191444396973,2013.0
SKG_MT_1441,13.912741661071777,2014.0
SKG_MT_1443,13.730911254882812,2018.0
SKG_MT_1444,13.340285301208496,2017.0
SKG_MT_1445,13.953030586242676,2019.0
SKG_MT_1447,14.014683723449707,2020.0
SKG_MT_1450,13.607243537902832,2020.0
SKG_MT_1451,13.901352882385254,2017.0
SKG_MT_1452,13.889161109924316,2018.0
SKG_MT_1456,12.517531394958496,2015.0
SKG_MT_1457,13.703883171081543,2020.0
SKG_MT_1461,13.318490028381348,2013.0
SKG_MT_1463,13.56464958190918,2019.0
SKG_MT_1465,12.749131202697754,2019.0
SKG_MT_1466,13.556684494018555,2017.0
SKG_MT_1467,13.718269348144531,2017.0
SKG_MT_1468,14.033123970031738,2020.0
SKG_MT_1469,12.929023742675781,2019.0
SKG_MT_1473,13.54838752746582,2012.0
SKG_MT_1474,13.53154182434082,2014.0
SKG_MT_1475,13.804786682128906,2018.0
SKG_NLI_0,12.839276313781738,2020.0
SKG_NLI_2,13.728684425354004,2017.0
SKG_NLI_3,13.633099555969238,2020.0
SKG_NLI_4,13.833740234375,2018.0
SKG_NLI_5,13.660826683044434,2020.0
SKG_NLI_8,13.445250511169434,2020.0
SKG_NLI_10,13.416288375854492,2018.0
SKG_NLI_12,13.864127159118652,2018.0
SKG_NLI_16,13.703866004943848,2020.0
SKG_NLI_17,13.503334045410156,2020.0
SKG_NLI_18,13.472636222839355,2020.0
SKG_NLI_19,13.440888404846191,2020.0
SKG_PAR_0,12.827884674072266,2018.0
SKG_PAR_1,13.766921997070312,2020.0
SKG_PAR_3,14.082152366638184,2012.0
SKG_PAR_4,13.607759475708008,2018.0
SKG_PAR_5,13.746452331542969,2016.0
SKG_PAR_6,13.799212455749512,2020.0
SKG_PAR_7,13.725431442260742,2016.0
SKG_PAR_8,13.831757545471191,2020.0
SKG_PAR_9,13.874998092651367,2016.0
SKG_PAR_13,13.61827564239502,2020.0
SKG_PAR_14,14.01267147064209,2011.0
SKG_PAR_16,14.05875301361084,2020.0
SKG_PAR_18,13.851714134216309,2017.0
SKG_PAR_20,13.790987968444824,2013.0
SKG_PAR_21,13.697696685791016,2020.0
SKG_PAR_23,13.999677658081055,2020.0
SKG_PAR_25,12.790575981140137,2019.0
SKG_PAR_26,13.597710609436035,2020.0
SKG_PAR_28,13.89091682434082,2017.0
SKG_PAR_29,13.940787315368652,2017.0
SKG_PAR_32,13.848209381103516,2020.0
SKG_PAR_34,14.004385948181152,2011.0
SKG_PAR_35,14.169828414916992,2014.0
SKG_PAR_36,13.868759155273438,2016.0
SKG_PAR_38,13.15112018585205,2018.0
SKG_PAR_39,13.054131507873535,2018.0
SKG_PAR_42,13.892504692077637,2018.0
SKG_PAR_44,13.596366882324219,2017.0
SKG_PAR_46,13.323527336120605,2017.0
SKG_PAR_51,13.63573932647705,2020.0
SKG_PAR_52,14.141800880432129,2013.0
SKG_PAR_53,13.767678260803223,2013.0
SKG_PAR_56,13.829965591430664,2013.0
SKG_PAR_57,13.594736099243164,2017.0
SKG_PAR_59,13.676593780517578,2016.0
SKG_PAR_61,12.8976469039917,2015.0
SKG_PAR_63,13.254724502563477,2017.0
SKG_PAR_64,13.724343299865723,2020.0
SKG_PAR_65,13.515012741088867,2017.0
SKG_PAR_67,12.802083969116211,2015.0
SKG_PAR_68,12.880879402160645,2018.0
SKG_PAR_69,13.71251106262207,2010.0
SKG_PAR_70,13.909533500671387,2020.0
SKG_PAR_72,13.677352905273438,2017.0
SKG_PAR_74,13.787734031677246,2017.0
SKG_PAR_75,13.597840309143066,2017.0
SKG_PAR_76,13.644979476928711,2018.0
SKG_PAR_77,13.43379020690918,2019.0
SKG_PAR_78,13.595952987670898,2017.0
SKG_PAR_79,12.852472305297852,2015.0
SKG_PAR_81,13.900374412536621,2020.0
SKG_PAR_83,13.690656661987305,2020.0
SKG_PAR_84,12.875500679016113,2015.0
SKG_PAR_86,13.973093032836914,2018.0
SKG_PAR_87,13.605873107910156,2010.0
SKG_PAR_88,13.046500205993652,2018.0
SKG_PAR_89,13.989936828613281,2011.0
SKG_PAR_90,13.703572273254395,2017.0
SKG_PAR_92,13.873140335083008,2017.0
SKG_PAR_93,13.509771347045898,2018.0
SKG_PAR_94,13.98553466796875,2011.0
SKG_PAR_95,13.693971633911133,2017.0
SKG_PAR_99,13.901215553283691,2018.0
SKG_PAR_100,12.895496368408203,2015.0
SKG_PAR_101,12.780689239501953,2019.0
SKG_PAR_102,13.824505805969238,2018.0
SKG_PAR_105,13.68082332611084,2017.0
SKG_PAR_106,13.566816329956055,2013.0
SKG_PAR_110,13.817642211914062,2016.0
SKG_PAR_111,13.674097061157227,2020.0
SKG_PAR_112,13.350263595581055,2017.0
SKG_PAR_113,13.850521087646484,2014.0
SKG_PAR_114,13.860329627990723,2018.0
SKG_PAR_115,13.783777236938477,2017.0
SKG_PAR_116,12.599700927734375,2015.0
SKG_PAR_117,13.860369682312012,2018.0
SKG_PAR_118,13.980873107910156,2017.0
SKG_PAR_122,13.620612144470215,2017.0
SKG_PAR_124,12.847654342651367,2015.0
SKG_PAR_125,13.715228080749512,2017.0
SKG_PAR_126,13.631501197814941,2017.0
SKG_PAR_127,13.79834270477295,2012.0
SKG_PAR_131,13.52320384979248,2020.0
SKG_PAR_132,13.723625183105469,2020.0
SKG_PAR_135,13.705602645874023,2016.0
SKG_PAR_137,13.916787147521973,2020.0
SKG_PAR_139,14.047816276550293,2013.0
SKG_PAR_143,13.733020782470703,2017.0
SKG_PAR_146,13.890549659729004,2020.0
SKG_PAR_147,14.060330390930176,2016.0
SKG_PAR_150,13.804763793945312,2020.0
SKG_PAR_151,13.77180290222168,2018.0
SKG_PAR_152,13.623270988464355,2018.0
SKG_PAR_155,13.593414306640625,2018.0
SKG_PAR_156,13.62900447845459,2017.0
SKG_PAR_161,13.818770408630371,2018.0
SKG_PAR_162,13.815244674682617,2016.0
SKG_PAR_163,13.811965942382812,2020.0
SKG_PAR_168,13.76658821105957,2018.0
SKG_PAR_172,13.82827091217041,2016.0
SKG_PAR_173,13.582615852355957,2016.0
SKG_PAR_174,13.728363037109375,2019.0
SKG_PAR_175,13.616272926330566,2016.0
SKG_PAR_176,13.522703170776367,2017.0
SKG_PAR_177,13.501166343688965,2017.0
SKG_PAR_180,12.97531509399414,2017.0
SKG_PAR_182,14.006463050842285,2016.0
SKG_PAR_183,13.784907341003418,2017.0
SKG_PAR_185,13.659384727478027,2014.0
SKG_PAR_186,13.75905990600586,2017.0
SKG_PAR_191,13.806205749511719,2018.0
SKG_PAR_192,13.752784729003906,2018.0
SKG_PAR_194,14.249672889709473,2017.0
SKG_PAR_197,13.269247055053711,2017.0
SKG_PAR_200,13.637596130371094,2012.0
SKG_PAR_202,13.803919792175293,2010.0
SKG_PAR_203,14.046890258789062,2017.0
SKG_PAR_204,13.886205673217773,2013.0
SKG_PAR_210,13.653497695922852,2017.0
SKG_PAR_211,13.640901565551758,2020.0
SKG_PAR_212,13.681344985961914,2014.0
SKG_PAR_213,12.86733341217041,2020.0
SKG_PAR_214,13.616137504577637,2018.0
SKG_PAR_215,13.402694702148438,2011.0
SKG_PAR_219,14.023338317871094,2010.0
SKG_PAR_222,13.900603294372559,2018.0
SKG_PAR_223,13.332174301147461,2016.0
SKG_PAR_224,13.6663179397583,2017.0
SKG_PAR_225,13.682772636413574,2018.0
SKG_QA_2,13.75693130493164,2020.0
SKG_QA_3,13.827950477600098,2013.0
SKG_QA_4,13.803082466125488,2017.0
SKG_QA_5,14.137384414672852,2011.0
SKG_QA_11,12.892950057983398,2019.0
SKG_QA_12,13.75112247467041,2013.0
SKG_QA_15,12.894604682922363,2015.0
SKG_QA_16,13.619999885559082,2020.0
SKG_QA_18,13.822657585144043,2020.0
SKG_QA_19,13.657149314880371,2019.0
SKG_QA_20,13.785273551940918,2013.0
SKG_QA_24,13.531791687011719,2017.0
SKG_QA_25,13.723682403564453,2019.0
SKG_QA_26,13.322341918945312,2017.0
SKG_QA_27,12.843432426452637,2019.0
SKG_QA_28,13.416939735412598,2015.0
SKG_QA_29,13.043292999267578,2019.0
SKG_QA_30,12.738207817077637,2019.0
SKG_QA_32,13.855744361877441,2020.0
SKG_QA_33,12.996526718139648,2020.0
SKG_QA_36,13.907279968261719,2018.0
SKG_QA_38,13.731072425842285,2018.0
SKG_QA_40,13.895783424377441,2018.0
SKG_QA_41,13.396265983581543,2020.0
SKG_QA_42,13.706588745117188,2017.0
SKG_QA_43,13.893006324768066,2019.0
SKG_QA_44,13.719871520996094,2019.0
SKG_QA_46,13.986835479736328,2017.0
SKG_QA_47,12.569644927978516,2017.0
SKG_QA_49,12.932348251342773,2019.0
SKG_QA_50,13.20368766784668,2019.0
SKG_QA_51,12.750201225280762,2019.0
SKG_QA_52,13.403589248657227,2020.0
SKG_QA_55,12.729616165161133,2019.0
SKG_QA_58,13.804222106933594,2017.0
SKG_QA_59,13.463516235351562,2020.0
SKG_QA_60,13.729244232177734,2018.0
SKG_QA_61,13.875197410583496,2020.0
SKG_QA_63,13.706849098205566,2016.0
SKG_QA_68,12.884092330932617,2019.0
SKG_QA_69,13.440377235412598,2020.0
SKG_QA_70,13.652251243591309,2016.0
SKG_QA_71,13.80253791809082,2018.0
SKG_QA_72,13.94062614440918,2018.0
SKG_QA_77,13.777473449707031,2019.0
SKG_QA_81,12.906890869140625,2019.0
SKG_QA_82,13.937342643737793,2019.0
SKG_QA_84,13.604456901550293,2013.0
SKG_QA_86,13.746973037719727,2019.0
SKG_QA_87,13.865378379821777,2018.0
SKG_QA_88,13.84389877319336,2020.0
SKG_QA_89,12.886436462402344,2019.0
SKG_QA_90,13.994065284729004,2019.0
SKG_QA_91,13.790080070495605,2020.0
SKG_QA_94,13.630025863647461,2020.0
SKG_QA_96,13.92368221282959,2020.0
SKG_QA_98,13.172608375549316,2019.0
SKG_QA_99,13.968626976013184,2019.0
SKG_QA_100,12.895357131958008,2019.0
SKG_QA_101,13.768704414367676,2010.0
SKG_QA_102,13.266857147216797,2019.0
SKG_QA_103,13.875249862670898,2020.0
SKG_QA_105,13.83684253692627,2020.0
SKG_QA_107,13.818245887756348,2015.0
SKG_QA_109,13.073148727416992,2019.0
SKG_QA_114,13.53383731842041,2020.0
SKG_QA_115,13.684234619140625,2019.0
SKG_QA_118,13.546209335327148,2016.0
SKG_QA_119,13.671234130859375,2017.0
SKG_QA_120,13.644170761108398,2020.0
SKG_QA_123,12.72228717803955,2019.0
SKG_QA_124,13.550314903259277,2018.0
SKG_QA_127,13.776180267333984,2018.0
SKG_QA_129,13.533350944519043,2020.0
SKG_QA_131,13.855408668518066,2016.0
SKG_QA_132,13.701841354370117,2020.0
SKG_QA_133,13.96125602722168,2018.0
SKG_QA_135,13.646993637084961,2020.0
SKG_QA_136,13.83764362335205,2018.0
SKG_QA_138,12.820825576782227,2019.0
SKG_QA_139,12.629935264587402,2019.0
SKG_QA_142,14.064990043640137,2020.0
SKG_QA_144,13.891868591308594,2020.0
SKG_QA_145,13.69259262084961,2017.0
SKG_QA_147,12.974242210388184,2019.0
SKG_QA_153,13.879292488098145,2019.0
SKG_QA_154,13.650053977966309,2020.0
SKG_QA_155,13.87429428100586,2015.0
SKG_QA_157,14.002696990966797,2017.0
SKG_QA_160,13.742257118225098,2019.0
SKG_QA_163,13.603979110717773,2020.0
SKG_QA_166,13.810572624206543,2018.0
SKG_QA_168,12.85804557800293,2015.0
SKG_QA_169,13.597736358642578,2018.0
SKG_QA_171,13.190977096557617,2020.0
SKG_QA_172,12.732979774475098,2017.0
SKG_QA_174,13.93988037109375,2020.0
SKG_QA_175,13.700861930847168,2017.0
SKG_QA_176,13.540349960327148,2018.0
SKG_QA_177,13.860855102539062,2018.0
SKG_QA_178,13.87051010131836,2020.0
SKG_QA_181,13.835537910461426,2020.0
SKG_QA_182,13.631702423095703,2016.0
SKG_QA_184,13.823692321777344,2020.0
SKG_QA_186,12.746256828308105,2019.0
SKG_QA_187,13.375404357910156,2019.0
SKG_QA_190,13.393291473388672,2020.0
SKG_QA_191,13.73764419555664,2020.0
SKG_QA_193,13.829578399658203,2013.0
SKG_QA_194,12.859703063964844,2019.0
SKG_QA_195,14.179143905639648,2020.0
SKG_QA_197,13.970465660095215,2016.0
SKG_QA_202,13.562740325927734,2018.0
SKG_QA_203,13.661764144897461,2012.0
SKG_QA_204,13.97571086883545,2019.0
SKG_QA_206,13.80810546875,2019.0
SKG_QA_209,13.750969886779785,2019.0
SKG_QA_212,13.587132453918457,2018.0
SKG_QA_214,13.383922576904297,2020.0
SKG_QA_217,13.52982234954834,2020.0
SKG_QA_218,12.99980640411377,2019.0
SKG_QA_219,13.5654296875,2012.0
SKG_QA_220,13.825386047363281,2018.0
SKG_QA_221,14.40590763092041,2019.0
SKG_QA_222,13.683012962341309,2020.0
SKG_QA_223,14.003988265991211,2017.0
SKG_QA_224,12.984538078308105,2018.0
SKG_QA_226,13.144859313964844,2020.0
SKG_QA_228,14.201872825622559,2020.0
SKG_QA_229,13.916135787963867,2018.0
SKG_QA_230,12.9759521484375,2018.0
SKG_QA_231,12.846392631530762,2019.0
SKG_QA_232,13.848770141601562,2020.0
SKG_QA_235,13.81976318359375,2017.0
SKG_QA_237,13.912870407104492,2020.0
SKG_QA_239,13.574163436889648,2020.0
SKG_QA_240,13.887256622314453,2011.0
SKG_QA_242,13.059927940368652,2017.0
SKG_QA_243,13.797210693359375,2018.0
SKG_QA_244,13.813016891479492,2020.0
SKG_QA_248,13.659070014953613,2018.0
SKG_QA_249,13.613191604614258,2019.0
SKG_QA_250,13.730082511901855,2020.0
SKG_QA_252,13.676998138427734,2019.0
SKG_QA_253,13.779376029968262,2016.0
SKG_QA_254,12.806228637695312,2018.0
SKG_QA_256,13.766672134399414,2015.0
SKG_QA_257,12.675704002380371,2019.0
SKG_QA_259,13.691727638244629,2019.0
SKG_QA_260,14.130642890930176,2019.0
SKG_QA_261,14.204214096069336,2016.0
SKG_QA_262,13.003958702087402,2019.0
SKG_QA_263,13.991193771362305,2019.0
SKG_QA_264,13.703899383544922,2020.0
SKG_QA_265,13.779577255249023,2019.0
SKG_QA_267,13.98869514465332,2019.0
SKG_QA_269,14.263364791870117,2015.0
SKG_QA_271,13.50216007232666,2018.0
SKG_QA_272,13.889798164367676,2017.0
SKG_QA_275,12.85344409942627,2019.0
SKG_QA_277,13.918082237243652,2017.0
SKG_QA_279,13.822565078735352,2020.0
SKG_QA_280,13.603792190551758,2020.0
SKG_QA_281,14.102941513061523,2020.0
SKG_QA_284,13.797500610351562,2019.0
SKG_QA_287,14.088129043579102,2020.0
SKG_QA_288,13.554922103881836,2017.0
SKG_QA_290,13.896224021911621,2020.0
SKG_QA_291,13.79460334777832,2019.0
SKG_QA_292,12.823403358459473,2019.0
SKG_QA_293,13.998205184936523,2020.0
SKG_QA_294,12.897046089172363,2018.0
SKG_QA_297,12.789319038391113,2020.0
SKG_QA_298,14.069459915161133,2015.0
SKG_QA_299,13.884100914001465,2019.0
SKG_QA_300,13.772010803222656,2020.0
SKG_QA_301,13.80772876739502,2020.0
SKG_QA_302,13.656554222106934,2011.0
SKG_QA_306,13.869465827941895,2019.0
SKG_QA_307,13.903216361999512,2020.0
SKG_QA_310,12.9267578125,2019.0
SKG_QA_311,13.936225891113281,2019.0
SKG_QA_312,13.867895126342773,2016.0
SKG_QA_313,13.71837043762207,2020.0
SKG_QA_314,13.599323272705078,2019.0
SKG_QA_317,13.775458335876465,2020.0
SKG_QA_318,13.881131172180176,2020.0
SKG_QA_319,13.794331550598145,2019.0
SKG_QA_321,14.05075454711914,2018.0
SKG_QA_322,12.871733665466309,2018.0
SKG_QA_323,13.858098030090332,2020.0
SKG_QA_325,13.889974594116211,2020.0
SKG_QA_326,13.729130744934082,2020.0
SKG_QA_328,12.719497680664062,2015.0
SKG_QA_329,13.04859733581543,2019.0
SKG_QA_330,12.986937522888184,2019.0
SKG_QA_331,13.91866397857666,2020.0
SKG_QA_332,13.786726951599121,2020.0
SKG_QA_333,14.204671859741211,2019.0
SKG_QA_334,13.939533233642578,2013.0
SKG_QA_335,13.831500053405762,2016.0
SKG_QA_336,13.932291984558105,2011.0
SKG_QA_337,13.655092239379883,2016.0
SKG_QA_340,13.95207405090332,2016.0
SKG_QA_341,13.839814186096191,2017.0
SKG_QA_342,13.722747802734375,2020.0
SKG_QA_343,13.799736976623535,2018.0
SKG_QA_345,13.692733764648438,2016.0
SKG_QA_346,13.5598726272583,2020.0
SKG_QA_348,13.669849395751953,2018.0
SKG_QA_351,13.597063064575195,2020.0
SKG_QA_352,13.6445951461792,2015.0
SKG_QA_353,13.766725540161133,2018.0
SKG_QA_354,13.769193649291992,2018.0
SKG_QA_356,13.013154983520508,2015.0
SKG_QA_359,13.730422019958496,2019.0
SKG_QA_360,13.536911964416504,2020.0
SKG_QA_361,13.815585136413574,2019.0
SKG_QA_362,13.901415824890137,2019.0
SKG_QA_363,13.79761028289795,2020.0
SKG_QA_364,13.805450439453125,2018.0
SKG_QA_365,13.578939437866211,2019.0
SKG_QA_366,13.660305976867676,2016.0
SKG_QA_367,12.783891677856445,2018.0
SKG_QA_368,13.525838851928711,2020.0
SKG_QA_369,13.877676010131836,2017.0
SKG_QA_370,13.87043285369873,2019.0
SKG_QA_371,14.223892211914062,2019.0
SKG_QA_372,13.628162384033203,2020.0
SKG_QA_373,13.485721588134766,2020.0
SKG_QA_374,13.357195854187012,2020.0
SKG_QA_375,13.80927848815918,2016.0
SKG_QA_376,13.525116920471191,2016.0
SKG_QA_380,13.808409690856934,2018.0
SKG_QA_381,13.737090110778809,2018.0
SKG_QA_382,13.87083625793457,2018.0
SKG_QA_383,13.984973907470703,2020.0
SKG_QA_384,12.960732460021973,2018.0
SKG_QA_385,13.963706970214844,2013.0
SKG_QA_386,13.815442085266113,2019.0
SKG_QA_387,14.130180358886719,2019.0
SKG_QA_389,13.825250625610352,2018.0
SKG_QA_391,13.480698585510254,2020.0
SKG_QA_392,13.551064491271973,2011.0
SKG_QA_393,13.752762794494629,2020.0
SKG_QA_394,13.72697925567627,2018.0
SKG_QA_395,13.802835464477539,2020.0
SKG_QA_396,13.530905723571777,2019.0
SKG_QA_397,13.108960151672363,2019.0
SKG_QA_399,13.505249977111816,2017.0
SKG_QA_401,13.106388092041016,2019.0
SKG_QA_402,13.975053787231445,2020.0
SKG_QA_403,13.997323989868164,2019.0
SKG_QA_404,13.659384727478027,2014.0
SKG_QA_405,13.5331392288208,2016.0
SKG_QA_406,13.74293041229248,2020.0
SKG_QA_407,13.469850540161133,2016.0
SKG_QA_408,13.582780838012695,2020.0
SKG_QA_409,13.763138771057129,2020.0
SKG_QA_412,13.859975814819336,2020.0
SKG_QA_413,13.78923225402832,2020.0
SKG_QA_415,12.748790740966797,2018.0
SKG_QA_416,13.822637557983398,2010.0
SKG_QA_417,13.499212265014648,2012.0
SKG_QA_419,13.561089515686035,2016.0
SKG_QA_421,13.833479881286621,2016.0
SKG_QA_422,13.521642684936523,2020.0
SKG_QA_423,13.951988220214844,2015.0
SKG_QA_424,13.576212882995605,2013.0
SKG_QA_426,13.044350624084473,2018.0
SKG_QA_431,14.046889305114746,2017.0
SKG_QA_432,13.642195701599121,2018.0
SKG_QA_438,12.755656242370605,2015.0
SKG_QA_440,13.511880874633789,2019.0
SKG_QA_441,13.500362396240234,2020.0
SKG_QA_442,13.904823303222656,2017.0
SKG_QA_444,13.7510986328125,2020.0
SKG_QA_445,13.480104446411133,2017.0
SKG_QA_446,12.830766677856445,2015.0
SKG_QA_447,13.273489952087402,2019.0
SKG_QA_449,12.85312271118164,2019.0
SKG_QA_450,13.620984077453613,2018.0
SKG_QA_452,13.795761108398438,2019.0
SKG_QA_454,13.07546615600586,2019.0
SKG_QA_455,13.873869895935059,2017.0
SKG_QA_457,13.637957572937012,2019.0
SKG_QA_458,13.638574600219727,2020.0
SKG_QA_460,13.560412406921387,2020.0
SKG_QA_462,13.473464012145996,2017.0
SKG_QA_466,13.75468921661377,2019.0
SKG_QA_470,13.771795272827148,2016.0
SKG_QA_471,14.048921585083008,2017.0
SKG_QA_472,13.969615936279297,2017.0
SKG_QA_473,13.671969413757324,2019.0
SKG_QA_475,13.656791687011719,2019.0
SKG_QA_476,13.819536209106445,2018.0
SKG_QA_477,13.261688232421875,2020.0
SKG_QA_479,13.927022933959961,2020.0
SKG_QA_481,13.892579078674316,2019.0
SKG_QA_482,13.632621765136719,2019.0
SKG_QA_483,12.83585262298584,2018.0
SKG_QA_484,13.98190689086914,2019.0
SKG_QA_486,13.911321640014648,2020.0
SKG_QA_487,13.668183326721191,2012.0
SKG_QA_489,12.98230266571045,2019.0
SKG_QA_490,13.898042678833008,2018.0
SKG_QA_492,13.814451217651367,2020.0
SKG_SA_0,12.753602027893066,2019.0
SKG_SA_1,13.80030632019043,2018.0
SKG_SA_2,13.848416328430176,2020.0
SKG_SA_4,12.903258323669434,2013.0
SKG_SA_5,13.657083511352539,2012.0
SKG_SA_8,13.741543769836426,2016.0
SKG_SA_9,14.009005546569824,2015.0
SKG_SA_10,13.689576148986816,2018.0
SKG_SA_11,12.93117618560791,2019.0
SKG_SA_15,12.733246803283691,2019.0
SKG_SA_17,13.770474433898926,2016.0
SKG_SA_18,13.68667221069336,2018.0
SKG_SA_21,13.814781188964844,2017.0
SKG_SA_24,14.024763107299805,2012.0
SKG_SA_26,13.857627868652344,2016.0
SKG_SA_27,12.889556884765625,2019.0
SKG_SA_28,13.971769332885742,2018.0
SKG_SA_31,13.501924514770508,2018.0
SKG_SA_32,13.913487434387207,2013.0
SKG_SA_35,13.85165023803711,2019.0
SKG_SA_36,13.83948802947998,2014.0
SKG_SA_38,13.771235466003418,2019.0
SKG_SA_39,13.719870567321777,2019.0
SKG_SA_40,13.624588966369629,2013.0
SKG_SA_41,13.602481842041016,2016.0
SKG_SA_46,13.610355377197266,2018.0
SKG_SA_48,13.729649543762207,2013.0
SKG_SA_49,12.948015213012695,2019.0
SKG_SA_51,13.918824195861816,2018.0
SKG_SA_52,13.541863441467285,2014.0
SKG_SA_54,13.883570671081543,2020.0
SKG_SA_55,13.78082275390625,2020.0
SKG_SA_57,13.709884643554688,2020.0
SKG_SA_58,13.8296480178833,2020.0
SKG_SA_64,12.760295867919922,2018.0
SKG_SA_65,13.447747230529785,2015.0
SKG_SA_71,13.773406982421875,2020.0
SKG_SA_76,13.648507118225098,2018.0
SKG_SA_77,13.5208158493042,2011.0
SKG_SA_78,14.20937442779541,2015.0
SKG_SA_81,14.840277671813965,2020.0
SKG_SA_83,13.824490547180176,2010.0
SKG_SA_84,13.910358428955078,2020.0
SKG_SA_85,13.764047622680664,2016.0
SKG_SA_87,13.504997253417969,2020.0
SKG_SA_89,13.798712730407715,2016.0
SKG_SA_90,13.823103904724121,2018.0
SKG_SA_91,13.72934627532959,2020.0
SKG_SA_92,13.732653617858887,2019.0
SKG_SA_94,13.994046211242676,2020.0
SKG_SA_95,13.771597862243652,2020.0
SKG_SA_100,13.419075965881348,2017.0
SKG_SA_101,13.811734199523926,2019.0
SKG_SA_102,13.983757019042969,2020.0
SKG_SA_105,13.945833206176758,2018.0
SKG_SA_106,13.57943344116211,2018.0
SKG_SA_107,13.680628776550293,2015.0
SKG_SA_108,14.106870651245117,2017.0
SKG_SA_111,13.813336372375488,2013.0
SKG_SA_114,12.656295776367188,2015.0
SKG_SA_116,13.734210014343262,2017.0
SKG_SA_117,13.89765453338623,2018.0
SKG_SA_118,13.606258392333984,2014.0
SKG_SA_124,13.571619987487793,2020.0
SKG_SA_128,13.455575942993164,2016.0
SKG_SA_131,12.7654390335083,2017.0
SKG_SA_133,13.649598121643066,2020.0
SKG_SA_134,12.810036659240723,2019.0
SKG_SA_137,13.89599609375,2020.0
SKG_SA_139,14.166410446166992,2019.0
SKG_SA_140,13.744458198547363,2017.0
SKG_SA_141,13.50490951538086,2019.0
SKG_SA_143,13.667058944702148,2015.0
SKG_SA_144,13.721026420593262,2018.0
SKG_SA_147,13.7719144821167,2019.0
SKG_SA_148,13.556918144226074,2012.0
SKG_SA_149,13.799379348754883,2017.0
SKG_SA_150,13.590568542480469,2020.0
SKG_SA_152,13.978476524353027,2017.0
SKG_SA_153,13.68320083618164,2018.0
SKG_SA_155,13.908519744873047,2018.0
SKG_SA_156,14.078425407409668,2020.0
SKG_SA_159,13.822635650634766,2019.0
SKG_SA_160,13.374387741088867,2016.0
SKG_SA_162,13.864789009094238,2018.0
SKG_SA_163,13.538582801818848,2017.0
SKG_SA_169,13.626797676086426,2018.0
SKG_SA_172,13.720406532287598,2018.0
SKG_SA_176,13.74316120147705,2018.0
SKG_SA_179,14.157594680786133,2018.0
SKG_SA_181,13.251117706298828,2011.0
SKG_SA_184,13.837119102478027,2017.0
SKG_SA_185,13.812591552734375,2017.0
SKG_SA_188,13.945838928222656,2018.0
SKG_SA_189,13.806371688842773,2019.0
SKG_SA_190,13.778658866882324,2016.0
SKG_SA_191,13.829998016357422,2013.0
SKG_SA_192,13.905771255493164,2011.0
SKG_SA_193,13.700784683227539,2016.0
SKG_SA_194,13.697504997253418,2018.0
SKG_SA_199,13.404622077941895,2018.0
SKG_SA_200,12.916589736938477,2019.0
SKG_SA_203,13.675457000732422,2018.0
SKG_SA_205,13.62491226196289,2020.0
SKG_SA_208,13.703060150146484,2019.0
SKG_SA_214,13.941056251525879,2020.0
SKG_SA_216,13.688617706298828,2019.0
SKG_SA_217,13.690239906311035,2010.0
SKG_SA_218,13.75588607788086,2019.0
SKG_SA_222,13.712923049926758,2018.0
SKG_SA_224,13.740038871765137,2014.0
SKG_SA_227,13.854362487792969,2017.0
SKG_SA_228,13.542485237121582,2017.0
SKG_SA_229,13.498294830322266,2013.0
SKG_SA_231,13.513915061950684,2020.0
SKG_SA_233,13.401533126831055,2020.0
SKG_SA_234,13.520963668823242,2016.0
SKG_SA_235,13.767723083496094,2020.0
SKG_SA_236,13.52617359161377,2019.0
SKG_SA_238,13.839643478393555,2016.0
SKG_SA_240,12.68746280670166,2015.0
SKG_SA_246,13.6312255859375,2014.0
SKG_SA_247,13.72303295135498,2017.0
SKG_SA_248,13.797350883483887,2018.0
SKG_SA_249,13.665474891662598,2017.0
SKG_SA_252,13.805622100830078,2016.0
SKG_SA_253,13.556425094604492,2017.0
SKG_SA_256,13.651373863220215,2018.0
SKG_SA_258,14.103160858154297,2017.0
SKG_SA_260,13.669236183166504,2014.0
SKG_SA_261,13.33753490447998,2017.0
SKG_SA_263,13.567460060119629,2020.0
SKG_SA_266,13.442161560058594,2015.0
SKG_SA_267,13.841185569763184,2019.0
SKG_SA_268,13.704194068908691,2012.0
SKG_SA_269,13.69837474822998,2016.0
SKG_SA_271,13.996978759765625,2019.0
SKG_SA_272,13.67940616607666,2019.0
SKG_SA_274,13.383384704589844,2018.0
SKG_SA_275,13.833453178405762,2016.0
SKG_SA_276,13.749663352966309,2020.0
SKG_SA_278,13.816712379455566,2014.0
SKG_SA_279,13.483745574951172,2019.0
SKG_SA_280,13.531017303466797,2020.0
SKG_SA_282,13.687335014343262,2018.0
SKG_SA_283,13.529206275939941,2014.0
SKG_SA_284,13.564410209655762,2020.0
SKG_SA_289,13.728171348571777,2017.0
SKG_SA_293,12.90135669708252,2015.0
SKG_SA_294,13.007582664489746,2019.0
SKG_SA_296,13.801340103149414,2013.0
SKG_SA_297,13.5650634765625,2019.0
SKG_SA_299,13.456753730773926,2020.0
SKG_SA_300,14.063265800476074,2019.0
SKG_SA_302,13.045609474182129,2019.0
SKG_SA_303,13.881359100341797,2019.0
SKG_SA_305,14.13117790222168,2017.0
SKG_SA_306,13.960892677307129,2013.0
SKG_SA_307,13.73748779296875,2014.0
SKG_SA_309,13.97996997833252,2016.0
SKG_SA_312,13.77773666381836,2020.0
SKG_SA_313,13.577481269836426,2015.0
SKG_SA_314,13.881906509399414,2018.0
SKG_SA_316,13.748756408691406,2017.0
SKG_SA_318,13.564154624938965,2013.0
SKG_SA_319,13.239301681518555,2017.0
SKG_SA_321,13.692425727844238,2015.0
SKG_SA_323,13.549857139587402,2015.0
SKG_SA_324,13.886868476867676,2018.0
SKG_SA_326,13.64652156829834,2018.0
SKG_SA_327,13.691328048706055,2018.0
SKG_SA_328,14.001280784606934,2019.0
SKG_SA_331,13.874887466430664,2017.0
SKG_SA_334,12.615670204162598,2015.0
SKG_SA_337,12.849714279174805,2019.0
SKG_SA_339,13.832917213439941,2014.0
SKG_SA_343,13.562344551086426,2011.0
SKG_SA_344,14.082829475402832,2020.0
SKG_SA_345,13.777233123779297,2020.0
SKG_SA_348,13.747404098510742,2019.0
SKG_SA_350,13.497823715209961,2020.0
SKG_SA_351,13.510492324829102,2011.0
SKG_SA_353,13.793218612670898,2017.0
SKG_SA_354,13.77622127532959,2016.0
SKG_SA_357,13.806111335754395,2019.0
SKG_SA_358,13.852020263671875,2020.0
SKG_SA_364,13.112889289855957,2017.0
SKG_SA_366,13.97178840637207,2015.0
SKG_SA_367,13.940011024475098,2018.0
SKG_SA_369,13.68224811553955,2016.0
SKG_SA_370,13.607877731323242,2017.0
SKG_SA_371,13.566694259643555,2020.0
SKG_SA_376,13.78927230834961,2019.0
SKG_SA_378,12.951662063598633,2019.0
SKG_SA_381,13.992085456848145,2018.0
SKG_SA_382,13.734086990356445,2015.0
SKG_SA_383,12.900701522827148,2019.0
SKG_SA_384,13.610040664672852,2020.0
SKG_SA_385,13.95901107788086,2016.0
SKG_SA_390,13.601489067077637,2017.0
SKG_SA_391,14.847228050231934,2017.0
SKG_SA_392,13.918935775756836,2019.0
SKG_SA_393,13.573634147644043,2015.0
SKG_SA_394,12.887466430664062,2019.0
SKG_SA_399,13.676761627197266,2019.0
SKG_SA_401,12.822503089904785,2015.0
SKG_SA_402,13.36950969696045,2020.0
SKG_SA_403,13.819945335388184,2020.0
SKG_SA_404,13.66409969329834,2017.0
SKG_SA_406,13.645256042480469,2017.0
SKG_SA_407,13.39405632019043,2016.0
SKG_SA_408,13.667646408081055,2020.0
SKG_SA_410,12.969269752502441,2015.0
SKG_SA_411,12.992114067077637,2018.0
SKG_SA_413,13.655251502990723,2020.0
SKG_SA_414,13.765685081481934,2013.0
SKG_SA_415,13.706151008605957,2015.0
SKG_SA_419,14.024516105651855,2017.0
SKG_SA_420,13.969465255737305,2010.0
SKG_SA_421,13.694384574890137,2017.0
SKG_SA_423,13.611804008483887,2011.0
SKG_SA_426,13.854050636291504,2016.0
SKG_SA_427,13.78115463256836,2016.0
SKG_SA_431,13.822404861450195,2016.0
SKG_SA_432,12.738923072814941,2015.0
SKG_SA_435,13.697710037231445,2013.0
SKG_SA_436,13.486979484558105,2019.0
SKG_SA_437,12.9302978515625,2015.0
SKG_SA_440,13.854681015014648,2019.0
SKG_SA_441,14.199130058288574,2014.0
SKG_SA_443,13.602070808410645,2016.0
SKG_SA_444,12.736926078796387,2019.0
SKG_SA_445,12.929905891418457,2020.0
SKG_SA_446,13.777571678161621,2019.0
SKG_SA_447,13.71477222442627,2017.0
SKG_SA_449,13.727816581726074,2014.0
SKG_SA_453,13.741333961486816,2020.0
SKG_SA_455,12.940263748168945,2019.0
SKG_SA_458,13.782488822937012,2015.0
SKG_SA_459,13.877727508544922,2018.0
SKG_SA_460,13.754076957702637,2014.0
SKG_SA_462,13.765610694885254,2016.0
SKG_SA_463,13.762279510498047,2016.0
SKG_SA_464,13.81616497039795,2019.0
SKG_SA_465,13.608914375305176,2017.0
SKG_SA_466,13.81189250946045,2017.0
SKG_SA_467,14.00063705444336,2020.0
SKG_SA_469,13.904109954833984,2013.0
SKG_SA_470,13.738865852355957,2020.0
SKG_SA_475,13.488760948181152,2017.0
SKG_SA_478,13.800823211669922,2020.0
SKG_SA_479,12.79134464263916,2019.0
SKG_SA_484,13.421704292297363,2013.0
SKG_SA_487,13.611848831176758,2018.0
SKG_SA_488,12.864677429199219,2018.0
SKG_SA_490,13.554534912109375,2014.0
SKG_SA_493,13.930359840393066,2016.0
SKG_SA_495,13.610651016235352,2017.0
SKG_SA_496,13.730785369873047,2018.0
SKG_SA_497,13.44347095489502,2016.0
SKG_SA_498,13.496785163879395,2020.0
SKG_SA_500,13.561787605285645,2016.0
SKG_SA_503,13.926637649536133,2018.0
SKG_SA_504,13.71383285522461,2016.0
SKG_SA_505,13.618017196655273,2011.0
SKG_SA_506,13.748870849609375,2017.0
SKG_SA_509,12.822973251342773,2015.0
SKG_SA_510,13.859856605529785,2017.0
SKG_SA_511,13.798529624938965,2017.0
SKG_SA_516,13.636902809143066,2019.0
SKG_SA_517,13.836149215698242,2014.0
SKG_SA_518,13.810749053955078,2020.0
SKG_SA_519,13.869030952453613,2020.0
SKG_SA_520,13.684344291687012,2017.0
SKG_SA_521,13.855549812316895,2019.0
SKG_SA_525,14.064481735229492,2019.0
SKG_SA_526,13.763872146606445,2013.0
SKG_SA_527,14.011808395385742,2010.0
SKG_SA_530,13.807788848876953,2014.0
SKG_SA_531,13.764753341674805,2015.0
SKG_SA_535,13.738435745239258,2015.0
SKG_SA_537,14.154646873474121,2017.0
SKG_SA_538,13.59504222869873,2020.0
SKG_SA_540,13.93864917755127,2014.0
SKG_SA_541,13.489713668823242,2019.0
SKG_SA_542,13.812751770019531,2015.0
SKG_SA_543,12.985407829284668,2019.0
SKG_SA_544,13.919326782226562,2010.0
SKG_SA_545,13.971400260925293,2015.0
SKG_SA_546,13.486156463623047,2020.0
SKG_SA_547,13.480480194091797,2018.0
SKG_SA_548,13.74338436126709,2020.0
SKG_SA_549,13.044350624084473,2018.0
SKG_SA_551,13.546728134155273,2018.0
SKG_SA_552,13.704419136047363,2018.0
SKG_SA_553,13.78923511505127,2019.0
SKG_SA_554,13.962047576904297,2012.0
SKG_SA_555,12.839638710021973,2019.0
SKG_SA_556,13.433095932006836,2014.0
SKG_SA_557,13.58660888671875,2013.0
SKG_SA_558,14.04980182647705,2018.0
SKG_SA_564,13.550704002380371,2015.0
SKG_SA_565,13.838135719299316,2012.0
SKG_SA_566,13.784914016723633,2016.0
SKG_SA_567,13.776588439941406,2011.0
SKG_SA_576,13.746227264404297,2019.0
SKG_SA_577,13.588927268981934,2013.0
SKG_SA_578,13.662001609802246,2017.0
SKG_SA_581,13.646930694580078,2019.0
SKG_SA_583,13.513324737548828,2016.0
SKG_SA_584,13.777174949645996,2018.0
SKG_SA_585,13.873005867004395,2018.0
SKG_SA_586,13.621074676513672,2020.0
SKG_SA_587,13.555362701416016,2019.0
SKG_SA_590,14.033285140991211,2013.0
SKG_SA_591,13.360200881958008,2020.0
SKG_SA_592,13.920794486999512,2015.0
SKG_SA_593,13.931180953979492,2017.0
SKG_SA_594,13.818331718444824,2016.0
SKG_SA_595,13.528199195861816,2016.0
SKG_SA_596,13.776626586914062,2015.0
SKG_SA_597,12.905057907104492,2013.0
SKG_SA_598,12.834228515625,2019.0
SKG_SA_602,13.79049015045166,2018.0
SKG_SA_608,13.641671180725098,2015.0
SKG_SA_609,13.489127159118652,2013.0
SKG_SA_610,12.990753173828125,2019.0
SKG_SA_617,13.840928077697754,2016.0
SKG_SA_618,13.808374404907227,2014.0
SKG_SA_620,13.83525562286377,2020.0
SKG_SA_622,14.014922142028809,2017.0
SKG_SA_623,13.83285140991211,2019.0
SKG_SA_628,13.02399730682373,2019.0
SKG_SA_629,13.74030876159668,2018.0
SKG_SA_630,13.954970359802246,2017.0
SKG_SA_631,13.769079208374023,2018.0
SKG_SA_632,13.877306938171387,2018.0
SKG_SA_633,13.349724769592285,2013.0
SKG_SA_634,13.844160079956055,2016.0
SKG_SA_636,14.19163703918457,2018.0
SKG_SUM_0,13.582784652709961,2013.0
SKG_SUM_3,13.826794624328613,2020.0
SKG_SUM_7,13.899434089660645,2010.0
SKG_SUM_9,13.99921703338623,2020.0
SKG_SUM_10,14.033924102783203,2020.0
SKG_SUM_13,13.764680862426758,2020.0
SKG_SUM_14,13.801247596740723,2020.0
SKG_SUM_16,13.705862998962402,2020.0
SKG_SUM_17,13.797587394714355,2015.0
SKG_SUM_19,13.91831111907959,2020.0
SKG_SUM_21,12.948342323303223,2019.0
SKG_SUM_22,13.911717414855957,2014.0
SKG_SUM_26,14.009033203125,2020.0
SKG_SUM_28,13.989242553710938,2020.0
SKG_SUM_30,14.037224769592285,2019.0
SKG_SUM_31,12.923208236694336,2019.0
SKG_SUM_34,13.89528751373291,2013.0
SKG_SUM_37,12.884092330932617,2019.0
SKG_SUM_40,13.822723388671875,2014.0
SKG_SUM_42,13.756760597229004,2010.0
SKG_SUM_43,13.746439933776855,2014.0
SKG_SUM_45,14.091057777404785,2011.0
SKG_SUM_46,13.677509307861328,2018.0
SKG_SUM_47,13.595370292663574,2019.0
SKG_SUM_51,12.818948745727539,2019.0
SKG_SUM_53,13.712796211242676,2020.0
SKG_SUM_54,13.72881031036377,2018.0
SKG_SUM_55,14.012618064880371,2020.0
SKG_SUM_56,13.786864280700684,2020.0
SKG_SUM_57,12.905377388000488,2019.0
SKG_SUM_58,14.031010627746582,2019.0
SKG_SUM_59,13.681668281555176,2012.0
SKG_SUM_61,14.254678726196289,2018.0
SKG_SUM_62,13.740731239318848,2018.0
SKG_SUM_64,13.004912376403809,2015.0
SKG_SUM_66,13.6862154006958,2020.0
SKG_SUM_67,13.442057609558105,2010.0
SKG_SUM_68,13.763717651367188,2014.0
SKG_SUM_69,14.002790451049805,2018.0
SKG_SUM_70,14.005898475646973,2020.0
SKG_SUM_72,13.66793441772461,2012.0
SKG_SUM_73,14.22905158996582,2019.0
SKG_SUM_75,13.883520126342773,2020.0
SKG_SUM_76,13.784552574157715,2013.0
SKG_SUM_78,13.768628120422363,2016.0
SKG_SUM_79,12.913040161132812,2019.0
SKG_SUM_80,14.08869457244873,2011.0
SKG_SUM_83,13.690240859985352,2010.0
SKG_SUM_84,13.73764419555664,2020.0
SKG_SUM_85,13.613877296447754,2016.0
SKG_SUM_86,14.269551277160645,2017.0
SKG_SUM_89,14.001446723937988,2019.0
SKG_SUM_91,13.448219299316406,2019.0
SKG_SUM_92,12.650145530700684,2015.0
SKG_SUM_93,12.827266693115234,2018.0
SKG_SUM_94,13.739968299865723,2019.0
SKG_SUM_95,13.492408752441406,2019.0
SKG_SUM_96,13.746633529663086,2019.0
SKG_SUM_97,13.5654296875,2012.0
SKG_SUM_99,13.795705795288086,2020.0
SKG_SUM_100,12.97590160369873,2018.0
SKG_SUM_101,12.783596992492676,2019.0
SKG_SUM_102,13.96882152557373,2018.0
SKG_SUM_103,13.894649505615234,2017.0
SKG_SUM_104,14.10263442993164,2020.0
SKG_SUM_105,13.734233856201172,2020.0
SKG_SUM_106,13.731189727783203,2020.0
SKG_SUM_107,13.868699073791504,2015.0
SKG_SUM_108,12.833480834960938,2016.0
SKG_SUM_109,13.337542533874512,2017.0
SKG_SUM_110,13.887253761291504,2011.0
SKG_SUM_112,13.638799667358398,2019.0
SKG_SUM_113,13.747802734375,2017.0
SKG_SUM_114,13.786913871765137,2018.0
SKG_SUM_115,12.925861358642578,2019.0
SKG_SUM_117,13.433418273925781,2018.0
SKG_SUM_118,13.876428604125977,2020.0
SKG_SUM_119,13.602144241333008,2020.0
SKG_SUM_120,13.709747314453125,2018.0
SKG_SUM_121,13.775500297546387,2020.0
SKG_SUM_122,13.631824493408203,2018.0
SKG_SUM_123,13.874279022216797,2020.0
SKG_SUM_124,13.681866645812988,2019.0
SKG_SUM_125,12.988090515136719,2019.0
SKG_SUM_126,13.388951301574707,2019.0
SKG_SUM_127,13.13570499420166,2019.0
SKG_SUM_128,14.064323425292969,2016.0
SKG_SUM_129,13.043560028076172,2015.0
SKG_SUM_130,14.067524909973145,2011.0
SKG_SUM_131,13.560608863830566,2020.0
SKG_SUM_132,13.937837600708008,2018.0
SKG_SUM_133,13.673497200012207,2018.0
SKG_SUM_135,13.467885971069336,2020.0
SKG_SUM_136,12.779890060424805,2015.0
SKG_SUM_137,13.76111125946045,2019.0
SKG_SUM_138,13.803140640258789,2020.0
SKG_SUM_139,13.82174015045166,2020.0
SKG_SUM_140,13.889974594116211,2020.0
SKG_SUM_141,13.938359260559082,2018.0
SKG_SUM_145,13.773906707763672,2014.0
SKG_SUM_146,13.86505126953125,2020.0
SKG_SUM_147,14.027350425720215,2012.0
SKG_SUM_149,13.60929012298584,2019.0
SKG_SUM_150,14.055307388305664,2020.0
SKG_SUM_152,13.954310417175293,2018.0
SKG_SUM_153,12.70865249633789,2019.0
SKG_SUM_154,13.910924911499023,2013.0
SKG_SUM_155,14.124642372131348,2013.0
SKG_SUM_156,13.876862525939941,2019.0
SKG_SUM_157,13.990324020385742,2020.0
SKG_SUM_158,13.735331535339355,2018.0
SKG_SUM_159,12.871021270751953,2019.0
SKG_SUM_160,13.931323051452637,2020.0
SKG_SUM_161,13.50416374206543,2019.0
SKG_SUM_163,12.912407875061035,2018.0
SKG_SUM_164,14.040502548217773,2018.0
SKG_SUM_165,13.98541259765625,2018.0
SKG_SUM_167,13.627741813659668,2018.0
SKG_SUM_168,13.023697853088379,2019.0
SKG_SUM_169,13.779765129089355,2019.0
SKG_SUM_170,13.610389709472656,2020.0
SKG_SUM_171,13.706298828125,2020.0
SKG_SUM_172,12.871341705322266,2015.0
SKG_SUM_176,13.926420211791992,2018.0
SKG_SUM_177,13.627317428588867,2015.0
SKG_SUM_178,12.545642852783203,2015.0
SKG_SUM_179,13.849946022033691,2018.0
SKG_SUM_180,13.632861137390137,2013.0
SKG_SUM_182,14.044046401977539,2019.0
SKG_SUM_183,13.104670524597168,2019.0
SKG_SUM_184,13.528766632080078,2020.0
SKG_SUM_186,12.886202812194824,2015.0
SKG_SUM_189,13.651744842529297,2020.0
SKG_SUM_190,13.849347114562988,2016.0
SKG_SUM_191,13.266180038452148,2017.0
SKG_SUM_192,13.754744529724121,2020.0
SKG_SUM_193,13.892722129821777,2013.0
SKG_SUM_197,13.949825286865234,2016.0
SKG_SUM_199,13.996371269226074,2020.0
SKG_SUM_200,13.643031120300293,2019.0
SKG_SUM_201,13.64285659790039,2019.0
SKG_SUM_202,13.95659351348877,2019.0
SKG_SUM_206,13.967546463012695,2020.0
SKG_SUM_207,14.156866073608398,2019.0
SKG_SUM_209,13.802379608154297,2020.0
SKG_SUM_210,12.933412551879883,2019.0
SKG_SUM_213,13.962424278259277,2019.0
SKG_SUM_215,13.755038261413574,2020.0
SKG_SUM_217,14.296141624450684,2016.0
SKG_SUM_218,13.695473670959473,2018.0
SKG_SUM_219,13.713608741760254,2018.0
SKG_SUM_220,13.391841888427734,2019.0
SKG_DIA_W4384071683,13.269142150878906,2023.0
SKG_DIA_W4319460874,13.695991516113281,2023.0
SKG_DIA_W4213436352,13.591483116149902,2022.0
SKG_DIA_W4226079456,13.250020027160645,2022.0
SKG_DIA_W4360980141,13.490968704223633,2023.0
SKG_DIA_W4323050332,13.875591278076172,2023.0
SKG_DIA_W4393065402,13.934433937072754,2024.0
SKG_DIA_W4366091323,13.595353126525879,2023.0
SKG_DIA_W4362581834,13.667186737060547,2023.0
SKG_DIA_W4322766882,13.665974617004395,2023.0
SKG_DIA_W4392731282,13.224839210510254,2024.0
SKG_DIA_W4292289324,13.828706741333008,2022.0
SKG_DIA_W4285247752,13.876794815063477,2022.0
SKG_DIA_W4319350602,13.85761833190918,2023.0
SKG_DIA_W4353016766,13.63621711730957,2023.0
SKG_DIA_W4367051110,13.193337440490723,2023.0
SKG_DIA_W4385567149,13.627954483032227,2022.0
SKG_DIA_W4392669753,12.73289966583252,2023.0
SKG_DIA_W4385691013,13.302003860473633,2023.0
SKG_DIA_W4366452046,13.730152130126953,2023.0
SKG_DIA_W4205955331,13.82364273071289,2022.0
SKG_DIA_W4205342885,13.378426551818848,2022.0
SKG_DIA_W4385572634,12.733965873718262,2023.0
SKG_DIA_W4221079197,13.737630844116211,2022.0
SKG_DIA_W4289170329,13.25718879699707,2022.0
SKG_DIA_W4387356888,13.706860542297363,2023.0
SKG_DIA_W4380995257,13.6525239944458,2023.0
SKG_DIA_W3201174429,13.734725952148438,2022.0
SKG_DIA_W4391836235,13.338211059570312,2024.0
SKG_DIA_W4389519254,13.887746810913086,2023.0
SKG_DIA_W4389523957,13.666117668151855,2023.0
SKG_DIA_W4367854022,13.676852226257324,2023.0
SKG_DIA_W4381930847,13.808319091796875,2023.0
SKG_DIA_W4391006361,13.29318904876709,2024.0
SKG_DIA_W4283749268,13.259676933288574,2022.0
SKG_DIA_W4379010216,13.92513656616211,2023.0
SKG_DIA_W4386045865,13.769644737243652,2023.0
SKG_DIA_W4392367648,13.188032150268555,2024.0
SKG_DIA_W4308947461,13.309693336486816,2022.0
SKG_DIA_W4390175962,14.018389701843262,2023.0
SKG_DIA_W4210668703,13.267915725708008,2022.0
SKG_DIA_W4388997570,13.278980255126953,2023.0
SKG_DIA_W4307127952,13.754247665405273,2022.0
SKG_DIA_W4378190160,13.70086669921875,2023.0
SKG_DIA_W4284966012,13.77806282043457,2022.0
SKG_DIA_W4327672398,13.647010803222656,2023.0
SKG_DIA_W4385571689,13.646615982055664,2023.0
SKG_DIA_W4360980513,13.260449409484863,2023.0
SKG_DIA_W4386120650,13.389904975891113,2023.0
SKG_DIA_W4386497355,13.731680870056152,2023.0
SKG_DIA_W4385571124,13.129281044006348,2023.0
SKG_DIA_W4389203481,13.845091819763184,2023.0
SKG_DIA_W4206929493,13.580530166625977,2022.0
SKG_DIA_W4366703942,13.656208038330078,2023.0
SKG_DIA_W4287891464,13.493685722351074,2022.0
SKG_DIA_W4378470708,13.80350399017334,2023.0
SKG_DIA_W4379054888,13.383499145507812,2023.0
SKG_DIA_W4316657447,13.322685241699219,2023.0
SKG_DIA_W4386317922,13.918020248413086,2023.0
SKG_DIA_W4389523832,13.657161712646484,2023.0
SKG_DIA_W4399465031,13.1260986328125,2024.0
SKG_DIA_W4388034851,13.228867530822754,2023.0
SKG_DIA_W4390353323,13.600605010986328,2023.0
SKG_DIA_W4389519118,13.148358345031738,2023.0
SKG_DIA_W4211081490,13.313294410705566,2022.0
SKG_DIA_W4385287322,13.678053855895996,2023.0
SKG_DIA_W4389524555,13.44677734375,2023.0
SKG_DIA_W4367175507,13.303335189819336,2023.0
SKG_DIA_W4389518760,13.648776054382324,2023.0
SKG_DIA_W4389520749,13.885364532470703,2023.0
SKG_DIA_W4283275376,13.225300788879395,2022.0
SKG_MT_W4319662928,13.929695129394531,2023.0
SKG_MT_W4384071683,13.002758026123047,2023.0
SKG_MT_W3212386989,13.688634872436523,2022.0
SKG_MT_W4288039037,13.729872703552246,2022.0
SKG_MT_W4308697725,13.86843204498291,2022.0
SKG_MT_W4225405705,13.128103256225586,2022.0
SKG_MT_W4366783381,13.115996360778809,2023.0
SKG_MT_W3172681723,13.016695976257324,2022.0
SKG_MT_W4360980141,13.490968704223633,2023.0
SKG_MT_W4323050332,13.875591278076172,2023.0
SKG_MT_W2914057887,13.560729026794434,2022.0
SKG_MT_W4389132751,13.699504852294922,2023.0
SKG_MT_W3208687975,13.008846282958984,2022.0
SKG_MT_W4220773259,13.68703842163086,2022.0
SKG_MT_W4385346076,13.630166053771973,2023.0
SKG_MT_W3045710579,13.884151458740234,2022.0
SKG_MT_W4285294723,12.891383171081543,2022.0
SKG_MT_W4393065402,13.934433937072754,2024.0
SKG_MT_W4366091323,13.599273681640625,2023.0
SKG_MT_W4362581834,13.667186737060547,2023.0
SKG_MT_W4312220150,13.029953002929688,2022.0
SKG_MT_W4225597912,13.79345989227295,2022.0
SKG_MT_W3163465952,13.914193153381348,2022.0
SKG_MT_W4392731282,13.07487678527832,2024.0
SKG_MT_W4386697749,13.041216850280762,2023.0
SKG_MT_W4288066876,13.054980278015137,2022.0
SKG_MT_W4292289324,13.82870864868164,2022.0
SKG_MT_W4229443239,13.101885795593262,2022.0
SKG_MT_W4365504037,13.022222518920898,2023.0
SKG_MT_W4294733719,13.808601379394531,2022.0
SKG_MT_W4308463927,13.982137680053711,2022.0
SKG_MT_W4223918474,13.021413803100586,2022.0
SKG_MT_W4386740800,13.670912742614746,2023.0
SKG_MT_W4319350602,13.857617378234863,2023.0
SKG_MT_W4392773210,13.59238052368164,2024.0
SKG_MT_W4285083897,13.033631324768066,2022.0
SKG_MT_W4385567149,13.629524230957031,2022.0
SKG_MT_W4223968391,13.129545211791992,2022.0
SKG_MT_W4392669753,12.73289966583252,2023.0
SKG_MT_W4320070415,13.001742362976074,2022.0
SKG_MT_W4319162181,13.775586128234863,2023.0
SKG_MT_W4225278475,13.468025207519531,2022.0
SKG_MT_W4220720590,12.829855918884277,2022.0
SKG_MT_W4362579589,13.092700958251953,2023.0
SKG_MT_W4386285856,13.93509578704834,2023.0
SKG_MT_W4221049439,13.755849838256836,2022.0
SKG_MT_W4221166942,13.624857902526855,2022.0
SKG_MT_W4385572634,12.733965873718262,2023.0
SKG_MT_W4385573131,13.86032485961914,2022.0
SKG_MT_W4367316498,13.668511390686035,2023.0
SKG_MT_W4221079197,13.737630844116211,2022.0
SKG_MT_W3007036128,12.97670841217041,2022.0
SKG_MT_W4321434840,12.984750747680664,2023.0
SKG_MT_W4387356888,13.71247673034668,2023.0
SKG_MT_W4220863497,13.576404571533203,2022.0
SKG_MT_W4280598306,13.109061241149902,2022.0
SKG_MT_W4213435307,13.019542694091797,2022.0
SKG_MT_W4294677009,13.041295051574707,2022.0
SKG_MT_W3162090017,12.739148139953613,2022.0
SKG_MT_W4391836235,13.069847106933594,2024.0
SKG_MT_W4286005461,13.03880500793457,2022.0
SKG_MT_W4307135222,13.830168724060059,2022.0
SKG_MT_W4389519254,13.887746810913086,2023.0
SKG_MT_W4396723768,13.064994812011719,2024.0
SKG_MT_W3039695075,13.693389892578125,2022.0
SKG_MT_W4221040597,13.063521385192871,2022.0
SKG_MT_W4389523957,13.666117668151855,2023.0
SKG_MT_W4293068416,13.007908821105957,2022.0
SKG_MT_W4400949264,13.787130355834961,2024.0
SKG_NLI_W4319662928,13.929695129394531,2023.0
SKG_NLI_W4384071683,12.910852432250977,2023.0
SKG_NLI_W3212386989,13.688634872436523,2022.0
SKG_NLI_W4391109864,13.836085319519043,2024.0
SKG_NLI_W4288039037,13.72987174987793,2022.0
SKG_NLI_W4383218913,12.87582778930664,2023.0
SKG_NLI_W4389132751,13.699504852294922,2023.0
SKG_NLI_W3208687975,12.959932327270508,2022.0
SKG_NLI_W4294052458,13.012076377868652,2022.0
SKG_NLI_W4285294723,12.891383171081543,2022.0
SKG_NLI_W4393065402,13.934433937072754,2024.0
SKG_NLI_W4366091323,13.599273681640625,2023.0
SKG_NLI_W4229011615,13.902257919311523,2022.0
SKG_NLI_W4322766882,13.66318130493164,2023.0
SKG_NLI_W4312220150,12.96583366394043,2022.0
SKG_NLI_W4292121737,12.946369171142578,2022.0
SKG_NLI_W4288066876,12.960447311401367,2022.0
SKG_NLI_W4292289324,13.82870864868164,2022.0
SKG_NLI_W4365504037,12.983491897583008,2023.0
SKG_NLI_W4285247752,13.876794815063477,2022.0
SKG_NLI_W4389991792,13.8602933883667,2023.0
SKG_NLI_W4385567149,13.627954483032227,2022.0
SKG_NLI_W4392669753,12.73289966583252,2023.0
SKG_NLI_W4385691013,12.96517276763916,2023.0
SKG_NLI_W3133824676,13.816145896911621,2023.0
SKG_NLI_W4289222991,12.984854698181152,2022.0
SKG_NLI_W4312210066,12.885946273803711,2022.0
SKG_NLI_W4221166942,13.624857902526855,2022.0
SKG_NLI_W4385572634,12.733965873718262,2023.0
SKG_NLI_W4385573131,13.86032485961914,2022.0
SKG_NLI_W4224227775,12.840131759643555,2022.0
SKG_NLI_W4406152279,13.850201606750488,2025.0
SKG_NLI_W3162090017,12.739148139953613,2022.0
SKG_NLI_W4391836235,13.024040222167969,2024.0
SKG_NLI_W4307135222,13.830168724060059,2022.0
SKG_NLI_W4385430679,13.573519706726074,2023.0
SKG_NLI_W3039695075,13.693389892578125,2022.0
SKG_NLI_W3038822267,13.77876091003418,2023.0
SKG_NLI_W4389523957,13.666117668151855,2023.0
SKG_NLI_W4391514872,13.780051231384277,2024.0
SKG_NLI_W3156470785,13.52956485748291,2022.0
SKG_NLI_W4366823175,13.793066024780273,2023.0
SKG_NLI_W4379769651,13.672926902770996,2023.0
SKG_NLI_W4385737488,12.95744800567627,2023.0
SKG_NLI_W4406170795,12.933009147644043,2025.0
SKG_NLI_W4285225959,13.015896797180176,2022.0
SKG_NLI_W4210404112,13.001480102539062,2022.0
SKG_NLI_W4323313947,13.74681282043457,2023.0
SKG_NLI_W4318983406,13.048467636108398,2023.0
SKG_NLI_W4389519587,13.757526397705078,2023.0
SKG_NLI_W4221166835,12.967348098754883,2022.0
SKG_NLI_W4225150645,13.052560806274414,2022.0
SKG_NLI_W4315880904,13.718986511230469,2023.0
SKG_NLI_W4386711999,13.054045677185059,2023.0
SKG_NLI_W4225000412,12.976859092712402,2022.0
SKG_NLI_W4388694364,13.764593124389648,2023.0
SKG_NLI_W4386045865,13.769644737243652,2023.0
SKG_NLI_W4392367648,12.957290649414062,2024.0
SKG_NLI_W4296027312,13.863466262817383,2022.0
SKG_NLI_W4281780963,13.034021377563477,2022.0
SKG_NLI_W4389359039,13.625672340393066,2023.0
SKG_NLI_W4388725043,12.910062789916992,2023.0
SKG_NLI_W4395112138,13.027674674987793,2024.0
SKG_NLI_W4386576685,13.82667064666748,2023.0
SKG_NLI_W4229073893,13.732514381408691,2022.0
SKG_NLI_W4284966012,13.77806282043457,2022.0
SKG_NLI_W4385571689,13.646615982055664,2023.0
SKG_NLI_W4392051461,13.77628231048584,2024.0
SKG_NLI_W4385571124,13.129281044006348,2023.0
SKG_NLI_W4296612997,12.957242965698242,2022.0
SKG_NLI_W4224291780,13.60317325592041,2022.0
SKG_NLI_W4311546538,12.984650611877441,2022.0
SKG_PAR_W4366091323,13.599273681640625,2023.0
SKG_PAR_W4322766882,13.66318130493164,2023.0
SKG_PAR_W4385567149,13.629525184631348,2022.0
SKG_PAR_W4392669753,12.73289966583252,2023.0
SKG_PAR_W4323359867,13.870936393737793,2023.0
SKG_PAR_W4321434840,13.592878341674805,2023.0
SKG_PAR_W3201174429,13.734725952148438,2022.0
SKG_PAR_W3039695075,13.693389892578125,2022.0
SKG_PAR_W4390175962,14.018388748168945,2023.0
SKG_PAR_W4386576685,13.82667064666748,2023.0
SKG_PAR_W4385571689,13.646615982055664,2023.0
SKG_PAR_W4360980513,13.589898109436035,2023.0
SKG_PAR_W4385571124,13.129281044006348,2023.0
SKG_PAR_W4287891464,13.493685722351074,2022.0
SKG_PAR_W4386317922,13.918020248413086,2023.0
SKG_PAR_W4221153690,13.734421730041504,2022.0
SKG_PAR_W4385573087,13.880668640136719,2022.0
SKG_PAR_W4388551749,13.609793663024902,2023.0
SKG_PAR_W4360957277,13.707755088806152,2023.0
SKG_PAR_W4390745503,13.764253616333008,2024.0
SKG_PAR_W4385572845,13.619973182678223,2022.0
SKG_PAR_W4385572953,13.336520195007324,2022.0
SKG_PAR_W4389519239,13.634122848510742,2023.0
SKG_PAR_W4385757151,13.622054100036621,2023.0
SKG_PAR_W4392732989,13.489593505859375,2024.0
SKG_PAR_W4389519598,13.079182624816895,2023.0
SKG_PAR_W3198599617,13.49905014038086,2022.0
SKG_PAR_W3205717164,13.809779167175293,2022.0
SKG_PAR_W3207553988,12.81840705871582,2022.0
SKG_PAR_W4385732922,13.654142379760742,2023.0
SKG_PAR_W4225729224,13.49538803100586,2022.0
SKG_PAR_W4386724197,13.653952598571777,2023.0
SKG_PAR_W4393335480,13.656810760498047,2024.0
SKG_PAR_W3152268000,13.94495964050293,2022.0
SKG_PAR_W3156829097,13.609917640686035,2022.0
SKG_PAR_W4386566638,13.825550079345703,2023.0
SKG_PAR_W4210457441,13.599380493164062,2022.0
SKG_PAR_W4389520670,13.963679313659668,2023.0
SKG_PAR_W4385573003,13.116108894348145,2022.0
SKG_PAR_W4281566573,13.840832710266113,2022.0
SKG_PAR_W3152884768,13.926146507263184,2022.0
SKG_PAR_W4389520756,13.82294750213623,2023.0
SKG_PAR_W4317716303,13.710932731628418,2023.0
SKG_PAR_W4385574286,13.044037818908691,2022.0
SKG_PAR_W4389519585,13.927510261535645,2023.0
SKG_PAR_W4385564993,13.857391357421875,2023.0
SKG_PAR_W4387191968,13.877363204956055,2023.0
SKG_PAR_W4293479414,13.757601737976074,2022.0
SKG_PAR_W4285059900,13.48598861694336,2022.0
SKG_PAR_W4385570594,13.29180908203125,2023.0
SKG_PAR_W4294833327,13.840295791625977,2022.0
SKG_PAR_W4394949392,13.377012252807617,2024.0
SKG_PAR_W4385565879,13.32370662689209,2022.0
SKG_PAR_W4394927283,13.78409481048584,2024.0
SKG_PAR_W4389523980,13.814709663391113,2023.0
SKG_PAR_W4312634749,13.669387817382812,2022.0
SKG_PAR_W4385571045,12.80219554901123,2023.0
SKG_PAR_W4389518954,13.773061752319336,2023.0
SKG_PAR_W4387568087,13.742535591125488,2023.0
SKG_PAR_W4386424132,13.562566757202148,2023.0
SKG_PAR_W4378194664,13.90896224975586,2023.0
SKG_PAR_W4285289306,13.838592529296875,2022.0
SKG_PAR_W4385571219,13.575894355773926,2023.0
SKG_PAR_W4385572754,13.798974990844727,2022.0
SKG_PAR_W4389132136,13.820194244384766,2023.0
SKG_PAR_W4226388780,13.78187084197998,2022.0
SKG_PAR_W4362469388,13.727545738220215,2023.0
SKG_PAR_W4385573325,13.78451919555664,2022.0
SKG_PAR_W4389520255,13.699721336364746,2023.0
SKG_PAR_W4311798217,13.711187362670898,2022.0
SKG_PAR_W4379279977,13.686107635498047,2023.0
SKG_PAR_W4387414057,13.853737831115723,2023.0
SKG_PAR_W3213472637,13.930400848388672,2022.0
SKG_PAR_W4285251400,13.82783031463623,2022.0
SKG_PAR_W4383749364,13.793843269348145,2023.0
SKG_PAR_W4385570984,13.846397399902344,2023.0
SKG_PAR_W4385573236,13.862297058105469,2022.0
SKG_PAR_W4389524534,13.31186294555664,2023.0
SKG_PAR_W3202031169,13.734611511230469,2022.0
SKG_PAR_W4225580830,13.77455997467041,2022.0
SKG_PAR_W4385411519,13.83663272857666,2023.0
SKG_PAR_W4285158119,13.451162338256836,2022.0
SKG_PAR_W4367053854,13.57103157043457,2023.0
SKG_PAR_W4385570481,12.807793617248535,2023.0
SKG_PAR_W4285106586,13.672279357910156,2022.0
SKG_PAR_W4382020836,13.706777572631836,2023.0
SKG_QA_W4281564584,13.864599227905273,2022.0
SKG_QA_W4292865744,13.792319297790527,2022.0
SKG_QA_W4360600181,13.670149803161621,2023.0
SKG_QA_W4288039037,13.72987174987793,2022.0
SKG_QA_W4319460874,13.695991516113281,2023.0
SKG_QA_W4213436352,13.591483116149902,2022.0
SKG_QA_W4285794683,13.890015602111816,2022.0
SKG_QA_W4226079456,13.729528427124023,2022.0
SKG_QA_W2117226423,14.0206880569458,2022.0
SKG_QA_W4366783381,13.746391296386719,2023.0
SKG_QA_W4324129606,13.863945960998535,2023.0
SKG_QA_W4229040999,13.711254119873047,2022.0
SKG_QA_W4360980141,13.490968704223633,2023.0
SKG_QA_W4323050332,13.875591278076172,2023.0
SKG_QA_W2914057887,13.560729026794434,2022.0
SKG_QA_W4292736944,13.797314643859863,2022.0
SKG_QA_W4304943299,13.71352767944336,2022.0
SKG_QA_W4285294723,12.891383171081543,2022.0
SKG_QA_W4393065402,13.934433937072754,2024.0
SKG_QA_W4383823379,13.908863067626953,2023.0
SKG_QA_W4366091323,13.599273681640625,2023.0
SKG_QA_W4362581834,13.667186737060547,2023.0
SKG_QA_W4380871934,13.711397171020508,2023.0
SKG_QA_W4308821586,13.647032737731934,2022.0
SKG_QA_W4220728596,13.44680404663086,2022.0
SKG_QA_W4368358112,13.606603622436523,2023.0
SKG_QA_W4319350602,13.857617378234863,2023.0
SKG_QA_W4385567149,13.627954483032227,2022.0
SKG_QA_W4386867830,13.77462387084961,2023.0
SKG_QA_W4392669753,12.73289966583252,2023.0
SKG_QA_W4214821456,13.750080108642578,2022.0
SKG_QA_W4224309885,13.629796028137207,2022.0
SKG_QA_W4224470052,13.698987007141113,2022.0
SKG_QA_W4283646787,13.567281723022461,2022.0
SKG_QA_W4323359867,13.870936393737793,2023.0
SKG_QA_W4220935272,13.580425262451172,2022.0
SKG_QA_W4205955331,13.82364273071289,2022.0
SKG_QA_W4283803826,13.725360870361328,2022.0
SKG_QA_W4206738234,13.618863105773926,2022.0
SKG_QA_W4362579589,13.705368041992188,2023.0
SKG_QA_W4205342885,13.662765502929688,2022.0
SKG_QA_W4221166942,13.624857902526855,2022.0
SKG_QA_W4385572634,12.733965873718262,2023.0
SKG_QA_W4385573131,13.86032485961914,2022.0
SKG_QA_W4206556168,13.565248489379883,2022.0
SKG_QA_W4221079197,13.737630844116211,2022.0
SKG_QA_W4289170329,13.688753128051758,2022.0
SKG_QA_W3007036128,13.637176513671875,2022.0
SKG_SA_W4285294723,12.891383171081543,2022.0
SKG_SA_W4366091323,13.599273681640625,2023.0
SKG_SA_W4229011615,13.902257919311523,2022.0
SKG_SA_W4322766882,13.665974617004395,2023.0
SKG_SA_W4292289324,13.82870864868164,2022.0
SKG_SA_W4365504037,13.473649024963379,2023.0
SKG_SA_W4285247752,13.876794815063477,2022.0
SKG_SA_W4319350602,13.857617378234863,2023.0
SKG_SA_W4367051110,13.424263954162598,2023.0
SKG_SA_W4385567149,13.627954483032227,2022.0
SKG_SA_W4392669753,12.73289966583252,2023.0
SKG_SA_W4312210066,13.559647560119629,2022.0
SKG_SA_W4362579589,13.4358549118042,2023.0
SKG_SA_W4385572634,12.733965873718262,2023.0
SKG_SA_W4387356888,13.71247673034668,2023.0
SKG_SA_W4307135222,13.830168724060059,2022.0
SKG_SA_W3039695075,13.693389892578125,2022.0
SKG_SA_W4389793309,13.79899787902832,2023.0
SKG_SA_W4221040597,13.50294303894043,2022.0
SKG_SA_W4389523957,13.666117668151855,2023.0
SKG_SA_W4283758677,13.65478801727295,2022.0
SKG_SA_W4391514872,13.780051231384277,2024.0
SKG_SA_W3156470785,13.52956485748291,2022.0
SKG_SA_W4391006361,13.50048828125,2024.0
SKG_SA_W4306173528,13.569247245788574,2022.0
SKG_SA_W4376626501,13.410186767578125,2023.0
SKG_SA_W4210404112,13.537217140197754,2022.0
SKG_SA_W4221166835,12.967348098754883,2022.0
SKG_SA_W4379010216,13.92513656616211,2023.0
SKG_SA_W4225150645,13.53830337524414,2022.0
SKG_SA_W4387954002,13.467506408691406,2023.0
SKG_SA_W4386711999,13.483940124511719,2023.0
SKG_SA_W4309490745,13.525691032409668,2022.0
SKG_SA_W4386576685,13.82667064666748,2023.0
SKG_SA_W4307127952,13.754247665405273,2022.0
SKG_SA_W4381511236,13.404962539672852,2023.0
SKG_SA_W4284966012,13.778060913085938,2022.0
SKG_SA_W4327672398,13.647010803222656,2023.0
SKG_SA_W4310059902,13.576108932495117,2022.0
SKG_SA_W4392051461,13.77628231048584,2024.0
SKG_SA_W4385571124,13.129281044006348,2023.0
SKG_SA_W4366703942,13.656208038330078,2023.0
SKG_SA_W4386714740,13.535929679870605,2023.0
SKG_SA_W4389485450,13.491861343383789,2023.0
SKG_SA_W4221153690,13.734421730041504,2022.0
SKG_SA_W4360860566,13.577073097229004,2023.0
SKG_SA_W4282972980,13.926257133483887,2022.0
SKG_SA_W4385287322,13.678053855895996,2023.0
SKG_SA_W4389524555,13.44677734375,2023.0
SKG_SA_W3201869313,13.85542106628418,2022.0
SKG_SA_W3188542058,12.795652389526367,2022.0
SKG_SA_W4400118952,13.460406303405762,2024.0
SKG_SA_W4327568915,13.615815162658691,2023.0
SKG_SA_W3198571508,13.461742401123047,2022.0
SKG_SA_W4283588903,13.810354232788086,2022.0
SKG_SA_W4385894687,12.802459716796875,2022.0
SKG_SA_W4385572845,13.616771697998047,2022.0
SKG_SUM_W4384071683,13.699604034423828,2023.0
SKG_SUM_W4313439128,13.665802955627441,2023.0
SKG_SUM_W3212386989,13.688634872436523,2022.0
SKG_SUM_W4388522045,13.579011917114258,2023.0
SKG_SUM_W4319460874,13.695991516113281,2023.0
SKG_SUM_W4308697725,13.86843204498291,2022.0
SKG_SUM_W4387344289,13.726696014404297,2023.0
SKG_SUM_W4324129606,13.863945960998535,2023.0
SKG_SUM_W4360980141,13.490968704223633,2023.0
SKG_SUM_W4323050332,13.875591278076172,2023.0
SKG_SUM_W4280504305,13.607437133789062,2022.0
SKG_SUM_W4383312437,13.634414672851562,2023.0
SKG_SUM_W4389132751,13.699504852294922,2023.0
SKG_SUM_W3208687975,13.738750457763672,2022.0
SKG_SUM_W4321610982,13.708934783935547,2023.0
SKG_SUM_W3045710579,13.884151458740234,2022.0
SKG_SUM_W4285294723,12.891383171081543,2022.0
SKG_SUM_W4393065402,13.934433937072754,2024.0
SKG_SUM_W4392741075,13.661909103393555,2024.0
SKG_SUM_W4220927247,13.992940902709961,2022.0
SKG_SUM_W4366091323,13.599273681640625,2023.0
SKG_SUM_W4229011615,13.902257919311523,2022.0
SKG_SUM_W4362581834,13.667186737060547,2023.0
SKG_SUM_W4322766882,13.665974617004395,2023.0
