paper_id,year,semantic_novelty,structural_novelty,triple_count,cited_by_count,reference_count,citation_signal,struct_norm,semantic_norm,citation_norm,composite_novelty
SKG_SUM_7,2010,1.0,0.9702380952380952,336.0,20,26,3.044522437723423,0.970238094267857,0.999999999,0.336536105918453,0.9187726573257738
SKG_MT_1325,2010,1.0,0.9532710280373832,107.0,34,21,3.5553480614894135,0.953271027084112,0.999999999,0.3930018636003441,0.9159356995020904
SKG_MT_1231,2010,1.0,0.9322033898305084,59.0,4,14,1.6094379124341003,0.932203388898305,0.999999999,0.17790440991891962,0.8838921350410446
SKG_MT_1232,2010,1.0,0.9052631578947368,95.0,14,13,2.70805020110221,0.9052631569894736,0.999999999,0.29934306215594814,0.8825658843103317
SKG_MT_388,2010,1.0,0.9344262295081968,61.0,32,29,3.4965075614664802,0.9344262285737704,0.999999999,0.38649773917588437,0.9058628878044737
SKG_MT_1313,2010,1.0,0.88,50.0,7,24,2.0794415416798357,0.8799999991199999,0.999999999,0.2298577767898749,0.8629857768389875
SKG_MT_1320,2010,1.0,0.9629629629629628,54.0,2,13,1.0986122886681098,0.9629629619999998,0.999999999,0.12143865223702852,0.8936253458237028
SKG_MT_157,2010,1.0,0.9361702127659576,47.0,19,17,2.995732273553991,0.9361702118297873,0.999999999,0.33114292777883625,0.9011993982927773
SKG_MT_1199,2010,1.0,0.9545454545454546,22.0,3,18,1.3862943611198906,0.954545453590909,0.999999999,0.15323851785991663,0.8925965781814462
SKG_MT_61,2010,1.0,0.8901098901098901,91.0,13,27,2.6390573296152584,0.8901098892197801,0.999999999,0.29171671261138277,0.8742266154710283
SKG_MT_1193,2010,1.0,0.936842105263158,95.0,4,29,1.6094379124341003,0.9368421043263159,0.999999999,0.17790440991891962,0.88621149275505
SKG_MT_15,2010,1.0,0.9545454545454546,22.0,8,7,2.1972245773362196,0.954545453590909,0.999999999,0.24287730447405703,0.9015604568428602
SKG_MT_17,2010,1.0,0.5,2.0,41,3,3.7376696182833684,0.49999999949999996,0.999999999,0.4131553648484113,0.6913155358348412
SKG_MT_1375,2010,1.0,0.6619718309859155,71.0,7,15,2.0794415416798357,0.6619718303239436,0.999999999,0.2298577767898749,0.7539716924409593
SKG_MT_1384,2010,1.0,0.8904109589041096,146.0,30,13,3.4339872044851463,0.8904109580136985,0.999999999,0.3795868498953761,0.8831641635963868
SKG_MT_1394,2010,1.0,0.8571428571428571,28.0,2,13,1.0986122886681098,0.8571428562857142,0.999999999,0.12143865223702852,0.8407152929665599
SKG_MT_646,2010,1.0,0.9,30.0,17,11,2.8903717578961645,0.8999999991,0.999999999,0.3194965634040153,0.8819496554904015
SKG_MT_174,2010,1.0,0.8888888888888888,18.0,24,15,3.2188758248682006,0.8888888879999999,0.999999999,0.35580881983783924,0.880025325583784
SKG_MT_194,2010,1.0,0.8556701030927835,97.0,30,63,3.4339872044851463,0.8556701022371133,0.999999999,0.3795868498953761,0.8657937357080943
SKG_MT_196,2010,1.0,1.0,17.0,61,9,4.127134385045092,0.9999999989999999,0.999999999,0.4562061088253344,0.9456206099825335
SKG_PAR_69,2010,1.0,0.9344262295081968,61.0,75,34,4.330733340286331,0.9344262285737704,0.999999999,0.4787115759281447,0.9150842714796997
SKG_MT_1151,2010,1.0,0.9142857142857144,70.0,3,17,1.3862943611198906,0.9142857133714286,0.999999999,0.15323851785991663,0.8724667080717061
SKG_MT_1167,2010,1.0,0.945945945945946,74.0,7,15,2.0794415416798357,0.9459459450000001,0.999999999,0.2298577767898749,0.8959587497789876
SKG_PAR_87,2010,1.0,0.9261744966442952,149.0,9,31,2.302585092994046,0.9261744957181206,0.999999999,0.25452366884887795,0.8885396143439481
SKG_MT_287,2010,1.0,0.9411764705882352,85.0,0,14,0.0,0.9411764696470586,0.999999999,0.0,0.8705882344235294
SKG_MT_1074,2010,1.0,0.8787878787878788,99.0,59,30,4.0943445622221,0.8787878779090909,0.999999999,0.45258158001586474,0.884652096556132
SKG_QA_101,2010,1.0,0.8695652173913043,23.0,246,35,5.5093883366279774,0.869565216521739,0.999999999,0.6089980069871823,0.8956824085595878
SKG_PAR_202,2010,1.0,0.9056603773584906,53.0,4,20,1.6094379124341003,0.9056603764528302,0.999999999,0.17790440991891962,0.870620628818307
SKG_PAR_219,2010,1.0,0.9051724137931034,116.0,29,25,3.4011973816621555,0.9051724128879309,0.999999999,0.37596232108590644,0.8901824381525562
SKG_MT_390,2010,1.0,0.96,25.0,20,10,3.044522437723423,0.9599999990399999,0.999999999,0.336536105918453,0.9136536097118454
SKG_MT_968,2010,1.0,1.0,66.0,7,15,2.0794415416798357,0.9999999989999999,0.999999999,0.2298577767898749,0.9229857767789875
SKG_QA_416,2010,1.0,0.9047619047619048,42.0,2,7,1.0986122886681098,0.9047619038571428,0.999999999,0.12143865223702852,0.8645248167522742
SKG_SA_527,2010,1.0,0.9339622641509434,106.0,41,18,3.7376696182833684,0.9339622632169811,0.999999999,0.4131553648484113,0.9082966676933316
SKG_MT_603,2010,1.0,0.979591836734694,49.0,15,27,2.772588722239781,0.979591835755102,0.999999999,0.30647703571983326,0.9204436210495344
SKG_MT_606,2010,1.0,0.8899082568807339,109.0,12,24,2.5649493574615367,0.8899082559908256,0.999999999,0.2835249489189543,0.8733066224873083
SKG_SA_83,2010,1.0,0.9454545454545454,55.0,8,14,2.1972245773362196,0.9454545445090908,0.999999999,0.24287730447405703,0.8970150023019512
SKG_DIA_210,2010,1.0,0.98,50.0,28,23,3.367295829986474,0.9799999990199999,0.999999999,0.372214903742496,0.9272214894842497
SKG_SA_217,2010,1.0,0.0,35.0,56,18,4.04305126783455,0.0,0.999999999,0.44691171030525656,0.4446911706305257
SKG_DIA_209,2010,1.0,0.925925925925926,54.0,43,28,3.784189633918261,0.925925925,0.999999999,0.4182976047987725,0.9047927225798774
SKG_MT_478,2010,1.0,0.8448275862068966,58.0,15,25,2.772588722239781,0.8448275853620689,0.999999999,0.30647703571983326,0.8530614958530178
SKG_MT_850,2010,1.0,0.875,128.0,63,21,4.1588830833596715,0.8749999991249999,0.999999999,0.4597155535797498,0.883471554520475
SKG_MT_853,2010,1.0,0.9393939393939394,66.0,5,7,1.791759469228055,0.9393939384545454,0.999999999,0.19805791116698682,0.8895027599439714
SKG_MT_488,2010,1.0,0.950413223140496,121.0,18,11,2.9444389791664403,0.9504132221900827,0.999999999,0.325473058068228,0.9077539165018642
SKG_MT_838,2010,1.0,0.9097744360902256,133.0,88,27,4.48863636973214,0.9097744351804511,0.999999999,0.4961658965086017,0.9045038068410857
SKG_MT_795,2010,1.0,0.8846153846153846,78.0,35,27,3.58351893845611,0.8846153837307691,0.999999999,0.39611582233397363,0.881919273698782
SKG_DIA_104,2010,1.0,1.0,56.0,29,27,3.4011973816621555,0.9999999989999999,0.999999999,0.37596232108590644,0.9375962312085907
SKG_SA_420,2010,1.0,0.9347826086956522,46.0,65,15,4.189654742026425,0.9347826077608695,0.999999999,0.4631169981058426,0.9137030032910191
SKG_MT_547,2010,1.0,0.8833333333333333,60.0,79,29,4.382026634673881,0.8833333324499999,0.999999999,0.48438144563875285,0.8901048103888753
SKG_MT_771,2010,1.0,0.9473684210526316,57.0,32,38,3.4965075614664802,0.9473684201052631,0.999999999,0.38649773917588437,0.91233398357022
SKG_MT_567,2010,1.0,0.9107142857142856,56.0,15,13,2.772588722239781,0.9107142848035712,0.999999999,0.30647703571983326,0.8860048455737689
SKG_SA_544,2010,1.0,0.9035087719298246,114.0,132,46,4.890349128221754,0.9035087710263158,0.999999999,0.5405705117496525,0.9058114362881232
SKG_MT_585,2010,1.0,0.8653846153846154,104.0,6,18,1.9459101490553132,0.8653846145192308,0.999999999,0.2150974536814245,0.8542020522277579
SKG_MT_743,2010,1.0,0.9347826086956522,92.0,5,21,1.791759469228055,0.9347826077608695,0.999999999,0.19805791116698682,0.8871970945971335
SKG_MT_715,2010,1.0,0.9,30.0,296,15,5.6937321388027,0.8999999991,0.999999999,0.6293750436499413,0.9129375035149941
SKG_MT_660,2010,1.0,0.8611111111111112,36.0,20,18,3.044522437723423,0.86111111025,0.999999999,0.336536105918453,0.8642091653168454
SKG_SUM_67,2010,1.0,0.9411764705882352,68.0,37,16,3.6375861597263857,0.9411764696470586,0.999999999,0.4020923169981863,0.910797466123348
SKG_SUM_42,2010,1.0,0.898876404494382,89.0,18,31,2.9444389791664403,0.8988764035955055,0.999999999,0.325473058068228,0.8819855072045757
SKG_MT_137,2010,1.0,0.9347826086956522,46.0,90,12,4.51085950651685,0.9347826077608695,0.999999999,0.49862240260037877,0.9172535437404727
SKG_SUM_83,2010,1.0,1.0,35.0,56,18,4.04305126783455,0.9999999989999999,0.999999999,0.44691171030525656,0.9446911701305257
SKG_SUM_45,2011,0.0975297093391418,0.8985507246376812,69.0,39,22,3.6888794541139363,0.8985507237391304,0.09752981682444135,0.40776218670879455,0.5290635072702212
SKG_PAR_94,2011,0.0753032565116882,0.8983050847457628,59.0,25,37,3.258096538021482,0.8983050838474576,0.07530336666881354,0.3601442078489126,0.5152883093761454
SKG_SUM_80,2011,0.0803451538085937,0.897196261682243,107.0,76,26,4.343805421853684,0.8971962607850467,0.08034526335963621,0.4801565406202804,0.5287518897984058
SKG_SA_505,2011,0.080845832824707,0.88,75.0,164,31,5.10594547390058,0.8799999991199999,0.08084594231556326,0.5644021490948039,0.5287785913957057
SKG_MT_620,2011,0.0779096484184265,0.0,2.0,6,17,1.9459101490553132,0.0,0.07790975826223935,0.2150974536814245,0.05267364867303819
SKG_MT_1399,2011,0.0858824849128723,0.9791666666666666,48.0,18,46,2.9444389791664403,0.9791666656874999,0.08588259379827626,0.325473058068228,0.5564836761698833
SKG_MT_565,2011,0.072100281715393,0.8363636363636363,55.0,7,15,2.0794415416798357,0.8363636355272726,0.07210039225754561,0.2298577767898749,0.47000775234564196
SKG_MT_87,2011,0.0623736381530761,0.8688524590163934,61.0,20,26,3.044522437723423,0.8688524581475409,0.06237374986446149,0.336536105918453,0.49302933961140033
SKG_SA_423,2011,0.0969975590705871,0.8540145985401459,137.0,846,32,6.741700694652055,0.8540145976861313,0.09699766661985605,0.7452156275591363,0.5403279282469217
SKG_MT_789,2011,0.0627534985542297,0.8125,48.0,2,21,1.0986122886681098,0.8124999991874999,0.06275361021995234,0.12143865223702852,0.44349530890543376
SKG_MT_1220,2011,0.0664681196212768,0.8818181818181818,110.0,2,23,1.0986122886681098,0.8818181809363635,0.06646823084046753,0.12143865223702852,0.47964024802807165
SKG_PAR_34,2011,0.1081368327140808,0.8333333333333334,12.0,6,11,1.9459101490553132,0.8333333325,0.10813693892430573,0.2150974536814245,0.4814311871878647
SKG_MT_1330,2011,0.093691349029541,0.8867924528301887,53.0,17,26,2.8903717578961645,0.8867924519433962,0.09369145697624706,0.3194965634040153,0.5128224651025984
SKG_MT_557,2011,0.0920189619064331,0.896551724137931,58.0,37,23,3.6375861597263857,0.8965517232413792,0.09201907005417562,0.4020923169981863,0.5252927213421785
SKG_MT_820,2011,0.0587814450263977,0.8928571428571429,224.0,14,15,2.70805020110221,0.8928571419642857,0.05878155716959802,0.29934306215594814,0.4998755000655769
SKG_PAR_215,2011,0.0637636184692382,0.8181818181818182,22.0,62,49,4.143134726391533,0.8181818173636364,0.06376373001353505,0.4579747581554815,0.48039387650278037
SKG_QA_336,2011,0.0817294120788574,0.8,55.0,139,21,4.941642422609304,0.7999999992,0.08172952146349922,0.5462403814602607,0.4873158463314257
SKG_MT_308,2011,0.0818246603012085,0.7931034482758621,116.0,3,14,1.3862943611198906,0.7931034474827586,0.08182476967440061,0.15323851785991663,0.44460548339713124
SKG_MT_300,2011,0.0724267959594726,0.8958333333333334,48.0,14,38,2.70805020110221,0.8958333324375,0.07242690646237518,0.29934306215594814,0.5068217350192948
SKG_MT_117,2011,0.0692388415336608,0.8088235294117647,68.0,3,16,1.3862943611198906,0.8088235286029412,0.06923895241978507,0.15323851785991663,0.44743119705537626
SKG_SA_351,2011,0.074949562549591,0.85625,160.0,108,41,4.6913478822291435,0.8562499991437499,0.07494967274923363,0.5185732672657684,0.5099621953981452
SKG_MT_800,2011,0.0801229476928711,0.875,104.0,12,24,2.5649493574615367,0.8749999991249999,0.08012305727062485,0.2835249489189543,0.4979017173626454
SKG_QA_5,2011,0.0763927698135376,0.8737864077669902,206.0,15,60,2.772588722239781,0.8737864068932037,0.07639287983969333,0.30647703571983326,0.4980980589544625
SKG_QA_240,2011,0.0987774729728698,0.8846153846153846,52.0,9,27,2.302585092994046,0.8846153837307691,0.0987775803081766,0.25452366884887795,0.507271090873543
SKG_MT_1277,2011,0.0725264549255371,0.8761904761904762,105.0,10,45,2.3978952727983707,0.8761904753142856,0.07252656541645974,0.2650590869388559,0.4936117725176123
SKG_QA_302,2011,0.0791858434677124,0.9157894736842104,95.0,248,28,5.517452896464707,0.9157894727684208,0.07918595315811477,0.6098894491160927,0.5505580625590656
SKG_MT_1024,2011,0.0761007070541381,0.8181818181818182,55.0,26,27,3.295836866004329,0.8181818173636364,0.07610081711540248,0.3643159567110855,0.4759628311990877
SKG_MT_144,2011,0.0711493492126464,0.7692307692307693,26.0,15,17,2.772588722239781,0.7692307684615385,0.07114945986910992,0.30647703571983326,0.44372287175039654
SKG_MT_813,2011,0.0594828724861145,0.896551724137931,29.0,9,28,2.302585092994046,0.8965517232413792,0.05948298454499674,0.25452366884887795,0.4975214223235761
SKG_SA_343,2011,0.0871251225471496,0.8879310344827587,116.0,140,21,4.948759890378168,0.8879310335948276,0.087125231283177,0.5470271337131772,0.5335183226820024
SKG_SA_567,2011,0.0781906247138977,0.8636363636363636,132.0,38,20,3.6635616461296463,0.8636363627727273,0.0781907345239346,0.4049636011559828,0.5035908353115358
SKG_MT_368,2011,0.0713342428207397,0.7699115044247787,113.0,62,21,4.143134726391533,0.7699115036548672,0.0713343534549773,0.4579747581554815,0.4592869690249727
SKG_MT_697,2011,0.0596944689750671,0.8904109589041096,73.0,5,34,1.791759469228055,0.8904109580136985,0.05969458100851347,0.19805791116698682,0.48888910252695333
SKG_MT_595,2011,0.0712191462516784,0.8243243243243243,74.0,11,17,2.4849066497880004,0.8243243235,0.07121925689975167,0.27467717009694514,0.46811758151959515
SKG_MT_964,2011,0.0698896646499633,0.8048780487804879,41.0,4,13,1.6094379124341003,0.8048780479756097,0.06988977545785259,0.17790440991891962,0.44818537516283785
SKG_MT_966,2011,0.0831929445266723,0.5,12.0,17,10,2.8903717578961645,0.49999999949999996,0.08319305373538395,0.3194965634040153,0.3152268775845551
SKG_MT_962,2011,0.0817294120788574,0.0,55.0,139,21,4.941642422609304,0.0,0.08172952146349922,0.5462403814602607,0.08731584673142576
SKG_DIA_288,2011,0.0794779062271118,0.8842975206611571,121.0,14,37,2.70805020110221,0.8842975197768594,0.07947801588240552,0.29934306215594814,0.5038742724569868
SKG_MT_496,2011,0.0598970651626586,0.896551724137931,58.0,9,31,2.302585092994046,0.8965517232413792,0.05989717717175103,0.25452366884887795,0.4976870993742778
SKG_DIA_213,2011,0.0914127230644226,0.7631578947368421,38.0,53,43,3.9889840465642745,0.7631578939736842,0.09141283128504063,0.4409352156410438,0.46223760106496276
SKG_MT_881,2011,0.0640358924865722,0.8431372549019608,102.0,43,24,3.784189633918261,0.8431372540588234,0.06403600399813919,0.4182976047987725,0.4890127891085446
SKG_SA_77,2011,0.0714505910873413,0.8581560283687943,141.0,167,27,5.123963979403259,0.8581560275106382,0.07145070170759275,0.5663938827083279,0.514297682709189
SKG_MT_1306,2011,0.0639931559562683,0.905982905982906,117.0,18,34,2.9444389791664403,0.905982905076923,0.06399326747297263,0.325473058068228,0.5111360653344734
SKG_MT_58,2011,0.0792745351791381,0.8804347826086957,92.0,10,16,2.3978952727983707,0.8804347817282608,0.0792746448588789,0.2650590869388559,0.4984331575015676
SKG_MT_280,2011,0.0778099298477172,0.9047619047619048,42.0,97,25,4.584967478670572,0.9047619038571428,0.07781003970351716,0.5068141662928074,0.534186384439259
SKG_MT_286,2011,0.0645549893379211,0.8695652173913043,69.0,17,46,2.8903717578961645,0.869565216521739,0.06455510078708784,0.3194965634040153,0.4925543049161062
SKG_MT_919,2011,0.0713245272636413,0.953125,64.0,8,82,2.1972245773362196,0.953124999046875,0.07132463789904679,0.24287730447405703,0.529380085130462
SKG_MT_440,2011,0.0714189410209655,0.8875,80.0,11,20,2.4849066497880004,0.8874999991124999,0.07141905164502159,0.27467717009694514,0.49978533722395313
SKG_MT_1111,2011,0.1582053303718567,0.8717948717948718,39.0,17,14,2.8903717578961645,0.8717948709230768,0.15820543056338382,0.3194965634040153,0.5311292640272934
SKG_MT_1129,2011,0.0831929445266723,0.7037037037037037,27.0,17,10,2.8903717578961645,0.703703703,0.08319305373538395,0.3194965634040153,0.4170787293345551
SKG_SA_181,2011,0.1267598867416381,0.875,8.0,18,15,2.9444389791664403,0.8749999991249999,0.1267599907131992,0.325473058068228,0.5207513016546024
SKG_DIA_253,2011,0.1537460088729858,1.0,9.0,1,2,0.6931471805599453,0.9999999989999999,0.15374610960056476,0.07661925892995831,0.5691603692332218
SKG_DIA_233,2011,0.1017923355102539,1.0,2.0,8,20,2.1972245773362196,0.9999999989999999,0.10179244248314626,0.24287730447405703,0.5650047069406642
SKG_SA_192,2011,0.0742758512496948,0.811965811965812,117.0,246,10,5.5093883366279774,0.8119658111538461,0.07427596153032377,0.6089980069871823,0.4965930908877708
SKG_MT_409,2011,0.0823343396186828,0.86,100.0,14,22,2.70805020110221,0.8599999991399999,0.08233444893060674,0.29934306215594814,0.49286808535783744
SKG_MT_1227,2011,0.1036261320114135,0.8888888888888888,9.0,56,15,4.04305126783455,0.8888888879999999,0.10362623876386651,0.44691171030525656,0.5305861105360722
SKG_QA_392,2011,0.0835984349250793,0.8863636363636364,44.0,8,26,2.1972245773362196,0.8863636354772726,0.08359854408504726,0.24287730447405703,0.500908965820061
SKG_PAR_14,2011,0.0810891985893249,0.9642857142857144,28.0,28,35,3.367295829986474,0.9642857133214287,0.08108930805092633,0.372214903742496,0.5518000702553345
SKG_MT_1132,2011,0.1582053303718567,0.8181818181818182,22.0,17,14,2.8903717578961645,0.8181818173636364,0.15820543056338382,0.3194965634040153,0.5043227372475733
SKG_PAR_89,2011,0.0779096484184265,1.0,2.0,6,17,1.9459101490553132,0.9999999989999999,0.07790975826223935,0.2150974536814245,0.5526736481730381
SKG_MT_1003,2011,0.0673406720161438,0.875,56.0,6,9,1.9459101490553132,0.8749999991249999,0.06734078313044564,0.2150974536814245,0.48594605818282066
SKG_MT_712,2011,0.0644801259040832,0.8313253012048193,83.0,15,35,2.772588722239781,0.831325300373494,0.06448023736224921,0.30647703571983326,0.47210244870363
SKG_SUM_130,2011,0.0881215929985046,0.8333333333333334,24.0,22,10,3.1354942159291497,0.8333333325,0.088121701614747,0.34659196479684096,0.48657454337558287
SKG_SUM_110,2011,0.0987774729728698,0.0,52.0,9,27,2.302585092994046,0.0,0.0987775803081766,0.25452366884887795,0.06496339900815844
SKG_QA_219,2012,0.2247680425643921,0.9016393442622952,61.0,15,27,2.772588722239781,0.9016393433606558,0.22476813475446383,0.30647703571983326,0.5713746291540968
SKG_QA_203,2012,0.081044316291809,0.819672131147541,61.0,8,12,2.1972245773362196,0.8196721303278688,0.0810444257588057,0.24287730447405703,0.4665415659148624
SKG_MT_1421,2012,0.0638030171394348,0.9175257731958762,97.0,24,28,3.2188758248682006,0.9175257722783504,0.06380312867899558,0.35580881983783924,0.5198650195945573
SKG_MT_7,2012,0.0465515255928039,0.9020618556701032,194.0,22,26,3.1354942159291497,0.9020618547680412,0.04655163920615397,0.34659196479684096,0.5043107795461663
SKG_MT_832,2012,0.0646654367446899,0.8571428571428571,70.0,25,30,3.258096538021482,0.8571428562857142,0.06466554818057985,0.3601442078489126,0.4904520681999803
SKG_MT_835,2012,0.0785533189773559,0.9545454545454546,22.0,1,21,0.6931471805599453,0.954545453590909,0.07855342874379359,0.07661925892995831,0.5163560241859678
SKG_MT_93,2012,0.057294487953186,0.813953488372093,43.0,48,45,3.8918202981106265,0.8139534875581395,0.057294600275132355,0.430194907362849,0.4729140746254076
SKG_SA_268,2012,0.0669161677360534,0.9142857142857144,35.0,163,40,5.099866427824199,0.9142857133714286,0.0669162789013846,0.5637301821324668,0.5402823864595148
SKG_PAR_200,2012,0.0904749035835266,0.8,50.0,21,19,3.091042453358316,0.7999999992,0.09047501191687923,0.3416783458688142,0.47035783895363314
SKG_MT_535,2012,0.0630649328231811,0.8245614035087719,114.0,40,24,3.713572066704308,0.8245614026842105,0.06306504445146645,0.4104916642725502,0.4785558855499469
SKG_PAR_3,2012,0.0882841348648071,0.912087912087912,91.0,44,35,3.8066624897703196,0.912087911175824,0.08828424346151045,0.4207817143929766,0.5334358244118138
SKG_SA_565,2012,0.0702971220016479,0.8666666666666667,60.0,23,24,3.1780538303479458,0.8666666658,0.07029723276055704,0.35129642902690345,0.49658186890691314
SKG_MT_1327,2012,0.0649099349975586,0.8543689320388349,103.0,5,31,1.791759469228055,0.8543689311844659,0.06491004640405758,0.19805791116698682,0.47295427527055467
SKG_MT_1276,2012,0.0527820587158203,0.6363636363636364,121.0,15,25,2.772588722239781,0.6363636357272726,0.0527821715802025,0.30647703571983326,0.36994239006770063
SKG_MT_346,2012,0.0624645352363586,0.8468468468468469,111.0,56,21,4.04305126783455,0.8468468459999999,0.06246464693681732,0.44691171030525656,0.49310045280525255
SKG_MT_1165,2012,0.0577147603034973,0.8732394366197183,71.0,37,44,3.6375861597263857,0.8732394357464788,0.05771487257492302,0.4020923169981863,0.4999148986030272
SKG_MT_1395,2012,0.0615200996398925,0.7830188679245284,106.0,13,18,2.6390573296152584,0.7830188671415094,0.06152021145388113,0.29171671261138277,0.4452891894134454
SKG_MT_1400,2012,0.0607118606567382,0.7241379310344828,29.0,22,21,3.1354942159291497,0.7241379303103448,0.06071197256788465,0.34659196479684096,0.42101295066201033
SKG_MT_613,2012,0.0706620216369628,0.8909090909090909,110.0,19,41,2.995732273553991,0.8909090900181817,0.0706621323520076,0.33114292777883625,0.5068336907277775
SKG_MT_622,2012,0.0853622555732727,0.9285714285714286,42.0,2,0,1.0986122886681098,0.928571427642857,0.08536236452121305,0.12143865223702852,0.5105745248536165
SKG_MT_576,2012,0.0871419906616211,0.8,10.0,3,25,1.3862943611198906,0.7999999992,0.08714209939562077,0.15323851785991663,0.45018069114424
SKG_SA_554,2012,0.0797170400619506,0.8737864077669902,103.0,61,16,4.127134385045092,0.8737864068932037,0.07971714968849822,0.4562061088253344,0.5144006742045346
SKG_MT_1177,2012,0.0565539598464965,0.8529411764705882,136.0,5,34,1.791759469228055,0.8529411756176469,0.056554072257461195,0.19805791116698682,0.4688980078285066
SKG_MT_1425,2012,0.0613471269607543,0.8225806451612904,62.0,8,20,2.1972245773362196,0.8225806443387097,0.06134723879553585,0.24287730447405703,0.46011694813497495
SKG_MT_550,2012,0.3261781334877014,0.8837209302325582,86.0,121,33,4.804021044733257,0.8837209293488372,0.3261782134873396,0.5310279586422607,0.6254345459335805
SKG_MT_85,2012,0.0576705932617187,0.75,48.0,8,14,2.1972245773362196,0.7499999992499999,0.05767070553845371,0.24287730447405703,0.4223560122877872
SKG_MT_92,2012,0.0638030767440795,0.8095238095238095,21.0,24,28,3.2188758248682006,0.8095238087142856,0.06380318828363311,0.35580881983783924,0.46586406165438
SKG_MT_89,2012,0.0713000297546386,0.7767857142857143,112.0,169,21,5.135798437050262,0.7767857135089286,0.07130014039298893,0.5677020426492208,0.4736831171765819
SKG_MT_1175,2012,0.2247680425643921,0.9166666666666666,12.0,7,17,2.0794415416798357,0.9166666657499999,0.22476813475446383,0.2298577767898749,0.5712263644557729
SKG_MT_788,2012,0.0719618797302246,0.8414634146341463,82.0,15,33,2.772588722239781,0.8414634137926829,0.07196199028901441,0.30647703571983326,0.4801642065839305
SKG_MT_1376,2012,0.0544444918632507,0.797752808988764,89.0,8,18,2.1972245773362196,0.7977528081910111,0.05444460452779301,0.24287730447405703,0.44494197635402843
SKG_MT_1473,2012,0.0548218488693237,0.851063829787234,47.0,34,30,3.5553480614894135,0.8510638289361702,0.054821961488504205,0.3930018636003441,0.4867608854235212
SKG_SA_24,2012,0.0850467681884765,0.7735849056603774,53.0,966,21,6.874198495453294,0.7735849048867924,0.08504687717434135,0.7598616992621752,0.4967973732393503
SKG_MT_1361,2012,0.0618534088134765,0.8771929824561403,114.0,70,42,4.2626798770413155,0.8771929815789472,0.06185352058739828,0.47118906690309453,0.5104568057147424
SKG_MT_1236,2012,0.1268393397331237,0.8723404255319149,47.0,26,11,3.295836866004329,0.8723404246595744,0.12683944369513384,0.3643159567110855,0.5233375854789493
SKG_MT_1228,2012,0.0527820587158203,0.8205128205128205,39.0,15,25,2.772588722239781,0.8205128196923076,0.0527821715802025,0.30647703571983326,0.46201698205021813
SKG_SA_148,2012,0.0815777778625488,0.9607843137254902,51.0,96,26,4.574710978503383,0.9607843127647059,0.08157788726541847,0.5056804309706926,0.5635913543855896
SKG_MT_78,2012,0.0638933181762695,0.9019607843137256,51.0,239,33,5.480638923341991,0.9019607834117648,0.06389342970497526,0.6058200978757814,0.5371197733754506
SKG_MT_74,2012,0.0711768865585327,0.7941176470588235,102.0,45,46,3.828641396489095,0.7941176462647058,0.07117699721168598,0.4232112237267993,0.46785074438970725
SKG_MT_451,2012,0.0752840042114257,0.0,104.0,27,22,3.332204510175204,0.0,0.07528411437086534,0.3683359715413411,0.06694724290248025
SKG_MT_239,2012,0.0627366304397583,0.7894736842105263,19.0,87,26,4.477336814478207,0.7894736834210526,0.06273674210750865,0.49491686372873084,0.4693232249264029
SKG_MT_234,2012,0.0682916641235351,0.8468468468468469,111.0,87,17,4.477336814478207,0.8468468459999999,0.06829177512351887,0.49491686372873084,0.5002318194222806
SKG_MT_373,2012,0.0809394717216491,0.7659574468085106,47.0,16,31,2.833213344056216,0.7659574460425531,0.0809395812012491,0.31317837380034286,0.4466723928818105
SKG_MT_389,2012,0.193372905254364,0.6666666666666666,6.0,26,18,3.295836866004329,0.6666666659999999,0.19337300121842246,0.3643159567110855,0.4471141291584775
SKG_MT_259,2012,0.0677522420883178,0.8512396694214877,121.0,5,12,1.791759469228055,0.8512396685702479,0.06775235315314511,0.19805791116698682,0.4725265666630807
SKG_MT_480,2012,0.0843323469161987,0.8507462686567164,67.0,51,21,3.9512437185814275,0.8507462678059701,0.08433245598794363,0.43676346677887096,0.5027824629760496
SKG_MT_865,2012,0.0649654269218444,0.8225806451612904,62.0,4,9,1.6094379124341003,0.8225806443387097,0.06496553832167273,0.17790440991891962,0.4550669784899159
SKG_DIA_182,2012,0.075396180152893,0.88,25.0,37,37,3.6375861597263857,0.8799999991199999,0.07539629029884805,0.4020923169981863,0.5103677473793579
SKG_MT_453,2012,0.0617653131484985,0.847457627118644,118.0,143,29,4.969813299576001,0.8474576262711864,0.061765424933010196,0.5493543401938903,0.5033704171281863
SKG_MT_469,2012,0.0702484250068664,0.8961038961038961,77.0,40,35,3.713572066704308,0.8961038952077921,0.07024853577162937,0.4104916642725502,0.5172005283398028
SKG_DIA_231,2012,0.0943211317062377,0.8666666666666667,15.0,175,16,5.170483995038151,0.8666666658,0.09432123957723804,0.571536122658689,0.5282154409967641
SKG_MT_981,2012,0.1017748713493347,0.9444444444444444,18.0,1,9,0.6931471805599453,0.9444444434999999,0.1017749783243264,0.07661925892995831,0.5205941389727263
SKG_QA_417,2012,0.1160544157028198,0.8,80.0,66,28,4.204692619390966,0.7999999992,0.11605452096127783,0.4647792583759052,0.49289973382210167
SKG_SA_5,2012,0.0684612393379211,0.8644986449864499,369.0,65,25,4.189654742026425,0.8644986441219512,0.06846135031752036,0.4631169981058426,0.505945561998568
SKG_MT_1077,2012,0.0778141021728515,0.8301886792452831,106.0,138,32,4.9344739331306915,0.8301886784150944,0.07781421202814989,0.5454479893581176,0.5007648229546189
SKG_QA_487,2012,0.0831014513969421,0.75,60.0,5,27,1.791759469228055,0.7499999992499999,0.08310156061665208,0.19805791116698682,0.4280464149883595
SKG_MT_283,2012,0.0653910636901855,0.8592592592592593,135.0,8,35,2.1972245773362196,0.8592592584,0.06539117503884835,0.24287730447405703,0.480073829662945
SKG_MT_1062,2012,0.0691310763359069,0.8625,80.0,25,16,3.258096538021482,0.8624999991375,0.06913118723498554,0.3601442078489126,0.49491689524763544
SKG_MT_1065,2012,0.0589469671249389,0.7228915662650602,83.0,43,22,3.784189633918261,0.7228915655421686,0.05894707924824193,0.4182976047987725,0.4268543749502583
SKG_MT_945,2012,0.060080349445343,0.8363636363636363,55.0,3,12,1.3862943611198906,0.8363636355272726,0.060080461432402955,0.15323851785991663,0.4575378541225891
SKG_MT_410,2012,0.0525129437446594,0.8055555555555556,108.0,4,33,1.6094379124341003,0.80555555475,0.05251305664139172,0.17790440991891962,0.44157344102344864
SKG_PAR_127,2012,0.0798236727714538,0.9,50.0,9,32,2.302585092994046,0.8999999991,0.07982378238518317,0.25452366884887795,0.5073818793889611
SKG_MT_1174,2012,0.0695432424545288,0.82,100.0,5,11,1.791759469228055,0.8199999991799999,0.06954335330406125,0.19805791116698682,0.4576231320283231
SKG_MT_1191,2012,0.0602669715881347,0.8809523809523809,42.0,10,12,2.3978952727983707,0.8809523800714285,0.060267083552760954,0.2650590869388559,0.4910889321507042
SKG_MT_1209,2012,0.0874096751213073,0.9142857142857144,70.0,102,52,4.634728988229636,0.9142857133714286,0.08740978382312883,0.5123147152275538,0.5433382417377213
SKG_MT_1349,2012,0.0647686123847961,0.7833333333333333,60.0,8,24,2.1972245773362196,0.7833333325499999,0.06476872380828337,0.24287730447405703,0.441861886245719
SKG_MT_415,2012,0.0758464932441711,0.8205128205128205,39.0,3,20,1.3862943611198906,0.8205128196923076,0.07584660333599434,0.15323851785991663,0.4559189029665432
SKG_SUM_72,2012,0.0752841234207153,0.8365384615384616,104.0,27,22,3.332204510175204,0.8365384607019231,0.07528423358014062,0.3683359715413411,0.4852165209371519
SKG_MT_724,2012,0.052322506904602,0.8503937007874016,127.0,2,33,1.0986122886681098,0.8503936999370079,0.05232261982422659,0.12143865223702852,0.45826976312189743
SKG_SUM_147,2012,0.0758377313613891,0.9310344827586208,29.0,62,11,4.143134726391533,0.9310344818275862,0.0758378414542656,0.4579747581554815,0.5416498533110474
SKG_SUM_59,2012,0.0770832896232605,0.9324324324324323,148.0,116,25,4.762173934797756,0.9324324314999999,0.07708339956640935,0.5264022533930113,0.5496898009158648
SKG_SUM_97,2012,0.2247680425643921,0.0,61.0,15,27,2.772588722239781,0.0,0.22476813475446383,0.30647703571983326,0.12055495747376888
SKG_MT_131,2012,0.0604683756828308,0.7708333333333334,96.0,58,44,4.07753744390572,0.7708333325625,0.06046848762324641,0.45072375099157447,0.454676436429706
SKG_SUM_0,2013,0.0624143481254577,0.8181818181818182,187.0,69,34,4.248495242049359,0.8181818173636364,0.062414459831949376,0.46962112253030247,0.4810188048676282
SKG_SUM_34,2013,0.0767410397529602,0.8461538461538461,52.0,6,23,1.9459101490553132,0.8461538453076922,0.07674114973725066,0.2150974536814245,0.4752831279168888
SKG_MT_1280,2013,0.0744708776473999,0.7884615384615384,52.0,46,21,3.8501476017100584,0.7884615376730768,0.0744709879045849,0.4255884814761487,0.46657801214598726
SKG_MT_1282,2013,0.0525078773498535,0.6813186813186813,91.0,23,25,3.1780538303479458,0.6813186806373626,0.052507990247194845,0.35129642902690345,0.39679217932024957
SKG_MT_1290,2013,0.060525894165039,0.8849557522123894,113.0,36,51,3.6109179126442243,0.8849557513274336,0.06052600609854036,0.39914445630466727,0.5066027237335997
SKG_SUM_76,2013,0.0782910585403442,0.8727272727272727,55.0,4,29,1.6094379124341003,0.8727272718545454,0.07829116833830801,0.17790440991891962,0.4854705442544879
SKG_SA_609,2013,0.0696278810501098,0.8045112781954887,133.0,14,20,2.70805020110221,0.8045112773909774,0.0696279918894679,0.29934306215594814,0.4600411416668707
SKG_SA_590,2013,0.0763561129570007,0.7818181818181819,55.0,1,21,0.6931471805599453,0.7818181810363636,0.07635622298756294,0.07661925892995831,0.4291135056062028
SKG_SA_597,2013,0.138334572315216,0.9047619047619048,126.0,6646,42,8.801920904041582,0.9047619038571428,0.13833467489539256,0.9729487123975267,0.6050096931264811
SKG_MT_707,2013,0.0678014755249023,0.8188405797101449,138.0,15,36,2.772588722239781,0.8188405788913042,0.06780158658381129,0.30647703571983326,0.46718862765116
SKG_MT_708,2013,0.0545026659965515,0.7073170731707317,82.0,41,17,3.7376696182833684,0.7073170724634146,0.05450277865410075,0.4131553648484113,0.41677518417818876
SKG_SA_435,2013,0.0759094953536987,0.8741721854304636,151.0,460,15,6.133398042996649,0.8741721845562913,0.0759096054379485,0.6779749322463245,0.5352474276779575
SKG_MT_740,2013,0.0418449640274047,0.8616352201257862,159.0,4,16,1.6094379124341003,0.8616352192641509,0.04184507820652713,0.17790440991891962,0.4653460819065783
SKG_MT_741,2013,0.0563573837280273,0.6511627906976745,86.0,20,23,3.044522437723423,0.6511627900465117,0.05635749616262228,0.336536105918453,0.38177800408015006
SKG_MT_748,2013,0.0639790296554565,0.8205128205128205,78.0,54,35,4.007333185232471,0.8205128196923076,0.06397914117385894,0.44296349685777553,0.48014441600147495
SKG_MT_752,2013,0.0510318875312805,0.7721518987341772,158.0,14,33,2.70805020110221,0.7721518979620252,0.0510320006060495,0.29934306215594814,0.43642305543902726
SKG_MT_719,2013,0.0570704340934753,0.8309859154929577,71.0,17,17,2.8903717578961645,0.8309859146619718,0.05707054644235501,0.3194965634040153,0.47027083224832944
SKG_MT_725,2013,0.0620109438896179,0.8048780487804879,82.0,1,25,0.6931471805599453,0.8048780479756097,0.0620110556446025,0.07661925892995831,0.4349053721386417
SKG_SA_414,2013,0.0878200531005859,0.8518518518518519,54.0,216,27,5.37989735354046,0.8518518509999999,0.08782016175307619,0.5946843035768006,0.5205224205589105
SKG_SUM_154,2013,0.064860463142395,0.8297872340425532,47.0,29,19,3.4011973816621555,0.8297872332127658,0.06486057455484097,0.37596232108590644,0.47843407853690995
SKG_SUM_155,2013,0.0877525210380554,0.9117647058823528,68.0,48,34,3.8918202981106265,0.911764704970588,0.08775262969866368,0.430194907362849,0.5340028951010444
SKG_MT_682,2013,0.0614219903945922,0.77,100.0,14,49,2.70805020110221,0.76999999923,0.061422102220374475,0.29934306215594814,0.4395031467187446
SKG_SUM_180,2013,0.0831772089004516,0.9078947368421052,76.0,32,13,3.4965075614664802,0.9078947359342104,0.08317731811105483,0.38649773917588437,0.5258680691291155
SKG_MT_80,2013,0.0624047517776489,0.8181818181818182,44.0,3,19,1.3862943611198906,0.8181818173636364,0.062404863485294136,0.15323851785991663,0.4493767058619275
SKG_MT_1310,2013,0.0624639391899108,0.8142857142857143,140.0,83,61,4.430816798843313,0.8142857134714285,0.062464050890441165,0.4897746237783696,0.4811059394697277
SKG_MT_1242,2013,0.0610231161117553,0.7549019607843137,102.0,39,19,3.6888794541139363,0.7549019600294117,0.06102322798548596,0.40776218670879455,0.44263648987977966
SKG_MT_147,2013,0.0627278089523315,0.7454545454545455,55.0,9,12,2.302585092994046,0.7454545447090909,0.06272792062114227,0.25452366884887795,0.42327080748789014
SKG_MT_156,2013,0.0712144970893859,0.684931506849315,73.0,3,27,1.3862943611198906,0.6849315061643835,0.07121460773801805,0.15323851785991663,0.38627544796339064
SKG_MT_1211,2013,0.0696783065795898,0.7105263157894737,38.0,32,21,3.4965075614664802,0.7105263150789473,0.06967841741288629,0.38649773917588437,0.4217842984222166
SKG_MT_940,2013,0.0631424188613891,0.7710843373493976,83.0,6,17,1.9459101490553132,0.7710843365783132,0.06314253048035992,0.2150974536814245,0.432308925849443
SKG_MT_1101,2013,0.0625160336494445,0.8172043010752689,93.0,31,36,3.4657359027997265,0.8172043002580645,0.06251614534371262,0.38309629464979156,0.47191823773149644
SKG_MT_268,2013,0.0634828805923461,0.8785046728971962,107.0,26,32,3.295836866004329,0.8785046720186915,0.06348299217039025,0.3643159567110855,0.5010771285486104
SKG_MT_277,2013,0.0473617315292358,0.8258064516129032,155.0,8,22,2.1972245773362196,0.8258064507870967,0.0473618450451916,0.24287730447405703,0.45613569385903074
SKG_PAR_106,2013,0.0696266889572143,0.8472222222222222,72.0,4,36,1.6094379124341003,0.8472222213749999,0.06962679979671571,0.17790440991891962,0.4692522715980782
SKG_MT_282,2013,0.0601127743721008,0.8051948051948052,77.0,7,39,2.0794415416798357,0.8051948043896103,0.06011288635526299,0.2298577767898749,0.4496283344158979
SKG_MT_290,2013,0.0908969640731811,0.8461538461538461,143.0,10,31,2.3978952727983707,0.8461538453076922,0.09089707235579815,0.2650590869388559,0.4859416602900509
SKG_MT_1069,2013,0.0793808698654174,0.8627450980392157,51.0,11,23,2.4849066497880004,0.8627450971764705,0.07938097953237579,0.27467717009694514,0.4905926574108801
SKG_MT_1082,2013,0.0689711570739746,0.8301886792452831,159.0,39,34,3.6888794541139363,0.8301886784150944,0.06897126799227701,0.40776218670879455,0.4834590650753374
SKG_MT_955,2013,0.0622563362121582,0.8142857142857143,70.0,1,32,0.6931471805599453,0.8142857134714285,0.06225644793764437,0.07661925892995831,0.43970736180376785
SKG_MT_922,2013,0.0773527026176452,0.8461538461538461,52.0,32,27,3.4965075614664802,0.8461538453076922,0.0773528125284081,0.38649773917588437,0.4926678215827978
SKG_SA_32,2013,0.0758070945739746,0.8260869565217391,69.0,79,58,4.382026634673881,0.8260869556956522,0.07580720467053392,0.48438144563875285,0.49180450427991496
SKG_SA_40,2013,0.0770902633666992,0.8947368421052632,57.0,11,10,2.4849066497880004,0.8947368412105262,0.07709037330900974,0.27467717009694514,0.5056722869385615
SKG_SA_48,2013,0.0773366093635559,0.902439024390244,41.0,95,38,4.564348191467836,0.9024390234878049,0.07733671927625335,0.50453494688682,0.5326076941430858
SKG_MT_885,2013,0.0496657490730285,0.8108108108108109,37.0,3,20,1.3862943611198906,0.81081081,0.049665862312020026,0.15323851785991663,0.44059560171079964
SKG_MT_891,2013,0.0591989755630493,0.75,72.0,32,28,3.4965075614664802,0.7499999992499999,0.05919908765605858,0.38649773917588437,0.43732940860501185
SKG_SA_111,2013,0.0671339035034179,0.9013157894736842,152.0,76,37,4.343805421853684,0.9013157885723683,0.06713401464257523,0.4801565406202804,0.5255271542052423
SKG_DIA_220,2013,0.0882413983345031,0.7647058823529411,68.0,2,11,1.0986122886681098,0.7647058815882352,0.08824150693634379,0.12143865223702852,0.42979340879235794
SKG_MT_973,2013,0.0658546686172485,0.8347826086956521,115.0,2,31,1.0986122886681098,0.8347826078608694,0.06585477991018174,0.12143865223702852,0.4558770811182103
SKG_SA_526,2013,0.0750875473022461,0.8629032258064516,124.0,12,25,2.5649493574615367,0.8629032249435483,0.07508765748530168,0.2835249489189543,0.4898391703577903
SKG_MT_591,2013,0.0638059377670288,0.7619047619047619,84.0,31,21,3.4657359027997265,0.761904761142857,0.06380604930623848,0.38309629464979156,0.4447844297589031
SKG_MT_705,2013,0.0623989105224609,0.7572815533980582,103.0,56,30,4.04305126783455,0.7572815526407767,0.062399022230808315,0.44691171030525656,0.44829155624323735
SKG_MT_706,2013,0.0622562170028686,0.8117647058823529,85.0,21,25,3.091042453358316,0.8117647050705882,0.062256328728369094,0.3416783458688142,0.46495271861352316
SKG_SA_4,2013,0.138334572315216,0.1612903225806451,155.0,6646,42,8.801920904041582,0.16129032241935476,0.13833467489539256,0.9729487123975267,0.23327390240758708
SKG_SA_191,2013,0.0660991668701171,0.8470588235294118,85.0,28,23,3.367295829986474,0.8470588226823529,0.06609927813365939,0.372214903742496,0.48719061296888977
SKG_MT_1225,2013,0.0777950286865234,0.8333333333333334,24.0,6,16,1.9459101490553132,0.8333333325,0.0777951385441146,0.2150974536814245,0.46929446703578825
SKG_MT_77,2013,0.0503341555595397,0.7596153846153846,104.0,35,24,3.58351893845611,0.7596153838557691,0.050334268718182563,0.39611582233397363,0.43955298164855494
SKG_MT_79,2013,0.0576595067977905,0.8396946564885496,131.0,1332,18,7.195187320178709,0.8396946556488548,0.057659619075858204,0.7953432341584029,0.522445498870611
SKG_SA_229,2013,0.0836838483810424,0.8478260869565217,92.0,3,19,1.3862943611198906,0.8478260861086956,0.08368395753074286,0.15323851785991663,0.4727104778526366
SKG_MT_225,2013,0.050409972667694,0.6944444444444444,108.0,5,38,1.791759469228055,0.6944444437499999,0.05041008581722295,0.19805791116698682,0.3871920473185878
SKG_PAR_139,2013,0.0836753845214843,0.8153846153846154,65.0,2,28,1.0986122886681098,0.8153846145692307,0.0836754936722022,0.12143865223702852,0.4533063699771991
SKG_MT_1090,2013,0.051250159740448,0.8571428571428571,182.0,258,27,5.556828061699537,0.8571428562857142,0.05125027278897867,0.6142419099860917,0.5104957282570577
SKG_MT_481,2013,0.0585057139396667,0.7898550724637681,138.0,9,18,2.302585092994046,0.7898550716739129,0.058505826116012453,0.25452366884887795,0.4437822331682492
SKG_MT_869,2013,0.0666476488113403,0.9117647058823528,68.0,2,11,1.0986122886681098,0.911764704970588,0.06664776000894997,0.12143865223702852,0.4946853217125769
SKG_MT_22,2013,0.0637068748474121,0.0,98.0,20,27,3.044522437723423,0.0,0.06370698639853006,0.336536105918453,0.05913640515125733
SKG_MT_1386,2013,0.0659810900688171,0.8202247191011236,178.0,11,11,2.4849066497880004,0.8202247182808988,0.0659812013465533,0.27467717009694514,0.46397255668876525
SKG_MT_44,2013,0.0494143366813659,0.7228915662650602,83.0,20,38,3.044522437723423,0.7228915655421686,0.049414449950579524,0.336536105918453,0.4148651733431614
SKG_PAR_20,2013,0.0732218623161315,0.7848101265822784,79.0,15,16,2.772588722239781,0.7848101257974682,0.07322197272345972,0.30647703571983326,0.4523415555601013
SKG_MT_371,2013,0.0621539950370788,0.851063829787234,141.0,44,27,3.8066624897703196,0.8510638289361702,0.06215410677486733,0.4207817143929766,0.4924717286173297
SKG_MT_372,2013,0.0560678243637084,0.7560975609756098,82.0,4,40,1.6094379124341003,0.7560975602195121,0.05606793683311109,0.17790440991891962,0.4182663958348925
SKG_MT_375,2013,0.062117576599121,0.7837837837837838,37.0,12,14,2.5649493574615367,0.783783783,0.06211768834128736,0.2835249489189543,0.44509146172841035
SKG_MT_376,2013,0.0649442672729492,0.8591549295774648,213.0,5,40,1.791759469228055,0.8591549287183098,0.06494437867532113,0.19805791116698682,0.475361006945982
SKG_QA_84,2013,0.0788391232490539,0.95,20.0,4,32,1.6094379124341003,0.9499999990499999,0.07883923298113525,0.17790440991891962,0.524326133709346
SKG_QA_3,2013,0.0707069635391235,0.9041095890410958,73.0,3,5,1.3862943611198906,0.9041095881369862,0.07070707424876588,0.15323851785991663,0.4956614755539911
SKG_QA_12,2013,0.0637068748474121,0.7925925925925926,135.0,20,27,3.044522437723423,0.7925925918,0.06370698639853006,0.336536105918453,0.4554327010512573
SKG_QA_20,2013,0.0533161163330078,0.8607594936708861,79.0,228,48,5.43372200355424,0.8607594928101265,0.05331622913319132,0.6006339848449098,0.5117696365428308
SKG_PAR_204,2013,0.0625197291374206,0.8409090909090909,88.0,24,17,3.2188758248682006,0.8409090900681818,0.0625198408312445,0.35580881983783924,0.4810433633503727
SKG_MT_1461,2013,0.0694279670715332,1.0,4.0,41,12,3.7376696182833684,0.9999999989999999,0.06942807793492282,0.4131553648484113,0.5690867671588102
SKG_QA_424,2013,0.0745407342910766,0.8125,80.0,78,29,4.3694478524670215,0.8124999991874999,0.07454084453986419,0.4829910093822678,0.48436543834792245
SKG_QA_385,2013,0.0561976432800293,0.8080808080808081,99.0,7,19,2.0794415416798357,0.8080808072727272,0.05619775573382655,0.2298577767898749,0.44950528360888176
SKG_MT_14,2013,0.0582032203674316,0.8507462686567164,67.0,11,19,2.4849066497880004,0.8507462678059701,0.058203332580139884,0.27467717009694514,0.4761221839447355
SKG_MT_21,2013,0.0601296424865722,0.7939698492462312,199.0,56,44,4.04305126783455,0.7939698484522613,0.060129754467706686,0.44691171030525656,0.46572799704373896
SKG_MT_500,2013,0.0590839385986328,0.7058823529411765,51.0,26,34,3.295836866004329,0.705882352235294,0.059084050705470584,0.3643159567110855,0.4130063920709438
SKG_MT_829,2013,0.0694684982299804,0.8205128205128205,39.0,5,15,1.791759469228055,0.8205128196923076,0.06946860908849779,0.19805791116698682,0.4578496445982516
SKG_MT_845,2013,0.0722476840019226,0.8378378378378378,111.0,9,23,2.302585092994046,0.8378378369999999,0.07224779452635609,0.25452366884887795,0.4732704031954302
SKG_MT_515,2013,0.0782873034477233,0.8258064516129032,155.0,106,30,4.672828834461906,0.8258064507870967,0.07828741324613853,0.5165262045988351,0.49587081115188725
SKG_SA_318,2013,0.0876327753067016,0.7764705882352941,85.0,40,19,3.713572066704308,0.7764705874588235,0.08763288398170442,0.4104916642725502,0.4643376137493485
SKG_SA_296,2013,0.0679494142532348,0.8985507246376812,69.0,241,51,5.488937726156687,0.8985507237391304,0.06794952529436017,0.6067374328076701,0.5371289152680763
SKG_SA_306,2013,0.0858787298202514,0.8279569892473119,93.0,189,61,5.247024072160486,0.8279569884193548,0.08587883870610676,0.579996726917106,0.5063297023838307
SKG_MT_94,2013,0.070731520652771,0.9,50.0,9,34,2.302585092994046,0.8999999991,0.07073163135946138,0.25452366884887795,0.5037450189786723
SKG_MT_100,2013,0.0543239712715148,0.8214285714285714,56.0,112,24,4.727387818712341,0.8214285706071428,0.05432408395054481,0.5225570578699437,0.48469962467078365
SKG_QA_193,2013,0.0944059491157531,0.9230769230769232,13.0,13,9,2.6390573296152584,0.9230769221538463,0.09440605697655761,0.29171671261138277,0.5284725551286844
SKG_MT_305,2013,0.0538732409477233,0.746268656716418,67.0,36,39,3.6109179126442243,0.7462686559701492,0.05387335368093527,0.39914445630466727,0.43459811508791546
SKG_MT_314,2013,0.0832945704460144,0.8607594936708861,79.0,8,28,2.1972245773362196,0.8607594928101265,0.08329467964250968,0.24287730447405703,0.48798534870947285
SKG_MT_1036,2013,0.0649906992912292,0.9041095890410958,73.0,540,42,6.293419278846481,0.9041095881369862,0.06499081068801957,0.6956633956026432,0.5476174579039652
SKG_QA_334,2013,0.0775561332702636,0.859375,64.0,35,30,3.58351893845611,0.859374999140625,0.07755624315657225,0.39611582233397363,0.5003215790663388
SKG_MT_332,2013,0.087393581867218,0.8409090909090909,44.0,17,20,2.8903717578961645,0.8409090900681818,0.0873936905709741,0.3194965634040153,0.48736167760288207
SKG_MT_337,2013,0.051585853099823,0.7906976744186046,129.0,18,33,2.9444389791664403,0.7906976736279069,0.05158596610800021,0.325473058068228,0.44853052906397634
SKG_MT_1048,2013,0.0683621168136596,0.8955223880597015,134.0,20,19,3.044522437723423,0.8955223871641791,0.06836222780517431,0.336536105918453,0.5087596952960046
SKG_MT_1324,2013,0.0623590350151062,0.8352941176470589,85.0,17,20,2.8903717578961645,0.8352941168117647,0.06235914672824702,0.3194965634040153,0.4745403734375827
SKG_MT_1326,2013,0.0606371164321899,0.8066298342541437,181.0,15,14,2.772588722239781,0.8066298334475138,0.060637228352321305,0.30647703571983326,0.45821751163666874
SKG_MT_1244,2013,0.0553803443908691,0.8169014084507042,71.0,4,19,1.6094379124341003,0.8169014076338028,0.05538045694291326,0.17790440991891962,0.4483933275859587
SKG_MT_1248,2013,0.0559104681015014,0.8125,112.0,22,31,3.1354942159291497,0.8124999991874999,0.05591058058981978,0.34659196479684096,0.46327342830936197
SKG_SA_557,2013,0.0778031349182128,0.7213114754098361,61.0,11,10,2.4849066497880004,0.7213114746885245,0.07780324477482956,0.27467717009694514,0.41924475226388863
SKG_SA_577,2013,0.0773422122001648,0.6666666666666666,33.0,5,17,1.791759469228055,0.6666666659999999,0.07734232211218875,0.19805791116698682,0.3840760529615741
SKG_PAR_52,2013,0.1113425493240356,0.7142857142857143,35.0,25,22,3.258096538021482,0.7142857135714286,0.11134265514890367,0.3601442078489126,0.437694339630167
SKG_PAR_53,2013,0.0766507983207702,0.8588235294117647,85.0,6,12,1.9459101490553132,0.8588235285529411,0.07665090831590851,0.2150974536814245,0.4815818729709764
SKG_PAR_56,2013,0.0613958239555358,0.8431372549019608,51.0,4,34,1.6094379124341003,0.8431372540588234,0.06139593578446352,0.17790440991891962,0.46391744233508914
SKG_MT_1169,2013,0.0582101941108703,0.7837837837837838,74.0,60,37,4.110873864173311,0.783783783,0.058210306322740275,0.45440869971230236,0.46061688400032635
SKG_MT_824,2013,0.0700372457504272,0.8918918918918919,37.0,15,38,2.772588722239781,0.8918918909999999,0.07003735654057587,0.30647703571983326,0.5046085916882136
SKG_MT_91,2013,0.0840538144111633,0.8452380952380952,84.0,6,17,1.9459101490553132,0.845238094392857,0.08405392351639042,0.2150974536814245,0.4777503619711271
SKG_MT_1429,2013,0.0795974731445312,0.7619047619047619,126.0,37,33,3.6375861597263857,0.761904761142857,0.07959758278545186,0.4020923169981863,0.45300064538542784
SKG_MT_1437,2013,0.0708019137382507,0.8333333333333334,12.0,8,17,2.1972245773362196,0.8333333325,0.07080202443647919,0.24287730447405703,0.4692752064719974
SKG_MT_641,2013,0.083307921886444,0.8636363636363636,22.0,7,28,2.0794415416798357,0.8636363627727273,0.0833080310813343,0.2298577767898749,0.48812717149788487
SKG_MT_572,2013,0.0644489526748657,0.8478260869565217,46.0,10,32,2.3978952727983707,0.8478260861086956,0.06444906413677903,0.2650590869388559,0.47619857740294497
SKG_MT_178,2013,0.061663806438446,0.6612903225806451,62.0,22,23,3.1354942159291497,0.6612903219193548,0.061663918235159744,0.34659196479684096,0.38996992473342534
SKG_MT_180,2013,0.0646462440490722,0.7672955974842768,159.0,42,28,3.7612001156935624,0.7672955967169811,0.06464635548726928,0.41575638426302675,0.451081978979701
SKG_MT_150,2013,0.0579093694686889,0.7339449541284404,109.0,45,29,3.828641396489095,0.7339449533944954,0.05790948171672079,0.4232112237267993,0.43245739175661596
SKG_MT_200,2013,0.0571721792221069,0.8516129032258064,155.0,67,32,4.219507705176107,0.8516129023741934,0.057172291558755896,0.46641689166025946,0.49531705697662504
SKG_SA_469,2013,0.0711332559585571,0.875,16.0,5,12,1.791759469228055,0.8749999991249999,0.07113336661695518,0.19805791116698682,0.4857591373259807
SKG_SA_484,2013,0.0649579763412475,0.8421052631578947,38.0,37,20,3.6375861597263857,0.8421052623157893,0.06495808774197147,0.4020923169981863,0.4872450979545019
SKG_MT_681,2013,0.0610958337783813,0.7883211678832117,137.0,7,38,2.0794415416798357,0.7883211670948905,0.061095945643370626,0.2298577767898749,0.44158473948378096
SKG_SUM_193,2013,0.0597634315490722,0.7523809523809524,105.0,91,27,4.5217885770490405,0.7523809516285713,0.05976354357422863,0.4998304826567576,0.4500789415096529
SKG_MT_680,2014,0.0665388107299804,0.8727272727272727,55.0,5,29,1.791759469228055,0.8727272718545454,0.06653892194067342,0.19805791116698682,0.4827849958202407
SKG_MT_676,2014,0.0594769716262817,0.6666666666666666,12.0,0,16,0.0,0.6666666659999999,0.05947708368587327,0.0,0.35712416647434925
SKG_SUM_43,2014,0.0709081888198852,0.8544303797468354,158.0,52,30,3.970291913552122,0.854430378892405,0.07090829950533843,0.4388690204383823,0.4994654112921761
SKG_SUM_40,2014,0.0724385976791381,0.75,40.0,67,23,4.219507705176107,0.7499999992499999,0.072438708180622,0.46641689166025946,0.45061717206327473
SKG_SA_618,2014,0.070077896118164,0.782608695652174,23.0,2,9,1.0986122886681098,0.7826086948695652,0.07007800690342611,0.12143865223702852,0.4314794154198559
SKG_MT_710,2014,0.053827166557312,0.7837837837837838,74.0,15,16,2.772588722239781,0.783783783,0.05382727929606254,0.30647703571983326,0.4440705067904083
SKG_SA_449,2014,0.0621055364608764,0.8601398601398601,143.0,2,13,1.0986122886681098,0.8601398592797201,0.0621056482044901,0.12143865223702852,0.467056054145359
SKG_SA_460,2014,0.089263916015625,0.8,15.0,615,23,6.423246963533519,0.7999999992,0.08926402449454958,0.7100143174101553,0.5067070411388354
SKG_MT_1441,2014,0.0889720916748046,0.9615384615384616,26.0,44,8,3.8066624897703196,0.961538460576923,0.08897220018880918,0.4207817143929766,0.5584362818032829
SKG_MT_317,2014,0.0704705119132995,0.8564593301435407,209.0,15,35,2.772588722239781,0.8564593292870814,0.07047062265136557,0.30647703571983326,0.48706561727607023
SKG_MT_319,2014,0.0463773012161254,0.7321428571428571,56.0,1,28,0.6931471805599453,0.7321428564107142,0.04637741485041885,0.07661925892995831,0.3922843200385205
SKG_MT_1046,2014,0.0613244175910949,0.6415094339622641,106.0,12,30,2.5649493574615367,0.6415094333207546,0.061324529428606334,0.2835249489189543,0.3736370233237153
SKG_MT_1053,2014,0.0621425509452819,0.8333333333333334,54.0,85,17,4.454347296253507,0.8333333325,0.06214266268444611,0.49237564319298505,0.4907612956430769
SKG_MT_331,2014,0.0530333518981933,0.7419354838709677,62.0,27,27,3.332204510175204,0.7419354831290322,0.053033464732367724,0.3683359715413411,0.4290147246115973
SKG_MT_1030,2014,0.060555100440979,0.6666666666666666,60.0,8,29,2.1972245773362196,0.6666666659999999,0.06055521237096949,0.24287730447405703,0.3818431483957935
SKG_MT_359,2014,0.0706025958061218,0.8269230769230769,52.0,4,12,1.6094379124341003,0.8269230760961537,0.07060270652831015,0.17790440991891962,0.4594930616512929
SKG_PAR_185,2014,0.0628767013549804,0.8461538461538461,91.0,423,21,6.049733455231958,0.8461538453076922,0.06287681300589293,0.6687267972282572,0.515100327579029
SKG_PAR_212,2014,0.0831755399703979,0.847457627118644,59.0,44,25,3.8066624897703196,0.8474576262711864,0.08317564918120174,0.4207817143929766,0.49907724424737154
SKG_MT_1403,2014,0.0601515769958496,0.8203883495145631,206.0,5,19,1.791759469228055,0.8203883486941747,0.060151688974347355,0.19805791116698682,0.45406064105352495
SKG_MT_1367,2014,0.06927090883255,0.797979797979798,99.0,63,28,4.1588830833596715,0.7979797971818181,0.06927101971481947,0.4597155535797498,0.4726698618348118
SKG_MT_1474,2014,0.0560185313224792,0.8015873015873016,126.0,119,52,4.787491742782046,0.8015873007857143,0.056018643797807376,0.529200838945823,0.47612119180656237
SKG_QA_404,2014,0.0628765225410461,0.0,91.0,423,21,6.049733455231958,0.0,0.06287663419198013,0.6687267972282572,0.09202333339961777
SKG_MT_1009,2014,0.0543004870414733,0.8571428571428571,70.0,73,29,4.30406509320417,0.8571428562857142,0.05430059972332633,0.47576371523462563,0.4978680395556502
SKG_SA_530,2014,0.0583051443099975,0.7887323943661971,71.0,91,14,4.5217885770490405,0.7887323935774647,0.05830525651045359,0.4998304826567576,0.46767134765858953
SKG_MT_586,2014,0.0496074557304382,0.8115183246073299,191.0,6,19,1.9459101490553132,0.8115183237958115,0.04960756897643712,0.2150974536814245,0.44711193485662304
SKG_MT_590,2014,0.0629604458808898,0.74,100.0,10,49,2.3978952727983707,0.7399999992599999,0.06296055752173545,0.2650590869388559,0.4216901313325797
SKG_MT_598,2014,0.0627809762954711,0.8461538461538461,104.0,1,32,0.6931471805599453,0.8461538453076922,0.06278108795789065,0.07661925892995831,0.4558512837299982
SKG_MT_394,2014,0.0558559298515319,0.7627118644067796,59.0,9,24,2.302585092994046,0.7627118636440677,0.05585604234640628,0.25452366884887795,0.4291507156454842
SKG_MT_1316,2014,0.1085594296455383,0.8285714285714286,105.0,28,30,3.367295829986474,0.8285714277428571,0.10855953580496316,0.372214903742496,0.4949310185676634
SKG_MT_169,2014,0.0569565892219543,0.8548387096774194,62.0,133,25,4.897839799950911,0.8548387088225806,0.05695670158451921,0.5413985173058635,0.5043418867756844
SKG_MT_1206,2014,0.0731030702590942,0.8,10.0,24,12,3.2188758248682006,0.7999999992,0.07310318068070233,0.35580881983783924,0.46482215385606485
SKG_MT_1213,2014,0.0613003969192504,0.8148148148148148,81.0,36,30,3.6109179126442243,0.8148148139999999,0.06130050875964934,0.39914445630466727,0.4718420561343264
SKG_PAR_113,2014,0.0687101483345031,0.6470588235294118,17.0,11,13,2.4849066497880004,0.647058822882353,0.0687102592841812,0.27467717009694514,0.3784812321645435
SKG_MT_1060,2014,0.0487126111984252,0.8076923076923077,26.0,34,21,3.5553480614894135,0.8076923068846154,0.04871272455199274,0.3930018636003441,0.4626314296231392
SKG_DIA_298,2014,0.0919538736343383,0.8928571428571429,28.0,32,44,3.4965075614664802,0.8928571419642857,0.09195398178990502,0.38649773917588437,0.5218599376156933
SKG_MT_913,2014,0.0644471049308776,0.7913043478260869,115.0,39,20,3.6888794541139363,0.7913043470347825,0.06444721639301305,0.40776218670879455,0.4622072787454759
SKG_MT_931,2014,0.0576207041740417,0.8526315789473684,95.0,89,37,4.499809670330265,0.8526315780947368,0.05762081645677384,0.4974009733229349,0.49910421296237145
SKG_SA_36,2014,0.0725958943367004,0.7643979057591623,191.0,1167,59,7.0630481633881725,0.7643979049947643,0.07259600481927578,0.7807368063276763,0.4893110350578601
SKG_SA_52,2014,0.0747504234313964,0.7016129032258065,124.0,125,13,4.836281906951478,0.7016129025241935,0.0747505336549774,0.5345940170854399,0.43416606643263167
SKG_DIA_211,2014,0.0670639276504516,0.8452380952380952,84.0,56,40,4.04305126783455,0.845238094392857,0.0670640387980207,0.44691171030525656,0.49413583374616243
SKG_SA_224,2014,0.0675317049026489,0.7777777777777778,27.0,6,12,1.9459101490553132,0.777777777,0.06753181599398682,0.2150974536814245,0.4374113602657371
SKG_MT_1252,2014,0.0760400891304016,0.7272727272727273,22.0,39,21,3.6888794541139363,0.7272727265454545,0.07604019919895282,0.40776218670879455,0.4348286616231878
SKG_MT_1253,2014,0.0588706731796264,0.8333333333333334,48.0,123,34,4.820281565605037,0.8333333325,0.058870785312100674,0.5328253677552928,0.49349751715036955
SKG_MT_1347,2014,0.0980587005615234,0.8245614035087719,228.0,489,29,6.194405391104672,0.8245614026842105,0.0980588079832333,0.6847185762117269,0.5199760821565713
SKG_SA_118,2014,0.0726470947265625,0.7674418604651163,43.0,79,25,4.382026634673881,0.7674418596976744,0.07264720520298312,0.48438144563875285,0.46121795649390573
SKG_MT_1120,2014,0.0626149177551269,0.8235294117647058,153.0,6,30,1.9459101490553132,0.8235294109411764,0.06261502943750824,0.2150974536814245,0.45832046261373394
SKG_MT_1127,2014,0.0803414583206176,0.9090909090909092,11.0,66,15,4.204692619390966,0.9090909081818181,0.08034156787210435,0.4647792583759052,0.5331600070773413
SKG_MT_252,2014,0.1460102200508117,0.8055555555555556,72.0,18,63,2.9444389791664403,0.80555555475,0.14601032170830422,0.325473058068228,0.49372921186514446
SKG_MT_265,2014,0.0601812601089477,0.7395833333333334,96.0,24,45,3.2188758248682006,0.73958333259375,0.06018137208387726,0.35580881983783924,0.42944509711420986
SKG_MT_266,2014,0.0445075035095214,0.7547169811320755,106.0,25,35,3.258096538021482,0.7547169803773585,0.04450761736858189,0.3601442078489126,0.4311759579210032
SKG_MT_1096,2014,0.0670751333236694,0.826530612244898,98.0,19,38,2.995732273553991,0.8265306114183673,0.06707524446989147,0.33114292777883625,0.47320969627502385
SKG_SA_246,2014,0.0589035153388977,0.8387096774193549,93.0,30,24,3.4339872044851463,0.8387096765806451,0.05890362746742404,0.3795868498953761,0.4808749742668298
SKG_MT_476,2014,0.0661535263061523,0.826530612244898,98.0,5,13,1.791759469228055,0.8265306114183673,0.06615363756316008,0.19805791116698682,0.45953255185114633
SKG_MT_487,2014,0.0634600520133972,0.7692307692307693,26.0,56,12,4.04305126783455,0.7692307684615385,0.06346016359418556,0.44691171030525656,0.45469062069896915
SKG_MT_868,2014,0.0630325078964233,0.89937106918239,159.0,162,23,5.093750200806762,0.8993710682830188,0.06303261952860643,0.5630541052549055,0.5312039924784425
SKG_SA_260,2014,0.0795390009880065,0.7931034482758621,116.0,703,21,6.556778356158042,0.7931034474827586,0.07953911063595606,0.7247746405186057,0.5008448320476223
SKG_MT_836,2014,0.056467056274414,0.5945945945945946,74.0,9,14,2.302585092994046,0.594594594,0.05646716869582531,0.25452366884887795,0.3453365313632179
SKG_MT_840,2014,0.0609906315803527,0.7857142857142857,42.0,21,31,3.091042453358316,0.7857142849285713,0.06099074345798831,0.3416783458688142,0.4514212744343624
SKG_MT_530,2014,0.069567322731018,1.0,4.0,3,13,1.3862943611198906,0.9999999989999999,0.06956743357765578,0.15323851785991663,0.543150824717054
SKG_SA_278,2014,0.0632451176643371,0.6470588235294118,17.0,9,22,2.302585092994046,0.647058822882353,0.06324522927096257,0.25452366884887795,0.3742798700344493
SKG_MT_790,2014,0.0782586336135864,0.8235294117647058,102.0,11,40,2.4849066497880004,0.8235294109411764,0.078258743415448,0.27467717009694514,0.4705359198464619
SKG_SA_339,2014,0.0759695172309875,0.8666666666666667,45.0,4,16,1.6094379124341003,0.8666666658,0.0759696273080221,0.17790440991891962,0.4815116248151008
SKG_SA_283,2014,0.0725958943367004,0.7674418604651163,43.0,1167,59,7.0630481633881725,0.7674418596976744,0.07259600481927578,0.7807368063276763,0.49083301240931515
SKG_SA_307,2014,0.0847444534301757,0.8108108108108109,185.0,1073,23,6.97914527506881,0.81081081,0.0847445624523816,0.7714623299893041,0.516449462979883
SKG_MT_97,2014,0.0592139959335327,0.6,10.0,35,17,3.58351893845611,0.5999999993999999,0.05921410802473639,0.39611582233397363,0.3632972251432919
SKG_MT_116,2014,0.0606682896614074,0.7723577235772358,123.0,6,20,1.9459101490553132,0.772357722804878,0.06066840157779149,0.2150974536814245,0.43195596740169806
SKG_PAR_35,2014,0.2655619382858276,0.8596491228070176,114.0,5,26,1.791759469228055,0.8596491219473683,0.2655620255720947,0.19805791116698682,0.5558551623192207
SKG_MT_224,2014,0.0543509721755981,0.8505747126436781,87.0,7,22,2.0794415416798357,0.8505747117931033,0.054351084851382354,0.2298577767898749,0.470013567516092
SKG_MT_827,2014,0.0489643216133117,1.0,12.0,1,41,0.6931471805599453,0.9999999989999999,0.04896443493662131,0.07661925892995831,0.5272476993676444
SKG_MT_828,2014,0.0672796368598938,0.6911764705882353,68.0,16,14,2.833213344056216,0.6911764698970587,0.06727974798153263,0.31317837380034286,0.4038179715211767
SKG_MT_545,2014,0.0590206384658813,0.7894736842105263,133.0,60,38,4.110873864173311,0.7894736834210526,0.05902075058032835,0.45440869971230236,0.4637860119138879
SKG_MT_560,2014,0.060203731060028,0.7948717948717948,117.0,21,33,3.091042453358316,0.794871794076923,0.06020384303225634,0.3416783458688142,0.45568526883824545
SKG_MT_770,2014,0.0468560457229614,0.7304347826086957,115.0,9,47,2.302585092994046,0.7304347818782608,0.046856159299705324,0.25452366884887795,0.40941222154390033
SKG_SA_540,2014,0.0750862956047058,0.9130434782608696,92.0,36,29,3.6109179126442243,0.9130434773478261,0.07508640578791184,0.39914445630466727,0.5264707466195445
SKG_MT_652,2014,0.0602575540542602,0.7954545454545454,132.0,99,45,4.605170185988092,0.7954545446590908,0.06025766602001852,0.5090473376977559,0.47273507250732844
SKG_MT_187,2014,0.0972489118576049,1.0,4.0,2,7,1.0986122886681098,0.9999999989999999,0.0972490193766589,0.12143865223702852,0.5510434724743664
SKG_MT_220,2014,0.0826472043991088,0.6857142857142857,35.0,9,18,2.302585092994046,0.6857142850285713,0.08264731367342348,0.25452366884887795,0.40136843486854284
SKG_MT_1158,2014,0.0715095400810241,0.8679245283018868,53.0,19,29,2.995732273553991,0.8679245274339622,0.07150965069418934,0.33114292777883625,0.4956804167725405
SKG_MT_647,2014,0.0622831583023071,0.8089887640449438,89.0,44,31,3.8066624897703196,0.8089887632359549,0.06228327002456901,0.4207817143929766,0.4714858610671027
SKG_SA_556,2014,0.0664117932319641,0.8512396694214877,121.0,241,21,5.488937726156687,0.8512396685702479,0.06641190445792579,0.6067374328076701,0.5128583393490612
SKG_SA_517,2014,0.089263916015625,0.8421052631578947,57.0,615,23,6.423246963533519,0.8421052623157893,0.08926402449454958,0.7100143174101553,0.52775967269673
SKG_DIA_64,2014,0.0755963325500488,0.8831168831168831,77.0,8,31,2.1972245773362196,0.8831168822337662,0.07559644267194368,0.24287730447405703,0.4960847486330663
SKG_SA_490,2014,0.0651419758796691,0.8358974358974359,195.0,125,31,4.836281906951478,0.8358974350615385,0.06514208725827463,0.5345940170854399,0.49746495414262304
SKG_MT_738,2014,0.0760272741317749,0.8297872340425532,94.0,27,38,3.332204510175204,0.8297872332127658,0.07602738420186661,0.3683359715413411,0.48213816744126364
SKG_MT_732,2014,0.067315936088562,0.75,40.0,7,11,2.0794415416798357,0.7499999992499999,0.06731604720583734,0.2298577767898749,0.42491219618632237
SKG_SA_441,2014,0.0748685598373413,0.7368421052631579,38.0,11,9,2.4849066497880004,0.7368421045263157,0.07486867004672121,0.27467717009694514,0.42583623729154085
SKG_SUM_145,2014,0.0756005048751831,0.8352941176470589,85.0,19,16,2.995732273553991,0.8352941168117647,0.07560061499657643,0.33114292777883625,0.48100159718239655
SKG_SUM_68,2014,0.0662018060684204,0.85,20.0,37,19,3.6375861597263857,0.8499999991499999,0.06620191731962449,0.4020923169981863,0.49168999820266834
SKG_SUM_22,2014,0.0728254318237304,0.8735955056179775,356.0,31,29,3.4657359027997265,0.873595504744382,0.07282554227871324,0.38309629464979156,0.5042375987486555
SKG_SUM_186,2015,0.0847347974777221,0.9,20.0,15,14,2.772588722239781,0.8999999991,0.08473490650108872,0.30647703571983326,0.5145416657224188
SKG_SUM_178,2015,0.0731756091117858,0.8849557522123894,113.0,134,19,4.90527477843843,0.8849557513274336,0.0731757195246741,0.5422203666300052,0.5259702001365869
SKG_SUM_177,2015,0.0548046231269836,0.7470588235294118,170.0,29,34,3.4011973816621555,0.7470588227823529,0.0548047357482348,0.37596232108590644,0.433047537799061
SKG_SUM_172,2015,0.0728170275688171,0.8541666666666666,48.0,239,45,5.480638923341991,0.8541666658124999,0.07281713802481021,0.6058200978757814,0.5167921979037522
SKG_MT_668,2015,0.0616693496704101,0.8313253012048193,83.0,9,23,2.302585092994046,0.831325300373494,0.0616694614664575,0.25452366884887795,0.4657828016582178
SKG_SUM_17,2015,0.0758655667304992,0.8705882352941177,85.0,145,19,4.983606621708336,0.8705882344235294,0.07586567682002963,0.5508790295378013,0.5207282908935567
SKG_SA_608,2015,0.0780261158943176,0.7209302325581395,43.0,45,35,3.828641396489095,0.7209302318372092,0.07802622572412998,0.4232112237267993,0.4339967285809365
SKG_MT_1293,2015,0.2099266648292541,0.774390243902439,164.0,18,18,2.9444389791664403,0.7743902431280487,0.2099267588033971,0.325473058068228,0.503713130892206
SKG_MT_1295,2015,0.0972944498062133,0.8333333333333334,90.0,5,0,1.791759469228055,0.8333333325,0.09729455731979322,0.19805791116698682,0.47539028029461594
SKG_SUM_129,2015,0.0752514600753784,0.7948717948717948,39.0,2,23,1.0986122886681098,0.794871794076923,0.07525157023873015,0.12143865223702852,0.43968039035765644
SKG_SUM_107,2015,0.0575504302978515,0.7988826815642458,179.0,37,49,3.6375861597263857,0.7988826807653631,0.05755054258903121,0.4020923169981863,0.46267078911811266
SKG_PAR_100,2015,0.0709077715873718,0.7329842931937173,191.0,181,49,5.204006687076795,0.7329842924607329,0.07090788227287519,0.5752416615303371,0.45237946529255024
SKG_PAR_61,2015,0.0799804925918579,0.768595041322314,121.0,20,22,3.044522437723423,0.768595040553719,0.07998060218673607,0.336536105918453,0.4499433717433992
SKG_PAR_67,2015,0.0713527798652648,0.7823834196891192,193.0,26,28,3.295836866004329,0.7823834189067357,0.07135289049727407,0.3643159567110855,0.456164461323386
SKG_MT_217,2015,0.0582086443901062,0.8165137614678899,109.0,11,22,2.4849066497880004,0.816513760651376,0.05820875660216247,0.27467717009694514,0.45900809997624753
SKG_MT_221,2015,0.0457558631896972,0.7692307692307693,78.0,24,58,3.2188758248682006,0.7692307684615385,0.045755976898693276,0.35580881983783924,0.43849865697403045
SKG_MT_642,2015,0.0537834167480468,0.7613636363636364,176.0,14,44,2.70805020110221,0.7613636356022726,0.053783529492056475,0.29934306215594814,0.43212953581355373
SKG_MT_651,2015,0.0583281517028808,0.8333333333333334,72.0,7,25,2.0794415416798357,0.8333333325,0.05832826390057118,0.2298577767898749,0.46298374948921595
SKG_SA_564,2015,0.056933045387268,0.7291666666666666,144.0,9,20,2.302585092994046,0.7291666659374999,0.0569331577526631,0.25452366884887795,0.412808962954703
SKG_PAR_79,2015,0.0750457644462585,0.8048780487804879,123.0,52,18,3.970291913552122,0.8048780479756097,0.07504587463433678,0.4388690204383823,0.47634427588537775
SKG_PAR_124,2015,0.0759193301200866,0.7850467289719626,107.0,94,38,4.553876891600541,0.7850467281869158,0.07591944020315418,0.5033774679871477,0.47322888697343435
SKG_PAR_84,2015,0.073036789894104,0.8620689655172413,87.0,9,25,2.302585092994046,0.8620689646551722,0.07303690032367965,0.25452366884887795,0.4857016093419458
SKG_MT_1118,2015,0.2155488133430481,0.84375,32.0,2,15,1.0986122886681098,0.8437499991562499,0.2155489066413567,0.12143865223702852,0.5202384274583705
SKG_MT_262,2015,0.0551515817642211,0.8111111111111111,90.0,2,34,1.0986122886681098,0.8111111102999999,0.05515169434376465,0.12143865223702852,0.4397600981112087
SKG_MT_1108,2015,0.0583170056343078,0.8041237113402062,97.0,6,22,1.9459101490553132,0.8041237105360824,0.05831711783333804,0.2150974536814245,0.44689844776951887
SKG_PAR_116,2015,0.0655150413513183,0.7976190476190477,84.0,29,27,3.4011973816621555,0.7976190468214286,0.06551515268507789,0.37596232108590644,0.4626118165933361
SKG_MT_296,2015,0.0680506825447082,0.819672131147541,61.0,9,28,2.302585092994046,0.8196721303278688,0.06805079357366019,0.25452366884887795,0.46250874947828624
SKG_MT_1085,2015,0.069720447063446,0.6976744186046512,86.0,10,26,2.3978952727983707,0.6976744179069767,0.06972055789167682,0.2650590869388559,0.40323134080404466
SKG_QA_168,2015,0.0713017582893371,0.7678571428571429,56.0,372,29,5.921578419643816,0.7678571420892857,0.07130186892747964,0.6545607670830091,0.4779053953239356
SKG_QA_107,2015,0.0727148056030273,0.85,180.0,58,23,4.07753744390572,0.8499999991499999,0.07271491607130845,0.45072375099157447,0.4991583411026808
SKG_QA_28,2015,0.0852235555648803,1.0,2.0,14,13,2.70805020110221,0.9999999989999999,0.08522366452949368,0.29934306215594814,0.5640237715273922
SKG_QA_15,2015,0.0746403932571411,0.821656050955414,157.0,454,27,6.12029741895095,0.821656050133758,0.07464050349394875,0.6765268125192984,0.5083369077163883
SKG_MT_1456,2015,0.0748642683029174,0.6428571428571429,42.0,5,37,1.791759469228055,0.6428571422142857,0.07486437851281319,0.19805791116698682,0.3711801136289668
SKG_MT_615,2015,0.078666865825653,0.7651006711409396,149.0,72,28,4.290459441148391,0.7651006703758388,0.07866697557844131,0.474259770607843,0.46144310248008025
SKG_QA_155,2015,0.0509203076362609,0.75,120.0,178,30,5.187385805840755,0.7499999992499999,0.050920420724442854,0.5734044188223173,0.4527086097970089
SKG_MT_304,2015,0.0741284489631652,0.7545454545454545,110.0,4,29,1.6094379124341003,0.754545453790909,0.0741285592615133,0.17790440991891962,0.4247145915919518
SKG_MT_320,2015,0.0773626565933227,0.7142857142857143,35.0,4,58,1.6094379124341003,0.7142857135714286,0.07736276650288905,0.17790440991891962,0.4058784043787619
SKG_MT_1035,2015,0.0299201011657714,0.5882352941176471,102.0,3,32,1.3862943611198906,0.5882352935294117,0.02992021677837295,0.15323851785991663,0.3214095852620467
SKG_MT_1045,2015,0.0653460621833801,0.8271604938271605,81.0,9,28,2.302585092994046,0.8271604929999999,0.06534617353745255,0.25452366884887795,0.4651710827998688
SKG_QA_298,2015,0.0785712003707885,0.8933333333333333,75.0,62,10,4.143134726391533,0.8933333324399999,0.07857131013507668,0.4579747581554815,0.5238926660895787
SKG_MT_1032,2015,0.0675795674324035,0.7719298245614035,57.0,36,27,3.6109179126442243,0.7719298237894736,0.06757967851798789,0.39914445630466727,0.45291122893239866
SKG_QA_256,2015,0.0778790712356567,0.8977272727272727,88.0,112,30,4.727387818712341,0.8977272718295454,0.07787918108314522,0.5225570578699437,0.5322710141350251
SKG_QA_269,2015,0.0715144872665405,0.7894736842105263,38.0,43,16,3.784189633918261,0.7894736834210526,0.07151459787911105,0.4182976047987725,0.465172441342048
SKG_MT_18,2015,0.0710490345954895,0.875,32.0,65,44,4.189654742026425,0.8749999991249999,0.07104914526401176,0.4631169981058426,0.512231357478689
SKG_MT_24,2015,0.056776225566864,0.7888888888888889,90.0,47,29,3.871201010907891,0.7888888880999999,0.0567763379511103,0.42791568795686175,0.4599465480261303
SKG_MT_1380,2015,0.0627304911613464,0.7608695652173914,46.0,14,20,2.70805020110221,0.7608695644565218,0.06273060282983474,0.29934306215594814,0.43546132957578954
SKG_MT_48,2015,0.059649109840393,0.5121951219512195,41.0,9,18,2.302585092994046,0.5121951214390243,0.05964922187929196,0.25452366884887795,0.30540961635611674
SKG_MT_1004,2015,0.0568362474441528,0.75,80.0,66,33,4.204692619390966,0.7499999992499999,0.05683635982118391,0.4647792583759052,0.44421246939106407
SKG_QA_352,2015,0.0594556927680969,0.7663551401869159,107.0,74,16,4.31748811353631,0.7663551394205607,0.05945580483024639,0.47724747207486773,0.45468463884986565
SKG_QA_356,2015,0.0735313296318054,0.9411764705882352,17.0,141,24,4.955827057601261,0.9411764696470586,0.07353144000193279,0.5478083258330528,0.5547816434076076
SKG_QA_328,2015,0.0775362253189086,0.7916666666666666,72.0,18,23,2.9444389791664403,0.7916666658749999,0.07753633520761037,0.325473058068228,0.4593951728273669
SKG_QA_446,2015,0.0667053461074829,0.7457627118644068,59.0,21,22,3.091042453358316,0.745762711118644,0.06670545729815681,0.3416783458688142,0.43373137306546616
SKG_MT_378,2015,0.0618726015090942,0.8695652173913043,46.0,14,45,2.70805020110221,0.869565216521739,0.061872713280708834,0.29934306215594814,0.48946599978874783
SKG_MT_384,2015,0.0705856084823608,0.7777777777777778,99.0,20,24,3.044522437723423,0.777777777,0.07058571920659118,0.336536105918453,0.45077678677448174
SKG_MT_971,2015,0.0488491058349609,0.807909604519774,177.0,4,35,1.6094379124341003,0.8079096037118644,0.04884921917212052,0.17790440991891962,0.4412849305166724
SKG_MT_976,2015,0.0829769968986511,0.7567567567567568,74.0,10,38,2.3978952727983707,0.756756756,0.08297710613332167,0.2650590869388559,0.43807512914721425
SKG_QA_423,2015,0.0659712553024292,0.8448275862068966,116.0,39,27,3.6888794541139363,0.8448275853620689,0.06597136658134764,0.40776218670879455,0.48957855798445293
SKG_SA_531,2015,0.0642005205154419,0.8888888888888888,90.0,24,30,3.2188758248682006,0.8888888879999999,0.06420063200721908,0.35580881983783924,0.5057055787866716
SKG_SA_535,2015,0.0664297938346862,0.7784810126582279,158.0,534,25,6.282266746896006,0.7784810118797468,0.06642990505848405,0.6944306145177548,0.4852555294150425
SKG_MT_699,2015,0.0749263763427734,0.8813559322033898,177.0,51,42,3.9512437185814275,0.8813559313220338,0.07492648654520323,0.43676346677887096,0.5143249069569853
SKG_SA_9,2015,0.0708433389663696,0.7786259541984732,131.0,66,29,4.204692619390966,0.7786259534198472,0.07084344965961839,0.4647792583759052,0.4641282824113615
SKG_MT_401,2015,0.0635916590690612,0.7333333333333333,45.0,414,20,6.028278520230698,0.7333333325999999,0.06359177063402917,0.6663552067979838,0.45873889523341
SKG_MT_405,2015,0.0650814175605773,0.7987421383647799,159.0,9,33,2.302585092994046,0.7987421375660377,0.06508152894646248,0.25452366884887795,0.45085604724649164
SKG_MT_165,2015,0.0610789060592651,0.7894736842105263,76.0,49,29,3.912023005428146,0.7894736834210526,0.061079017926289295,0.43242807876779754,0.4624112567578218
SKG_MT_171,2015,0.074833869934082,0.82,100.0,6,13,1.9459101490553132,0.8199999991799999,0.07483398014763196,0.2150974536814245,0.46144333701719514
SKG_MT_959,2015,0.0834827423095703,0.8014184397163121,141.0,612,24,6.418364935936212,0.8014184389148936,0.08348285148344557,0.7094746667456613,0.5050498267253911
SKG_QA_438,2015,0.077289879322052,0.7474747474747475,99.0,102,22,4.634728988229636,0.7474747467272727,0.07728998924036685,0.5123147152275538,0.4558848405825384
SKG_MT_428,2015,0.055914282798767,0.7063492063492064,126.0,6,34,1.9459101490553132,0.7063492056428571,0.05591439528662681,0.2150974536814245,0.3970501063042217
SKG_MT_429,2015,0.0665153264999389,0.8118811881188119,101.0,3,19,1.3862943611198906,0.8118811873069307,0.06651543771345493,0.15323851785991663,0.447870620524839
SKG_MT_437,2015,0.059130847454071,0.675,40.0,25,32,3.258096538021482,0.674999999325,0.05913095955526991,0.3601442078489126,0.39716680426949924
SKG_MT_441,2015,0.0712659955024719,0.7272727272727273,88.0,867,24,6.7661917146603505,0.7272727265454545,0.07126610614491345,0.7479228214367173,0.46693508787436433
SKG_DIA_300,2015,0.064845860004425,0.881578947368421,76.0,838,54,6.732210706467206,0.881578946486842,0.06484597141862639,0.7441666211109101,0.5411445239219626
SKG_MT_900,2015,0.0761153101921081,0.7714285714285715,35.0,20,20,3.044522437723423,0.7714285706571429,0.07611542025161705,0.336536105918453,0.44981406402106355
SKG_MT_471,2015,0.0623245239257812,0.7532467532467533,77.0,6,16,1.9459101490553132,0.7532467524935065,0.06232463564307057,0.2150974536814245,0.4230629758721239
SKG_DIA_275,2015,0.0668585896492004,0.7906976744186046,86.0,18,18,2.9444389791664403,0.7906976736279069,0.06685870082145302,0.325473058068228,0.45463962294935745
SKG_SA_107,2015,0.0544196963310241,0.8584905660377359,106.0,11,21,2.4849066497880004,0.8584905651792453,0.05441980899854707,0.27467717009694514,0.478480923198736
SKG_SA_114,2015,0.0685032606124877,0.75,76.0,14,19,2.70805020110221,0.7499999992499999,0.06850337158703561,0.29934306215594814,0.432335654475409
SKG_SA_65,2015,0.0944656133651733,1.0,4.0,21,12,3.091042453358316,0.9999999989999999,0.0944657212188056,0.3416783458688142,0.5719541225744036
SKG_SA_78,2015,0.0625654458999633,0.8461538461538461,39.0,28,21,3.367295829986474,0.8461538453076922,0.06256555758829162,0.372214903742496,0.48532463606341236
SKG_MT_1254,2015,0.0483636856079101,0.6385542168674698,83.0,4,37,1.6094379124341003,0.6385542162289155,0.04836379900342173,0.17790440991891962,0.35641306870771844
SKG_MT_1333,2015,0.0794529914855957,0.6619718309859155,71.0,12,11,2.5649493574615367,0.6619718303239436,0.0794531011438844,0.2835249489189543,0.391119650511421
SKG_MT_1346,2015,0.2423641085624694,0.8416666666666667,120.0,96,9,4.574710978503383,0.8416666658249999,0.2423641986373308,0.5056804309706926,0.5683470554645016
SKG_SA_143,2015,0.0633131861686706,0.8778625954198473,262.0,1512,56,7.321849713788356,0.8778625945419847,0.0633132977671136,0.8093442703089445,0.5451910434087323
SKG_SA_240,2015,0.0729665756225586,0.7777777777777778,99.0,247,32,5.5134287461649825,0.777777777,0.07296668606057465,0.609444626685251,0.4790200255927549
SKG_MT_854,2015,0.0659300088882446,0.7017543859649122,57.0,2,32,1.0986122886681098,0.7017543852631578,0.06593012017212124,0.12143865223702852,0.3893931059241303
SKG_MT_839,2015,0.0702255368232727,0.8104575163398693,153.0,5,15,1.791759469228055,0.8104575155294117,0.07022564759078705,0.19805791116698682,0.45312480791771936
SKG_SA_266,2015,0.0534203648567199,0.7818181818181819,220.0,18,59,2.9444389791664403,0.7818181810363636,0.053420477644371786,0.325473058068228,0.4448245873827533
SKG_SA_366,2015,0.0700693130493164,0.75,16.0,83,38,4.430816798843313,0.7499999992499999,0.0700694238356103,0.4897746237783696,0.45200523153708105
SKG_SA_313,2015,0.0602290034294128,0.8095238095238095,63.0,38,28,3.6635616461296463,0.8095238087142856,0.06022911539860317,0.4049636011559828,0.46934991063218234
SKG_SA_321,2015,0.0700603723526001,0.7608695652173914,92.0,16,22,2.833213344056216,0.7608695644565218,0.07006048313996874,0.31317837380034286,0.43977681286428266
SKG_SA_323,2015,0.0509363412857055,0.8387096774193549,93.0,245,38,5.5053315359323625,0.8387096765806451,0.05093645437196005,0.6085495754395369,0.5005843775830603
SKG_SA_334,2015,0.0719982981681823,0.7672413793103449,116.0,115,32,4.7535901911063645,0.7672413785431034,0.07199840872259429,0.5254534216024126,0.46496539492083067
SKG_SA_293,2015,0.0686338543891906,0.9043478260869564,115.0,91,26,4.5217885770490405,0.9043478251826085,0.06863396534803994,0.4998304826567576,0.529610546996196
SKG_SA_382,2015,0.0820465087890625,1.0,4.0,375,9,5.929589143389895,0.9999999989999999,0.08204661813558636,0.6554462582660237,0.5983632725808369
SKG_SA_393,2015,0.0573709607124328,0.7121212121212122,66.0,14,16,2.70805020110221,0.7121212114090909,0.05737107302518642,0.29934306215594814,0.4089433411302148
SKG_MT_108,2015,0.0761688947677612,0.7272727272727273,44.0,119,15,4.787491742782046,0.7272727265454545,0.07616900482082879,0.529200838945823,0.4470240490956411
SKG_MT_109,2015,0.0583323240280151,0.7755102040816326,49.0,1,34,0.6931471805599453,0.7755102033061223,0.05833243622520393,0.07661925892995831,0.4187500020361386
SKG_SA_401,2015,0.0782843828201294,0.8148148148148148,189.0,22,35,3.1354942159291497,0.8148148139999999,0.0782844926188957,0.34659196479684096,0.4733804005272423
SKG_MT_809,2015,0.0561224222183227,0.8628571428571429,175.0,8489,20,9.046644279305394,0.8628571419942856,0.056122534681162226,0.9999999998894618,0.5538775848585539
SKG_MT_810,2015,0.0566474795341491,0.8303571428571429,224.0,5,34,1.791759469228055,0.8303571420267857,0.056647591933871866,0.19805791116698682,0.45764339890364025
SKG_MT_815,2015,0.0528172254562377,0.8842975206611571,121.0,10,25,2.3978952727983707,0.8842975197768594,0.052817338316392536,0.2650590869388559,0.4897816039088723
SKG_SA_415,2015,0.061542809009552,0.8157894736842105,114.0,201,13,5.308267697401205,0.815789472868421,0.06154292082081076,0.5867664885373397,0.49118855361626873
SKG_MT_555,2015,0.0824602842330932,0.9090909090909092,11.0,95,18,4.564348191467836,0.9090909081818181,0.08246039352987743,0.50453494688682,0.5379831061915421
SKG_SA_432,2015,0.0776076316833496,0.8846153846153846,26.0,30,33,3.4339872044851463,0.8846153837307691,0.07760774156346767,0.3795868498953761,0.5113094734803092
SKG_SA_542,2015,0.0891655683517456,0.7272727272727273,33.0,29,26,3.4011973816621555,0.7272727265454545,0.08916567684249248,0.37596232108590644,0.43689886611831485
SKG_SA_545,2015,0.0676151514053344,0.7777777777777778,9.0,1,13,0.6931471805599453,0.777777777,0.06761526248664128,0.07661925892995831,0.4235969193876523
SKG_DIA_40,2015,0.0663868188858032,0.7586206896551724,29.0,3,20,1.3862943611198906,0.7586206888965517,0.06638693011476704,0.15323851785991663,0.4211889682801743
SKG_SA_509,2015,0.0741931796073913,0.8247422680412371,97.0,71,30,4.276666119016055,0.8247422672164947,0.07419328989795818,0.47273508126393193,0.4893219576938238
SKG_SA_437,2015,0.0721713304519653,0.7202380952380952,168.0,376,51,5.932245187448011,0.720238094517857,0.0721714409855772,0.6557398526614503,0.45456160891930447
SKG_SA_592,2015,0.0609121322631835,0.8541666666666666,48.0,8,14,2.1972245773362196,0.8541666658124999,0.06091224415025545,0.24287730447405703,0.4757359610137578
SKG_SA_596,2015,0.0794655084609985,0.776595744680851,94.0,266,16,5.58724865840025,0.7765957439042552,0.07946561811778254,0.6176045487456302,0.48184457407380366
SKG_SA_458,2015,0.066394031047821,0.8627450980392157,51.0,11,29,2.4849066497880004,0.8627450971764705,0.06639414227591788,0.27467717009694514,0.48539792250829694
SKG_SA_410,2015,0.0679977536201477,0.8518518518518519,27.0,163,31,5.099866427824199,0.8518518509999999,0.06799786465546225,0.5637301821324668,0.5094980895754315
SKG_SUM_136,2015,0.0746917724609375,0.8102189781021898,137.0,159,56,5.075173815233827,0.8102189772919708,0.07469188269156889,0.5610007045687111,0.49108631217948406
SKG_SUM_92,2015,0.0704717636108398,0.8539325842696629,89.0,69,27,4.248495242049359,0.8539325834157302,0.0704718743487554,0.46962112253030247,0.5021171537003974
SKG_SUM_64,2015,0.1123796701431274,0.7931034482758621,29.0,6,28,1.9459101490553132,0.7931034474827586,0.11237977584332393,0.2150974536814245,0.46301337944685134
SKG_SUM_190,2016,0.0535987615585327,0.8764044943820225,89.0,99,42,4.605170185988092,0.8764044935056179,0.05359887432473964,0.5090473376977559,0.5105465302524804
SKG_MT_673,2016,0.0756570100784301,0.7837837837837838,111.0,182,38,5.209486152841421,0.783783783,0.07565712019303099,0.5758473519493309,0.4797394747721455
SKG_SUM_217,2016,0.0784465074539184,0.8688524590163934,61.0,24,27,3.2188758248682006,0.8688524581475409,0.07844661723319582,0.35580881983783924,0.5013857579508327
SKG_MT_658,2016,0.0564092397689819,0.7294117647058823,170.0,445,31,6.100318952020064,0.7294117639764705,0.05640935219734329,0.6743184282486381,0.45470146569203634
SKG_SUM_197,2016,0.0809739232063293,0.9230769230769232,13.0,27,26,3.332204510175204,0.9230769221538463,0.0809740326817879,0.3683359715413411,0.5307616713037724
SKG_SUM_85,2016,0.0576114654541015,0.7980769230769231,104.0,922,25,6.827629234502852,0.7980769222788462,0.05761157773794422,0.7547140158220488,0.49755449381680567
SKG_SUM_78,2016,0.0664972066879272,0.8529411764705882,68.0,13,33,2.6390573296152584,0.8529411756176469,0.06649731790362141,0.29171671261138277,0.4822411862314103
SKG_SUM_128,2016,0.0700438618659973,0.8596491228070176,57.0,25,27,3.258096538021482,0.8596491219473683,0.07004397265535066,0.3601442078489126,0.49385657082071566
SKG_SA_617,2016,0.0657135248184204,0.8888888888888888,9.0,13,14,2.6390573296152584,0.8888888879999999,0.06571363612832043,0.29171671261138277,0.4999015697124664
SKG_SUM_108,2016,0.0262849926948547,0.7425742574257426,101.0,48,49,3.8918202981106265,0.7425742566831682,0.026285108744430002,0.430194907362849,0.42482066257564105
SKG_MT_1311,2016,0.0285307168960571,0.801980198019802,101.0,2,28,1.0986122886681098,0.8019801972178218,0.028530832675675525,0.12143865223702852,0.424546296902884
SKG_MT_1304,2016,0.0606485605239868,0.7246376811594203,69.0,14,34,2.70805020110221,0.7246376804347825,0.060648672442742524,0.29934306215594814,0.4165126154100831
SKG_MT_999,2016,0.0556730031967163,0.7946428571428571,112.0,21,41,3.091042453358316,0.7946428563482142,0.05567311571358016,0.3416783458688142,0.4537585090464206
SKG_MT_1219,2016,0.0623693466186523,0.6632653061224489,98.0,402,27,5.998936561946683,0.6632653054591836,0.06236945833055357,0.6631117988143304,0.42289161594324626
SKG_SA_463,2016,0.0573166012763977,0.6382978723404256,47.0,11,17,2.4849066497880004,0.6382978717021276,0.057316713595685825,0.27467717009694514,0.36954333829903263
SKG_SA_504,2016,0.0608576536178588,0.8432835820895522,134.0,20,42,3.044522437723423,0.8432835812462686,0.060857765511479596,0.336536105918453,0.4796385074195714
SKG_SA_497,2016,0.0503815412521362,0.8348623853211009,218.0,423,51,6.049733455231958,0.8348623844862385,0.05038165440508287,0.6687267972282572,0.5044565337279782
SKG_MT_698,2016,0.0407482385635376,0.7719298245614035,171.0,3,43,1.3862943611198906,0.7719298237894736,0.040748352874496595,0.15323851785991663,0.4175881048305271
SKG_SA_462,2016,0.0529884099960327,0.8064516129032258,155.0,21,11,3.091042453358316,0.8064516120967741,0.052988522835609564,0.3416783458688142,0.4585890497695123
SKG_MT_731,2016,0.0358026623725891,0.7073170731707317,82.0,160,39,5.081404364984463,0.7073170724634146,0.03580277727805223,0.5616894184782655,0.42414858899075475
SKG_DIA_86,2016,0.0623896718025207,0.7927927927927928,111.0,4,27,1.6094379124341003,0.792792792,0.0623897835119787,0.17790440991891962,0.43914275039668343
SKG_SA_493,2016,0.0625293850898742,0.8070175438596491,228.0,340,27,5.831882477283517,0.8070175430526315,0.06252949678253736,0.644645936834232,0.49298516392275393
SKG_DIA_153,2016,0.0611971616744995,0.8253968253968254,126.0,73,44,4.30406509320417,0.8253968245714285,0.06119727352730827,0.47576371523462563,0.4847536932201001
SKG_SA_385,2016,0.0666338205337524,0.0,129.0,126,24,4.844187086458591,0.0,0.06663393173302436,0.5354678415956312,0.08020035685277287
SKG_DIA_109,2016,0.0679143071174621,0.8586956521739131,92.0,60,0,4.110873864173311,0.8586956513152174,0.06791441816280769,0.45440869971230236,0.5019544628939621
SKG_SA_431,2016,0.0620402097702026,0.8333333333333334,54.0,4,16,1.6094379124341003,0.8333333325,0.062040321521669176,0.17790440991891962,0.4592732358505596
SKG_SA_427,2016,0.0497554540634155,0.7981651376146789,109.0,38,11,3.6635616461296463,0.7981651368165137,0.04975556729162365,0.4049636011559828,0.45948115544050455
SKG_SA_426,2016,0.0542491674423217,0.7578947368421053,95.0,5,45,1.791759469228055,0.7578947360842105,0.05424928013034382,0.19805791116698682,0.4204528712109415
SKG_MT_574,2016,0.0629630088806152,0.7751937984496124,129.0,191,32,5.2574953720277815,0.7751937976744185,0.06296312052115277,0.5811542058167783,0.47089756762734825
SKG_MT_2,2016,0.0515788793563842,0.8232558139534883,215.0,102,22,4.634728988229636,0.8232558131302324,0.05157899236539972,0.5123147152275538,0.4834909750340315
SKG_MT_1,2016,0.0581951141357421,0.8262108262108262,351.0,57,23,4.060443010546419,0.8262108253846153,0.058195226349424825,0.4488341626724543,0.481266919499323
SKG_MT_201,2016,0.0591543912887573,0.8045112781954887,133.0,199,36,5.298317366548036,0.8045112773909774,0.05915450338712602,0.5856665966277141,0.4844840997131105
SKG_MT_1190,2016,0.0545893907546997,0.8085106382978723,47.0,2,24,1.0986122886681098,0.8085106374893616,0.05458950340182383,0.12143865223702852,0.4382349853291132
SKG_SA_309,2016,0.0647317171096801,0.7941176470588235,102.0,11,29,2.4849066497880004,0.7941176462647058,0.06473182853760254,0.27467717009694514,0.45041927155708844
SKG_DIA_158,2016,0.0712078809738159,0.7555555555555555,90.0,69,35,4.248495242049359,0.7555555547999999,0.07120799162324337,0.46962112253030247,0.45322308630232755
SKG_SA_369,2016,0.0792735815048217,0.6404494382022472,89.0,3,7,1.3862943611198906,0.6404494375617977,0.07927369118467714,0.15323851785991663,0.36725804704076137
SKG_SA_354,2016,0.0633554458618164,0.7840909090909091,88.0,3,6,1.3862943611198906,0.784090908306818,0.0633555574551794,0.15323851785991663,0.43271152892147247
SKG_SA_252,2016,0.0706179738044738,0.7142857142857143,35.0,23,5,3.1780538303479458,0.7142857135714286,0.07061808452481357,0.35129642902690345,0.42051973349833005
SKG_SA_238,2016,0.0650508999824523,0.6792452830188679,106.0,2305,37,7.743269700829004,0.6792452823396226,0.06505101137200597,0.8559272876116236,0.45123577447977603
SKG_SA_275,2016,0.0666583180427551,0.7267441860465116,172.0,1027,48,6.93537044601511,0.7267441853197674,0.06665842923908222,0.7666235380906331,0.4666978181645799
SKG_SA_269,2016,0.0681542158126831,0.7974683544303798,79.0,37,12,3.6375861597263857,0.7974683536329114,0.06815432682918944,0.4020923169981863,0.46620513924795004
SKG_MT_513,2016,0.047369360923767,0.768,125.0,6,26,1.9459101490553132,0.7679999992319999,0.04736947443880568,0.2150974536814245,0.42445753475966463
SKG_DIA_204,2016,0.0666338205337524,0.8294573643410853,129.0,126,24,4.844187086458591,0.8294573635116279,0.06663393173302436,0.5354678415956312,0.49492903860858684
SKG_PAR_9,2016,0.0801770091056823,0.8048780487804879,41.0,14,11,2.70805020110221,0.8048780479756097,0.08017711867693737,0.29934306215594814,0.46444417767417456
SKG_PAR_7,2016,0.0762922167778015,0.8865248226950354,141.0,20,59,3.044522437723423,0.8865248218085106,0.07629232681604464,0.336536105918453,0.5074329522225185
SKG_PAR_36,2016,0.0682708024978637,0.837037037037037,135.0,6,23,1.9459101490553132,0.8370370361999999,0.06827091350035523,0.2150974536814245,0.4673366288682845
SKG_MT_1166,2016,0.076712965965271,0.8163265306122449,49.0,1,26,0.6931471805599453,0.8163265297959184,0.07671307595293618,0.07661925892995831,0.4465104211721295
SKG_MT_1160,2016,0.0540282130241394,0.8130841121495327,107.0,124,22,4.8283137373023015,0.8130841113364485,0.054028325738722294,0.533713229756759,0.48152470893938903
SKG_MT_215,2016,0.0578573942184448,0.725,80.0,50,27,3.9318256327243257,0.7249999992749999,0.0578575064727246,0.43461702603737135,0.4291047048303269
SKG_SA_160,2016,0.0575721859931945,0.7681159420289855,138.0,90,26,4.51085950651685,0.7681159412608695,0.05757229828175897,0.49862240260037877,0.4569491302031762
SKG_DIA_245,2016,0.0872243046760559,0.9444444444444444,18.0,73,10,4.30406509320417,0.9444444434999999,0.08722441340016067,0.47576371523462563,0.5546883586335268
SKG_SA_193,2016,0.0594085454940795,0.7352941176470589,68.0,60,32,4.110873864173311,0.7352941169117647,0.059408657561896526,0.45440869971230236,0.43685139145187124
SKG_SA_190,2016,0.0698505640029907,0.865979381443299,97.0,28,18,3.367295829986474,0.8659793805773196,0.06985067481558024,0.372214903742496,0.4981514505891415
SKG_DIA_267,2016,0.0559598207473754,0.8303571428571429,112.0,172,50,5.153291594497779,0.8303571420267857,0.05595993322976113,0.5696357052212753,0.4945261148274248
SKG_MT_901,2016,0.0840393304824829,0.7439024390243902,82.0,1,38,0.6931471805599453,0.7439024382804877,0.0840394395894511,0.07661925892995831,0.4132289208690202
SKG_MT_897,2016,0.0326648950576782,0.8666666666666667,105.0,51,23,3.9512437185814275,0.8666666658,0.032665010340330064,0.43676346677887096,0.4900756837140191
SKG_MT_895,2016,0.0615622401237487,0.8409090909090909,176.0,732,27,6.597145701886651,0.8409090900681818,0.061562351932671656,0.7292367752591624,0.5180031633330758
SKG_MT_459,2016,0.0529653429985046,0.7592592592592593,162.0,147,20,4.997212273764115,0.7592592585,0.052965455840854325,0.5523829741645838,0.4560541090028001
SKG_DIA_260,2016,0.0891437530517578,0.8333333333333334,12.0,24,40,3.2188758248682006,0.8333333325,0.08914386154512707,0.35580881983783924,0.4879050928518347
SKG_MT_1138,2016,0.0737776756286621,0.8775510204081632,49.0,5,13,1.791759469228055,0.8775510195306121,0.0737777859691764,0.19805791116698682,0.4880924152696753
SKG_MT_241,2016,0.0515787005424499,0.0211267605633802,142.0,102,22,4.634728988229636,0.021126760542253438,0.05157881355148691,0.5123147152275538,0.08242637721447686
SKG_MT_237,2016,0.0584962964057922,0.7959183673469388,49.0,8,28,2.1972245773362196,0.7959183665510203,0.05849640858327003,0.24287730447405703,0.44564547715622393
SKG_MT_230,2016,0.0543547868728637,0.6666666666666666,42.0,0,17,0.0,0.6666666659999999,0.05435489954818939,0.0,0.3550752928192757
SKG_SA_17,2016,0.0603054761886596,0.7709923664122137,131.0,185,46,5.225746673713202,0.7709923656412213,0.06030558814865724,0.577644761062363,0.46738289418630985
SKG_SA_8,2016,0.0719487071037292,0.7678018575851393,323.0,6,29,1.9459101490553132,0.7678018568173374,0.0719488176641025,0.2150974536814245,0.43419020084245213
SKG_SA_41,2016,0.055937647819519,0.7931034482758621,145.0,109,21,4.700480365792417,0.7931034474827586,0.05593776030457012,0.5195827557877338,0.47088510344198076
SKG_SA_26,2016,0.0669784545898437,0.8985507246376812,69.0,0,14,0.0,0.8985507237391304,0.06697856574768743,0.0,0.4760667881686402
SKG_MT_905,2016,0.0653390884399414,0.7525773195876289,97.0,38,25,3.6635616461296463,0.7525773188350515,0.06533919979485217,0.4049636011559828,0.4429206994510649
SKG_MT_431,2016,0.1231083869934082,1.0,2.0,25,16,3.258096538021482,0.9999999989999999,0.12310849140391346,0.3601442078489126,0.5852578168464566
SKG_SA_89,2016,0.0641745328903198,0.8947368421052632,95.0,8,13,2.1972245773362196,0.8947368412105262,0.06417464438522093,0.24287730447405703,0.49732600880675715
SKG_SA_85,2016,0.062421441078186,0.8095238095238095,105.0,49,19,3.912023005428146,0.8095238087142856,0.06242155278382503,0.43242807876779754,0.47297333334745256
SKG_QA_470,2016,0.1588285565376281,0.8392857142857143,112.0,67,31,4.219507705176107,0.8392857134464285,0.15882865665423765,0.46641689166025946,0.5298160085509352
SKG_DIA_310,2016,0.0687111020088195,0.8823529411764706,102.0,1047,56,6.954638864880987,0.8823529402941176,0.06871121295838295,0.7687534349085974,0.5455362988212717
SKG_MT_402,2016,0.0572742223739624,0.7651006711409396,149.0,15,22,2.772588722239781,0.7651006703758388,0.057274334698344864,0.30647703571983326,0.43610777263924067
SKG_PAR_110,2016,0.0574299097061157,0.8166666666666667,60.0,40,18,3.713572066704308,0.8166666658499999,0.0574300220117831,0.4104916642725502,0.4723545081569682
SKG_PAR_162,2016,0.076522946357727,0.9230769230769232,13.0,33,19,3.5263605246161616,0.9230769221538463,0.0765230563682343,0.38979763273030116,0.531127446897247
SKG_PAR_147,2016,0.0819347500801086,0.7083333333333334,24.0,33,14,3.5263605246161616,0.708333332625,0.0819348594400669,0.38979763273030116,0.42592037336155686
SKG_MT_1105,2016,0.0527690649032592,0.8314606741573034,89.0,95,39,4.564348191467836,0.8314606733258426,0.052769177769203375,0.50453494688682,0.48729150245928465
SKG_MT_247,2016,0.0629640817642211,0.8243243243243243,74.0,9,24,2.302585092994046,0.8243243235,0.06296419340462968,0.25452366884887795,0.4628002059967396
SKG_PAR_135,2016,0.0590742826461792,0.8217821782178217,202.0,39,36,3.6888794541139363,0.8217821773960395,0.05907439475417772,0.40776218670879455,0.4752970652705703
SKG_QA_376,2016,0.0595220327377319,0.826530612244898,98.0,108,42,4.6913478822291435,0.8265306114183673,0.059522144791906706,0.5185732672657684,0.48893149035252315
SKG_QA_375,2016,0.0641430020332336,0.7014218009478673,211.0,19,40,2.995732273553991,0.7014218002464455,0.06414311353192503,0.33114292777883625,0.40948243831387643
SKG_QA_366,2016,0.0608293414115905,0.7087378640776699,103.0,5,7,1.791759469228055,0.708737863368932,0.06082945330861468,0.19805791116698682,0.3985065041246105
SKG_QA_421,2016,0.0704249143600463,0.7678571428571429,112.0,17,23,2.8903717578961645,0.7678571420892857,0.07042502510359361,0.3194965634040153,0.4440482374264818
SKG_QA_419,2016,0.0525309443473815,0.5374149659863946,147.0,30,33,3.4339872044851463,0.5374149654489796,0.05253105724194998,0.3795868498953761,0.3276785906108074
SKG_QA_407,2016,0.0620242357254028,0.8205128205128205,117.0,13,38,2.6390573296152584,0.8205128196923076,0.0620243474787896,0.29171671261138277,0.46423782009880793
SKG_MT_960,2016,0.0613309741020202,0.7307692307692307,78.0,131,20,4.882801922586371,0.7307692300384614,0.06133108593874348,0.539736257035801,0.4438906750983082
SKG_MT_381,2016,0.0253340601921081,0.7745664739884393,173.0,40,34,3.713572066704308,0.7745664732138727,0.025334176355994307,0.4104916642725502,0.4384660735765891
SKG_QA_405,2016,0.0750465393066406,0.8043478260869565,92.0,74,40,4.31748811353631,0.8043478252826086,0.07504664949462572,0.47724747207486773,0.47991731964664136
SKG_QA_312,2016,0.0788822174072265,0.8,90.0,102,32,4.634728988229636,0.7999999992,0.07888232713412753,0.5123147152275538,0.4827844019764064
SKG_QA_340,2016,0.0756670236587524,0.902439024390244,41.0,50,57,3.9318256327243257,0.9024390234878049,0.07566713377214955,0.43461702603737135,0.5249480678564994
SKG_QA_337,2016,0.0559293627738952,0.7272727272727273,77.0,20,17,3.044522437723423,0.7272727265454545,0.05592947525994226,0.336536105918453,0.41966176396854943
SKG_QA_335,2016,0.0628441572189331,0.7299270072992701,137.0,125,44,4.836281906951478,0.729927006569343,0.06284426887375774,0.5345940170854399,0.4435606125427186
SKG_MT_994,2016,0.072394847869873,0.7448979591836735,98.0,643,34,6.467698726104354,0.7448979584387755,0.07239495837661604,0.7149279363381821,0.4728997562038524
SKG_MT_370,2016,0.0568192601203918,0.768595041322314,121.0,46,38,3.8501476017100584,0.768595040553719,0.05681937249946494,0.4255884814761487,0.4495841174242603
SKG_MT_365,2016,0.026400864124298,0.8455284552845529,123.0,16,34,2.833213344056216,0.8455284544390244,0.02640098015994448,0.31317837380034286,0.4646424566635243
SKG_MT_362,2016,0.0693145990371704,0.9285714285714286,56.0,2,20,1.0986122886681098,0.928571427642857,0.06931470991418791,0.12143865223702852,0.5041554630108065
SKG_MT_360,2016,0.0564475059509277,0.7142857142857143,119.0,16,0,2.833213344056216,0.7142857135714286,0.056447618374689146,0.31317837380034286,0.4110397415156242
SKG_QA_345,2016,0.0556730031967163,0.0,112.0,21,41,3.091042453358316,0.0,0.05567311571358016,0.3416783458688142,0.056437080872313486
SKG_PAR_182,2016,0.0641677975654602,0.7631578947368421,76.0,61,31,4.127134385045092,0.7631578939736842,0.064167909061171,0.4562061088253344,0.45286672149384394
SKG_PAR_175,2016,0.05207359790802,0.7017543859649122,57.0,40,32,3.713572066704308,0.7017543852631578,0.05207371085756576,0.4104916642725502,0.4127558434018602
SKG_PAR_173,2016,0.0651772618293762,0.7128712871287128,101.0,60,21,4.110873864173311,0.7128712864158415,0.06517737320374002,0.45440869971230236,0.427947462460647
SKG_PAR_172,2016,0.0737776756286621,0.0,49.0,5,13,1.791759469228055,0.0,0.0737777859691764,0.19805791116698682,0.04931690550436925
SKG_PAR_223,2016,0.061306357383728,0.8695652173913043,69.0,119,38,4.787491742782046,0.869565216521739,0.06130646922341044,0.529200838945823,0.5122252798448159
SKG_QA_182,2016,0.0686712265014648,0.8413461538461539,208.0,1378,69,7.229113877793302,0.8413461530048076,0.06867133745582166,0.7990934156139125,0.5280509530461237
SKG_QA_197,2016,0.0634139776229858,0.8372093023255814,43.0,11,27,2.4849066497880004,0.837209301488372,0.06341408920931273,0.27467717009694514,0.4714380034376056
SKG_QA_261,2016,0.063646912574768,0.7910447761194029,134.0,79,22,4.382026634673881,0.791044775328358,0.06364702413309399,0.48438144563875285,0.4694193418812919
SKG_MT_1029,2016,0.0719059109687805,0.5957446808510638,47.0,1,18,0.6931471805599453,0.5957446802553191,0.07190602153429829,0.07661925892995831,0.33429667463437474
SKG_MT_327,2016,0.0678237676620483,0.5454545454545454,55.0,7,9,2.0794415416798357,0.5454545449090908,0.06782387871827757,0.2298577767898749,0.3228426016208439
SKG_QA_253,2016,0.0617713928222656,0.7746478873239436,71.0,26,33,3.295836866004329,0.7746478865492957,0.06177150460604646,0.3643159567110855,0.448464140788175
SKG_QA_70,2016,0.0555428266525268,0.75,216.0,262,39,5.572154032177765,0.7499999992499999,0.05554293918503909,0.6159360155575457,0.45881077685477023
SKG_QA_63,2016,0.0652276277542114,0.7796610169491526,118.0,13,34,2.6390573296152584,0.7796610161694915,0.06522773912252076,0.29171671261138277,0.4450932749948923
SKG_QA_131,2016,0.0608293414115905,0.6428571428571429,14.0,5,7,1.791759469228055,0.6428571422142857,0.06082945330861468,0.19805791116698682,0.3655661435472874
SKG_QA_118,2016,0.0567203760147094,0.7898089171974523,157.0,12,36,2.5649493574615367,0.7898089164076433,0.05672048840566934,0.2835249489189543,0.44594514845798483
SKG_MT_312,2016,0.0336729884147644,0.7857142857142857,84.0,100,23,4.61512051684126,0.7857142849285713,0.033673103576234084,0.5101472296073815,0.45734110685551743
SKG_MT_1298,2016,0.0564896464347839,0.7935483870967742,155.0,37,38,3.6375861597263857,0.7935483863032258,0.05648975885347967,0.4020923169981863,0.45957932839282334
SKG_MT_1288,2016,0.0633198022842407,0.8260869565217391,92.0,257,32,5.552959584921617,0.8260869556956522,0.06331991388188837,0.6138142954300135,0.4997528729435828
SKG_MT_107,2016,0.0577180981636047,0.6710526315789473,76.0,2,24,1.0986122886681098,0.6710526309078947,0.05771821043462918,0.12143865223702852,0.3707574648515019
SKG_MT_103,2016,0.0352527499198913,0.9322033898305084,118.0,29,49,3.4011973816621555,0.932203388898305,0.035252864891459006,0.37596232108590644,0.5177990725143268
SKG_MT_1233,2016,0.0710900425910949,0.8089887640449438,89.0,75,36,4.330733340286331,0.8089887632359549,0.07109015325468764,0.4787115759281447,0.48080160051266696
SKG_MT_1230,2016,0.0339782834053039,0.8426395939086294,197.0,25,26,3.258096538021482,0.8426395930659898,0.0339783985300743,0.3601442078489126,0.47092557672991586
SKG_MT_1229,2016,0.060630977153778,0.7727272727272727,66.0,0,29,0.0,0.7727272719545454,0.060631089074647405,0.0,0.41061607160713165
SKG_MT_1264,2016,0.0525309443473815,0.0,147.0,30,33,3.4339872044851463,0.0,0.05253105724194998,0.3795868498953761,0.058971107886317604
SKG_MT_1314,2016,0.0512396097183227,0.7814207650273224,183.0,253,36,5.537334267018537,0.7814207642459016,0.051239722768121575,0.6120871005255895,0.4724149812827584
SKG_SA_566,2016,0.0536736249923706,0.8767123287671232,73.0,22,31,3.1354942159291497,0.8767123278904109,0.05367373774957826,0.34659196479684096,0.4944848555247208
SKG_DIA_15,2016,0.085522174835205,0.8227848101265823,79.0,95,43,4.564348191467836,0.8227848093037975,0.08552228376392157,0.50453494688682,0.4960548128461494
SKG_SA_594,2016,0.07322758436203,0.7794117647058824,68.0,125,42,4.836281906951478,0.7794117639264705,0.07322769476867039,0.5345940170854399,0.4724563615792474
SKG_SA_583,2016,0.0514163970947265,0.8947368421052632,38.0,118,10,4.77912349311153,0.8947368412105262,0.0514165101232739,0.5282758274817674,0.5207626074027494
SKG_SA_634,2016,0.0803850293159484,0.8390804597701149,87.0,583,25,6.369900982828227,0.8390804589310343,0.08038513886219752,0.7041175473977179,0.522106039750168
SKG_SA_622,2017,0.0656781196594238,0.8277777777777777,180.0,18,29,2.9444389791664403,0.8277777769499999,0.06567823097357986,0.325473058068228,0.4727074866712547
SKG_SA_630,2017,0.0638157129287719,0.7727272727272727,44.0,98,40,4.59511985013459,0.7727272719545454,0.06381582446680653,0.5079363914129128,0.4626836049052866
SKG_SA_578,2017,0.0680529475212097,0.8181818181818182,110.0,34,16,3.5553480614894135,0.8181818173636364,0.06805305854988943,0.3930018636003441,0.47561231846180835
SKG_SA_593,2017,0.0639327764511108,0.7888888888888889,90.0,190,28,5.25227342804663,0.7888888880999999,0.06393288797507331,0.5805769813986016,0.47807529737988946
SKG_DIA_21,2017,0.071248173713684,0.8488372093023255,86.0,44,35,3.8066624897703196,0.8488372084534882,0.0712482843582679,0.4207817143929766,0.4949960894093489
SKG_MT_636,2017,0.0526908636093139,0.7924528301886793,106.0,32,28,3.4965075614664802,0.7924528293962264,0.0526909764846586,0.38649773917588437,0.4559525792095651
SKG_MT_645,2017,0.0607522130012512,0.6857142857142857,140.0,32,36,3.4965075614664802,0.6857142850285713,0.06075232490754693,0.38649773917588437,0.4058078463948929
SKG_MT_650,2017,0.0658863186836242,0.7764705882352941,170.0,10,50,2.3978952727983707,0.7764705874588235,0.0658864299727528,0.2650590869388559,0.44109577441239844
SKG_DIA_24,2017,0.1148929595947265,0.8181818181818182,44.0,145,24,4.983606621708336,0.8181818173636364,0.11489306499280232,0.5508790295378013,0.5101360376327193
SKG_DIA_25,2017,0.062942624092102,0.7365269461077845,167.0,32,26,3.4965075614664802,0.7365269453712574,0.06294273573509,0.38649773917588437,0.4320903408972531
SKG_SA_537,2017,0.0569862127304077,0.6933333333333334,75.0,7,21,2.0794415416798357,0.69333333264,0.056986325089411594,0.2298577767898749,0.39244697403475215
SKG_MT_88,2017,0.0705410242080688,0.7432432432432432,74.0,16,34,2.833213344056216,0.7432432424999998,0.07054113493765864,0.31317837380034286,0.43115591260509767
SKG_MT_104,2017,0.0583264231681823,0.7245508982035929,167.0,53,52,3.9889840465642745,0.7245508974790419,0.05832653536608046,0.4409352156410438,0.4296995844500575
SKG_MT_1287,2017,0.0578359365463256,0.8074534161490683,161.0,28,33,3.367295829986474,0.8074534153416149,0.05783604880318481,0.372214903742496,0.46408261756633096
SKG_MT_123,2017,0.0555282831192016,0.7005988023952096,167.0,134,27,4.90527477843843,0.7005988016946106,0.055528395653462154,0.5422203666300052,0.4267327957716907
SKG_MT_136,2017,0.0466148257255554,0.7678571428571429,56.0,101,44,4.624972813284271,0.7678571420892857,0.04661493933129621,0.5112362849673296,0.4536981752738943
SKG_SUM_191,2017,0.0883601903915405,0.675,40.0,62,21,4.143134726391533,0.674999999325,0.08836029897910128,0.4579747581554815,0.4186415950696887
SKG_SUM_103,2017,0.0815318822860717,0.8333333333333334,18.0,9,17,2.302585092994046,0.8333333325,0.08153199169445845,0.25452366884887795,0.47473182981267115
SKG_QA_145,2017,0.0723853111267089,0.6627906976744186,86.0,9,46,2.302585092994046,0.6627906970116278,0.07238542163459834,0.25452366884887795,0.385801884044541
SKG_MT_1034,2017,0.0622327923774719,0.75,44.0,6,20,1.9459101490553132,0.7499999992499999,0.06223290410578826,0.2150974536814245,0.4214029066354577
SKG_MT_1037,2017,0.0473276376724243,0.7121951219512195,205.0,4,37,1.6094379124341003,0.7121951212390243,0.0473277511924785,0.17790440991891962,0.39281910208839554
SKG_QA_157,2017,0.0890499949455261,0.8220338983050848,118.0,18,14,2.9444389791664403,0.8220338974830508,0.08905010345016597,0.325473058068228,0.47918429592841455
SKG_QA_119,2017,0.05478036403656,0.664179104477612,134.0,179,54,5.19295685089021,0.6641791038134328,0.05478047666072737,0.5740202322528932,0.41140376579629667
SKG_QA_58,2017,0.0664647221565246,0.765625,128.0,21,35,3.091042453358316,0.765624999234375,0.06646483337612374,0.3416783458688142,0.44356626755451845
SKG_QA_42,2017,0.0629017949104309,0.7131147540983607,122.0,27,19,3.332204510175204,0.7131147533852459,0.06290190655832695,0.3683359715413411,0.4185517364700878
SKG_QA_46,2017,0.0524789690971374,0.6412213740458015,131.0,19,27,2.995732273553991,0.6412213734045801,0.052479081997953786,0.33114292777883625,0.3747166122793552
SKG_QA_47,2017,0.0314452052116394,0.7655172413793103,145.0,174,57,5.1647859739235145,0.765517240613793,0.03144532064090929,0.5709062735192638,0.4524273759151866
SKG_QA_4,2017,0.0639605522155761,0.7846153846153846,195.0,213,26,5.365976015021851,0.7846153838307691,0.0639606637361997,0.5931454635287935,0.4772065037627438
SKG_QA_24,2017,0.076948344707489,0.9,20.0,2,14,1.0986122886681098,0.8999999991,0.07694845466685947,0.12143865223702852,0.4929232466404466
SKG_MT_321,2017,0.0770670771598815,0.8041237113402062,97.0,27,40,3.332204510175204,0.8041237105360824,0.07706718710497923,0.3683359715413411,0.469722327264167
SKG_MT_333,2017,0.0347242355346679,0.6363636363636364,11.0,11,18,2.4849066497880004,0.6363636357272726,0.034724350569767935,0.27467717009694514,0.359539275101238
SKG_MT_338,2017,0.0614315271377563,0.8278688524590164,122.0,36,32,3.6109179126442243,0.8278688516311475,0.06143163896239217,0.39914445630466727,0.4784215270309974
SKG_MT_1013,2017,0.0583688616752624,0.7874564459930313,287.0,72,39,4.290459441148391,0.7874564452055748,0.05836897386805907,0.474259770607843,0.4645017892107953
SKG_MT_351,2017,0.0579169988632202,0.6759259259259259,108.0,75,25,4.330733340286331,0.67592592525,0.05791711111033497,0.4787115759281447,0.4090009646619484
SKG_QA_235,2017,0.0703362226486206,0.8194444444444444,72.0,12,13,2.5649493574615367,0.8194444436249999,0.07033633340282948,0.2835249489189543,0.4662092500655272
SKG_QA_242,2017,0.0524142980575561,0.7522935779816514,109.0,10,43,2.3978952727983707,0.7522935772293577,0.05241441096614654,0.2650590869388559,0.4236184616950231
SKG_QA_223,2017,0.0576156377792358,0.7619047619047619,63.0,21,9,3.091042453358316,0.761904761142857,0.057615750062576965,0.3416783458688142,0.4381665151833407
SKG_QA_172,2017,0.0343810319900512,0.6090909090909091,110.0,91,31,4.5217885770490405,0.6090909084818181,0.034381147066407484,0.4998304826567576,0.3682809613331478
SKG_QA_175,2017,0.0656197667121887,0.8173076923076923,104.0,30,48,3.4339872044851463,0.8173076914903845,0.06561987803335934,0.3795868498953761,0.4728604819480736
SKG_QA_26,2017,0.0607736706733703,0.8,15.0,43,27,3.784189633918261,0.7999999992,0.06077378257708662,0.4182976047987725,0.4661392731107119
SKG_PAR_203,2017,0.08868408203125,0.0,72.0,1,25,0.6931471805599453,0.0,0.088684190579876,0.07661925892995831,0.043135602124946236
SKG_PAR_210,2017,0.0545981526374816,0.7258064516129032,62.0,58,16,4.07753744390572,0.7258064508870967,0.054598265283552466,0.45072375099157447,0.4298149066561268
SKG_PAR_224,2017,0.0566219091415405,0.7328767123287672,146.0,14,19,2.70805020110221,0.7328767115958904,0.05662202154433706,0.29934306215594814,0.4190214706312748
SKG_MT_1056,2017,0.1222835779190063,0.824,125.0,187,22,5.236441962829949,0.8239999991759999,0.12228368242866126,0.5788269993360653,0.518796172493071
SKG_MT_1063,2017,0.0491365194320678,0.773109243697479,119.0,52,29,3.970291913552122,0.7731092429243697,0.04913663273467764,0.4388690204383823,0.4500961765998941
SKG_PAR_176,2017,0.0657976269721984,0.796875,64.0,9,12,2.302585092994046,0.796874999203125,0.06579773827198858,0.25452366884887795,0.4502089617952457
SKG_PAR_177,2017,0.0551767349243164,0.7664233576642335,137.0,33,18,3.5263605246161616,0.7664233568978102,0.05517684750083631,0.38979763273030116,0.4442621807222697
SKG_PAR_180,2017,0.050319492816925,0.7808219178082192,73.0,6,30,1.9459101490553132,0.7808219170273972,0.05031960597733046,0.2150974536814245,0.4320485462727732
SKG_PAR_183,2017,0.0625877380371093,0.7808219178082192,73.0,106,22,4.672828834461906,0.7808219170273972,0.0625878497227579,0.5165262045988351,0.4670987188626853
SKG_PAR_186,2017,0.0506795644760131,0.7160493827160493,162.0,101,63,4.624972813284271,0.7160493819999999,0.05067967759313461,0.5112362849673296,0.4294201905339868
SKG_MT_363,2017,0.0586393475532531,0.6075949367088608,79.0,17,25,2.8903717578961645,0.6075949361012658,0.058639459713534854,0.3194965634040153,0.35920290827644835
SKG_MT_995,2017,0.0519558787345886,0.7560975609756098,123.0,7,28,2.0794415416798357,0.7560975602195121,0.0519559916982853,0.2298577767898749,0.42181695446805767
SKG_QA_341,2017,0.0561918020248413,0.8242424242424242,165.0,1400,43,7.244941546337007,0.8242424234181818,0.05619191447934073,0.8008429779989574,0.514682275300723
SKG_QA_272,2017,0.061024785041809,0.7763157894736842,152.0,720,46,6.580639137284949,0.7763157886973683,0.06102489691533904,0.7274121689089783,0.4853090700057176
SKG_QA_277,2017,0.0687677264213562,0.7380952380952381,126.0,302,36,5.713732805509369,0.7380952373571429,0.06876783736411288,0.6315858818444099,0.4597133418086576
SKG_QA_288,2017,0.0923234820365905,0.9285714285714286,28.0,46,19,3.8501476017100584,0.928571427642857,0.09232359014772687,0.4255884814761487,0.5437739980281342
SKG_QA_442,2017,0.0749377012252807,0.8222222222222222,45.0,9,24,2.302585092994046,0.8222222213999999,0.07493781142634919,0.25452366884887795,0.4665386021554274
SKG_QA_445,2017,0.0459352731704711,0.7317073170731707,41.0,9,14,2.302585092994046,0.7317073163414634,0.045935386857900426,0.25452366884887795,0.40968017979877963
SKG_QA_455,2017,0.073185920715332,0.7407407407407407,81.0,5,0,1.791759469228055,0.7407407399999999,0.07318603112698074,0.19805791116698682,0.41945057356749094
SKG_MT_382,2017,0.0675336718559265,0.7368421052631579,133.0,217,61,5.384495062789089,0.7368421045263157,0.06753378294702797,0.5951925261957267,0.4549538180615417
SKG_MT_982,2017,0.062301754951477,0.8159340659340659,364.0,429,46,6.063785208687608,0.8159340651181318,0.06230186667150342,0.6702800531119046,0.49991578453885777
SKG_QA_399,2017,0.0564187169075012,0.7375886524822695,141.0,6,19,1.9459101490553132,0.7375886517446807,0.05641882933472336,0.2150974536814245,0.41287160297437214
SKG_QA_369,2017,0.0615957975387573,0.7674418604651163,43.0,65,11,4.189654742026425,0.7674418596976744,0.061595909343646345,0.4631169981058426,0.45467099339688
SKG_PAR_194,2017,0.0880347490310669,0.8333333333333334,12.0,15,28,2.772588722239781,0.8333333325,0.08803485765774874,0.30647703571983326,0.4825283128850828
SKG_PAR_197,2017,0.0606066584587097,0.6907216494845361,97.0,77,59,4.356708826689592,0.6907216487938144,0.06060677038250244,0.4815828600859411,0.4177618185585023
SKG_PAR_143,2017,0.063991904258728,0.7559523809523809,168.0,32,39,3.4965075614664802,0.7559523801964285,0.06399201577558279,0.38649773917588437,0.4422227703260358
SKG_MT_1099,2017,0.0608440637588501,0.7681159420289855,69.0,14,24,2.70805020110221,0.7681159412608695,0.060844175654104514,0.29934306215594814,0.43832994710767137
SKG_MT_1103,2017,0.0344389081001281,0.7965116279069767,172.0,17,34,2.8903717578961645,0.796511627110465,0.034439023169527135,0.3194965634040153,0.44398107916344487
SKG_PAR_156,2017,0.1761913299560547,0.8192771084337349,83.0,8,26,2.1972245773362196,0.8192771076144577,0.17619142798549783,0.24287730447405703,0.5044028554488337
SKG_PAR_112,2017,0.0455307960510253,0.6777777777777778,180.0,60,54,4.110873864173311,0.6777777771,0.04553090978707653,0.45440869971230236,0.40254212243606086
SKG_PAR_115,2017,0.0609654188156127,0.7192982456140351,114.0,13,0,2.6390573296152584,0.7192982448947368,0.060965530696279115,0.29171671261138277,0.4132070059870183
SKG_PAR_118,2017,0.0583569407463073,0.8360655737704918,61.0,11,25,2.4849066497880004,0.8360655729344262,0.05835705294053697,0.27467717009694514,0.4688433246531224
SKG_PAR_122,2017,0.0493591427803039,0.6545454545454545,55.0,30,17,3.4339872044851463,0.654545453890909,0.049359256056152344,0.3795868498953761,0.384975114357453
SKG_SA_21,2017,0.0550629496574401,0.7350993377483444,151.0,8,8,2.1972245773362196,0.7350993370132449,0.05506306224763805,0.24287730447405703,0.41386262385308337
SKG_MT_397,2017,0.0615102052688598,0.7699115044247787,113.0,143,38,4.969813299576001,0.7699115036548672,0.06151031708403783,0.5493543401938903,0.46449531268043776
SKG_MT_400,2017,0.0555645823478698,0.7975460122699386,163.0,16,9,2.833213344056216,0.7975460114723926,0.05556469487776685,0.31317837380034286,0.45231672106733734
SKG_MT_408,2017,0.0519970655441284,0.7853658536585366,205.0,40,40,3.713572066704308,0.7853658528731707,0.05199717850287406,0.4104916642725502,0.45453096426499
SKG_MT_934,2017,0.056065559387207,0.7907949790794979,239.0,0,14,0.0,0.7907949782887028,0.05606567185688196,0.0,0.4178237578871042
SKG_MT_939,2017,0.0695029497146606,0.7017543859649122,114.0,6,24,1.9459101490553132,0.7017543852631578,0.06950306056903661,0.2150974536814245,0.400188162227336
SKG_DIA_303,2017,0.078973650932312,0.863013698630137,73.0,37,39,3.6375861597263857,0.8630136977671232,0.07897376064822188,0.4020923169981863,0.503305584842669
SKG_DIA_306,2017,0.0332067608833313,0.875,16.0,299,41,5.703782474656201,0.8749999991249999,0.03320687610084586,0.6304859899347843,0.5138313489963168
SKG_DIA_307,2017,0.0686113238334655,0.7638888888888888,72.0,28,0,3.367295829986474,0.7638888881249999,0.06861143479502323,0.372214903742496,0.44661050835475885
SKG_QA_462,2017,0.0512105822563171,0.7777777777777778,81.0,114,45,4.74493212836325,0.777777777,0.05121069530960534,0.5244963747157606,0.46182280409541815
SKG_QA_471,2017,0.0655819773674011,0.7619047619047619,105.0,19,28,2.995732273553991,0.761904761142857,0.06558208869311435,0.33114292777883625,0.4402995088265579
SKG_QA_472,2017,0.0698382258415222,0.5918367346938775,49.0,4,8,1.6094379124341003,0.5918367341020407,0.06983833665559491,0.17790440991891962,0.3416441427051503
SKG_QA_431,2017,0.08868408203125,0.8472222222222222,72.0,1,25,0.6931471805599453,0.8472222213749999,0.088684190579876,0.07661925892995831,0.46674671281244623
SKG_SA_108,2017,0.058930218219757,0.6451612903225806,31.0,6,10,1.9459101490553132,0.6451612896774193,0.058930330345073396,0.2150974536814245,0.3676625223448814
SKG_SA_116,2017,0.0643475651741027,0.723404255319149,188.0,112,34,4.727387818712341,0.7234042545957446,0.06434767664820375,0.5225570578699437,0.43969690374414816
SKG_MT_427,2017,0.0587636232376098,0.8153846153846154,65.0,1,28,0.6931471805599453,0.8153846145692307,0.058763735382952466,0.07661925892995831,0.4388597273307922
SKG_MT_910,2017,0.0850166082382202,0.0,4.0,65,40,4.189654742026425,0.0,0.08501671722771056,0.4631169981058426,0.08031838670166849
SKG_MT_911,2017,0.0285573005676269,1.0,9.0,19,28,2.995732273553991,0.9999999989999999,0.028557416344049718,0.33114292777883625,0.5445372588155034
SKG_MT_924,2017,0.0622884035110473,0.7880184331797235,217.0,123,23,4.820281565605037,0.788018432391705,0.062288515232678685,0.5328253677552928,0.47220715906445326
SKG_MT_448,2017,0.0592609643936157,0.5607476635514018,107.0,9,19,2.302585092994046,0.5607476629906541,0.05926107647917334,0.25452366884887795,0.3295306289718842
SKG_DIA_302,2017,0.0735713839530944,0.8947368421052632,38.0,41,5,3.7376696182833684,0.8947368412105262,0.07357149431840689,0.4131553648484113,0.518112554817467
SKG_PAR_125,2017,0.0547629594802856,0.74,150.0,7,23,2.0794415416798357,0.7399999992599999,0.05476307210654516,0.2298577767898749,0.41489100615160557
SKG_PAR_126,2017,0.0523236393928527,0.7555555555555555,180.0,32,20,3.4965075614664802,0.7555555547999999,0.052323752312341154,0.38649773917588437,0.43735705224252486
SKG_MT_246,2017,0.0620139241218566,0.717391304347826,92.0,68,48,4.23410650459726,0.7173913036304347,0.06201403587648295,0.4680306170338695,0.4303043278691975
SKG_PAR_90,2017,0.0714775323867797,0.6470588235294118,17.0,37,29,3.6375861597263857,0.647058822882353,0.07147764300379256,0.4020923169981863,0.39232970034251213
SKG_PAR_92,2017,0.0653026700019836,0.7456140350877193,114.0,29,39,3.4011973816621555,0.7456140343421052,0.0653027813612722,0.37596232108590644,0.4365243618241521
SKG_PAR_95,2017,0.0569425821304321,0.773972602739726,146.0,25,25,3.258096538021482,0.7739726019657533,0.0569426944946808,0.3601442078489126,0.44577779956564023
SKG_PAR_105,2017,0.0698511004447937,0.7307692307692307,78.0,17,0,2.8903717578961645,0.7307692300384614,0.06985121125731876,0.3194965634040153,0.42527475586255975
SKG_PAR_63,2017,0.0787785649299621,0.7476635514018691,107.0,17,23,2.8903717578961645,0.7476635506542055,0.07877867466932313,0.3194965634040153,0.43729290153523354
SKG_PAR_65,2017,0.0561978220939636,0.725,40.0,4,23,1.6094379124341003,0.7249999992749999,0.05619793454773936,0.17790440991891962,0.4027696144484877
SKG_PAR_72,2017,0.0613576769828796,0.7945945945945946,185.0,25,33,3.258096538021482,0.7945945938,0.06135778881639294,0.3601442078489126,0.45785483321144843
SKG_PAR_74,2017,0.0648325085639953,0.6590909090909091,44.0,1,40,0.6931471805599453,0.6590909084318181,0.06483261997980166,0.07661925892995831,0.36314042810082553
SKG_PAR_75,2017,0.0796493291854858,0.7407407407407407,27.0,563,35,6.335054251498059,0.7407407399999999,0.07964943882017289,0.7002656515730938,0.4722567106853785
SKG_SA_131,2017,0.0377668142318725,0.0,197.0,839,46,6.733401891837359,0.0,0.037766928901226356,0.7442982926272476,0.08953660082321531
SKG_SA_140,2017,0.0577894449234008,0.9230769230769232,39.0,16,13,2.833213344056216,0.9230769221538463,0.05778955718584874,0.31317837380034286,0.5159721213312969
SKG_SA_149,2017,0.0703272819519043,0.7431693989071039,183.0,172,47,5.153291594497779,0.7431693981639345,0.07032739270718792,0.5696357052212753,0.4566792266869699
SKG_SA_152,2017,0.0618047714233398,0.8113207547169812,53.0,41,28,3.7376696182833684,0.8113207539056604,0.06180488320310825,0.4131553648484113,0.47169786671891467
SKG_MT_460,2017,0.0755549669265747,0.8363636363636363,55.0,29,24,3.4011973816621555,0.8363636355272726,0.0755550770534421,0.37596232108590644,0.4860000806936038
SKG_MT_465,2017,0.063604712486267,0.8380952380952381,105.0,13,17,2.6390573296152584,0.8380952372571429,0.06360482404966585,0.29171671261138277,0.47366121950957607
SKG_MT_872,2017,0.0478217005729675,0.7642276422764228,123.0,115,33,4.7535901911063645,0.7642276415121951,0.047821814033630755,0.5254534216024126,0.45378788852979113
SKG_MT_873,2017,0.0553693771362304,0.7078651685393258,178.0,62,29,4.143134726391533,0.7078651678314606,0.055369489689592925,0.4579747581554815,0.4218778556071156
SKG_MT_475,2017,0.0608977079391479,0.5991379310344828,232.0,151,59,5.0238805208462765,0.5991379304353448,0.06089781982795379,0.555330834858103,0.3794611766346642
SKG_SA_100,2017,0.0487273931503295,0.6148648648648649,148.0,1,14,0.6931471805599453,0.61486486425,0.048727506502120106,0.07661925892995831,0.3345853606188439
SKG_SA_253,2017,0.0652139782905578,0.8142857142857143,70.0,15,12,2.772588722239781,0.8142857134714285,0.06521408966050797,0.30647703571983326,0.4638761961719008
SKG_MT_861,2017,0.0573611259460449,0.7692307692307693,117.0,0,17,0.0,0.7692307684615385,0.05736123825998075,0.0,0.4075598795347615
SKG_MT_870,2017,0.0483830571174621,0.6914893617021277,94.0,5,22,1.791759469228055,0.6914893610106383,0.0483831705106451,0.19805791116698682,0.38490373982627585
SKG_MT_494,2017,0.0611588358879089,0.6804123711340206,97.0,38,43,3.6635616461296463,0.6804123704536083,0.061158947745324786,0.4049636011559828,0.4051661244405323
SKG_DIA_216,2017,0.0792999267578125,0.7830188679245284,106.0,765,61,6.641182169740591,0.7830188671415094,0.07930003643450101,0.7341044882463755,0.49663989696919264
SKG_DIA_228,2017,0.0589709281921386,0.7692307692307693,26.0,29,23,3.4011973816621555,0.7692307684615385,0.05897104031256129,0.37596232108590644,0.4458000324643844
SKG_DIA_235,2017,0.0686556696891784,0.7157894736842105,95.0,25,19,3.258096538021482,0.715789472968421,0.06865578064540533,0.3601442078489126,0.4213714695272639
SKG_DIA_251,2017,0.0614361763000488,0.8205128205128205,117.0,73,43,4.30406509320417,0.8205128196923076,0.0614362881241258,0.47576371523462563,0.4824072966192667
SKG_DIA_256,2017,0.0787237286567688,0.8387096774193549,31.0,50,31,3.9318256327243257,0.8387096765806451,0.07872383840272165,0.43461702603737135,0.49430607625514833
SKG_SA_163,2017,0.0714482069015502,0.7555555555555555,45.0,46,52,3.8501476017100584,0.7555555547999999,0.07144831752208824,0.4255884814761487,0.4489159525564501
SKG_SA_184,2017,0.0628646612167358,0.7849462365591398,93.0,3,10,1.3862943611198906,0.7849462357741934,0.06286477286909566,0.15323851785991663,0.43294287882072663
SKG_SA_185,2017,0.0603128671646118,0.8235294117647058,34.0,7,8,2.0794415416798357,0.8235294109411764,0.06031297912372098,0.2298577767898749,0.4588756747990641
SKG_MT_211,2017,0.0511229634284973,0.780952380952381,105.0,2,15,1.0986122886681098,0.7809523801714285,0.05112307649231814,0.12143865223702852,0.4230692859063444
SKG_MT_216,2017,0.0494052171707153,0.5666666666666667,120.0,2,20,1.0986122886681098,0.5666666660999999,0.04940533044102517,0.12143865223702852,0.31523933045011293
SKG_MT_1153,2017,0.0662688016891479,0.660377358490566,106.0,228,2,5.43372200355424,0.6603773578301886,0.0662689129322985,0.6006339848449098,0.4167596425725047
SKG_MT_1156,2017,0.0604248046875,0.6358695652173914,184.0,185,55,5.225746673713202,0.6358695645815218,0.06042491663315325,0.577644761062363,0.3998692250502585
SKG_PAR_78,2017,0.0544532537460327,0.7804878048780488,82.0,7,18,2.0794415416798357,0.7804878040975609,0.05445336640952176,0.2298577767898749,0.4350110262915766
SKG_PAR_28,2017,0.0714775323867797,0.8392857142857143,56.0,37,29,3.6375861597263857,0.8392857134464285,0.07147764300379256,0.4020923169981863,0.48844314562454993
SKG_PAR_29,2017,0.0786922574043273,0.7931034482758621,58.0,23,28,3.1780538303479458,0.7931034474827586,0.07869236715406329,0.35129642902690345,0.463158313505695
SKG_PAR_44,2017,0.0536098480224609,0.7878787878787878,66.0,5,12,1.791759469228055,0.787878787090909,0.05360996078733515,0.19805791116698682,0.4351891689770872
SKG_PAR_46,2017,0.0512486696243286,0.8125,16.0,10,26,2.3978952727983707,0.8124999991874999,0.05124878267303839,0.2650590869388559,0.45325542135685093
SKG_PAR_57,2017,0.0610187649726867,0.7640449438202247,89.0,43,23,3.784189633918261,0.7640449430561796,0.061018876846940406,0.4182976047987725,0.4482597827467432
SKG_SA_258,2017,0.0749793052673339,0.9545454545454546,22.0,21,7,3.091042453358316,0.954545453590909,0.07497941546340119,0.3416783458688142,0.5414323275676964
SKG_SA_261,2017,0.0500124096870422,0.8222222222222222,45.0,73,20,4.30406509320417,0.8222222213999999,0.05001252288436191,0.47576371523462563,0.47869249137720726
SKG_MT_497,2017,0.0568798780441284,0.6923076923076923,91.0,18,18,2.9444389791664403,0.6923076916153845,0.056879990415914704,0.325473058068228,0.4014531477808809
SKG_MT_842,2017,0.0610553622245788,0.7265625,128.0,5,21,1.791759469228055,0.7265624992734374,0.06105547409443318,0.19805791116698682,0.40750923039119064
SKG_MT_517,2017,0.0266424417495727,0.6950354609929078,141.0,49,16,3.912023005428146,0.6950354602978723,0.026642557756179307,0.43242807876779754,0.40141756112818766
SKG_MT_533,2017,0.0492851138114929,0.6,90.0,3,12,1.3862943611198906,0.5999999993999999,0.04928522709624031,0.15323851785991663,0.33503794232448775
SKG_SA_227,2017,0.0743881464004516,0.53125,96.0,57,40,4.060443010546419,0.53124999946875,0.07438825666758167,0.4488341626724543,0.3402637186686531
SKG_SA_228,2017,0.0485102534294128,0.8205128205128205,39.0,25,44,3.258096538021482,0.8205128196923076,0.04851036680730562,0.3601442078489126,0.4656749773539673
SKG_SA_247,2017,0.0567418336868286,0.7666666666666667,120.0,84,40,4.442651256490317,0.7666666659,0.05674194607520912,0.4910827837192625,0.45513838975200993
SKG_SA_249,2017,0.065258502960205,0.725925925925926,135.0,23,38,3.1780538303479458,0.7259259252,0.06525861432480287,0.35129642902690345,0.42419605123261145
SKG_MT_819,2017,0.0516336560249328,0.7833333333333333,120.0,129,27,4.867534450455582,0.7833333325499999,0.051633769027363656,0.5380486177678322,0.46612503566272867
SKG_MT_781,2017,0.0582726597785949,0.7010869565217391,184.0,220,24,5.3981627015177525,0.7010869558206522,0.058272771982955926,0.596703322719297,0.43352291897543815
SKG_SA_353,2017,0.0658761262893676,0.7421383647798742,159.0,113,48,4.736198448394496,0.7421383640377357,0.06587623757972143,0.5235309692352149,0.44977277397427795
SKG_SA_364,2017,0.0836442708969116,0.8194444444444444,72.0,27,43,3.332204510175204,0.8194444436249999,0.08364438005136964,0.3683359715413411,0.4800135709871819
SKG_SA_370,2017,0.0804530382156372,0.5,10.0,18,13,2.9444389791664403,0.49999999949999996,0.080453147753711,0.325473058068228,0.3147285646583072
SKG_SA_316,2017,0.0567535161972045,0.6911764705882353,68.0,17,16,2.8903717578961645,0.6911764698970587,0.056753628584180676,0.3194965634040153,0.40023934272260314
SKG_SA_319,2017,0.0585948824882507,0.8620689655172413,29.0,11,19,2.4849066497880004,0.8620689646551722,0.05859499465387757,0.27467717009694514,0.4819401971988317
SKG_SA_331,2017,0.0587102770805358,0.75177304964539,141.0,25,25,3.258096538021482,0.751773048893617,0.05871038923229117,0.3601442078489126,0.4353851009246162
SKG_DIA_162,2017,0.0744436383247375,0.7635135135135135,148.0,51,29,3.9512437185814275,0.7635135127499999,0.07444374858519691,0.43676346677887096,0.4552106024869658
SKG_DIA_167,2017,0.0714602470397949,0.6571428571428571,70.0,12,15,2.5649493574615367,0.6571428564857142,0.07146035765888561,0.2835249489189543,0.3855080661983068
SKG_SA_289,2017,0.059229552745819,0.8346774193548387,248.0,12,46,2.5649493574615367,0.8346774185201613,0.059229664835152615,0.2835249489189543,0.46938307008603714
SKG_SA_305,2017,0.0836753845214843,0.8333333333333334,30.0,30,17,3.4339872044851463,0.8333333325,0.0836754936722022,0.3795868498953761,0.4880955487084184
SKG_MT_1222,2017,0.058487594127655,0.86,50.0,0,30,0.0,0.8599999991399999,0.05848770630617892,0.0,0.45339508209247154
SKG_MT_1189,2017,0.0625936388969421,0.7364864864864865,148.0,1,21,0.6931471805599453,0.73648648575,0.06259375058188135,0.07661925892995831,0.4009426690007484
SKG_MT_203,2017,0.0459111928939819,0.7686567164179104,134.0,18,47,2.9444389791664403,0.7686567156492536,0.0459113065843059,0.325473058068228,0.43524018626517197
SKG_PAR_18,2017,0.0615094304084777,0.7297297297297297,37.0,22,26,3.1354942159291497,0.7297297289999999,0.061509542223748874,0.34659196479684096,0.42412787786918354
SKG_NLI_2,2017,0.0864670872688293,0.7734806629834254,181.0,2051,48,7.62657020629066,0.7734806622099447,0.08646719608395864,0.8430275326392301,0.5056299628024788
SKG_MT_1444,2017,0.049380600452423,0.7604166666666666,96.0,60,30,4.110873864173311,0.7604166659062499,0.049380713725692034,0.45440869971230236,0.445401488414632
SKG_MT_1451,2017,0.0536209344863891,0.6940298507462687,134.0,13,28,2.6390573296152584,0.6940298500522387,0.05362104724993065,0.29171671261138277,0.3976350151872299
SKG_MT_1466,2017,0.0665485262870788,0.8387096774193549,31.0,55,47,4.02535169073515,0.8387096765806451,0.06654863749660392,0.4449552304712995,0.49046981633609404
SKG_MT_1467,2017,0.0536149144172668,0.6335078534031413,191.0,39,23,3.6888794541139363,0.6335078527696334,0.053615027181532014,0.40776218670879455,0.37897615592830897
SKG_MT_1432,2017,0.0575386881828308,0.7303370786516854,89.0,147,35,4.997212273764115,0.7303370779213483,0.057538800475422015,0.5523829741645838,0.44342235656730133
SKG_MT_1416,2017,0.0509597659111022,0.7483870967741936,155.0,105,36,4.663439094112067,0.7483870960258064,0.050959878994540894,0.5154882793683405,0.44612632754755366
SKG_MT_25,2017,0.0583981275558471,0.6782608695652174,115.0,1,29,0.6931471805599453,0.6782608688869565,0.058398239745125737,0.07661925892995831,0.3701516562345244
SKG_SA_419,2017,0.0627272725105285,0.8703703703703703,162.0,157,41,5.062595033026967,0.8703703694999999,0.06272738417940375,0.559610268312226,0.516237165252984
SKG_SA_421,2017,0.0642417669296264,0.88,25.0,10,14,2.3978952727983707,0.8799999991199999,0.06424187841644538,0.2650590869388559,0.4922026596204637
SKG_MT_546,2017,0.0569879412651062,0.8026315789473685,76.0,7,14,2.0794415416798357,0.8026315781447368,0.05698805362390231,0.2298577767898749,0.4470967882009168
SKG_MT_549,2017,0.0553848147392272,0.7647058823529411,34.0,8,16,2.1972245773362196,0.7647058815882352,0.055384927290733986,0.24287730447405703,0.42879464215781693
SKG_MT_767,2017,0.0586376190185546,0.7566137566137566,189.0,59,24,4.0943445622221,0.7566137558571429,0.05863773117904414,0.45258158001586474,0.4470201284017755
SKG_DIA_108,2017,0.0702824592590332,0.8095238095238095,126.0,153,68,5.0369526024136295,0.8095238087142856,0.07028257001970493,0.5567757995502387,0.48855251232004865
SKG_SA_390,2017,0.0640894174575805,0.7407407407407407,108.0,22,13,3.1354942159291497,0.7407407399999999,0.0640895289627133,0.34659196479684096,0.43066537806476934
SKG_SA_391,2017,0.0850166082382202,1.0,4.0,65,40,4.189654742026425,0.9999999989999999,0.08501671722771056,0.4631169981058426,0.5803183862016684
SKG_DIA_146,2017,0.0888635516166687,0.9454545454545454,55.0,16,29,2.833213344056216,0.9454545445090908,0.0888636601437208,0.31317837380034286,0.539590573692068
SKG_SA_465,2017,0.0674365758895874,0.7637795275590551,127.0,21,24,3.091042453358316,0.7637795267952755,0.06743668699236072,0.3416783458688142,0.44303227278146345
SKG_SA_466,2017,0.0810993909835815,0.7368421052631579,57.0,19,27,2.995732273553991,0.7368421045263157,0.08109950044395771,0.33114292777883625,0.43397514521862457
SKG_SA_475,2017,0.0565590858459472,0.3111111111111111,45.0,3,34,1.3862943611198906,0.3111111108,0.05655919825629571,0.15323851785991663,0.19350308648850995
SKG_SA_495,2017,0.0569700002670288,0.7738095238095238,168.0,1012,28,6.920671504248683,0.7738095230357143,0.05697011262798158,0.7649987431599397,0.48619268088504375
SKG_DIA_78,2017,0.0560938715934753,0.7313432835820896,67.0,24,40,3.2188758248682006,0.7313432828507462,0.056093984059746874,0.35580881983783924,0.4236901170330558
SKG_DIA_87,2017,0.0870581865310669,0.7758620689655172,116.0,19,0,2.995732273553991,0.7758620681896551,0.08705829527514061,0.33114292777883625,0.4558686449827674
SKG_MT_747,2017,0.0618546605110168,0.7244094488188977,127.0,78,40,4.3694478524670215,0.7244094480944882,0.06185477228478811,0.4829910093822678,0.43524573389938614
SKG_MT_758,2017,0.0558186769485473,0.7886178861788617,123.0,13,39,2.6390573296152584,0.7886178853902438,0.05581878944789982,0.29171671261138277,0.4458081297354201
SKG_MT_729,2017,0.0646879076957702,0.825,80.0,3,26,1.3862943611198906,0.8249999991749999,0.06468801912895891,0.15323851785991663,0.4536990590250752
SKG_SA_447,2017,0.0669893026351928,0.7698412698412699,126.0,17,61,2.8903717578961645,0.7698412690714286,0.06698941379173251,0.3194965634040153,0.4436660563928088
SKG_SA_404,2017,0.0613496899604797,0.84375,32.0,1,12,0.6931471805599453,0.8437499991562499,0.06134980179495316,0.07661925892995831,0.4540768461891021
SKG_SA_406,2017,0.0551584362983703,0.7222222222222222,198.0,85,58,4.454347296253507,0.7222222214999999,0.055158548877089875,0.49237564319298505,0.4324120946201344
SKG_MT_737,2017,0.0455307960510253,0.0,180.0,60,54,4.110873864173311,0.0,0.04553090978707653,0.45440869971230236,0.06365323388606085
SKG_MT_605,2017,0.0618546605110168,0.7182320441988951,181.0,78,40,4.3694478524670215,0.7182320434806629,0.06185477228478811,0.4829910093822678,0.43215703159247354
SKG_MT_610,2017,0.0566932559013366,0.6607142857142857,112.0,124,33,4.8283137373023015,0.6607142850535713,0.05669336829555662,0.533713229756759,0.4064058128206842
SKG_MT_695,2017,0.0584565997123718,0.7545454545454545,110.0,460,36,6.133398042996649,0.754545453790909,0.05845671189462154,0.6779749322463245,0.46845290487793556
SKG_DIA_31,2017,0.0804551243782043,0.9310344827586208,29.0,36,15,3.6109179126442243,0.9310344818275862,0.08045523391602734,0.39914445630466727,0.5376137801106707
SKG_DIA_46,2017,0.0826376676559448,0.8513513513513513,74.0,9,62,2.302585092994046,0.8513513504999999,0.08263777693140588,0.25452366884887795,0.48418315290745007
SKG_SA_506,2017,0.0587779283523559,0.7526881720430108,93.0,246,32,5.5093883366279774,0.7526881712903225,0.058778040495978956,0.6089980069871823,0.4607551025422711
SKG_SA_510,2017,0.0638157129287719,0.6666666666666666,24.0,98,40,4.59511985013459,0.6666666659999999,0.06381582446680653,0.5079363914129128,0.40965330192801386
SKG_SA_511,2017,0.0557830929756164,0.7368421052631579,152.0,36,12,3.6109179126442243,0.7368421045263157,0.055783205479246444,0.39914445630466727,0.43064878008532315
SKG_SA_520,2017,0.0581473112106323,0.7933333333333333,150.0,0,6,0.0,0.7933333325399999,0.05814742343006139,0.0,0.4199256356420245
SKG_DIA_57,2017,0.0332334637641906,0.84375,32.0,17,22,2.8903717578961645,0.8437499991562499,0.03323357897849523,0.3194965634040153,0.4671180875099246
SKG_DIA_68,2017,0.0723077654838562,0.8405797101449275,138.0,9,23,2.302585092994046,0.8405797093043477,0.07230787600106735,0.25452366884887795,0.47466537193748853
SKG_MT_31,2017,0.0466148257255554,1.0,4.0,101,44,4.624972813284271,0.9999999989999999,0.04661493933129621,0.5112362849673296,0.5697696037292515
SKG_MT_1366,2017,0.1498951911926269,0.8333333333333334,78.0,276,53,5.6240175061873385,0.8333333325,0.14989529238310983,0.6216689119114436,0.5387916743943882
SKG_MT_1370,2017,0.0643843412399292,0.6148648648648649,148.0,1,15,0.6931471805599453,0.61486486425,0.06438445270960942,0.07661925892995831,0.34084813910183964
SKG_MT_1387,2017,0.0550404787063598,0.7087378640776699,103.0,109,43,4.700480365792417,0.708737863368932,0.05504059129925897,0.5195827557877338,0.428343443782943
SKG_MT_38,2017,0.0533744096755981,0.5441176470588235,68.0,1,28,0.6931471805599453,0.5441176465147058,0.05337452246877422,0.07661925892995831,0.3010705581378585
SKG_MT_1239,2017,0.0552152395248413,0.6766467065868264,167.0,10,19,2.3978952727983707,0.6766467059101796,0.0552153520967326,0.2650590869388559,0.3869154024876684
SKG_MT_151,2017,0.0584152936935424,0.7543859649122807,57.0,0,14,0.0,0.7543859641578947,0.058415405880757505,0.0,0.40055914443125035
SKG_MT_168,2017,0.0559924244880676,0.751412429378531,177.0,53,37,3.9889840465642745,0.7514124286271185,0.05599253696653406,0.4409352156410438,0.44219675066427727
SKG_MT_53,2017,0.0638843774795532,0.7961783439490446,157.0,19,51,2.995732273553991,0.7961783431528662,0.0638844890093337,0.33114292777883625,0.4567572599580502
SKG_MT_1359,2017,0.0614559054374694,0.746031746031746,126.0,17,28,2.8903717578961645,0.7460317452857143,0.061456017259174774,0.3194965634040153,0.4295479358869286
SKG_MT_62,2017,0.0640551447868347,0.7777777777777778,99.0,110,37,4.709530201312334,0.777777777,0.0640552562960874,0.5205831085416958,0.4665693018726045
SKG_MT_66,2017,0.0782610177993774,0.7329192546583851,161.0,11,44,2.4849066497880004,0.7329192539254659,0.0782611276009524,0.27467717009694514,0.4252317950128084
SKG_SUM_109,2017,0.0606573224067688,0.8723404255319149,47.0,60,26,4.110873864173311,0.8723404246595744,0.06065743432447126,0.45440869971230236,0.5058740560308059
SKG_SUM_113,2017,0.0560320019721984,0.7885714285714286,175.0,248,52,5.517452896464707,0.788571427782857,0.05603211444590728,0.6098894491160927,0.4776875045814007
SKG_SUM_86,2017,0.080826461315155,0.6458333333333334,48.0,72,34,4.290459441148391,0.6458333326875,0.0808265708083399,0.474259770607843,0.40267327172787026
SKG_MT_665,2017,0.0571067929267883,0.6751592356687898,157.0,127,36,4.852030263919617,0.6751592349936305,0.05710690527129734,0.5363348125097082,0.414055860856305
SKG_MT_1087,2018,0.0486869812011718,0.5714285714285714,154.0,85,28,4.454347296253507,0.5714285708571428,0.0486870945578203,0.49237564319298505,0.35442668757099804
SKG_MT_223,2018,0.0262468457221984,0.6176470588235294,34.0,18,28,2.9444389791664403,0.6176470582058823,0.02624696177635932,0.325473058068228,0.35186961962030766
SKG_MT_240,2018,0.0767024755477905,0.7027027027027027,74.0,81,16,4.406719247264253,0.702702702,0.07670258553671673,0.4871109232025085,0.4307434775349375
SKG_MT_1113,2018,0.0230910181999206,0.7039473684210527,152.0,49,43,3.912023005428146,0.7039473677171052,0.023091134633441257,0.43242807876779754,0.40445294558870887
SKG_MT_1195,2018,0.0737568140029907,0.9,20.0,41,44,3.7376696182833684,0.8999999991,0.07375692434601276,0.4131553648484113,0.5208183057732462
SKG_MT_1102,2018,0.0607262849807739,0.8131868131868132,91.0,53,22,3.9889840465642745,0.8131868123736263,0.06072639689018642,0.4409352156410438,0.4749774865069921
SKG_MT_1106,2018,0.0501702427864074,0.6976744186046512,172.0,33,32,3.5263605246161616,0.6976744179069767,0.0501703559647541,0.38979763273030116,0.4078851146124201
SKG_MT_1107,2018,0.0702701807022094,0.6,110.0,18,57,2.9444389791664403,0.5999999993999999,0.07027029146435713,0.325473058068228,0.3606554220925656
SKG_MT_1109,2018,0.0547110438346862,0.71875,192.0,139,25,4.941642422609304,0.7187499992812499,0.0547111564671865,0.5462403814602607,0.43588350037352563
SKG_MT_1110,2018,0.0605313181877136,0.8360655737704918,61.0,79,33,4.382026634673881,0.8360655729344262,0.06053143012056294,0.48438144563875285,0.4906835030793136
SKG_MT_281,2018,0.0550298690795898,0.7291666666666666,96.0,304,29,5.720311776607412,0.7291666659374999,0.05502998167376435,0.632313109631222,0.4498266366013779
SKG_MT_293,2018,0.0664335489273071,0.6299212598425197,127.0,81,34,4.406719247264253,0.6299212592125983,0.06643366015065355,0.4871109232025085,0.3902451859868114
SKG_MT_1058,2018,0.0635887384414672,0.6464646464646465,99.0,2,10,1.0986122886681098,0.6464646458181819,0.06358885000678627,0.12143865223702852,0.3608117281355083
SKG_MT_1223,2018,0.053863525390625,0.7040816326530612,98.0,143,34,4.969813299576001,0.7040816319489795,0.05386363812500487,0.5493543401938903,0.4285217052438808
SKG_MT_183,2018,0.05005943775177,0.6296296296296297,81.0,19,18,2.995732273553991,0.629629629,0.05005955094343649,0.33114292777883625,0.3679529276552582
SKG_MT_195,2018,0.056049644947052,0.6766917293233082,133.0,91,36,4.5217885770490405,0.6766917286466164,0.05604975741864003,0.4998304826567576,0.41074881555643994
SKG_SUM_120,2018,0.0560752749443054,0.8035714285714286,168.0,25,56,3.258096538021482,0.8035714277678571,0.05607538741281246,0.3601442078489126,0.46023028963394474
SKG_SUM_122,2018,0.0622552633285522,0.6931818181818182,176.0,39,38,3.6888794541139363,0.6931818174886364,0.06225537505416734,0.40776218670879455,0.4122692774368646
SKG_SUM_163,2018,0.0285834074020385,0.6923076923076923,143.0,37,32,3.6375861597263857,0.6923076916153845,0.028583523175323037,0.4020923169981863,0.3977964867776401
SKG_SUM_164,2018,0.0570108294486999,0.725,160.0,94,45,4.553876891600541,0.7249999992749999,0.057010941804744635,0.5033774679871477,0.43564212315811257
SKG_SUM_165,2018,0.0585851669311523,0.72,50.0,67,24,4.219507705176107,0.7199999992799999,0.05858527909794707,0.46641689166025946,0.43007580044520477
SKG_SUM_167,2018,0.0577901601791381,0.8119266055045872,218.0,607,67,6.410174881966167,0.8119266046926605,0.057790272441500055,0.7085693527180196,0.4999363465947323
SKG_SUM_132,2018,0.0673883557319641,0.7833333333333333,60.0,27,28,3.332204510175204,0.7833333325499999,0.06738846684053391,0.3683359715413411,0.4554556501653476
SKG_SUM_133,2018,0.0575066804885864,0.7731958762886598,97.0,13,49,2.6390573296152584,0.7731958755154639,0.05750679278502524,0.29171671261138277,0.4387723261328803
SKG_SUM_141,2018,0.0638870000839233,0.7756410256410257,156.0,224,30,5.41610040220442,0.7756410248653846,0.06388711161338854,0.5986861243118963,0.4732439695092373
SKG_SUM_158,2018,0.0788185000419616,0.8205128205128205,39.0,98,35,4.59511985013459,0.8205128196923076,0.07881860977652207,0.5079363914129128,0.49257749289805397
SKG_MT_669,2018,0.0549722909927368,0.7152317880794702,151.0,91,37,4.5217885770490405,0.7152317873642383,0.05497240359383277,0.4998304826567576,0.42958790338532804
SKG_MT_672,2018,0.0472344160079956,0.6788990825688074,109.0,24,37,3.2188758248682006,0.6788990818899082,0.04723452953925591,0.35580881983783924,0.3939242347444404
SKG_MT_684,2018,0.0808420181274414,0.6545454545454545,55.0,3,15,1.3862943611198906,0.654545453890909,0.08084212761875623,0.15323851785991663,0.37493342977894867
SKG_MT_691,2018,0.0627070665359497,0.7,180.0,14,25,2.70805020110221,0.6999999992999999,0.0627071782072539,0.29934306215594814,0.4050171771484963
SKG_SUM_218,2018,0.0653148889541626,0.6057692307692307,208.0,66,28,4.204692619390966,0.6057692301634614,0.06531500031198235,0.4647792583759052,0.37548854104411417
SKG_SUM_179,2018,0.0617706179618835,0.696078431372549,102.0,43,36,3.784189633918261,0.6960784306764705,0.06177072974575751,0.4182976047987725,0.41457726771641545
SKG_SA_551,2018,0.0512067675590515,0.8404255319148937,94.0,93,21,4.543294782270004,0.840425531074468,0.05120688061279831,0.502207740406107,0.49091629182296403
SKG_SA_552,2018,0.0569468736648559,0.7093023255813954,172.0,53,28,3.9889840465642745,0.709302324872093,0.05694698602858871,0.4409352156410438,0.4215234784115864
SKG_SA_558,2018,0.1005111932754516,0.8235294117647058,34.0,4,12,1.6094379124341003,0.8235294109411764,0.10051130040234914,0.17790440991891962,0.46975966662341984
SKG_SA_584,2018,0.0569565892219543,0.5679012345679012,81.0,58,26,4.07753744390572,0.5679012339999999,0.05695670158451921,0.45072375099157447,0.3518056727329651
SKG_SA_585,2018,0.0604947209358215,0.7058823529411765,102.0,61,35,4.127134385045092,0.705882352235294,0.06049483287307016,0.4562061088253344,0.42275972014940855
SKG_SA_602,2018,0.0582591891288757,0.7361963190184049,163.0,499,42,6.214608098422191,0.7361963182822086,0.05825930133485602,0.6869517476166754,0.4600970544367142
SKG_MT_733,2018,0.0514771342277526,0.7025316455696202,158.0,2,24,1.0986122886681098,0.7025316448670885,0.05147724724899883,0.12143865223702852,0.38400058655684666
SKG_MT_734,2018,0.0562998056411743,0.7012195121951219,164.0,34,41,3.5553480614894135,0.7012195114939024,0.05629991808269069,0.3930018636003441,0.41242990934006185
SKG_MT_735,2018,0.0625678896903991,0.7748344370860927,151.0,29,40,3.4011973816621555,0.7748344363112581,0.06256800137843366,0.37596232108590644,0.4500406508155932
SKG_MT_587,2018,0.0610125660896301,0.8414634146341463,82.0,7,3,2.0794415416798357,0.8414634137926829,0.061012677964628975,0.2298577767898749,0.46812255576118056
SKG_MT_589,2018,0.0532123446464538,0.7857142857142857,42.0,7,24,2.0794415416798357,0.7857142849285713,0.05321245745911164,0.2298577767898749,0.43712790312691785
SKG_MT_604,2018,0.053221046924591,0.7407407407407407,27.0,37,27,3.6375861597263857,0.7407407399999999,0.05322115973620275,0.4020923169981863,0.4318680655942997
SKG_MT_701,2018,0.0231260061264038,0.7272727272727273,66.0,116,32,4.762173934797756,0.7272727265454545,0.023126122555718588,0.5264022533930113,0.4255270376343158
SKG_SA_629,2018,0.0564713478088378,0.8064516129032258,31.0,2,36,1.0986122886681098,0.8064516120967741,0.056471460229733234,0.12143865223702852,0.4379582553639832
SKG_SA_631,2018,0.0707348585128784,0.711340206185567,97.0,2,28,1.0986122886681098,0.7113402054742268,0.07073496921916755,0.12143865223702852,0.3961079556484833
SKG_SA_632,2018,0.0724129676818847,0.84,100.0,25,21,3.258096538021482,0.8399999991599999,0.07241307818644956,0.3601442078489126,0.48497965163947104
SKG_SA_488,2018,0.0254728198051452,0.7933333333333333,150.0,198,33,5.293304824724492,0.7933333325399999,0.025472935952351217,0.5851125191523284,0.46536709256617326
SKG_DIA_77,2018,0.0727869272232055,0.752,125.0,74,34,4.31748811353631,0.751999999248,0.07278703768281695,0.47724747207486773,0.45283956190461355
SKG_DIA_89,2018,0.0620092153549194,0.6820512820512821,195.0,14,22,2.70805020110221,0.6820512813692308,0.062009327110111784,0.29934306215594814,0.3957636777442549
SKG_SA_503,2018,0.0661379694938659,0.7823834196891192,193.0,70,44,4.2626798770413155,0.7823834189067357,0.06613808075274374,0.47118906690309453,0.46476584844477475
SKG_DIA_54,2018,0.0279135704040527,0.6587301587301587,126.0,53,32,3.9889840465642745,0.6587301580714285,0.027913686257857853,0.4409352156410438,0.3846240751029618
SKG_DIA_58,2018,0.0248470306396484,0.8013698630136986,146.0,150,41,5.017279836814924,0.8013698622123286,0.024847146862080078,0.5546012069621856,0.46608391054721493
SKG_MT_575,2018,0.0623801946640014,0.7368421052631579,95.0,29,26,3.4011973816621555,0.7368421045263157,0.06238030637459863,0.37596232108590644,0.43096940692158797
SKG_MT_745,2018,0.0593061447143554,0.7233201581027668,253.0,15,52,2.772588722239781,0.7233201573794467,0.05930625679448195,0.30647703571983326,0.41603028497949945
SKG_MT_754,2018,0.0540729761123657,0.6438356164383562,73.0,157,49,5.062595033026967,0.6438356157945205,0.05407308882156766,0.559610268312226,0.39950807025710994
SKG_MT_757,2018,0.0473546981811523,0.7466666666666667,150.0,143,33,4.969813299576001,0.74666666592,0.04735481169795358,0.5493543401938903,0.44721069165857047
SKG_MT_717,2018,0.0244251489639282,0.5918367346938775,98.0,323,31,5.780743515792329,0.5918367341020407,0.024425265237073966,0.6389931268080306,0.369587785826653
SKG_SA_547,2018,0.0558875799179077,0.6886792452830188,106.0,219,38,5.393627546352362,0.6886792445943395,0.055887692408977445,0.5962020147176922,0.4263149007325299
SKG_DIA_32,2018,0.0681338310241699,0.734375,192.0,14,29,2.70805020110221,0.734374999265625,0.06813394204312667,0.29934306215594814,0.424375382665658
SKG_DIA_34,2018,0.0696220397949218,0.7288135593220338,118.0,233,44,5.455321115357702,0.7288135585932203,0.06962215063498209,0.6030215123229696,0.4525577907829
SKG_SA_496,2018,0.0559199452400207,0.75,188.0,12,26,2.5649493574615367,0.7499999992499999,0.05592005772719984,0.2835249489189543,0.42572051760777535
SKG_SA_549,2018,0.0491789579391479,0.7971014492753623,138.0,27,43,3.332204510175204,0.7971014484782608,0.049179071236656234,0.3683359715413411,0.45505594988792697
SKG_DIA_166,2018,0.297610878944397,0.7430555555555556,144.0,350,37,5.860786223465865,0.7430555548125,0.29761096237808415,0.6478409056300397,0.5553562529204876
SKG_DIA_173,2018,0.0709081888198852,0.7848101265822784,79.0,8,14,2.1972245773362196,0.7848101257974682,0.07090829950533843,0.24287730447405703,0.4450561131482752
SKG_SA_367,2018,0.0660578608512878,0.7959183673469388,245.0,9,35,2.302585092994046,0.7959183665510203,0.06605797211979544,0.25452366884887795,0.4498347390083161
SKG_SA_314,2018,0.0617626905441284,0.7011494252873564,87.0,40,32,3.713572066704308,0.7011494245862069,0.061762802328955355,0.4104916642725502,0.41632899965194065
SKG_SA_381,2018,0.0673826932907104,0.6770833333333334,96.0,21,23,3.091042453358316,0.67708333265625,0.06738280439996089,0.3416783458688142,0.3996626226749908
SKG_DIA_127,2018,0.064548373222351,0.6974358974358974,195.0,0,35,0.0,0.6974358967384614,0.06454848467231307,0.0,0.37453734223815593
SKG_DIA_128,2018,0.025901436805725,0.7910447761194029,67.0,1157,34,7.05444965813294,0.791044775328358,0.025901552901407277,0.7797863428200139,0.48386164310674334
SKG_DIA_137,2018,0.0710358619689941,0.7401574803149606,127.0,128,38,4.859812404361672,0.7401574795748032,0.07103597263909985,0.5371950365000553,0.45221263249304705
SKG_DIA_141,2018,0.0524235963821411,0.6407766990291263,103.0,38,29,3.6635616461296463,0.6407766983883495,0.0524237092896138,0.4049636011559828,0.3818541930256185
SKG_DIA_120,2018,0.0586148500442504,0.7956989247311828,93.0,181,28,5.204006687076795,0.7956989239354838,0.05861496220747698,0.5752416615303371,0.4788196130037664
SKG_MT_764,2018,0.1171695590019226,0.8,60.0,6,21,1.9459101490553132,0.7999999992,0.11716966412633005,0.2150974536814245,0.46837761061867444
SKG_MT_777,2018,0.0652765035629272,0.7872340425531915,94.0,315,51,5.755742213586912,0.7872340417659575,0.06527661492536124,0.6362295272421844,0.4833506195773417
SKG_MT_566,2018,0.0528351068496704,0.7894736842105263,114.0,25,35,3.258096538021482,0.7894736834210526,0.052835219707675726,0.3601442078489126,0.45188535037848787
SKG_SA_459,2018,0.0592552423477172,0.6341463414634146,82.0,15,22,2.772588722239781,0.6341463408292682,0.05925535443396269,0.30647703571983326,0.37142301576020254
SKG_SA_411,2018,0.0243816375732421,0.7578947368421053,190.0,49,50,3.912023005428146,0.7578947360842105,0.02438175385161834,0.43242807876779754,0.43194287745953236
SKG_SA_487,2018,0.0523115396499633,0.7304964539007093,141.0,71,31,4.276666119016055,0.7304964531702127,0.05231165257090626,0.47273508126393193,0.43344639573986204
SKG_SA_194,2018,0.0872275233268737,0.6884057971014492,138.0,185,27,5.225746673713202,0.6884057964130433,0.08722763205059156,0.577644761062363,0.4368584271329946
SKG_SA_199,2018,0.0567063093185424,0.7463414634146341,205.0,60,41,4.110873864173311,0.7463414626682926,0.05670642171119328,0.45440869971230236,0.4412941699898539
SKG_SA_274,2018,0.0570535659790039,0.7282608695652174,92.0,73,25,4.30406509320417,0.7282608688369565,0.05705367832991131,0.47576371523462563,0.43452827727390536
SKG_SA_282,2018,0.0549088716506958,0.7323943661971831,71.0,8,7,2.1972245773362196,0.7323943654647886,0.05490898425941536,0.24287730447405703,0.41244850688356616
SKG_DIA_179,2018,0.0691795349121093,0.8333333333333334,30.0,39,45,3.6888794541139363,0.8333333325,0.06917964580536277,0.40776218670879455,0.4851147432430245
SKG_MT_799,2018,0.0489270091056823,0.5979381443298969,97.0,20,27,3.044522437723423,0.5979381437319587,0.048927122433477216,0.336536105918453,0.35219353143121557
SKG_MT_807,2018,0.0722196698188781,0.6744186046511628,43.0,80,28,4.394449154672439,0.6744186039767441,0.07221978034667917,0.48575460894811406,0.4146726750218551
SKG_MT_540,2018,0.070705235004425,0.7818181818181819,55.0,117,11,4.770684624465665,0.7818181810363636,0.07070534571427516,0.5273430099215328,0.4719255297960452
SKG_MT_558,2018,0.023106575012207,0.6526315789473685,190.0,31,20,3.4657359027997265,0.6526315782947368,0.023106691443857588,0.38309629464979156,0.3738680951898906
SKG_MT_559,2018,0.0816141366958618,0.7058823529411765,68.0,4,39,1.6094379124341003,0.705882352235294,0.08161424609436081,0.17790440991891962,0.40337731554728334
SKG_MT_759,2018,0.0610468983650207,0.7470588235294118,170.0,15,17,2.772588722239781,0.7470588227823529,0.06104701023589252,0.30647703571983326,0.4285959190575168
SKG_SA_324,2018,0.0776227116584777,0.8207547169811321,106.0,31,20,3.4657359027997265,0.8207547161603773,0.07762282153678302,0.38309629464979156,0.47973611615988104
SKG_SA_326,2018,0.0511959195137023,0.796875,192.0,24,49,3.2188758248682006,0.796874999203125,0.051196032568753144,0.35580881983783924,0.45449679461284764
SKG_SA_327,2018,0.053869605064392,0.7636986301369864,292.0,38,29,3.6635616461296463,0.7636986293732877,0.05386971779804104,0.4049636011559828,0.4438935619214585
SKG_DIA_156,2018,0.0274900197982788,0.6481481481481481,54.0,197,23,5.288267030694535,0.6481481474999999,0.02749013570299867,0.5845556503428712,0.39352569306548657
SKG_DIA_160,2018,0.0589068531990051,0.7386363636363636,88.0,20,78,3.044522437723423,0.7386363628977273,0.0589069653271302,0.336536105918453,0.426534578171561
SKG_SA_179,2018,0.0634446144104003,0.7569060773480663,181.0,176,31,5.176149732573829,0.7569060765911602,0.0634447259930444,0.5721624032286029,0.4610471690156581
SKG_SA_188,2018,0.0607906579971313,0.7111111111111111,45.0,13,21,2.6390573296152584,0.7111111104,0.06079076989880559,0.29171671261138277,0.4090435344206605
SKG_SA_203,2018,0.1485998034477234,0.7986111111111112,144.0,46,55,3.8501476017100584,0.7986111103125,0.14859990479392393,0.4255884814761487,0.5013043652214344
SKG_SA_222,2018,0.0576215982437133,0.7593984962406015,133.0,32,41,3.4965075614664802,0.759398495481203,0.057621710526337966,0.38649773917588437,0.4413977058687251
SKG_DIA_238,2018,0.0234893560409545,0.65,40.0,143,25,4.969813299576001,0.64999999935,0.023489472426591256,0.5493543401938903,0.3893312226650255
SKG_DIA_243,2018,0.0618228912353515,0.8199052132701422,211.0,31,69,3.4657359027997265,0.819905212450237,0.061823003012941774,0.38309629464979156,0.47299143689527434
SKG_MT_532,2018,0.0220691561698913,0.6293706293706294,143.0,27,41,3.332204510175204,0.6293706287412587,0.022069272726249253,0.3683359715413411,0.3603466206152631
SKG_MT_818,2018,0.0537971258163452,0.656441717791411,163.0,232,41,5.4510384535657,0.6564417171349692,0.05379723855870692,0.6025481144906568,0.4099945654400331
SKG_MT_821,2018,0.0828038454055786,0.7551020408163265,98.0,70,25,4.2626798770413155,0.7551020400612244,0.08280395466106358,0.47118906690309453,0.45779150858534706
SKG_MT_822,2018,0.0491584539413452,0.7045454545454546,88.0,344,23,5.84354441703136,0.704545453840909,0.049158567241318306,0.6459350269527891,0.4365296565122608
SKG_MT_825,2018,0.0597769618034362,0.7794117647058824,204.0,9,31,2.302585092994046,0.7794117639264705,0.059777073826966176,0.25452366884887795,0.4390690783789095
SKG_MT_791,2018,0.0488594770431518,0.5909090909090909,110.0,57,31,4.060443010546419,0.5909090903181818,0.0488595903790647,0.4488341626724543,0.35988179757796224
SKG_SA_248,2018,0.0732385516166687,0.8026315789473685,152.0,4,28,1.6094379124341003,0.8026315781447368,0.07323866202199071,0.17790440991891962,0.4484016948730567
SKG_SA_256,2018,0.055230438709259,0.8130081300813008,123.0,8,20,2.1972245773362196,0.8130081292682926,0.05523055127932321,0.24287730447405703,0.4528840155932813
SKG_DIA_219,2018,0.0629199743270874,0.7714285714285715,175.0,441,61,6.091309882077698,0.7714285706571429,0.06292008597279812,0.6733225816492554,0.47821457788261623
SKG_DIA_222,2018,0.0575847625732421,0.6041666666666666,96.0,76,38,4.343805421853684,0.6041666660624999,0.057584874860294746,0.4801565406202804,0.3731329370373959
SKG_DIA_287,2018,0.139168381690979,1.0,6.0,155,20,5.049856007249537,0.9999999989999999,0.13916848417092392,0.5582021190158994,0.6114876050699595
SKG_SA_90,2018,0.0552595257759094,0.6492146596858639,191.0,8,28,2.1972245773362196,0.6492146590366492,0.05525963834247708,0.24287730447405703,0.3709989153027211
SKG_SA_105,2018,0.0742136240005493,0.776595744680851,94.0,15,17,2.772588722239781,0.7765957439042552,0.07421373428865857,0.30647703571983326,0.44863106923957435
SKG_SA_106,2018,0.0660320520401001,0.7222222222222222,144.0,0,27,0.0,0.7222222214999999,0.0660321633117102,0.0,0.38752397607468403
SKG_SA_117,2018,0.0610942840576171,0.7433628318584071,113.0,195,34,5.278114659230517,0.7433628311150442,0.06109439592279271,0.5834334252227655,0.4544625164489158
SKG_SA_144,2018,0.0608984231948852,0.7454545454545455,55.0,130,19,4.875197323201151,0.7454545447090909,0.060898535083605106,0.5388956581187224,0.45097625219985976
SKG_DIA_259,2018,0.0726561546325683,0.7867647058823529,136.0,184,47,5.220355825078324,0.7867647050955882,0.07265626510789984,0.5770488662235869,0.4801497452133127
SKG_MT_507,2018,0.058943748474121,0.6875,112.0,16,41,2.833213344056216,0.6874999993124999,0.05894386059781093,0.31317837380034286,0.39864538127540866
SKG_MT_831,2018,0.0653697848320007,0.7073170731707317,246.0,178,54,5.187385805840755,0.7073170724634146,0.06536989618322148,0.5734044188223173,0.43714693658722764
SKG_MT_516,2018,0.0815285444259643,0.75,4.0,1,0,0.6931471805599453,0.7499999992499999,0.08152865383475229,0.07661925892995831,0.41527338705189676
SKG_SA_153,2018,0.0628719329833984,0.7659574468085106,141.0,189,52,5.247024072160486,0.7659574460425531,0.06287204463488412,0.579996726917106,0.46612721356694076
SKG_SA_155,2018,0.0713102221488952,1.0,9.0,379,38,5.940171252720432,0.9999999989999999,0.0713103327860203,0.6566159858470643,0.5941857311991146
SKG_SA_162,2018,0.053953468799591,0.6853932584269663,89.0,5,24,1.791759469228055,0.685393257741573,0.05395358152315884,0.19805791116698682,0.3840838525967487
SKG_SA_169,2018,0.0514932870864868,0.6692913385826772,127.0,9,24,2.302585092994046,0.6692913379133858,0.05149340010579131,0.25452366884887795,0.3806953958838972
SKG_SA_172,2018,0.0523294210433959,0.8333333333333334,48.0,622,43,6.434546518787453,0.8333333325,0.05232953396218935,0.7112633501900263,0.5087248148538783
SKG_SA_176,2018,0.072636604309082,0.6590909090909091,44.0,3,17,1.3862943611198906,0.6590909084318181,0.07263671478676367,0.15323851785991663,0.37392399191660614
SKG_SA_10,2018,0.0500036478042602,0.6318681318681318,364.0,93,22,4.543294782270004,0.6318681312362636,0.05000376100263316,0.502207740406107,0.38615634405979576
SKG_SA_18,2018,0.0554487109184265,0.6982758620689655,116.0,2,15,1.0986122886681098,0.6982758613706896,0.05544882346225237,0.12143865223702852,0.38346132529394866
SKG_DIA_316,2018,0.0775412321090698,0.9285714285714286,14.0,22,9,3.1354942159291497,0.928571427642857,0.07754134199716971,0.34659196479684096,0.5299614470999805
SKG_SA_28,2018,0.0696295499801635,0.7066666666666667,75.0,35,22,3.58351893845611,0.7066666659599999,0.069629660819321,0.39611582233397363,0.4207967795411257
SKG_SA_31,2018,0.0652874112129211,0.7462121212121212,264.0,513,25,6.2422232654551655,0.746212120465909,0.06528752257404394,0.6900042791606749,0.46822149717863953
SKG_SA_46,2018,0.0579445958137512,0.8087431693989071,183.0,54,44,4.007333185232471,0.8087431685901639,0.057944708057548554,0.44296349685777553,0.47184581720387897
SKG_SA_51,2018,0.0664698481559753,0.7401574803149606,127.0,76,46,4.343805421853684,0.7401574795748032,0.06646995937495825,0.4801565406202804,0.44468237759941287
SKG_SA_1,2018,0.0661247372627258,0.6820987654320988,324.0,36,35,3.6109179126442243,0.68209876475,0.06612484852319428,0.39914445630466727,0.40741376741474444
SKG_MT_855,2018,0.0680834650993347,0.7288135593220338,59.0,9,28,2.302585092994046,0.7288135585932203,0.06808357612434593,0.25452366884887795,0.4170925766312363
SKG_MT_862,2018,0.0681022405624389,0.7818181818181819,55.0,84,37,4.442651256490317,0.7818181810363636,0.06810235158519314,0.4910827837192625,0.4672583095241853
SKG_MT_502,2018,0.0625691413879394,0.6304347826086957,92.0,31,63,3.4657359027997265,0.6304347819782609,0.06256925307582348,0.38309629464979156,0.378554721684439
SKG_MT_505,2018,0.0784592628479003,0.6089743589743589,156.0,33,25,3.5263605246161616,0.6089743583653845,0.0784593726256444,0.38979763273030116,0.3748506915059801
SKG_SA_64,2018,0.0231775045394897,0.6352941176470588,85.0,56,22,4.04305126783455,0.6352941170117646,0.0231776209626139,0.44691171030525656,0.37160927792145354
SKG_SA_76,2018,0.0557592511177063,0.6530612244897959,98.0,6,30,1.9459101490553132,0.6530612238367346,0.055759363624202356,0.2150974536814245,0.3703441027361907
SKG_DIA_280,2018,0.0673540234565734,0.8608695652173913,115.0,62,59,4.143134726391533,0.8608695643565217,0.06735413456927028,0.4579747581554815,0.5031739118215172
SKG_DIA_285,2018,0.0678526759147644,0.7719298245614035,57.0,149,30,5.0106352940962555,0.7719298237894736,0.06785278696751863,0.5538667310048261,0.46849269978222685
SKG_QA_348,2018,0.052308440208435,0.7638888888888888,144.0,169,43,5.135798437050262,0.7638888881249999,0.05230855312975054,0.5677020426492208,0.45963806957932224
SKG_QA_353,2018,0.0656777620315551,0.8354430379746836,158.0,164,47,5.10594547390058,0.8354430371392404,0.06567787334575416,0.5644021490948039,0.5004328828174023
SKG_QA_354,2018,0.0563130378723144,0.6142857142857143,70.0,12,20,2.5649493574615367,0.6142857136714286,0.05631315031224015,0.2835249489189543,0.35802061185250583
SKG_QA_367,2018,0.0254712104797363,0.7,80.0,52,46,3.970291913552122,0.6999999992999999,0.025471326627135773,0.4388690204383823,0.40407543234469245
SKG_QA_389,2018,0.0593305826187133,0.7672413793103449,116.0,67,39,4.219507705176107,0.7672413785431034,0.05933069469590219,0.46641689166025946,0.4539946563159385
SKG_QA_394,2018,0.0619128346443176,0.7687861271676301,173.0,156,33,5.056245805348308,0.7687861263988439,0.06191294641109584,0.5589084359551739,0.46504908535937767
SKG_QA_415,2018,0.0242602229118347,0.7166666666666667,120.0,35,41,3.58351893845611,0.71666666595,0.02426033920480611,0.39611582233397363,0.4076490508903198
SKG_QA_426,2018,0.049179196357727,0.0,138.0,27,43,3.332204510175204,0.0,0.04917930965520668,0.3683359715413411,0.05650532101621678
SKG_QA_450,2018,0.0587564706802368,0.7333333333333333,165.0,17,56,2.8903717578961645,0.7333333325999999,0.05875658282643927,0.3194965634040153,0.4221189557709772
SKG_QA_476,2018,0.0596648454666137,0.6444444444444445,135.0,297,36,5.697093486505405,0.6444444438,0.059664957503621094,0.6297466010582528,0.40906286500727373
SKG_QA_483,2018,0.0236616134643554,0.7128712871287128,101.0,87,48,4.477336814478207,0.7128712864158415,0.023661729829285216,0.49491686372873084,0.4153920215125079
SKG_QA_432,2018,0.0659858584403991,0.7388059701492538,134.0,4,20,1.6094379124341003,0.7388059694104477,0.06598596971756211,0.17790440991891962,0.4135878135841407
SKG_MT_472,2018,0.0551912188529968,0.7567567567567568,111.0,43,24,3.784189633918261,0.756756756,0.0551913314277756,0.4182976047987725,0.4422846710509875
SKG_MT_473,2018,0.0630871057510376,0.7653061224489796,98.0,13,67,2.6390573296152584,0.7653061216836734,0.06308721737665757,0.29171671261138277,0.437059619053638
SKG_QA_490,2018,0.0581260919570922,0.7142857142857143,14.0,90,22,4.51085950651685,0.7142857135714286,0.05812620417907204,0.49862240260037877,0.43025557871738096
SKG_DIA_1,2018,0.0669587850570678,0.5862068965517241,58.0,211,11,5.356586274672012,0.5862068959655171,0.066958896217276,0.5921075382982989,0.3790977602994988
SKG_QA_248,2018,0.050413966178894,0.8080808080808081,99.0,1,16,0.6931471805599453,0.8080808072727272,0.05041407932794289,0.07661925892995831,0.4318679612605366
SKG_QA_294,2018,0.0311861038208007,0.7842105263157895,190.0,18,35,2.9444389791664403,0.7842105255315789,0.031186219281216985,0.325473058068228,0.437127056285099
SKG_QA_254,2018,0.0265366435050964,0.7653631284916201,179.0,19,36,2.995732273553991,0.7653631277262569,0.02653675952442094,0.33114292777883625,0.42641056045078046
SKG_QA_321,2018,0.0626722574234008,0.6805555555555556,72.0,28,20,3.367295829986474,0.680555554875,0.06267236909888937,0.372214903742496,0.40256821545130533
SKG_QA_322,2018,0.0232940912246704,0.6692913385826772,127.0,108,24,4.6913478822291435,0.6692913379133858,0.023294207633779797,0.5185732672657684,0.3958206787367817
SKG_QA_364,2018,0.0613622665405273,0.77,100.0,17,56,2.8903717578961645,0.76999999923,0.061362378373488936,0.3194965634040153,0.4414946073047971
SKG_MT_909,2018,0.0236357450485229,0.5445544554455446,101.0,162,40,5.093750200806762,0.5445544549009901,0.02363586141656234,0.5630541052549055,0.3380369825426105
SKG_MT_916,2018,0.0763572454452514,0.7277227722772277,202.0,119,41,4.787491742782046,0.7277227715495048,0.07635735547567749,0.529200838945823,0.4473244118596057
SKG_MT_920,2018,0.0437417030334472,0.4878048780487805,123.0,28,18,3.367295829986474,0.48780487756097557,0.04374181698456401,0.372214903742496,0.29862065594856296
SKG_MT_925,2018,0.0692006349563598,0.6538461538461539,52.0,80,28,4.394449154672439,0.6538461531923077,0.06920074584707685,0.48575460894811406,0.40317883582979597
SKG_MT_452,2018,0.0759731531143188,0.7948717948717948,39.0,5,18,1.791759469228055,0.794871794076923,0.07597326319091635,0.19805791116698682,0.4476309934315267
SKG_QA_380,2018,0.0604780316352844,0.7215189873417721,79.0,27,47,3.332204510175204,0.721518986620253,0.060478143574539275,0.3683359715413411,0.4217843478940763
SKG_QA_381,2018,0.0585371851921081,0.722972972972973,148.0,11,24,2.4849066497880004,0.72297297225,0.05853729736467072,0.27467717009694514,0.4123691220805628
SKG_QA_382,2018,0.0637127757072448,0.6530612244897959,147.0,56,28,4.04305126783455,0.6530612238367346,0.06371288725765344,0.44691171030525656,0.3967069378519543
SKG_QA_384,2018,0.0271132588386535,0.6968085106382979,188.0,73,70,4.30406509320417,0.6968085099414892,0.027113374788663526,0.47576371523462563,0.4068259764096726
SKG_QA_343,2018,0.0613163113594055,0.782608695652174,92.0,310,41,5.739792912179234,0.7826086948695652,0.06131642319789137,0.6344665197762669,0.4792775686915658
SKG_QA_127,2018,0.0712717771530151,0.7222222222222222,90.0,2,26,1.0986122886681098,0.7222222214999999,0.07127188779476164,0.12143865223702852,0.4017637310916075
SKG_QA_133,2018,0.0610826611518859,0.8396946564885496,131.0,101,25,4.624972813284271,0.8396946556488548,0.0610827730184587,0.5112362849673296,0.4954040655285438
SKG_QA_136,2018,0.0781784057617187,0.8108108108108109,74.0,515,51,6.246106765481563,0.81081081,0.07817851557322443,0.6904335543599719,0.505720166665287
SKG_QA_202,2018,0.0478773117065429,0.7432432432432432,148.0,3,34,1.3862943611198906,0.7432432424999998,0.04787742516052118,0.15323851785991663,0.40609644310020004
SKG_QA_212,2018,0.0635682940483093,0.6944444444444444,180.0,59,55,4.0943445622221,0.6944444437499999,0.06356840561608597,0.45258158001586474,0.41790774212302084
SKG_QA_220,2018,0.0629070401191711,0.8857142857142857,105.0,31,40,3.4657359027997265,0.8857142848285713,0.06290715176643663,0.38309629464979156,0.5063296325858394
SKG_QA_176,2018,0.0699844360351562,0.6237623762376238,101.0,194,23,5.272999558563747,0.6237623756138614,0.06998454683165309,0.5828680110749024,0.39816180764708214
SKG_QA_177,2018,0.0645495653152465,0.7605633802816901,71.0,43,47,3.784189633918261,0.7605633795211267,0.06454967676506526,0.4182976047987725,0.4479313209464667
SKG_MT_952,2018,0.0507676005363464,0.686046511627907,172.0,257,30,5.552959584921617,0.6860465109418604,0.05076771364288516,0.6138142954300135,0.4247117704710856
SKG_MT_425,2018,0.0672335624694824,0.79,100.0,37,33,3.6375861597263857,0.78999999921,0.0672336735966598,0.4020923169981863,0.4621027007434826
SKG_MT_432,2018,0.0215673446655273,0.76,250.0,36,29,3.6109179126442243,0.75999999924,0.02156746128220765,0.39914445630466727,0.42854142976334975
SKG_QA_271,2018,0.0644828677177429,0.7,60.0,67,49,4.219507705176107,0.6999999992999999,0.06448297917557934,0.46641689166025946,0.42243488048625766
SKG_QA_224,2018,0.0548874735832214,0.7272727272727273,110.0,1433,21,7.2682230211595655,0.7272727265454545,0.054887586194513206,0.803416470898777,0.4659330448404102
SKG_QA_229,2018,0.0581260919570922,0.819672131147541,61.0,90,22,4.51085950651685,0.8196721303278688,0.05812620417907204,0.49862240260037877,0.4829487870956011
SKG_QA_230,2018,0.0255038142204284,0.8020833333333334,96.0,158,19,5.0689042022202315,0.80208333253125,0.0255039303639086,0.5603076726754108,0.4672740056787295
SKG_QA_243,2018,0.0654644966125488,0.7468354430379747,158.0,67,31,4.219507705176107,0.7468354422911392,0.06546460795238433,0.46641689166025946,0.4462452534925493
SKG_PAR_222,2018,0.0740565061569213,0.82,100.0,51,40,3.9512437185814275,0.8199999991799999,0.07405661646391759,0.43676346677887096,0.48329899285345407
SKG_PAR_225,2018,0.054312527179718,0.7966101694915254,236.0,10,34,2.3978952727983707,0.7966101686949152,0.05431263986012369,0.2650590869388559,0.4465360489853927
SKG_QA_38,2018,0.0698308944702148,0.636986301369863,146.0,165,31,5.111987788356544,0.6369863007328767,0.0698310052851688,0.5650700558090226,0.4029325580614081
SKG_QA_40,2018,0.0599530935287475,0.7927927927927928,111.0,41,24,3.7376696182833684,0.792792792,0.05995320553110481,0.4131553648484113,0.4616932146972831
SKG_QA_36,2018,0.0773028135299682,0.8014705882352942,136.0,25,13,3.258096538021482,0.8014705874338235,0.07730292344672825,0.3601442078489126,0.46767088388049427
SKG_QA_60,2018,0.0681339502334594,0.0,192.0,14,29,2.70805020110221,0.0,0.06813406125240185,0.29934306215594814,0.05718793071655555
SKG_QA_71,2018,0.0540083050727844,0.803921568627451,51.0,432,58,6.07073772800249,0.8039215678235294,0.05400841778976042,0.6710485722555187,0.49066900825322074
SKG_QA_72,2018,0.0518556833267211,0.788135593220339,118.0,147,46,4.997212273764115,0.7881355924322033,0.05185579630246222,0.5523829741645838,0.470048412153545
SKG_QA_87,2018,0.0525358915328979,0.7165775401069518,187.0,70,0,4.2626798770413155,0.7165775393903743,0.05253600442687168,0.47118906690309453,0.4264220781562453
SKG_MT_393,2018,0.080459713935852,0.8235294117647058,119.0,16,29,2.833213344056216,0.8235294109411764,0.08045982347312332,0.31317837380034286,0.4752664722398718
SKG_MT_403,2018,0.0749696493148803,0.7722772277227723,101.0,4,16,1.6094379124341003,0.772277226950495,0.07496975951210831,0.17790440991891962,0.43391695827198284
SKG_MT_412,2018,0.0579277276992797,0.7189542483660131,153.0,15,40,2.772588722239781,0.7189542476470587,0.05792783994510476,0.30647703571983326,0.41329596337355456
SKG_MT_941,2018,0.0692006349563598,0.7727272727272727,22.0,80,28,4.394449154672439,0.7727272719545454,0.06920074584707685,0.48575460894811406,0.46261939521091483
SKG_QA_166,2018,0.0720270872116088,0.8426966292134831,178.0,24,33,3.2188758248682006,0.8426966283707864,0.07202719776256007,0.35580881983783924,0.48574007527420116
SKG_QA_169,2018,0.0630871057510376,0.0,98.0,13,67,2.6390573296152584,0.0,0.06308721737665757,0.29171671261138277,0.054406558211801306
SKG_QA_124,2018,0.0553435087203979,0.6666666666666666,69.0,3,19,1.3862943611198906,0.6666666659999999,0.05534362127687005,0.15323851785991663,0.3707946332967396
SKG_PAR_99,2018,0.0609222650527954,0.6829268292682927,41.0,1,13,0.6931471805599453,0.6829268285853658,0.0609223769386493,0.07661925892995831,0.37349429096113845
SKG_PAR_102,2018,0.0683029294013977,0.7802197802197802,91.0,2,24,1.0986122886681098,0.7802197794395603,0.06830304040002728,0.12143865223702852,0.42957497110349396
SKG_PAR_68,2018,0.021985650062561,0.6851851851851852,216.0,11,54,2.4849066497880004,0.6851851845,0.02198576662895716,0.27467717009694514,0.3788546159112774
SKG_PAR_168,2018,0.0592253804206848,0.8067226890756303,119.0,5,52,1.791759469228055,0.8067226882689075,0.05922549251051997,0.19805791116698682,0.4468573322553604
SKG_PAR_114,2018,0.0533612370491027,0.7455357142857143,224.0,21,18,3.091042453358316,0.7455357135401786,0.053361349843862295,0.3416783458688142,0.42828023129451565
SKG_PAR_117,2018,0.0611727833747863,0.7094594594594594,148.0,4,51,1.6094379124341003,0.7094594587499999,0.06117289523052557,0.17790440991891962,0.3969893284591022
SKG_PAR_151,2018,0.0850566625595092,0.7796610169491526,118.0,98,67,4.59511985013459,0.7796610161694915,0.08505677154418466,0.5079363914129128,0.4746468558437109
SKG_PAR_152,2018,0.0599039196968078,0.7202797202797203,143.0,20,47,3.044522437723423,0.7202797195594406,0.05990403170507625,0.336536105918453,0.4177550830535961
SKG_PAR_155,2018,0.0569654703140258,0.8181818181818182,33.0,66,36,4.204692619390966,0.8181818173636364,0.056965582675523124,0.4647792583759052,0.478355067589618
SKG_PAR_161,2018,0.0545277595520019,0.6879432624113475,141.0,7,27,2.0794415416798357,0.6879432617234041,0.05452787220653466,0.2298577767898749,0.3887685574233034
SKG_MT_991,2018,0.0639064908027648,0.7,140.0,15,23,2.772588722239781,0.6999999992999999,0.06390660232988708,0.30647703571983326,0.4062103441539381
SKG_MT_374,2018,0.0919731855392456,0.7828571428571428,175.0,324,31,5.783825182329737,0.7828571420742856,0.09197329369249085,0.6393337687567935,0.49215126538981846
SKG_MT_380,2018,0.0617523193359375,0.7278481012658228,158.0,33,36,3.5263605246161616,0.7278481005379747,0.061752431122011175,0.38979763273030116,0.4276047859908219
SKG_PAR_191,2018,0.0667319297790527,0.6896551724137931,116.0,68,51,4.23410650459726,0.6896551717241379,0.06673204096653101,0.4680306170338695,0.4183234639520683
SKG_PAR_192,2018,0.0534032583236694,0.7397959183673469,196.0,50,52,3.9318256327243257,0.7397959176275509,0.053403371113377646,0.43461702603737135,0.43472100986286366
SKG_PAR_214,2018,0.0462015271186828,0.7383177570093458,107.0,105,19,4.663439094112067,0.7383177562710279,0.046201640774105934,0.5154882793683405,0.4391883623819904
SKG_NLI_10,2018,0.0475957989692688,0.6691176470588235,136.0,17,13,2.8903717578961645,0.6691176463897058,0.047595912457087525,0.3194965634040153,0.38554684451808946
SKG_NLI_12,2018,0.0757628679275512,0.7267080745341615,161.0,272,74,5.60947179518496,0.7267080738074534,0.07576297802942698,0.6200610548374073,0.4556653335992382
SKG_PAR_0,2018,0.0219297409057617,0.6557377049180327,61.0,54,58,4.007333185232471,0.6557377042622949,0.021929857478878663,0.44296349685777553,0.3809371448084765
SKG_MT_1443,2018,0.064427375793457,0.6944444444444444,72.0,2,4,1.0986122886681098,0.6944444437499999,0.06442748725796407,0.12143865223702852,0.38513708200188845
SKG_PAR_4,2018,0.0448681712150573,0.75,136.0,483,19,6.182084906716632,0.7499999992499999,0.04486828503076218,0.6833566917376284,0.46128298281106767
SKG_PAR_38,2018,0.0623161196708679,0.8444444444444444,90.0,16,45,2.833213344056216,0.8444444435999999,0.062316231389167545,0.31317837380034286,0.4784665517357013
SKG_PAR_39,2018,0.0303448438644409,0.6666666666666666,141.0,75,69,4.330733340286331,0.6666666659999999,0.030344959425984436,0.4787115759281447,0.3933424743632082
SKG_PAR_42,2018,0.0683304667472839,0.7796610169491526,118.0,370,54,5.916202062607435,0.7796610161694915,0.06833057774260323,0.6539664741198068,0.48255938659376774
SKG_PAR_76,2018,0.0710464715957641,0.7764705882352941,85.0,2,30,1.0986122886681098,0.7764705874588235,0.07104658226459447,0.12143865223702852,0.4287977918589524
SKG_MT_1020,2018,0.0545655488967895,0.6057692307692307,104.0,36,37,3.6109179126442243,0.6057692301634614,0.05456566154677964,0.39914445630466727,0.3646253253309093
SKG_MT_1026,2018,0.0532209277153015,0.7153284671532847,137.0,37,27,3.6375861597263857,0.7153284664379561,0.053221040526927575,0.4020923169981863,0.41916188112956776
SKG_MT_364,2018,0.068652331829071,0.7272727272727273,66.0,15,1,2.772588722239781,0.7272727265454545,0.06865244278569918,0.30647703571983326,0.42174504395899026
SKG_MT_985,2018,0.0605314373970031,0.6916666666666667,120.0,79,33,4.382026634673881,0.6916666659749999,0.060531549329838105,0.48438144563875285,0.4184840972833105
SKG_PAR_86,2018,0.0575979351997375,0.794425087108014,287.0,270,23,5.602118820879701,0.7944250863135888,0.05759804748520668,0.6192482701100066,0.4821765891618777
SKG_PAR_88,2018,0.0286450386047363,0.6821705426356589,129.0,45,38,3.828641396489095,0.6821705419534883,0.028645154370612193,0.4232112237267993,0.39486445509766893
SKG_PAR_93,2018,0.0646592378616333,0.7454545454545455,55.0,10,37,2.3978952727983707,0.7454545447090909,0.0646593492982684,0.2650590869388559,0.4250969207677384
SKG_MT_1140,2018,0.0254728198051452,0.0,150.0,198,33,5.293304824724492,0.0,0.025472935952351217,0.5851125191523284,0.06870042629617333
SKG_MT_1355,2018,0.0627824664115905,0.7654320987654321,81.0,196,31,5.2832037287379885,0.7654320979999999,0.06278257807383095,0.5839959619324879,0.46622867642278115
SKG_MT_1369,2018,0.0286191701889038,0.7685185185185185,216.0,241,35,5.488937726156687,0.7685185177499999,0.028619285957889318,0.6067374328076701,0.4563807165389227
SKG_MT_1372,2018,0.0769920349121093,0.7608695652173914,46.0,5,34,1.791759469228055,0.7608695644565218,0.07699214486622781,0.19805791116698682,0.43103743129145067
SKG_MT_1402,2018,0.0579198002815246,0.7191011235955056,89.0,14,6,2.70805020110221,0.7191011228764044,0.057919912528302614,0.29934306215594814,0.4126528326651181
SKG_MT_1417,2018,0.0507391691207885,0.7090909090909091,110.0,36,31,3.6109179126442243,0.7090909083818181,0.050739282230744975,0.39914445630466727,0.4147556127136738
SKG_MT_29,2018,0.0626786351203918,0.686046511627907,172.0,5,0,1.791759469228055,0.6860465109418604,0.06267874679511373,0.19805791116698682,0.38790054530567436
SKG_MT_1424,2018,0.0490287542343139,0.7792792792792793,222.0,135,40,4.912654885736052,0.7792792785,0.04902886754987811,0.5430361505902178,0.4635548013289731
SKG_MT_1433,2018,0.0602921247482299,0.72,125.0,9,23,2.302585092994046,0.7199999992799999,0.060292236709832504,0.25452366884887795,0.40956926120882076
SKG_MT_1434,2018,0.0586326718330383,0.5757575757575758,66.0,35,31,3.58351893845611,0.5757575751818181,0.05863278399412254,0.39611582233397363,0.35094348342195547
SKG_MT_1452,2018,0.0796476602554321,0.6116504854368932,103.0,20,13,3.044522437723423,0.6116504848252426,0.07964776989031981,0.336536105918453,0.3713379609605945
SKG_MT_1049,2018,0.0661908388137817,0.6752136752136753,117.0,17,32,2.8903717578961645,0.6752136745384615,0.06619095006630416,0.3194965634040153,0.3960328736361539
SKG_MT_1054,2018,0.0618849992752075,0.6302521008403361,119.0,54,18,4.007333185232471,0.6302521002100839,0.061885111045331814,0.44296349685777553,0.38417644420895225
SKG_MT_339,2018,0.0665788650512695,0.7428571428571429,70.0,21,12,3.091042453358316,0.7428571421142857,0.06657897625714762,0.3416783458688142,0.43222799614688334
SKG_MT_1475,2018,0.0591910481452941,0.7417582417582418,182.0,42,33,3.7612001156935624,0.7417582410164835,0.05919116023925632,0.41575638426302675,0.43613122303024693
SKG_NLI_4,2018,0.0552155375480651,0.6148648648648649,148.0,43,44,3.784189633918261,0.61486486425,0.05521565011992058,0.4182976047987725,0.37134845265284544
SKG_MT_197,2018,0.0531064867973327,0.7037037037037037,135.0,13,39,2.6390573296152584,0.703703703,0.05310659962271563,0.29171671261138277,0.4022661626102245
SKG_MT_155,2018,0.054529070854187,0.6712328767123288,73.0,13,26,2.6390573296152584,0.6712328760410958,0.05452918350856213,0.29171671261138277,0.3865997826851111
SKG_MT_158,2018,0.064609408378601,0.611764705882353,85.0,19,31,2.995732273553991,0.6117647052705882,0.06460951982122608,0.33114292777883625,0.3648404533416682
SKG_MT_1203,2018,0.0587548017501831,0.7272727272727273,220.0,34,23,3.5553480614894135,0.7272727265454545,0.058754913896586186,0.3930018636003441,0.42643851519139614
SKG_MT_143,2018,0.0713283419609069,0.7272727272727273,22.0,59,33,4.0943445622221,0.7272727265454545,0.07132845259585384,0.45258158001586474,0.4374259023126552
SKG_MT_1271,2018,0.0550864934921264,0.7291666666666666,192.0,13,30,2.6390573296152584,0.7291666659374999,0.05508660607949417,0.29171671261138277,0.4157896466616859
SKG_MT_1278,2018,0.0562126040458679,0.7511961722488039,209.0,59,27,4.0943445622221,0.7511961714976076,0.05621271649786673,0.45258158001586474,0.44334133034953704
SKG_MT_1291,2018,0.062778353691101,0.5833333333333334,96.0,133,26,4.897839799950911,0.58333333275,0.06277846535383583,0.5413985173058635,0.3709179042471207
SKG_MT_138,2018,0.0592569112777709,0.7880794701986755,151.0,191,29,5.2574953720277815,0.788079469410596,0.05925702336381577,0.5811542058167783,0.4758579646325022
SKG_MT_82,2018,0.0629976391792297,0.7142857142857143,28.0,107,28,4.68213122712422,0.7142857135714286,0.06299775081560437,0.5175544745710021,0.4340974045690562
SKG_MT_83,2018,0.0543850064277648,0.7724137931034483,145.0,1005,75,6.913737350659685,0.7724137923310344,0.05438511909945782,0.7642322541310637,0.48438416921840666
SKG_MT_86,2018,0.0667320489883422,0.6853146853146853,143.0,72,46,4.290459441148391,0.6853146846293706,0.06673216017580619,0.474259770607843,0.41677618344579204
SKG_MT_96,2018,0.0591106414794921,0.719626168224299,107.0,28,29,3.367295829986474,0.7196261675046728,0.05911075358311995,0.372214903742496,0.42067887555983396
SKG_MT_1038,2018,0.0618849992752075,0.7142857142857143,77.0,54,18,4.007333185232471,0.7142857135714286,0.061885111045331814,0.44296349685777553,0.42619325088962456
SKG_MT_416,2018,0.076788306236267,0.9,30.0,131,20,4.882801922586371,0.8999999991,0.07678841621487559,0.539736257035801,0.5346889917395303
SKG_MT_64,2018,0.0496684312820434,0.7752808988764045,89.0,54,27,4.007333185232471,0.7752808981011236,0.049668544520712496,0.44296349685777553,0.4518042165446243
SKG_SA_636,2018,0.0645164251327514,0.7951807228915663,83.0,34,35,3.5553480614894135,0.7951807220963855,0.06451653658655392,0.3930018636003441,0.4626971620428487
SKG_DIA_9,2018,0.0600720643997192,0.7777777777777778,63.0,40,16,3.713572066704308,0.777777777,0.060072176387775095,0.4104916642725502,0.45396692548236506
SKG_SUM_46,2018,0.0606210827827453,0.7384615384615385,130.0,8,0,2.1972245773362196,0.7384615377230769,0.0606211947048041,0.24287730447405703,0.41776697719086575
SKG_SUM_54,2018,0.0577359199523925,0.6577181208053692,149.0,154,31,5.043425116919247,0.657718120147651,0.05773603222127463,0.5574912598142957,0.40770259894376487
SKG_SUM_61,2018,0.0738545656204223,0.7777777777777778,63.0,1,2,0.6931471805599453,0.777777777,0.07385467595169372,0.07661925892995831,0.42609268477367335
SKG_SUM_62,2018,0.0696452856063842,0.8333333333333334,132.0,33,48,3.5263605246161616,0.8333333325,0.06964539644365011,0.38979763273030116,0.48350458810049013
SKG_SUM_69,2018,0.0601337552070617,0.7872340425531915,47.0,68,20,4.23410650459726,0.7872340417659575,0.06013386718770179,0.4680306170338695,0.4644736294614464
SKG_SUM_93,2018,0.0253461599349975,0.6605504587155964,109.0,137,17,4.927253685157205,0.6605504580550459,0.025346276097429205,0.5446498759638279,0.3948787270628774
SKG_SUM_100,2018,0.0240142941474914,0.7678571428571429,56.0,13,33,2.6390573296152584,0.7678571420892857,0.024014410470025727,0.29171671261138277,0.4227060064937914
SKG_SUM_102,2018,0.0719367265701294,0.6582278481012658,79.0,8,26,2.1972245773362196,0.6582278474430379,0.07193683713194285,0.24287730447405703,0.3821763890217018
SKG_SUM_114,2018,0.0659992098808288,0.8152173913043478,92.0,47,41,3.871201010907891,0.8152173904891303,0.06599932115638683,0.42791568795686175,0.4767999925028061
SKG_MT_709,2018,0.0584310293197631,0.7350427350427351,117.0,275,42,5.62040086571715,0.7350427343076923,0.05843114150508664,0.621269134893786,0.4530207372452594
SKG_MT_659,2018,0.0692204236984252,0.8536585365853658,41.0,33,42,3.5263605246161616,0.8536585357317072,0.06922053458676346,0.38979763273030116,0.4934972449735891
SKG_MT_662,2018,0.0725711584091186,0.7304964539007093,141.0,72,42,4.290459441148391,0.7304964531702127,0.07257126889466746,0.474259770607843,0.4417027112037577
SKG_SUM_152,2018,0.05748051404953,0.7752808988764045,178.0,720,50,6.580639137284949,0.7752808981011236,0.05748062634911429,0.7274121689089783,0.48337391648110534
SKG_SUM_117,2018,0.0607144236564636,0.6132075471698113,106.0,168,40,5.1298987149230735,0.6132075465566037,0.06071453556730196,0.5670498978379086,0.3875945772890135
SKG_SUM_176,2018,0.0598438382148742,0.8382352941176471,68.0,60,50,4.110873864173311,0.8382352932794117,0.059843950230365005,0.45440869971230236,0.48849609670308214
SKG_SUM_219,2018,0.0603411793708801,0.8586956521739131,92.0,174,44,5.1647859739235145,0.8586956513152174,0.06034129132658588,0.5709062735192638,0.5105749695401695
SKG_SUM_161,2019,0.051707923412323,0.6129032258064516,124.0,357,49,5.8805329864007,0.6129032251935483,0.051708036405826226,0.6500236777522755,0.39213719493433224
SKG_SUM_159,2019,0.0724501609802246,0.7904761904761904,210.0,59,55,4.0943445622221,0.7904761896857142,0.07245027148031848,0.45258158001586474,0.469476361436571
SKG_SUM_200,2019,0.0531865954399108,0.618421052631579,152.0,68,35,4.23410650459726,0.6184210520131579,0.053186708255663934,0.4680306170338695,0.37728827101223145
SKG_SUM_201,2019,0.062479019165039,0.6060606060606061,165.0,35,25,3.58351893845611,0.6060606054545454,0.062479130863756616,0.39611582233397363,0.36763353730617276
SKG_SUM_202,2019,0.056380271911621,0.8055555555555556,72.0,136,22,4.919980925828125,0.80555555475,0.056380384343464596,0.5438459580575039,0.4797145269181362
SKG_SUM_207,2019,0.068255066871643,0.8028169014084507,71.0,42,32,3.7612001156935624,0.8028169006056338,0.0682551778760261,0.41575638426302675,0.47028615987953004
SKG_SUM_210,2019,0.0659073591232299,0.7272727272727273,154.0,152,49,5.030437921392435,0.7272727265454545,0.06590747040982925,0.5560556782743998,0.4456049192640989
SKG_SUM_213,2019,0.0724787712097168,0.7246376811594203,138.0,123,35,4.820281565605037,0.7246376804347825,0.07247888170637147,0.5328253677552928,0.44459292967546915
SKG_QA_49,2019,0.0689105987548828,0.710691823899371,159.0,149,56,5.0106352940962555,0.7106918231886792,0.0689107096804649,0.5538667310048261,0.43829686856700817
SKG_QA_44,2019,0.0693370103836059,0.0,180.0,38,32,3.6635616461296463,0.0,0.06933712125792936,0.4049636011559828,0.06823120861877002
SKG_QA_43,2019,0.0720514059066772,0.6764705882352942,34.0,28,21,3.367295829986474,0.6764705875588235,0.07205151645470514,0.372214903742496,0.4042773907355434
SKG_QA_25,2019,0.0586363077163696,0.5568181818181818,88.0,5,42,1.791759469228055,0.5568181812613635,0.058636419877016774,0.19805791116698682,0.3216694496981871
SKG_QA_19,2019,0.0569588541984558,0.7454545454545455,110.0,121,25,4.804021044733257,0.7454545447090909,0.05695896656074844,0.5310279586422607,0.44861365484307086
SKG_QA_11,2019,0.066703975200653,0.6877076411960132,301.0,30,0,3.4339872044851463,0.6877076405083056,0.06670408639149172,0.3795868498953761,0.40849413980028704
SKG_QA_81,2019,0.0723289251327514,0.7971014492753623,69.0,302,47,5.713732805509369,0.7971014484782608,0.07232903564741895,0.6315858818444099,0.49064092668253895
SKG_QA_77,2019,0.0609675645828247,0.7228915662650602,166.0,48,35,3.8918202981106265,0.7228915655421686,0.06096767646323317,0.430194907362849,0.4288523440926625
SKG_SUM_169,2019,0.0583269000053405,0.6632653061224489,196.0,37,43,3.6375861597263857,0.6632653054591836,0.058327012203181344,0.4020923169981863,0.39517268931068295
SKG_SUM_168,2019,0.0653154253959655,0.728,125.0,31,79,3.4657359027997265,0.7279999992719999,0.06531553675372079,0.38309629464979156,0.4284358438024674
SKG_SUM_126,2019,0.0888002514839172,0.0,31.0,27,30,3.332204510175204,0.0,0.08880036001857855,0.3683359715413411,0.07235374116156554
SKG_SUM_125,2019,0.0717077255249023,0.603448275862069,174.0,158,39,5.0689042022202315,0.6034482752586207,0.0717078361142438,0.5603076726754108,0.38643803934254894
SKG_SUM_124,2019,0.0802632570266723,0.8290598290598291,117.0,110,64,4.709530201312334,0.8290598282307692,0.08026336658755956,0.5205831085416958,0.498693571604578
SKG_SUM_115,2019,0.0640946626663208,0.7297297297297297,111.0,34,36,3.5553480614894135,0.7297297289999999,0.06409477417082309,0.3930018636003441,0.4298029605283636
SKG_SUM_153,2019,0.0676857233047485,0.6666666666666666,27.0,44,33,3.8066624897703196,0.6666666659999999,0.06768583437757197,0.4207817143929766,0.4024858381903264
SKG_SUM_149,2019,0.0614224672317504,0.688,125.0,47,36,3.871201010907891,0.6879999993119998,0.061422579057475356,0.42791568795686175,0.41136060007467623
SKG_SUM_156,2019,0.0629584193229675,0.7196969696969697,132.0,16,31,2.833213344056216,0.7196969689772726,0.06295853096405676,0.31317837380034286,0.41634973425429334
SKG_SUM_137,2019,0.0629584193229675,0.8,85.0,16,31,2.833213344056216,0.7999999992,0.06295853096405676,0.31317837380034286,0.456501249365657
SKG_MT_1136,2019,0.0670338869094848,0.6280487804878049,164.0,29,42,3.4011973816621555,0.628048779859756,0.06703399806066505,0.37596232108590644,0.3784342212627347
SKG_MT_1135,2019,0.0202144384384155,0.8666666666666667,15.0,16,12,2.833213344056216,0.8666666658,0.020214555217727727,0.31317837380034286,0.47273699236712535
SKG_MT_1134,2019,0.0226833224296569,0.7457627118644068,118.0,119,45,4.787491742782046,0.745762711118644,0.022683438912186372,0.529200838945823,0.43487481501877884
SKG_SUM_183,2019,0.0888002514839172,0.7857142857142857,126.0,27,30,3.332204510175204,0.7857142849285713,0.08880036001857855,0.3683359715413411,0.46521088362585117
SKG_SUM_182,2019,0.0717042684555053,0.7378048780487805,164.0,10,49,2.3978952727983707,0.7378048773109755,0.07170437904526239,0.2650590869388559,0.4240900989674783
SKG_MT_674,2019,0.0160702466964721,0.6788321167883211,137.0,9,34,2.302585092994046,0.6788321161094889,0.016070363973954612,0.25452366884887795,0.37129657052921405
SKG_SUM_73,2019,0.056383728981018,0.7457627118644068,59.0,36,36,3.6109179126442243,0.745762711118644,0.056383841412446026,0.39914445630466727,0.43534933775476714
SKG_SUM_58,2019,0.0618411302566528,0.691358024691358,81.0,63,38,4.1588830833596715,0.6913580239999999,0.061841242032050575,0.4597155535797498,0.4163870641707952
SKG_SUM_57,2019,0.0581036806106567,0.6774193548387096,155.0,32,30,3.4965075614664802,0.6774193541612902,0.058103792835330584,0.38649773917588437,0.4006009681323658
SKG_SUM_79,2019,0.0833686590194702,0.75,160.0,1570,38,7.359467638255621,0.7499999992499999,0.08336876820705935,0.8135024889037842,0.4896977557982022
SKG_SUM_112,2019,0.0562849044799804,0.6829268292682927,164.0,178,61,5.187385805840755,0.6829268285853658,0.05628501692328805,0.5734044188223173,0.42131786294422985
SKG_SUM_101,2019,0.054458737373352,0.6351351351351351,148.0,53,38,3.9889840465642745,0.6351351344999999,0.05445885003618187,0.4409352156410438,0.3834446288285771
SKG_SUM_127,2019,0.0861101150512695,0.6532258064516129,124.0,32,42,3.4965075614664802,0.6532258057983871,0.08611022390931021,0.38649773917588437,0.39970676638050606
SKG_MT_1192,2019,0.051565945148468,0.7216494845360825,97.0,50,37,3.9318256327243257,0.721649483814433,0.05156605815903833,0.43461702603737135,0.42491286777456894
SKG_MT_1185,2019,0.0516761541366577,0.75,16.0,45,49,3.828641396489095,0.7499999992499999,0.05167626713397989,0.4232112237267993,0.43799162885127185
SKG_MT_1184,2019,0.0476629137992858,0.7065217391304348,184.0,2,23,1.0986122886681098,0.706521738423913,0.0476630272790367,0.12143865223702852,0.384469945347274
SKG_MT_242,2019,0.0960047841072082,0.5625,48.0,3,11,1.3862943611198906,0.5624999994375,0.0960048917758179,0.15323851785991663,0.3349758082150688
SKG_MT_235,2019,0.0541857481002807,0.754601226993865,163.0,12,36,2.5649493574615367,0.7546012262392637,0.05418586079592642,0.2835249489189543,0.4273274523298979
SKG_MT_232,2019,0.0579673647880554,0.7161290322580646,155.0,1,35,0.6931471805599453,0.7161290315419355,0.05796747702911571,0.07661925892995831,0.3889134324756099
SKG_MT_222,2019,0.0516797304153442,0.7164179104477612,67.0,13,32,2.6390573296152584,0.7164179097313432,0.051679843412236484,0.29171671261138277,0.4080525634917045
SKG_MT_1150,2019,0.0525938272476196,0.6176470588235294,68.0,9,35,2.302585092994046,0.6176470582058823,0.052593940134628966,0.25452366884887795,0.3553134720416805
SKG_MT_263,2019,0.4295257329940796,0.6623376623376623,154.0,8,12,2.1972245773362196,0.6623376616753246,0.42952580057037776,0.24287730447405703,0.5272668815132192
SKG_DIA_6,2019,0.0769044756889343,0.7078651685393258,89.0,1,12,0.6931471805599453,0.7078651678314606,0.07690458565357824,0.07661925892995831,0.39235634407015746
SKG_SUM_51,2019,0.0601407885551452,0.725,200.0,12,35,2.5649493574615367,0.7249999992749999,0.06014090053493982,0.2835249489189543,0.41490885474337136
SKG_SUM_47,2019,0.0625249743461608,0.8378378378378378,37.0,9,23,2.302585092994046,0.8378378369999999,0.06252508603935418,0.25452366884887795,0.4693813198006294
SKG_MT_292,2019,0.053257942199707,0.6666666666666666,141.0,10,0,2.3978952727983707,0.6666666659999999,0.05325805500688359,0.2650590869388559,0.38114246369663896
SKG_MT_276,2019,0.0638833045959472,0.6748971193415638,243.0,23,41,3.1780538303479458,0.6748971186666667,0.06388341612585667,0.35129642902690345,0.39813156868636634
SKG_MT_271,2019,0.0542100071907043,0.6962025316455697,79.0,21,33,3.091042453358316,0.6962025309493671,0.05421011988343385,0.3416783458688142,0.40395314801493853
SKG_MT_1088,2019,0.0635374784469604,0.781021897810219,137.0,4,39,1.6094379124341003,0.7810218970291971,0.06353759001844138,0.17790440991891962,0.4337164255138671
SKG_MT_214,2019,0.0604792833328247,0.6616541353383458,133.0,8,64,2.1972245773362196,0.6616541346766917,0.06047939527192911,0.24287730447405703,0.3793065558945232
SKG_MT_213,2019,0.0508781671524047,0.794392523364486,107.0,86,37,4.465908118654584,0.7943925225700934,0.05087828024565233,0.4936535559795245,0.4669129289812601
SKG_MT_202,2019,0.0569574236869812,0.6714285714285714,140.0,4,25,1.6094379124341003,0.6714285707571428,0.056957536049445805,0.17790440991891962,0.3762877407902417
SKG_MT_95,2019,0.0690971612930297,0.6927710843373494,166.0,36,42,3.6109179126442243,0.6927710836445782,0.06909727219618525,0.39914445630466727,0.41393889633122993
SKG_MT_1196,2019,0.0737801790237426,0.6138613861386139,101.0,27,35,3.332204510175204,0.6138613855247524,0.07378028936395599,0.3683359715413411,0.3732764056620927
SKG_SUM_96,2019,0.0567186474800109,0.7391304347826086,161.0,100,55,4.61512051684126,0.7391304340434781,0.05671875987117862,0.5101472296073815,0.4432674439309487
SKG_SUM_95,2019,0.0575844645500183,0.7286432160804021,199.0,52,36,3.970291913552122,0.7286432153517588,0.05758457683710677,0.4388690204383823,0.43124234045456034
SKG_SUM_94,2019,0.0502799153327941,0.84375,96.0,61,76,4.127134385045092,0.8437499991562499,0.05028002849795714,0.4562061088253344,0.48760762185984124
SKG_SUM_21,2019,0.0717078447341919,0.1231527093596059,203.0,158,39,5.0689042022202315,0.12315270923645318,0.07170795532351908,0.5603076726754108,0.1462903040151753
SKG_SA_628,2019,0.065822958946228,0.708029197080292,137.0,25,35,3.258096538021482,0.7080291963722627,0.06582307024297304,0.3601442078489126,0.41635824706821184
SKG_SA_623,2019,0.0627495050430297,0.7849462365591398,93.0,3,28,1.3862943611198906,0.7849462357741934,0.0627496167092324,0.15323851785991663,0.43289681635678134
SKG_SA_610,2019,0.0701501965522766,0.6360294117647058,272.0,292,38,5.680172609017068,0.6360294111286764,0.07015030732884754,0.6278761972970289,0.40886244822558016
SKG_DIA_4,2019,0.0612961053848266,0.7307692307692307,104.0,10,25,2.3978952727983707,0.7307692300384614,0.06129621722574142,0.2650590869388559,0.41640901060341284
SKG_DIA_0,2019,0.057965874671936,0.7697841726618705,278.0,46,41,3.8501476017100584,0.7697841718920863,0.05796598691317544,0.4255884814761487,0.45063732885892815
SKG_MT_1241,2019,0.0544308423995971,0.5277777777777778,144.0,2,27,1.0986122886681098,0.52777777725,0.054430955065780204,0.12143865223702852,0.29780513587501495
SKG_MT_1179,2019,0.0508546829223632,0.6923076923076923,78.0,15,27,2.772588722239781,0.6923076916153845,0.050854796018433845,0.30647703571983326,0.3971434677870491
SKG_MT_1176,2019,0.0620180368423461,0.8061224489795918,98.0,3,20,1.3862943611198906,0.8061224481734693,0.062018148596478063,0.15323851785991663,0.4431923353113176
SKG_MT_75,2019,0.0538737177848815,0.75,244.0,38,31,3.6635616461296463,0.7499999992499999,0.05387383051803615,0.4049636011559828,0.4370458919478127
SKG_MT_189,2019,0.076004683971405,0.7672955974842768,159.0,53,33,3.9889840465642745,0.7672955967169811,0.07600479404421225,0.4409352156410438,0.45814323754027986
SKG_MT_1217,2019,0.0520070195198059,0.5652173913043478,92.0,5,21,1.791759469228055,0.5652173907391304,0.052007132477355,0.19805791116698682,0.3232173394772058
SKG_MT_1216,2019,0.0506240725517272,0.7213114754098361,61.0,8,18,2.1972245773362196,0.7213114746885245,0.05062418567551935,0.24287730447405703,0.40519314206187573
SKG_SUM_37,2019,0.0177488327026367,0.0,30.0,100,37,4.61512051684126,0.0,0.017748949778337606,0.5101472296073815,0.05811430287207319
SKG_SUM_31,2019,0.0515664815902709,0.7490494296577946,263.0,121,32,4.804021044733257,0.7490494289087452,0.05156659460077674,0.5310279586422607,0.44825414815890935
SKG_SUM_30,2019,0.0585810542106628,0.7526881720430108,93.0,15,51,2.772588722239781,0.7526881712903225,0.05858116637795195,0.30647703571983326,0.4304242557683253
SKG_DIA_8,2019,0.0519207119941711,0.7840909090909091,176.0,84,102,4.442651256490317,0.784090908306818,0.051920824962095165,0.4910827837192625,0.46192206251017337
SKG_DIA_30,2019,0.086275577545166,0.7258064516129032,186.0,57,34,4.060443010546419,0.7258064508870967,0.08627568638331658,0.4488341626724543,0.4422969162641204
SKG_MT_703,2019,0.0627416372299194,0.6611570247933884,121.0,7,28,2.0794415416798357,0.6611570241322313,0.06274174889706789,0.2298577767898749,0.37866098930393033
SKG_MT_702,2019,0.0676681399345398,0.7169811320754716,53.0,86,42,4.465908118654584,0.7169811313584905,0.06766825100947696,0.4936535559795245,0.4349232216809885
SKG_MT_696,2019,0.0580625534057617,0.7088607594936709,79.0,6,27,1.9459101490553132,0.70886075878481,0.05806266563537946,0.2150974536814245,0.3991651910146992
SKG_MT_609,2019,0.0525084733963012,0.6611111111111111,180.0,1,38,0.6931471805599453,0.6611111104499999,0.05250858629357089,0.07661925892995831,0.3592209156354242
SKG_MT_602,2019,0.0813440084457397,0.7070707070707071,99.0,20,23,3.044522437723423,0.7070707063636363,0.08134411787671063,0.336536105918453,0.4197266109243477
SKG_MT_597,2019,0.0483627319335937,0.7058823529411765,153.0,33,40,3.5263605246161616,0.705882352235294,0.04836284532921997,0.38979763273030116,0.4112660775223651
SKG_DIA_23,2019,0.0733579397201538,0.7037037037037037,54.0,45,37,3.828641396489095,0.703703703,0.07335805011112426,0.4232112237267993,0.42351619391712964
SKG_MT_1261,2019,0.0639370679855346,0.6395348837209303,86.0,2,46,1.0986122886681098,0.6395348830813953,0.06393717950898122,0.12143865223702852,0.357486178567993
SKG_MT_142,2019,0.0607220530509948,0.7476635514018691,107.0,47,57,3.871201010907891,0.7476635506542055,0.06072216496091603,0.42791568795686175,0.44091221010715537
SKG_MT_1198,2019,0.0745296478271484,0.7352941176470589,68.0,14,17,2.70805020110221,0.7352941169117647,0.07452975807726867,0.29934306215594814,0.42739326790238463
SKG_MT_1197,2019,0.0524503588676452,0.7297297297297297,37.0,74,26,4.31748811353631,0.7297297289999999,0.0524504717719008,0.47724747207486773,0.43356980041624704
SKG_MT_172,2019,0.0563999414443969,0.6470588235294118,102.0,96,29,4.574710978503383,0.647058822882353,0.05640005387387604,0.5056804309706926,0.39665747608779617
SKG_MT_159,2019,0.0562400817871093,0.6987179487179487,156.0,73,70,4.30406509320417,0.6987179480192307,0.05624019423580505,0.47576371523462563,0.41943142322739996
SKG_MT_154,2019,0.0535742044448852,0.8084112149532711,214.0,10,44,2.3978952727983707,0.8084112141448598,0.05357431721404413,0.2650590869388559,0.4521412426519332
SKG_SA_581,2019,0.0594474077224731,0.5975609756097561,164.0,39,35,3.6888794541139363,0.5975609750121951,0.05944751978561853,0.40776218670879455,0.3633357140912244
SKG_MT_721,2019,0.0508532524108886,0.7336956521739131,184.0,315,30,5.755742213586912,0.7336956514402174,0.05085336550713121,0.6362295272421844,0.4508121246471797
SKG_MT_128,2019,0.0628431439399719,0.6956521739130435,69.0,14,17,2.70805020110221,0.6956521732173913,0.06284325559491834,0.29934306215594814,0.4028976950622578
SKG_MT_125,2019,0.0264960527420043,0.4769230769230769,65.0,25,22,3.258096538021482,0.4769230764461538,0.026496168766208226,0.3601442078489126,0.2850744265144515
SKG_MT_1301,2019,0.0608760714530944,0.6851851851851852,54.0,77,21,4.356708826689592,0.6851851845,0.06087618334450119,0.4815828600859411,0.4151013515963946
SKG_MT_1296,2019,0.0163925886154174,0.6274509803921569,204.0,61,55,4.127134385045092,0.6274509797647059,0.016392705854151427,0.4562061088253344,0.36590318310654696
SKG_MT_1285,2019,0.0651427507400512,0.8539325842696629,89.0,55,44,4.02535169073515,0.8539325834157302,0.06514286211856357,0.4449552304712995,0.4975189596024205
SKG_MT_1234,2019,0.0588108301162719,0.7425742574257426,101.0,17,38,2.8903717578961645,0.7425742566831682,0.058810942255939865,0.3194965634040153,0.4267611615843616
SKG_MT_1267,2019,0.0475479364395141,0.6296296296296297,189.0,1,48,0.6931471805599453,0.629629629,0.04754804993308634,0.07661925892995831,0.34149596036623037
SKG_SA_598,2019,0.0649133920669555,0.7216494845360825,97.0,20,28,3.044522437723423,0.721649483814433,0.06491350347303891,0.336536105918453,0.4204437538882773
SKG_SA_587,2019,0.0841543078422546,0.7096774193548387,31.0,1,0,0.6931471805599453,0.7096774186451613,0.08415441693540147,0.07661925892995831,0.3961624019897371
SKG_SA_543,2019,0.0785921216011047,0.6901408450704225,142.0,87,33,4.477336814478207,0.6901408443802816,0.07859223136287795,0.49491686372873084,0.4259990011081651
SKG_SA_541,2019,0.0528909564018249,0.7037037037037037,135.0,26,37,3.295836866004329,0.703703703,0.05289106925311659,0.3643159567110855,0.40943987487235517
SKG_SA_525,2019,0.0570451617240905,0.6993006993006993,143.0,50,21,3.9318256327243257,0.6993006986013985,0.05704527407600818,0.43461702603737135,0.41593016153483964
SKG_SA_576,2019,0.0648878216743469,0.7707006369426752,157.0,11,53,2.4849066497880004,0.7707006361719745,0.0648879330835041,0.27467717009694514,0.4387732083290834
SKG_SA_555,2019,0.0712888836860656,0.8571428571428571,21.0,24,40,3.2188758248682006,0.8571428562857142,0.07128899432575579,0.35580881983783924,0.49266790785694337
SKG_SA_553,2019,0.0678459405899047,0.0,134.0,348,20,5.855071922202427,0.0,0.06784605164346857,0.6472092569118649,0.09185934634857393
SKG_DIA_66,2019,0.0489548444747924,0.6774193548387096,93.0,126,34,4.844187086458591,0.6774193541612902,0.04895495779924125,0.5354678415956312,0.4118384443599047
SKG_DIA_62,2019,0.0802295804023742,0.7862595419847328,131.0,39,46,3.6888794541139363,0.7862595411984732,0.08022968996730971,0.40776218670879455,0.4659978652570399
SKG_MT_113,2019,0.0531287193298339,0.7428571428571429,105.0,153,63,5.0369526024136295,0.7428571421142857,0.05312883215254428,0.5567757995502387,0.4483576838731844
SKG_MT_111,2019,0.0173891186714172,0.6577540106951871,187.0,37,31,3.6375861597263857,0.6577540100374331,0.01738923579035907,0.4020923169981863,0.37604193103467876
SKG_MT_106,2019,0.0676428079605102,0.6846846846846847,111.0,11,30,2.4849066497880004,0.6846846839999999,0.0676429190384925,0.27467717009694514,0.3968672266250915
SKG_MT_101,2019,0.0572349429130554,0.7155172413793104,116.0,7,34,2.0794415416798357,0.7155172406637931,0.05723505524215962,0.2298577767898749,0.40363842010774786
SKG_MT_98,2019,0.0764452815055847,0.695364238410596,151.0,21,17,3.091042453358316,0.6953642377152317,0.07644539152542804,0.3416783458688142,0.4124281100546685
SKG_MT_90,2019,0.0509818196296691,0.6578947368421053,114.0,41,34,3.7376696182833684,0.6578947361842106,0.050981932710456736,0.4131553648484113,0.39065567766112913
SKG_MT_1321,2019,0.0543045997619628,0.6271186440677966,118.0,37,44,3.6375861597263857,0.6271186434406779,0.05430471244332145,0.4020923169981863,0.3754904383974862
SKG_MT_134,2019,0.0767918825149536,0.7621359223300971,206.0,37,37,3.6375861597263857,0.7621359215679611,0.07679199249313229,0.4020923169981863,0.45199398948105207
SKG_MT_130,2019,0.0525991320610046,0.5833333333333334,108.0,52,55,3.970291913552122,0.58333333275,0.05259924494737628,0.4388690204383823,0.3565932663977887
SKG_DIA_27,2019,0.0744905471801757,0.8105263157894737,95.0,247,28,5.5134287461649825,0.8105263149789472,0.07449065743499624,0.609444626685251,0.4960038831319972
SKG_DIA_51,2019,0.0722529292106628,0.6962962962962963,135.0,8,27,2.1972245773362196,0.6962962956,0.07225303973446577,0.24287730447405703,0.401337094141192
SKG_DIA_50,2019,0.0629507899284362,0.7333333333333333,90.0,6,44,1.9459101490553132,0.7333333325999999,0.06295090157044259,0.2150974536814245,0.4133567722963194
SKG_DIA_44,2019,0.0570807456970214,0.7634408602150538,93.0,16,12,2.833213344056216,0.7634408594516128,0.05708085804466156,0.31317837380034286,0.43587061032370533
SKG_DIA_36,2019,0.0921233296394348,0.7388059701492538,134.0,76,50,4.343805421853684,0.7388059694104477,0.09212343777463133,0.4801565406202804,0.45426801387710447
SKG_DIA_84,2019,0.0599726438522338,0.8225806451612904,62.0,37,29,3.6375861597263857,0.8225806443387097,0.059972755852240975,0.4020923169981863,0.47548865621006986
SKG_DIA_76,2019,0.0634829401969909,0.6388888888888888,144.0,53,28,3.9889840465642745,0.6388888882499999,0.06348305177502789,0.4409352156410438,0.3889311863991155
SKG_SA_479,2019,0.0187136530876159,0.7388059701492538,134.0,26,47,3.295836866004329,0.7388059694104477,0.01871377004733645,0.3643159567110855,0.413320088395267
SKG_SA_464,2019,0.052145779132843,0.7243589743589743,156.0,4,33,1.6094379124341003,0.7243589736346153,0.052145892073711904,0.17790440991891962,0.4008282846386844
SKG_MT_1043,2019,0.0542852282524108,0.5980392156862745,204.0,208,23,5.342334251964811,0.5980392150882352,0.054285340936098075,0.590532145007084,0.37978695841926524
SKG_MT_307,2019,0.0605677366256713,0.6981132075471698,53.0,7,14,2.0794415416798357,0.6981132068490565,0.0605678485541428,0.2298577767898749,0.39626952052517284
SKG_MT_303,2019,0.0475058555603027,0.6621621621621622,74.0,74,30,4.31748811353631,0.6621621615,0.04750596905893346,0.47724747207486773,0.3978082155810601
SKG_MT_298,2019,0.0691906809806823,0.6391752577319587,97.0,27,0,3.332204510175204,0.6391752570927834,0.06919079187259591,0.3683359715413411,0.3840975424495642
SKG_MT_1083,2019,0.0167608261108398,0.7631578947368421,114.0,66,22,4.204692619390966,0.7631578939736842,0.01676094330530826,0.4647792583759052,0.4347612501465559
SKG_MT_1070,2019,0.0646924972534179,0.7926829268292683,82.0,126,37,4.844187086458591,0.7926829260365853,0.06469260868605492,0.5354678415956312,0.4757652906522778
SKG_MT_1066,2019,0.0463148355484008,0.5959595959595959,99.0,17,27,2.8903717578961645,0.5959595953636363,0.04631494919020321,0.3194965634040153,0.34845543369830095
SKG_MT_756,2019,0.0600935220718383,0.7431192660550459,109.0,9,27,2.302585092994046,0.7431192653119265,0.06009363405731479,0.25452366884887795,0.42104945316377695
SKG_MT_751,2019,0.082624614238739,0.7478260869565218,115.0,52,34,3.970291913552122,0.7478260862086956,0.08262472351576923,0.4388690204383823,0.45084983455449373
SKG_MT_750,2019,0.0585993528366088,0.6604938271604939,162.0,4,22,1.6094379124341003,0.6604938265,0.05859946500169829,0.17790440991891962,0.3714771402425713
SKG_MT_580,2019,0.0668562650680542,0.7894736842105263,38.0,20,11,3.044522437723423,0.7894736834210526,0.06685637624058625,0.336536105918453,0.4551330027986061
SKG_MT_577,2019,0.0538258552551269,0.5892857142857143,56.0,1,17,0.6931471805599453,0.5892857136964286,0.05382596799403507,0.07661925892995831,0.32383516993882416
SKG_SA_444,2019,0.0182482004165649,0.6576576576576577,111.0,16,24,2.833213344056216,0.657657657,0.018248317432237177,0.31317837380034286,0.36744599285292917
SKG_SA_440,2019,0.0636118054389953,0.7527472527472527,182.0,358,44,5.883322388488279,0.7527472519945054,0.06361191700154151,0.6503320133075544,0.46685159412862476
SKG_SA_436,2019,0.0629591941833496,0.7401960784313726,204.0,8,26,2.1972245773362196,0.7401960776911765,0.06295930582434572,0.24287730447405703,0.41956949162273227
SKG_DIA_96,2019,0.0681845545768737,0.7323943661971831,142.0,12,27,2.5649493574615367,0.7323943654647886,0.06818466558973303,0.2835249489189543,0.421823543860183
SKG_MT_1061,2019,0.0625097155570983,0.7906976744186046,129.0,2,26,1.0986122886681098,0.7906976736279069,0.06250982725212592,0.12143865223702852,0.43249663293850665
SKG_MT_60,2019,0.0441362261772155,0.7985074626865671,134.0,43,27,3.784189633918261,0.7985074618880597,0.044136340080906965,0.4182976047987725,0.45873802745626985
SKG_MT_73,2019,0.0695453882217407,0.648936170212766,94.0,28,26,3.367295829986474,0.6489361695638297,0.0695454990710152,0.372214903742496,0.38950777478457055
SKG_MT_70,2019,0.058325171470642,0.7637130801687764,237.0,611,44,6.416732282512326,0.7637130794050633,0.058325283668690636,0.7092941961343164,0.47611607278343954
SKG_MT_68,2019,0.0518598556518554,0.59,100.0,13,32,2.6390573296152584,0.5899999994099999,0.05185996862709496,0.29171671261138277,0.34491565841697625
SKG_MT_67,2019,0.063956081867218,0.6017699115044248,113.0,6,25,1.9459101490553132,0.6017699109026549,0.06395619338837898,0.2150974536814245,0.34797717817482143
SKG_MT_608,2019,0.057539165019989,0.7948717948717948,78.0,28,30,3.367295829986474,0.794871794076923,0.057539277312522896,0.372214903742496,0.45767309833772024
SKG_MT_508,2019,0.0744726061820983,0.7753623188405797,138.0,44,37,3.8066624897703196,0.7753623180652174,0.07447271643907552,0.4207817143929766,0.4595484170475366
SKG_MT_336,2019,0.0710418820381164,0.6846473029045643,241.0,58,46,4.07753744390572,0.684647302219917,0.07104199270749847,0.45072375099157447,0.41581282329211533
SKG_SA_521,2019,0.0495625734329223,0.6428571428571429,98.0,49,17,3.912023005428146,0.6428571422142857,0.049562686684316494,0.43242807876779754,0.38449645365764923
SKG_SA_516,2019,0.0620564222335815,0.6388888888888888,252.0,2,42,1.0986122886681098,0.6388888882499999,0.06205653398309918,0.12143865223702852,0.3564109229419425
SKG_DIA_90,2019,0.0599880218505859,0.6583333333333333,120.0,74,52,4.31748811353631,0.6583333326749999,0.0599881338487445,0.47724747207486773,0.4008866670844845
SKG_MT_562,2019,0.0702495574951171,0.6142857142857143,140.0,76,64,4.343805421853684,0.6142857136714286,0.07024966825974394,0.4801565406202804,0.3832583782016399
SKG_MT_561,2019,0.049452006816864,0.7628865979381443,194.0,26,37,3.295836866004329,0.7628865971752576,0.049452120081549325,0.3643159567110855,0.43765574229135706
SKG_MT_780,2019,0.0616537928581237,0.7241379310344828,29.0,3,37,1.3862943611198906,0.7241379303103448,0.061653904656041175,0.15323851785991663,0.4020543788035805
SKG_MT_773,2019,0.0533219575881958,0.6,10.0,12,38,2.5649493574615367,0.5999999993999999,0.053322070387677147,0.2835249489189543,0.3496813227469663
SKG_MT_765,2019,0.0421786308288574,0.8048780487804879,82.0,25,31,3.258096538021482,0.8048780479756097,0.04217874496786998,0.3601442078489126,0.4553249427598441
SKG_SA_378,2019,0.0631719827651977,0.0,111.0,17,30,2.8903717578961645,0.0,0.06317209438061466,0.3194965634040153,0.05721849409264739
SKG_SA_376,2019,0.0778285264968872,0.7410071942446043,139.0,0,0,0.0,0.741007193503597,0.07782863635045166,0.0,0.4016350512919792
SKG_MT_1374,2019,0.0534676313400268,0.7612903225806451,155.0,8,24,2.1972245773362196,0.7612903218193547,0.05346774412199681,0.24287730447405703,0.42631998900588175
SKG_MT_1371,2019,0.0550880432128906,0.8,165.0,37,48,3.6375861597263857,0.7999999992,0.05508815580007207,0.4020923169981863,0.46224449361984743
SKG_MT_34,2019,0.0698871612548828,0.7976190476190477,84.0,3,23,1.3862943611198906,0.7976190468214286,0.06988727206307302,0.15323851785991663,0.4420882840219352
SKG_MT_1358,2019,0.0658000707626342,0.6836734693877551,98.0,4,19,1.6094379124341003,0.6836734687040815,0.0658001820621306,0.17790440991891962,0.385947248168785
SKG_MT_1357,2019,0.0590163469314575,0.664,125.0,17,33,2.8903717578961645,0.663999999336,0.05901645904642043,0.3194965634040153,0.38755623962696967
SKG_MT_1350,2019,0.0819060206413269,0.6705882352941176,85.0,5,0,1.791759469228055,0.6705882346235293,0.08190613000473874,0.19805791116698682,0.3878623604303588
SKG_MT_1275,2019,0.0626088380813598,0.6216216216216216,37.0,0,15,0.0,0.621621621,0.06260894976447197,0.0,0.3358543904057888
SKG_SA_455,2019,0.0636375546455383,0.6739130434782609,230.0,414,34,6.028278520230698,0.6739130428043477,0.0636376662049892,0.6663552067979838,0.42904710856396794
SKG_SA_446,2019,0.0849183797836303,0.7580645161290323,124.0,30,21,3.4339872044851463,0.7580645153709676,0.08491848878492864,0.3795868498953761,0.4509583381889929
SKG_SA_348,2019,0.0710150003433227,0.7105263157894737,38.0,25,17,3.258096538021482,0.7105263150789473,0.0710151110159362,0.3601442078489126,0.41968362273073934
SKG_DIA_123,2019,0.0714718103408813,0.7583333333333333,240.0,1,0,0.6931471805599453,0.7583333325749999,0.07147192095858201,0.07661925892995831,0.41541736056392864
SKG_DIA_113,2019,0.0600484609603881,0.6875,128.0,62,33,4.143134726391533,0.6874999993124999,0.060048572951281354,0.4579747581554815,0.41356690465231066
SKG_DIA_111,2019,0.0680190920829773,0.9,20.0,15,34,2.772588722239781,0.8999999991,0.06801920311572676,0.30647703571983326,0.507855384368274
SKG_DIA_106,2019,0.0573994517326355,0.7280701754385965,114.0,12,42,2.5649493574615367,0.7280701747105263,0.05739956404196423,0.2835249489189543,0.41534740786394425
SKG_DIA_139,2019,0.0586773753166198,0.7534246575342466,73.0,185,45,5.225746673713202,0.7534246567808218,0.05867748747233026,0.577644761062363,0.45794779948557934
SKG_DIA_129,2019,0.0663623809814453,0.6276595744680851,94.0,18,22,2.9444389791664403,0.6276595738404255,0.06636249221334681,0.325473058068228,0.3729220896123743
SKG_MT_1405,2019,0.0561393499374389,0.5094339622641509,53.0,3,14,1.3862943611198906,0.5094339617547169,0.05613946239824356,0.15323851785991663,0.2924966176226475
SKG_MT_1404,2019,0.0524528622627258,0.7288135593220338,118.0,10,24,2.3978952727983707,0.7288135585932203,0.05245297516668047,0.2650590869388559,0.41189387805716793
SKG_MT_1398,2019,0.0623065829277038,0.6987951807228916,166.0,235,41,5.4638318050256105,0.6987951800240964,0.06230669464714985,0.6039622688514911,0.4347164947560572
SKG_MT_1397,2019,0.0593768954277038,0.78125,128.0,0,28,0.0,0.7812499992187499,0.05937700749932546,0.0,0.41437580260910517
SKG_MT_50,2019,0.0618567466735839,0.7868852459016393,61.0,28,27,3.367295829986474,0.786885245114754,0.06185685844710444,0.372214903742496,0.4554068563104684
SKG_MT_43,2019,0.0501039624214172,0.6888888888888889,45.0,7,32,2.0794415416798357,0.6888888881999999,0.05010407560773142,0.2298577767898749,0.38747185202208
SKG_MT_35,2019,0.0646768808364868,0.8130841121495327,107.0,61,22,4.127134385045092,0.8130841113364485,0.06467699227100106,0.4562061088253344,0.47803346345915815
SKG_MT_1389,2019,0.0675235986709594,0.6551724137931034,232.0,9,49,2.302585092994046,0.655172413137931,0.06752370976327177,0.25452366884887795,0.380048057359162
SKG_MT_570,2019,0.0582422018051147,0.8205128205128205,195.0,19,36,2.995732273553991,0.8205128196923076,0.05824231401313706,0.33114292777883625,0.46666762822929225
SKG_DIA_164,2019,0.0786367654800415,0.7211538461538461,104.0,58,48,4.07753744390572,0.7211538454326922,0.07863687523644815,0.45072375099157447,0.43710404791008284
SKG_SA_337,2019,0.0576559901237487,0.6717171717171717,198.0,21,33,3.091042453358316,0.6717171710454545,0.05765610240223914,0.3416783458688142,0.39308886107050434
SKG_SA_328,2019,0.0682428479194641,0.84375,32.0,5,0,1.791759469228055,0.8437499991562499,0.06824295892531604,0.19805791116698682,0.46897797426495
SKG_MT_761,2019,0.0533219575881958,0.7688442211055276,199.0,12,38,2.5649493574615367,0.7688442203366833,0.053322070387677147,0.2835249489189543,0.434103433215308
SKG_MT_1422,2019,0.0560019612312316,0.7659574468085106,94.0,136,67,4.919980925828125,0.7659574460425531,0.056002073708551654,0.5438459580575039,0.4597641483104476
SKG_MT_1420,2019,0.0499660372734069,0.7336065573770492,244.0,10,0,2.3978952727983707,0.7336065566434425,0.04996615047630099,0.2650590869388559,0.41329564720612727
SKG_MT_1419,2019,0.0626085996627807,0.8297872340425532,47.0,0,15,0.0,0.8297872332127658,0.06260871134592154,0.0,0.43993710114475154
SKG_MT_1418,2019,0.068077266216278,0.7133333333333334,150.0,1,15,0.6931471805599453,0.71333333262,0.0680773772420344,0.07661925892995831,0.3915595430998096
SKG_MT_30,2019,0.0662416219711303,0.6778523489932886,149.0,92,41,4.532599493153256,0.6778523483154362,0.06624173321754816,0.5010255021324046,0.4155254176579778
SKG_MT_20,2019,0.0730447769165039,0.75,80.0,9,32,2.302585092994046,0.7499999992499999,0.07304488734511944,0.25452366884887795,0.42967032144793554
SKG_MT_19,2019,0.055194079875946,0.6,60.0,13,41,2.6390573296152584,0.5999999993999999,0.05519419245038089,0.29171671261138277,0.3512493479412906
SKG_SA_399,2019,0.0547148585319519,0.76,125.0,223,38,5.4116460518550396,0.75999999924,0.05471497116399363,0.598193748331216,0.46170536291871905
SKG_SA_394,2019,0.0780404806137085,0.6842105263157895,209.0,700,35,6.55250788703459,0.6842105256315789,0.07804059044179411,0.7243025904422311,0.44575175803673023
SKG_SA_392,2019,0.0612795948982238,0.7647058823529411,102.0,12,44,2.5649493574615367,0.7647058815882352,0.06127970674112333,0.2835249489189543,0.43521731838246236
SKG_SA_383,2019,0.0573955774307251,0.7394636015325671,261.0,50,67,3.9318256327243257,0.7394636007931034,0.057395689740519555,0.43461702603737135,0.4361517788964966
SKG_SA_357,2019,0.239042580127716,0.719626168224299,214.0,274,36,5.616771097666572,0.7196261675046728,0.23904267060185594,0.6208679067766951,0.5175169426707483
SKG_MT_548,2019,0.0690970420837402,0.7333333333333333,15.0,36,42,3.6109179126442243,0.7333333325999999,0.06909715298691008,0.39914445630466727,0.43421997312523075
SKG_MT_544,2019,0.0516796112060546,0.75,4.0,13,32,2.6390573296152584,0.7499999992499999,0.051679724202961214,0.29171671261138277,0.42484356056732275
SKG_MT_808,2019,0.0641124844551086,0.782608695652174,115.0,18,23,2.9444389791664403,0.7826086948695652,0.06411259595746853,0.325473058068228,0.4494966916245928
SKG_MT_804,2019,0.0522221326828002,0.6582278481012658,79.0,116,30,4.762173934797756,0.6582278474430379,0.0522222456144907,0.5264022533930113,0.4026430473066163
SKG_DIA_188,2019,0.0778764486312866,0.9090909090909092,44.0,36,50,3.6109179126442243,0.9090909081818181,0.07787655847909038,0.39914445630466727,0.5256105231130119
SKG_SA_303,2019,0.0860195159912109,0.8145695364238411,151.0,12,0,2.5649493574615367,0.8145695356092715,0.08601962486014245,0.2835249489189543,0.4700451126405882
SKG_SA_302,2019,0.0752185583114624,0.7348484848484849,132.0,51,62,3.9512437185814275,0.7348484841136363,0.07521866847876925,0.43676346677887096,0.441188056126213
SKG_SA_300,2019,0.0702238082885742,0.7586206896551724,116.0,11,20,2.4849066497880004,0.7586206888965517,0.07022391905629632,0.27467717009694514,0.43486762908048887
SKG_MT_1469,2019,0.0701053738594055,0.7676767676767676,198.0,301,50,5.71042701737487,0.7676767669090908,0.07010548464136454,0.631220465892144,0.4750026239003056
SKG_MT_1465,2019,0.0261686444282531,0.6153846153846154,130.0,10,14,2.3978952727983707,0.6153846147692308,0.026168760491814543,0.2650590869388559,0.3446657202752268
SKG_MT_1463,2019,0.051224410533905,0.8103448275862069,58.0,15,41,2.772588722239781,0.810344826775862,0.05122452358553096,0.30647703571983326,0.4563099263941267
SKG_MT_1445,2019,0.0630924105644226,0.5833333333333334,84.0,3,36,1.3862943611198906,0.58333333275,0.06309252218940486,0.15323851785991663,0.3322275270367536
SKG_DIA_150,2019,0.0195711851119995,0.7387387387387387,111.0,63,50,4.1588830833596715,0.7387387379999999,0.019571301968636746,0.4597155535797498,0.42316944514542965
SKG_DIA_149,2019,0.0623726844787597,0.6666666666666666,135.0,29,48,3.4011973816621555,0.6666666659999999,0.06237279619025973,0.37596232108590644,0.39587868358469447
SKG_DIA_147,2019,0.0669893026351928,0.6694915254237288,236.0,10,43,2.3978952727983707,0.6694915247542372,0.06698941379173251,0.2650590869388559,0.3880474365876972
SKG_DIA_168,2019,0.0590715408325195,0.6619718309859155,142.0,29,54,3.4011973816621555,0.6619718303239436,0.05907165294084761,0.37596232108590644,0.3922108084469015
SKG_DIA_178,2019,0.0779579877853393,0.7556818181818182,176.0,23,27,3.1780538303479458,0.7556818174261364,0.07795809762334131,0.35129642902690345,0.444153790665095
SKG_SA_279,2019,0.0528488159179687,0.8378378378378378,37.0,1,9,0.6931471805599453,0.8378378369999999,0.052848928774326065,0.07661925892995831,0.44772041590272627
SKG_SA_272,2019,0.0638705492019653,0.6610169491525424,59.0,320,76,5.771441123130016,0.6610169484915254,0.0638706607334081,0.6379648568358637,0.41985322422271226
SKG_SA_271,2019,0.0772875547409057,0.5985915492957746,142.0,57,12,4.060443010546419,0.598591548697183,0.07728766465949999,0.4488341626724543,0.3750942564796369
SKG_SA_267,2019,0.0623939633369445,0.7445255474452555,137.0,52,28,3.970291913552122,0.7445255467007298,0.06239407504588661,0.4388690204383823,0.44110730541255777
SKG_DIA_203,2019,0.0186635255813598,0.6976744186046512,129.0,21,51,3.091042453358316,0.6976744179069767,0.01866364254710614,0.3416783458688142,0.39047050055921223
SKG_DIA_202,2019,0.0534661412239074,0.6956521739130435,46.0,60,29,4.110873864173311,0.6956521732173913,0.05346625400605654,0.45440869971230236,0.4146534581823485
SKG_PAR_25,2019,0.0554152727127075,0.7962962962962963,162.0,3,35,1.3862943611198906,0.7962962954999999,0.05541538526055295,0.15323851785991663,0.4356381536402128
SKG_MT_1016,2019,0.048392117023468,0.7297297297297297,148.0,60,35,4.110873864173311,0.7297297289999999,0.048392230415561906,0.45440869971230236,0.42966262663745497
SKG_MT_1012,2019,0.0161787271499633,0.6341463414634146,82.0,22,50,3.1354942159291497,0.6341463408292682,0.016178844414405456,0.34659196479684096,0.3582039046600804
SKG_MT_347,2019,0.0798031687736511,0.7586206896551724,29.0,29,17,3.4011973816621555,0.7586206888965517,0.07980327838984524,0.37596232108590644,0.4488278879128046
SKG_MT_334,2019,0.0607852935791015,0.7065217391304348,92.0,59,25,4.0943445622221,0.706521738423913,0.06078540548142064,0.45258158001586474,0.42283318940611125
SKG_MT_328,2019,0.0601401329040527,0.5980392156862745,102.0,1,13,0.6931471805599453,0.5980392150882352,0.060140244883926136,0.07661925892995831,0.3307376313906839
SKG_MT_322,2019,0.0739754438400268,0.8333333333333334,72.0,25,21,3.258096538021482,0.8333333325,0.07397555415676753,0.3601442078489126,0.48227130869759827
SKG_MT_556,2019,0.0582712292671203,0.5795454545454546,176.0,2,46,1.0986122886681098,0.5795454539659091,0.05827134147165328,0.12143865223702852,0.32522512879531873
SKG_MT_552,2019,0.0185163617134094,0.6433566433566433,143.0,0,19,0.0,0.6433566427132866,0.018516478696846198,0.0,0.32908491283538177
SKG_SA_159,2019,0.0631834864616394,0.6571428571428571,70.0,6,25,1.9459101490553132,0.6571428564857142,0.06318359807567352,0.2150974536814245,0.375354612841269
SKG_MT_522,2019,0.070690631866455,0.7659574468085106,47.0,58,43,4.07753744390572,0.7659574460425531,0.0706907425780606,0.45072375099157447,0.45632739515165827
SKG_MT_783,2019,0.0565055012702941,0.875,8.0,32,14,3.4965075614664802,0.8749999991249999,0.05650561368708397,0.38649773917588437,0.498752018954922
SKG_MT_539,2019,0.0508533716201782,0.7555555555555555,45.0,315,30,5.755742213586912,0.7555555547999999,0.05085348471640648,0.6362295272421844,0.46174212401078096
SKG_DIA_247,2019,0.0801517367362976,0.6363636363636364,110.0,6,0,1.9459101490553132,0.6363636357272726,0.08015184631059064,0.2150974536814245,0.371752301756015
SKG_DIA_234,2019,0.059573471546173,0.7328767123287672,146.0,29,35,3.4011973816621555,0.7328767115958904,0.059573583594164384,0.37596232108590644,0.4278640213442016
SKG_SA_218,2019,0.057709515094757,0.6586826347305389,167.0,15,32,2.772588722239781,0.6586826340718562,0.05770962736681324,0.30647703571983326,0.38307287155463676
SKG_DIA_200,2019,0.0731607675552368,0.9047619047619048,21.0,8,10,2.1972245773362196,0.9047619038571428,0.07316087796990918,0.24287730447405703,0.5059330335639408
SKG_DIA_196,2019,0.0881425142288208,0.627906976744186,172.0,48,25,3.8918202981106265,0.627906976116279,0.08814262284254827,0.430194907362849,0.39223002793144374
SKG_DIA_193,2019,0.0600919723510742,0.71875,192.0,57,37,4.060443010546419,0.7187499992812499,0.060092084336736976,0.4488341626724543,0.42829524964256516
SKG_DIA_227,2019,0.0570763349533081,0.7692307692307693,182.0,49,29,3.912023005428146,0.7692307684615385,0.05707644730147846,0.43242807876779754,0.45068877102814037
SKG_DIA_225,2019,0.0549929738044738,0.7422680412371134,97.0,76,25,4.343805421853684,0.7422680404948453,0.0549930864030835,0.4801565406202804,0.4411469088706841
SKG_SA_236,2019,0.071673572063446,0.782608695652174,46.0,88,29,4.48863636973214,0.7826086948695652,0.07167368265689307,0.4961658965086017,0.46959041014840003
SKG_MT_792,2019,0.0541183352470397,0.6692913385826772,127.0,32,23,3.4965075614664802,0.6692913379133858,0.054118447950789066,0.38649773917588437,0.39494282205459696
SKG_SA_297,2019,0.0516837239265441,0.6621621621621622,148.0,221,47,5.402677381872279,0.6621621615,0.051683836922956326,0.5972023674716541,0.41147485226634795
SKG_SA_294,2019,0.0843002200126648,0.7553956834532374,139.0,81,29,4.406719247264253,0.7553956826978416,0.08430032908827167,0.4871109232025085,0.46012906530448033
SKG_SA_139,2019,0.071424126625061,0.675,80.0,111,40,4.718498871295094,0.674999999325,0.07142423724849373,0.5215744894012577,0.4182271435020233
SKG_SA_101,2019,0.0538838505744934,0.5486725663716814,113.0,39,34,3.6888794541139363,0.5486725658230087,0.05388396330643,0.40776218670879455,0.3366660869049558
SKG_SA_92,2019,0.0562531352043151,0.6944444444444444,108.0,20,42,3.044522437723423,0.6944444437499999,0.05625324765144171,0.336536105918453,0.40337713152742194
SKG_MT_519,2019,0.0164558291435241,0.7647058823529411,102.0,295,48,5.69035945432406,0.7647058815882352,0.016455946374656027,0.6290022330945422,0.45183554265343423
SKG_MT_846,2019,0.0558422207832336,0.8289473684210527,76.0,5,20,1.791759469228055,0.8289473675921052,0.055842333279755935,0.19805791116698682,0.45661640822465366
SKG_MT_843,2019,0.0565258264541626,0.7473684210526316,190.0,7,30,2.0794415416798357,0.7473684203052631,0.05652593886850919,0.2298577767898749,0.41928036337902275
SKG_MT_837,2019,0.0561046600341796,0.7751937984496124,129.0,3,0,1.3862943611198906,0.7751937976744185,0.0561047724991543,0.15323851785991663,0.4253626596228626
SKG_MT_830,2019,0.0577243566513061,0.75,176.0,2,0,1.0986122886681098,0.7499999992499999,0.057724468921578245,0.12143865223702852,0.4102336524173341
SKG_MT_511,2019,0.0769484639167785,0.824,125.0,124,31,4.8283137373023015,0.8239999991759999,0.07694857387613464,0.533713229756759,0.49615075211412973
SKG_DIA_268,2019,0.0616901516914367,0.745945945945946,185.0,81,36,4.406719247264253,0.7459459452,0.0616902634849835,0.4871109232025085,0.44636017031424424
SKG_DIA_266,2019,0.0670863986015319,0.7333333333333333,135.0,412,57,6.023447592961033,0.7333333325999999,0.06708650974639976,0.665821204672999,0.46008339066585974
SKG_SA_216,2019,0.0483816266059875,0.5833333333333334,36.0,33,24,3.5263605246161616,0.58333333275,0.048381739999342456,0.38979763273030116,0.3499991256477671
SKG_SA_208,2019,0.0486595034599304,0.6871794871794872,195.0,18,33,2.9444389791664403,0.6871794864923076,0.04865961681988198,0.325473058068228,0.39560089578092944
SKG_SA_200,2019,0.0684782266616821,0.7045454545454546,132.0,291,22,5.676753802268282,0.704545453840909,0.06847833763923933,0.6274982884677597,0.44241389082292626
SKG_SA_134,2019,0.0694921612739563,0.5974025974025974,154.0,3,37,1.3862943611198906,0.5974025968051947,0.06949227212962918,0.15323851785991663,0.34182205904044066
SKG_SA_189,2019,0.0607755780220031,0.8571428571428571,28.0,142,38,4.962844630259907,0.8571428562857142,0.06077568992549014,0.5485840358578101,0.5077401076988342
SKG_MT_852,2019,0.0596479177474975,0.7730496453900709,141.0,22,34,3.1354942159291497,0.7730496446170212,0.05964802978653976,0.34659196479684096,0.4450432307028106
SKG_SA_0,2019,0.0640652775764465,0.7864077669902912,103.0,36,29,3.6109179126442243,0.7864077662038834,0.06406538908448114,0.39914445630466727,0.45874448436620086
SKG_SA_49,2019,0.0686767697334289,0.6855895196506551,229.0,91,39,4.5217885770490405,0.6855895189650655,0.06867688068711941,0.4998304826567576,0.4202485600230562
SKG_SA_39,2019,0.0693370103836059,0.7333333333333333,180.0,38,32,3.6635616461296463,0.7333333325999999,0.06933712125792936,0.4049636011559828,0.43489787491876997
SKG_DIA_276,2019,0.0726920366287231,0.718562874251497,167.0,99,31,4.605170185988092,0.718562873532934,0.07269214709974128,0.5090473376977559,0.43926302937613915
SKG_DIA_271,2019,0.021376609802246,0.7045454545454546,132.0,12,25,2.5649493574615367,0.704545453840909,0.02137672644185445,0.2835249489189543,0.38917591238909177
SKG_DIA_284,2019,0.0646112561225891,0.7543859649122807,228.0,146,54,4.990432586778736,0.7543859641578947,0.06461136756499206,0.5516335595998775,0.45820088506493195
SKG_DIA_282,2019,0.0557588338851928,0.6976744186046512,86.0,23,36,3.1780538303479458,0.6976744179069767,0.05575894639173901,0.35129642902690345,0.4062704304128743
SKG_DIA_279,2019,0.0629165768623352,0.7559808612440191,209.0,9,50,2.302585092994046,0.7559808604880381,0.06291668850845432,0.25452366884887795,0.4286094725322886
SKG_DIA_277,2019,0.0654102563858032,0.7959183673469388,49.0,33,20,3.5263605246161616,0.7959183665510203,0.0654103677321589,0.38979763273030116,0.46310309364140384
SKG_MT_506,2019,0.0495908856391906,0.6428571428571429,84.0,0,14,0.0,0.6428571422142857,0.0495909988871814,0.0,0.3412649706620154
SKG_PAR_77,2019,0.0589062571525573,0.6585365853658537,82.0,8,40,2.1972245773362196,0.658536584707317,0.05890636928075404,0.24287730447405703,0.37711857051336584
SKG_DIA_261,2019,0.0632680654525756,0.6971153846153846,208.0,53,0,3.9889840465642745,0.6971153839182691,0.06326817705644253,0.4409352156410438,0.41795848434581595
SKG_DIA_257,2019,0.059134304523468,0.6764705882352942,68.0,33,22,3.5263605246161616,0.6764705875588235,0.05913441662425133,0.38979763273030116,0.4008688237021424
SKG_SA_147,2019,0.0670387148857116,0.7621621621621621,185.0,8,47,2.1972245773362196,0.7621621613999999,0.06703882603631149,0.24287730447405703,0.4321843415619303
SKG_SA_141,2019,0.0566923022270202,0.6847826086956522,92.0,65,21,4.189654742026425,0.6847826080108695,0.05669241462135486,0.4631169981058426,0.411379969664561
SKG_DIA_318,2019,0.0605560541152954,0.8333333333333334,96.0,17,27,2.8903717578961645,0.8333333325,0.06055616604517125,0.3194965634040153,0.47283878900847004
SKG_DIA_313,2019,0.0757387280464172,0.8709677419354839,31.0,12,33,2.5649493574615367,0.870967741064516,0.07573883815119481,0.2835249489189543,0.49413190068463136
SKG_DIA_308,2019,0.0547698140144348,0.8020833333333334,192.0,57,60,4.060443010546419,0.80208333253125,0.054769926639870375,0.4488341626724543,0.4678330531888185
SKG_DIA_304,2019,0.0592337846755981,0.7333333333333333,180.0,0,38,0.0,0.7333333325999999,0.059233896764423,0.0,0.39036022500576917
SKG_MT_987,2019,0.0664230585098266,0.7619047619047619,42.0,22,33,3.1354942159291497,0.761904761142857,0.0664231697344341,0.34659196479684096,0.4421808449448862
SKG_MT_367,2019,0.0530939102172851,0.6111111111111112,72.0,6,21,1.9459101490553132,0.6111111105,0.05309402304417986,0.2150974536814245,0.34830290983581436
SKG_MT_366,2019,0.0605446100234985,0.7041420118343196,169.0,0,23,0.0,0.7041420111301775,0.06054472195475003,0.0,0.37628889434698876
SKG_MT_353,2019,0.0190865397453308,0.5,16.0,35,31,3.58351893845611,0.49999999949999996,0.019086656660226912,0.39611582233397363,0.29724624464748806
SKG_MT_1031,2019,0.0315461158752441,0.5944055944055944,143.0,305,34,5.723585101952381,0.5944055938111887,0.0315462312923836,0.6326749372043582,0.37308878314298366
SKG_MT_1028,2019,0.0517188310623168,0.7616822429906542,214.0,63,37,4.1588830833596715,0.761682242228972,0.051718944054508824,0.4597155535797498,0.44750025409426447
SKG_MT_1022,2019,0.0580849647521972,0.6272189349112426,169.0,28,33,3.367295829986474,0.6272189342840236,0.05808507697912091,0.372214903742496,0.3740649883079098
SKG_MT_501,2019,0.0588836669921875,0.7134146341463414,164.0,82,58,4.418840607796598,0.7134146334329268,0.05888377912309979,0.48845079687906423,0.4291059080536097
SKG_MT_871,2019,0.0653465390205383,0.6311475409836066,122.0,0,11,0.0,0.631147540352459,0.06534665037455344,0.0,0.34171243032605086
SKG_MT_864,2019,0.0486426353454589,0.7403846153846154,208.0,35,28,3.58351893845611,0.7403846146442308,0.048642748707438184,0.39611582233397363,0.429260989038488
SKG_MT_857,2019,0.050529658794403,0.7183098591549296,142.0,7,0,2.0794415416798357,0.7183098584366197,0.05052977192954456,0.2298577767898749,0.4023526156691152
SKG_MT_856,2019,0.077322781085968,0.7246376811594203,69.0,64,27,4.174387269895637,0.7246376804347825,0.07732289100032776,0.4614293588378739,0.43939093250130973
SKG_QA_466,2019,0.0566455721855163,0.7641921397379913,229.0,14,47,2.70805020110221,0.7641921389737991,0.05664568458546835,0.29934306215594814,0.43468864953668174
SKG_MT_485,2019,0.061994731426239,0.6075949367088608,158.0,33,36,3.5263605246161616,0.6075949361012658,0.06199484318317249,0.38979763273030116,0.367575168596932
SKG_MT_482,2019,0.0422833561897277,0.6274509803921569,102.0,15,18,2.772588722239781,0.6274509797647059,0.042283470316151324,0.30647703571983326,0.3612865815807968
SKG_MT_470,2019,0.0604019165039062,0.7317073170731707,123.0,2,14,1.0986122886681098,0.7317073163414634,0.06040202845231082,0.12143865223702852,0.4021583347753589
SKG_MT_902,2019,0.0168139338493347,0.6870229007633588,131.0,403,45,6.0014148779611505,0.6870229000763358,0.01681405103741912,0.6633857474672981,0.4165756451998654
SKG_MT_896,2019,0.0667487978935241,0.6428571428571429,126.0,31,14,3.4657359027997265,0.6428571422142857,0.06674890907897471,0.38309629464979156,0.3864377642037119
SKG_MT_883,2019,0.0631718635559082,0.7477477477477478,111.0,17,30,2.8903717578961645,0.7477477469999999,0.06317197517133949,0.3194965634040153,0.43109231990893726
SKG_MT_876,2019,0.056532859802246,0.743801652892562,242.0,58,41,4.07753744390572,0.7438016521487603,0.056532972215747115,0.45072375099157447,0.4395863900598364
SKG_MT_875,2019,0.049356460571289,0.7161290322580646,155.0,9,2,2.302585092994046,0.7161290315419355,0.04935657384745987,0.25452366884887795,0.40325951219483946
SKG_QA_489,2019,0.0238609313964843,0.8579234972677595,183.0,43,32,3.784189633918261,0.8579234964098359,0.02386104773745425,0.4182976047987725,0.4803359277797769
SKG_SA_15,2019,0.0179055929183959,0.3935018050541516,277.0,49,30,3.912023005428146,0.39350180466064977,0.017905709975252773,0.43242807876779754,0.24715599419720574
SKG_SA_11,2019,0.0684782266616821,0.2914798206278027,223.0,291,22,5.676753802268282,0.29147982033632286,0.06847833763923933,0.6274982884677597,0.23588107407063313
SKG_PAR_101,2019,0.0546838641166687,0.6881720430107527,93.0,16,40,2.833213344056216,0.6881720423225807,0.054683976752436254,0.31317837380034286,0.39727744924229913
SKG_SA_38,2019,0.052199363708496,0.8008849557522124,226.0,102,61,4.634728988229636,0.8008849549513274,0.05219947664292354,0.5123147152275538,0.4725537396555885
SKG_SA_35,2019,0.0893278121948242,0.6923076923076923,52.0,0,17,0.0,0.6923076916153845,0.08932792066606787,0.0,0.3818850140741194
SKG_SA_27,2019,0.067345917224884,0.6550218340611353,229.0,78,32,4.3694478524670215,0.6550218334061134,0.06734602833855532,0.4829910093822678,0.4027484289767056
SKG_QA_371,2019,0.0684860944747924,0.6333333333333333,30.0,24,12,3.2188758248682006,0.6333333326999999,0.06848620545140384,0.35580881983783924,0.3796420305143454
SKG_QA_370,2019,0.0800443887710571,0.7065217391304348,92.0,1,62,0.6931471805599453,0.706521738423913,0.08004449835825436,0.07661925892995831,0.3929405944482541
SKG_QA_403,2019,0.0666600465774536,0.6730769230769231,104.0,3,21,1.3862943611198906,0.6730769224038462,0.06666015777357294,0.15323851785991663,0.3785263760973439
SKG_QA_457,2019,0.0552887916564941,0.6736842105263158,95.0,90,43,4.51085950651685,0.6736842098526316,0.05528890421954375,0.49862240260037877,0.4088199068741712
SKG_QA_454,2019,0.0922517776489257,0.6551724137931034,116.0,12,44,2.5649493574615367,0.655172413137931,0.0922518857686816,0.2835249489189543,0.39283945576833357
SKG_QA_452,2019,0.0612695813179016,0.5955056179775281,89.0,17,25,2.8903717578961645,0.5955056173820225,0.061269693162004854,0.3194965634040153,0.3542103422962147
SKG_QA_449,2019,0.0611587762832641,0.7261146496815286,157.0,232,29,5.4510384535657,0.7261146489554139,0.06115888814068715,0.6025481144906568,0.4477756911830475
SKG_QA_447,2019,0.0976597666740417,0.7796610169491526,118.0,18,46,2.9444389791664403,0.7796610161694915,0.09765987414370716,0.325473058068228,0.4614417635490514
SKG_QA_387,2019,0.0562201738357543,0.7903225806451613,62.0,24,24,3.2188758248682006,0.7903225798548386,0.05622028628684317,0.35580881983783924,0.45323028642594043
SKG_QA_386,2019,0.0633826255798339,0.5604395604395604,91.0,23,23,3.1780538303479458,0.5604395598791209,0.06338273716992965,0.35129642902690345,0.34070251771022264
SKG_QA_440,2019,0.0807379484176635,0.7674418604651163,43.0,5,18,1.791759469228055,0.7674418596976744,0.08073805792148847,0.19805791116698682,0.4358219441341313
SKG_QA_484,2019,0.0804916620254516,0.8333333333333334,6.0,11,32,2.4849066497880004,0.8333333325,0.08049177155888247,0.27467717009694514,0.4763310918832475
SKG_QA_482,2019,0.0627493858337402,0.7655172413793103,145.0,14,27,2.70805020110221,0.765517240613793,0.06274949749995724,0.29934306215594814,0.43779272552247417
SKG_QA_481,2019,0.0491711497306823,0.7652173913043478,115.0,60,33,4.110873864173311,0.7652173905391304,0.04917126302912925,0.45440869971230236,0.44771807045244716
SKG_QA_475,2019,0.0560019612312316,0.0,94.0,136,67,4.919980925828125,0.0,0.056002073708551654,0.5438459580575039,0.07678542528917105
SKG_QA_473,2019,0.0575520396232605,0.6428571428571429,196.0,7,25,2.0794415416798357,0.6428571422142857,0.05755215191424675,0.2298577767898749,0.36743520955182907
SKG_MT_444,2019,0.079353928565979,0.5862068965517241,174.0,26,39,3.295836866004329,0.5862068959655171,0.07935403823617598,0.3643159567110855,0.3612766589483375
SKG_MT_921,2019,0.0641597509384155,0.7349397590361446,83.0,25,31,3.258096538021482,0.7349397583012048,0.06415986243509357,0.3601442078489126,0.4291482449095311
SKG_MT_918,2019,0.0544669032096862,0.7475728155339806,103.0,0,18,0.0,0.7475728147864077,0.05446701587153447,0.0,0.39557321374181764
SKG_MT_904,2019,0.0717388391494751,0.6708074534161491,161.0,108,43,4.6913478822291435,0.6708074527453416,0.07173894973507647,0.5185732672657684,0.41595663299327823
SKG_QA_306,2019,0.0526881217956543,0.779874213836478,159.0,46,19,3.8501476017100584,0.7798742130566038,0.05268823467132858,0.4255884814761487,0.4535712485444482
SKG_QA_299,2019,0.0597182512283325,0.7727272727272727,154.0,10,35,2.3978952727983707,0.7727272719545454,0.05971836325892002,0.2650590869388559,0.4367568899747263
SKG_QA_333,2019,0.0624243021011352,0.7301587301587301,63.0,67,30,4.219507705176107,0.7301587294285713,0.06242441380643031,0.46641689166025946,0.43669081940288373
SKG_QA_362,2019,0.0603439211845397,0.762589928057554,139.0,29,22,3.4011973816621555,0.762589927294964,0.06034403313991589,0.37596232108590644,0.443028809012039
SKG_QA_361,2019,0.0644711256027221,0.7752808988764045,178.0,30,54,3.4339872044851463,0.7752808981011236,0.06447123706197004,0.3795868498953761,0.45138762886488737
SKG_QA_359,2019,0.0529039502143859,0.7172413793103448,145.0,49,43,3.912023005428146,0.7172413785931033,0.05290406306411562,0.43242807876779754,0.42302512239897766
SKG_MT_1011,2019,0.0471043586730957,0.6891891891891891,148.0,55,34,4.02535169073515,0.6891891884999999,0.04710447221999011,0.4449552304712995,0.4079319061851259
SKG_MT_998,2019,0.0606171488761901,0.7843137254901961,102.0,37,21,3.6375861597263857,0.7843137247058822,0.060617260798721796,0.4020923169981863,0.45661299837224845
SKG_MT_992,2019,0.0646902918815612,0.7954545454545454,88.0,37,38,3.6375861597263857,0.7954545446590908,0.06469040331446332,0.4020923169981863,0.4638126653551494
SKG_QA_401,2019,0.0832490921020507,0.7807017543859649,114.0,15,70,2.772588722239781,0.7807017536052631,0.0832492013040129,0.30647703571983326,0.45429826089622
SKG_QA_397,2019,0.0739724040031433,0.7916666666666666,144.0,23,56,3.1780538303479458,0.7916666658749999,0.07397251432024946,0.35129642902690345,0.4605519815682901
SKG_QA_396,2019,0.0765495300292968,0.7070707070707071,99.0,33,43,3.5263605246161616,0.7070707063636363,0.07654964003660851,0.38979763273030116,0.42313497246949167
SKG_QA_262,2019,0.0708208084106445,0.7567567567567568,148.0,109,67,4.700480365792417,0.756756756,0.07082091910660168,0.5195827557877338,0.45866502122141406
SKG_QA_260,2019,0.0567923784255981,0.7164179104477612,67.0,24,31,3.2188758248682006,0.7164179097313432,0.056792490807902676,0.35580881983783924,0.4165068331726166
SKG_QA_259,2019,0.0474466085433959,0.6951219512195121,82.0,71,30,4.276666119016055,0.6951219505243902,0.047446722049148696,0.47273508126393193,0.41381317220824776
SKG_QA_257,2019,0.0164445638656616,0.6994535519125683,183.0,30,32,3.4339872044851463,0.6994535512131147,0.01644468109814772,0.3795868498953761,0.3942633330353541
SKG_QA_252,2019,0.0567603111267089,0.6536312849162011,179.0,45,53,3.828641396489095,0.6536312842625698,0.05676042351286826,0.4232112237267993,0.3918409339091121
SKG_QA_314,2019,0.0535930395126342,0.7263157894736842,95.0,9,15,2.302585092994046,0.7263157887473684,0.05359315227952899,0.25452366884887795,0.41004752217038354
SKG_QA_311,2019,0.063742458820343,0.7380952380952381,84.0,41,35,3.7376696182833684,0.7380952373571429,0.06374257036718345,0.4131553648484113,0.435860183310286
SKG_QA_310,2019,0.0704126358032226,0.5945945945945946,148.0,7,25,2.0794415416798357,0.594594594,0.0704127465482459,0.2298577767898749,0.3484481732982858
SKG_QA_284,2019,0.0743005871772766,0.7126436781609196,87.0,115,37,4.7535901911063645,0.7126436774482758,0.07430069745493209,0.5254534216024126,0.438587459866352
SKG_QA_275,2019,0.0581036806106567,0.7310924369747899,119.0,46,19,3.8501476017100584,0.7310924362436974,0.058103792835330584,0.4255884814761487,0.4313465834035958
SKG_QA_330,2019,0.066769003868103,0.625,96.0,10,26,2.3978952727983707,0.624999999375,0.06676911505112466,0.2650590869388559,0.3657135544018354
SKG_QA_329,2019,0.0768907666206359,0.7024793388429752,121.0,4,23,1.6094379124341003,0.7024793381404958,0.0768908765869278,0.17790440991891962,0.399786460696911
SKG_QA_365,2019,0.0730316042900085,0.6911764705882353,68.0,6,16,1.9459101490553132,0.6911764698970587,0.0730317147202075,0.2150974536814245,0.3963106662047548
SKG_QA_319,2019,0.0511927604675293,0.6756756756756757,111.0,4,24,1.6094379124341003,0.6756756749999999,0.05119287352295989,0.17790440991891962,0.3761054279010759
SKG_PAR_174,2019,0.1892427206039428,0.6428571428571429,42.0,17,26,2.8903717578961645,0.6428571422142857,0.18924281706448773,0.3194965634040153,0.4290753542733395
SKG_MT_454,2019,0.0516619682312011,0.7511961722488039,209.0,42,35,3.7612001156935624,0.7511961714976076,0.05166208123022857,0.41575638426302675,0.43783855666719795
SKG_QA_206,2019,0.0849061012268066,0.6711711711711712,222.0,43,40,3.784189633918261,0.6711711705,0.08490621022958093,0.4182976047987725,0.4113778298217096
SKG_QA_204,2019,0.0629624128341674,0.75,112.0,41,32,3.7376696182833684,0.7499999992499999,0.06296252447477661,0.4131553648484113,0.4415005458997518
SKG_QA_194,2019,0.0205191373825073,0.676056338028169,71.0,36,32,3.6109179126442243,0.6760563373521126,0.02051925412519189,0.39914445630466727,0.38615031595659977
SKG_MT_424,2019,0.0567082166671752,0.7605633802816901,142.0,50,30,3.9318256327243257,0.7605633795211267,0.0567083290595968,0.43461702603737135,0.4464267239881392
SKG_MT_419,2019,0.0545681118965148,0.7734806629834254,181.0,5,26,1.791759469228055,0.7734806622099447,0.05456822454619684,0.19805791116698682,0.4283734120401498
SKG_MT_953,2019,0.0735214352607727,0.76,225.0,8,0,2.1972245773362196,0.75999999924,0.07352154563208949,0.24287730447405703,0.4336963483202415
SKG_MT_951,2019,0.0692521333694458,0.7357142857142858,140.0,21,30,3.091042453358316,0.7357142849785714,0.06925224425397226,0.3416783458688142,0.42972587477775603
SKG_QA_221,2019,0.0710490942001342,0.8888888888888888,9.0,71,34,4.276666119016055,0.8888888879999999,0.0710492048686493,0.47273508126393193,0.5201376340738528
SKG_QA_292,2019,0.0205087661743164,0.0,182.0,38,67,3.6635616461296463,0.0,0.020508882918247703,0.4049636011559828,0.04869991328289736
SKG_QA_291,2019,0.0554558634757995,0.82,50.0,156,25,5.056245805348308,0.8199999991799999,0.05545597601876556,0.5589084359551739,0.48807323359302357
SKG_QA_249,2019,0.0571114420890808,0.7867647058823529,136.0,38,30,3.6635616461296463,0.7867647050955882,0.05711155443303096,0.4049636011559828,0.45672333443660473
SKG_QA_231,2019,0.0599523782730102,0.7418181818181818,275.0,23,49,3.1780538303479458,0.7418181810763635,0.059952490275453484,0.35129642902690345,0.4300197295510535
SKG_QA_267,2019,0.060175597667694,0.6966292134831461,89.0,186,31,5.231108616854587,0.6966292127865168,0.060175709643304244,0.5782374607391987,0.43020863632449996
SKG_MT_439,2019,0.0765575170516967,0.7653061224489796,196.0,3,32,1.3862943611198906,0.7653061216836734,0.07655762705804828,0.15323851785991663,0.42859996345104767
SKG_QA_265,2019,0.0625759363174438,0.7333333333333333,45.0,129,24,4.867534450455582,0.7333333325999999,0.06257604800451108,0.5380486177678322,0.4455019472785876
SKG_QA_263,2019,0.0591711997985839,0.6373626373626373,91.0,3,49,1.3862943611198906,0.6373626367252746,0.059171311894932084,0.15323851785991663,0.3576736949066018
SKG_MT_970,2019,0.0182550549507141,0.6224489795918368,98.0,7,28,2.0794415416798357,0.6224489789693878,0.018255171965562398,0.2298577767898749,0.3415123359499064
SKG_QA_51,2019,0.0169188380241394,0.7420634920634921,252.0,87,20,4.477336814478207,0.7420634913214286,0.016918955199613367,0.49491686372873084,0.42729101411343273
SKG_QA_50,2019,0.0659073591232299,0.6161616161616161,99.0,7,24,2.0794415416798357,0.6161616155454545,0.06590747040982925,0.2298577767898749,0.3574295736156464
SKG_QA_82,2019,0.0792931318283081,0.8198198198198198,111.0,5,24,1.791759469228055,0.8198198189999999,0.07929324150581342,0.19805791116698682,0.461432997219024
SKG_QA_123,2019,0.0630449056625366,0.8021978021978022,91.0,105,34,4.663439094112067,0.8021978013956044,0.0630450172932294,0.5154882793683405,0.477865735551928
SKG_QA_115,2019,0.0544074773788452,0.6615384615384615,130.0,26,38,3.295836866004329,0.661538460876923,0.054407590047837004,0.3643159567110855,0.3889638621287049
SKG_QA_109,2019,0.0598090291023254,0.7407407407407407,81.0,48,23,3.8918202981106265,0.7407407399999999,0.05980914112200058,0.430194907362849,0.4373135171850851
SKG_QA_187,2019,0.0647743940353393,0.7654320987654321,81.0,17,23,2.8903717578961645,0.7654320979999999,0.06477450545813156,0.3194965634040153,0.4405755075236541
SKG_QA_186,2019,0.061771273612976,0.6,60.0,29,28,3.4011973816621555,0.5999999993999999,0.06177138539677119,0.37596232108590644,0.3623047859672991
SKG_QA_160,2019,0.0693791508674621,0.5826771653543307,127.0,20,0,3.044522437723423,0.5826771647716534,0.06937926173671989,0.336536105918453,0.35274389767236
SKG_QA_153,2019,0.0570477247238159,0.740506329113924,158.0,94,43,4.553876891600541,0.7405063283734176,0.057047837075425475,0.5033774679871477,0.44341004581559373
SKG_QA_147,2019,0.0731205940246582,0.7475728155339806,206.0,91,45,4.5217885770490405,0.7475728147864077,0.07312070444415981,0.4998304826567576,0.4530177374365435
SKG_QA_139,2019,0.0205972790718078,0.6910569105691057,123.0,18,36,2.9444389791664403,0.6910569098780487,0.02059739580509903,0.325473058068228,0.3863147190678868
SKG_QA_138,2019,0.0601546168327331,0.7769230769230769,130.0,510,26,6.236369590203704,0.7769230761461537,0.06015472881086543,0.6893572242892675,0.4814591520263498
SKG_QA_218,2019,0.077400803565979,0.5659340659340659,182.0,53,31,3.9889840465642745,0.5659340653681318,0.07740091347095973,0.4409352156410438,0.3580209196365542
SKG_QA_209,2019,0.0554736256599426,0.7416666666666667,120.0,8,20,2.1972245773362196,0.741666665925,0.05547373820077349,0.24287730447405703,0.41731055869021505
SKG_QA_68,2019,0.0177488327026367,0.7,30.0,100,37,4.61512051684126,0.6999999992999999,0.017748949778337606,0.5101472296073815,0.40811430252207315
SKG_QA_55,2019,0.0196908116340637,0.684931506849315,146.0,126,47,4.844187086458591,0.6849315061643835,0.019690928476320726,0.5354678415956312,0.4038889086322831
SKG_QA_30,2019,0.0172516703605651,0.7735849056603774,53.0,30,48,3.4339872044851463,0.7735849048867924,0.01725178749602953,0.3795868498953761,0.43165185243134563
SKG_QA_29,2019,0.0694277882575988,0.7079646017699115,226.0,116,65,4.762173934797756,0.7079646010619468,0.06942789912100991,0.5264022533930113,0.4343936855186785
SKG_QA_27,2019,0.0740839838981628,0.6060606060606061,132.0,19,27,2.995732273553991,0.6060606054545454,0.07408409420185601,0.33114292777883625,0.36577823318589875
SKG_QA_102,2019,0.0530487895011901,0.7954545454545454,88.0,73,60,4.30406509320417,0.7954545446590908,0.053048902333508785,0.47576371523462563,0.46652320478641146
SKG_QA_100,2019,0.0674903988838195,0.7584745762711864,236.0,38,23,3.6635616461296463,0.7584745755127118,0.06749050998012279,0.4049636011559828,0.44672985186400327
SKG_QA_99,2019,0.0581535100936889,0.7735849056603774,159.0,137,43,4.927253685157205,0.7735849048867924,0.058153622312372824,0.5446498759638279,0.46451888896472815
SKG_QA_98,2019,0.0904091000556945,0.8085106382978723,47.0,25,27,3.258096538021482,0.8085106374893616,0.09040920839695733,0.3601442078489126,0.476433422888355
SKG_QA_90,2019,0.0604980587959289,0.8176795580110497,181.0,2,40,1.0986122886681098,0.8176795571933702,0.06049817073277632,0.12143865223702852,0.4451829121134985
SKG_QA_89,2019,0.0586616396903991,0.7443946188340808,223.0,60,39,4.110873864173311,0.7443946180896861,0.05866175184800113,0.45440869971230236,0.4411028797552738
SKG_QA_86,2019,0.0627025365829467,0.7289719626168224,107.0,40,28,3.713572066704308,0.7289719618878504,0.06270264825479543,0.4104916642725502,0.4306162066730984
SKG_MT_935,2019,0.0606490969657897,0.6551724137931034,58.0,6,12,1.9459101490553132,0.655172413137931,0.06064920888448093,0.2150974536814245,0.3733556354909003
SKG_MT_933,2019,0.0617023706436157,0.6290322580645161,62.0,56,27,4.04305126783455,0.6290322574354839,0.06170248243569367,0.44691171030525656,0.38388829272254504
SKG_MT_414,2019,0.0632281303405761,0.6785714285714286,84.0,24,0,3.2188758248682006,0.6785714278928571,0.0632282419492436,0.35580881983783924,0.40015789270990987
SKG_MT_411,2019,0.0639931559562683,0.7571428571428571,70.0,12,9,2.5649493574615367,0.7571428563857142,0.06399326747297263,0.2835249489189543,0.4325212300739416
SKG_MT_261,2019,0.0499109029769897,0.7272727272727273,154.0,31,70,3.4657359027997265,0.7272727265454545,0.04991101618651145,0.38309629464979156,0.421910399212311
SKG_MT_253,2019,0.0673220753669738,0.803921568627451,51.0,21,20,3.091042453358316,0.8039215678235294,0.06732218648351113,0.3416783458688142,0.4630574930920506
SKG_MT_251,2019,0.0562328100204467,0.6206896551724138,87.0,53,58,3.9889840465642745,0.6206896545517241,0.056232922470016586,0.4409352156410438,0.3769315178279731
SKG_MT_249,2019,0.0586708188056945,0.7303370786516854,89.0,13,35,2.6390573296152584,0.7303370779213483,0.05867093096219311,0.29171671261138277,0.4178085826066897
SKG_MT_248,2019,0.0663989782333374,0.6568627450980392,102.0,6,32,1.9459101490553132,0.6568627444411764,0.06639908946083958,0.2150974536814245,0.3765007533730665
SKG_MT_1139,2019,0.0206024050712585,0.6068965517241379,145.0,122,52,4.812184355372417,0.6068965511172413,0.02060252180393354,0.5319303165095786,0.3648823159311519
SKG_MT_655,2019,0.052503228187561,0.6463414634146342,82.0,17,35,2.8903717578961645,0.6463414627682926,0.052503341085461216,0.3194965634040153,0.37612172415873235
SKG_MT_654,2019,0.021131694316864,0.7435897435897436,78.0,61,22,4.127134385045092,0.7435897428461538,0.021131810985913563,0.4562061088253344,0.42586820669997577
SKG_MT_649,2019,0.0530723333358764,0.7546296296296297,216.0,109,45,4.700480365792417,0.754629628875,0.0530724461653649,0.5195827557877338,0.45050206848241936
SKG_MT_640,2019,0.017471969127655,0.6466165413533834,133.0,43,40,3.784189633918261,0.6466165407067668,0.017472086236637478,0.4182976047987725,0.3721268653279156
SKG_MT_626,2019,0.0531835556030273,0.7205882352941176,68.0,28,39,3.367295829986474,0.7205882345735294,0.05318366841914585,0.372214903742496,0.41878907502867263
SKG_MT_621,2019,0.0589027404785156,0.6160714285714286,112.0,16,42,2.833213344056216,0.6160714279553571,0.05890285260713508,0.31317837380034286,0.3629146924005669
SKG_MT_618,2019,0.0708195567131042,0.6047904191616766,167.0,49,38,3.912023005428146,0.6047904185568862,0.07081966740921185,0.43242807876779754,0.3739658841189076
SKG_MT_616,2019,0.0644347071647644,0.6883720930232559,215.0,43,29,3.784189633918261,0.6883720923348837,0.06443481862839018,0.4182976047987725,0.4117897340986752
SKG_SUM_91,2019,0.0563045740127563,0.6722689075630253,119.0,28,22,3.367295829986474,0.6722689068907564,0.05630468645369949,0.372214903742496,0.3958778184011076
SKG_SUM_89,2019,0.056383728981018,0.73,100.0,36,36,3.6109179126442243,0.7299999992699999,0.056383841412446026,0.39914445630466727,0.4274679818304451
SKG_MT_683,2019,0.0592287182807922,0.6363636363636364,22.0,56,40,4.04305126783455,0.6363636357272726,0.05922883037022613,0.44691171030525656,0.3865645210422524
SKG_MT_687,2019,0.0622892379760742,0.7545454545454545,220.0,65,28,4.189654742026425,0.754545453790909,0.06228934969760527,0.4631169981058426,0.44850016658508085
SKG_MT_690,2019,0.0593665242195129,0.5405405405405406,74.0,4,14,1.6094379124341003,0.54054054,0.05936663629238127,0.17790440991891962,0.31180736550884447
SKG_SUM_220,2019,0.0535111427307128,0.6,50.0,9,37,2.302585092994046,0.5999999993999999,0.05351125550745234,0.25452366884887795,0.3468568687878687
SKG_SUM_199,2020,0.0685945749282836,0.7401129943502824,177.0,3,61,1.3862943611198906,0.7401129936101694,0.06859468589185468,0.15323851785991663,0.4128182229478182
SKG_SUM_189,2020,0.0503884553909301,0.7236842105263158,76.0,72,51,4.290459441148391,0.7236842098026316,0.05038856854304562,0.474259770607843,0.4294235093793184
SKG_MT_536,2020,0.0524560809135437,0.7758620689655172,58.0,3,13,1.3862943611198906,0.7758620681896551,0.05245619381711145,0.15323851785991663,0.42423736340766377
SKG_MT_811,2020,0.0530888438224792,0.6626506024096386,83.0,67,46,4.219507705176107,0.6626506017469879,0.053088956649982984,0.46641689166025946,0.3992025726995131
SKG_MT_814,2020,0.0544598698616027,0.8027210884353742,147.0,33,27,3.5263605246161616,0.802721087632653,0.05445998252429644,0.38979763273030116,0.4621243000990752
SKG_MT_826,2020,0.0579088330268859,0.7087378640776699,103.0,3,26,1.3862943611198906,0.708737863368932,0.057908945274982276,0.15323851785991663,0.39285636158045056
SKG_MT_782,2020,0.0579813122749328,0.6237623762376238,101.0,6,14,1.9459101490553132,0.6237623756138614,0.057981424514316496,0.2150974536814245,0.3565835029807997
SKG_MT_784,2020,0.0737412571907043,0.7747747747747747,111.0,11,27,2.4849066497880004,0.7747747739999999,0.07374136753559644,0.27467717009694514,0.4443516510239331
SKG_MT_525,2020,0.0459182858467102,0.7403508771929824,285.0,42,63,3.7612001156935624,0.7403508764526315,0.045918399536181556,0.41575638426302675,0.4301184364670911
SKG_MT_526,2020,0.0751344561576843,0.7037037037037037,27.0,0,13,0.0,0.703703703,0.075134566335101,0.0,0.3819056780340404
SKG_DIA_248,2020,0.0577656030654907,0.0,48.0,24,26,3.2188758248682006,0.0,0.05776571533080465,0.35580881983783924,0.05868716811610579
SKG_DIA_254,2020,0.0732301473617553,0.7659574468085106,94.0,19,32,2.995732273553991,0.7659574460425531,0.07323025776808759,0.33114292777883625,0.4453851189063952
SKG_SA_156,2020,0.0538199543952941,0.6868686868686869,99.0,15,31,2.772588722239781,0.6868686861818181,0.05382006713491161,0.30647703571983326,0.395610073516857
SKG_SA_124,2020,0.0515305399894714,0.7092198581560284,141.0,129,54,4.867534450455582,0.7092198574468085,0.05153065300429776,0.5380486177678322,0.4290270517019066
SKG_SA_133,2020,0.0575163960456848,0.808641975308642,162.0,19,59,2.995732273553991,0.8086419745,0.057516508340955744,0.33114292777883625,0.4604418833642659
SKG_SA_205,2020,0.0505830645561218,0.7384615384615385,130.0,257,40,5.552959584921617,0.7384615377230769,0.050583177684843494,0.6138142954300135,0.4508454694784772
SKG_MT_1142,2020,0.0610477328300476,0.6206896551724138,29.0,2,15,1.0986122886681098,0.6206896545517241,0.06104784470081911,0.12143865223702852,0.34690783037989253
SKG_MT_1143,2020,0.0529715418815612,0.7089552238805971,134.0,23,43,3.1780538303479458,0.7089552231716418,0.05297165472316577,0.35129642902690345,0.41079591637777757
SKG_MT_250,2020,0.0832811594009399,0.6436781609195402,87.0,119,40,4.787491742782046,0.643678160275862,0.08328126859904732,0.529200838945823,0.40807167147213225
SKG_MT_255,2020,0.0645044445991516,0.8103448275862069,58.0,19,22,2.995732273553991,0.810344826775862,0.06450455605439429,0.33114292777883625,0.4640885285875723
SKG_MT_264,2020,0.0554366111755371,0.6595744680851063,188.0,41,35,3.7376696182833684,0.6595744674255318,0.055436723720817475,0.4131553648484113,0.3932774596859341
SKG_MT_1146,2020,0.0560815930366516,0.6341463414634146,123.0,9,17,2.302585092994046,0.6341463408292682,0.05608170550439917,0.25452366884887795,0.36495821950128154
SKG_SUM_140,2020,0.0570380091667175,0.0,217.0,10,81,2.3978952727983707,0.0,0.057038121519494986,0.2650590869388559,0.049321157301683585
SKG_SUM_157,2020,0.0605298280715942,0.7904761904761904,210.0,1,24,0.6931471805599453,0.7904761896857142,0.06052994000462266,0.07661925892995831,0.427111996737702
SKG_SUM_150,2020,0.0650846362113952,0.7692307692307693,78.0,19,36,2.995732273553991,0.7692307684615385,0.06508474759689346,0.33114292777883625,0.4437635760474103
SKG_SUM_118,2020,0.0541797876358032,0.75,68.0,18,28,2.9444389791664403,0.7499999992499999,0.05417990033216542,0.325473058068228,0.4292192655646889
SKG_SUM_119,2020,0.0579338073730468,0.7946428571428571,112.0,7,58,2.0794415416798357,0.7946428563482142,0.057933919618141025,0.2298577767898749,0.443480773700351
SKG_SUM_121,2020,0.0603508949279785,0.8131868131868132,91.0,47,36,3.871201010907891,0.8131868123736263,0.060351006882516385,0.42791568795686175,0.4735253777355059
SKG_QA_41,2020,0.0575988888740539,0.6612903225806451,124.0,21,37,3.091042453358316,0.6612903219193548,0.057599001159408435,0.3416783458688142,0.3878525960103222
SKG_SUM_215,2020,0.0608469247817993,0.7294117647058823,85.0,7,31,2.0794415416798357,0.7294117639764705,0.0608470366767098,0.2298577767898749,0.4120304743379066
SKG_SUM_209,2020,0.0563515424728393,0.6057142857142858,175.0,42,55,3.7612001156935624,0.6057142851085714,0.05635165490813644,0.41575638426302675,0.366973442943843
SKG_MT_689,2020,0.0560684204101562,0.7066666666666667,75.0,22,15,3.1354942159291497,0.7066666659599999,0.056068532879487244,0.34659196479684096,0.41041994261147896
SKG_SUM_104,2020,0.0597609281539917,0.5915492957746479,71.0,6,25,1.9459101490553132,0.5915492951830985,0.05976104017944906,0.2150974536814245,0.3411888090314713
SKG_SUM_105,2020,0.0512547492980957,0.7103448275862069,145.0,7,37,2.0794415416798357,0.710344826875862,0.05125486234607466,0.2298577767898749,0.39866013605534834
SKG_SUM_106,2020,0.0579897761344909,0.7023809523809523,84.0,121,21,4.804021044733257,0.7023809516785713,0.05798988837285716,0.5310279586422607,0.4274892270526546
SKG_SUM_75,2020,0.0596224069595336,0.8488888888888889,225.0,1,51,0.6931471805599453,0.84888888804,0.0596225190016425,0.07661925892995831,0.45595537751365284
SKG_SUM_84,2020,0.0707038640975952,0.7293233082706767,133.0,85,1,4.454347296253507,0.7293233075413533,0.07070397480761016,0.49237564319298505,0.44218080801301923
SKG_SUM_66,2020,0.0543742179870605,0.6380597014925373,268.0,116,68,4.762173934797756,0.6380597008544776,0.05437433066005039,0.5264022533930113,0.3934198080305601
SKG_SUM_70,2020,0.0609546899795532,0.0,88.0,63,26,4.1588830833596715,0.0,0.06095480186150932,0.4597155535797498,0.07035347610257871
SKG_QA_69,2020,0.0516849756240844,0.6785714285714286,84.0,9,26,2.302585092994046,0.6785714278928571,0.05168508862034617,0.25452366884887795,0.38541211627945476
SKG_MT_1149,2020,0.0662654042243957,0.7,20.0,7,16,2.0794415416798357,0.6999999992999999,0.0662655154679547,0.2298577767898749,0.3994919835161693
SKG_MT_1164,2020,0.0483400225639343,0.6864406779661016,118.0,37,34,3.6375861597263857,0.686440677279661,0.04834013596229044,0.4020923169981863,0.40276562472456534
SKG_MT_226,2020,0.0488097071647644,0.5644444444444444,225.0,27,50,3.332204510175204,0.5644444438799999,0.0488098205066601,0.3683359715413411,0.3385797472967981
SKG_MT_231,2020,0.0478102564811706,0.652542372881356,118.0,73,37,4.30406509320417,0.6525423722288135,0.047810369943209544,0.47576371523462563,0.3929717056151531
SKG_MT_244,2020,0.057616114616394,0.6621621621621622,148.0,0,30,0.0,0.6621621615,0.057616226899677846,0.0,0.3541275715098711
SKG_MT_1126,2020,0.061174988746643,0.8131868131868132,91.0,18,29,2.9444389791664403,0.8131868123736263,0.06117510060211716,0.325473058068228,0.46361075223448284
SKG_MT_1128,2020,0.0648468136787414,0.7101449275362319,69.0,0,33,0.0,0.710144926826087,0.06484692509282815,0.0,0.38101123345017474
SKG_MT_1180,2020,0.046841025352478,0.6748466257668712,163.0,5,48,1.791759469228055,0.6748466250920244,0.046841138931027516,0.19805791116698682,0.37596555923512187
SKG_MT_1145,2020,0.0644749402999877,0.6190476190476191,105.0,66,36,4.204692619390966,0.6190476184285714,0.06447505175877707,0.4647792583759052,0.38179175575538704
SKG_MT_1094,2020,0.0531667470932006,0.75,76.0,5,21,1.791759469228055,0.7499999992499999,0.05316685991133969,0.19805791116698682,0.4160725347062345
SKG_MT_1104,2020,0.0548239946365356,0.7264957264957265,117.0,59,29,4.0943445622221,0.7264957257692307,0.054824107255458165,0.45258158001586474,0.43043566378838505
SKG_MT_269,2020,0.0568413734436035,0.59375,96.0,54,32,4.007333185232471,0.59374999940625,0.05684148582001842,0.44296349685777553,0.36390794371690993
SKG_MT_291,2020,0.0653055906295776,0.6818181818181818,44.0,2,15,1.0986122886681098,0.6818181811363635,0.0653057019885151,0.12143865223702852,0.37917523658729063
SKG_SUM_53,2020,0.0465236902236938,0.6666666666666666,93.0,16,24,2.833213344056216,0.6666666659999999,0.04652380384038994,0.31317837380034286,0.3832606919161902
SKG_QA_88,2020,0.0801649093627929,0.7283950617283951,81.0,7,52,2.0794415416798357,0.728395061,0.08016501893550247,0.2298577767898749,0.41924931575318847
SKG_QA_91,2020,0.0663682222366333,0.7627906976744186,215.0,42,64,3.7612001156935624,0.7627906969116279,0.06636833346783264,0.41575638426302675,0.4495183202692497
SKG_QA_94,2020,0.0528768301010131,0.6990291262135923,103.0,2,34,1.0986122886681098,0.6990291255145631,0.0528769429540029,0.12143865223702852,0.3828092051625856
SKG_QA_96,2020,0.0604464411735534,0.7202072538860104,193.0,14,29,2.70805020110221,0.720207253165803,0.06044655311660574,0.29934306215594814,0.4142165540451386
SKG_QA_32,2020,0.0777183771133422,0.7476635514018691,107.0,18,20,2.9444389791664403,0.7476635506542055,0.07771848698014765,0.325473058068228,0.43746647592598464
SKG_QA_33,2020,0.0437836647033691,0.688212927756654,263.0,47,33,3.871201010907891,0.6882129270684411,0.04378377864944172,0.42791568795686175,0.4044115437896834
SKG_QA_59,2020,0.0531754493713378,0.7424242424242424,66.0,59,41,4.0943445622221,0.7424242416818181,0.053175562188430794,0.45258158001586474,0.4377405037178679
SKG_QA_61,2020,0.0541995763778686,0.6821192052980133,151.0,55,37,4.02535169073515,0.682119204615894,0.05419968907185203,0.4449552304712995,0.40723500098381776
SKG_SUM_131,2020,0.0491263270378112,0.6344827586206897,145.0,13,33,2.6390573296152584,0.6344827579862069,0.04912644034164626,0.29171671261138277,0.36606362639090023
SKG_SUM_99,2020,0.0695512890815734,0.7664670658682635,167.0,3,53,1.3862943611198906,0.7664670651017964,0.06955139993013858,0.15323851785991663,0.4263779443089453
SKG_MT_1178,2020,0.0662838816642761,0.68,75.0,16,24,2.833213344056216,0.67999999932,0.06628399290561394,0.31317837380034286,0.3978314342022799
SKG_MT_1240,2020,0.0378694534301757,0.7368421052631579,76.0,142,58,4.962844630259907,0.7368421045263157,0.03786956808719137,0.5485840358578101,0.43842728308381546
SKG_MT_1243,2020,0.0476600527763366,0.703862660944206,233.0,19,56,2.995732273553991,0.7038626602403433,0.04766016625643142,0.33114292777883625,0.40410968940062786
SKG_MT_152,2020,0.0617209672927856,0.7086092715231788,151.0,21,55,3.091042453358316,0.7086092708145695,0.06172107908262808,0.3416783458688142,0.4131609016272174
SKG_SUM_16,2020,0.0553880929946899,0.4330985915492957,284.0,26,45,3.295836866004329,0.4330985911161971,0.05538820554580261,0.3643159567110855,0.27513617344752817
SKG_SUM_19,2020,0.0523899793624877,0.7266187050359713,278.0,151,53,5.0238805208462765,0.7266187043093525,0.05239009227400148,0.555330834858103,0.43979847255008714
SKG_SUM_55,2020,0.0600944757461547,0.85,60.0,86,57,4.465908118654584,0.8499999991499999,0.060094587731516554,0.4936535559795245,0.49840319026555907
SKG_SUM_56,2020,0.065513789653778,0.7202797202797203,143.0,15,55,2.772588722239781,0.7202797195594406,0.06551390098768806,0.30647703571983326,0.4169931237467788
SKG_DIA_7,2020,0.0542206764221191,0.7692307692307693,52.0,5,36,1.791759469228055,0.7692307684615385,0.054220789113566106,0.19805791116698682,0.42610949099289436
SKG_DIA_10,2020,0.0568596124649047,0.0,133.0,121,48,4.804021044733257,0.0,0.05685972483912712,0.5310279586422607,0.07584668579987693
SKG_SUM_3,2020,0.0495221018791198,0.1226993865030674,163.0,358,34,5.883322388488279,0.12269938638036801,0.04952221513537904,0.6503320133075544,0.14619178057509108
SKG_SUM_26,2020,0.0609546899795532,0.6785714285714286,140.0,63,26,4.1588830833596715,0.6785714278928571,0.06095480186150932,0.4597155535797498,0.40963919004900723
SKG_SUM_28,2020,0.0554310083389282,0.6605504587155964,218.0,273,53,5.6131281063880705,0.6605504580550459,0.055431120884882085,0.6204652169874623,0.414494199080222
NOVEL_QA_38,2020,0.0575658679008483,0.0,0.0,25,54,3.258096538021482,0.0,0.05756598019017226,0.3601442078489126,0.05904081286096017
SKG_MT_207,2020,0.0633854866027832,0.6363636363636364,44.0,1,26,0.6931471805599453,0.6363636357272726,0.06338559819253502,0.07661925892995831,0.3511979830336462
SKG_MT_208,2020,0.0612974166870117,0.6356589147286822,129.0,21,29,3.091042453358316,0.6356589140930232,0.06129752852776889,0.3416783458688142,0.3765163030445006
SKG_QA_132,2020,0.0658646821975708,0.6397058823529411,136.0,8,23,2.1972245773362196,0.6397058817132352,0.06586479348930031,0.24287730447405703,0.3704865886997434
SKG_QA_135,2020,0.0638782382011413,0.8048780487804879,164.0,60,38,4.110873864173311,0.8048780479756097,0.0638783497316598,0.45440869971230236,0.473431233851699
SKG_QA_103,2020,0.0636838674545288,0.7926829268292683,82.0,202,52,5.313205979041787,0.7926829260365853,0.06368397900841247,0.5873123574239205,0.4805462903640497
SKG_QA_52,2020,0.0692688226699829,0.8545454545454545,55.0,6,31,1.9459101490553132,0.854545453690909,0.06926893355250315,0.2150974536814245,0.4764900456345982
SKG_MT_965,2020,0.0478981733322143,0.64,175.0,18,35,2.9444389791664403,0.63999999936,0.047898286783684824,0.325473058068228,0.3717066202002967
SKG_MT_967,2020,0.0486272573471069,0.6666666666666666,117.0,5,34,1.791759469228055,0.6666666659999999,0.04862737071093476,0.19805791116698682,0.3725900724010725
SKG_MT_974,2020,0.0524302721023559,0.6901408450704225,71.0,1,26,0.6931471805599453,0.6901408443802816,0.052430385009026116,0.07661925892995831,0.3737045020867471
SKG_MT_978,2020,0.0498193502426147,0.7741935483870968,62.0,3,12,1.3862943611198906,0.7741935476129032,0.049819463463141936,0.15323851785991663,0.4223484109777
SKG_MT_407,2020,0.0412889719009399,0.7482993197278912,147.0,19,28,2.995732273553991,0.7482993189795918,0.04128908614689773,0.33114292777883625,0.4237795867264386
SKG_MT_937,2020,0.0565029978752136,0.5804597701149425,174.0,4,24,1.6094379124341003,0.5804597695344828,0.056503110292304405,0.17790440991891962,0.3306215698760551
SKG_MT_943,2020,0.0532184839248657,0.7070707070707071,99.0,2,14,1.0986122886681098,0.7070707063636363,0.05321859673678554,0.12143865223702852,0.38696665710023526
SKG_MT_173,2020,0.055897831916809,0.1666666666666666,288.0,1222,32,7.109062135687172,0.16666666649999992,0.05589794440664636,0.785823109145968,0.1842748219272553
SKG_MT_177,2020,0.061213195323944,0.6481481481481481,54.0,3,24,1.3862943611198906,0.6481481474999999,0.06121330717482538,0.15323851785991663,0.3638832484059218
SKG_MT_186,2020,0.0617100596427917,0.6942148760330579,121.0,1,26,0.6931471805599453,0.694214875338843,0.06171017143394538,0.07661925892995831,0.37945343213599547
SKG_MT_190,2020,0.0688726305961608,0.7727272727272727,88.0,5,28,1.791759469228055,0.7727272719545454,0.06887274152630703,0.19805791116698682,0.43371852370449415
SKG_MT_12,2020,0.037868857383728,0.6632653061224489,196.0,46,41,3.8501476017100584,0.6632653054591836,0.037868972040815324,0.4255884814761487,0.3893390896935328
SKG_SUM_13,2020,0.0495221018791198,0.6740088105726872,227.0,358,34,5.883322388488279,0.6740088098986784,0.04952221513537904,0.6503320133075544,0.42184649233424626
SKG_SUM_14,2020,0.0837081670761108,0.7644230769230769,208.0,108,43,4.6913478822291435,0.7644230761586537,0.08370827622288793,0.5185732672657684,0.4675521752950588
SKG_DIA_2,2020,0.0640551447868347,0.7757009345794392,214.0,84,34,4.442651256490317,0.7757009338037383,0.0640552562960874,0.4910827837192625,0.46258084779223035
SKG_DIA_3,2020,0.0516064763069152,0.7507082152974505,353.0,33,61,3.5263605246161616,0.7507082145467422,0.05160658931261331,0.38979763273030116,0.4349765062714465
SKG_QA_142,2020,0.0527494549751281,0.5860215053763441,186.0,9,48,2.302585092994046,0.5860215047903226,0.052749567843429566,0.25452366884887795,0.3395629464174209
SKG_QA_144,2020,0.0659785270690918,0.7176470588235294,170.0,134,58,4.90527477843843,0.7176470581058823,0.0659786383471361,0.5422203666300052,0.4394370210547961
SKG_QA_154,2020,0.0624252557754516,0.664179104477612,134.0,78,47,4.3694478524670215,0.6641791038134328,0.06242536748063207,0.4829910093822678,0.405358799837196
SKG_QA_181,2020,0.0582525134086608,0.6576576576576577,111.0,49,52,3.912023005428146,0.657657657,0.05825262561544361,0.43242807876779754,0.3953726866229572
SKG_QA_184,2020,0.0701509714126586,0.7631578947368421,114.0,13,57,2.6390573296152584,0.7631578939736842,0.07015108218913639,0.29171671261138277,0.43881105112363494
SKG_QA_190,2020,0.0471209287643432,0.7954545454545454,44.0,21,48,3.091042453358316,0.7954545446590908,0.04712104230924573,0.3416783458688142,0.45074352384012517
SKG_QA_191,2020,0.0707039833068847,0.0,133.0,85,1,4.454347296253507,0.0,0.07070409401688534,0.49237564319298505,0.07751920192605265
SKG_QA_163,2020,0.0599667429924011,0.7555555555555555,45.0,32,14,3.4965075614664802,0.7555555547999999,0.059966854993117616,0.38649773917588437,0.44041429331483545
SKG_QA_105,2020,0.0437356233596801,0.6268656716417911,67.0,2,14,1.0986122886681098,0.6268656710149254,0.04373573731152774,0.12143865223702852,0.34307099565577664
SKG_QA_114,2020,0.0638203620910644,0.8333333333333334,30.0,473,41,6.161207321695077,0.8333333325,0.06382047362854015,0.6810489205492546,0.5102997477563415
SKG_QA_120,2020,0.0677284002304077,0.6791044776119403,134.0,17,37,2.8903717578961645,0.6791044769328357,0.06772851129810102,0.3194965634040153,0.3985932993260598
SKG_QA_129,2020,0.0580182075500488,0.8,55.0,117,40,4.770684624465665,0.7999999992,0.058018319784997344,0.5273430099215328,0.4759416285061522
SKG_MT_140,2020,0.0513479113578796,0.5319148936170213,329.0,18,33,2.9444389791664403,0.5319148930851063,0.05134802439465961,0.325473058068228,0.3190439621072398
SKG_MT_145,2020,0.0619987249374389,0.7043010752688172,186.0,2,28,1.0986122886681098,0.7043010745645161,0.061998836693892334,0.12143865223702852,0.3890939371835178
SKG_MT_1251,2020,0.0565143823623657,0.7692307692307693,26.0,4,12,1.6094379124341003,0.7692307684615385,0.05651449477808798,0.17790440991891962,0.4250116231338964
SKG_MT_1258,2020,0.056055724620819,0.625,120.0,32,36,3.4965075614664802,0.624999999375,0.0560558370916762,0.38649773917588437,0.3735721084417589
SKG_MT_1259,2020,0.0469304919242858,0.7264150943396226,106.0,2,24,1.0986122886681098,0.7264150936132074,0.0469306054920806,0.12143865223702852,0.39412365422713885
SKG_DIA_13,2020,0.0710452198982238,0.0,87.0,5,16,1.791759469228055,0.0,0.07104533056720462,0.19805791116698682,0.04822392334358053
SKG_DIA_14,2020,0.0760299563407898,0.8181818181818182,22.0,12,22,2.5649493574615367,0.8181818173636364,0.07603006641055907,0.2835249489189543,0.4678554301379373
SKG_DIA_16,2020,0.0586341619491577,0.7539267015706806,191.0,17,33,2.8903717578961645,0.7539267008167538,0.05863427411006281,0.3194965634040153,0.4323667163928036
SKG_DIA_17,2020,0.0745165944099426,0.7350427350427351,117.0,18,64,2.9444389791664403,0.7350427343076923,0.07451670466163202,0.325473058068228,0.42987535482532174
SKG_SA_620,2020,0.0773611068725586,0.7065637065637066,259.0,3,24,1.3862943611198906,0.7065637058571428,0.07736121678231123,0.15323851785991663,0.39955019142748754
SKG_QA_214,2020,0.0538827180862426,0.702247191011236,178.0,18,33,2.9444389791664403,0.7022471903089887,0.05388283081831533,0.325473058068228,0.4052240332886433
SKG_QA_217,2020,0.0579492449760437,0.7272727272727273,198.0,170,41,5.14166355650266,0.7272727265454545,0.05794935721928218,0.5683503625422851,0.44365114241466863
SKG_PAR_211,2020,0.0528453588485717,0.6466666666666666,150.0,57,55,4.060443010546419,0.6466666660199999,0.052845471705344635,0.4488341626724543,0.38935493795938325
SKG_PAR_213,2020,0.047402024269104,0.8805970149253731,67.0,40,39,3.713572066704308,0.8805970140447761,0.047402137780216236,0.4104916642725502,0.5003085285617296
SKG_SUM_9,2020,0.0662355422973632,0.737037037037037,270.0,7,28,2.0794415416798357,0.7370370363,0.06623565354451189,0.2298577767898749,0.41799855724679225
SKG_SUM_10,2020,0.0568596124649047,0.7540106951871658,187.0,121,48,4.804021044733257,0.754010694433155,0.05685972483912712,0.5310279586422607,0.45285203301645444
SKG_MT_1262,2020,0.0650135278701782,0.8241758241758241,91.0,32,57,3.4965075614664802,0.8241758233516483,0.06501363926422435,0.38649773917588437,0.47674314129910234
SKG_MT_1269,2020,0.0705951452255249,0.5384615384615384,65.0,8,53,2.1972245773362196,0.5384615379230768,0.07059525594860888,0.24287730447405703,0.3217566017883877
SKG_MT_1272,2020,0.061987280845642,0.7560975609756098,41.0,2,31,1.0986122886681098,0.7560975602195121,0.06198739260347112,0.12143865223702852,0.4149876023748474
SKG_MT_1274,2020,0.068018615245819,0.7352941176470589,102.0,53,41,3.9889840465642745,0.7352941169117647,0.06801872627862578,0.4409352156410438,0.4389480705314371
SKG_MT_948,2020,0.0523988604545593,0.7083333333333334,144.0,3,30,1.3862943611198906,0.708333332625,0.052398973365005486,0.15323851785991663,0.3904501074444938
SKG_MT_949,2020,0.0524298548698425,0.7112676056338029,142.0,73,51,4.30406509320417,0.7112676049225352,0.05242996777656287,0.47576371523462563,0.4241821610953553
SKG_MT_418,2020,0.0565142631530761,0.7941176470588235,34.0,4,12,1.6094379124341003,0.7941176462647058,0.05651437556881271,0.17790440991891962,0.43745501435177
SKG_MT_420,2020,0.0500586628913879,0.5882352941176471,68.0,1,13,0.6931471805599453,0.5882352935294117,0.05005877608314754,0.07661925892995831,0.32180308309096073
SKG_MT_430,2020,0.0549141764640808,0.7692307692307693,91.0,12,18,2.5649493574615367,0.7692307684615385,0.05491428907216267,0.2835249489189543,0.43493359475152976
SKG_MT_434,2020,0.0657120943069458,0.7142857142857143,105.0,0,16,0.0,0.7142857135714286,0.0657122056170178,0.0,0.3834277390325214
SKG_MT_436,2020,0.0409721136093139,0.6808510638297872,141.0,21,20,3.091042453358316,0.6808510631489361,0.040972227893361045,0.3416783458688142,0.3909822573186939
NOVEL_MT_95,2020,0.0457595586776733,0.0,0.0,3,46,1.3862943611198906,0.0,0.045759672386225136,0.15323851785991663,0.03362772074048172
SKG_MT_161,2020,0.0614001154899597,0.7627118644067796,177.0,78,33,4.3694478524670215,0.7627118636440677,0.061400227318371546,0.4829910093822678,0.4542151236876093
SKG_MT_163,2020,0.0776138305664062,0.7424242424242424,66.0,2,37,1.0986122886681098,0.7424242416818181,0.0776139404457791,0.12143865223702852,0.41440156224292357
SKG_MT_1200,2020,0.0670883059501648,0.6870229007633588,131.0,13,56,2.6390573296152584,0.6870229000763358,0.06708841709480338,0.29171671261138277,0.39951848813722757
SKG_MT_1212,2020,0.0507348775863647,0.6534653465346535,101.0,7,37,2.0794415416798357,0.6534653458811881,0.050734990696837054,0.2298577767898749,0.37001244689831636
SKG_QA_222,2020,0.0492976903915405,0.7543859649122807,114.0,30,32,3.4339872044851463,0.7543859641578947,0.04929780367477609,0.3795868498953761,0.43487078853839545
SKG_QA_171,2020,0.0677925944328308,0.6111111111111112,36.0,2,22,1.0986122886681098,0.6111111105,0.06779270549280737,0.12143865223702852,0.3448165026708258
SKG_QA_174,2020,0.0564886331558227,0.7222222222222222,72.0,2,16,1.0986122886681098,0.7222222214999999,0.05648874557464027,0.12143865223702852,0.39585047420355896
SKG_QA_178,2020,0.0674108266830444,0.6666666666666666,93.0,307,54,5.730099782973574,0.6666666659999999,0.06741093778891301,0.633395058480197,0.4236372139635849
SKG_DIA_18,2020,0.0578936338424682,0.7320261437908496,153.0,141,44,4.955827057601261,0.7320261430588234,0.05789374609239166,0.5478083258330528,0.44395140254967363
SKG_DIA_22,2020,0.066815972328186,0.7733990147783252,203.0,18,45,2.9444389791664403,0.773399014004926,0.0668160835055616,0.325473058068228,0.44597324621151047
SKG_MT_730,2020,0.0581312179565429,0.6018518518518519,108.0,3,12,1.3862943611198906,0.60185185125,0.058131330177906546,0.15323851785991663,0.33950230948215426
SKG_MT_594,2020,0.0566484332084655,0.691699604743083,253.0,82,42,4.418840607796598,0.6916996040513833,0.05664854560807363,0.48845079687906423,0.4173542999568275
SKG_MT_693,2020,0.0575181245803833,0.6730769230769231,52.0,24,41,3.2188758248682006,0.6730769224038462,0.05751823687544646,0.35580881983783924,0.39512663793588565
SKG_SA_548,2020,0.0565465688705444,0.7828947368421053,152.0,8,63,2.1972245773362196,0.7828947360592106,0.05654668128239756,0.24287730447405703,0.43835377098996997
SKG_SA_538,2020,0.053844153881073,0.6614583333333334,192.0,137,55,4.927253685157205,0.661458332671875,0.05384426661778151,0.5446498759638279,0.40673186057943295
SKG_SA_546,2020,0.0464996099472045,0.7538461538461538,65.0,0,19,0.0,0.7538461530923076,0.04649972356679531,0.0,0.39552296597287195
SKG_SA_586,2020,0.0503648519515991,0.6717557251908397,131.0,259,57,5.560681631015528,0.6717557245190839,0.05036496510655197,0.6146678766977905,0.4174906359719418
SKG_SA_591,2020,0.0652875900268554,0.8571428571428571,28.0,67,36,4.219507705176107,0.8571428562857142,0.06528770138795674,0.46641689166025946,0.5013281978640657
SKG_DIA_11,2020,0.0527154207229614,0.6583333333333333,120.0,11,25,2.4849066497880004,0.6583333326749999,0.0527155335953541,0.27467717009694514,0.37772059678533615
SKG_DIA_12,2020,0.0542058944702148,0.608,125.0,8,42,2.1972245773362196,0.6079999993919999,0.054206007163438735,0.24287730447405703,0.3499701330087811
SKG_DIA_47,2020,0.0747004747390747,0.7272727272727273,22.0,6,35,1.9459101490553132,0.7272727265454545,0.07470058496865999,0.2150974536814245,0.41502634262833366
SKG_DIA_49,2020,0.0510738492012023,0.8135593220338984,59.0,9,24,2.302585092994046,0.8135593212203389,0.05107396227092713,0.25452366884887795,0.4526616124034281
SKG_SA_498,2020,0.0473881959915161,0.6125,160.0,1,39,0.6931471805599453,0.6124999993875,0.04738830950429063,0.07661925892995831,0.3328672493884621
SKG_DIA_29,2020,0.0578136444091796,0.7666666666666667,90.0,44,44,3.8066624897703196,0.7666666659,0.057813756668718526,0.4207817143929766,0.44853700705678506
SKG_MT_129,2020,0.0611882209777832,0.5818181818181818,55.0,2,7,1.0986122886681098,0.5818181812363635,0.061188332831666734,0.12143865223702852,0.32752828897455133
NOVEL_MT_163,2020,0.054892361164093,0.0,0.0,2,28,1.0986122886681098,0.0,0.05489247377479727,0.12143865223702852,0.03410085473362176
SKG_MT_438,2020,0.0547402501106262,0.7076923076923077,65.0,41,22,3.7376696182833684,0.7076923069846154,0.05474036273961563,0.4131553648484113,0.4170578350729951
SKG_QA_226,2020,0.0569024085998535,0.6666666666666666,69.0,24,68,3.2188758248682006,0.6666666659999999,0.056902520968931426,0.35580881983783924,0.3916752233713564
SKG_QA_228,2020,0.0686336755752563,0.6692307692307692,130.0,26,48,3.295836866004329,0.6692307685615384,0.06863378653412713,0.3643159567110855,0.3985004945655286
SKG_QA_232,2020,0.0665909051895141,0.6714285714285714,70.0,156,35,5.056245805348308,0.6714285707571428,0.06659101639394488,0.5589084359551739,0.4182415355316667
SKG_QA_237,2020,0.0687448382377624,0.7945736434108527,258.0,36,67,3.6109179126442243,0.7945736426162789,0.06874494918327044,0.39914445630466727,0.4646992466119144
SKG_QA_239,2020,0.0549287796020507,0.7482517482517482,143.0,6,60,1.9459101490553132,0.7482517475034964,0.054928892208377135,0.2150974536814245,0.4176071760032415
SKG_QA_244,2020,0.0577694773674011,0.7805907172995781,237.0,16,38,2.833213344056216,0.7805907165189873,0.05776958963224932,0.31317837380034286,0.44472103149242764
SKG_QA_195,2020,0.0535539388656616,0.6779661016949152,177.0,39,52,3.6888794541139363,0.6779661010169491,0.05355405163725665,0.40776218670879455,0.40118088983425665
SKG_QA_290,2020,0.0611695051193237,0.6326530612244898,98.0,62,34,4.143134726391533,0.6326530605918367,0.06116961697545705,0.4579747581554815,0.3865918529016493
SKG_QA_293,2020,0.0574680566787719,0.7050359712230215,139.0,13,27,2.6390573296152584,0.7050359705179855,0.057468168979853684,0.29171671261138277,0.4046769241120725
SKG_QA_313,2020,0.0531886219978332,0.7379310344827587,145.0,42,28,3.7612001156935624,0.7379310337448276,0.05318873481334273,0.41575638426302675,0.43181664922405355
SKG_QA_317,2020,0.0579853057861328,0.6934673366834171,199.0,20,24,3.044522437723423,0.6934673359899497,0.05798541802503644,0.336536105918453,0.4035814457968347
SKG_QA_297,2020,0.0512035489082336,0.7162629757785467,289.0,60,47,4.110873864173311,0.7162629750622836,0.05120366196236732,0.45440869971230236,0.424053822287319
SKG_QA_250,2020,0.0640736818313598,0.6607142857142857,56.0,9,45,2.302585092994046,0.6607142850535713,0.06407379333838416,0.25452366884887795,0.3814390267470271
SKG_QA_264,2020,0.047625720500946,0.7654320987654321,81.0,52,36,3.970291913552122,0.7654320979999999,0.047625833985167884,0.4388690204383823,0.4456532846379053
SKG_MT_1238,2020,0.0524543523788452,0.5604395604395604,182.0,1,39,0.6931471805599453,0.5604395598791209,0.052454465282620745,0.07661925892995831,0.3088634919456046
SKG_MT_114,2020,0.0575391054153442,0.7380952380952381,42.0,0,24,0.0,0.7380952373571429,0.05753921770788526,0.0,0.39206330576172554
SKG_MT_115,2020,0.0447869300842285,0.6916666666666667,120.0,1,14,0.6931471805599453,0.6916666659749999,0.04478704390969932,0.07661925892995831,0.37141007644437557
SKG_MT_118,2020,0.0604766607284545,0.7844827586206896,232.0,56,38,4.04305126783455,0.7844827578362068,0.06047677266787417,0.44691171030525656,0.4611232590157787
SKG_MT_1289,2020,0.0513015985488891,0.6544117647058824,136.0,29,46,3.4011973816621555,0.6544117640514705,0.051301711591236344,0.37596232108590644,0.38532279877082043
SKG_MT_718,2020,0.056678295135498,0.7586206896551724,29.0,12,29,2.5649493574615367,0.7586206888965517,0.05667840753151644,0.2835249489189543,0.43033420235277786
SKG_DIA_35,2020,0.06846684217453,0.5487804878048781,164.0,3,29,1.3862943611198906,0.5487804872560975,0.06846695315345575,0.15323851785991663,0.3171008766754227
SKG_DIA_39,2020,0.0664264559745788,0.66,200.0,57,56,4.060443010546419,0.65999999934,0.0664265671987779,0.4488341626724543,0.40145404281675656
SKG_DIA_41,2020,0.0527986288070678,0.7575757575757576,99.0,32,38,3.4965075614664802,0.7575757568181818,0.052798741669458124,0.38649773917588437,0.4385571489944626
SKG_DIA_42,2020,0.0591479539871215,0.855072463768116,69.0,41,21,3.7376696182833684,0.8550724629130434,0.059148066086264044,0.4131553648484113,0.4925109943758685
SKG_DIA_45,2020,0.0495731234550476,0.7078651685393258,178.0,58,40,4.07753744390572,0.7078651678314606,0.04957323670517358,0.45072375099157447,0.4188342536969572
SKG_MT_579,2020,0.0700594186782836,0.7391304347826086,115.0,13,52,2.6390573296152584,0.7391304340434781,0.07005952946576688,0.29171671261138277,0.4267607000691841
SKG_MT_746,2020,0.0554592013359069,0.6538461538461539,52.0,20,31,3.044522437723423,0.6538461531923077,0.05545931387847172,0.336536105918453,0.3827604127393878
SKG_MT_749,2020,0.0638035535812377,0.6712328767123288,73.0,2,11,1.0986122886681098,0.6712328760410958,0.06380366512073399,0.12143865223702852,0.37328176929254436
SKG_MT_714,2020,0.0513156652450561,0.7346938775510204,49.0,34,55,3.5553480614894135,0.7346938768163265,0.05131577828571239,0.3930018636003441,0.4271734360824826
SKG_MT_1076,2020,0.0306453704833984,0.0,16.0,5,20,1.791759469228055,0.0,0.030645486008815847,0.19805791116698682,0.03206398552022502
SKG_QA_318,2020,0.0510940551757812,0.7011494252873564,174.0,11,51,2.4849066497880004,0.7011494245862069,0.05109416824307708,0.27467717009694514,0.3984800966000288
SKG_QA_363,2020,0.0587314367294311,0.7792207792207793,77.0,2,25,1.0986122886681098,0.7792207784415585,0.058731548878642875,0.12143865223702852,0.42524687399593925
SKG_QA_323,2020,0.0591275095939636,0.6428571428571429,112.0,38,25,3.6635616461296463,0.6428571422142857,0.05912762169556375,0.4049636011559828,0.3855759799009666
SKG_QA_325,2020,0.0570380091667175,0.6728110599078341,217.0,10,81,2.3978952727983707,0.6728110592350229,0.057038121519494986,0.2650590869388559,0.38572668691919504
SKG_QA_326,2020,0.0613182187080383,0.9333333333333332,15.0,2,47,1.0986122886681098,0.9333333323999998,0.061318330546294895,0.12143865223702852,0.5033378636422207
SKG_QA_331,2020,0.0549575686454772,0.8541666666666666,144.0,153,54,5.0369526024136295,0.8541666658124999,0.054957681248342924,0.5567757995502387,0.504743985360611
SKG_QA_279,2020,0.0564491152763366,0.7975460122699386,163.0,4,41,1.6094379124341003,0.7975460114723926,0.05644922769990459,0.17790440991891962,0.4391431378080501
SKG_QA_280,2020,0.0552879571914672,0.7482993197278912,147.0,12,43,2.5649493574615367,0.7482993189795918,0.05528806975461716,0.2835249489189543,0.42461738228353824
SKG_QA_281,2020,0.0709179639816284,0.6610169491525424,59.0,9,21,2.302585092994046,0.6610169484915254,0.07091807466590658,0.25452366884887795,0.3843280709970131
SKG_QA_287,2020,0.0808453559875488,0.8611111111111112,72.0,5,36,1.791759469228055,0.86111111025,0.08084546547846237,0.19805791116698682,0.4826995324330836
SKG_QA_307,2020,0.0580097436904907,0.7674418604651163,86.0,4,25,1.6094379124341003,0.7674418596976744,0.05800985592645668,0.17790440991891962,0.42471531321131184
SKG_SA_519,2020,0.0717188119888305,0.6951871657754011,187.0,44,43,3.8066624897703196,0.6951871650802138,0.07171892257683932,0.4207817143929766,0.4183593230101403
SKG_DIA_53,2020,0.0555818676948547,0.6462585034013606,147.0,152,29,5.030437921392435,0.646258502755102,0.055581980222673896,0.5560556782743998,0.40096761129406056
SKG_MT_442,2020,0.0499011874198913,0.3061224489795918,49.0,8,34,2.1972245773362196,0.3061224486734693,0.04990130063058095,0.24287730447405703,0.19730947503637275
SKG_MT_450,2020,0.0684622526168823,0.7027027027027027,111.0,28,39,3.367295829986474,0.702702702,0.06846236359635975,0.372214903742496,0.4159577868127935
SKG_MT_455,2020,0.0471820831298828,0.5454545454545454,44.0,4,21,1.6094379124341003,0.5454545449090908,0.04718219666743401,0.17790440991891962,0.309390592113411
SKG_MT_132,2020,0.0672501325607299,0.7211538461538461,104.0,3,28,1.3862943611198906,0.7211538454326922,0.06725024368591542,0.15323851785991663,0.40280087197670394
SKG_MT_1323,2020,0.0860869288444519,0.7080103359173127,387.0,6,132,1.9459101490553132,0.7080103352093022,0.08608703770527981,0.2150974536814245,0.4099497280549055
SKG_MT_1331,2020,0.0525559186935424,0.580110497237569,181.0,18,33,2.9444389791664403,0.5801104966574585,0.05255603158510873,0.325473058068228,0.34362496676959553
SKG_MT_99,2020,0.0579863786697387,0.8125,32.0,15,36,2.772588722239781,0.8124999991874999,0.05798649090851337,0.30647703571983326,0.46009229952913866
SKG_MT_105,2020,0.0619224309921264,0.6229508196721312,122.0,29,35,3.4011973816621555,0.6229508190491803,0.061922542757751074,0.37596232108590644,0.3738406587362812
SKG_MT_112,2020,0.0527416467666626,0.5333333333333333,150.0,72,36,4.290459441148391,0.5333333328,0.05274175963590269,0.474259770607843,0.3351893473151454
SKG_DIA_60,2020,0.0640797615051269,0.7752808988764045,178.0,20,32,3.044522437723423,0.7752808981011236,0.06407987301142043,0.336536105918453,0.44692600884697525
SKG_DIA_61,2020,0.0539453625679016,0.6583850931677019,161.0,30,40,3.4339872044851463,0.6583850925093168,0.05394547529244388,0.3795868498953761,0.3887294213611735
SKG_DIA_65,2020,0.0585575103759765,0.7475728155339806,103.0,21,27,3.091042453358316,0.7475728147864077,0.05855762254609584,0.3416783458688142,0.4313772909985236
SKG_DIA_69,2020,0.0493333935737609,0.4868421052631579,76.0,22,21,3.1354942159291497,0.4868421047763158,0.04933350685270464,0.34659196479684096,0.2978136516089238
SKG_DIA_70,2020,0.058155357837677,0.6847826086956522,276.0,2,38,1.0986122886681098,0.6847826080108695,0.05815547005613881,0.12143865223702852,0.3777973572515932
SKG_QA_301,2020,0.0832670927047729,0.8137931034482758,145.0,79,94,4.382026634673881,0.8137931026344827,0.08326720190457125,0.48438144563875285,0.48864157664294516
SKG_MT_908,2020,0.0570189356803894,0.7352941176470589,102.0,0,16,0.0,0.7352941169117647,0.057019048035459687,0.0,0.39045467767006625
SKG_MT_1078,2020,0.0433498620986938,0.6666666666666666,105.0,7,23,2.0794415416798357,0.6666666659999999,0.04334997609691352,0.2298577767898749,0.3736591011177528
SKG_MT_302,2020,0.05729341506958,0.6557377049180327,61.0,2,21,1.0986122886681098,0.6557377042622949,0.05729352739165532,0.12143865223702852,0.36293012831151245
SKG_MT_309,2020,0.0,0.6549295774647887,142.0,7,44,2.0794415416798357,0.6549295768098591,1.1920927522071896e-07,0.2298577767898749,0.3504506137676271
SKG_MT_310,2020,0.0873519778251648,0.7972972972972973,74.0,37,16,3.6375861597263857,0.7972972964999999,0.08735208653392207,0.4020923169981863,0.4737987145633874
SKG_MT_318,2020,0.061497688293457,0.6216216216216216,74.0,8,20,2.1972245773362196,0.621621621,0.06149780011013968,0.24287730447405703,0.3596976609914616
SKG_MT_1040,2020,0.0475733876228332,0.7116279069767442,215.0,210,51,5.351858133476067,0.7116279062651162,0.04757350111334598,0.5915848979634469,0.4340018433742412
SKG_MT_1041,2020,0.0580334663391113,0.6078431372549019,153.0,1,39,0.6931471805599453,0.6078431366470587,0.058033578572225596,0.07661925892995831,0.33479692564541547
SKG_MT_267,2020,0.051283061504364,0.6183908045977011,435.0,14,95,2.70805020110221,0.6183908039793102,0.05128317454893957,0.29934306215594814,0.3596429780248258
SKG_SA_467,2020,0.0672537088394165,0.7183908045977011,174.0,29,33,3.4011973816621555,0.7183908038793102,0.06725381996417214,0.37596232108590644,0.4236931620339146
SKG_SA_470,2020,0.0642746090888977,0.7448979591836735,98.0,55,48,4.02535169073515,0.7448979584387755,0.06427472057176875,0.4449552304712995,0.4426543904952252
SKG_SA_478,2020,0.0631475448608398,0.6,100.0,127,9,4.852030263919617,0.5999999993999999,0.06314765647919443,0.5363348125097082,0.37889254354264856
SKG_DIA_75,2020,0.0555270910263061,0.7980769230769231,104.0,33,31,3.5263605246161616,0.7980769222788462,0.055527203560709955,0.38979763273030116,0.46022910583673715
SKG_DIA_88,2020,0.0361636877059936,0.8446601941747572,103.0,67,32,4.219507705176107,0.844660193330097,0.03616380256805813,0.46641689166025946,0.4834373068582977
SKG_SA_518,2020,0.0550082921981811,0.6933333333333334,75.0,4,12,1.6094379124341003,0.69333333264,0.05500840479494938,0.17790440991891962,0.3864604692298717
SKG_MT_1008,2020,0.0531575083732605,0.7898550724637681,138.0,24,50,3.2188758248682006,0.7898550716739129,0.05315762119251017,0.35580881983783924,0.45177146629774445
SKG_MT_383,2020,0.049567699432373,0.7452229299363057,157.0,61,51,4.127134385045092,0.7452229291910827,0.049567812683151,0.4562061088253344,0.4380592005513352
SKG_MT_385,2020,0.0472944378852844,0.6666666666666666,78.0,9,23,2.302585092994046,0.6666666659999999,0.047294551409329526,0.25452366884887795,0.37770352044861955
SKG_MT_386,2020,0.0572503805160522,0.7096774193548387,124.0,59,22,4.0943445622221,0.7096774186451613,0.05725049284330067,0.45258158001586474,0.42299706446148744
SKG_MT_392,2020,0.0535677671432495,0.6620879120879121,364.0,17,45,2.8903717578961645,0.6620879114258241,0.05356787991318226,0.3194965634040153,0.3844207640185865
SKG_MT_963,2020,0.0531861186027526,0.7468354430379747,79.0,1,26,0.6931471805599453,0.7468354422911392,0.05318623141856305,0.07661925892995831,0.40235413960599065
SKG_MT_456,2020,0.0560170412063598,0.684931506849315,146.0,3,28,1.3862943611198906,0.6849315061643835,0.0560171536818671,0.15323851785991663,0.38019646634093024
SKG_MT_464,2020,0.0524264574050903,0.6494252873563219,174.0,97,48,4.584967478670572,0.6494252867068966,0.052426570312219076,0.5068141662928074,0.3963646881076167
SKG_QA_374,2020,0.0577653646469116,0.6875,48.0,24,26,3.2188758248682006,0.6874999993124999,0.057765476912254206,0.35580881983783924,0.40243707240493554
SKG_QA_383,2020,0.0556578636169433,0.7592592592592593,54.0,0,48,0.0,0.7592592585,0.05565797613562708,0.0,0.40189281970425084
SKG_QA_346,2020,0.0587746500968933,0.6988636363636364,176.0,65,26,4.189654742026425,0.6988636356647726,0.05877476224091043,0.4631169981058426,0.41925342253933473
SKG_QA_351,2020,0.057508647441864,0.6703296703296703,91.0,40,35,3.713572066704308,0.6703296696593406,0.05750875973806639,0.4104916642725502,0.3992175051521519
SKG_QA_360,2020,0.0610395669937133,0.8076923076923077,52.0,32,64,3.4965075614664802,0.8076923068846154,0.06103967886546642,0.38649773917588437,0.4669117989060827
SKG_QA_332,2020,0.0509689450263977,0.7027027027027027,148.0,2,31,1.0986122886681098,0.702702702,0.05096905810873298,0.12143865223702852,0.38388283946719604
SKG_QA_342,2020,0.0629685521125793,0.6623376623376623,77.0,1,19,0.6931471805599453,0.6623376616753246,0.06296866375245051,0.07661925892995831,0.3640182222316384
SKG_QA_300,2020,0.0767095685005188,0.7365591397849462,186.0,99,49,4.605170185988092,0.7365591390483871,0.07670967848859239,0.5090473376977559,0.4498681746894061
SKG_QA_408,2020,0.0646837949752807,0.7238095238095238,105.0,6,24,1.9459101490553132,0.7238095230857142,0.06468390640896382,0.2150974536814245,0.40928806947458507
SKG_QA_409,2020,0.0453301668167114,0.7130434782608696,115.0,70,13,4.2626798770413155,0.713043477547826,0.04533028057688012,0.47118906690309453,0.4217727576949745
SKG_QA_368,2020,0.0549362301826477,0.7803030303030303,132.0,15,34,2.772588722239781,0.7803030295227272,0.054936342788078504,0.30647703571983326,0.44277375544857833
SKG_QA_372,2020,0.0523599386215209,0.7571428571428571,210.0,6,44,1.9459101490553132,0.7571428563857142,0.05236005153664585,0.2150974536814245,0.42102519417565787
SKG_QA_373,2020,0.0745471119880676,0.7727272727272727,44.0,119,64,4.787491742782046,0.7727272719545454,0.07454722223608852,0.529200838945823,0.4691026087662904
SKG_QA_391,2020,0.0552610158920288,0.7916666666666666,120.0,3,21,1.3862943611198906,0.7916666658749999,0.05526112845841736,0.15323851785991663,0.4332616361068586
SKG_QA_393,2020,0.0745970010757446,0.7714285714285715,140.0,35,48,3.58351893845611,0.7714285706571429,0.07459711131776839,0.39611582233397363,0.45516471208907616
SKG_QA_395,2020,0.0478989481925964,0.6032608695652174,184.0,29,28,3.4011973816621555,0.6032608689619565,0.04789906164397378,0.37596232108590644,0.35838629124715843
SKG_QA_402,2020,0.0895448923110961,0.746031746031746,63.0,26,19,3.295836866004329,0.7460317452857143,0.08954500075624472,0.3643159567110855,0.44526546861646354
SKG_PAR_137,2020,0.0588049888610839,0.7901234567901234,162.0,48,80,3.8918202981106265,0.7901234559999999,0.05880510100145404,0.430194907362849,0.46160325913686645
SKG_PAR_146,2020,0.0655935406684875,0.7181208053691275,149.0,7,0,2.0794415416798357,0.7181208046510066,0.06559365199281074,0.2298577767898749,0.40828364080161506
SKG_PAR_150,2020,0.0574584007263183,0.8114754098360656,122.0,3,26,1.3862943611198906,0.8114754090245901,0.057458513028560816,0.15323851785991663,0.44404496150971107
SKG_MT_990,2020,0.0671738386154174,0.6666666666666666,63.0,4,11,1.6094379124341003,0.6666666659999999,0.06717394974977417,0.17790440991891962,0.3779933538918016
SKG_MT_996,2020,0.0627089738845825,0.6538461538461539,130.0,3,54,1.3862943611198906,0.6538461531923077,0.06270908555565743,0.15323851785991663,0.36733056260440844
SKG_MT_997,2020,0.0529384613037109,0.6495726495726496,117.0,1,36,0.6931471805599453,0.6495726489230769,0.05293857414929206,0.07661925892995831,0.3536236800142511
SKG_MT_1002,2020,0.0,0.5949367088607594,79.0,6,17,1.9459101490553132,0.5949367082658227,1.1920927522071896e-07,0.2150974536814245,0.31897814718476386
SKG_MT_634,2020,0.0703840255737304,0.7014925373134329,67.0,0,55,0.0,0.7014925366119402,0.07038413632219293,0.0,0.3788999228348473
SKG_MT_65,2020,0.0507747530937194,0.6940298507462687,134.0,19,51,2.995732273553991,0.6940298500522387,0.050774866199398354,0.33114292777883625,0.40043916428376236
SKG_MT_76,2020,0.0647656321525573,0.697560975609756,205.0,11,37,2.4849066497880004,0.697560974912195,0.06476574357640283,0.27467717009694514,0.40215450189635316
SKG_MT_81,2020,0.0528880953788757,0.64,100.0,61,27,4.127134385045092,0.63999999936,0.05288820823051131,0.4562061088253344,0.38677589385473793
SKG_MT_54,2020,0.0713287591934204,0.7,10.0,13,19,2.6390573296152584,0.6999999992999999,0.07132886982831717,0.29171671261138277,0.4077032188424651
SKG_DIA_97,2020,0.0603632926940918,0.6046511627906976,86.0,21,34,3.091042453358316,0.6046511621860464,0.06036340464713936,0.3416783458688142,0.3606387775387604
SKG_DIA_98,2020,0.0476050376892089,0.6597222222222222,144.0,46,51,3.8501476017100584,0.6597222215624999,0.04760515117591704,0.4255884814761487,0.39146201939923164
SKG_DIA_99,2020,0.0581049919128418,0.6759259259259259,108.0,21,40,3.091042453358316,0.67592592525,0.05810510413735805,0.3416783458688142,0.3953728388668246
SKG_DIA_101,2020,0.0568352937698364,0.6818181818181818,154.0,56,42,4.04305126783455,0.6818181811363635,0.05683540614698215,0.44691171030525656,0.40833442405750026
SKG_DIA_102,2020,0.0558875799179077,0.7163120567375887,141.0,207,47,5.337538079701318,0.7163120560212766,0.055887692408977445,0.5900019846387875,0.439511303438108
SKG_SA_445,2020,0.0552881360054016,0.7761194029850746,67.0,117,52,4.770684624465665,0.7761194022089551,0.05528824856853006,0.5273430099215328,0.46290930152404286
SKG_SA_453,2020,0.0582734942436218,0.839572192513369,187.0,38,28,3.6635616461296463,0.8395721916737967,0.058273606447882514,0.4049636011559828,0.48359189853164963
SKG_SA_408,2020,0.0469635128974914,0.7327935222672065,247.0,33,55,3.5263605246161616,0.7327935215344129,0.04696362646131678,0.38979763273030116,0.42416197462476324
SKG_QA_422,2020,0.0502892732620239,0.7794117647058824,204.0,65,49,4.189654742026425,0.7794117639264705,0.05028938642606203,0.4631169981058426,0.4561333363442443
NOVEL_MT_9,2020,0.0511773824691772,0.0,0.0,4,19,1.6094379124341003,0.0,0.05117749552645637,0.17790440991891962,0.03826143920247451
SKG_QA_406,2020,0.0716640353202819,0.6358024691358025,162.0,21,41,3.091042453358316,0.6358024685,0.07166414591487538,0.3416783458688142,0.3807347272028316
SKG_MT_1334,2020,0.0662234425544738,0.5963302752293578,109.0,23,10,3.1780538303479458,0.5963302746330275,0.06622355380307698,0.35129642902690345,0.35978420174043485
SKG_MT_1342,2020,0.0578993558883667,0.6954022988505747,174.0,2,31,1.0986122886681098,0.6954022981551723,0.057899468137602314,0.12143865223702852,0.38300480155632993
SKG_MT_1345,2020,0.0513011217117309,0.7592592592592593,216.0,99,45,4.605170185988092,0.7592592585,0.051301234754135464,0.5090473376977559,0.45105485692142977
SKG_MT_1368,2020,0.0557446479797363,0.7013888888888888,144.0,1,34,0.6931471805599453,0.7013888881874999,0.05574476048798779,0.07661925892995831,0.3806542741819409
SKG_MT_1382,2020,0.0709257125854492,0.765625,64.0,6,29,1.9459101490553132,0.765624999234375,0.07092582326879593,0.2150974536814245,0.4326925742928483
SKG_DIA_124,2020,0.0648225545883178,0.7412587412587412,286.0,30,51,3.4339872044851463,0.7412587405174824,0.06482266600532072,0.3795868498953761,0.4345171216504071
SKG_MT_766,2020,0.0675069689750671,0.5935483870967742,155.0,7,39,2.0794415416798357,0.5935483865032257,0.06750708006937851,0.2298577767898749,0.3467628029583517
SKG_MT_769,2020,0.0675328373908996,0.7553191489361702,188.0,21,57,3.091042453358316,0.755319148180851,0.0675329484821014,0.3416783458688142,0.4388405880701475
SKG_MT_774,2020,0.0494449734687805,0.67,100.0,2,11,1.0986122886681098,0.66999999933,0.0494450867343113,0.12143865223702852,0.3669218995824274
SKG_MT_775,2020,0.0645676851272583,0.7342657342657343,143.0,19,55,2.995732273553991,0.7342657335314685,0.06456779657489889,0.33114292777883625,0.42607427817357746
SKG_PAR_132,2020,0.0692392587661743,0.785234899328859,149.0,33,63,3.5263605246161616,0.785234898543624,0.06923936965224842,0.38979763273030116,0.45929296040574147
SKG_QA_412,2020,0.0571901202201843,0.7649769585253456,217.0,138,35,4.9344739331306915,0.7649769577603687,0.05719023255467662,0.5454479893581176,0.45990937083786676
SKG_QA_413,2020,0.0580343008041381,0.7477477477477478,111.0,20,68,3.044522437723423,0.7477477469999999,0.05803441303715209,0.336536105918453,0.4307412493067061
SKG_DIA_55,2020,0.0751878023147583,0.7768595041322314,121.0,7,31,2.0794415416798357,0.7768595033553718,0.0751879124857623,0.2298577767898749,0.4414906943509783
SKG_MT_543,2020,0.0674651265144348,0.6610169491525424,59.0,11,37,2.4849066497880004,0.6610169484915254,0.06746523761377607,0.27467717009694514,0.3849622863009676
SKG_MT_628,2020,0.0518726110458374,0.7083333333333334,192.0,2,14,1.0986122886681098,0.708333332625,0.051872724019543646,0.12143865223702852,0.3870596211440203
SKG_DIA_105,2020,0.0493227839469909,0.7217741935483871,248.0,11,53,2.4849066497880004,0.7217741928266128,0.04932289722721001,0.27467717009694514,0.40808397231388494
SKG_MT_477,2020,0.0623162984848022,0.7885714285714286,350.0,32,55,3.4965075614664802,0.788571427782857,0.06231641020308035,0.38649773917588437,0.4578620518902491
SKG_MT_479,2020,0.0540249943733215,0.5252525252525253,99.0,135,19,4.912654885736052,0.5252525247272727,0.0540251070882913,0.5430361505902178,0.33853992025797464
SKG_MT_483,2020,0.0428705215454101,0.7101449275362319,69.0,5,34,1.791759469228055,0.710144926826087,0.042870635601251,0.19805791116698682,0.3920265087702426
SKG_MT_486,2020,0.0649057626724243,0.7704918032786885,61.0,3,27,1.3862943611198906,0.7704918025081966,0.06490587407942484,0.15323851785991663,0.42653210267185987
SKG_QA_458,2020,0.1894691586494445,0.7470355731225297,253.0,78,42,4.3694478524670215,0.747035572375494,0.1894692550827695,0.4829910093822678,0.49760458915908157
SKG_QA_460,2020,0.0559029579162597,0.5,106.0,4,24,1.6094379124341003,0.49999999949999996,0.05590307040548087,0.17790440991891962,0.2901516689040843
SKG_QA_477,2020,0.0589296221733093,0.75,24.0,29,46,3.4011973816621555,0.7499999992499999,0.05892973429869735,0.37596232108590644,0.43616812545306954
SKG_QA_479,2020,0.0554666519165039,0.688,125.0,19,61,2.995732273553991,0.6879999993119998,0.0554667644581731,0.33114292777883625,0.3993009982171528
SKG_QA_441,2020,0.0525399446487426,0.7444444444444445,90.0,11,22,2.4849066497880004,0.7444444437,0.05254005754222916,0.27467717009694514,0.42070596187658615
SKG_DIA_72,2020,0.0622207522392272,0.7735849056603774,159.0,70,42,4.2626798770413155,0.7735849048867924,0.06222086396899089,0.47118906690309453,0.458799704721302
SKG_DIA_73,2020,0.0576069951057434,0.6619718309859155,142.0,227,42,5.429345628954441,0.6619718303239436,0.057607107390123494,0.6001502281651732,0.41404378093453853
SKG_MT_1341,2020,0.053651213645935,0.638095238095238,210.0,11,47,2.4849066497880004,0.6380952374571428,0.05365132640583672,0.27467717009694514,0.36797586630060064
SKG_MT_1348,2020,0.0647081136703491,0.6470588235294118,85.0,7,85,2.0794415416798357,0.647058822882353,0.06470822510110887,0.2298577767898749,0.37239847916060753
SKG_MT_1356,2020,0.0685868263244628,0.726027397260274,146.0,14,25,2.70805020110221,0.7260273965342465,0.06858693728896534,0.29934306215594814,0.42038277939830426
SKG_MT_1362,2020,0.0553879737854003,0.6470588235294118,102.0,18,41,2.9444389791664403,0.647058822882353,0.05538808633652734,0.325473058068228,0.3782319517826102
SKG_MT_898,2020,0.0630910992622375,0.6878980891719745,157.0,26,54,3.295836866004329,0.6878980884840763,0.0630912108873774,0.3643159567110855,0.40561712426809765
SKG_MT_776,2020,0.0510894656181335,0.6290322580645161,186.0,20,55,3.044522437723423,0.6290322574354839,0.051089578685981095,0.336536105918453,0.36860557078397965
SKG_MT_568,2020,0.0571368932723999,0.6666666666666666,84.0,8,29,2.1972245773362196,0.6666666659999999,0.057137005613290597,0.24287730447405703,0.38047586569272185
SKG_MT_573,2020,0.0496813058853149,0.6526315789473685,95.0,25,18,3.258096538021482,0.6526315782947368,0.04968141912243635,0.3601442078489126,0.3822027775812342
SKG_MT_36,2020,0.0649713277816772,0.62,50.0,11,42,2.4849066497880004,0.6199999993799999,0.0649714391807962,0.27467717009694514,0.363456292372013
SKG_MT_37,2020,0.0484455823898315,0.6530612244897959,98.0,4,35,1.6094379124341003,0.6530612238367346,0.04844569577549838,0.17790440991891962,0.3636993312204586
SKG_MT_41,2020,0.0542365312576293,0.7309417040358744,223.0,3,28,1.3862943611198906,0.7309417033049327,0.054236643947170406,0.15323851785991663,0.4024893610173262
SKG_MT_42,2020,0.0625216364860534,0.6521739130434783,92.0,23,22,3.1780538303479458,0.6521739123913043,0.062521748179648,0.35129642902690345,0.3862252983702017
SKG_MT_51,2020,0.0587334632873535,0.6818181818181818,132.0,78,47,4.3694478524670215,0.6818181811363635,0.05873357543632167,0.4829910093822678,0.41270162168093716
SKG_MT_1391,2020,0.06344735622406,0.696,125.0,1,16,0.6931471805599453,0.6959999993039999,0.06344746780637452,0.07661925892995831,0.38104091266754564
SKG_MT_1393,2020,0.0447267293930053,0.56,75.0,4,27,1.6094379124341003,0.55999999944,0.0447268432257128,0.17790440991891962,0.3156811780021771
SKG_MT_1407,2020,0.0756558179855346,0.7716535433070866,127.0,2,24,1.0986122886681098,0.771653542535433,0.07565592810027878,0.12143865223702852,0.42823300773153083
SKG_DIA_126,2020,0.0570625066757202,0.7021276595744681,188.0,102,55,4.634728988229636,0.7021276588723404,0.05706261902555285,0.5123147152275538,0.4251203485691467
SKG_DIA_143,2020,0.0860648155212402,0.8571428571428571,49.0,14,72,2.70805020110221,0.8571428562857142,0.08606492438472634,0.29934306215594814,0.49293170411234244
SKG_SA_413,2020,0.0547134280204772,0.7619047619047619,168.0,1,24,0.6931471805599453,0.761904761142857,0.05471354065269089,0.07661925892995831,0.4104997227255007
SKG_DIA_103,2020,0.051052451133728,0.7411764705882353,170.0,103,39,4.6443908991413725,0.7411764698470588,0.051052564206025074,0.5133827257088291,0.44234753317682235
SKG_DIA_119,2020,0.0778409242630004,0.7295081967213115,122.0,6,50,1.9459101490553132,0.7295081959918033,0.07784103411507454,0.2150974536814245,0.4174002570100739
SKG_DIA_151,2020,0.0690910220146179,0.6692307692307692,130.0,2,27,1.0986122886681098,0.6692307685615384,0.06909113291851145,0.12143865223702852,0.37439570267187666
SKG_SA_344,2020,0.0567389726638793,0.6694214876033058,121.0,41,21,3.7376696182833684,0.6694214869338843,0.05673908505260374,0.4131553648484113,0.3987219139728248
SKG_SA_345,2020,0.0608550906181335,0.6487804878048781,205.0,126,39,4.844187086458591,0.6487804871560975,0.06085520251206239,0.5354678415956312,0.4022791087424368
SKG_SA_350,2020,0.0562793016433715,0.7804878048780488,82.0,3,21,1.3862943611198906,0.7804878040975609,0.05627941408735266,0.15323851785991663,0.4280795194697132
SKG_SA_358,2020,0.0508116483688354,0.7592592592592593,54.0,1,8,0.6931471805599453,0.7592592585,0.0508117614700792,0.07661925892995831,0.40761625973102755
SKG_SA_371,2020,0.0529410243034362,0.5905511811023622,127.0,11,24,2.4849066497880004,0.5905511805118109,0.052941137148709266,0.27467717009694514,0.3439197621250837
SKG_SA_312,2020,0.0527583360671997,0.6189024390243902,328.0,14,19,2.70805020110221,0.6189024384054878,0.052758448934433586,0.29934306215594814,0.36048890499211217
SKG_SA_384,2020,0.0576003789901733,0.7461139896373057,193.0,189,50,5.247024072160486,0.7461139888911916,0.05760049127534871,0.579996726917106,0.45409686364744595
SKG_SA_402,2020,0.0487251281738281,0.6984126984126984,189.0,11,23,2.4849066497880004,0.6984126977142856,0.04872524152589098,0.27467717009694514,0.3961641624771937
SKG_SA_403,2020,0.055248737335205,0.6060606060606061,99.0,2,15,1.0986122886681098,0.6060606054545454,0.05524884990306955,0.12143865223702852,0.3372737079122034
SKG_MT_1409,2020,0.0612133741378784,0.6428571428571429,42.0,55,26,4.02535169073515,0.6428571422142857,0.061213485988738284,0.4449552304712995,0.3904094885497681
SKG_QA_486,2020,0.0749975442886352,0.925,40.0,25,11,3.258096538021482,0.924999999075,0.07499765448250997,0.3601442078489126,0.5285134821153953
SKG_QA_492,2020,0.0629297494888305,0.75177304964539,141.0,36,28,3.6109179126442243,0.751773048893617,0.06292986113336614,0.39914445630466727,0.4409729145306217
SKG_QA_444,2020,0.0579074025154113,0.7901234567901234,81.0,34,20,3.5553480614894135,0.7901234559999999,0.05790751476367964,0.3930018636003441,0.45752492026550623
SKG_MT_889,2020,0.0463115572929382,0.6790123456790124,81.0,3,24,1.3862943611198906,0.679012345,0.046311670935134684,0.15323851785991663,0.3733546926600455
SKG_DIA_187,2020,0.0633999705314636,0.7966101694915254,59.0,21,38,3.091042453358316,0.7966101686949152,0.06340008211947432,0.3416783458688142,0.45783295178212874
SKG_MT_8,2020,0.0565341114997863,0.371900826446281,363.0,40,36,3.713572066704308,0.37190082607438013,0.056534223913136956,0.4104916642725502,0.24961326902969988
SKG_MT_28,2020,0.0561226606369018,0.6976744186046512,43.0,0,27,0.0,0.6976744179069767,0.05612277309971266,0.0,0.37128631819337343
SKG_MT_5,2020,0.0647602081298828,0.6272189349112426,169.0,40,43,3.713572066704308,0.6272189342840236,0.06476031955438034,0.4104916642725502,0.380562761391019
SKG_MT_760,2020,0.051435649394989,0.7407407407407407,135.0,35,25,3.58351893845611,0.7407407399999999,0.05143576242122209,0.39611582233397363,0.43055625720188617
SKG_DIA_154,2020,0.0501472353935241,0.7109375,128.0,45,38,3.828641396489095,0.7109374992890625,0.0501473485746365,0.4232112237267993,0.41784881144706576
SKG_DIA_155,2020,0.0760367512702941,0.7669902912621359,103.0,0,40,0.0,0.7669902904951456,0.07603686133924657,0.0,0.4139098897832714
SKG_DIA_159,2020,0.0549706220626831,0.7218543046357616,151.0,29,39,3.4011973816621555,0.7218543039139073,0.054970734663979684,0.37596232108590644,0.42051167793113614
SKG_DIA_165,2020,0.0651427507400512,0.6261682242990654,107.0,54,39,4.007333185232471,0.6261682236728972,0.06514286211856357,0.44296349685777553,0.3834376063696516
SKG_DIA_169,2020,0.0526257753372192,0.6213592233009708,103.0,114,40,4.74493212836325,0.6213592226796115,0.052625888220388106,0.5244963747157606,0.38417960409953705
SKG_DIA_144,2020,0.0635076761245727,0.7286821705426356,129.0,3,45,1.3862943611198906,0.7286821698139534,0.0635077876996362,0.15323851785991663,0.40506805177282285
SKG_DIA_145,2020,0.0562494397163391,0.6818181818181818,198.0,150,75,5.017279836814924,0.6818181811363635,0.05624955216390994,0.5546012069621856,0.4188690321299643
SKG_DIA_107,2020,0.0648084878921508,0.7083333333333334,96.0,20,40,3.044522437723423,0.708333332625,0.06480859931084466,0.336536105918453,0.41374371662868314
SKG_DIA_112,2020,0.0634463429450988,0.7862595419847328,131.0,10,23,2.3978952727983707,0.7862595411984732,0.06344645452753511,0.2650590869388559,0.4450142611041362
SKG_DIA_115,2020,0.0495891571044921,0.7094972067039106,179.0,30,59,3.4339872044851463,0.7094972059944133,0.04958927035269069,0.3795868498953761,0.4125429961278205
SKG_DIA_116,2020,0.0478783845901489,0.743801652892562,121.0,31,35,3.4657359027997265,0.7438016521487603,0.04787849804399821,0.38309629464979156,0.4293618547569586
SKG_DIA_206,2020,0.0725631713867187,0.6859504132231405,121.0,48,20,3.8918202981106265,0.68595041253719,0.07256328187322768,0.430194907362849,0.415020009754171
SKG_SA_263,2020,0.0534755587577819,0.7045454545454546,176.0,65,52,4.189654742026425,0.704545453840909,0.05347567153879896,0.4631169981058426,0.41997469534655835
SKG_SA_276,2020,0.0553411245346069,0.7558139534883721,86.0,1,11,0.6931471805599453,0.7558139527325581,0.05534123709136565,0.07661925892995831,0.4077053970958212
SKG_SA_280,2020,0.0497525334358215,0.7182539682539683,252.0,22,40,3.1354942159291497,0.7182539675357142,0.049752646664380736,0.34659196479684096,0.4136872389132935
SKG_DIA_177,2020,0.0632816553115844,0.7565217391304347,230.0,29,65,3.4011973816621555,0.7565217383739129,0.0632817669138177,0.37596232108590644,0.4411698080610742
SKG_SA_2,2020,0.0710237622261047,0.7230769230769231,260.0,35,35,3.58351893845611,0.7230769223538461,0.07102387289766494,0.39611582233397363,0.42955959256938636
SKG_MT_1428,2020,0.076800525188446,0.7741935483870968,62.0,62,61,4.143134726391533,0.7741935476129032,0.07680063516558576,0.4579747581554815,0.46361450368823404
SKG_MT_1430,2020,0.0650723576545715,0.6356589147286822,129.0,12,45,2.5649493574615367,0.6356589140930232,0.06507246904154577,0.2835249489189543,0.3722109395550254
SKG_MT_1431,2020,0.0725024938583374,0.6391752577319587,97.0,21,23,3.091042453358316,0.6391752570927834,0.07250260435214038,0.3416783458688142,0.3827565048741293
SKG_MT_1447,2020,0.0625225901603698,0.6296296296296297,27.0,54,22,4.007333185232471,0.629629629,0.06252270185384978,0.44296349685777553,0.38412024492731744
SKG_MT_1450,2020,0.0560815930366516,0.6466165413533834,133.0,9,17,2.302585092994046,0.6466165407067668,0.05608170550439917,0.25452366884887795,0.3711933194400308
SKG_MT_1457,2020,0.0663665533065795,0.7659574468085106,141.0,2,22,1.0986122886681098,0.7659574460425531,0.06636666453797946,0.12143865223702852,0.4216692540601712
SKG_MT_1468,2020,0.0896822214126586,0.5645161290322581,62.0,29,20,3.4011973816621555,0.5645161284677419,0.08968232984129898,0.37596232108590644,0.3557272282789812
SKG_DIA_180,2020,0.0641244649887085,0.757201646090535,243.0,7,28,2.0794415416798357,0.7572016453333332,0.06412457648962826,0.2298577767898749,0.42723643094150543
SKG_DIA_185,2020,0.0628529787063598,0.6310679611650486,103.0,26,25,3.295836866004329,0.6310679605339806,0.062853090360124,0.3643159567110855,0.37710681208214847
SKG_DIA_186,2020,0.0604745745658874,0.6078431372549019,153.0,187,30,5.236441962829949,0.6078431366470587,0.060474686505557845,0.5788269993360653,0.38599414285935907
SKG_DIA_297,2020,0.0681803822517395,0.5477386934673367,199.0,17,53,2.8903717578961645,0.547738692919598,0.0681804932651004,0.3194965634040153,0.33309120010624066
SKG_PAR_83,2020,0.067374050617218,0.6275510204081632,196.0,17,52,2.8903717578961645,0.6275510197806121,0.06737416172750743,0.3194965634040153,0.37267483092171055
SKG_PAR_64,2020,0.0692237019538879,0.7818181818181819,165.0,0,41,0.0,0.7818181810363636,0.06922381284183209,0.0,0.41859861565491463
SKG_PAR_70,2020,0.0515872836112976,0.8354430379746836,79.0,5,26,1.791759469228055,0.8354430371392404,0.05158739661930285,0.19805791116698682,0.45816226833404
SKG_PAR_163,2020,0.0590073466300964,0.8125,80.0,3,20,1.3862943611198906,0.8124999991874999,0.05900745874614125,0.15323851785991663,0.44517683487819815
SKG_PAR_111,2020,0.0472809076309204,0.6428571428571429,252.0,65,36,4.189654742026425,0.6428571422142857,0.04728102115659199,0.4631169981058426,0.3866526793803639
SKG_PAR_131,2020,0.0582777261734008,0.6058394160583942,137.0,21,115,3.091042453358316,0.6058394154525547,0.0582778383771528,0.3416783458688142,0.3603986776640199
SKG_MT_796,2020,0.0750592350959777,0.7469879518072289,83.0,1,49,0.6931471805599453,0.7469879510602409,0.07505934528243667,0.07661925892995831,0.41117963953609094
SKG_MT_541,2020,0.0557304620742797,0.7666666666666667,30.0,20,21,3.044522437723423,0.7666666659,0.05573057458423647,0.336536105918453,0.4392791733755399
SKG_MT_1044,2020,-1.1920928955078125e-07,0.6951219512195121,164.0,4,37,1.6094379124341003,0.6951219505243902,0.0,0.17790440991891962,0.36535141625408707
SKG_MT_1051,2020,0.053614318370819,0.7370892018779343,213.0,21,38,3.091042453358316,0.737089201140845,0.05361443113515587,0.3416783458688142,0.4241582076113663
SKG_MT_329,2020,0.0591734647750854,0.7551020408163265,98.0,18,35,2.9444389791664403,0.7551020400612244,0.05917357687116131,0.325473058068228,0.4337677565858995
SKG_MT_330,2020,0.0478317141532897,0.62,100.0,1,14,0.6931471805599453,0.6199999993799999,0.04783182761274923,0.07661925892995831,0.33679465662809555
SKG_MT_343,2020,0.0609437227249145,0.7563025210084033,119.0,1,16,0.6931471805599453,0.7563025202521008,0.06094383460818899,0.07661925892995831,0.4101907198623218
SKG_MT_1014,2020,0.0625313520431518,0.7522935779816514,109.0,52,68,3.970291913552122,0.7522935772293577,0.06253146373557851,0.4388690204383823,0.4450462761527485
SKG_MT_1015,2020,0.0555760264396667,0.6649746192893401,197.0,4,40,1.6094379124341003,0.6649746186243655,0.05557613896818806,0.17790440991891962,0.3725082058913499
SKG_NLI_17,2020,0.0594738125801086,0.7410071942446043,139.0,6,62,1.9459101490553132,0.741007193503597,0.05947392464007992,0.2150974536814245,0.4158029119759729
SKG_NLI_18,2020,0.0611637234687805,0.6712962962962963,216.0,8,57,2.1972245773362196,0.6712962956249999,0.06116383532560885,0.24287730447405703,0.38440141239014924
SKG_NLI_19,2020,0.04358971118927,0.6666666666666666,132.0,11,28,2.4849066497880004,0.6666666659999999,0.043589825158657634,0.27467717009694514,0.37823698007315754
SKG_MT_1018,2020,0.0630750656127929,0.7368421052631579,133.0,24,67,3.2188758248682006,0.7368421045263157,0.0630751772398602,0.35580881983783924,0.42923200514288584
SKG_MT_1021,2020,0.0569463968276977,1.0,6.0,6,20,1.9459101490553132,0.9999999989999999,0.05694650919148783,0.2150974536814245,0.5442883485447375
SKG_MT_354,2020,0.0580756068229675,0.6790123456790124,81.0,5,30,1.791759469228055,0.679012345,0.05807571905101612,0.19805791116698682,0.3825422512371051
SKG_MT_357,2020,0.063995361328125,0.6067415730337079,89.0,12,53,2.5649493574615367,0.6067415724269662,0.06399547284456422,0.2835249489189543,0.35732147024320426
SKG_MT_361,2020,0.0478995442390441,0.581081081081081,222.0,58,59,4.07753744390572,0.5810810804999998,0.047899657690349824,0.45072375099157447,0.3547727784252973
SKG_DIA_305,2020,0.0599700808525085,0.7541899441340782,179.0,4,51,1.6094379124341003,0.7541899433798882,0.059970192852823775,0.17790440991891962,0.4188734898229656
SKG_DIA_309,2020,0.0661033391952514,0.6818181818181818,88.0,120,31,4.795790545596741,0.6818181811363635,0.06610345045829212,0.5301181738777118,0.4203622881392698
SKG_DIA_311,2020,0.0485942959785461,0.6792452830188679,106.0,51,55,3.9512437185814275,0.6792452823396226,0.04859440934633622,0.43676346677887096,0.4027367515862329
SKG_DIA_314,2020,0.0583701133728027,0.6310679611650486,103.0,18,22,2.9444389791664403,0.6310679605339806,0.0583702255654489,0.325473058068228,0.3714293762999927
SKG_DIA_315,2020,0.0572283864021301,0.6976744186046512,129.0,11,52,2.4849066497880004,0.6976744179069767,0.05722849873202247,0.27467717009694514,0.3991963254559919
SKG_DIA_317,2020,0.0635466575622558,0.6883116883116883,154.0,78,50,4.3694478524670215,0.6883116876233766,0.06354676913263338,0.4829910093822678,0.4178736524029685
SKG_DIA_289,2020,0.0605589747428894,0.7954545454545454,176.0,25,44,3.258096538021482,0.7954545446590908,0.06055908667241416,0.3601442078489126,0.4579653277834023
SKG_DIA_293,2020,0.0586816072463989,0.6142857142857143,70.0,1,25,0.6931471805599453,0.6142857136714286,0.05868171940160064,0.07661925892995831,0.3382774704893504
SKG_DIA_286,2020,0.0817794799804687,0.7697841726618705,139.0,0,63,0.0,0.7697841718920863,0.08177958935909191,0.0,0.4176039216896799
SKG_DIA_273,2020,0.0655400156974792,0.75,120.0,62,53,4.143134726391533,0.7499999992499999,0.06554012702823664,0.4579747581554815,0.44701352625184276
SKG_SA_91,2020,0.0537489652633667,0.8181818181818182,33.0,186,25,5.231108616854587,0.8181818173636364,0.053749078011517765,0.5782374607391987,0.4884142859603452
SKG_MT_859,2020,0.0460755228996276,0.7205882352941176,204.0,14,44,2.70805020110221,0.7205882345735294,0.046075636570197614,0.29934306215594814,0.40865867813043855
SKG_MT_489,2020,0.0723636746406555,0.8524590163934426,61.0,10,9,2.3978952727983707,0.8524590155409835,0.07236378515114585,0.2650590869388559,0.4816809305248356
SKG_MT_490,2020,0.0596952438354492,0.7605633802816901,71.0,50,34,3.9318256327243257,0.7605633795211267,0.059695355868802424,0.43461702603737135,0.4476215347118214
SKG_MT_495,2020,0.0425330996513366,0.6590909090909091,132.0,53,37,3.9889840465642745,0.6590909084318181,0.04253321374773874,0.4409352156410438,0.3906522612791089
SKG_MT_499,2020,0.0525811910629272,0.6441441441441441,222.0,1,22,0.6931471805599453,0.6441441434999999,0.05258130395145555,0.07661925892995831,0.35076651922357804
SKG_SA_284,2020,0.0444002151489257,0.6558704453441295,247.0,40,37,3.713572066704308,0.6558704446882591,0.044400329020883235,0.4104916642725502,0.38674452037973783
SKG_SA_299,2020,0.0477000474929809,0.625,160.0,163,30,5.099866427824199,0.624999999375,0.047700160968267985,0.5637301821324668,0.38795308228805386
SKG_PAR_26,2020,0.0512696504592895,0.7207792207792207,154.0,148,55,5.003946305945459,0.7207792200584414,0.051269763505477205,0.5531273421282944,0.43621024964424104
SKG_NLI_0,2020,0.0380645990371704,0.7770700636942676,157.0,65,55,4.189654742026425,0.7770700629171975,0.038064713670727765,0.4631169981058426,0.4500726167374741
SKG_NLI_3,2020,0.0688127279281616,0.7236842105263158,76.0,17,45,2.8903717578961645,0.7236842098026316,0.06881283886550867,0.3194965634040153,0.4213168967879208
SKG_NLI_5,2020,0.0616065859794616,0.6301369863013698,73.0,6,25,1.9459101490553132,0.6301369856712328,0.061606697783053777,0.2150974536814245,0.3612209173169803
SKG_NLI_8,2020,0.0564967393875122,0.7096774193548387,124.0,5,55,1.791759469228055,0.7096774186451613,0.05649685180535533,0.19805791116698682,0.39724324116142146
SKG_NLI_16,2020,0.067722201347351,0.746268656716418,134.0,6,49,1.9459101490553132,0.7462686559701492,0.06772231241578949,0.2150974536814245,0.42173299831953287
SKG_DIA_226,2020,0.0532892942428588,0.6805555555555556,144.0,85,48,4.454347296253507,0.680555554875,0.053289407046266585,0.49237564319298505,0.4108311045753051
SKG_DIA_230,2020,0.0599282979965209,0.6413043478260869,92.0,7,87,2.0794415416798357,0.6413043471847825,0.059928410001858855,0.2298577767898749,0.36760931527212226
SKG_DIA_191,2020,0.0644054412841796,0.6277372262773723,137.0,46,26,3.8501476017100584,0.627737225649635,0.06440555275132341,0.4255884814761487,0.3821896820729618
SKG_DIA_197,2020,0.0687492489814758,0.6,15.0,22,42,3.1354942159291497,0.5999999993999999,0.06874935992645363,0.34659196479684096,0.3621589401502655
SKG_DIA_232,2020,0.0641546249389648,0.6444444444444445,135.0,17,37,2.8903717578961645,0.6444444438,0.06415473643625906,0.3194965634040153,0.37983377281490516
SKG_DIA_236,2020,0.062535285949707,0.6666666666666666,78.0,69,42,4.248495242049359,0.6666666659999999,0.06253539764166083,0.46962112253030247,0.40530960430969454
SKG_DIA_237,2020,0.052864670753479,0.6493506493506493,154.0,4,46,1.6094379124341003,0.6493506487012987,0.05286478360793046,0.17790440991891962,0.3636116787857135
SKG_DIA_244,2020,0.0658184289932251,0.6962962962962963,135.0,5,31,1.791759469228055,0.6962962956,0.06581854029051468,0.19805791116698682,0.3942813550329045
SKG_MT_531,2020,0.0579012632369995,0.6568627450980392,102.0,142,50,4.962844630259907,0.6568627444411764,0.05790137548600583,0.5485840358578101,0.4064503260007716
SKG_PAR_81,2020,0.0556599497795105,0.7617021276595745,235.0,10,46,2.3978952727983707,0.7617021268978723,0.0556600622979435,0.2650590869388559,0.42962099706199913
SKG_SA_58,2020,0.0477115511894226,0.7062146892655368,177.0,20,23,3.044522437723423,0.706214688559322,0.04771166466332683,0.336536105918453,0.40584562073683705
SKG_SA_71,2020,0.0594277381896972,0.7931034482758621,29.0,3,38,1.3862943611198906,0.7931034474827586,0.05942785025520709,0.15323851785991663,0.43564671562945384
SKG_SA_81,2020,0.0686551928520202,0.5,14.0,1,8,0.6931471805599453,0.49999999949999996,0.06865530380830444,0.07661925892995831,0.2851240471663176
SKG_SA_84,2020,0.0535914301872253,0.6666666666666666,111.0,14,8,2.70805020110221,0.6666666659999999,0.053591542954313544,0.29934306215594814,0.3847042563973202
SKG_SA_87,2020,0.0864237546920776,0.6666666666666666,42.0,150,72,5.017279836814924,0.6666666659999999,0.0864238635124159,0.5546012069621856,0.4233629991011849
SKG_DIA_283,2020,0.0485191345214843,0.785,200.0,136,69,4.919980925828125,0.784999999215,0.048519247898309525,0.5438459580575039,0.4662922945725742
SKG_MT_848,2020,0.0587260127067565,0.7906976744186046,172.0,52,67,3.970291913552122,0.7906976736279069,0.0587261248566203,0.4388690204383823,0.46272618880043975
SKG_MT_521,2020,0.0485876202583313,0.6710526315789473,76.0,2,30,1.0986122886681098,0.6710526309078947,0.0485877336269239,0.12143865223702852,0.36710527412841976
SKG_SA_94,2020,0.0621314048767089,0.773109243697479,119.0,2,25,1.0986122886681098,0.7731092429243697,0.06213151661721297,0.12143865223702852,0.4235510933327729
SKG_SA_95,2020,0.0537081956863403,0.6904761904761905,84.0,3,14,1.3862943611198906,0.6904761897857142,0.05370830843939224,0.15323851785991663,0.3820452700546057
SKG_SA_102,2020,0.0663883090019226,0.76,100.0,351,32,5.863631175598097,0.75999999924,0.0663884202307073,0.6481553815886474,0.47137090587114766
SKG_SA_54,2020,0.0677024722099304,0.7439024390243902,82.0,6,28,1.9459101490553132,0.7439024382804877,0.06770258328074051,0.2150974536814245,0.4205419978206825
SKG_SA_55,2020,0.0580967664718627,0.5370370370370371,54.0,4,22,1.6094379124341003,0.5370370365,0.05809687869736774,0.17790440991891962,0.3095477107208391
SKG_SA_57,2020,0.0537899136543273,0.6570247933884298,242.0,253,31,5.537334267018537,0.6570247927314049,0.05379002639755599,0.6120871005255895,0.4112371169772838
SKG_SA_137,2020,0.051784336566925,0.680327868852459,122.0,3,26,1.3862943611198906,0.6803278681721311,0.05178444955124266,0.15323851785991663,0.37620156569255425
SKG_SA_150,2020,0.0518274307250976,0.7509881422924901,253.0,324,42,5.783825182329737,0.750988141541502,0.05182754370423494,0.6393337687567935,0.4601584651281243
SKG_DIA_262,2020,0.0657774806022644,0.6746031746031746,126.0,2,11,1.0986122886681098,0.6746031739285714,0.06577759190447637,0.12143865223702852,0.3757564889497791
SKG_SA_231,2020,0.0431436300277709,0.6891891891891891,148.0,595,39,6.39024066706535,0.6891891884999999,0.04314374405078163,0.706365859988211,0.4324886778691337
SKG_SA_233,2020,0.0443592071533203,0.8070175438596491,57.0,54,39,4.007333185232471,0.8070175430526315,0.04435932103020738,0.44296349685777553,0.46554884962417625
SKG_SA_235,2020,0.0620920062065124,0.6458333333333334,48.0,0,20,0.0,0.6458333326875,0.06209211795175256,0.0,0.347753513524451
SKG_DIA_214,2020,0.0598166584968566,0.7730061349693251,163.0,18,34,2.9444389791664403,0.7730061341963189,0.05981677051561466,0.325473058068228,0.44297708111122813
SKG_DIA_218,2020,0.0586267709732055,0.5512820512820513,78.0,45,16,3.828641396489095,0.5512820507307692,0.05862688313499907,0.4232112237267993,0.34141290099206417
SKG_SA_214,2020,0.0560240745544433,0.8461538461538461,13.0,0,13,0.0,0.8461538453076922,0.056024187029105124,0.0,0.44548659746548813
SKG_PAR_1,2020,0.063275933265686,0.7289719626168224,107.0,3,33,1.3862943611198906,0.7289719618878504,0.06327604486860713,0.15323851785991663,0.40512025067735974
SKG_PAR_6,2020,0.0557673573493957,0.7375,80.0,4,20,1.6094379124341003,0.7374999992625,0.05576746985491732,0.17790440991891962,0.4088474285651089
SKG_PAR_8,2020,0.0677524805068969,0.774390243902439,164.0,2,34,1.0986122886681098,0.7743902431280487,0.06775259157169555,0.12143865223702852,0.42644002341640547
SKG_PAR_13,2020,0.0469671487808227,0.6567164179104478,201.0,4,54,1.6094379124341003,0.6567164172537313,0.04696726234421101,0.17790440991891962,0.36493555455644205
SKG_PAR_16,2020,0.054174780845642,0.6455696202531646,79.0,8,49,2.1972245773362196,0.6455696196075948,0.05417489354260608,0.24287730447405703,0.3687424976682455
SKG_PAR_21,2020,0.0611646771430969,0.6857142857142857,105.0,14,25,2.70805020110221,0.6857142850285713,0.06116478899981062,0.29934306215594814,0.39725736432980474
SKG_PAR_23,2020,0.0748311877250671,0.75,72.0,83,27,4.430816798843313,0.7499999992499999,0.07483129793893949,0.4897746237783696,0.45390998117841275
SKG_PAR_32,2020,0.0510063171386718,0.83,100.0,27,72,3.332204510175204,0.8299999991699999,0.0510064302165146,0.3683359715413411,0.4722361688257399
SKG_PAR_51,2020,0.0530473589897155,0.725,160.0,2,52,1.0986122886681098,0.7249999992749999,0.05304747182220615,0.12143865223702852,0.3958628535900853
SKG_DIA_263,2020,0.0649677515029907,0.7352941176470589,68.0,63,41,4.1588830833596715,0.7352941169117647,0.0649678629025396,0.4597155535797498,0.4396057589748732
SKG_DIA_264,2020,0.0684612393379211,0.6470588235294118,204.0,18,59,2.9444389791664403,0.647058822882353,0.06846135031752036,0.325473058068228,0.3834612573750074
SKG_DIA_265,2020,0.0573450922966003,0.7674418604651163,215.0,26,32,3.295836866004329,0.7674418596976744,0.05734520461246354,0.3643159567110855,0.44309060736493117
SKG_DIA_270,2020,0.0700699090957641,0.8888888888888888,27.0,7,44,2.0794415416798357,0.8888888879999999,0.07007001988198634,0.2298577767898749,0.495458229631782
SKG_MT_512,2020,0.0505520701408386,0.632258064516129,155.0,104,38,4.653960350157523,0.6322580638838708,0.05055218327328611,0.5144405158373726,0.38779395683498713
SKG_MT_833,2020,0.0558646321296691,0.7964071856287425,167.0,19,63,2.995732273553991,0.7964071848323352,0.05586474462349739,0.33114292777883625,0.4536637830434502
SKG_MT_1181,2020,0.0765777826309204,0.7413793103448276,58.0,3,32,1.3862943611198906,0.7413793096034482,0.07657789263483587,0.15323851785991663,0.41664466364165015
SKG_MT_1182,2020,0.0646931529045105,0.6962962962962963,135.0,7,41,2.0794415416798357,0.6962962956,0.06469326433706869,0.2298577767898749,0.397011231213815
SKG_MT_1188,2020,0.0485704541206359,0.7903225806451613,62.0,10,21,2.3978952727983707,0.7903225798548386,0.04857056749129204,0.2650590869388559,0.44109542561782167
SKG_QA_2,2020,0.0516849756240844,0.5681818181818182,44.0,9,26,2.302585092994046,0.5681818176136364,0.05168508862034617,0.25452366884887795,0.3302173111398444
SKG_QA_16,2020,0.0520488023757934,0.6470588235294118,34.0,0,26,0.0,0.647058822882353,0.05204891532831982,0.0,0.3443489775725044
SKG_QA_18,2020,0.0589261054992675,0.7571428571428571,140.0,3,43,1.3862943611198906,0.7571428563857142,0.05892621762507829,0.15323851785991663,0.4174657670288801
SKG_SUM_123,2020,0.0495221018791198,0.0,106.0,358,34,5.883322388488279,0.0,0.04952221513537904,0.6503320133075544,0.08484208738490706
SKG_SUM_170,2020,0.0505517721176147,0.595,200.0,51,39,3.9512437185814275,0.5949999994049999,0.05055188525009803,0.43676346677887096,0.3613971004804263
SKG_SUM_171,2020,0.0734350085258483,0.7218543046357616,151.0,2,34,1.0986122886681098,0.7218543039139073,0.07343511890755437,0.12143865223702852,0.40244506474367825
SKG_SUM_135,2020,0.057996928691864,0.7663551401869159,107.0,2,42,1.0986122886681098,0.7663551394205607,0.05799704092937046,0.12143865223702852,0.4185202513057314
SKG_MT_611,2020,0.0509883761405944,0.6416184971098265,173.0,6,40,1.9459101490553132,0.641618496468208,0.05098848922059388,0.2150974536814245,0.362714389290484
SKG_MT_612,2020,0.0494911074638366,0.7068965517241379,58.0,3,16,1.3862943611198906,0.7068965510172412,0.049491220723821665,0.15323851785991663,0.38856861558414096
SKG_MT_614,2020,0.0306453704833984,0.9375,16.0,5,20,1.791759469228055,0.9374999990624999,0.030645486008815847,0.19805791116698682,0.500813985051475
SKG_MT_631,2020,0.0461024045944213,0.7053140096618358,207.0,55,31,4.02535169073515,0.7053140089565217,0.04610251826175989,0.4449552304712995,0.41559353483009476
SKG_MT_656,2020,0.1174575090408325,0.7454545454545455,110.0,0,19,0.0,0.7454545447090909,0.1174576141306257,0.0,0.4197103180067957
SKG_SUM_146,2020,0.0520278215408325,0.6906077348066298,181.0,122,44,4.812184355372417,0.690607734116022,0.052027934495881,0.5319303165095786,0.41930807250732127
SKG_MT_685,2020,0.0543345212936401,0.7159090909090909,88.0,1,10,0.6931471805599453,0.7159090901931818,0.054334633971401904,0.07661925892995831,0.38735032457814755
SKG_MT_677,2020,0.0424751043319702,0.5217391304347826,69.0,2,20,1.0986122886681098,0.5217391299130434,0.042475218435343916,0.12143865223702852,0.2900035175543621
SKG_SUM_160,2020,0.0653514862060546,0.6792452830188679,106.0,3,28,1.3862943611198906,0.6792452823396226,0.06535159755947503,0.15323851785991663,0.38108713197959293
SKG_SUM_139,2020,0.0631204843521118,0.751269035532995,197.0,70,53,4.2626798770413155,0.7512690347817259,0.06312059597371936,0.47118906690309453,0.44800166247066014
SKG_SUM_138,2020,0.0837081670761108,0.0,166.0,108,43,4.6913478822291435,0.0,0.08370827622288793,0.5185732672657684,0.08534063721573201
SKG_SUM_184,2020,0.0607324838638305,0.7734375,128.0,43,42,3.784189633918261,0.7734374992265625,0.06073259577249785,0.4182976047987725,0.4528415484021576
SKG_SUM_192,2020,0.0532615780830383,0.7175572519083969,131.0,262,55,5.572154032177765,0.7175572511908396,0.05326169088977783,0.6159360155575457,0.44167690350708555
SKG_SUM_206,2020,0.0581759214401245,0.6774193548387096,93.0,4,47,1.6094379124341003,0.6774193541612902,0.058176033656114366,0.17790440991891962,0.3797705315349828
NOVEL_SUM_38,2021,0.0270310640335083,0.0,0.0,122,45,4.812184355372417,0.0,0.027031179993398907,0.5319303165095786,0.06400550364831742
NOVEL_SUM_59,2021,0.0486212968826293,0.0,0.0,9,40,2.302585092994046,0.0,0.04862141024717366,0.25452366884887795,0.04490093098375726
NOVEL_SUM_58,2021,0.0161007046699523,0.0,0.0,24,57,3.2188758248682006,0.0,0.01610082194377348,0.35580881983783924,0.042021210761293316
NOVEL_SUM_56,2021,0.0114958882331848,0.0,0.0,11,26,2.4849066497880004,0.0,0.011496006060547629,0.27467717009694514,0.03206611943391357
NOVEL_SUM_13,2021,0.0556658506393432,0.0,0.0,20,27,3.044522437723423,0.0,0.055665963157066865,0.336536105918453,0.05591999585467205
NOVEL_SUM_12,2021,0.0148674845695495,0.0,0.0,31,46,3.4657359027997265,0.0,0.014867601991615177,0.38309629464979156,0.044256670261625226
NOVEL_SUM_11,2021,0.0582214593887329,0.0,0.0,76,32,4.343805421853684,0.0,0.05822157159924869,0.4801565406202804,0.07130428270172752
NOVEL_SUM_10,2021,0.0470593571662902,0.0,0.0,4,57,1.6094379124341003,0.0,0.047059470718594204,0.17790440991891962,0.03661422927932964
NOVEL_SUM_8,2021,0.0667135119438171,0.0,0.0,5,25,1.791759469228055,0.0,0.0667136231335094,0.19805791116698682,0.04649124037010244
NOVEL_SUM_7,2021,0.0484312772750854,0.0,0.0,33,51,3.5263605246161616,0.0,0.04843139066247188,0.38979763273030116,0.05835231953801887
NOVEL_SUM_6,2021,0.0406246185302734,0.0,0.0,10,51,2.3978952727983707,0.0,0.04062473285609267,0.2650590869388559,0.04275580183632266
NOVEL_SUM_46,2021,0.0639883875846862,0.0,0.0,129,73,4.867534450455582,0.0,0.06398849910196372,0.5380486177678322,0.07940026141756872
NOVEL_SUM_45,2021,0.0159001350402832,0.0,0.0,27,43,3.332204510175204,0.0,0.015900252338214713,0.3683359715413411,0.043193698089419995
NOVEL_SUM_60,2021,0.013171374797821,0.0,0.0,33,65,3.5263605246161616,0.0,0.013171492423774803,0.38979763273030116,0.044248360242540044
NOVEL_SUM_37,2021,0.0485659837722778,0.0,0.0,62,73,4.143134726391533,0.0,0.04856609714347131,0.4579747581554815,0.06522391467293667
NOVEL_SUM_36,2021,0.0582388043403625,0.0,0.0,1,33,0.6931471805599453,0.0,0.05823891654879326,0.07661925892995831,0.03095749251251314
NOVEL_QA_27,2021,0.0558785200119018,0.0,0.0,4,38,1.6094379124341003,0.0,0.05587863250406063,0.17790440991891962,0.04014189399351621
NOVEL_QA_26,2021,0.03953218460083,0.0,0.0,2,37,1.0986122886681098,0.0,0.03953229905796996,0.12143865223702852,0.027956784846890837
NOVEL_QA_25,2021,0.0511371493339538,0.0,0.0,4,28,1.6094379124341003,0.0,0.05113726239606937,0.17790440991891962,0.03824534595031971
NOVEL_QA_22,2021,0.0633379220962524,0.0,0.0,21,43,3.091042453358316,0.0,0.06333803369172192,0.3416783458688142,0.05950304806357019
NOVEL_QA_21,2021,0.0107396245002746,0.0,0.0,27,28,3.332204510175204,0.0,0.010739742418547343,0.3683359715413411,0.04112949412155305
NOVEL_QA_18,2021,0.0617793798446655,0.0,0.0,11,25,2.4849066497880004,0.0,0.06177949162748625,0.27467717009694514,0.052179513660689014
NOVEL_QA_17,2021,0.0657891035079956,0.0,0.0,0,11,0.0,0.0,0.06578921480881038,0.0,0.02631568592352415
NOVEL_QA_16,2021,0.0466614961624145,0.0,0.0,39,40,3.6888794541139363,0.0,0.04666160976254509,0.40776218670879455,0.05944086257589749
NOVEL_QA_15,2021,0.0452824831008911,0.0,0.0,99,45,4.605170185988092,0.0,0.04528259686679185,0.5090473376977559,0.06901777251649233
NOVEL_QA_14,2021,0.0124502182006835,0.0,0.0,29,49,3.4011973816621555,0.0,0.012450335913327015,0.37596232108590644,0.04257636647392145
NOVEL_QA_32,2021,0.0571178197860717,0.0,0.0,3,39,1.3862943611198906,0.0,0.05711793212925521,0.15323851785991663,0.03817102463769374
NOVEL_SUM_54,2021,0.0625929832458496,0.0,0.0,85,21,4.454347296253507,0.0,0.06259309493086766,0.49237564319298505,0.07427480229164557
NOVEL_SUM_53,2021,0.0135413408279418,0.0,0.0,15,26,2.772588722239781,0.0,0.013541458409422256,0.30647703571983326,0.03606428693575223
NOVEL_SUM_52,2021,0.0537065267562866,0.0,0.0,1,26,0.6931471805599453,0.0,0.05370663950953917,0.07661925892995831,0.0291445816968115
NOVEL_SUM_49,2021,0.0208040475845336,0.0,0.0,128,56,4.859812404361672,0.0,0.02080416429296934,0.5371950365000553,0.06204116936719327
NOVEL_SUM_47,2021,0.0134628415107727,0.0,0.0,209,51,5.3471075307174685,0.0,0.0134629591016895,0.591059774767331,0.06449116111740891
NOVEL_MT_115,2021,0.0549243688583374,0.0,0.0,12,26,2.5649493574615367,0.0,0.054924481465194054,0.2835249489189543,0.05032228747797306
NOVEL_MT_113,2021,0.0557194948196411,0.0,0.0,2,34,1.0986122886681098,0.0,0.055719607330916236,0.12143865223702852,0.03443170815606934
NOVEL_MT_112,2021,0.0701621770858764,0.0,0.0,8,34,2.1972245773362196,0.0,0.07016228786100716,0.24287730447405703,0.052352645591808564
NOVEL_MT_110,2021,0.047641098499298,0.0,0.0,1,0,0.6931471805599453,0.0,0.0476412119816713,0.07661925892995831,0.026718410685664357
NOVEL_MT_109,2021,0.0688542127609252,0.0,0.0,6,26,1.9459101490553132,0.0,0.06885432369328541,0.2150974536814245,0.04905147484545662
NOVEL_MT_117,2021,0.0570408105850219,0.0,0.0,36,49,3.6109179126442243,0.0,0.05704092293746263,0.39914445630466727,0.06273081480545178
NOVEL_MT_116,2021,0.0493704676628112,0.0,0.0,4,41,1.6094379124341003,0.0,0.04937058093729829,0.17790440991891962,0.037538673366811284
NOVEL_QA_13,2021,0.0590952634811401,0.0,0.0,122,48,4.812184355372417,0.0,0.05909537558661653,0.5319303165095786,0.07683118188560448
NOVEL_QA_30,2021,0.0648029446601867,0.0,0.0,0,51,0.0,0.0,0.06480305607954691,0.0,0.025921222431818765
NOVEL_SUM_33,2021,0.0638185739517211,0.0,0.0,5,36,1.791759469228055,0.0,0.0638186854894118,0.19805791116698682,0.0453332653124634
NOVEL_SUM_32,2021,0.0474842190742492,0.0,0.0,26,66,3.295836866004329,0.0,0.04748433257548086,0.3643159567110855,0.0554253287013009
NOVEL_SUM_31,2021,0.0472497940063476,0.0,0.0,20,34,3.044522437723423,0.0,0.04724990753575933,0.336536105918453,0.05255357360614904
NOVEL_SUM_30,2021,0.0595490336418151,0.0,0.0,8,38,2.1972245773362196,0.0,0.05954914569274415,0.24287730447405703,0.04810738872450336
NOVEL_SUM_28,2021,0.0474904179573059,0.0,0.0,2,31,1.0986122886681098,0.0,0.047490531457792404,0.12143865223702852,0.031140077806819814
NOVEL_SUM_26,2021,0.0644934773445129,0.0,0.0,22,59,3.1354942159291497,0.0,0.06449358880107395,0.34659196479684096,0.060456632000113676
NOVEL_SUM_24,2021,0.014133334159851,0.0,0.0,12,71,2.5649493574615367,0.0,0.014133451670168365,0.2835249489189543,0.034005875559962775
NOVEL_SUM_70,2021,0.0120840072631835,0.0,0.0,7,31,2.0794415416798357,0.0,0.012084125019848966,0.2298577767898749,0.02781942768692708
NOVEL_SUM_69,2021,0.0624924898147583,0.0,0.0,13,33,2.6390573296152584,0.0,0.062492601511856614,0.29171671261138277,0.054168711865880924
NOVEL_SUM_61,2021,0.0594239234924316,0.0,0.0,35,69,3.58351893845611,0.0,0.05942403555840005,0.39611582233397363,0.06338119645675738
NOVEL_MT_155,2021,0.0667275190353393,0.0,0.0,2,29,1.0986122886681098,0.0,0.06672763022334782,0.12143865223702852,0.03883491731304198
NOVEL_MT_96,2021,0.0156930088996887,0.0,0.0,7,48,2.0794415416798357,0.0,0.015693126222518696,0.2298577767898749,0.02926302816799497
NOVEL_MT_93,2021,0.047656238079071,0.0,0.0,29,48,3.4011973816621555,0.0,0.04765635155962439,0.37596232108590644,0.056658772732440396
NOVEL_QA_10,2021,0.0554944276809692,0.0,0.0,22,51,3.1354942159291497,0.0,0.05549454021929949,0.34659196479684096,0.05685701256740389
NOVEL_QA_8,2021,0.0516079068183898,0.0,0.0,9,33,2.302585092994046,0.0,0.05160801982391595,0.25452366884887795,0.04609557481445417
NOVEL_QA_7,2021,0.0123857259750366,0.0,0.0,10,19,2.3978952727983707,0.0,0.012385843695432679,0.2650590869388559,0.03146024617205866
NOVEL_QA_5,2021,0.069670021533966,0.0,0.0,1,48,0.6931471805599453,0.0,0.06967013236825842,0.07661925892995831,0.0355299788402992
NOVEL_QA_4,2021,0.0545471310615539,0.0,0.0,34,57,3.5553480614894135,0.0,0.054547243713758034,0.3930018636003441,0.06111908384553763
NOVEL_MT_168,2021,0.0692394375801086,0.0,0.0,7,69,2.0794415416798357,0.0,0.06923954846616122,0.2298577767898749,0.05068159706545198
NOVEL_MT_167,2021,0.0148825645446777,0.0,0.0,28,34,3.367295829986474,0.0,0.014882681964930623,0.372214903742496,0.04317456316022185
NOVEL_MT_165,2021,0.0641733407974243,0.0,0.0,1,21,0.6931471805599453,0.0,0.06417345229246874,0.07661925892995831,0.03333130680998333
NOVEL_MT_161,2021,0.0157661437988281,0.0,0.0,4,22,1.6094379124341003,0.0,0.0157662611128666,0.17790440991891962,0.0240969454370386
NOVEL_MT_156,2021,0.0650596618652343,0.0,0.0,3,61,1.3862943611198906,0.0,0.06505977325373473,0.15323851785991663,0.04134776108748556
NOVEL_MT_99,2021,0.0538147091865539,0.0,0.0,14,26,2.70805020110221,0.0,0.05381482192680193,0.29934306215594814,0.05146023498631559
NOVEL_MT_154,2021,0.0196034312248229,0.0,0.0,35,60,3.58351893845611,0.0,0.01960354807758386,0.39611582233397363,0.047453001464430905
NOVEL_MT_153,2021,0.0608517527580261,0.0,0.0,3,109,1.3862943611198906,0.0,0.06085186465235623,0.15323851785991663,0.039664597646934155
NOVEL_MT_150,2021,0.0092796087265014,0.0,0.0,35,39,3.58351893845611,0.0,0.009279726820281583,0.39611582233397363,0.04332347296151
NOVEL_MT_148,2021,0.0455837249755859,0.0,0.0,7,31,2.0794415416798357,0.0,0.04558383870527458,0.2298577767898749,0.04121931316109732
NOVEL_MT_86,2021,0.0397788882255554,0.0,0.0,60,65,4.110873864173311,0.0,0.0397790026530393,0.45440869971230236,0.061352471032445954
NOVEL_MT_83,2021,0.0686241388320922,0.0,0.0,1,34,0.6931471805599453,0.0,0.06862424979210943,0.07661925892995831,0.035111625809839606
NOVEL_MT_82,2021,0.0565441250801086,0.0,0.0,3,51,1.3862943611198906,0.0,0.05654423749225553,0.15323851785991663,0.03794154678289388
NOVEL_MT_81,2021,0.0586563944816589,0.0,0.0,24,63,3.2188758248682006,0.0,0.058656506639891456,0.35580881983783924,0.059043484639740504
NOVEL_MT_78,2021,0.0140824317932128,0.0,0.0,27,43,3.332204510175204,0.0,0.014082549309649103,0.3683359715413411,0.04246661687799375
NOVEL_MT_77,2021,0.0500425100326538,0.0,0.0,4,16,1.6094379124341003,0.0,0.050042623226355165,0.17790440991891962,0.037807490282434034
NOVEL_MT_92,2021,0.0663446187973022,0.0,0.0,16,40,2.833213344056216,0.0,0.06634473003133888,0.31317837380034286,0.057855729392569846
NOVEL_MT_91,2021,0.0715791583061218,0.0,0.0,2,37,1.0986122886681098,0.0,0.07157926891091829,0.12143865223702852,0.04077557278807017
NOVEL_SUM_64,2021,0.062280535697937,0.0,0.0,26,77,3.295836866004329,0.0,0.06228064742051417,0.3643159567110855,0.06134385463931422
NOVEL_QA_12,2021,0.0484312772750854,0.0,0.0,33,51,3.5263605246161616,0.0,0.04843139066247188,0.38979763273030116,0.05835231953801887
NOVEL_SUM_39,2021,0.0078641772270202,0.0,0.0,43,37,3.784189633918261,0.0,0.007864295490948376,0.4182976047987725,0.0449754786762566
NOVEL_SUM_3,2021,0.0477656126022338,0.0,0.0,26,44,3.295836866004329,0.0,0.04776572606963935,0.3643159567110855,0.0555378860989643
NOVEL_SUM_23,2021,0.0120822787284851,0.0,0.0,23,35,3.1780538303479458,0.0,0.012082396485358353,0.35129642902690345,0.03996260149683369
NOVEL_SUM_22,2021,0.0464360117912292,0.0,0.0,18,58,2.9444389791664403,0.0,0.0464361254184651,0.325473058068228,0.05112175597420884
NOVEL_SUM_21,2021,0.009941279888153,0.0,0.0,70,52,4.2626798770413155,0.0,0.009941397902394171,0.47118906690309453,0.051095465851267126
NOVEL_SUM_20,2021,0.0555462837219238,0.0,0.0,6,64,1.9459101490553132,0.0,0.05554639625402052,0.2150974536814245,0.043728303869750657
NOVEL_SUM_19,2021,0.0657238960266113,0.0,0.0,31,68,3.4657359027997265,0.0,0.06572400733526462,0.38309629464979156,0.06459923239908501
NOVEL_SUM_17,2021,0.0486119389533996,0.0,0.0,4,54,1.6094379124341003,0.0,0.04861205231906888,0.17790440991891962,0.037235261919519515
NOVEL_SUM_68,2021,0.0476026535034179,0.0,0.0,74,65,4.31748811353631,0.0,0.047602766990412645,0.47724747207486773,0.06676585400365184
NOVEL_SUM_67,2021,0.0128431320190429,0.0,0.0,19,34,2.995732273553991,0.0,0.012843249684454529,0.33114292777883625,0.038251592651665445
NOVEL_SUM_66,2021,0.0565850138664245,0.0,0.0,11,47,2.4849066497880004,0.0,0.056585126273656215,0.27467717009694514,0.050101767519157
NOVEL_DIA_56,2021,0.0625929832458496,0.0,0.0,85,21,4.454347296253507,0.0,0.06259309493086766,0.49237564319298505,0.07427480229164557
NOVEL_SUM_16,2021,0.0515575408935546,0.0,0.0,40,57,3.713572066704308,0.0,0.0515576539051352,0.4104916642725502,0.0616722279893091
NOVEL_SUM_15,2021,0.026889145374298,0.0,0.0,35,34,3.58351893845611,0.0,0.026889261351248545,0.39611582233397363,0.050367286773896784
NOVEL_SUM_14,2021,0.0537275075912475,0.0,0.0,1,82,0.6931471805599453,0.0,0.05372762034197798,0.07661925892995831,0.029152974029787025
NOVEL_SUM_44,2021,0.0637981295585632,0.0,0.0,43,62,3.784189633918261,0.0,0.06379824109871152,0.4182976047987725,0.06734905691936185
NOVEL_SUM_42,2021,0.0279471278190612,0.0,0.0,70,34,4.2626798770413155,0.0,0.02794724366883244,0.47118906690309453,0.058297804157842435
NOVEL_SUM_41,2021,0.009083092212677,0.0,0.0,12,27,2.5649493574615367,0.0,0.009083210330080289,0.2835249489189543,0.031985779023927546
NOVEL_MT_108,2021,0.0626039505004882,0.0,0.0,54,43,4.007333185232471,0.0,0.0626040621841879,0.44296349685777553,0.06933797455945272
NOVEL_MT_107,2021,0.0759422183036804,0.0,0.0,7,69,2.0794415416798357,0.0,0.0759423283839966,0.2298577767898749,0.053362709032586136
NOVEL_MT_105,2021,0.0685012936592102,0.0,0.0,3,21,1.3862943611198906,0.0,0.06850140463399457,0.15323851785991663,0.042724413639589495
NOVEL_MT_104,2021,0.0506971478462219,0.0,0.0,4,55,1.6094379124341003,0.0,0.05069726096122973,0.17790440991891962,0.03806934537638386
NOVEL_MT_101,2021,0.0737123489379882,0.0,0.0,3,41,1.3862943611198906,0.0,0.07371245928635538,0.15323851785991663,0.044808835500533814
NOVEL_DIA_52,2021,0.054151713848114,0.0,0.0,18,69,2.9444389791664403,0.0,0.05415182654785095,0.325473058068228,0.05420803642596318
NOVEL_MT_133,2021,0.0564169883728027,0.0,0.0,2,17,1.0986122886681098,0.0,0.05641710080023264,0.12143865223702852,0.034710705543795906
NOVEL_MT_132,2021,0.0545024871826171,0.0,0.0,2,58,1.0986122886681098,0.0,0.054502599840187835,0.12143865223702852,0.03394490515977799
NOVEL_MT_130,2021,0.0605983734130859,0.0,0.0,1,21,0.6931471805599453,0.0,0.060598485337874576,0.07661925892995831,0.03190132002814566
NOVEL_MT_128,2021,0.0144622921943664,0.0,0.0,13,38,2.6390573296152584,0.0,0.014462409665139958,0.29171671261138277,0.03495663512719426
NOVEL_MT_127,2021,0.0489989519119262,0.0,0.0,1,15,0.6931471805599453,0.0,0.048999065231072926,0.07661925892995831,0.027261551985425
NOVEL_QA_64,2021,0.0269591212272644,0.0,0.0,11,49,2.4849066497880004,0.0,0.0269592371958032,0.27467717009694514,0.0382514118880158
NOVEL_QA_63,2021,0.012282371520996,0.0,0.0,19,31,2.995732273553991,0.0,0.012282489253816243,0.33114292777883625,0.03802728847941013
NOVEL_QA_86,2021,0.0129097700119018,0.0,0.0,11,51,2.4849066497880004,0.0,0.012909887669302924,0.27467717009694514,0.032631672077415685
NOVEL_QA_70,2021,0.0289785265922546,0.0,0.0,33,37,3.5263605246161616,0.0,0.028978642318042144,0.38979763273030116,0.05057122020024698
NOVEL_QA_69,2021,0.0101787447929382,0.0,0.0,10,35,2.3978952727983707,0.0,0.010178862778633887,0.2650590869388559,0.030577453805339144
NOVEL_DIA_54,2021,0.0544065237045288,0.0,0.0,3,20,1.3862943611198906,0.0,0.05440663637363524,0.15323851785991663,0.03708650633544576
NOVEL_DIA_53,2021,0.0541537404060363,0.0,0.0,15,53,2.772588722239781,0.0,0.054153853105529635,0.30647703571983326,0.05230924481419518
NOVEL_MT_137,2021,0.0611469149589538,0.0,0.0,6,28,1.9459101490553132,0.0,0.061147026817802694,0.2150974536814245,0.04596855609526353
NOVEL_DIA_51,2021,0.0425463914871215,0.0,0.0,35,55,3.58351893845611,0.0,0.04254650558192584,0.39611582233397363,0.0566301844661677
NOVEL_DIA_50,2021,0.0507116317749023,0.0,0.0,9,33,2.302585092994046,0.0,0.05071174488816902,0.25452366884887795,0.045737064840155404
NOVEL_QA_67,2021,0.0552606582641601,0.0,0.0,18,39,2.9444389791664403,0.0,0.055260770830591645,0.325473058068228,0.05465161413905946
NOVEL_QA_66,2021,0.0516115427017211,0.0,0.0,1,24,0.6931471805599453,0.0,0.051611655706810186,0.07661925892995831,0.028306588175719904
NOVEL_QA_65,2021,0.0097402334213256,0.0,0.0,18,38,2.9444389791664403,0.0,0.009740351459734422,0.325473058068228,0.03644344639071657
NOVEL_QA_24,2021,0.0744120478630065,0.0,0.0,1,0,0.6931471805599453,0.0,0.07441215812726337,0.07661925892995831,0.037426789143901185
NOVEL_QA_23,2021,0.0583426356315612,0.0,0.0,11,18,2.4849066497880004,0.0,0.058342747827510484,0.27467717009694514,0.050804816140698705
NOVEL_QA_62,2021,0.0727378726005554,0.0,0.0,3,29,1.3862943611198906,0.0,0.07273798306606369,0.15323851785991663,0.04441904501241714
NOVEL_QA_61,2021,0.0271457433700561,0.0,0.0,11,23,2.4849066497880004,0.0,0.027145859316161185,0.27467717009694514,0.03832606073615899
NOVEL_QA_60,2021,0.0527097582817077,0.0,0.0,20,53,3.044522437723423,0.0,0.05270987115478108,0.336536105918453,0.05473755905375774
NOVEL_QA_59,2021,0.0598331689834594,0.0,0.0,10,39,2.3978952727983707,0.0,0.059833281000232746,0.2650590869388559,0.05043922109397869
NOVEL_QA_58,2021,0.0591911077499389,0.0,0.0,6,32,1.9459101490553132,0.0,0.059191219843893965,0.2150974536814245,0.04518623330570004
NOVEL_DIA_40,2021,0.0549415349960327,0.0,0.0,1,18,0.6931471805599453,0.0,0.05494164760082582,0.07661925892995831,0.029638584933326162
NOVEL_DIA_25,2021,0.0735435485839843,0.0,0.0,2,27,1.0986122886681098,0.0,0.07354365895264285,0.12143865223702852,0.04156132880475999
NOVEL_DIA_26,2021,0.0464360117912292,0.0,0.0,18,58,2.9444389791664403,0.0,0.0464361254184651,0.325473058068228,0.05112175597420884
NOVEL_QA_77,2021,0.0366331934928894,0.0,0.0,29,27,3.4011973816621555,0.0,0.03663330829851498,0.37596232108590644,0.052249555427996634
NOVEL_DIA_1,2021,0.0501843690872192,0.0,0.0,12,71,2.5649493574615367,0.0,0.050184482263867784,0.2835249489189543,0.04842628779744255
NOVEL_DIA_21,2021,0.0657240152359008,0.0,0.0,31,68,3.4657359027997265,0.0,0.06572412654453978,0.38309629464979156,0.06459928008279507
NOVEL_QA_84,2021,0.0118631124496459,0.0,0.0,5,41,1.791759469228055,0.0,0.011863230232864973,0.19805791116698682,0.02455108320984467
NOVEL_QA_45,2021,0.0624019503593444,0.0,0.0,17,87,2.8903717578961645,0.0,0.062402062067326396,0.3194965634040153,0.056910481167332085
NOVEL_QA_44,2021,0.0201941728591918,0.0,0.0,143,46,4.969813299576001,0.0,0.02019428964094014,0.5493543401938903,0.06301314987576509
NOVEL_MT_267,2021,0.0114415884017944,0.0,0.0,3,54,1.3862943611198906,0.0,0.011441706235684572,0.15323851785991663,0.019900534280265492
NOVEL_QA_76,2021,0.0098564028739929,0.0,0.0,32,49,3.4965075614664802,0.0,0.009856520898437075,0.38649773917588437,0.04259238227696327
NOVEL_QA_75,2021,0.0224873423576354,0.0,0.0,3,33,1.3862943611198906,0.0,0.022487458863723497,0.15323851785991663,0.024318835331481062
NOVEL_QA_74,2021,0.0509203076362609,0.0,0.0,91,46,4.5217885770490405,0.0,0.050920420724442854,0.4998304826567576,0.0703512165554529
NOVEL_QA_57,2021,0.0688318014144897,0.0,0.0,45,24,3.828641396489095,0.0,0.06883191234954397,0.4232112237267993,0.06985388731249752
NOVEL_DIA_39,2021,0.0735562443733215,0.0,0.0,4,35,1.6094379124341003,0.0,0.07355635474045391,0.17790440991891962,0.04721298288807353
NOVEL_DIA_37,2021,0.0526638031005859,0.0,0.0,42,45,3.7612001156935624,0.0,0.052663915979183525,0.41575638426302675,0.06264120481797608
NOVEL_DIA_35,2021,0.0144737958908081,0.0,0.0,51,32,3.9512437185814275,0.0,0.014473913360198808,0.43676346677887096,0.049465912021966624
NOVEL_DIA_34,2021,0.055077850818634,0.0,0.0,39,70,3.6888794541139363,0.0,0.05507796340704069,0.40776218670879455,0.06280740403369574
NOVEL_DIA_33,2021,0.0427979230880737,0.0,0.0,8,57,2.1972245773362196,0.0,0.04279803715264161,0.24287730447405703,0.04140694530846235
NOVEL_DIA_31,2021,0.0628291368484497,0.0,0.0,22,40,3.1354942159291497,0.0,0.06282924850507991,0.34659196479684096,0.05979089588171606
NOVEL_DIA_30,2021,0.0565838813781738,0.0,0.0,20,40,3.044522437723423,0.0,0.05658399378554165,0.336536105918453,0.05628720810606196
NOVEL_DIA_29,2021,0.0777292251586914,0.0,0.0,49,71,3.912023005428146,0.0,0.07772933502419281,0.43242807876779754,0.07433454188645688
NOVEL_DIA_28,2021,0.0463191866874694,0.0,0.0,2,48,1.0986122886681098,0.0,0.04631930032874876,0.12143865223702852,0.030671585355202355
NOVEL_QA_72,2021,0.0588262677192688,0.0,0.0,51,31,3.9512437185814275,0.0,0.058826379857081015,0.43676346677887096,0.0672068986207195
NOVEL_QA_81,2021,0.0824717283248901,0.0,0.0,35,77,3.58351893845611,0.0,0.08247183762029862,0.39611582233397363,0.07260031728151681
NOVEL_QA_37,2021,0.0501176714897155,0.0,0.0,19,26,2.995732273553991,0.0,0.05011778467438176,0.33114292777883625,0.053161406647636335
NOVEL_DIA_66,2021,0.0287587046623229,0.0,0.0,13,32,2.6390573296152584,0.0,0.028758820414535077,0.29171671261138277,0.04067519942695231
NOVEL_DIA_65,2021,0.0576215982437133,0.0,0.0,8,63,2.1972245773362196,0.0,0.057621710526337966,0.24287730447405703,0.04733641465794089
NOVEL_QA_52,2021,0.0598665475845336,0.0,0.0,1,25,0.6931471805599453,0.0,0.05986665959729453,0.07661925892995831,0.03160858973191365
NOVEL_QA_50,2021,0.0546455383300781,0.0,0.0,26,20,3.295836866004329,0.0,0.054645650970452764,0.3643159567110855,0.05828985605928966
NOVEL_QA_48,2021,0.0648553967475891,0.0,0.0,20,43,3.044522437723423,0.0,0.06485550816064409,0.336536105918453,0.059595813856102936
NOVEL_QA_47,2021,0.0162872076034545,0.0,0.0,7,45,2.0794415416798357,0.0,0.0162873248548563,0.2298577767898749,0.02950070762093001
NOVEL_QA_46,2021,0.0548968315124511,0.0,0.0,49,58,3.912023005428146,0.0,0.054896944122617995,0.43242807876779754,0.06520158552582696
NOVEL_QA_3,2021,0.0573824048042297,0.0,0.0,73,38,4.30406509320417,0.0,0.057382517115607636,0.47576371523462563,0.07052937836970562
NOVEL_QA_2,2021,0.0183625221252441,0.0,0.0,64,44,4.174387269895637,0.0,0.018362639127173844,0.4614293588378739,0.05348799153465693
NOVEL_QA_43,2021,0.0148195028305053,0.0,0.0,27,38,3.332204510175204,0.0,0.014819620258338826,0.3683359715413411,0.04276144525746964
NOVEL_QA_40,2021,0.0545135736465454,0.0,0.0,26,42,3.295836866004329,0.0,0.05451368630278345,0.3643159567110855,0.058237070192221935
NOVEL_QA_39,2021,0.0540399551391601,0.0,0.0,19,21,2.995732273553991,0.0,0.05404006785233148,0.33114292777883625,0.054730319918816224
NOVEL_DIA_67,2021,0.0622463226318359,0.0,0.0,5,52,1.791759469228055,0.0,0.062246434358525796,0.19805791116698682,0.044704364860109
NOVEL_QA_36,2021,0.0569702982902526,0.0,0.0,17,90,2.8903717578961645,0.0,0.05697041065116956,0.3194965634040153,0.054737820600869354
NOVEL_QA_35,2021,0.0097917318344116,0.0,0.0,13,34,2.6390573296152584,0.0,0.009791849866629834,0.29171671261138277,0.033088411207790214
NOVEL_QA_34,2021,0.0531821250915527,0.0,0.0,14,31,2.70805020110221,0.0,0.05318223790784321,0.29934306215594814,0.051207201378732095
NOVEL_QA_33,2021,0.0474904179573059,0.0,0.0,2,31,1.0986122886681098,0.0,0.047490531457792404,0.12143865223702852,0.031140077806819814
NOVEL_SUM_77,2021,0.0623385310173034,0.0,0.0,13,29,2.6390573296152584,0.0,0.06233864273290899,0.29171671261138277,0.05410712835430187
NOVEL_SUM_76,2021,0.0633139610290527,0.0,0.0,20,18,3.044522437723423,0.0,0.06331407262740256,0.336536105918453,0.058979239642806325
NOVEL_SUM_75,2021,0.0553287267684936,0.0,0.0,4,37,1.6094379124341003,0.0,0.05532883932674268,0.17790440991891962,0.039921976722589035
NOVEL_SUM_73,2021,0.0665724873542785,0.0,0.0,40,46,3.713572066704308,0.0,0.06657259856092326,0.4104916642725502,0.06767820585162433
NOVEL_SUM_72,2021,0.0185595750808715,0.0,0.0,199,46,5.298317366548036,0.0,0.01855969205911365,0.5856665966277141,0.06599053648641687
NOVEL_SUM_71,2021,0.0475496053695678,0.0,0.0,64,69,4.174387269895637,0.0,0.047549718862939426,0.4614293588378739,0.06516282342896317
NOVEL_DIA_63,2021,0.0511596798896789,0.0,0.0,19,31,2.995732273553991,0.0,0.05115979294908608,0.33114292777883625,0.053578209957518066
NOVEL_DIA_59,2021,0.0370699167251586,0.0,0.0,60,39,4.110873864173311,0.0,0.037070031478286004,0.45440869971230236,0.06026888256254464
NOVEL_MT_141,2021,0.0455997586250305,0.0,0.0,2,25,1.0986122886681098,0.0,0.04559987235279178,0.12143865223702852,0.030383814164819566
NOVEL_QA_55,2021,0.0579324960708618,0.0,0.0,6,18,1.9459101490553132,0.0,0.05793260831611366,0.2150974536814245,0.044682788694587916
NOVEL_QA_54,2021,0.0,0.0,0.0,18,46,2.9444389791664403,0.0,1.1920927522071896e-07,0.325473058068228,0.03254735349053289
NOVEL_QA_53,2021,0.0617471933364868,0.0,0.0,2,58,1.0986122886681098,0.0,0.061747305123176666,0.12143865223702852,0.03684278727297352
NOVEL_MT_118,2021,0.065180480480194,0.0,0.0,28,35,3.367295829986474,0.0,0.0651805918541709,0.372214903742496,0.06329372711591796
NOVEL_DIA_49,2021,0.0537081956863403,0.0,0.0,11,57,2.4849066497880004,0.0,0.05370830843939224,0.27467717009694514,0.04895104038545141
NOVEL_DIA_47,2021,0.0564002990722656,0.0,0.0,12,33,2.5649493574615367,0.0,0.05640041150170175,0.2835249489189543,0.05091265949257613
NOVEL_DIA_45,2021,0.07422935962677,0.0,0.0,72,69,4.290459441148391,0.0,0.0742294699129877,0.474259770607843,0.07711776502597939
NOVEL_DIA_44,2021,0.0481478571891784,0.0,0.0,85,48,4.454347296253507,0.0,0.048147970610634604,0.49237564319298505,0.06849675256355235
NOVEL_DIA_43,2021,0.0637981295585632,0.0,0.0,43,62,3.784189633918261,0.0,0.06379824109871152,0.4182976047987725,0.06734905691936185
NOVEL_DIA_42,2021,0.0530750155448913,0.0,0.0,13,49,2.6390573296152584,0.0,0.053075128374057375,0.29171671261138277,0.05040172261076123
NOVEL_DIA_41,2021,0.0151464343070983,0.0,0.0,35,47,3.58351893845611,0.0,0.015146551695631632,0.39611582233397363,0.04567020291165001
NOVEL_MT_144,2021,0.0161650776863098,0.0,0.0,102,44,4.634728988229636,0.0,0.01616519495239275,0.5123147152275538,0.05769754950371248
NOVEL_MT_89,2021,0.0146632194519042,0.0,0.0,67,25,4.219507705176107,0.0,0.014663336898524438,0.46641689166025946,0.05250702392543573
NOVEL_MT_140,2021,0.0516775846481323,0.0,0.0,3,45,1.3862943611198906,0.0,0.05167769764528253,0.15323851785991663,0.035994930844104676
NOVEL_MT_125,2021,0.0507681965827941,0.0,0.0,19,58,2.995732273553991,0.0,0.05076830968926121,0.33114292777883625,0.05342161665358811
NOVEL_MT_124,2021,0.0129281282424926,0.0,0.0,5,28,1.791759469228055,0.0,0.012928245897686895,0.19805791116698682,0.02497708947577344
NOVEL_MT_122,2021,0.0484578013420105,0.0,0.0,7,68,2.0794415416798357,0.0,0.04845791472620854,0.2298577767898749,0.04236894356947091
NOVEL_MT_121,2021,0.0164896249771118,0.0,0.0,22,39,3.1354942159291497,0.0,0.016489742204181153,0.34659196479684096,0.041255093361356555
NOVEL_MT_120,2021,0.045988380908966,0.0,0.0,52,57,3.970291913552122,0.0,0.04598849459001129,0.4388690204383823,0.06228229987984275
NOVEL_DIA_55,2021,0.0648921728134155,0.0,0.0,8,15,2.1972245773362196,0.0,0.06489228422204966,0.24287730447405703,0.05024464413622557
NOVEL_DIA_71,2021,0.0540224313735961,0.0,0.0,5,34,1.791759469228055,0.0,0.054022544088874004,0.19805791116698682,0.04141480875224829
NOVEL_DIA_70,2021,0.0545112490653991,0.0,0.0,10,63,2.3978952727983707,0.0,0.05451136172191658,0.2650590869388559,0.048310453382652226
NOVEL_DIA_69,2021,0.0519908666610717,0.0,0.0,7,30,2.0794415416798357,0.0,0.051990979620562525,0.2298577767898749,0.043782169527212506
NOVEL_DIA_68,2021,0.0502883791923522,0.0,0.0,26,47,3.295836866004329,0.0,0.05028849235649781,0.3643159567110855,0.05654699261370768
NOVEL_MT_298,2021,0.0737124681472778,0.0,0.0,3,41,1.3862943611198906,0.0,0.07371257849563066,0.15323851785991663,0.04480888318424393
NOVEL_SA_63,2021,0.0542364120483398,0.0,0.0,2,42,1.0986122886681098,0.0,0.05423652473789524,0.12143865223702852,0.03383847511886095
NOVEL_SA_62,2021,0.056484580039978,0.0,0.0,2,50,1.0986122886681098,0.0,0.056484692459282795,0.12143865223702852,0.034737742207415975
NOVEL_SA_61,2021,0.060047447681427,0.0,0.0,1,23,0.6931471805599453,0.0,0.06004755967244206,0.07661925892995831,0.03168094976197266
NOVEL_SA_60,2021,0.0103161931037902,0.0,0.0,169,53,5.135798437050262,0.0,0.010316311072963325,0.5677020426492208,0.06089672869410741
NOVEL_SA_59,2021,0.05229252576828,0.0,0.0,27,37,3.332204510175204,0.0,0.0522926386915086,0.3683359715413411,0.05775065263073755
NOVEL_SA_58,2021,0.0517180562019348,0.0,0.0,173,59,5.159055299214529,0.0,0.051718169194219975,0.5702728149094828,0.07771454916863627
NOVEL_SA_57,2021,0.0681062936782836,0.0,0.0,46,63,3.8501476017100584,0.0,0.06810640470055061,0.4255884814761487,0.06980141002783512
NOVEL_SA_56,2021,0.0588262677192688,0.0,0.0,51,31,3.9512437185814275,0.0,0.058826379857081015,0.43676346677887096,0.0672068986207195
NOVEL_SA_55,2021,0.0135390162467956,0.0,0.0,41,70,3.7376696182833684,0.0,0.013539133828555492,0.4131553648484113,0.04673119001626333
NOVEL_SA_53,2021,0.0277379751205444,0.0,0.0,454,67,6.12029741895095,0.0,0.027738090995457737,0.6765268125192984,0.07874791765011294
NOVEL_SA_52,2021,0.0495803952217102,0.0,0.0,185,52,5.225746673713202,0.0,0.04958050847096204,0.577644761062363,0.07759667949462112
NOVEL_MT_300,2021,0.0509810447692871,0.0,0.0,5,21,1.791759469228055,0.0,0.05098115785016789,0.19805791116698682,0.040198254256765834
NOVEL_SA_64,2021,0.0824717283248901,0.0,0.0,35,77,3.58351893845611,0.0,0.08247183762029862,0.39611582233397363,0.07260031728151681
NOVEL_MT_213,2021,0.0197373628616333,0.0,0.0,12,28,2.5649493574615367,0.0,0.01973747969829444,0.2835249489189543,0.03624748677121321
NOVEL_MT_210,2021,0.0474205017089843,0.0,0.0,18,36,2.9444389791664403,0.0,0.04742061521787538,0.325473058068228,0.05151555189397296
NOVEL_MT_209,2021,0.0644489526748657,0.0,0.0,0,18,0.0,0.0,0.06444906413677903,0.0,0.025779625654711615
NOVEL_MT_238,2021,0.0498502850532531,0.0,0.0,17,48,2.8903717578961645,0.0,0.049850398270061685,0.3194965634040153,0.0518898156484262
NOVEL_MT_236,2021,0.0563880801200866,0.0,0.0,3,48,1.3862943611198906,0.0,0.05638819255099158,0.15323851785991663,0.0378791288063883
NOVEL_MT_235,2021,0.0554388165473938,0.0,0.0,1,34,0.6931471805599453,0.0,0.055438929092409064,0.07661925892995831,0.029837497529959456
NOVEL_MT_234,2021,0.1137803792953491,0.0,0.0,3,25,1.3862943611198906,0.0,0.11378048482716739,0.15323851785991663,0.06083604571685862
NOVEL_MT_230,2021,0.0717160105705261,0.0,0.0,33,52,3.5263605246161616,0.0,0.07171612115887166,0.38979763273030116,0.06766621173657879
NOVEL_MT_228,2021,0.0489484667778015,0.0,0.0,0,26,0.0,0.0,0.04894858010301701,0.0,0.019579432041206806
NOVEL_MT_258,2021,0.0164896249771118,0.0,0.0,22,39,3.1354942159291497,0.0,0.016489742204181153,0.34659196479684096,0.041255093361356555
NOVEL_MT_257,2021,0.0630601048469543,0.0,0.0,20,40,3.044522437723423,0.0,0.06306021647582002,0.336536105918453,0.05887769718217331
NOVEL_MT_256,2021,0.0687319636344909,0.0,0.0,6,19,1.9459101490553132,0.0,0.06873207458154659,0.2150974536814245,0.04900257520076109
NOVEL_MT_305,2021,0.0142170190811157,0.0,0.0,67,34,4.219507705176107,0.0,0.014217136581373363,0.46641689166025946,0.052328543798575294
NOVEL_SA_48,2021,0.0127118229866027,0.0,0.0,336,38,5.820082930352362,0.0,0.012711940667798894,0.6433416358618987,0.06941893985330944
NOVEL_MT_139,2021,0.0121967196464538,0.0,0.0,55,69,4.02535169073515,0.0,0.012196837389570192,0.4449552304712995,0.04937425800295803
NOVEL_SA_45,2021,0.0185589790344238,0.0,0.0,39,63,3.6888794541139363,0.0,0.018559096012737603,0.40776218670879455,0.0481998570759745
NOVEL_SA_44,2021,0.0727378726005554,0.0,0.0,3,29,1.3862943611198906,0.0,0.07273798306606369,0.15323851785991663,0.04441904501241714
NOVEL_SA_43,2021,0.0679303407669067,0.0,0.0,0,32,0.0,0.0,0.0679304518103249,0.0,0.027172180724129958
NOVEL_SA_42,2021,0.0527097582817077,0.0,0.0,20,53,3.044522437723423,0.0,0.05270987115478108,0.336536105918453,0.05473755905375774
NOVEL_SA_41,2021,0.016330599784851,0.0,0.0,49,39,3.912023005428146,0.0,0.016330717031036657,0.43242807876779754,0.049775094689194416
NOVEL_SA_40,2021,0.0688318014144897,0.0,0.0,45,24,3.828641396489095,0.0,0.06883191234954397,0.4232112237267993,0.06985388731249752
NOVEL_SA_39,2021,0.0579324960708618,0.0,0.0,6,18,1.9459101490553132,0.0,0.05793260831611366,0.2150974536814245,0.044682788694587916
NOVEL_SA_38,2021,0.0564395785331726,0.0,0.0,34,27,3.5553480614894135,0.0,0.05643969095788699,0.3930018636003441,0.061876062743189214
NOVEL_SA_37,2021,0.0648553967475891,0.0,0.0,20,43,3.044522437723423,0.0,0.06485550816064409,0.336536105918453,0.059595813856102936
NOVEL_SA_34,2021,0.0536668896675109,0.0,0.0,1,32,0.6931471805599453,0.0,0.053667002425528215,0.07661925892995831,0.029128726863207118
NOVEL_MT_282,2021,0.0589298009872436,0.0,0.0,123,46,4.820281565605037,0.0,0.05892991311261015,0.5328253677552928,0.07685450202057334
NOVEL_MT_304,2021,0.05657559633255,0.0,0.0,34,55,3.5553480614894135,0.0,0.05657570874091379,0.3930018636003441,0.06193046985639993
NOVEL_MT_303,2021,0.0587552785873413,0.0,0.0,36,51,3.6109179126442243,0.0,0.05875539073368707,0.39914445630466727,0.06341660192394155
NOVEL_MT_301,2021,0.0566837191581726,0.0,0.0,1,35,0.6931471805599453,0.0,0.056683831553539024,0.07661925892995831,0.03033545851441144
NOVEL_MT_295,2021,0.0095250010490417,0.0,0.0,24,55,3.2188758248682006,0.0,0.009525119113323448,0.35580881983783924,0.0393909296291133
NOVEL_MT_291,2021,0.0705543756484985,0.0,0.0,4,45,1.6094379124341003,0.0,0.07055448637648336,0.17790440991891962,0.046012235542485305
NOVEL_MT_290,2021,0.0242608189582824,0.0,0.0,2,27,1.0986122886681098,0.0,0.02426093525118216,0.12143865223702852,0.021848239324175716
NOVEL_MT_289,2021,0.0549039840698242,0.0,0.0,1,30,0.6931471805599453,0.0,0.05490409667913129,0.07661925892995831,0.029623564564648347
NOVEL_MT_287,2021,0.0687055587768554,0.0,0.0,0,18,0.0,0.0,0.0687056697270852,0.0,0.027482267890834078
NOVEL_SA_33,2021,0.0576878786087036,0.0,0.0,4,37,1.6094379124341003,0.0,0.05768799088336075,0.17790440991891962,0.040865637345236266
NOVEL_SA_31,2021,0.0501176714897155,0.0,0.0,19,26,2.995732273553991,0.0,0.05011778467438176,0.33114292777883625,0.053161406647636335
NOVEL_SA_65,2021,0.0584819912910461,0.0,0.0,1,0,0.6931471805599453,0.0,0.05848210347024354,0.07661925892995831,0.03105476728109325
NOVEL_DIA_22,2021,0.057017982006073,0.0,0.0,27,55,3.332204510175204,0.0,0.05701809436125793,0.3683359715413411,0.059640834898637286
NOVEL_MT_261,2021,0.0409435033798217,0.0,0.0,5,60,1.791759469228055,0.0,0.04094361766730806,0.19805791116698682,0.0361832381836219
NOVEL_MT_259,2021,0.050060749053955,0.0,0.0,2,41,1.0986122886681098,0.0,0.05006086224546386,0.12143865223702852,0.0321682101218884
NOVEL_MT_286,2021,0.0677493810653686,0.0,0.0,2,47,1.0986122886681098,0.0,0.06774949213053982,0.12143865223702852,0.039243662075918784
NOVEL_DIA_5,2021,0.0547437667846679,0.0,0.0,0,35,0.0,0.0,0.054743879413234595,0.0,0.02189755176529384
NOVEL_DIA_4,2021,0.0834586024284362,0.0,0.0,6,50,1.9459101490553132,0.0,0.08345871160521331,0.2150974536814245,0.05489323001022778
NOVEL_DIA_3,2021,0.0538095235824584,0.0,0.0,5,39,1.791759469228055,0.0,0.053809636323329794,0.19805791116698682,0.0413296456460306
NOVEL_DIA_2,2021,0.0182877779006958,0.0,0.0,19,21,2.995732273553991,0.0,0.018287894911610494,0.33114292777883625,0.04042945074252783
NOVEL_DIA_6,2021,0.0469554662704467,0.0,0.0,11,41,2.4849066497880004,0.0,0.046955579835239354,0.27467717009694514,0.04624994894379025
NOVEL_QA_79,2021,0.0149637460708618,0.0,0.0,24,63,3.2188758248682006,0.0,0.014963863481355952,0.35580881983783924,0.041566427376326306
NOVEL_QA_80,2021,0.0148944854736328,0.0,0.0,15,32,2.772588722239781,0.0,0.014894602892452717,0.30647703571983326,0.03660554472896441
NOVEL_DIA_24,2021,0.0720216035842895,0.0,0.0,6,27,1.9459101490553132,0.0,0.07202171413589996,0.2150974536814245,0.050318431022502434
NOVEL_DIA_23,2021,0.0487459301948547,0.0,0.0,0,35,0.0,0.0,0.048746043544416987,0.0,0.019498417417766797
NOVEL_MT_262,2021,0.0434858202934265,0.0,0.0,2,24,1.0986122886681098,0.0,0.043485934275302784,0.12143865223702852,0.029538238933823967
NOVEL_DIA_20,2021,0.064821720123291,0.0,0.0,10,42,2.3978952727983707,0.0,0.06482183154039423,0.2650590869388559,0.05243464131004328
NOVEL_DIA_18,2021,0.060137391090393,0.0,0.0,15,52,2.772588722239781,0.0,0.060137503070596024,0.30647703571983326,0.05470270480022174
NOVEL_DIA_17,2021,0.0489319562911987,0.0,0.0,24,48,3.2188758248682006,0.0,0.048932069618398924,0.35580881983783924,0.055153709831143496
NOVEL_DIA_16,2021,0.0246648788452148,0.0,0.0,37,46,3.6375861597263857,0.0,0.02466499508954281,0.4020923169981863,0.05007522973563576
NOVEL_DIA_14,2021,0.0524448156356811,0.0,0.0,1,32,0.6931471805599453,0.0,0.05244492854060304,0.07661925892995831,0.02863989730923705
NOVEL_DIA_13,2021,0.0686618685722351,0.0,0.0,12,64,2.5649493574615367,0.0,0.06866197952771685,0.2835249489189543,0.05581728670298217
NOVEL_DIA_12,2021,0.0734307169914245,0.0,0.0,1,8,0.6931471805599453,0.0,0.07343082737364647,0.07661925892995831,0.03703425684245442
NOVEL_DIA_11,2021,0.0163288116455078,0.0,0.0,57,39,4.060443010546419,0.0,0.016328928891908408,0.4488341626724543,0.051414987824008794
NOVEL_DIA_10,2021,0.0528451204299926,0.0,0.0,14,70,2.70805020110221,0.0,0.0528452332867942,0.29934306215594814,0.05107239953031249
NOVEL_DIA_8,2021,0.0142814517021179,0.0,0.0,18,28,2.9444389791664403,0.0,0.014281569194630164,0.325473058068228,0.038259933484674866
NOVEL_DIA_0,2021,0.0544085502624511,0.0,0.0,0,23,0.0,0.0,0.05440866293131393,0.0,0.021763465172525573
NOVEL_MT_245,2021,0.0100417137145996,0.0,0.0,25,64,3.258096538021482,0.0,0.010041831716767695,0.3601442078489126,0.04003115347159834
NOVEL_MT_277,2021,0.060855746269226,0.0,0.0,16,30,2.833213344056216,0.0,0.06085585816307607,0.31317837380034286,0.05566018064526472
NOVEL_MT_275,2021,0.0401657223701477,0.0,0.0,16,46,2.833213344056216,0.0,0.04016583675113054,0.31317837380034286,0.04738417208048651
NOVEL_MT_274,2021,0.0428448915481567,0.0,0.0,9,44,2.302585092994046,0.0,0.04284500560707856,0.25452366884887795,0.04259036912771922
NOVEL_MT_255,2021,0.0097009539604187,0.0,0.0,181,37,5.204006687076795,0.0,0.009701072003549275,0.5752416615303371,0.061404594954453426
NOVEL_SA_69,2021,0.0142170190811157,0.0,0.0,67,34,4.219507705176107,0.0,0.014217136581373363,0.46641689166025946,0.052328543798575294
NOVEL_SA_67,2021,0.066968560218811,0.0,0.0,3,48,1.3862943611198906,0.0,0.06696867137784412,0.15323851785991663,0.04211132033712932
NOVEL_MT_254,2021,0.0275409817695617,0.0,0.0,98,59,4.59511985013459,0.0,0.027541097668155465,0.5079363914129128,0.06181007820855347
NOVEL_MT_253,2021,0.0832552909851074,0.0,0.0,8,0,2.1972245773362196,0.0,0.08325540018632444,0.24287730447405703,0.05758989052193548
NOVEL_MT_252,2021,0.018698513507843,0.0,0.0,10,55,2.3978952727983707,0.0,0.018698630469383463,0.2650590869388559,0.033985360881638976
NOVEL_MT_250,2021,0.010467529296875,0.0,0.0,55,56,4.02535169073515,0.0,0.01046764724785611,0.4449552304712995,0.04868258194627239
NOVEL_MT_247,2021,0.0497721433639526,0.0,0.0,1,28,0.6931471805599453,0.0,0.049772256590154544,0.07661925892995831,0.02757082852905765
NOVEL_MT_246,2021,0.0605637431144714,0.0,0.0,1,13,0.6931471805599453,0.0,0.06056385504342296,0.07661925892995831,0.031887467910365015
NOVEL_SA_46,2021,0.0623162388801574,0.0,0.0,7,52,2.0794415416798357,0.0,0.06231635059844271,0.2298577767898749,0.047912317918364575
NOVEL_MT_243,2021,0.0162261724472045,0.0,0.0,16,38,2.833213344056216,0.0,0.01622628970594329,0.31317837380034286,0.03780835326241161
NOVEL_MT_271,2021,0.0612425804138183,0.0,0.0,18,55,2.9444389791664403,0.0,0.06124269226116732,0.325473058068228,0.057044382711289726
NOVEL_MT_270,2021,0.053554356098175,0.0,0.0,0,19,0.0,0.0,0.053554468869719894,0.0,0.02142178754788796
NOVEL_MT_269,2021,0.0638778805732727,0.0,0.0,6,0,1.9459101490553132,0.0,0.0638779921038342,0.2150974536814245,0.04706094220967613
NOVEL_MT_268,2021,0.0546995401382446,0.0,0.0,0,28,0.0,0.0,0.05469965277212775,0.0,0.021879861108851102
NOVEL_QA_83,2021,0.0645781755447387,0.0,0.0,10,48,2.3978952727983707,0.0,0.06457828699111824,0.2650590869388559,0.05233722349033289
NOVEL_MT_284,2021,0.0135452151298522,0.0,0.0,137,57,4.927253685157205,0.0,0.013545332710866928,0.5446498759638279,0.05988312068072956
NOVEL_MT_283,2021,0.0559711456298828,0.0,0.0,3,29,1.3862943611198906,0.0,0.055971258110907175,0.15323851785991663,0.037712355030354534
NOVEL_MT_266,2021,0.014283001422882,0.0,0.0,18,41,2.9444389791664403,0.0,0.014283118915207973,0.325473058068228,0.038260553372905994
NOVEL_MT_265,2021,0.0732668042182922,0.0,0.0,6,13,1.9459101490553132,0.0,0.07326691462021799,0.2150974536814245,0.05081651121622965
NOVEL_MT_264,2021,0.0546649098396301,0.0,0.0,1,37,0.6931471805599453,0.0,0.05466502247767613,0.07661925892995831,0.029527934884066284
NOVEL_MT_39,2021,0.0490661859512329,0.0,0.0,17,52,2.8903717578961645,0.0,0.049066299262297476,0.3194965634040153,0.05157617604532052
NOVEL_MT_45,2021,0.0714361071586608,0.0,0.0,2,0,1.0986122886681098,0.0,0.07143621778065336,0.12143865223702852,0.0407183523359642
NOVEL_MT_42,2021,0.0608364343643188,0.0,0.0,31,58,3.4657359027997265,0.0,0.06083654626049034,0.38309629464979156,0.0626442479691753
NOVEL_MT_62,2021,0.0474864840507507,0.0,0.0,9,56,2.302585092994046,0.0,0.04748659755171009,0.25452366884887795,0.04444700590557184
NOVEL_MT_61,2021,0.055061936378479,0.0,0.0,3,33,1.3862943611198906,0.0,0.05506204896879876,0.15323851785991663,0.037348671373511166
NOVEL_MT_54,2021,0.0148966908454895,0.0,0.0,53,43,3.9889840465642745,0.0,0.014896808264044312,0.4409352156410438,0.05005224486972211
NOVEL_MT_26,2021,0.0491483807563781,0.0,0.0,15,27,2.772588722239781,0.0,0.04914849405756209,0.30647703571983326,0.05030710119500816
NOVEL_MT_25,2021,0.0508495569229126,0.0,0.0,29,60,3.4011973816621555,0.0,0.05084967001959944,0.37596232108590644,0.057936100116430425
NOVEL_MT_24,2021,0.0097430348396301,0.0,0.0,70,44,4.2626798770413155,0.0,0.009743152877702164,0.47118906690309453,0.05101616784139032
NOVEL_MT_23,2021,0.065933883190155,0.0,0.0,1,21,0.6931471805599453,0.0,0.06593399447356592,0.07661925892995831,0.0340355236824222
NOVEL_MT_21,2021,0.0777055621147155,0.0,0.0,2,60,1.0986122886681098,0.0,0.07770567198306143,0.12143865223702852,0.043226134016927424
NOVEL_MT_19,2021,0.0486133694648742,0.0,0.0,0,13,0.0,0.0,0.048613482830371514,0.0,0.019445393132148606
NOVEL_MT_40,2021,0.015893280506134,0.0,0.0,1,41,0.6931471805599453,0.0,0.01589339780488949,0.07661925892995831,0.014019285014951628
NOVEL_MT_47,2021,0.0115679502487182,0.0,0.0,11,26,2.4849066497880004,0.0,0.011568068067418506,0.27467717009694514,0.03209494423666192
NOVEL_MT_37,2021,0.0106000900268554,0.0,0.0,23,74,3.1780538303479458,0.0,0.01060020796190148,0.35129642902690345,0.03936972608745094
NOVEL_MT_35,2021,0.0768623352050781,0.0,0.0,2,10,1.0986122886681098,0.0,0.07686244517478771,0.12143865223702852,0.04288884329361794
NOVEL_MT_31,2021,0.0894726514816284,0.0,0.0,1,27,0.6931471805599453,0.0,0.08947275993546104,0.07661925892995831,0.043451029867180246
NOVEL_MT_29,2021,0.0598964691162109,0.0,0.0,0,26,0.0,0.0,0.059896581125374986,0.0,0.023958632450149994
NOVEL_MT_10,2021,0.0472601652145385,0.0,0.0,13,44,2.6390573296152584,0.0,0.04726027874270351,0.29171671261138277,0.04807578275821968
NOVEL_MT_5,2021,0.052175223827362,0.0,0.0,13,34,2.6390573296152584,0.0,0.05217533676469138,0.29171671261138277,0.05004180596701483
NOVEL_MT_4,2021,0.0604239702224731,0.0,0.0,0,23,0.0,0.0,0.06042408216822666,0.0,0.024169632867290666
NOVEL_MT_2,2021,0.0501843690872192,0.0,0.0,12,71,2.5649493574615367,0.0,0.050184482263867784,0.2835249489189543,0.04842628779744255
NOVEL_MT_0,2021,0.0571557283401489,0.0,0.0,0,24,0.0,0.0,0.057155840678775445,0.0,0.02286233627151018
NOVEL_SA_50,2021,0.0546754598617553,0.0,0.0,19,29,2.995732273553991,0.0,0.05467557249853312,0.33114292777883625,0.05498452177729688
NOVEL_MT_207,2021,0.0141471028327941,0.0,0.0,5,18,1.791759469228055,0.0,0.014147220341456343,0.19805791116698682,0.02546467925328122
NOVEL_MT_185,2021,0.0226519703865051,0.0,0.0,22,44,3.1354942159291497,0.0,0.02265208687280338,0.34659196479684096,0.043720031228805446
NOVEL_MT_88,2021,0.0504192113876342,0.0,0.0,33,41,3.5263605246161616,0.0,0.050419324536052565,0.38979763273030116,0.059147493087451146
NOVEL_MT_74,2021,0.0408647656440734,0.0,0.0,1,28,0.6931471805599453,0.0,0.040864879941024765,0.07661925892995831,0.02400787786940574
NOVEL_MT_71,2021,0.0610439181327819,0.0,0.0,4,11,1.6094379124341003,0.0,0.061044030004011963,0.17790440991891962,0.04220805299349675
NOVEL_MT_67,2021,0.0488006472587585,0.0,0.0,0,33,0.0,0.0,0.048800760601743286,0.0,0.019520304240697315
NOVEL_MT_66,2021,0.0131217241287231,0.0,0.0,16,45,2.833213344056216,0.0,0.013121841760645373,0.31317837380034286,0.03656657408429244
NOVEL_MT_64,2021,0.0503305196762084,0.0,0.0,6,62,1.9459101490553132,0.0,0.05033063283528833,0.2150974536814245,0.041641998502257783
NOVEL_MT_63,2021,0.0214989781379699,0.0,0.0,6,40,1.9459101490553132,0.0,0.021499094762868542,0.2150974536814245,0.030109383273289866
NOVEL_QA_1,2021,0.0600708127021789,0.0,0.0,1,0,0.6931471805599453,0.0,0.06007092469038527,0.07661925892995831,0.03169029576914994
NOVEL_QA_0,2021,0.0152543783187866,0.0,0.0,48,90,3.8918202981106265,0.0,0.01525449569434406,0.430194907362849,0.049121289014022525
NOVEL_MT_189,2021,0.0254493951797485,0.0,0.0,7,21,2.0794415416798357,0.0,0.025449511329770372,0.2298577767898749,0.03316558221089564
NOVEL_MT_187,2021,0.0097801089286804,0.0,0.0,37,28,3.6375861597263857,0.0,0.009780226962295815,0.4020923169981863,0.044121322484736956
NOVEL_MT_186,2021,0.0111535191535949,0.0,0.0,20,45,3.044522437723423,0.0,0.011153637022113668,0.336536105918453,0.03811506540069077
NOVEL_MT_208,2021,0.0184099078178405,0.0,0.0,66,45,4.204692619390966,0.0,0.018410024814074045,0.4647792583759052,0.05384193576322015
NOVEL_MT_183,2021,0.0685495138168335,0.0,0.0,5,79,1.791759469228055,0.0,0.06854962478582134,0.19805791116698682,0.04722564103102722
NOVEL_MT_182,2021,0.0492897033691406,0.0,0.0,19,51,2.995732273553991,0.0,0.0492898166533363,0.33114292777883625,0.05283021943921815
NOVEL_MT_181,2021,0.0565067529678344,0.0,0.0,4,44,1.6094379124341003,0.0,0.0565068653844738,0.17790440991891962,0.040393187145681485
NOVEL_MT_180,2021,0.0175340771675109,0.0,0.0,1,27,0.6931471805599453,0.0,0.017534194269027414,0.07661925892995831,0.014675603600606798
NOVEL_MT_179,2021,0.0122483968734741,0.0,0.0,37,52,3.6375861597263857,0.0,0.012248514610378411,0.4020923169981863,0.045108637543969994
NOVEL_MT_177,2021,0.0603049993515014,0.0,0.0,22,57,3.1354942159291497,0.0,0.06030511131155636,0.34659196479684096,0.058781241004306636
NOVEL_MT_174,2021,0.0579406023025512,0.0,0.0,8,1,2.1972245773362196,0.0,0.057940714546828614,0.24287730447405703,0.04746401626613715
NOVEL_MT_172,2021,0.0190320014953613,0.0,0.0,13,38,2.6390573296152584,0.0,0.019032118416813418,0.29171671261138277,0.036784518627863645
NOVEL_MT_53,2021,0.028229534626007,0.0,0.0,1,37,0.6931471805599453,0.0,0.028229650441830324,0.07661925892995831,0.01895378606972796
NOVEL_MT_52,2021,0.047078788280487,0.0,0.0,8,35,2.1972245773362196,0.0,0.047078901830455204,0.24287730447405703,0.043119291179587786
NOVEL_MT_49,2021,0.0564181208610534,0.0,0.0,2,26,1.0986122886681098,0.0,0.056418233288347205,0.12143865223702852,0.034711158539041734
NOVEL_SA_26,2021,0.0684860944747924,0.0,0.0,0,33,0.0,0.0,0.06848620545140384,0.0,0.027394482180561536
NOVEL_MT_205,2021,0.0545263290405273,0.0,0.0,7,54,2.0794415416798357,0.0,0.054526441695232034,0.2298577767898749,0.044796354357080306
NOVEL_SA_8,2021,0.0238895416259765,0.0,0.0,11,49,2.4849066497880004,0.0,0.023889657963507237,0.27467717009694514,0.03702358019509741
NOVEL_SA_7,2021,0.0100947618484497,0.0,0.0,273,55,5.6131281063880705,0.0,0.010094879844240916,0.6204652169874623,0.0660844736364426
NOVEL_SA_4,2021,0.0178402662277221,0.0,0.0,46,28,3.8501476017100584,0.0,0.017840383292431847,0.4255884814761487,0.049695001464587614
NOVEL_SA_3,2021,0.0237239599227905,0.0,0.0,108,51,4.6913478822291435,0.0,0.023724076280225694,0.5185732672657684,0.061346957238667114
NOVEL_SA_2,2021,0.0196982622146606,0.0,0.0,66,39,4.204692619390966,0.0,0.019698379056021998,0.4647792583759052,0.054357277459999326
NOVEL_SA_1,2021,0.0506912469863891,0.0,0.0,10,67,2.3978952727983707,0.0,0.05069136010210626,0.2650590869388559,0.04678245273472809
NOVEL_SA_0,2021,0.0266367197036743,0.0,0.0,21,52,3.091042453358316,0.0,0.02663683571096875,0.3416783458688142,0.04482256887126892
NOVEL_SA_30,2021,0.0675023794174194,0.0,0.0,45,67,3.828641396489095,0.0,0.06750249051228252,0.4232112237267993,0.06932211857759293
NOVEL_SA_66,2021,0.0533643960952758,0.0,0.0,9,42,2.302585092994046,0.0,0.053364508889655646,0.25452366884887795,0.046798170440750055
NOVEL_SA_28,2021,0.0569704174995422,0.0,0.0,17,90,2.8903717578961645,0.0,0.056970529860444825,0.3194965634040153,0.05473786828457946
NOVEL_SA_27,2021,0.0571178197860717,0.0,0.0,3,39,1.3862943611198906,0.0,0.05711793212925521,0.15323851785991663,0.03817102463769374
NOVEL_SA_9,2021,0.0542232394218444,0.0,0.0,1,63,0.6931471805599453,0.0,0.05422335211298331,0.07661925892995831,0.029351266738189156
NOVEL_SA_25,2021,0.0239639282226562,0.0,0.0,28,59,3.367295829986474,0.0,0.02396404455124498,0.372214903742496,0.04680710819474759
NOVEL_SA_24,2021,0.0583426356315612,0.0,0.0,11,18,2.4849066497880004,0.0,0.058342747827510484,0.27467717009694514,0.050804816140698705
NOVEL_SA_22,2021,0.0584368705749511,0.0,0.0,5,51,1.791759469228055,0.0,0.058436982759572466,0.19805791116698682,0.043180584220527674
NOVEL_SA_21,2021,0.0493074655532836,0.0,0.0,8,24,2.1972245773362196,0.0,0.049307578835344125,0.24287730447405703,0.044010761981543356
NOVEL_SA_20,2021,0.026889145374298,0.0,0.0,35,34,3.58351893845611,0.0,0.026889261351248545,0.39611582233397363,0.050367286773896784
NOVEL_SA_19,2021,0.0151264071464538,0.0,0.0,23,26,3.1780538303479458,0.0,0.015126524537394583,0.35129642902690345,0.041180252717648184
NOVEL_SA_18,2021,0.0466614961624145,0.0,0.0,39,40,3.6888794541139363,0.0,0.04666160976254509,0.40776218670879455,0.05944086257589749
NOVEL_SA_17,2021,0.0180720090866088,0.0,0.0,156,51,5.056245805348308,0.0,0.01807212612346091,0.5589084359551739,0.06311969404490175
NOVEL_SA_16,2021,0.0452824831008911,0.0,0.0,99,45,4.605170185988092,0.0,0.04528259686679185,0.5090473376977559,0.06901777251649233
NOVEL_SA_15,2021,0.0590952634811401,0.0,0.0,122,48,4.812184355372417,0.0,0.05909537558661653,0.5319303165095786,0.07683118188560448
NOVEL_SA_14,2021,0.0101944208145141,0.0,0.0,143,53,4.969813299576001,0.0,0.010194538798325383,0.5493543401938903,0.059013249538719184
NOVEL_SA_51,2021,0.0285884737968444,0.0,0.0,325,48,5.786897381366708,0.0,0.028588589569519905,0.6396733641848639,0.07540277224629435
NOVEL_MT_215,2021,0.0155704617500305,0.0,0.0,34,59,3.5553480614894135,0.0,0.0155705790875918,0.3930018636003441,0.04552841799507113
NOVEL_MT_202,2021,0.0133028030395507,0.0,0.0,12,55,2.5649493574615367,0.0,0.01330292064970561,0.2835249489189543,0.03367366315177767
NOVEL_MT_198,2021,0.0098625421524047,0.0,0.0,13,32,2.6390573296152584,0.0,0.009862660176110876,0.29171671261138277,0.03311673533158263
NOVEL_MT_193,2021,0.0664495229721069,0.0,0.0,5,22,1.791759469228055,0.0,0.06644963419353313,0.19805791116698682,0.04638564479411193
NOVEL_MT_192,2021,0.0581879615783691,0.0,0.0,15,38,2.772588722239781,0.0,0.05818807379291163,0.30647703571983326,0.05392293308914798
NOVEL_MT_190,2021,0.0727378726005554,0.0,0.0,3,29,1.3862943611198906,0.0,0.07273798306606369,0.15323851785991663,0.04441904501241714
NOVEL_MT_227,2021,0.0564144253730773,0.0,0.0,37,45,3.6375861597263857,0.0,0.05641453780081534,0.4020923169981863,0.06277504682014477
NOVEL_MT_224,2021,0.0144195556640625,0.0,0.0,27,61,3.332204510175204,0.0,0.014419673139973386,0.3683359715413411,0.04260146641012347
NOVEL_MT_221,2021,0.0483463406562805,0.0,0.0,12,56,2.5649493574615367,0.0,0.04834645405387715,0.2835249489189543,0.04769107651344629
NOVEL_MT_219,2021,0.0580732226371765,0.0,0.0,1,29,0.6931471805599453,0.0,0.05807333486551172,0.07661925892995831,0.03089125983920052
NOVEL_MT_218,2021,0.0567677617073059,0.0,0.0,4,34,1.6094379124341003,0.0,0.056767874092569635,0.17790440991891962,0.04049759062891982
NOVEL_SA_10,2021,0.0548415184020996,0.0,0.0,0,35,0.0,0.0,0.05484163101891565,0.0,0.02193665240756626
NOVEL_MT_214,2021,0.0637636184692382,0.0,0.0,9,44,2.302585092994046,0.0,0.06376373001353505,0.25452366884887795,0.05095785889030181
NOVEL_MT_17,2021,0.0714616775512695,0.0,0.0,1,29,0.6931471805599453,0.0,0.07146178817018826,0.07661925892995831,0.03624664116107114
NOVEL_MT_16,2021,0.0538738965988159,0.0,0.0,20,44,3.044522437723423,0.0,0.05387400933194906,0.336536105918453,0.055203214324624925
NOVEL_MT_15,2021,0.0094282031059265,0.0,0.0,58,38,4.07753744390572,0.0,0.009428321181844258,0.45072375099157447,0.04884370357189515
NOVEL_MT_11,2021,0.019478440284729,0.0,0.0,17,55,2.8903717578961645,0.0,0.019478557152515032,0.3194965634040153,0.03974107920140754
NOVEL_SA_29,2021,0.0266368985176086,0.0,0.0,32,42,3.4965075614664802,0.0,0.02663701452488156,0.38649773917588437,0.04930457972754106
NOVEL_SA_13,2021,0.0209711194038391,0.0,0.0,49,45,3.912023005428146,0.0,0.02097123609219126,0.43242807876779754,0.05163130231365626
NOVEL_SA_49,2021,0.008472740650177,0.0,0.0,113,41,4.736198448394496,0.0,0.008472858840950209,0.5235309692352149,0.05574224045990158
NOVEL_SA_12,2021,0.0550742149353027,0.0,0.0,60,46,4.110873864173311,0.0,0.05507432752414646,0.45440869971230236,0.06747060098088882
NOVEL_SA_11,2021,0.0592514276504516,0.0,0.0,3,42,1.3862943611198906,0.0,0.05925153973715565,0.15323851785991663,0.03902446768085392
NOVEL_MT_244,2022,0.0527283549308776,0.0,0.0,4,30,1.6094379124341003,0.0,0.052728467801715494,0.17790440991891962,0.03888182811257816
NOVEL_MT_60,2022,0.0583652257919311,0.0,0.0,7,0,2.0794415416798357,0.0,0.05836533798516483,0.2298577767898749,0.046331912873053424
NOVEL_MT_280,2022,0.0222096443176269,0.0,0.0,10,35,2.3978952727983707,0.0,0.022209760857096875,0.2650590869388559,0.03538981303672434
NOVEL_MT_306,2024,0.0531942248344421,0.0,0.0,8,28,2.1972245773362196,0.0,0.053194337649278105,0.24287730447405703,0.045565465507116945
NOVEL_MT_188,2025,0.3841414451599121,0.0,0.0,6,0,1.9459101490553132,0.0,0.38414151819182263,0.2150974536814245,0.17516635264487151
