paper_id,year,semantic_novelty,structural_novelty,triple_count,cited_by_count,reference_count
SKG_SUM_7,2010,1.0,0.9702380952380952,336.0,20,26
SKG_MT_1325,2010,1.0,0.9532710280373832,107.0,34,21
SKG_MT_1231,2010,1.0,0.9322033898305084,59.0,4,14
SKG_MT_1232,2010,1.0,0.9052631578947368,95.0,14,13
SKG_MT_388,2010,1.0,0.9344262295081968,61.0,32,29
SKG_MT_1313,2010,1.0,0.88,50.0,7,24
SKG_MT_1320,2010,1.0,0.9629629629629628,54.0,2,13
SKG_MT_157,2010,1.0,0.9361702127659576,47.0,19,17
SKG_MT_1199,2010,1.0,0.9545454545454546,22.0,3,18
SKG_MT_61,2010,1.0,0.8901098901098901,91.0,13,27
SKG_MT_1193,2010,1.0,0.936842105263158,95.0,4,29
SKG_MT_15,2010,1.0,0.9545454545454546,22.0,8,7
SKG_MT_17,2010,1.0,0.5,2.0,41,3
SKG_MT_1375,2010,1.0,0.6619718309859155,71.0,7,15
SKG_MT_1384,2010,1.0,0.8904109589041096,146.0,30,13
SKG_MT_1394,2010,1.0,0.8571428571428571,28.0,2,13
SKG_MT_646,2010,1.0,0.9,30.0,17,11
SKG_MT_174,2010,1.0,0.8888888888888888,18.0,24,15
SKG_MT_194,2010,1.0,0.8556701030927835,97.0,30,63
SKG_MT_196,2010,1.0,1.0,17.0,61,9
SKG_PAR_69,2010,1.0,0.9344262295081968,61.0,75,34
SKG_MT_1151,2010,1.0,0.9142857142857144,70.0,3,17
SKG_MT_1167,2010,1.0,0.945945945945946,74.0,7,15
SKG_PAR_87,2010,1.0,0.9261744966442952,149.0,9,31
SKG_MT_287,2010,1.0,0.9411764705882352,85.0,0,14
SKG_MT_1074,2010,1.0,0.8787878787878788,99.0,59,30
SKG_QA_101,2010,1.0,0.8695652173913043,23.0,246,35
SKG_PAR_202,2010,1.0,0.9056603773584906,53.0,4,20
SKG_PAR_219,2010,1.0,0.9051724137931034,116.0,29,25
SKG_MT_390,2010,1.0,0.96,25.0,20,10
SKG_MT_968,2010,1.0,1.0,66.0,7,15
SKG_QA_416,2010,1.0,0.9047619047619048,42.0,2,7
SKG_SA_527,2010,1.0,0.9339622641509434,106.0,41,18
SKG_MT_603,2010,1.0,0.979591836734694,49.0,15,27
SKG_MT_606,2010,1.0,0.8899082568807339,109.0,12,24
SKG_SA_83,2010,1.0,0.9454545454545454,55.0,8,14
SKG_DIA_210,2010,1.0,0.98,50.0,28,23
SKG_SA_217,2010,1.0,0.0,35.0,56,18
SKG_DIA_209,2010,1.0,0.925925925925926,54.0,43,28
SKG_MT_478,2010,1.0,0.8448275862068966,58.0,15,25
SKG_MT_850,2010,1.0,0.875,128.0,63,21
SKG_MT_853,2010,1.0,0.9393939393939394,66.0,5,7
SKG_MT_488,2010,1.0,0.950413223140496,121.0,18,11
SKG_MT_838,2010,1.0,0.9097744360902256,133.0,88,27
SKG_MT_795,2010,1.0,0.8846153846153846,78.0,35,27
SKG_DIA_104,2010,1.0,1.0,56.0,29,27
SKG_SA_420,2010,1.0,0.9347826086956522,46.0,65,15
SKG_MT_547,2010,1.0,0.8833333333333333,60.0,79,29
SKG_MT_771,2010,1.0,0.9473684210526316,57.0,32,38
SKG_MT_567,2010,1.0,0.9107142857142856,56.0,15,13
SKG_SA_544,2010,1.0,0.9035087719298246,114.0,132,46
SKG_MT_585,2010,1.0,0.8653846153846154,104.0,6,18
SKG_MT_743,2010,1.0,0.9347826086956522,92.0,5,21
SKG_MT_715,2010,1.0,0.9,30.0,296,15
SKG_MT_660,2010,1.0,0.8611111111111112,36.0,20,18
SKG_SUM_67,2010,1.0,0.9411764705882352,68.0,37,16
SKG_SUM_42,2010,1.0,0.898876404494382,89.0,18,31
SKG_MT_137,2010,1.0,0.9347826086956522,46.0,90,12
SKG_SUM_83,2010,1.0,1.0,35.0,56,18
SKG_SUM_45,2011,0.0975297093391418,0.8985507246376812,69.0,39,22
SKG_PAR_94,2011,0.0753032565116882,0.8983050847457628,59.0,25,37
SKG_SUM_80,2011,0.0803451538085937,0.897196261682243,107.0,76,26
SKG_SA_505,2011,0.080845832824707,0.88,75.0,164,31
SKG_MT_620,2011,0.0779096484184265,0.0,2.0,6,17
SKG_MT_1399,2011,0.0858824849128723,0.9791666666666666,48.0,18,46
SKG_MT_565,2011,0.072100281715393,0.8363636363636363,55.0,7,15
SKG_MT_87,2011,0.0623736381530761,0.8688524590163934,61.0,20,26
SKG_SA_423,2011,0.0969975590705871,0.8540145985401459,137.0,846,32
SKG_MT_789,2011,0.0627534985542297,0.8125,48.0,2,21
SKG_MT_1220,2011,0.0664681196212768,0.8818181818181818,110.0,2,23
SKG_PAR_34,2011,0.1081368327140808,0.8333333333333334,12.0,6,11
SKG_MT_1330,2011,0.093691349029541,0.8867924528301887,53.0,17,26
SKG_MT_557,2011,0.0920189619064331,0.896551724137931,58.0,37,23
SKG_MT_820,2011,0.0587814450263977,0.8928571428571429,224.0,14,15
SKG_PAR_215,2011,0.0637636184692382,0.8181818181818182,22.0,62,49
SKG_QA_336,2011,0.0817294120788574,0.8,55.0,139,21
SKG_MT_308,2011,0.0818246603012085,0.7931034482758621,116.0,3,14
SKG_MT_300,2011,0.0724267959594726,0.8958333333333334,48.0,14,38
SKG_MT_117,2011,0.0692388415336608,0.8088235294117647,68.0,3,16
SKG_SA_351,2011,0.074949562549591,0.85625,160.0,108,41
SKG_MT_800,2011,0.0801229476928711,0.875,104.0,12,24
SKG_QA_5,2011,0.0763927698135376,0.8737864077669902,206.0,15,60
SKG_QA_240,2011,0.0987774729728698,0.8846153846153846,52.0,9,27
SKG_MT_1277,2011,0.0725264549255371,0.8761904761904762,105.0,10,45
SKG_QA_302,2011,0.0791858434677124,0.9157894736842104,95.0,248,28
SKG_MT_1024,2011,0.0761007070541381,0.8181818181818182,55.0,26,27
SKG_MT_144,2011,0.0711493492126464,0.7692307692307693,26.0,15,17
SKG_MT_813,2011,0.0594828724861145,0.896551724137931,29.0,9,28
SKG_SA_343,2011,0.0871251225471496,0.8879310344827587,116.0,140,21
SKG_SA_567,2011,0.0781906247138977,0.8636363636363636,132.0,38,20
SKG_MT_368,2011,0.0713342428207397,0.7699115044247787,113.0,62,21
SKG_MT_697,2011,0.0596944689750671,0.8904109589041096,73.0,5,34
SKG_MT_595,2011,0.0712191462516784,0.8243243243243243,74.0,11,17
SKG_MT_964,2011,0.0698896646499633,0.8048780487804879,41.0,4,13
SKG_MT_966,2011,0.0831929445266723,0.5,12.0,17,10
SKG_MT_962,2011,0.0817294120788574,0.0,55.0,139,21
SKG_DIA_288,2011,0.0794779062271118,0.8842975206611571,121.0,14,37
SKG_MT_496,2011,0.0598970651626586,0.896551724137931,58.0,9,31
SKG_DIA_213,2011,0.0914127230644226,0.7631578947368421,38.0,53,43
SKG_MT_881,2011,0.0640358924865722,0.8431372549019608,102.0,43,24
SKG_SA_77,2011,0.0714505910873413,0.8581560283687943,141.0,167,27
SKG_MT_1306,2011,0.0639931559562683,0.905982905982906,117.0,18,34
SKG_MT_58,2011,0.0792745351791381,0.8804347826086957,92.0,10,16
SKG_MT_280,2011,0.0778099298477172,0.9047619047619048,42.0,97,25
SKG_MT_286,2011,0.0645549893379211,0.8695652173913043,69.0,17,46
SKG_MT_919,2011,0.0713245272636413,0.953125,64.0,8,82
SKG_MT_440,2011,0.0714189410209655,0.8875,80.0,11,20
SKG_MT_1111,2011,0.1582053303718567,0.8717948717948718,39.0,17,14
SKG_MT_1129,2011,0.0831929445266723,0.7037037037037037,27.0,17,10
SKG_SA_181,2011,0.1267598867416381,0.875,8.0,18,15
SKG_DIA_253,2011,0.1537460088729858,1.0,9.0,1,2
SKG_DIA_233,2011,0.1017923355102539,1.0,2.0,8,20
SKG_SA_192,2011,0.0742758512496948,0.811965811965812,117.0,246,10
SKG_MT_409,2011,0.0823343396186828,0.86,100.0,14,22
SKG_MT_1227,2011,0.1036261320114135,0.8888888888888888,9.0,56,15
SKG_QA_392,2011,0.0835984349250793,0.8863636363636364,44.0,8,26
SKG_PAR_14,2011,0.0810891985893249,0.9642857142857144,28.0,28,35
SKG_MT_1132,2011,0.1582053303718567,0.8181818181818182,22.0,17,14
SKG_PAR_89,2011,0.0779096484184265,1.0,2.0,6,17
SKG_MT_1003,2011,0.0673406720161438,0.875,56.0,6,9
SKG_MT_712,2011,0.0644801259040832,0.8313253012048193,83.0,15,35
SKG_SUM_130,2011,0.0881215929985046,0.8333333333333334,24.0,22,10
SKG_SUM_110,2011,0.0987774729728698,0.0,52.0,9,27
SKG_QA_219,2012,0.2247680425643921,0.9016393442622952,61.0,15,27
SKG_QA_203,2012,0.081044316291809,0.819672131147541,61.0,8,12
SKG_MT_1421,2012,0.0638030171394348,0.9175257731958762,97.0,24,28
SKG_MT_7,2012,0.0465515255928039,0.9020618556701032,194.0,22,26
SKG_MT_832,2012,0.0646654367446899,0.8571428571428571,70.0,25,30
SKG_MT_835,2012,0.0785533189773559,0.9545454545454546,22.0,1,21
SKG_MT_93,2012,0.057294487953186,0.813953488372093,43.0,48,45
SKG_SA_268,2012,0.0669161677360534,0.9142857142857144,35.0,163,40
SKG_PAR_200,2012,0.0904749035835266,0.8,50.0,21,19
SKG_MT_535,2012,0.0630649328231811,0.8245614035087719,114.0,40,24
SKG_PAR_3,2012,0.0882841348648071,0.912087912087912,91.0,44,35
SKG_SA_565,2012,0.0702971220016479,0.8666666666666667,60.0,23,24
SKG_MT_1327,2012,0.0649099349975586,0.8543689320388349,103.0,5,31
SKG_MT_1276,2012,0.0527820587158203,0.6363636363636364,121.0,15,25
SKG_MT_346,2012,0.0624645352363586,0.8468468468468469,111.0,56,21
SKG_MT_1165,2012,0.0577147603034973,0.8732394366197183,71.0,37,44
SKG_MT_1395,2012,0.0615200996398925,0.7830188679245284,106.0,13,18
SKG_MT_1400,2012,0.0607118606567382,0.7241379310344828,29.0,22,21
SKG_MT_613,2012,0.0706620216369628,0.8909090909090909,110.0,19,41
SKG_MT_622,2012,0.0853622555732727,0.9285714285714286,42.0,2,0
SKG_MT_576,2012,0.0871419906616211,0.8,10.0,3,25
SKG_SA_554,2012,0.0797170400619506,0.8737864077669902,103.0,61,16
SKG_MT_1177,2012,0.0565539598464965,0.8529411764705882,136.0,5,34
SKG_MT_1425,2012,0.0613471269607543,0.8225806451612904,62.0,8,20
SKG_MT_550,2012,0.3261781334877014,0.8837209302325582,86.0,121,33
SKG_MT_85,2012,0.0576705932617187,0.75,48.0,8,14
SKG_MT_92,2012,0.0638030767440795,0.8095238095238095,21.0,24,28
SKG_MT_89,2012,0.0713000297546386,0.7767857142857143,112.0,169,21
SKG_MT_1175,2012,0.2247680425643921,0.9166666666666666,12.0,7,17
SKG_MT_788,2012,0.0719618797302246,0.8414634146341463,82.0,15,33
SKG_MT_1376,2012,0.0544444918632507,0.797752808988764,89.0,8,18
SKG_MT_1473,2012,0.0548218488693237,0.851063829787234,47.0,34,30
SKG_SA_24,2012,0.0850467681884765,0.7735849056603774,53.0,966,21
SKG_MT_1361,2012,0.0618534088134765,0.8771929824561403,114.0,70,42
SKG_MT_1236,2012,0.1268393397331237,0.8723404255319149,47.0,26,11
SKG_MT_1228,2012,0.0527820587158203,0.8205128205128205,39.0,15,25
SKG_SA_148,2012,0.0815777778625488,0.9607843137254902,51.0,96,26
SKG_MT_78,2012,0.0638933181762695,0.9019607843137256,51.0,239,33
SKG_MT_74,2012,0.0711768865585327,0.7941176470588235,102.0,45,46
SKG_MT_451,2012,0.0752840042114257,0.0,104.0,27,22
SKG_MT_239,2012,0.0627366304397583,0.7894736842105263,19.0,87,26
SKG_MT_234,2012,0.0682916641235351,0.8468468468468469,111.0,87,17
SKG_MT_373,2012,0.0809394717216491,0.7659574468085106,47.0,16,31
SKG_MT_389,2012,0.193372905254364,0.6666666666666666,6.0,26,18
SKG_MT_259,2012,0.0677522420883178,0.8512396694214877,121.0,5,12
SKG_MT_480,2012,0.0843323469161987,0.8507462686567164,67.0,51,21
SKG_MT_865,2012,0.0649654269218444,0.8225806451612904,62.0,4,9
SKG_DIA_182,2012,0.075396180152893,0.88,25.0,37,37
SKG_MT_453,2012,0.0617653131484985,0.847457627118644,118.0,143,29
SKG_MT_469,2012,0.0702484250068664,0.8961038961038961,77.0,40,35
SKG_DIA_231,2012,0.0943211317062377,0.8666666666666667,15.0,175,16
SKG_MT_981,2012,0.1017748713493347,0.9444444444444444,18.0,1,9
SKG_QA_417,2012,0.1160544157028198,0.8,80.0,66,28
SKG_SA_5,2012,0.0684612393379211,0.8644986449864499,369.0,65,25
SKG_MT_1077,2012,0.0778141021728515,0.8301886792452831,106.0,138,32
SKG_QA_487,2012,0.0831014513969421,0.75,60.0,5,27
SKG_MT_283,2012,0.0653910636901855,0.8592592592592593,135.0,8,35
SKG_MT_1062,2012,0.0691310763359069,0.8625,80.0,25,16
SKG_MT_1065,2012,0.0589469671249389,0.7228915662650602,83.0,43,22
SKG_MT_945,2012,0.060080349445343,0.8363636363636363,55.0,3,12
SKG_MT_410,2012,0.0525129437446594,0.8055555555555556,108.0,4,33
SKG_PAR_127,2012,0.0798236727714538,0.9,50.0,9,32
SKG_MT_1174,2012,0.0695432424545288,0.82,100.0,5,11
SKG_MT_1191,2012,0.0602669715881347,0.8809523809523809,42.0,10,12
SKG_MT_1209,2012,0.0874096751213073,0.9142857142857144,70.0,102,52
SKG_MT_1349,2012,0.0647686123847961,0.7833333333333333,60.0,8,24
SKG_MT_415,2012,0.0758464932441711,0.8205128205128205,39.0,3,20
SKG_SUM_72,2012,0.0752841234207153,0.8365384615384616,104.0,27,22
SKG_MT_724,2012,0.052322506904602,0.8503937007874016,127.0,2,33
SKG_SUM_147,2012,0.0758377313613891,0.9310344827586208,29.0,62,11
SKG_SUM_59,2012,0.0770832896232605,0.9324324324324323,148.0,116,25
SKG_SUM_97,2012,0.2247680425643921,0.0,61.0,15,27
SKG_MT_131,2012,0.0604683756828308,0.7708333333333334,96.0,58,44
SKG_SUM_0,2013,0.0624143481254577,0.8181818181818182,187.0,69,34
SKG_SUM_34,2013,0.0767410397529602,0.8461538461538461,52.0,6,23
SKG_MT_1280,2013,0.0744708776473999,0.7884615384615384,52.0,46,21
SKG_MT_1282,2013,0.0525078773498535,0.6813186813186813,91.0,23,25
SKG_MT_1290,2013,0.060525894165039,0.8849557522123894,113.0,36,51
SKG_SUM_76,2013,0.0782910585403442,0.8727272727272727,55.0,4,29
SKG_SA_609,2013,0.0696278810501098,0.8045112781954887,133.0,14,20
SKG_SA_590,2013,0.0763561129570007,0.7818181818181819,55.0,1,21
SKG_SA_597,2013,0.138334572315216,0.9047619047619048,126.0,6646,42
SKG_MT_707,2013,0.0678014755249023,0.8188405797101449,138.0,15,36
SKG_MT_708,2013,0.0545026659965515,0.7073170731707317,82.0,41,17
SKG_SA_435,2013,0.0759094953536987,0.8741721854304636,151.0,460,15
SKG_MT_740,2013,0.0418449640274047,0.8616352201257862,159.0,4,16
SKG_MT_741,2013,0.0563573837280273,0.6511627906976745,86.0,20,23
SKG_MT_748,2013,0.0639790296554565,0.8205128205128205,78.0,54,35
SKG_MT_752,2013,0.0510318875312805,0.7721518987341772,158.0,14,33
SKG_MT_719,2013,0.0570704340934753,0.8309859154929577,71.0,17,17
SKG_MT_725,2013,0.0620109438896179,0.8048780487804879,82.0,1,25
SKG_SA_414,2013,0.0878200531005859,0.8518518518518519,54.0,216,27
SKG_SUM_154,2013,0.064860463142395,0.8297872340425532,47.0,29,19
SKG_SUM_155,2013,0.0877525210380554,0.9117647058823528,68.0,48,34
SKG_MT_682,2013,0.0614219903945922,0.77,100.0,14,49
SKG_SUM_180,2013,0.0831772089004516,0.9078947368421052,76.0,32,13
SKG_MT_80,2013,0.0624047517776489,0.8181818181818182,44.0,3,19
SKG_MT_1310,2013,0.0624639391899108,0.8142857142857143,140.0,83,61
SKG_MT_1242,2013,0.0610231161117553,0.7549019607843137,102.0,39,19
SKG_MT_147,2013,0.0627278089523315,0.7454545454545455,55.0,9,12
SKG_MT_156,2013,0.0712144970893859,0.684931506849315,73.0,3,27
SKG_MT_1211,2013,0.0696783065795898,0.7105263157894737,38.0,32,21
SKG_MT_940,2013,0.0631424188613891,0.7710843373493976,83.0,6,17
SKG_MT_1101,2013,0.0625160336494445,0.8172043010752689,93.0,31,36
SKG_MT_268,2013,0.0634828805923461,0.8785046728971962,107.0,26,32
SKG_MT_277,2013,0.0473617315292358,0.8258064516129032,155.0,8,22
SKG_PAR_106,2013,0.0696266889572143,0.8472222222222222,72.0,4,36
SKG_MT_282,2013,0.0601127743721008,0.8051948051948052,77.0,7,39
SKG_MT_290,2013,0.0908969640731811,0.8461538461538461,143.0,10,31
SKG_MT_1069,2013,0.0793808698654174,0.8627450980392157,51.0,11,23
SKG_MT_1082,2013,0.0689711570739746,0.8301886792452831,159.0,39,34
SKG_MT_955,2013,0.0622563362121582,0.8142857142857143,70.0,1,32
SKG_MT_922,2013,0.0773527026176452,0.8461538461538461,52.0,32,27
SKG_SA_32,2013,0.0758070945739746,0.8260869565217391,69.0,79,58
SKG_SA_40,2013,0.0770902633666992,0.8947368421052632,57.0,11,10
SKG_SA_48,2013,0.0773366093635559,0.902439024390244,41.0,95,38
SKG_MT_885,2013,0.0496657490730285,0.8108108108108109,37.0,3,20
SKG_MT_891,2013,0.0591989755630493,0.75,72.0,32,28
SKG_SA_111,2013,0.0671339035034179,0.9013157894736842,152.0,76,37
SKG_DIA_220,2013,0.0882413983345031,0.7647058823529411,68.0,2,11
SKG_MT_973,2013,0.0658546686172485,0.8347826086956521,115.0,2,31
SKG_SA_526,2013,0.0750875473022461,0.8629032258064516,124.0,12,25
SKG_MT_591,2013,0.0638059377670288,0.7619047619047619,84.0,31,21
SKG_MT_705,2013,0.0623989105224609,0.7572815533980582,103.0,56,30
SKG_MT_706,2013,0.0622562170028686,0.8117647058823529,85.0,21,25
SKG_SA_4,2013,0.138334572315216,0.1612903225806451,155.0,6646,42
SKG_SA_191,2013,0.0660991668701171,0.8470588235294118,85.0,28,23
SKG_MT_1225,2013,0.0777950286865234,0.8333333333333334,24.0,6,16
SKG_MT_77,2013,0.0503341555595397,0.7596153846153846,104.0,35,24
SKG_MT_79,2013,0.0576595067977905,0.8396946564885496,131.0,1332,18
SKG_SA_229,2013,0.0836838483810424,0.8478260869565217,92.0,3,19
SKG_MT_225,2013,0.050409972667694,0.6944444444444444,108.0,5,38
SKG_PAR_139,2013,0.0836753845214843,0.8153846153846154,65.0,2,28
SKG_MT_1090,2013,0.051250159740448,0.8571428571428571,182.0,258,27
SKG_MT_481,2013,0.0585057139396667,0.7898550724637681,138.0,9,18
SKG_MT_869,2013,0.0666476488113403,0.9117647058823528,68.0,2,11
SKG_MT_22,2013,0.0637068748474121,0.0,98.0,20,27
SKG_MT_1386,2013,0.0659810900688171,0.8202247191011236,178.0,11,11
SKG_MT_44,2013,0.0494143366813659,0.7228915662650602,83.0,20,38
SKG_PAR_20,2013,0.0732218623161315,0.7848101265822784,79.0,15,16
SKG_MT_371,2013,0.0621539950370788,0.851063829787234,141.0,44,27
SKG_MT_372,2013,0.0560678243637084,0.7560975609756098,82.0,4,40
SKG_MT_375,2013,0.062117576599121,0.7837837837837838,37.0,12,14
SKG_MT_376,2013,0.0649442672729492,0.8591549295774648,213.0,5,40
SKG_QA_84,2013,0.0788391232490539,0.95,20.0,4,32
SKG_QA_3,2013,0.0707069635391235,0.9041095890410958,73.0,3,5
SKG_QA_12,2013,0.0637068748474121,0.7925925925925926,135.0,20,27
SKG_QA_20,2013,0.0533161163330078,0.8607594936708861,79.0,228,48
SKG_PAR_204,2013,0.0625197291374206,0.8409090909090909,88.0,24,17
SKG_MT_1461,2013,0.0694279670715332,1.0,4.0,41,12
SKG_QA_424,2013,0.0745407342910766,0.8125,80.0,78,29
SKG_QA_385,2013,0.0561976432800293,0.8080808080808081,99.0,7,19
SKG_MT_14,2013,0.0582032203674316,0.8507462686567164,67.0,11,19
SKG_MT_21,2013,0.0601296424865722,0.7939698492462312,199.0,56,44
SKG_MT_500,2013,0.0590839385986328,0.7058823529411765,51.0,26,34
SKG_MT_829,2013,0.0694684982299804,0.8205128205128205,39.0,5,15
SKG_MT_845,2013,0.0722476840019226,0.8378378378378378,111.0,9,23
SKG_MT_515,2013,0.0782873034477233,0.8258064516129032,155.0,106,30
SKG_SA_318,2013,0.0876327753067016,0.7764705882352941,85.0,40,19
SKG_SA_296,2013,0.0679494142532348,0.8985507246376812,69.0,241,51
SKG_SA_306,2013,0.0858787298202514,0.8279569892473119,93.0,189,61
SKG_MT_94,2013,0.070731520652771,0.9,50.0,9,34
SKG_MT_100,2013,0.0543239712715148,0.8214285714285714,56.0,112,24
SKG_QA_193,2013,0.0944059491157531,0.9230769230769232,13.0,13,9
SKG_MT_305,2013,0.0538732409477233,0.746268656716418,67.0,36,39
SKG_MT_314,2013,0.0832945704460144,0.8607594936708861,79.0,8,28
SKG_MT_1036,2013,0.0649906992912292,0.9041095890410958,73.0,540,42
SKG_QA_334,2013,0.0775561332702636,0.859375,64.0,35,30
SKG_MT_332,2013,0.087393581867218,0.8409090909090909,44.0,17,20
SKG_MT_337,2013,0.051585853099823,0.7906976744186046,129.0,18,33
SKG_MT_1048,2013,0.0683621168136596,0.8955223880597015,134.0,20,19
SKG_MT_1324,2013,0.0623590350151062,0.8352941176470589,85.0,17,20
SKG_MT_1326,2013,0.0606371164321899,0.8066298342541437,181.0,15,14
SKG_MT_1244,2013,0.0553803443908691,0.8169014084507042,71.0,4,19
SKG_MT_1248,2013,0.0559104681015014,0.8125,112.0,22,31
SKG_SA_557,2013,0.0778031349182128,0.7213114754098361,61.0,11,10
SKG_SA_577,2013,0.0773422122001648,0.6666666666666666,33.0,5,17
SKG_PAR_52,2013,0.1113425493240356,0.7142857142857143,35.0,25,22
SKG_PAR_53,2013,0.0766507983207702,0.8588235294117647,85.0,6,12
SKG_PAR_56,2013,0.0613958239555358,0.8431372549019608,51.0,4,34
SKG_MT_1169,2013,0.0582101941108703,0.7837837837837838,74.0,60,37
SKG_MT_824,2013,0.0700372457504272,0.8918918918918919,37.0,15,38
SKG_MT_91,2013,0.0840538144111633,0.8452380952380952,84.0,6,17
SKG_MT_1429,2013,0.0795974731445312,0.7619047619047619,126.0,37,33
SKG_MT_1437,2013,0.0708019137382507,0.8333333333333334,12.0,8,17
SKG_MT_641,2013,0.083307921886444,0.8636363636363636,22.0,7,28
SKG_MT_572,2013,0.0644489526748657,0.8478260869565217,46.0,10,32
SKG_MT_178,2013,0.061663806438446,0.6612903225806451,62.0,22,23
SKG_MT_180,2013,0.0646462440490722,0.7672955974842768,159.0,42,28
SKG_MT_150,2013,0.0579093694686889,0.7339449541284404,109.0,45,29
SKG_MT_200,2013,0.0571721792221069,0.8516129032258064,155.0,67,32
SKG_SA_469,2013,0.0711332559585571,0.875,16.0,5,12
SKG_SA_484,2013,0.0649579763412475,0.8421052631578947,38.0,37,20
SKG_MT_681,2013,0.0610958337783813,0.7883211678832117,137.0,7,38
SKG_SUM_193,2013,0.0597634315490722,0.7523809523809524,105.0,91,27
SKG_MT_680,2014,0.0665388107299804,0.8727272727272727,55.0,5,29
SKG_MT_676,2014,0.0594769716262817,0.6666666666666666,12.0,0,16
SKG_SUM_43,2014,0.0709081888198852,0.8544303797468354,158.0,52,30
SKG_SUM_40,2014,0.0724385976791381,0.75,40.0,67,23
SKG_SA_618,2014,0.070077896118164,0.782608695652174,23.0,2,9
SKG_MT_710,2014,0.053827166557312,0.7837837837837838,74.0,15,16
SKG_SA_449,2014,0.0621055364608764,0.8601398601398601,143.0,2,13
SKG_SA_460,2014,0.089263916015625,0.8,15.0,615,23
SKG_MT_1441,2014,0.0889720916748046,0.9615384615384616,26.0,44,8
SKG_MT_317,2014,0.0704705119132995,0.8564593301435407,209.0,15,35
SKG_MT_319,2014,0.0463773012161254,0.7321428571428571,56.0,1,28
SKG_MT_1046,2014,0.0613244175910949,0.6415094339622641,106.0,12,30
SKG_MT_1053,2014,0.0621425509452819,0.8333333333333334,54.0,85,17
SKG_MT_331,2014,0.0530333518981933,0.7419354838709677,62.0,27,27
SKG_MT_1030,2014,0.060555100440979,0.6666666666666666,60.0,8,29
SKG_MT_359,2014,0.0706025958061218,0.8269230769230769,52.0,4,12
SKG_PAR_185,2014,0.0628767013549804,0.8461538461538461,91.0,423,21
SKG_PAR_212,2014,0.0831755399703979,0.847457627118644,59.0,44,25
SKG_MT_1403,2014,0.0601515769958496,0.8203883495145631,206.0,5,19
SKG_MT_1367,2014,0.06927090883255,0.797979797979798,99.0,63,28
SKG_MT_1474,2014,0.0560185313224792,0.8015873015873016,126.0,119,52
SKG_QA_404,2014,0.0628765225410461,0.0,91.0,423,21
SKG_MT_1009,2014,0.0543004870414733,0.8571428571428571,70.0,73,29
SKG_SA_530,2014,0.0583051443099975,0.7887323943661971,71.0,91,14
SKG_MT_586,2014,0.0496074557304382,0.8115183246073299,191.0,6,19
SKG_MT_590,2014,0.0629604458808898,0.74,100.0,10,49
SKG_MT_598,2014,0.0627809762954711,0.8461538461538461,104.0,1,32
SKG_MT_394,2014,0.0558559298515319,0.7627118644067796,59.0,9,24
SKG_MT_1316,2014,0.1085594296455383,0.8285714285714286,105.0,28,30
SKG_MT_169,2014,0.0569565892219543,0.8548387096774194,62.0,133,25
SKG_MT_1206,2014,0.0731030702590942,0.8,10.0,24,12
SKG_MT_1213,2014,0.0613003969192504,0.8148148148148148,81.0,36,30
SKG_PAR_113,2014,0.0687101483345031,0.6470588235294118,17.0,11,13
SKG_MT_1060,2014,0.0487126111984252,0.8076923076923077,26.0,34,21
SKG_DIA_298,2014,0.0919538736343383,0.8928571428571429,28.0,32,44
SKG_MT_913,2014,0.0644471049308776,0.7913043478260869,115.0,39,20
SKG_MT_931,2014,0.0576207041740417,0.8526315789473684,95.0,89,37
SKG_SA_36,2014,0.0725958943367004,0.7643979057591623,191.0,1167,59
SKG_SA_52,2014,0.0747504234313964,0.7016129032258065,124.0,125,13
SKG_DIA_211,2014,0.0670639276504516,0.8452380952380952,84.0,56,40
SKG_SA_224,2014,0.0675317049026489,0.7777777777777778,27.0,6,12
SKG_MT_1252,2014,0.0760400891304016,0.7272727272727273,22.0,39,21
SKG_MT_1253,2014,0.0588706731796264,0.8333333333333334,48.0,123,34
SKG_MT_1347,2014,0.0980587005615234,0.8245614035087719,228.0,489,29
SKG_SA_118,2014,0.0726470947265625,0.7674418604651163,43.0,79,25
SKG_MT_1120,2014,0.0626149177551269,0.8235294117647058,153.0,6,30
SKG_MT_1127,2014,0.0803414583206176,0.9090909090909092,11.0,66,15
SKG_MT_252,2014,0.1460102200508117,0.8055555555555556,72.0,18,63
SKG_MT_265,2014,0.0601812601089477,0.7395833333333334,96.0,24,45
SKG_MT_266,2014,0.0445075035095214,0.7547169811320755,106.0,25,35
SKG_MT_1096,2014,0.0670751333236694,0.826530612244898,98.0,19,38
SKG_SA_246,2014,0.0589035153388977,0.8387096774193549,93.0,30,24
SKG_MT_476,2014,0.0661535263061523,0.826530612244898,98.0,5,13
SKG_MT_487,2014,0.0634600520133972,0.7692307692307693,26.0,56,12
SKG_MT_868,2014,0.0630325078964233,0.89937106918239,159.0,162,23
SKG_SA_260,2014,0.0795390009880065,0.7931034482758621,116.0,703,21
SKG_MT_836,2014,0.056467056274414,0.5945945945945946,74.0,9,14
SKG_MT_840,2014,0.0609906315803527,0.7857142857142857,42.0,21,31
SKG_MT_530,2014,0.069567322731018,1.0,4.0,3,13
SKG_SA_278,2014,0.0632451176643371,0.6470588235294118,17.0,9,22
SKG_MT_790,2014,0.0782586336135864,0.8235294117647058,102.0,11,40
SKG_SA_339,2014,0.0759695172309875,0.8666666666666667,45.0,4,16
SKG_SA_283,2014,0.0725958943367004,0.7674418604651163,43.0,1167,59
SKG_SA_307,2014,0.0847444534301757,0.8108108108108109,185.0,1073,23
SKG_MT_97,2014,0.0592139959335327,0.6,10.0,35,17
SKG_MT_116,2014,0.0606682896614074,0.7723577235772358,123.0,6,20
SKG_PAR_35,2014,0.2655619382858276,0.8596491228070176,114.0,5,26
SKG_MT_224,2014,0.0543509721755981,0.8505747126436781,87.0,7,22
SKG_MT_827,2014,0.0489643216133117,1.0,12.0,1,41
SKG_MT_828,2014,0.0672796368598938,0.6911764705882353,68.0,16,14
SKG_MT_545,2014,0.0590206384658813,0.7894736842105263,133.0,60,38
SKG_MT_560,2014,0.060203731060028,0.7948717948717948,117.0,21,33
SKG_MT_770,2014,0.0468560457229614,0.7304347826086957,115.0,9,47
SKG_SA_540,2014,0.0750862956047058,0.9130434782608696,92.0,36,29
SKG_MT_652,2014,0.0602575540542602,0.7954545454545454,132.0,99,45
SKG_MT_187,2014,0.0972489118576049,1.0,4.0,2,7
SKG_MT_220,2014,0.0826472043991088,0.6857142857142857,35.0,9,18
SKG_MT_1158,2014,0.0715095400810241,0.8679245283018868,53.0,19,29
SKG_MT_647,2014,0.0622831583023071,0.8089887640449438,89.0,44,31
SKG_SA_556,2014,0.0664117932319641,0.8512396694214877,121.0,241,21
SKG_SA_517,2014,0.089263916015625,0.8421052631578947,57.0,615,23
SKG_DIA_64,2014,0.0755963325500488,0.8831168831168831,77.0,8,31
SKG_SA_490,2014,0.0651419758796691,0.8358974358974359,195.0,125,31
SKG_MT_738,2014,0.0760272741317749,0.8297872340425532,94.0,27,38
SKG_MT_732,2014,0.067315936088562,0.75,40.0,7,11
SKG_SA_441,2014,0.0748685598373413,0.7368421052631579,38.0,11,9
SKG_SUM_145,2014,0.0756005048751831,0.8352941176470589,85.0,19,16
SKG_SUM_68,2014,0.0662018060684204,0.85,20.0,37,19
SKG_SUM_22,2014,0.0728254318237304,0.8735955056179775,356.0,31,29
SKG_SUM_186,2015,0.0847347974777221,0.9,20.0,15,14
SKG_SUM_178,2015,0.0731756091117858,0.8849557522123894,113.0,134,19
SKG_SUM_177,2015,0.0548046231269836,0.7470588235294118,170.0,29,34
SKG_SUM_172,2015,0.0728170275688171,0.8541666666666666,48.0,239,45
SKG_MT_668,2015,0.0616693496704101,0.8313253012048193,83.0,9,23
SKG_SUM_17,2015,0.0758655667304992,0.8705882352941177,85.0,145,19
SKG_SA_608,2015,0.0780261158943176,0.7209302325581395,43.0,45,35
SKG_MT_1293,2015,0.2099266648292541,0.774390243902439,164.0,18,18
SKG_MT_1295,2015,0.0972944498062133,0.8333333333333334,90.0,5,0
SKG_SUM_129,2015,0.0752514600753784,0.7948717948717948,39.0,2,23
SKG_SUM_107,2015,0.0575504302978515,0.7988826815642458,179.0,37,49
SKG_PAR_100,2015,0.0709077715873718,0.7329842931937173,191.0,181,49
SKG_PAR_61,2015,0.0799804925918579,0.768595041322314,121.0,20,22
SKG_PAR_67,2015,0.0713527798652648,0.7823834196891192,193.0,26,28
SKG_MT_217,2015,0.0582086443901062,0.8165137614678899,109.0,11,22
SKG_MT_221,2015,0.0457558631896972,0.7692307692307693,78.0,24,58
SKG_MT_642,2015,0.0537834167480468,0.7613636363636364,176.0,14,44
SKG_MT_651,2015,0.0583281517028808,0.8333333333333334,72.0,7,25
SKG_SA_564,2015,0.056933045387268,0.7291666666666666,144.0,9,20
SKG_PAR_79,2015,0.0750457644462585,0.8048780487804879,123.0,52,18
SKG_PAR_124,2015,0.0759193301200866,0.7850467289719626,107.0,94,38
SKG_PAR_84,2015,0.073036789894104,0.8620689655172413,87.0,9,25
SKG_MT_1118,2015,0.2155488133430481,0.84375,32.0,2,15
SKG_MT_262,2015,0.0551515817642211,0.8111111111111111,90.0,2,34
SKG_MT_1108,2015,0.0583170056343078,0.8041237113402062,97.0,6,22
SKG_PAR_116,2015,0.0655150413513183,0.7976190476190477,84.0,29,27
SKG_MT_296,2015,0.0680506825447082,0.819672131147541,61.0,9,28
SKG_MT_1085,2015,0.069720447063446,0.6976744186046512,86.0,10,26
SKG_QA_168,2015,0.0713017582893371,0.7678571428571429,56.0,372,29
SKG_QA_107,2015,0.0727148056030273,0.85,180.0,58,23
SKG_QA_28,2015,0.0852235555648803,1.0,2.0,14,13
SKG_QA_15,2015,0.0746403932571411,0.821656050955414,157.0,454,27
SKG_MT_1456,2015,0.0748642683029174,0.6428571428571429,42.0,5,37
SKG_MT_615,2015,0.078666865825653,0.7651006711409396,149.0,72,28
SKG_QA_155,2015,0.0509203076362609,0.75,120.0,178,30
SKG_MT_304,2015,0.0741284489631652,0.7545454545454545,110.0,4,29
SKG_MT_320,2015,0.0773626565933227,0.7142857142857143,35.0,4,58
SKG_MT_1035,2015,0.0299201011657714,0.5882352941176471,102.0,3,32
SKG_MT_1045,2015,0.0653460621833801,0.8271604938271605,81.0,9,28
SKG_QA_298,2015,0.0785712003707885,0.8933333333333333,75.0,62,10
SKG_MT_1032,2015,0.0675795674324035,0.7719298245614035,57.0,36,27
SKG_QA_256,2015,0.0778790712356567,0.8977272727272727,88.0,112,30
SKG_QA_269,2015,0.0715144872665405,0.7894736842105263,38.0,43,16
SKG_MT_18,2015,0.0710490345954895,0.875,32.0,65,44
SKG_MT_24,2015,0.056776225566864,0.7888888888888889,90.0,47,29
SKG_MT_1380,2015,0.0627304911613464,0.7608695652173914,46.0,14,20
SKG_MT_48,2015,0.059649109840393,0.5121951219512195,41.0,9,18
SKG_MT_1004,2015,0.0568362474441528,0.75,80.0,66,33
SKG_QA_352,2015,0.0594556927680969,0.7663551401869159,107.0,74,16
SKG_QA_356,2015,0.0735313296318054,0.9411764705882352,17.0,141,24
SKG_QA_328,2015,0.0775362253189086,0.7916666666666666,72.0,18,23
SKG_QA_446,2015,0.0667053461074829,0.7457627118644068,59.0,21,22
SKG_MT_378,2015,0.0618726015090942,0.8695652173913043,46.0,14,45
SKG_MT_384,2015,0.0705856084823608,0.7777777777777778,99.0,20,24
SKG_MT_971,2015,0.0488491058349609,0.807909604519774,177.0,4,35
SKG_MT_976,2015,0.0829769968986511,0.7567567567567568,74.0,10,38
SKG_QA_423,2015,0.0659712553024292,0.8448275862068966,116.0,39,27
SKG_SA_531,2015,0.0642005205154419,0.8888888888888888,90.0,24,30
SKG_SA_535,2015,0.0664297938346862,0.7784810126582279,158.0,534,25
SKG_MT_699,2015,0.0749263763427734,0.8813559322033898,177.0,51,42
SKG_SA_9,2015,0.0708433389663696,0.7786259541984732,131.0,66,29
SKG_MT_401,2015,0.0635916590690612,0.7333333333333333,45.0,414,20
SKG_MT_405,2015,0.0650814175605773,0.7987421383647799,159.0,9,33
SKG_MT_165,2015,0.0610789060592651,0.7894736842105263,76.0,49,29
SKG_MT_171,2015,0.074833869934082,0.82,100.0,6,13
SKG_MT_959,2015,0.0834827423095703,0.8014184397163121,141.0,612,24
SKG_QA_438,2015,0.077289879322052,0.7474747474747475,99.0,102,22
SKG_MT_428,2015,0.055914282798767,0.7063492063492064,126.0,6,34
SKG_MT_429,2015,0.0665153264999389,0.8118811881188119,101.0,3,19
SKG_MT_437,2015,0.059130847454071,0.675,40.0,25,32
SKG_MT_441,2015,0.0712659955024719,0.7272727272727273,88.0,867,24
SKG_DIA_300,2015,0.064845860004425,0.881578947368421,76.0,838,54
SKG_MT_900,2015,0.0761153101921081,0.7714285714285715,35.0,20,20
SKG_MT_471,2015,0.0623245239257812,0.7532467532467533,77.0,6,16
SKG_DIA_275,2015,0.0668585896492004,0.7906976744186046,86.0,18,18
SKG_SA_107,2015,0.0544196963310241,0.8584905660377359,106.0,11,21
SKG_SA_114,2015,0.0685032606124877,0.75,76.0,14,19
SKG_SA_65,2015,0.0944656133651733,1.0,4.0,21,12
SKG_SA_78,2015,0.0625654458999633,0.8461538461538461,39.0,28,21
SKG_MT_1254,2015,0.0483636856079101,0.6385542168674698,83.0,4,37
SKG_MT_1333,2015,0.0794529914855957,0.6619718309859155,71.0,12,11
SKG_MT_1346,2015,0.2423641085624694,0.8416666666666667,120.0,96,9
SKG_SA_143,2015,0.0633131861686706,0.8778625954198473,262.0,1512,56
SKG_SA_240,2015,0.0729665756225586,0.7777777777777778,99.0,247,32
SKG_MT_854,2015,0.0659300088882446,0.7017543859649122,57.0,2,32
SKG_MT_839,2015,0.0702255368232727,0.8104575163398693,153.0,5,15
SKG_SA_266,2015,0.0534203648567199,0.7818181818181819,220.0,18,59
SKG_SA_366,2015,0.0700693130493164,0.75,16.0,83,38
SKG_SA_313,2015,0.0602290034294128,0.8095238095238095,63.0,38,28
SKG_SA_321,2015,0.0700603723526001,0.7608695652173914,92.0,16,22
SKG_SA_323,2015,0.0509363412857055,0.8387096774193549,93.0,245,38
SKG_SA_334,2015,0.0719982981681823,0.7672413793103449,116.0,115,32
SKG_SA_293,2015,0.0686338543891906,0.9043478260869564,115.0,91,26
SKG_SA_382,2015,0.0820465087890625,1.0,4.0,375,9
SKG_SA_393,2015,0.0573709607124328,0.7121212121212122,66.0,14,16
SKG_MT_108,2015,0.0761688947677612,0.7272727272727273,44.0,119,15
SKG_MT_109,2015,0.0583323240280151,0.7755102040816326,49.0,1,34
SKG_SA_401,2015,0.0782843828201294,0.8148148148148148,189.0,22,35
SKG_MT_809,2015,0.0561224222183227,0.8628571428571429,175.0,8489,20
SKG_MT_810,2015,0.0566474795341491,0.8303571428571429,224.0,5,34
SKG_MT_815,2015,0.0528172254562377,0.8842975206611571,121.0,10,25
SKG_SA_415,2015,0.061542809009552,0.8157894736842105,114.0,201,13
SKG_MT_555,2015,0.0824602842330932,0.9090909090909092,11.0,95,18
SKG_SA_432,2015,0.0776076316833496,0.8846153846153846,26.0,30,33
SKG_SA_542,2015,0.0891655683517456,0.7272727272727273,33.0,29,26
SKG_SA_545,2015,0.0676151514053344,0.7777777777777778,9.0,1,13
SKG_DIA_40,2015,0.0663868188858032,0.7586206896551724,29.0,3,20
SKG_SA_509,2015,0.0741931796073913,0.8247422680412371,97.0,71,30
SKG_SA_437,2015,0.0721713304519653,0.7202380952380952,168.0,376,51
SKG_SA_592,2015,0.0609121322631835,0.8541666666666666,48.0,8,14
SKG_SA_596,2015,0.0794655084609985,0.776595744680851,94.0,266,16
SKG_SA_458,2015,0.066394031047821,0.8627450980392157,51.0,11,29
SKG_SA_410,2015,0.0679977536201477,0.8518518518518519,27.0,163,31
SKG_SUM_136,2015,0.0746917724609375,0.8102189781021898,137.0,159,56
SKG_SUM_92,2015,0.0704717636108398,0.8539325842696629,89.0,69,27
SKG_SUM_64,2015,0.1123796701431274,0.7931034482758621,29.0,6,28
SKG_SUM_190,2016,0.0535987615585327,0.8764044943820225,89.0,99,42
SKG_MT_673,2016,0.0756570100784301,0.7837837837837838,111.0,182,38
SKG_SUM_217,2016,0.0784465074539184,0.8688524590163934,61.0,24,27
SKG_MT_658,2016,0.0564092397689819,0.7294117647058823,170.0,445,31
SKG_SUM_197,2016,0.0809739232063293,0.9230769230769232,13.0,27,26
SKG_SUM_85,2016,0.0576114654541015,0.7980769230769231,104.0,922,25
SKG_SUM_78,2016,0.0664972066879272,0.8529411764705882,68.0,13,33
SKG_SUM_128,2016,0.0700438618659973,0.8596491228070176,57.0,25,27
SKG_SA_617,2016,0.0657135248184204,0.8888888888888888,9.0,13,14
SKG_SUM_108,2016,0.0262849926948547,0.7425742574257426,101.0,48,49
SKG_MT_1311,2016,0.0285307168960571,0.801980198019802,101.0,2,28
SKG_MT_1304,2016,0.0606485605239868,0.7246376811594203,69.0,14,34
SKG_MT_999,2016,0.0556730031967163,0.7946428571428571,112.0,21,41
SKG_MT_1219,2016,0.0623693466186523,0.6632653061224489,98.0,402,27
SKG_SA_463,2016,0.0573166012763977,0.6382978723404256,47.0,11,17
SKG_SA_504,2016,0.0608576536178588,0.8432835820895522,134.0,20,42
SKG_SA_497,2016,0.0503815412521362,0.8348623853211009,218.0,423,51
SKG_MT_698,2016,0.0407482385635376,0.7719298245614035,171.0,3,43
SKG_SA_462,2016,0.0529884099960327,0.8064516129032258,155.0,21,11
SKG_MT_731,2016,0.0358026623725891,0.7073170731707317,82.0,160,39
SKG_DIA_86,2016,0.0623896718025207,0.7927927927927928,111.0,4,27
SKG_SA_493,2016,0.0625293850898742,0.8070175438596491,228.0,340,27
SKG_DIA_153,2016,0.0611971616744995,0.8253968253968254,126.0,73,44
SKG_SA_385,2016,0.0666338205337524,0.0,129.0,126,24
SKG_DIA_109,2016,0.0679143071174621,0.8586956521739131,92.0,60,0
SKG_SA_431,2016,0.0620402097702026,0.8333333333333334,54.0,4,16
SKG_SA_427,2016,0.0497554540634155,0.7981651376146789,109.0,38,11
SKG_SA_426,2016,0.0542491674423217,0.7578947368421053,95.0,5,45
SKG_MT_574,2016,0.0629630088806152,0.7751937984496124,129.0,191,32
SKG_MT_2,2016,0.0515788793563842,0.8232558139534883,215.0,102,22
SKG_MT_1,2016,0.0581951141357421,0.8262108262108262,351.0,57,23
SKG_MT_201,2016,0.0591543912887573,0.8045112781954887,133.0,199,36
SKG_MT_1190,2016,0.0545893907546997,0.8085106382978723,47.0,2,24
SKG_SA_309,2016,0.0647317171096801,0.7941176470588235,102.0,11,29
SKG_DIA_158,2016,0.0712078809738159,0.7555555555555555,90.0,69,35
SKG_SA_369,2016,0.0792735815048217,0.6404494382022472,89.0,3,7
SKG_SA_354,2016,0.0633554458618164,0.7840909090909091,88.0,3,6
SKG_SA_252,2016,0.0706179738044738,0.7142857142857143,35.0,23,5
SKG_SA_238,2016,0.0650508999824523,0.6792452830188679,106.0,2305,37
SKG_SA_275,2016,0.0666583180427551,0.7267441860465116,172.0,1027,48
SKG_SA_269,2016,0.0681542158126831,0.7974683544303798,79.0,37,12
SKG_MT_513,2016,0.047369360923767,0.768,125.0,6,26
SKG_DIA_204,2016,0.0666338205337524,0.8294573643410853,129.0,126,24
SKG_PAR_9,2016,0.0801770091056823,0.8048780487804879,41.0,14,11
SKG_PAR_7,2016,0.0762922167778015,0.8865248226950354,141.0,20,59
SKG_PAR_36,2016,0.0682708024978637,0.837037037037037,135.0,6,23
SKG_MT_1166,2016,0.076712965965271,0.8163265306122449,49.0,1,26
SKG_MT_1160,2016,0.0540282130241394,0.8130841121495327,107.0,124,22
SKG_MT_215,2016,0.0578573942184448,0.725,80.0,50,27
SKG_SA_160,2016,0.0575721859931945,0.7681159420289855,138.0,90,26
SKG_DIA_245,2016,0.0872243046760559,0.9444444444444444,18.0,73,10
SKG_SA_193,2016,0.0594085454940795,0.7352941176470589,68.0,60,32
SKG_SA_190,2016,0.0698505640029907,0.865979381443299,97.0,28,18
SKG_DIA_267,2016,0.0559598207473754,0.8303571428571429,112.0,172,50
SKG_MT_901,2016,0.0840393304824829,0.7439024390243902,82.0,1,38
SKG_MT_897,2016,0.0326648950576782,0.8666666666666667,105.0,51,23
SKG_MT_895,2016,0.0615622401237487,0.8409090909090909,176.0,732,27
SKG_MT_459,2016,0.0529653429985046,0.7592592592592593,162.0,147,20
SKG_DIA_260,2016,0.0891437530517578,0.8333333333333334,12.0,24,40
SKG_MT_1138,2016,0.0737776756286621,0.8775510204081632,49.0,5,13
SKG_MT_241,2016,0.0515787005424499,0.0211267605633802,142.0,102,22
SKG_MT_237,2016,0.0584962964057922,0.7959183673469388,49.0,8,28
SKG_MT_230,2016,0.0543547868728637,0.6666666666666666,42.0,0,17
SKG_SA_17,2016,0.0603054761886596,0.7709923664122137,131.0,185,46
SKG_SA_8,2016,0.0719487071037292,0.7678018575851393,323.0,6,29
SKG_SA_41,2016,0.055937647819519,0.7931034482758621,145.0,109,21
SKG_SA_26,2016,0.0669784545898437,0.8985507246376812,69.0,0,14
SKG_MT_905,2016,0.0653390884399414,0.7525773195876289,97.0,38,25
SKG_MT_431,2016,0.1231083869934082,1.0,2.0,25,16
SKG_SA_89,2016,0.0641745328903198,0.8947368421052632,95.0,8,13
SKG_SA_85,2016,0.062421441078186,0.8095238095238095,105.0,49,19
SKG_QA_470,2016,0.1588285565376281,0.8392857142857143,112.0,67,31
SKG_DIA_310,2016,0.0687111020088195,0.8823529411764706,102.0,1047,56
SKG_MT_402,2016,0.0572742223739624,0.7651006711409396,149.0,15,22
SKG_PAR_110,2016,0.0574299097061157,0.8166666666666667,60.0,40,18
SKG_PAR_162,2016,0.076522946357727,0.9230769230769232,13.0,33,19
SKG_PAR_147,2016,0.0819347500801086,0.7083333333333334,24.0,33,14
SKG_MT_1105,2016,0.0527690649032592,0.8314606741573034,89.0,95,39
SKG_MT_247,2016,0.0629640817642211,0.8243243243243243,74.0,9,24
SKG_PAR_135,2016,0.0590742826461792,0.8217821782178217,202.0,39,36
SKG_QA_376,2016,0.0595220327377319,0.826530612244898,98.0,108,42
SKG_QA_375,2016,0.0641430020332336,0.7014218009478673,211.0,19,40
SKG_QA_366,2016,0.0608293414115905,0.7087378640776699,103.0,5,7
SKG_QA_421,2016,0.0704249143600463,0.7678571428571429,112.0,17,23
SKG_QA_419,2016,0.0525309443473815,0.5374149659863946,147.0,30,33
SKG_QA_407,2016,0.0620242357254028,0.8205128205128205,117.0,13,38
SKG_MT_960,2016,0.0613309741020202,0.7307692307692307,78.0,131,20
SKG_MT_381,2016,0.0253340601921081,0.7745664739884393,173.0,40,34
SKG_QA_405,2016,0.0750465393066406,0.8043478260869565,92.0,74,40
SKG_QA_312,2016,0.0788822174072265,0.8,90.0,102,32
SKG_QA_340,2016,0.0756670236587524,0.902439024390244,41.0,50,57
SKG_QA_337,2016,0.0559293627738952,0.7272727272727273,77.0,20,17
SKG_QA_335,2016,0.0628441572189331,0.7299270072992701,137.0,125,44
SKG_MT_994,2016,0.072394847869873,0.7448979591836735,98.0,643,34
SKG_MT_370,2016,0.0568192601203918,0.768595041322314,121.0,46,38
SKG_MT_365,2016,0.026400864124298,0.8455284552845529,123.0,16,34
SKG_MT_362,2016,0.0693145990371704,0.9285714285714286,56.0,2,20
SKG_MT_360,2016,0.0564475059509277,0.7142857142857143,119.0,16,0
SKG_QA_345,2016,0.0556730031967163,0.0,112.0,21,41
SKG_PAR_182,2016,0.0641677975654602,0.7631578947368421,76.0,61,31
SKG_PAR_175,2016,0.05207359790802,0.7017543859649122,57.0,40,32
SKG_PAR_173,2016,0.0651772618293762,0.7128712871287128,101.0,60,21
SKG_PAR_172,2016,0.0737776756286621,0.0,49.0,5,13
SKG_PAR_223,2016,0.061306357383728,0.8695652173913043,69.0,119,38
SKG_QA_182,2016,0.0686712265014648,0.8413461538461539,208.0,1378,69
SKG_QA_197,2016,0.0634139776229858,0.8372093023255814,43.0,11,27
SKG_QA_261,2016,0.063646912574768,0.7910447761194029,134.0,79,22
SKG_MT_1029,2016,0.0719059109687805,0.5957446808510638,47.0,1,18
SKG_MT_327,2016,0.0678237676620483,0.5454545454545454,55.0,7,9
SKG_QA_253,2016,0.0617713928222656,0.7746478873239436,71.0,26,33
SKG_QA_70,2016,0.0555428266525268,0.75,216.0,262,39
SKG_QA_63,2016,0.0652276277542114,0.7796610169491526,118.0,13,34
SKG_QA_131,2016,0.0608293414115905,0.6428571428571429,14.0,5,7
SKG_QA_118,2016,0.0567203760147094,0.7898089171974523,157.0,12,36
SKG_MT_312,2016,0.0336729884147644,0.7857142857142857,84.0,100,23
SKG_MT_1298,2016,0.0564896464347839,0.7935483870967742,155.0,37,38
SKG_MT_1288,2016,0.0633198022842407,0.8260869565217391,92.0,257,32
SKG_MT_107,2016,0.0577180981636047,0.6710526315789473,76.0,2,24
SKG_MT_103,2016,0.0352527499198913,0.9322033898305084,118.0,29,49
SKG_MT_1233,2016,0.0710900425910949,0.8089887640449438,89.0,75,36
SKG_MT_1230,2016,0.0339782834053039,0.8426395939086294,197.0,25,26
SKG_MT_1229,2016,0.060630977153778,0.7727272727272727,66.0,0,29
SKG_MT_1264,2016,0.0525309443473815,0.0,147.0,30,33
SKG_MT_1314,2016,0.0512396097183227,0.7814207650273224,183.0,253,36
SKG_SA_566,2016,0.0536736249923706,0.8767123287671232,73.0,22,31
SKG_DIA_15,2016,0.085522174835205,0.8227848101265823,79.0,95,43
SKG_SA_594,2016,0.07322758436203,0.7794117647058824,68.0,125,42
SKG_SA_583,2016,0.0514163970947265,0.8947368421052632,38.0,118,10
SKG_SA_634,2016,0.0803850293159484,0.8390804597701149,87.0,583,25
SKG_SA_622,2017,0.0656781196594238,0.8277777777777777,180.0,18,29
SKG_SA_630,2017,0.0638157129287719,0.7727272727272727,44.0,98,40
SKG_SA_578,2017,0.0680529475212097,0.8181818181818182,110.0,34,16
SKG_SA_593,2017,0.0639327764511108,0.7888888888888889,90.0,190,28
SKG_DIA_21,2017,0.071248173713684,0.8488372093023255,86.0,44,35
SKG_MT_636,2017,0.0526908636093139,0.7924528301886793,106.0,32,28
SKG_MT_645,2017,0.0607522130012512,0.6857142857142857,140.0,32,36
SKG_MT_650,2017,0.0658863186836242,0.7764705882352941,170.0,10,50
SKG_DIA_24,2017,0.1148929595947265,0.8181818181818182,44.0,145,24
SKG_DIA_25,2017,0.062942624092102,0.7365269461077845,167.0,32,26
SKG_SA_537,2017,0.0569862127304077,0.6933333333333334,75.0,7,21
SKG_MT_88,2017,0.0705410242080688,0.7432432432432432,74.0,16,34
SKG_MT_104,2017,0.0583264231681823,0.7245508982035929,167.0,53,52
SKG_MT_1287,2017,0.0578359365463256,0.8074534161490683,161.0,28,33
SKG_MT_123,2017,0.0555282831192016,0.7005988023952096,167.0,134,27
SKG_MT_136,2017,0.0466148257255554,0.7678571428571429,56.0,101,44
SKG_SUM_191,2017,0.0883601903915405,0.675,40.0,62,21
SKG_SUM_103,2017,0.0815318822860717,0.8333333333333334,18.0,9,17
SKG_QA_145,2017,0.0723853111267089,0.6627906976744186,86.0,9,46
SKG_MT_1034,2017,0.0622327923774719,0.75,44.0,6,20
SKG_MT_1037,2017,0.0473276376724243,0.7121951219512195,205.0,4,37
SKG_QA_157,2017,0.0890499949455261,0.8220338983050848,118.0,18,14
SKG_QA_119,2017,0.05478036403656,0.664179104477612,134.0,179,54
SKG_QA_58,2017,0.0664647221565246,0.765625,128.0,21,35
SKG_QA_42,2017,0.0629017949104309,0.7131147540983607,122.0,27,19
SKG_QA_46,2017,0.0524789690971374,0.6412213740458015,131.0,19,27
SKG_QA_47,2017,0.0314452052116394,0.7655172413793103,145.0,174,57
SKG_QA_4,2017,0.0639605522155761,0.7846153846153846,195.0,213,26
SKG_QA_24,2017,0.076948344707489,0.9,20.0,2,14
SKG_MT_321,2017,0.0770670771598815,0.8041237113402062,97.0,27,40
SKG_MT_333,2017,0.0347242355346679,0.6363636363636364,11.0,11,18
SKG_MT_338,2017,0.0614315271377563,0.8278688524590164,122.0,36,32
SKG_MT_1013,2017,0.0583688616752624,0.7874564459930313,287.0,72,39
SKG_MT_351,2017,0.0579169988632202,0.6759259259259259,108.0,75,25
SKG_QA_235,2017,0.0703362226486206,0.8194444444444444,72.0,12,13
SKG_QA_242,2017,0.0524142980575561,0.7522935779816514,109.0,10,43
SKG_QA_223,2017,0.0576156377792358,0.7619047619047619,63.0,21,9
SKG_QA_172,2017,0.0343810319900512,0.6090909090909091,110.0,91,31
SKG_QA_175,2017,0.0656197667121887,0.8173076923076923,104.0,30,48
SKG_QA_26,2017,0.0607736706733703,0.8,15.0,43,27
SKG_PAR_203,2017,0.08868408203125,0.0,72.0,1,25
SKG_PAR_210,2017,0.0545981526374816,0.7258064516129032,62.0,58,16
SKG_PAR_224,2017,0.0566219091415405,0.7328767123287672,146.0,14,19
SKG_MT_1056,2017,0.1222835779190063,0.824,125.0,187,22
SKG_MT_1063,2017,0.0491365194320678,0.773109243697479,119.0,52,29
SKG_PAR_176,2017,0.0657976269721984,0.796875,64.0,9,12
SKG_PAR_177,2017,0.0551767349243164,0.7664233576642335,137.0,33,18
SKG_PAR_180,2017,0.050319492816925,0.7808219178082192,73.0,6,30
SKG_PAR_183,2017,0.0625877380371093,0.7808219178082192,73.0,106,22
SKG_PAR_186,2017,0.0506795644760131,0.7160493827160493,162.0,101,63
SKG_MT_363,2017,0.0586393475532531,0.6075949367088608,79.0,17,25
SKG_MT_995,2017,0.0519558787345886,0.7560975609756098,123.0,7,28
SKG_QA_341,2017,0.0561918020248413,0.8242424242424242,165.0,1400,43
SKG_QA_272,2017,0.061024785041809,0.7763157894736842,152.0,720,46
SKG_QA_277,2017,0.0687677264213562,0.7380952380952381,126.0,302,36
SKG_QA_288,2017,0.0923234820365905,0.9285714285714286,28.0,46,19
SKG_QA_442,2017,0.0749377012252807,0.8222222222222222,45.0,9,24
SKG_QA_445,2017,0.0459352731704711,0.7317073170731707,41.0,9,14
SKG_QA_455,2017,0.073185920715332,0.7407407407407407,81.0,5,0
SKG_MT_382,2017,0.0675336718559265,0.7368421052631579,133.0,217,61
SKG_MT_982,2017,0.062301754951477,0.8159340659340659,364.0,429,46
SKG_QA_399,2017,0.0564187169075012,0.7375886524822695,141.0,6,19
SKG_QA_369,2017,0.0615957975387573,0.7674418604651163,43.0,65,11
SKG_PAR_194,2017,0.0880347490310669,0.8333333333333334,12.0,15,28
SKG_PAR_197,2017,0.0606066584587097,0.6907216494845361,97.0,77,59
SKG_PAR_143,2017,0.063991904258728,0.7559523809523809,168.0,32,39
SKG_MT_1099,2017,0.0608440637588501,0.7681159420289855,69.0,14,24
SKG_MT_1103,2017,0.0344389081001281,0.7965116279069767,172.0,17,34
SKG_PAR_156,2017,0.1761913299560547,0.8192771084337349,83.0,8,26
SKG_PAR_112,2017,0.0455307960510253,0.6777777777777778,180.0,60,54
SKG_PAR_115,2017,0.0609654188156127,0.7192982456140351,114.0,13,0
SKG_PAR_118,2017,0.0583569407463073,0.8360655737704918,61.0,11,25
SKG_PAR_122,2017,0.0493591427803039,0.6545454545454545,55.0,30,17
SKG_SA_21,2017,0.0550629496574401,0.7350993377483444,151.0,8,8
SKG_MT_397,2017,0.0615102052688598,0.7699115044247787,113.0,143,38
SKG_MT_400,2017,0.0555645823478698,0.7975460122699386,163.0,16,9
SKG_MT_408,2017,0.0519970655441284,0.7853658536585366,205.0,40,40
SKG_MT_934,2017,0.056065559387207,0.7907949790794979,239.0,0,14
SKG_MT_939,2017,0.0695029497146606,0.7017543859649122,114.0,6,24
SKG_DIA_303,2017,0.078973650932312,0.863013698630137,73.0,37,39
SKG_DIA_306,2017,0.0332067608833313,0.875,16.0,299,41
SKG_DIA_307,2017,0.0686113238334655,0.7638888888888888,72.0,28,0
SKG_QA_462,2017,0.0512105822563171,0.7777777777777778,81.0,114,45
SKG_QA_471,2017,0.0655819773674011,0.7619047619047619,105.0,19,28
SKG_QA_472,2017,0.0698382258415222,0.5918367346938775,49.0,4,8
SKG_QA_431,2017,0.08868408203125,0.8472222222222222,72.0,1,25
SKG_SA_108,2017,0.058930218219757,0.6451612903225806,31.0,6,10
SKG_SA_116,2017,0.0643475651741027,0.723404255319149,188.0,112,34
SKG_MT_427,2017,0.0587636232376098,0.8153846153846154,65.0,1,28
SKG_MT_910,2017,0.0850166082382202,0.0,4.0,65,40
SKG_MT_911,2017,0.0285573005676269,1.0,9.0,19,28
SKG_MT_924,2017,0.0622884035110473,0.7880184331797235,217.0,123,23
SKG_MT_448,2017,0.0592609643936157,0.5607476635514018,107.0,9,19
SKG_DIA_302,2017,0.0735713839530944,0.8947368421052632,38.0,41,5
SKG_PAR_125,2017,0.0547629594802856,0.74,150.0,7,23
SKG_PAR_126,2017,0.0523236393928527,0.7555555555555555,180.0,32,20
SKG_MT_246,2017,0.0620139241218566,0.717391304347826,92.0,68,48
SKG_PAR_90,2017,0.0714775323867797,0.6470588235294118,17.0,37,29
SKG_PAR_92,2017,0.0653026700019836,0.7456140350877193,114.0,29,39
SKG_PAR_95,2017,0.0569425821304321,0.773972602739726,146.0,25,25
SKG_PAR_105,2017,0.0698511004447937,0.7307692307692307,78.0,17,0
SKG_PAR_63,2017,0.0787785649299621,0.7476635514018691,107.0,17,23
SKG_PAR_65,2017,0.0561978220939636,0.725,40.0,4,23
SKG_PAR_72,2017,0.0613576769828796,0.7945945945945946,185.0,25,33
SKG_PAR_74,2017,0.0648325085639953,0.6590909090909091,44.0,1,40
SKG_PAR_75,2017,0.0796493291854858,0.7407407407407407,27.0,563,35
SKG_SA_131,2017,0.0377668142318725,0.0,197.0,839,46
SKG_SA_140,2017,0.0577894449234008,0.9230769230769232,39.0,16,13
SKG_SA_149,2017,0.0703272819519043,0.7431693989071039,183.0,172,47
SKG_SA_152,2017,0.0618047714233398,0.8113207547169812,53.0,41,28
SKG_MT_460,2017,0.0755549669265747,0.8363636363636363,55.0,29,24
SKG_MT_465,2017,0.063604712486267,0.8380952380952381,105.0,13,17
SKG_MT_872,2017,0.0478217005729675,0.7642276422764228,123.0,115,33
SKG_MT_873,2017,0.0553693771362304,0.7078651685393258,178.0,62,29
SKG_MT_475,2017,0.0608977079391479,0.5991379310344828,232.0,151,59
SKG_SA_100,2017,0.0487273931503295,0.6148648648648649,148.0,1,14
SKG_SA_253,2017,0.0652139782905578,0.8142857142857143,70.0,15,12
SKG_MT_861,2017,0.0573611259460449,0.7692307692307693,117.0,0,17
SKG_MT_870,2017,0.0483830571174621,0.6914893617021277,94.0,5,22
SKG_MT_494,2017,0.0611588358879089,0.6804123711340206,97.0,38,43
SKG_DIA_216,2017,0.0792999267578125,0.7830188679245284,106.0,765,61
SKG_DIA_228,2017,0.0589709281921386,0.7692307692307693,26.0,29,23
SKG_DIA_235,2017,0.0686556696891784,0.7157894736842105,95.0,25,19
SKG_DIA_251,2017,0.0614361763000488,0.8205128205128205,117.0,73,43
SKG_DIA_256,2017,0.0787237286567688,0.8387096774193549,31.0,50,31
SKG_SA_163,2017,0.0714482069015502,0.7555555555555555,45.0,46,52
SKG_SA_184,2017,0.0628646612167358,0.7849462365591398,93.0,3,10
SKG_SA_185,2017,0.0603128671646118,0.8235294117647058,34.0,7,8
SKG_MT_211,2017,0.0511229634284973,0.780952380952381,105.0,2,15
SKG_MT_216,2017,0.0494052171707153,0.5666666666666667,120.0,2,20
SKG_MT_1153,2017,0.0662688016891479,0.660377358490566,106.0,228,2
SKG_MT_1156,2017,0.0604248046875,0.6358695652173914,184.0,185,55
SKG_PAR_78,2017,0.0544532537460327,0.7804878048780488,82.0,7,18
SKG_PAR_28,2017,0.0714775323867797,0.8392857142857143,56.0,37,29
SKG_PAR_29,2017,0.0786922574043273,0.7931034482758621,58.0,23,28
SKG_PAR_44,2017,0.0536098480224609,0.7878787878787878,66.0,5,12
SKG_PAR_46,2017,0.0512486696243286,0.8125,16.0,10,26
SKG_PAR_57,2017,0.0610187649726867,0.7640449438202247,89.0,43,23
SKG_SA_258,2017,0.0749793052673339,0.9545454545454546,22.0,21,7
SKG_SA_261,2017,0.0500124096870422,0.8222222222222222,45.0,73,20
SKG_MT_497,2017,0.0568798780441284,0.6923076923076923,91.0,18,18
SKG_MT_842,2017,0.0610553622245788,0.7265625,128.0,5,21
SKG_MT_517,2017,0.0266424417495727,0.6950354609929078,141.0,49,16
SKG_MT_533,2017,0.0492851138114929,0.6,90.0,3,12
SKG_SA_227,2017,0.0743881464004516,0.53125,96.0,57,40
SKG_SA_228,2017,0.0485102534294128,0.8205128205128205,39.0,25,44
SKG_SA_247,2017,0.0567418336868286,0.7666666666666667,120.0,84,40
SKG_SA_249,2017,0.065258502960205,0.725925925925926,135.0,23,38
SKG_MT_819,2017,0.0516336560249328,0.7833333333333333,120.0,129,27
SKG_MT_781,2017,0.0582726597785949,0.7010869565217391,184.0,220,24
SKG_SA_353,2017,0.0658761262893676,0.7421383647798742,159.0,113,48
SKG_SA_364,2017,0.0836442708969116,0.8194444444444444,72.0,27,43
SKG_SA_370,2017,0.0804530382156372,0.5,10.0,18,13
SKG_SA_316,2017,0.0567535161972045,0.6911764705882353,68.0,17,16
SKG_SA_319,2017,0.0585948824882507,0.8620689655172413,29.0,11,19
SKG_SA_331,2017,0.0587102770805358,0.75177304964539,141.0,25,25
SKG_DIA_162,2017,0.0744436383247375,0.7635135135135135,148.0,51,29
SKG_DIA_167,2017,0.0714602470397949,0.6571428571428571,70.0,12,15
SKG_SA_289,2017,0.059229552745819,0.8346774193548387,248.0,12,46
SKG_SA_305,2017,0.0836753845214843,0.8333333333333334,30.0,30,17
SKG_MT_1222,2017,0.058487594127655,0.86,50.0,0,30
SKG_MT_1189,2017,0.0625936388969421,0.7364864864864865,148.0,1,21
SKG_MT_203,2017,0.0459111928939819,0.7686567164179104,134.0,18,47
SKG_PAR_18,2017,0.0615094304084777,0.7297297297297297,37.0,22,26
SKG_NLI_2,2017,0.0864670872688293,0.7734806629834254,181.0,2051,48
SKG_MT_1444,2017,0.049380600452423,0.7604166666666666,96.0,60,30
SKG_MT_1451,2017,0.0536209344863891,0.6940298507462687,134.0,13,28
SKG_MT_1466,2017,0.0665485262870788,0.8387096774193549,31.0,55,47
SKG_MT_1467,2017,0.0536149144172668,0.6335078534031413,191.0,39,23
SKG_MT_1432,2017,0.0575386881828308,0.7303370786516854,89.0,147,35
SKG_MT_1416,2017,0.0509597659111022,0.7483870967741936,155.0,105,36
SKG_MT_25,2017,0.0583981275558471,0.6782608695652174,115.0,1,29
SKG_SA_419,2017,0.0627272725105285,0.8703703703703703,162.0,157,41
SKG_SA_421,2017,0.0642417669296264,0.88,25.0,10,14
SKG_MT_546,2017,0.0569879412651062,0.8026315789473685,76.0,7,14
SKG_MT_549,2017,0.0553848147392272,0.7647058823529411,34.0,8,16
SKG_MT_767,2017,0.0586376190185546,0.7566137566137566,189.0,59,24
SKG_DIA_108,2017,0.0702824592590332,0.8095238095238095,126.0,153,68
SKG_SA_390,2017,0.0640894174575805,0.7407407407407407,108.0,22,13
SKG_SA_391,2017,0.0850166082382202,1.0,4.0,65,40
SKG_DIA_146,2017,0.0888635516166687,0.9454545454545454,55.0,16,29
SKG_SA_465,2017,0.0674365758895874,0.7637795275590551,127.0,21,24
SKG_SA_466,2017,0.0810993909835815,0.7368421052631579,57.0,19,27
SKG_SA_475,2017,0.0565590858459472,0.3111111111111111,45.0,3,34
SKG_SA_495,2017,0.0569700002670288,0.7738095238095238,168.0,1012,28
SKG_DIA_78,2017,0.0560938715934753,0.7313432835820896,67.0,24,40
SKG_DIA_87,2017,0.0870581865310669,0.7758620689655172,116.0,19,0
SKG_MT_747,2017,0.0618546605110168,0.7244094488188977,127.0,78,40
SKG_MT_758,2017,0.0558186769485473,0.7886178861788617,123.0,13,39
SKG_MT_729,2017,0.0646879076957702,0.825,80.0,3,26
SKG_SA_447,2017,0.0669893026351928,0.7698412698412699,126.0,17,61
SKG_SA_404,2017,0.0613496899604797,0.84375,32.0,1,12
SKG_SA_406,2017,0.0551584362983703,0.7222222222222222,198.0,85,58
SKG_MT_737,2017,0.0455307960510253,0.0,180.0,60,54
SKG_MT_605,2017,0.0618546605110168,0.7182320441988951,181.0,78,40
SKG_MT_610,2017,0.0566932559013366,0.6607142857142857,112.0,124,33
SKG_MT_695,2017,0.0584565997123718,0.7545454545454545,110.0,460,36
SKG_DIA_31,2017,0.0804551243782043,0.9310344827586208,29.0,36,15
SKG_DIA_46,2017,0.0826376676559448,0.8513513513513513,74.0,9,62
SKG_SA_506,2017,0.0587779283523559,0.7526881720430108,93.0,246,32
SKG_SA_510,2017,0.0638157129287719,0.6666666666666666,24.0,98,40
SKG_SA_511,2017,0.0557830929756164,0.7368421052631579,152.0,36,12
SKG_SA_520,2017,0.0581473112106323,0.7933333333333333,150.0,0,6
SKG_DIA_57,2017,0.0332334637641906,0.84375,32.0,17,22
SKG_DIA_68,2017,0.0723077654838562,0.8405797101449275,138.0,9,23
SKG_MT_31,2017,0.0466148257255554,1.0,4.0,101,44
SKG_MT_1366,2017,0.1498951911926269,0.8333333333333334,78.0,276,53
SKG_MT_1370,2017,0.0643843412399292,0.6148648648648649,148.0,1,15
SKG_MT_1387,2017,0.0550404787063598,0.7087378640776699,103.0,109,43
SKG_MT_38,2017,0.0533744096755981,0.5441176470588235,68.0,1,28
SKG_MT_1239,2017,0.0552152395248413,0.6766467065868264,167.0,10,19
SKG_MT_151,2017,0.0584152936935424,0.7543859649122807,57.0,0,14
SKG_MT_168,2017,0.0559924244880676,0.751412429378531,177.0,53,37
SKG_MT_53,2017,0.0638843774795532,0.7961783439490446,157.0,19,51
SKG_MT_1359,2017,0.0614559054374694,0.746031746031746,126.0,17,28
SKG_MT_62,2017,0.0640551447868347,0.7777777777777778,99.0,110,37
SKG_MT_66,2017,0.0782610177993774,0.7329192546583851,161.0,11,44
SKG_SUM_109,2017,0.0606573224067688,0.8723404255319149,47.0,60,26
SKG_SUM_113,2017,0.0560320019721984,0.7885714285714286,175.0,248,52
SKG_SUM_86,2017,0.080826461315155,0.6458333333333334,48.0,72,34
SKG_MT_665,2017,0.0571067929267883,0.6751592356687898,157.0,127,36
SKG_MT_1087,2018,0.0486869812011718,0.5714285714285714,154.0,85,28
SKG_MT_223,2018,0.0262468457221984,0.6176470588235294,34.0,18,28
SKG_MT_240,2018,0.0767024755477905,0.7027027027027027,74.0,81,16
SKG_MT_1113,2018,0.0230910181999206,0.7039473684210527,152.0,49,43
SKG_MT_1195,2018,0.0737568140029907,0.9,20.0,41,44
SKG_MT_1102,2018,0.0607262849807739,0.8131868131868132,91.0,53,22
SKG_MT_1106,2018,0.0501702427864074,0.6976744186046512,172.0,33,32
SKG_MT_1107,2018,0.0702701807022094,0.6,110.0,18,57
SKG_MT_1109,2018,0.0547110438346862,0.71875,192.0,139,25
SKG_MT_1110,2018,0.0605313181877136,0.8360655737704918,61.0,79,33
SKG_MT_281,2018,0.0550298690795898,0.7291666666666666,96.0,304,29
SKG_MT_293,2018,0.0664335489273071,0.6299212598425197,127.0,81,34
SKG_MT_1058,2018,0.0635887384414672,0.6464646464646465,99.0,2,10
SKG_MT_1223,2018,0.053863525390625,0.7040816326530612,98.0,143,34
SKG_MT_183,2018,0.05005943775177,0.6296296296296297,81.0,19,18
SKG_MT_195,2018,0.056049644947052,0.6766917293233082,133.0,91,36
SKG_SUM_120,2018,0.0560752749443054,0.8035714285714286,168.0,25,56
SKG_SUM_122,2018,0.0622552633285522,0.6931818181818182,176.0,39,38
SKG_SUM_163,2018,0.0285834074020385,0.6923076923076923,143.0,37,32
SKG_SUM_164,2018,0.0570108294486999,0.725,160.0,94,45
SKG_SUM_165,2018,0.0585851669311523,0.72,50.0,67,24
SKG_SUM_167,2018,0.0577901601791381,0.8119266055045872,218.0,607,67
SKG_SUM_132,2018,0.0673883557319641,0.7833333333333333,60.0,27,28
SKG_SUM_133,2018,0.0575066804885864,0.7731958762886598,97.0,13,49
SKG_SUM_141,2018,0.0638870000839233,0.7756410256410257,156.0,224,30
SKG_SUM_158,2018,0.0788185000419616,0.8205128205128205,39.0,98,35
SKG_MT_669,2018,0.0549722909927368,0.7152317880794702,151.0,91,37
SKG_MT_672,2018,0.0472344160079956,0.6788990825688074,109.0,24,37
SKG_MT_684,2018,0.0808420181274414,0.6545454545454545,55.0,3,15
SKG_MT_691,2018,0.0627070665359497,0.7,180.0,14,25
SKG_SUM_218,2018,0.0653148889541626,0.6057692307692307,208.0,66,28
SKG_SUM_179,2018,0.0617706179618835,0.696078431372549,102.0,43,36
SKG_SA_551,2018,0.0512067675590515,0.8404255319148937,94.0,93,21
SKG_SA_552,2018,0.0569468736648559,0.7093023255813954,172.0,53,28
SKG_SA_558,2018,0.1005111932754516,0.8235294117647058,34.0,4,12
SKG_SA_584,2018,0.0569565892219543,0.5679012345679012,81.0,58,26
SKG_SA_585,2018,0.0604947209358215,0.7058823529411765,102.0,61,35
SKG_SA_602,2018,0.0582591891288757,0.7361963190184049,163.0,499,42
SKG_MT_733,2018,0.0514771342277526,0.7025316455696202,158.0,2,24
SKG_MT_734,2018,0.0562998056411743,0.7012195121951219,164.0,34,41
SKG_MT_735,2018,0.0625678896903991,0.7748344370860927,151.0,29,40
SKG_MT_587,2018,0.0610125660896301,0.8414634146341463,82.0,7,3
SKG_MT_589,2018,0.0532123446464538,0.7857142857142857,42.0,7,24
SKG_MT_604,2018,0.053221046924591,0.7407407407407407,27.0,37,27
SKG_MT_701,2018,0.0231260061264038,0.7272727272727273,66.0,116,32
SKG_SA_629,2018,0.0564713478088378,0.8064516129032258,31.0,2,36
SKG_SA_631,2018,0.0707348585128784,0.711340206185567,97.0,2,28
SKG_SA_632,2018,0.0724129676818847,0.84,100.0,25,21
SKG_SA_488,2018,0.0254728198051452,0.7933333333333333,150.0,198,33
SKG_DIA_77,2018,0.0727869272232055,0.752,125.0,74,34
SKG_DIA_89,2018,0.0620092153549194,0.6820512820512821,195.0,14,22
SKG_SA_503,2018,0.0661379694938659,0.7823834196891192,193.0,70,44
SKG_DIA_54,2018,0.0279135704040527,0.6587301587301587,126.0,53,32
SKG_DIA_58,2018,0.0248470306396484,0.8013698630136986,146.0,150,41
SKG_MT_575,2018,0.0623801946640014,0.7368421052631579,95.0,29,26
SKG_MT_745,2018,0.0593061447143554,0.7233201581027668,253.0,15,52
SKG_MT_754,2018,0.0540729761123657,0.6438356164383562,73.0,157,49
SKG_MT_757,2018,0.0473546981811523,0.7466666666666667,150.0,143,33
SKG_MT_717,2018,0.0244251489639282,0.5918367346938775,98.0,323,31
SKG_SA_547,2018,0.0558875799179077,0.6886792452830188,106.0,219,38
SKG_DIA_32,2018,0.0681338310241699,0.734375,192.0,14,29
SKG_DIA_34,2018,0.0696220397949218,0.7288135593220338,118.0,233,44
SKG_SA_496,2018,0.0559199452400207,0.75,188.0,12,26
SKG_SA_549,2018,0.0491789579391479,0.7971014492753623,138.0,27,43
SKG_DIA_166,2018,0.297610878944397,0.7430555555555556,144.0,350,37
SKG_DIA_173,2018,0.0709081888198852,0.7848101265822784,79.0,8,14
SKG_SA_367,2018,0.0660578608512878,0.7959183673469388,245.0,9,35
SKG_SA_314,2018,0.0617626905441284,0.7011494252873564,87.0,40,32
SKG_SA_381,2018,0.0673826932907104,0.6770833333333334,96.0,21,23
SKG_DIA_127,2018,0.064548373222351,0.6974358974358974,195.0,0,35
SKG_DIA_128,2018,0.025901436805725,0.7910447761194029,67.0,1157,34
SKG_DIA_137,2018,0.0710358619689941,0.7401574803149606,127.0,128,38
SKG_DIA_141,2018,0.0524235963821411,0.6407766990291263,103.0,38,29
SKG_DIA_120,2018,0.0586148500442504,0.7956989247311828,93.0,181,28
SKG_MT_764,2018,0.1171695590019226,0.8,60.0,6,21
SKG_MT_777,2018,0.0652765035629272,0.7872340425531915,94.0,315,51
SKG_MT_566,2018,0.0528351068496704,0.7894736842105263,114.0,25,35
SKG_SA_459,2018,0.0592552423477172,0.6341463414634146,82.0,15,22
SKG_SA_411,2018,0.0243816375732421,0.7578947368421053,190.0,49,50
SKG_SA_487,2018,0.0523115396499633,0.7304964539007093,141.0,71,31
SKG_SA_194,2018,0.0872275233268737,0.6884057971014492,138.0,185,27
SKG_SA_199,2018,0.0567063093185424,0.7463414634146341,205.0,60,41
SKG_SA_274,2018,0.0570535659790039,0.7282608695652174,92.0,73,25
SKG_SA_282,2018,0.0549088716506958,0.7323943661971831,71.0,8,7
SKG_DIA_179,2018,0.0691795349121093,0.8333333333333334,30.0,39,45
SKG_MT_799,2018,0.0489270091056823,0.5979381443298969,97.0,20,27
SKG_MT_807,2018,0.0722196698188781,0.6744186046511628,43.0,80,28
SKG_MT_540,2018,0.070705235004425,0.7818181818181819,55.0,117,11
SKG_MT_558,2018,0.023106575012207,0.6526315789473685,190.0,31,20
SKG_MT_559,2018,0.0816141366958618,0.7058823529411765,68.0,4,39
SKG_MT_759,2018,0.0610468983650207,0.7470588235294118,170.0,15,17
SKG_SA_324,2018,0.0776227116584777,0.8207547169811321,106.0,31,20
SKG_SA_326,2018,0.0511959195137023,0.796875,192.0,24,49
SKG_SA_327,2018,0.053869605064392,0.7636986301369864,292.0,38,29
SKG_DIA_156,2018,0.0274900197982788,0.6481481481481481,54.0,197,23
SKG_DIA_160,2018,0.0589068531990051,0.7386363636363636,88.0,20,78
SKG_SA_179,2018,0.0634446144104003,0.7569060773480663,181.0,176,31
SKG_SA_188,2018,0.0607906579971313,0.7111111111111111,45.0,13,21
SKG_SA_203,2018,0.1485998034477234,0.7986111111111112,144.0,46,55
SKG_SA_222,2018,0.0576215982437133,0.7593984962406015,133.0,32,41
SKG_DIA_238,2018,0.0234893560409545,0.65,40.0,143,25
SKG_DIA_243,2018,0.0618228912353515,0.8199052132701422,211.0,31,69
SKG_MT_532,2018,0.0220691561698913,0.6293706293706294,143.0,27,41
SKG_MT_818,2018,0.0537971258163452,0.656441717791411,163.0,232,41
SKG_MT_821,2018,0.0828038454055786,0.7551020408163265,98.0,70,25
SKG_MT_822,2018,0.0491584539413452,0.7045454545454546,88.0,344,23
SKG_MT_825,2018,0.0597769618034362,0.7794117647058824,204.0,9,31
SKG_MT_791,2018,0.0488594770431518,0.5909090909090909,110.0,57,31
SKG_SA_248,2018,0.0732385516166687,0.8026315789473685,152.0,4,28
SKG_SA_256,2018,0.055230438709259,0.8130081300813008,123.0,8,20
SKG_DIA_219,2018,0.0629199743270874,0.7714285714285715,175.0,441,61
SKG_DIA_222,2018,0.0575847625732421,0.6041666666666666,96.0,76,38
SKG_DIA_287,2018,0.139168381690979,1.0,6.0,155,20
SKG_SA_90,2018,0.0552595257759094,0.6492146596858639,191.0,8,28
SKG_SA_105,2018,0.0742136240005493,0.776595744680851,94.0,15,17
SKG_SA_106,2018,0.0660320520401001,0.7222222222222222,144.0,0,27
SKG_SA_117,2018,0.0610942840576171,0.7433628318584071,113.0,195,34
SKG_SA_144,2018,0.0608984231948852,0.7454545454545455,55.0,130,19
SKG_DIA_259,2018,0.0726561546325683,0.7867647058823529,136.0,184,47
SKG_MT_507,2018,0.058943748474121,0.6875,112.0,16,41
SKG_MT_831,2018,0.0653697848320007,0.7073170731707317,246.0,178,54
SKG_MT_516,2018,0.0815285444259643,0.75,4.0,1,0
SKG_SA_153,2018,0.0628719329833984,0.7659574468085106,141.0,189,52
SKG_SA_155,2018,0.0713102221488952,1.0,9.0,379,38
SKG_SA_162,2018,0.053953468799591,0.6853932584269663,89.0,5,24
SKG_SA_169,2018,0.0514932870864868,0.6692913385826772,127.0,9,24
SKG_SA_172,2018,0.0523294210433959,0.8333333333333334,48.0,622,43
SKG_SA_176,2018,0.072636604309082,0.6590909090909091,44.0,3,17
SKG_SA_10,2018,0.0500036478042602,0.6318681318681318,364.0,93,22
SKG_SA_18,2018,0.0554487109184265,0.6982758620689655,116.0,2,15
SKG_DIA_316,2018,0.0775412321090698,0.9285714285714286,14.0,22,9
SKG_SA_28,2018,0.0696295499801635,0.7066666666666667,75.0,35,22
SKG_SA_31,2018,0.0652874112129211,0.7462121212121212,264.0,513,25
SKG_SA_46,2018,0.0579445958137512,0.8087431693989071,183.0,54,44
SKG_SA_51,2018,0.0664698481559753,0.7401574803149606,127.0,76,46
SKG_SA_1,2018,0.0661247372627258,0.6820987654320988,324.0,36,35
SKG_MT_855,2018,0.0680834650993347,0.7288135593220338,59.0,9,28
SKG_MT_862,2018,0.0681022405624389,0.7818181818181819,55.0,84,37
SKG_MT_502,2018,0.0625691413879394,0.6304347826086957,92.0,31,63
SKG_MT_505,2018,0.0784592628479003,0.6089743589743589,156.0,33,25
SKG_SA_64,2018,0.0231775045394897,0.6352941176470588,85.0,56,22
SKG_SA_76,2018,0.0557592511177063,0.6530612244897959,98.0,6,30
SKG_DIA_280,2018,0.0673540234565734,0.8608695652173913,115.0,62,59
SKG_DIA_285,2018,0.0678526759147644,0.7719298245614035,57.0,149,30
SKG_QA_348,2018,0.052308440208435,0.7638888888888888,144.0,169,43
SKG_QA_353,2018,0.0656777620315551,0.8354430379746836,158.0,164,47
SKG_QA_354,2018,0.0563130378723144,0.6142857142857143,70.0,12,20
SKG_QA_367,2018,0.0254712104797363,0.7,80.0,52,46
SKG_QA_389,2018,0.0593305826187133,0.7672413793103449,116.0,67,39
SKG_QA_394,2018,0.0619128346443176,0.7687861271676301,173.0,156,33
SKG_QA_415,2018,0.0242602229118347,0.7166666666666667,120.0,35,41
SKG_QA_426,2018,0.049179196357727,0.0,138.0,27,43
SKG_QA_450,2018,0.0587564706802368,0.7333333333333333,165.0,17,56
SKG_QA_476,2018,0.0596648454666137,0.6444444444444445,135.0,297,36
SKG_QA_483,2018,0.0236616134643554,0.7128712871287128,101.0,87,48
SKG_QA_432,2018,0.0659858584403991,0.7388059701492538,134.0,4,20
SKG_MT_472,2018,0.0551912188529968,0.7567567567567568,111.0,43,24
SKG_MT_473,2018,0.0630871057510376,0.7653061224489796,98.0,13,67
SKG_QA_490,2018,0.0581260919570922,0.7142857142857143,14.0,90,22
SKG_DIA_1,2018,0.0669587850570678,0.5862068965517241,58.0,211,11
SKG_QA_248,2018,0.050413966178894,0.8080808080808081,99.0,1,16
SKG_QA_294,2018,0.0311861038208007,0.7842105263157895,190.0,18,35
SKG_QA_254,2018,0.0265366435050964,0.7653631284916201,179.0,19,36
SKG_QA_321,2018,0.0626722574234008,0.6805555555555556,72.0,28,20
SKG_QA_322,2018,0.0232940912246704,0.6692913385826772,127.0,108,24
SKG_QA_364,2018,0.0613622665405273,0.77,100.0,17,56
SKG_MT_909,2018,0.0236357450485229,0.5445544554455446,101.0,162,40
SKG_MT_916,2018,0.0763572454452514,0.7277227722772277,202.0,119,41
SKG_MT_920,2018,0.0437417030334472,0.4878048780487805,123.0,28,18
SKG_MT_925,2018,0.0692006349563598,0.6538461538461539,52.0,80,28
SKG_MT_452,2018,0.0759731531143188,0.7948717948717948,39.0,5,18
SKG_QA_380,2018,0.0604780316352844,0.7215189873417721,79.0,27,47
SKG_QA_381,2018,0.0585371851921081,0.722972972972973,148.0,11,24
SKG_QA_382,2018,0.0637127757072448,0.6530612244897959,147.0,56,28
SKG_QA_384,2018,0.0271132588386535,0.6968085106382979,188.0,73,70
SKG_QA_343,2018,0.0613163113594055,0.782608695652174,92.0,310,41
SKG_QA_127,2018,0.0712717771530151,0.7222222222222222,90.0,2,26
SKG_QA_133,2018,0.0610826611518859,0.8396946564885496,131.0,101,25
SKG_QA_136,2018,0.0781784057617187,0.8108108108108109,74.0,515,51
SKG_QA_202,2018,0.0478773117065429,0.7432432432432432,148.0,3,34
SKG_QA_212,2018,0.0635682940483093,0.6944444444444444,180.0,59,55
SKG_QA_220,2018,0.0629070401191711,0.8857142857142857,105.0,31,40
SKG_QA_176,2018,0.0699844360351562,0.6237623762376238,101.0,194,23
SKG_QA_177,2018,0.0645495653152465,0.7605633802816901,71.0,43,47
SKG_MT_952,2018,0.0507676005363464,0.686046511627907,172.0,257,30
SKG_MT_425,2018,0.0672335624694824,0.79,100.0,37,33
SKG_MT_432,2018,0.0215673446655273,0.76,250.0,36,29
SKG_QA_271,2018,0.0644828677177429,0.7,60.0,67,49
SKG_QA_224,2018,0.0548874735832214,0.7272727272727273,110.0,1433,21
SKG_QA_229,2018,0.0581260919570922,0.819672131147541,61.0,90,22
SKG_QA_230,2018,0.0255038142204284,0.8020833333333334,96.0,158,19
SKG_QA_243,2018,0.0654644966125488,0.7468354430379747,158.0,67,31
SKG_PAR_222,2018,0.0740565061569213,0.82,100.0,51,40
SKG_PAR_225,2018,0.054312527179718,0.7966101694915254,236.0,10,34
SKG_QA_38,2018,0.0698308944702148,0.636986301369863,146.0,165,31
SKG_QA_40,2018,0.0599530935287475,0.7927927927927928,111.0,41,24
SKG_QA_36,2018,0.0773028135299682,0.8014705882352942,136.0,25,13
SKG_QA_60,2018,0.0681339502334594,0.0,192.0,14,29
SKG_QA_71,2018,0.0540083050727844,0.803921568627451,51.0,432,58
SKG_QA_72,2018,0.0518556833267211,0.788135593220339,118.0,147,46
SKG_QA_87,2018,0.0525358915328979,0.7165775401069518,187.0,70,0
SKG_MT_393,2018,0.080459713935852,0.8235294117647058,119.0,16,29
SKG_MT_403,2018,0.0749696493148803,0.7722772277227723,101.0,4,16
SKG_MT_412,2018,0.0579277276992797,0.7189542483660131,153.0,15,40
SKG_MT_941,2018,0.0692006349563598,0.7727272727272727,22.0,80,28
SKG_QA_166,2018,0.0720270872116088,0.8426966292134831,178.0,24,33
SKG_QA_169,2018,0.0630871057510376,0.0,98.0,13,67
SKG_QA_124,2018,0.0553435087203979,0.6666666666666666,69.0,3,19
SKG_PAR_99,2018,0.0609222650527954,0.6829268292682927,41.0,1,13
SKG_PAR_102,2018,0.0683029294013977,0.7802197802197802,91.0,2,24
SKG_PAR_68,2018,0.021985650062561,0.6851851851851852,216.0,11,54
SKG_PAR_168,2018,0.0592253804206848,0.8067226890756303,119.0,5,52
SKG_PAR_114,2018,0.0533612370491027,0.7455357142857143,224.0,21,18
SKG_PAR_117,2018,0.0611727833747863,0.7094594594594594,148.0,4,51
SKG_PAR_151,2018,0.0850566625595092,0.7796610169491526,118.0,98,67
SKG_PAR_152,2018,0.0599039196968078,0.7202797202797203,143.0,20,47
SKG_PAR_155,2018,0.0569654703140258,0.8181818181818182,33.0,66,36
SKG_PAR_161,2018,0.0545277595520019,0.6879432624113475,141.0,7,27
SKG_MT_991,2018,0.0639064908027648,0.7,140.0,15,23
SKG_MT_374,2018,0.0919731855392456,0.7828571428571428,175.0,324,31
SKG_MT_380,2018,0.0617523193359375,0.7278481012658228,158.0,33,36
SKG_PAR_191,2018,0.0667319297790527,0.6896551724137931,116.0,68,51
SKG_PAR_192,2018,0.0534032583236694,0.7397959183673469,196.0,50,52
SKG_PAR_214,2018,0.0462015271186828,0.7383177570093458,107.0,105,19
SKG_NLI_10,2018,0.0475957989692688,0.6691176470588235,136.0,17,13
SKG_NLI_12,2018,0.0757628679275512,0.7267080745341615,161.0,272,74
SKG_PAR_0,2018,0.0219297409057617,0.6557377049180327,61.0,54,58
SKG_MT_1443,2018,0.064427375793457,0.6944444444444444,72.0,2,4
SKG_PAR_4,2018,0.0448681712150573,0.75,136.0,483,19
SKG_PAR_38,2018,0.0623161196708679,0.8444444444444444,90.0,16,45
SKG_PAR_39,2018,0.0303448438644409,0.6666666666666666,141.0,75,69
SKG_PAR_42,2018,0.0683304667472839,0.7796610169491526,118.0,370,54
SKG_PAR_76,2018,0.0710464715957641,0.7764705882352941,85.0,2,30
SKG_MT_1020,2018,0.0545655488967895,0.6057692307692307,104.0,36,37
SKG_MT_1026,2018,0.0532209277153015,0.7153284671532847,137.0,37,27
SKG_MT_364,2018,0.068652331829071,0.7272727272727273,66.0,15,1
SKG_MT_985,2018,0.0605314373970031,0.6916666666666667,120.0,79,33
SKG_PAR_86,2018,0.0575979351997375,0.794425087108014,287.0,270,23
SKG_PAR_88,2018,0.0286450386047363,0.6821705426356589,129.0,45,38
SKG_PAR_93,2018,0.0646592378616333,0.7454545454545455,55.0,10,37
SKG_MT_1140,2018,0.0254728198051452,0.0,150.0,198,33
SKG_MT_1355,2018,0.0627824664115905,0.7654320987654321,81.0,196,31
SKG_MT_1369,2018,0.0286191701889038,0.7685185185185185,216.0,241,35
SKG_MT_1372,2018,0.0769920349121093,0.7608695652173914,46.0,5,34
SKG_MT_1402,2018,0.0579198002815246,0.7191011235955056,89.0,14,6
SKG_MT_1417,2018,0.0507391691207885,0.7090909090909091,110.0,36,31
SKG_MT_29,2018,0.0626786351203918,0.686046511627907,172.0,5,0
SKG_MT_1424,2018,0.0490287542343139,0.7792792792792793,222.0,135,40
SKG_MT_1433,2018,0.0602921247482299,0.72,125.0,9,23
SKG_MT_1434,2018,0.0586326718330383,0.5757575757575758,66.0,35,31
SKG_MT_1452,2018,0.0796476602554321,0.6116504854368932,103.0,20,13
SKG_MT_1049,2018,0.0661908388137817,0.6752136752136753,117.0,17,32
SKG_MT_1054,2018,0.0618849992752075,0.6302521008403361,119.0,54,18
SKG_MT_339,2018,0.0665788650512695,0.7428571428571429,70.0,21,12
SKG_MT_1475,2018,0.0591910481452941,0.7417582417582418,182.0,42,33
SKG_NLI_4,2018,0.0552155375480651,0.6148648648648649,148.0,43,44
SKG_MT_197,2018,0.0531064867973327,0.7037037037037037,135.0,13,39
SKG_MT_155,2018,0.054529070854187,0.6712328767123288,73.0,13,26
SKG_MT_158,2018,0.064609408378601,0.611764705882353,85.0,19,31
SKG_MT_1203,2018,0.0587548017501831,0.7272727272727273,220.0,34,23
SKG_MT_143,2018,0.0713283419609069,0.7272727272727273,22.0,59,33
SKG_MT_1271,2018,0.0550864934921264,0.7291666666666666,192.0,13,30
SKG_MT_1278,2018,0.0562126040458679,0.7511961722488039,209.0,59,27
SKG_MT_1291,2018,0.062778353691101,0.5833333333333334,96.0,133,26
SKG_MT_138,2018,0.0592569112777709,0.7880794701986755,151.0,191,29
SKG_MT_82,2018,0.0629976391792297,0.7142857142857143,28.0,107,28
SKG_MT_83,2018,0.0543850064277648,0.7724137931034483,145.0,1005,75
SKG_MT_86,2018,0.0667320489883422,0.6853146853146853,143.0,72,46
SKG_MT_96,2018,0.0591106414794921,0.719626168224299,107.0,28,29
SKG_MT_1038,2018,0.0618849992752075,0.7142857142857143,77.0,54,18
SKG_MT_416,2018,0.076788306236267,0.9,30.0,131,20
SKG_MT_64,2018,0.0496684312820434,0.7752808988764045,89.0,54,27
SKG_SA_636,2018,0.0645164251327514,0.7951807228915663,83.0,34,35
SKG_DIA_9,2018,0.0600720643997192,0.7777777777777778,63.0,40,16
SKG_SUM_46,2018,0.0606210827827453,0.7384615384615385,130.0,8,0
SKG_SUM_54,2018,0.0577359199523925,0.6577181208053692,149.0,154,31
SKG_SUM_61,2018,0.0738545656204223,0.7777777777777778,63.0,1,2
SKG_SUM_62,2018,0.0696452856063842,0.8333333333333334,132.0,33,48
SKG_SUM_69,2018,0.0601337552070617,0.7872340425531915,47.0,68,20
SKG_SUM_93,2018,0.0253461599349975,0.6605504587155964,109.0,137,17
SKG_SUM_100,2018,0.0240142941474914,0.7678571428571429,56.0,13,33
SKG_SUM_102,2018,0.0719367265701294,0.6582278481012658,79.0,8,26
SKG_SUM_114,2018,0.0659992098808288,0.8152173913043478,92.0,47,41
SKG_MT_709,2018,0.0584310293197631,0.7350427350427351,117.0,275,42
SKG_MT_659,2018,0.0692204236984252,0.8536585365853658,41.0,33,42
SKG_MT_662,2018,0.0725711584091186,0.7304964539007093,141.0,72,42
SKG_SUM_152,2018,0.05748051404953,0.7752808988764045,178.0,720,50
SKG_SUM_117,2018,0.0607144236564636,0.6132075471698113,106.0,168,40
SKG_SUM_176,2018,0.0598438382148742,0.8382352941176471,68.0,60,50
SKG_SUM_219,2018,0.0603411793708801,0.8586956521739131,92.0,174,44
SKG_SUM_161,2019,0.051707923412323,0.6129032258064516,124.0,357,49
SKG_SUM_159,2019,0.0724501609802246,0.7904761904761904,210.0,59,55
SKG_SUM_200,2019,0.0531865954399108,0.618421052631579,152.0,68,35
SKG_SUM_201,2019,0.062479019165039,0.6060606060606061,165.0,35,25
SKG_SUM_202,2019,0.056380271911621,0.8055555555555556,72.0,136,22
SKG_SUM_207,2019,0.068255066871643,0.8028169014084507,71.0,42,32
SKG_SUM_210,2019,0.0659073591232299,0.7272727272727273,154.0,152,49
SKG_SUM_213,2019,0.0724787712097168,0.7246376811594203,138.0,123,35
SKG_QA_49,2019,0.0689105987548828,0.710691823899371,159.0,149,56
SKG_QA_44,2019,0.0693370103836059,0.0,180.0,38,32
SKG_QA_43,2019,0.0720514059066772,0.6764705882352942,34.0,28,21
SKG_QA_25,2019,0.0586363077163696,0.5568181818181818,88.0,5,42
SKG_QA_19,2019,0.0569588541984558,0.7454545454545455,110.0,121,25
SKG_QA_11,2019,0.066703975200653,0.6877076411960132,301.0,30,0
SKG_QA_81,2019,0.0723289251327514,0.7971014492753623,69.0,302,47
SKG_QA_77,2019,0.0609675645828247,0.7228915662650602,166.0,48,35
SKG_SUM_169,2019,0.0583269000053405,0.6632653061224489,196.0,37,43
SKG_SUM_168,2019,0.0653154253959655,0.728,125.0,31,79
SKG_SUM_126,2019,0.0888002514839172,0.0,31.0,27,30
SKG_SUM_125,2019,0.0717077255249023,0.603448275862069,174.0,158,39
SKG_SUM_124,2019,0.0802632570266723,0.8290598290598291,117.0,110,64
SKG_SUM_115,2019,0.0640946626663208,0.7297297297297297,111.0,34,36
SKG_SUM_153,2019,0.0676857233047485,0.6666666666666666,27.0,44,33
SKG_SUM_149,2019,0.0614224672317504,0.688,125.0,47,36
SKG_SUM_156,2019,0.0629584193229675,0.7196969696969697,132.0,16,31
SKG_SUM_137,2019,0.0629584193229675,0.8,85.0,16,31
SKG_MT_1136,2019,0.0670338869094848,0.6280487804878049,164.0,29,42
SKG_MT_1135,2019,0.0202144384384155,0.8666666666666667,15.0,16,12
SKG_MT_1134,2019,0.0226833224296569,0.7457627118644068,118.0,119,45
SKG_SUM_183,2019,0.0888002514839172,0.7857142857142857,126.0,27,30
SKG_SUM_182,2019,0.0717042684555053,0.7378048780487805,164.0,10,49
SKG_MT_674,2019,0.0160702466964721,0.6788321167883211,137.0,9,34
SKG_SUM_73,2019,0.056383728981018,0.7457627118644068,59.0,36,36
SKG_SUM_58,2019,0.0618411302566528,0.691358024691358,81.0,63,38
SKG_SUM_57,2019,0.0581036806106567,0.6774193548387096,155.0,32,30
SKG_SUM_79,2019,0.0833686590194702,0.75,160.0,1570,38
SKG_SUM_112,2019,0.0562849044799804,0.6829268292682927,164.0,178,61
SKG_SUM_101,2019,0.054458737373352,0.6351351351351351,148.0,53,38
SKG_SUM_127,2019,0.0861101150512695,0.6532258064516129,124.0,32,42
SKG_MT_1192,2019,0.051565945148468,0.7216494845360825,97.0,50,37
SKG_MT_1185,2019,0.0516761541366577,0.75,16.0,45,49
SKG_MT_1184,2019,0.0476629137992858,0.7065217391304348,184.0,2,23
SKG_MT_242,2019,0.0960047841072082,0.5625,48.0,3,11
SKG_MT_235,2019,0.0541857481002807,0.754601226993865,163.0,12,36
SKG_MT_232,2019,0.0579673647880554,0.7161290322580646,155.0,1,35
SKG_MT_222,2019,0.0516797304153442,0.7164179104477612,67.0,13,32
SKG_MT_1150,2019,0.0525938272476196,0.6176470588235294,68.0,9,35
SKG_MT_263,2019,0.4295257329940796,0.6623376623376623,154.0,8,12
SKG_DIA_6,2019,0.0769044756889343,0.7078651685393258,89.0,1,12
SKG_SUM_51,2019,0.0601407885551452,0.725,200.0,12,35
SKG_SUM_47,2019,0.0625249743461608,0.8378378378378378,37.0,9,23
SKG_MT_292,2019,0.053257942199707,0.6666666666666666,141.0,10,0
SKG_MT_276,2019,0.0638833045959472,0.6748971193415638,243.0,23,41
SKG_MT_271,2019,0.0542100071907043,0.6962025316455697,79.0,21,33
SKG_MT_1088,2019,0.0635374784469604,0.781021897810219,137.0,4,39
SKG_MT_214,2019,0.0604792833328247,0.6616541353383458,133.0,8,64
SKG_MT_213,2019,0.0508781671524047,0.794392523364486,107.0,86,37
SKG_MT_202,2019,0.0569574236869812,0.6714285714285714,140.0,4,25
SKG_MT_95,2019,0.0690971612930297,0.6927710843373494,166.0,36,42
SKG_MT_1196,2019,0.0737801790237426,0.6138613861386139,101.0,27,35
SKG_SUM_96,2019,0.0567186474800109,0.7391304347826086,161.0,100,55
SKG_SUM_95,2019,0.0575844645500183,0.7286432160804021,199.0,52,36
SKG_SUM_94,2019,0.0502799153327941,0.84375,96.0,61,76
SKG_SUM_21,2019,0.0717078447341919,0.1231527093596059,203.0,158,39
SKG_SA_628,2019,0.065822958946228,0.708029197080292,137.0,25,35
SKG_SA_623,2019,0.0627495050430297,0.7849462365591398,93.0,3,28
SKG_SA_610,2019,0.0701501965522766,0.6360294117647058,272.0,292,38
SKG_DIA_4,2019,0.0612961053848266,0.7307692307692307,104.0,10,25
SKG_DIA_0,2019,0.057965874671936,0.7697841726618705,278.0,46,41
SKG_MT_1241,2019,0.0544308423995971,0.5277777777777778,144.0,2,27
SKG_MT_1179,2019,0.0508546829223632,0.6923076923076923,78.0,15,27
SKG_MT_1176,2019,0.0620180368423461,0.8061224489795918,98.0,3,20
SKG_MT_75,2019,0.0538737177848815,0.75,244.0,38,31
SKG_MT_189,2019,0.076004683971405,0.7672955974842768,159.0,53,33
SKG_MT_1217,2019,0.0520070195198059,0.5652173913043478,92.0,5,21
SKG_MT_1216,2019,0.0506240725517272,0.7213114754098361,61.0,8,18
SKG_SUM_37,2019,0.0177488327026367,0.0,30.0,100,37
SKG_SUM_31,2019,0.0515664815902709,0.7490494296577946,263.0,121,32
SKG_SUM_30,2019,0.0585810542106628,0.7526881720430108,93.0,15,51
SKG_DIA_8,2019,0.0519207119941711,0.7840909090909091,176.0,84,102
SKG_DIA_30,2019,0.086275577545166,0.7258064516129032,186.0,57,34
SKG_MT_703,2019,0.0627416372299194,0.6611570247933884,121.0,7,28
SKG_MT_702,2019,0.0676681399345398,0.7169811320754716,53.0,86,42
SKG_MT_696,2019,0.0580625534057617,0.7088607594936709,79.0,6,27
SKG_MT_609,2019,0.0525084733963012,0.6611111111111111,180.0,1,38
SKG_MT_602,2019,0.0813440084457397,0.7070707070707071,99.0,20,23
SKG_MT_597,2019,0.0483627319335937,0.7058823529411765,153.0,33,40
SKG_DIA_23,2019,0.0733579397201538,0.7037037037037037,54.0,45,37
SKG_MT_1261,2019,0.0639370679855346,0.6395348837209303,86.0,2,46
SKG_MT_142,2019,0.0607220530509948,0.7476635514018691,107.0,47,57
SKG_MT_1198,2019,0.0745296478271484,0.7352941176470589,68.0,14,17
SKG_MT_1197,2019,0.0524503588676452,0.7297297297297297,37.0,74,26
SKG_MT_172,2019,0.0563999414443969,0.6470588235294118,102.0,96,29
SKG_MT_159,2019,0.0562400817871093,0.6987179487179487,156.0,73,70
SKG_MT_154,2019,0.0535742044448852,0.8084112149532711,214.0,10,44
SKG_SA_581,2019,0.0594474077224731,0.5975609756097561,164.0,39,35
SKG_MT_721,2019,0.0508532524108886,0.7336956521739131,184.0,315,30
SKG_MT_128,2019,0.0628431439399719,0.6956521739130435,69.0,14,17
SKG_MT_125,2019,0.0264960527420043,0.4769230769230769,65.0,25,22
SKG_MT_1301,2019,0.0608760714530944,0.6851851851851852,54.0,77,21
SKG_MT_1296,2019,0.0163925886154174,0.6274509803921569,204.0,61,55
SKG_MT_1285,2019,0.0651427507400512,0.8539325842696629,89.0,55,44
SKG_MT_1234,2019,0.0588108301162719,0.7425742574257426,101.0,17,38
SKG_MT_1267,2019,0.0475479364395141,0.6296296296296297,189.0,1,48
SKG_SA_598,2019,0.0649133920669555,0.7216494845360825,97.0,20,28
SKG_SA_587,2019,0.0841543078422546,0.7096774193548387,31.0,1,0
SKG_SA_543,2019,0.0785921216011047,0.6901408450704225,142.0,87,33
SKG_SA_541,2019,0.0528909564018249,0.7037037037037037,135.0,26,37
SKG_SA_525,2019,0.0570451617240905,0.6993006993006993,143.0,50,21
SKG_SA_576,2019,0.0648878216743469,0.7707006369426752,157.0,11,53
SKG_SA_555,2019,0.0712888836860656,0.8571428571428571,21.0,24,40
SKG_SA_553,2019,0.0678459405899047,0.0,134.0,348,20
SKG_DIA_66,2019,0.0489548444747924,0.6774193548387096,93.0,126,34
SKG_DIA_62,2019,0.0802295804023742,0.7862595419847328,131.0,39,46
SKG_MT_113,2019,0.0531287193298339,0.7428571428571429,105.0,153,63
SKG_MT_111,2019,0.0173891186714172,0.6577540106951871,187.0,37,31
SKG_MT_106,2019,0.0676428079605102,0.6846846846846847,111.0,11,30
SKG_MT_101,2019,0.0572349429130554,0.7155172413793104,116.0,7,34
SKG_MT_98,2019,0.0764452815055847,0.695364238410596,151.0,21,17
SKG_MT_90,2019,0.0509818196296691,0.6578947368421053,114.0,41,34
SKG_MT_1321,2019,0.0543045997619628,0.6271186440677966,118.0,37,44
SKG_MT_134,2019,0.0767918825149536,0.7621359223300971,206.0,37,37
SKG_MT_130,2019,0.0525991320610046,0.5833333333333334,108.0,52,55
SKG_DIA_27,2019,0.0744905471801757,0.8105263157894737,95.0,247,28
SKG_DIA_51,2019,0.0722529292106628,0.6962962962962963,135.0,8,27
SKG_DIA_50,2019,0.0629507899284362,0.7333333333333333,90.0,6,44
SKG_DIA_44,2019,0.0570807456970214,0.7634408602150538,93.0,16,12
SKG_DIA_36,2019,0.0921233296394348,0.7388059701492538,134.0,76,50
SKG_DIA_84,2019,0.0599726438522338,0.8225806451612904,62.0,37,29
SKG_DIA_76,2019,0.0634829401969909,0.6388888888888888,144.0,53,28
SKG_SA_479,2019,0.0187136530876159,0.7388059701492538,134.0,26,47
SKG_SA_464,2019,0.052145779132843,0.7243589743589743,156.0,4,33
SKG_MT_1043,2019,0.0542852282524108,0.5980392156862745,204.0,208,23
SKG_MT_307,2019,0.0605677366256713,0.6981132075471698,53.0,7,14
SKG_MT_303,2019,0.0475058555603027,0.6621621621621622,74.0,74,30
SKG_MT_298,2019,0.0691906809806823,0.6391752577319587,97.0,27,0
SKG_MT_1083,2019,0.0167608261108398,0.7631578947368421,114.0,66,22
SKG_MT_1070,2019,0.0646924972534179,0.7926829268292683,82.0,126,37
SKG_MT_1066,2019,0.0463148355484008,0.5959595959595959,99.0,17,27
SKG_MT_756,2019,0.0600935220718383,0.7431192660550459,109.0,9,27
SKG_MT_751,2019,0.082624614238739,0.7478260869565218,115.0,52,34
SKG_MT_750,2019,0.0585993528366088,0.6604938271604939,162.0,4,22
SKG_MT_580,2019,0.0668562650680542,0.7894736842105263,38.0,20,11
SKG_MT_577,2019,0.0538258552551269,0.5892857142857143,56.0,1,17
SKG_SA_444,2019,0.0182482004165649,0.6576576576576577,111.0,16,24
SKG_SA_440,2019,0.0636118054389953,0.7527472527472527,182.0,358,44
SKG_SA_436,2019,0.0629591941833496,0.7401960784313726,204.0,8,26
SKG_DIA_96,2019,0.0681845545768737,0.7323943661971831,142.0,12,27
SKG_MT_1061,2019,0.0625097155570983,0.7906976744186046,129.0,2,26
SKG_MT_60,2019,0.0441362261772155,0.7985074626865671,134.0,43,27
SKG_MT_73,2019,0.0695453882217407,0.648936170212766,94.0,28,26
SKG_MT_70,2019,0.058325171470642,0.7637130801687764,237.0,611,44
SKG_MT_68,2019,0.0518598556518554,0.59,100.0,13,32
SKG_MT_67,2019,0.063956081867218,0.6017699115044248,113.0,6,25
SKG_MT_608,2019,0.057539165019989,0.7948717948717948,78.0,28,30
SKG_MT_508,2019,0.0744726061820983,0.7753623188405797,138.0,44,37
SKG_MT_336,2019,0.0710418820381164,0.6846473029045643,241.0,58,46
SKG_SA_521,2019,0.0495625734329223,0.6428571428571429,98.0,49,17
SKG_SA_516,2019,0.0620564222335815,0.6388888888888888,252.0,2,42
SKG_DIA_90,2019,0.0599880218505859,0.6583333333333333,120.0,74,52
SKG_MT_562,2019,0.0702495574951171,0.6142857142857143,140.0,76,64
SKG_MT_561,2019,0.049452006816864,0.7628865979381443,194.0,26,37
SKG_MT_780,2019,0.0616537928581237,0.7241379310344828,29.0,3,37
SKG_MT_773,2019,0.0533219575881958,0.6,10.0,12,38
SKG_MT_765,2019,0.0421786308288574,0.8048780487804879,82.0,25,31
SKG_SA_378,2019,0.0631719827651977,0.0,111.0,17,30
SKG_SA_376,2019,0.0778285264968872,0.7410071942446043,139.0,0,0
SKG_MT_1374,2019,0.0534676313400268,0.7612903225806451,155.0,8,24
SKG_MT_1371,2019,0.0550880432128906,0.8,165.0,37,48
SKG_MT_34,2019,0.0698871612548828,0.7976190476190477,84.0,3,23
SKG_MT_1358,2019,0.0658000707626342,0.6836734693877551,98.0,4,19
SKG_MT_1357,2019,0.0590163469314575,0.664,125.0,17,33
SKG_MT_1350,2019,0.0819060206413269,0.6705882352941176,85.0,5,0
SKG_MT_1275,2019,0.0626088380813598,0.6216216216216216,37.0,0,15
SKG_SA_455,2019,0.0636375546455383,0.6739130434782609,230.0,414,34
SKG_SA_446,2019,0.0849183797836303,0.7580645161290323,124.0,30,21
SKG_SA_348,2019,0.0710150003433227,0.7105263157894737,38.0,25,17
SKG_DIA_123,2019,0.0714718103408813,0.7583333333333333,240.0,1,0
SKG_DIA_113,2019,0.0600484609603881,0.6875,128.0,62,33
SKG_DIA_111,2019,0.0680190920829773,0.9,20.0,15,34
SKG_DIA_106,2019,0.0573994517326355,0.7280701754385965,114.0,12,42
SKG_DIA_139,2019,0.0586773753166198,0.7534246575342466,73.0,185,45
SKG_DIA_129,2019,0.0663623809814453,0.6276595744680851,94.0,18,22
SKG_MT_1405,2019,0.0561393499374389,0.5094339622641509,53.0,3,14
SKG_MT_1404,2019,0.0524528622627258,0.7288135593220338,118.0,10,24
SKG_MT_1398,2019,0.0623065829277038,0.6987951807228916,166.0,235,41
SKG_MT_1397,2019,0.0593768954277038,0.78125,128.0,0,28
SKG_MT_50,2019,0.0618567466735839,0.7868852459016393,61.0,28,27
SKG_MT_43,2019,0.0501039624214172,0.6888888888888889,45.0,7,32
SKG_MT_35,2019,0.0646768808364868,0.8130841121495327,107.0,61,22
SKG_MT_1389,2019,0.0675235986709594,0.6551724137931034,232.0,9,49
SKG_MT_570,2019,0.0582422018051147,0.8205128205128205,195.0,19,36
SKG_DIA_164,2019,0.0786367654800415,0.7211538461538461,104.0,58,48
SKG_SA_337,2019,0.0576559901237487,0.6717171717171717,198.0,21,33
SKG_SA_328,2019,0.0682428479194641,0.84375,32.0,5,0
SKG_MT_761,2019,0.0533219575881958,0.7688442211055276,199.0,12,38
SKG_MT_1422,2019,0.0560019612312316,0.7659574468085106,94.0,136,67
SKG_MT_1420,2019,0.0499660372734069,0.7336065573770492,244.0,10,0
SKG_MT_1419,2019,0.0626085996627807,0.8297872340425532,47.0,0,15
SKG_MT_1418,2019,0.068077266216278,0.7133333333333334,150.0,1,15
SKG_MT_30,2019,0.0662416219711303,0.6778523489932886,149.0,92,41
SKG_MT_20,2019,0.0730447769165039,0.75,80.0,9,32
SKG_MT_19,2019,0.055194079875946,0.6,60.0,13,41
SKG_SA_399,2019,0.0547148585319519,0.76,125.0,223,38
SKG_SA_394,2019,0.0780404806137085,0.6842105263157895,209.0,700,35
SKG_SA_392,2019,0.0612795948982238,0.7647058823529411,102.0,12,44
SKG_SA_383,2019,0.0573955774307251,0.7394636015325671,261.0,50,67
SKG_SA_357,2019,0.239042580127716,0.719626168224299,214.0,274,36
SKG_MT_548,2019,0.0690970420837402,0.7333333333333333,15.0,36,42
SKG_MT_544,2019,0.0516796112060546,0.75,4.0,13,32
SKG_MT_808,2019,0.0641124844551086,0.782608695652174,115.0,18,23
SKG_MT_804,2019,0.0522221326828002,0.6582278481012658,79.0,116,30
SKG_DIA_188,2019,0.0778764486312866,0.9090909090909092,44.0,36,50
SKG_SA_303,2019,0.0860195159912109,0.8145695364238411,151.0,12,0
SKG_SA_302,2019,0.0752185583114624,0.7348484848484849,132.0,51,62
SKG_SA_300,2019,0.0702238082885742,0.7586206896551724,116.0,11,20
SKG_MT_1469,2019,0.0701053738594055,0.7676767676767676,198.0,301,50
SKG_MT_1465,2019,0.0261686444282531,0.6153846153846154,130.0,10,14
SKG_MT_1463,2019,0.051224410533905,0.8103448275862069,58.0,15,41
SKG_MT_1445,2019,0.0630924105644226,0.5833333333333334,84.0,3,36
SKG_DIA_150,2019,0.0195711851119995,0.7387387387387387,111.0,63,50
SKG_DIA_149,2019,0.0623726844787597,0.6666666666666666,135.0,29,48
SKG_DIA_147,2019,0.0669893026351928,0.6694915254237288,236.0,10,43
SKG_DIA_168,2019,0.0590715408325195,0.6619718309859155,142.0,29,54
SKG_DIA_178,2019,0.0779579877853393,0.7556818181818182,176.0,23,27
SKG_SA_279,2019,0.0528488159179687,0.8378378378378378,37.0,1,9
SKG_SA_272,2019,0.0638705492019653,0.6610169491525424,59.0,320,76
SKG_SA_271,2019,0.0772875547409057,0.5985915492957746,142.0,57,12
SKG_SA_267,2019,0.0623939633369445,0.7445255474452555,137.0,52,28
SKG_DIA_203,2019,0.0186635255813598,0.6976744186046512,129.0,21,51
SKG_DIA_202,2019,0.0534661412239074,0.6956521739130435,46.0,60,29
SKG_PAR_25,2019,0.0554152727127075,0.7962962962962963,162.0,3,35
SKG_MT_1016,2019,0.048392117023468,0.7297297297297297,148.0,60,35
SKG_MT_1012,2019,0.0161787271499633,0.6341463414634146,82.0,22,50
SKG_MT_347,2019,0.0798031687736511,0.7586206896551724,29.0,29,17
SKG_MT_334,2019,0.0607852935791015,0.7065217391304348,92.0,59,25
SKG_MT_328,2019,0.0601401329040527,0.5980392156862745,102.0,1,13
SKG_MT_322,2019,0.0739754438400268,0.8333333333333334,72.0,25,21
SKG_MT_556,2019,0.0582712292671203,0.5795454545454546,176.0,2,46
SKG_MT_552,2019,0.0185163617134094,0.6433566433566433,143.0,0,19
SKG_SA_159,2019,0.0631834864616394,0.6571428571428571,70.0,6,25
SKG_MT_522,2019,0.070690631866455,0.7659574468085106,47.0,58,43
SKG_MT_783,2019,0.0565055012702941,0.875,8.0,32,14
SKG_MT_539,2019,0.0508533716201782,0.7555555555555555,45.0,315,30
SKG_DIA_247,2019,0.0801517367362976,0.6363636363636364,110.0,6,0
SKG_DIA_234,2019,0.059573471546173,0.7328767123287672,146.0,29,35
SKG_SA_218,2019,0.057709515094757,0.6586826347305389,167.0,15,32
SKG_DIA_200,2019,0.0731607675552368,0.9047619047619048,21.0,8,10
SKG_DIA_196,2019,0.0881425142288208,0.627906976744186,172.0,48,25
SKG_DIA_193,2019,0.0600919723510742,0.71875,192.0,57,37
SKG_DIA_227,2019,0.0570763349533081,0.7692307692307693,182.0,49,29
SKG_DIA_225,2019,0.0549929738044738,0.7422680412371134,97.0,76,25
SKG_SA_236,2019,0.071673572063446,0.782608695652174,46.0,88,29
SKG_MT_792,2019,0.0541183352470397,0.6692913385826772,127.0,32,23
SKG_SA_297,2019,0.0516837239265441,0.6621621621621622,148.0,221,47
SKG_SA_294,2019,0.0843002200126648,0.7553956834532374,139.0,81,29
SKG_SA_139,2019,0.071424126625061,0.675,80.0,111,40
SKG_SA_101,2019,0.0538838505744934,0.5486725663716814,113.0,39,34
SKG_SA_92,2019,0.0562531352043151,0.6944444444444444,108.0,20,42
SKG_MT_519,2019,0.0164558291435241,0.7647058823529411,102.0,295,48
SKG_MT_846,2019,0.0558422207832336,0.8289473684210527,76.0,5,20
SKG_MT_843,2019,0.0565258264541626,0.7473684210526316,190.0,7,30
SKG_MT_837,2019,0.0561046600341796,0.7751937984496124,129.0,3,0
SKG_MT_830,2019,0.0577243566513061,0.75,176.0,2,0
SKG_MT_511,2019,0.0769484639167785,0.824,125.0,124,31
SKG_DIA_268,2019,0.0616901516914367,0.745945945945946,185.0,81,36
SKG_DIA_266,2019,0.0670863986015319,0.7333333333333333,135.0,412,57
SKG_SA_216,2019,0.0483816266059875,0.5833333333333334,36.0,33,24
SKG_SA_208,2019,0.0486595034599304,0.6871794871794872,195.0,18,33
SKG_SA_200,2019,0.0684782266616821,0.7045454545454546,132.0,291,22
SKG_SA_134,2019,0.0694921612739563,0.5974025974025974,154.0,3,37
SKG_SA_189,2019,0.0607755780220031,0.8571428571428571,28.0,142,38
SKG_MT_852,2019,0.0596479177474975,0.7730496453900709,141.0,22,34
SKG_SA_0,2019,0.0640652775764465,0.7864077669902912,103.0,36,29
SKG_SA_49,2019,0.0686767697334289,0.6855895196506551,229.0,91,39
SKG_SA_39,2019,0.0693370103836059,0.7333333333333333,180.0,38,32
SKG_DIA_276,2019,0.0726920366287231,0.718562874251497,167.0,99,31
SKG_DIA_271,2019,0.021376609802246,0.7045454545454546,132.0,12,25
SKG_DIA_284,2019,0.0646112561225891,0.7543859649122807,228.0,146,54
SKG_DIA_282,2019,0.0557588338851928,0.6976744186046512,86.0,23,36
SKG_DIA_279,2019,0.0629165768623352,0.7559808612440191,209.0,9,50
SKG_DIA_277,2019,0.0654102563858032,0.7959183673469388,49.0,33,20
SKG_MT_506,2019,0.0495908856391906,0.6428571428571429,84.0,0,14
SKG_PAR_77,2019,0.0589062571525573,0.6585365853658537,82.0,8,40
SKG_DIA_261,2019,0.0632680654525756,0.6971153846153846,208.0,53,0
SKG_DIA_257,2019,0.059134304523468,0.6764705882352942,68.0,33,22
SKG_SA_147,2019,0.0670387148857116,0.7621621621621621,185.0,8,47
SKG_SA_141,2019,0.0566923022270202,0.6847826086956522,92.0,65,21
SKG_DIA_318,2019,0.0605560541152954,0.8333333333333334,96.0,17,27
SKG_DIA_313,2019,0.0757387280464172,0.8709677419354839,31.0,12,33
SKG_DIA_308,2019,0.0547698140144348,0.8020833333333334,192.0,57,60
SKG_DIA_304,2019,0.0592337846755981,0.7333333333333333,180.0,0,38
SKG_MT_987,2019,0.0664230585098266,0.7619047619047619,42.0,22,33
SKG_MT_367,2019,0.0530939102172851,0.6111111111111112,72.0,6,21
SKG_MT_366,2019,0.0605446100234985,0.7041420118343196,169.0,0,23
SKG_MT_353,2019,0.0190865397453308,0.5,16.0,35,31
SKG_MT_1031,2019,0.0315461158752441,0.5944055944055944,143.0,305,34
SKG_MT_1028,2019,0.0517188310623168,0.7616822429906542,214.0,63,37
SKG_MT_1022,2019,0.0580849647521972,0.6272189349112426,169.0,28,33
SKG_MT_501,2019,0.0588836669921875,0.7134146341463414,164.0,82,58
SKG_MT_871,2019,0.0653465390205383,0.6311475409836066,122.0,0,11
SKG_MT_864,2019,0.0486426353454589,0.7403846153846154,208.0,35,28
SKG_MT_857,2019,0.050529658794403,0.7183098591549296,142.0,7,0
SKG_MT_856,2019,0.077322781085968,0.7246376811594203,69.0,64,27
SKG_QA_466,2019,0.0566455721855163,0.7641921397379913,229.0,14,47
SKG_MT_485,2019,0.061994731426239,0.6075949367088608,158.0,33,36
SKG_MT_482,2019,0.0422833561897277,0.6274509803921569,102.0,15,18
SKG_MT_470,2019,0.0604019165039062,0.7317073170731707,123.0,2,14
SKG_MT_902,2019,0.0168139338493347,0.6870229007633588,131.0,403,45
SKG_MT_896,2019,0.0667487978935241,0.6428571428571429,126.0,31,14
SKG_MT_883,2019,0.0631718635559082,0.7477477477477478,111.0,17,30
SKG_MT_876,2019,0.056532859802246,0.743801652892562,242.0,58,41
SKG_MT_875,2019,0.049356460571289,0.7161290322580646,155.0,9,2
SKG_QA_489,2019,0.0238609313964843,0.8579234972677595,183.0,43,32
SKG_SA_15,2019,0.0179055929183959,0.3935018050541516,277.0,49,30
SKG_SA_11,2019,0.0684782266616821,0.2914798206278027,223.0,291,22
SKG_PAR_101,2019,0.0546838641166687,0.6881720430107527,93.0,16,40
SKG_SA_38,2019,0.052199363708496,0.8008849557522124,226.0,102,61
SKG_SA_35,2019,0.0893278121948242,0.6923076923076923,52.0,0,17
SKG_SA_27,2019,0.067345917224884,0.6550218340611353,229.0,78,32
SKG_QA_371,2019,0.0684860944747924,0.6333333333333333,30.0,24,12
SKG_QA_370,2019,0.0800443887710571,0.7065217391304348,92.0,1,62
SKG_QA_403,2019,0.0666600465774536,0.6730769230769231,104.0,3,21
SKG_QA_457,2019,0.0552887916564941,0.6736842105263158,95.0,90,43
SKG_QA_454,2019,0.0922517776489257,0.6551724137931034,116.0,12,44
SKG_QA_452,2019,0.0612695813179016,0.5955056179775281,89.0,17,25
SKG_QA_449,2019,0.0611587762832641,0.7261146496815286,157.0,232,29
SKG_QA_447,2019,0.0976597666740417,0.7796610169491526,118.0,18,46
SKG_QA_387,2019,0.0562201738357543,0.7903225806451613,62.0,24,24
SKG_QA_386,2019,0.0633826255798339,0.5604395604395604,91.0,23,23
SKG_QA_440,2019,0.0807379484176635,0.7674418604651163,43.0,5,18
SKG_QA_484,2019,0.0804916620254516,0.8333333333333334,6.0,11,32
SKG_QA_482,2019,0.0627493858337402,0.7655172413793103,145.0,14,27
SKG_QA_481,2019,0.0491711497306823,0.7652173913043478,115.0,60,33
SKG_QA_475,2019,0.0560019612312316,0.0,94.0,136,67
SKG_QA_473,2019,0.0575520396232605,0.6428571428571429,196.0,7,25
SKG_MT_444,2019,0.079353928565979,0.5862068965517241,174.0,26,39
SKG_MT_921,2019,0.0641597509384155,0.7349397590361446,83.0,25,31
SKG_MT_918,2019,0.0544669032096862,0.7475728155339806,103.0,0,18
SKG_MT_904,2019,0.0717388391494751,0.6708074534161491,161.0,108,43
SKG_QA_306,2019,0.0526881217956543,0.779874213836478,159.0,46,19
SKG_QA_299,2019,0.0597182512283325,0.7727272727272727,154.0,10,35
SKG_QA_333,2019,0.0624243021011352,0.7301587301587301,63.0,67,30
SKG_QA_362,2019,0.0603439211845397,0.762589928057554,139.0,29,22
SKG_QA_361,2019,0.0644711256027221,0.7752808988764045,178.0,30,54
SKG_QA_359,2019,0.0529039502143859,0.7172413793103448,145.0,49,43
SKG_MT_1011,2019,0.0471043586730957,0.6891891891891891,148.0,55,34
SKG_MT_998,2019,0.0606171488761901,0.7843137254901961,102.0,37,21
SKG_MT_992,2019,0.0646902918815612,0.7954545454545454,88.0,37,38
SKG_QA_401,2019,0.0832490921020507,0.7807017543859649,114.0,15,70
SKG_QA_397,2019,0.0739724040031433,0.7916666666666666,144.0,23,56
SKG_QA_396,2019,0.0765495300292968,0.7070707070707071,99.0,33,43
SKG_QA_262,2019,0.0708208084106445,0.7567567567567568,148.0,109,67
SKG_QA_260,2019,0.0567923784255981,0.7164179104477612,67.0,24,31
SKG_QA_259,2019,0.0474466085433959,0.6951219512195121,82.0,71,30
SKG_QA_257,2019,0.0164445638656616,0.6994535519125683,183.0,30,32
SKG_QA_252,2019,0.0567603111267089,0.6536312849162011,179.0,45,53
SKG_QA_314,2019,0.0535930395126342,0.7263157894736842,95.0,9,15
SKG_QA_311,2019,0.063742458820343,0.7380952380952381,84.0,41,35
SKG_QA_310,2019,0.0704126358032226,0.5945945945945946,148.0,7,25
SKG_QA_284,2019,0.0743005871772766,0.7126436781609196,87.0,115,37
SKG_QA_275,2019,0.0581036806106567,0.7310924369747899,119.0,46,19
SKG_QA_330,2019,0.066769003868103,0.625,96.0,10,26
SKG_QA_329,2019,0.0768907666206359,0.7024793388429752,121.0,4,23
SKG_QA_365,2019,0.0730316042900085,0.6911764705882353,68.0,6,16
SKG_QA_319,2019,0.0511927604675293,0.6756756756756757,111.0,4,24
SKG_PAR_174,2019,0.1892427206039428,0.6428571428571429,42.0,17,26
SKG_MT_454,2019,0.0516619682312011,0.7511961722488039,209.0,42,35
SKG_QA_206,2019,0.0849061012268066,0.6711711711711712,222.0,43,40
SKG_QA_204,2019,0.0629624128341674,0.75,112.0,41,32
SKG_QA_194,2019,0.0205191373825073,0.676056338028169,71.0,36,32
SKG_MT_424,2019,0.0567082166671752,0.7605633802816901,142.0,50,30
SKG_MT_419,2019,0.0545681118965148,0.7734806629834254,181.0,5,26
SKG_MT_953,2019,0.0735214352607727,0.76,225.0,8,0
SKG_MT_951,2019,0.0692521333694458,0.7357142857142858,140.0,21,30
SKG_QA_221,2019,0.0710490942001342,0.8888888888888888,9.0,71,34
SKG_QA_292,2019,0.0205087661743164,0.0,182.0,38,67
SKG_QA_291,2019,0.0554558634757995,0.82,50.0,156,25
SKG_QA_249,2019,0.0571114420890808,0.7867647058823529,136.0,38,30
SKG_QA_231,2019,0.0599523782730102,0.7418181818181818,275.0,23,49
SKG_QA_267,2019,0.060175597667694,0.6966292134831461,89.0,186,31
SKG_MT_439,2019,0.0765575170516967,0.7653061224489796,196.0,3,32
SKG_QA_265,2019,0.0625759363174438,0.7333333333333333,45.0,129,24
SKG_QA_263,2019,0.0591711997985839,0.6373626373626373,91.0,3,49
SKG_MT_970,2019,0.0182550549507141,0.6224489795918368,98.0,7,28
SKG_QA_51,2019,0.0169188380241394,0.7420634920634921,252.0,87,20
SKG_QA_50,2019,0.0659073591232299,0.6161616161616161,99.0,7,24
SKG_QA_82,2019,0.0792931318283081,0.8198198198198198,111.0,5,24
SKG_QA_123,2019,0.0630449056625366,0.8021978021978022,91.0,105,34
SKG_QA_115,2019,0.0544074773788452,0.6615384615384615,130.0,26,38
SKG_QA_109,2019,0.0598090291023254,0.7407407407407407,81.0,48,23
SKG_QA_187,2019,0.0647743940353393,0.7654320987654321,81.0,17,23
SKG_QA_186,2019,0.061771273612976,0.6,60.0,29,28
SKG_QA_160,2019,0.0693791508674621,0.5826771653543307,127.0,20,0
SKG_QA_153,2019,0.0570477247238159,0.740506329113924,158.0,94,43
SKG_QA_147,2019,0.0731205940246582,0.7475728155339806,206.0,91,45
SKG_QA_139,2019,0.0205972790718078,0.6910569105691057,123.0,18,36
SKG_QA_138,2019,0.0601546168327331,0.7769230769230769,130.0,510,26
SKG_QA_218,2019,0.077400803565979,0.5659340659340659,182.0,53,31
SKG_QA_209,2019,0.0554736256599426,0.7416666666666667,120.0,8,20
SKG_QA_68,2019,0.0177488327026367,0.7,30.0,100,37
SKG_QA_55,2019,0.0196908116340637,0.684931506849315,146.0,126,47
SKG_QA_30,2019,0.0172516703605651,0.7735849056603774,53.0,30,48
SKG_QA_29,2019,0.0694277882575988,0.7079646017699115,226.0,116,65
SKG_QA_27,2019,0.0740839838981628,0.6060606060606061,132.0,19,27
SKG_QA_102,2019,0.0530487895011901,0.7954545454545454,88.0,73,60
SKG_QA_100,2019,0.0674903988838195,0.7584745762711864,236.0,38,23
SKG_QA_99,2019,0.0581535100936889,0.7735849056603774,159.0,137,43
SKG_QA_98,2019,0.0904091000556945,0.8085106382978723,47.0,25,27
SKG_QA_90,2019,0.0604980587959289,0.8176795580110497,181.0,2,40
SKG_QA_89,2019,0.0586616396903991,0.7443946188340808,223.0,60,39
SKG_QA_86,2019,0.0627025365829467,0.7289719626168224,107.0,40,28
SKG_MT_935,2019,0.0606490969657897,0.6551724137931034,58.0,6,12
SKG_MT_933,2019,0.0617023706436157,0.6290322580645161,62.0,56,27
SKG_MT_414,2019,0.0632281303405761,0.6785714285714286,84.0,24,0
SKG_MT_411,2019,0.0639931559562683,0.7571428571428571,70.0,12,9
SKG_MT_261,2019,0.0499109029769897,0.7272727272727273,154.0,31,70
SKG_MT_253,2019,0.0673220753669738,0.803921568627451,51.0,21,20
SKG_MT_251,2019,0.0562328100204467,0.6206896551724138,87.0,53,58
SKG_MT_249,2019,0.0586708188056945,0.7303370786516854,89.0,13,35
SKG_MT_248,2019,0.0663989782333374,0.6568627450980392,102.0,6,32
SKG_MT_1139,2019,0.0206024050712585,0.6068965517241379,145.0,122,52
SKG_MT_655,2019,0.052503228187561,0.6463414634146342,82.0,17,35
SKG_MT_654,2019,0.021131694316864,0.7435897435897436,78.0,61,22
SKG_MT_649,2019,0.0530723333358764,0.7546296296296297,216.0,109,45
SKG_MT_640,2019,0.017471969127655,0.6466165413533834,133.0,43,40
SKG_MT_626,2019,0.0531835556030273,0.7205882352941176,68.0,28,39
SKG_MT_621,2019,0.0589027404785156,0.6160714285714286,112.0,16,42
SKG_MT_618,2019,0.0708195567131042,0.6047904191616766,167.0,49,38
SKG_MT_616,2019,0.0644347071647644,0.6883720930232559,215.0,43,29
SKG_SUM_91,2019,0.0563045740127563,0.6722689075630253,119.0,28,22
SKG_SUM_89,2019,0.056383728981018,0.73,100.0,36,36
SKG_MT_683,2019,0.0592287182807922,0.6363636363636364,22.0,56,40
SKG_MT_687,2019,0.0622892379760742,0.7545454545454545,220.0,65,28
SKG_MT_690,2019,0.0593665242195129,0.5405405405405406,74.0,4,14
SKG_SUM_220,2019,0.0535111427307128,0.6,50.0,9,37
SKG_SUM_199,2020,0.0685945749282836,0.7401129943502824,177.0,3,61
SKG_SUM_189,2020,0.0503884553909301,0.7236842105263158,76.0,72,51
SKG_MT_536,2020,0.0524560809135437,0.7758620689655172,58.0,3,13
SKG_MT_811,2020,0.0530888438224792,0.6626506024096386,83.0,67,46
SKG_MT_814,2020,0.0544598698616027,0.8027210884353742,147.0,33,27
SKG_MT_826,2020,0.0579088330268859,0.7087378640776699,103.0,3,26
SKG_MT_782,2020,0.0579813122749328,0.6237623762376238,101.0,6,14
SKG_MT_784,2020,0.0737412571907043,0.7747747747747747,111.0,11,27
SKG_MT_525,2020,0.0459182858467102,0.7403508771929824,285.0,42,63
SKG_MT_526,2020,0.0751344561576843,0.7037037037037037,27.0,0,13
SKG_DIA_248,2020,0.0577656030654907,0.0,48.0,24,26
SKG_DIA_254,2020,0.0732301473617553,0.7659574468085106,94.0,19,32
SKG_SA_156,2020,0.0538199543952941,0.6868686868686869,99.0,15,31
SKG_SA_124,2020,0.0515305399894714,0.7092198581560284,141.0,129,54
SKG_SA_133,2020,0.0575163960456848,0.808641975308642,162.0,19,59
SKG_SA_205,2020,0.0505830645561218,0.7384615384615385,130.0,257,40
SKG_MT_1142,2020,0.0610477328300476,0.6206896551724138,29.0,2,15
SKG_MT_1143,2020,0.0529715418815612,0.7089552238805971,134.0,23,43
SKG_MT_250,2020,0.0832811594009399,0.6436781609195402,87.0,119,40
SKG_MT_255,2020,0.0645044445991516,0.8103448275862069,58.0,19,22
SKG_MT_264,2020,0.0554366111755371,0.6595744680851063,188.0,41,35
SKG_MT_1146,2020,0.0560815930366516,0.6341463414634146,123.0,9,17
SKG_SUM_140,2020,0.0570380091667175,0.0,217.0,10,81
SKG_SUM_157,2020,0.0605298280715942,0.7904761904761904,210.0,1,24
SKG_SUM_150,2020,0.0650846362113952,0.7692307692307693,78.0,19,36
SKG_SUM_118,2020,0.0541797876358032,0.75,68.0,18,28
SKG_SUM_119,2020,0.0579338073730468,0.7946428571428571,112.0,7,58
SKG_SUM_121,2020,0.0603508949279785,0.8131868131868132,91.0,47,36
SKG_QA_41,2020,0.0575988888740539,0.6612903225806451,124.0,21,37
SKG_SUM_215,2020,0.0608469247817993,0.7294117647058823,85.0,7,31
SKG_SUM_209,2020,0.0563515424728393,0.6057142857142858,175.0,42,55
SKG_MT_689,2020,0.0560684204101562,0.7066666666666667,75.0,22,15
SKG_SUM_104,2020,0.0597609281539917,0.5915492957746479,71.0,6,25
SKG_SUM_105,2020,0.0512547492980957,0.7103448275862069,145.0,7,37
SKG_SUM_106,2020,0.0579897761344909,0.7023809523809523,84.0,121,21
SKG_SUM_75,2020,0.0596224069595336,0.8488888888888889,225.0,1,51
SKG_SUM_84,2020,0.0707038640975952,0.7293233082706767,133.0,85,1
SKG_SUM_66,2020,0.0543742179870605,0.6380597014925373,268.0,116,68
SKG_SUM_70,2020,0.0609546899795532,0.0,88.0,63,26
SKG_QA_69,2020,0.0516849756240844,0.6785714285714286,84.0,9,26
SKG_MT_1149,2020,0.0662654042243957,0.7,20.0,7,16
SKG_MT_1164,2020,0.0483400225639343,0.6864406779661016,118.0,37,34
SKG_MT_226,2020,0.0488097071647644,0.5644444444444444,225.0,27,50
SKG_MT_231,2020,0.0478102564811706,0.652542372881356,118.0,73,37
SKG_MT_244,2020,0.057616114616394,0.6621621621621622,148.0,0,30
SKG_MT_1126,2020,0.061174988746643,0.8131868131868132,91.0,18,29
SKG_MT_1128,2020,0.0648468136787414,0.7101449275362319,69.0,0,33
SKG_MT_1180,2020,0.046841025352478,0.6748466257668712,163.0,5,48
SKG_MT_1145,2020,0.0644749402999877,0.6190476190476191,105.0,66,36
SKG_MT_1094,2020,0.0531667470932006,0.75,76.0,5,21
SKG_MT_1104,2020,0.0548239946365356,0.7264957264957265,117.0,59,29
SKG_MT_269,2020,0.0568413734436035,0.59375,96.0,54,32
SKG_MT_291,2020,0.0653055906295776,0.6818181818181818,44.0,2,15
SKG_SUM_53,2020,0.0465236902236938,0.6666666666666666,93.0,16,24
SKG_QA_88,2020,0.0801649093627929,0.7283950617283951,81.0,7,52
SKG_QA_91,2020,0.0663682222366333,0.7627906976744186,215.0,42,64
SKG_QA_94,2020,0.0528768301010131,0.6990291262135923,103.0,2,34
SKG_QA_96,2020,0.0604464411735534,0.7202072538860104,193.0,14,29
SKG_QA_32,2020,0.0777183771133422,0.7476635514018691,107.0,18,20
SKG_QA_33,2020,0.0437836647033691,0.688212927756654,263.0,47,33
SKG_QA_59,2020,0.0531754493713378,0.7424242424242424,66.0,59,41
SKG_QA_61,2020,0.0541995763778686,0.6821192052980133,151.0,55,37
SKG_SUM_131,2020,0.0491263270378112,0.6344827586206897,145.0,13,33
SKG_SUM_99,2020,0.0695512890815734,0.7664670658682635,167.0,3,53
SKG_MT_1178,2020,0.0662838816642761,0.68,75.0,16,24
SKG_MT_1240,2020,0.0378694534301757,0.7368421052631579,76.0,142,58
SKG_MT_1243,2020,0.0476600527763366,0.703862660944206,233.0,19,56
SKG_MT_152,2020,0.0617209672927856,0.7086092715231788,151.0,21,55
SKG_SUM_16,2020,0.0553880929946899,0.4330985915492957,284.0,26,45
SKG_SUM_19,2020,0.0523899793624877,0.7266187050359713,278.0,151,53
SKG_SUM_55,2020,0.0600944757461547,0.85,60.0,86,57
SKG_SUM_56,2020,0.065513789653778,0.7202797202797203,143.0,15,55
SKG_DIA_7,2020,0.0542206764221191,0.7692307692307693,52.0,5,36
SKG_DIA_10,2020,0.0568596124649047,0.0,133.0,121,48
SKG_SUM_3,2020,0.0495221018791198,0.1226993865030674,163.0,358,34
SKG_SUM_26,2020,0.0609546899795532,0.6785714285714286,140.0,63,26
SKG_SUM_28,2020,0.0554310083389282,0.6605504587155964,218.0,273,53
NOVEL_QA_38,2020,0.0575658679008483,0.0,0.0,25,54
SKG_MT_207,2020,0.0633854866027832,0.6363636363636364,44.0,1,26
SKG_MT_208,2020,0.0612974166870117,0.6356589147286822,129.0,21,29
SKG_QA_132,2020,0.0658646821975708,0.6397058823529411,136.0,8,23
SKG_QA_135,2020,0.0638782382011413,0.8048780487804879,164.0,60,38
SKG_QA_103,2020,0.0636838674545288,0.7926829268292683,82.0,202,52
SKG_QA_52,2020,0.0692688226699829,0.8545454545454545,55.0,6,31
SKG_MT_965,2020,0.0478981733322143,0.64,175.0,18,35
SKG_MT_967,2020,0.0486272573471069,0.6666666666666666,117.0,5,34
SKG_MT_974,2020,0.0524302721023559,0.6901408450704225,71.0,1,26
SKG_MT_978,2020,0.0498193502426147,0.7741935483870968,62.0,3,12
SKG_MT_407,2020,0.0412889719009399,0.7482993197278912,147.0,19,28
SKG_MT_937,2020,0.0565029978752136,0.5804597701149425,174.0,4,24
SKG_MT_943,2020,0.0532184839248657,0.7070707070707071,99.0,2,14
SKG_MT_173,2020,0.055897831916809,0.1666666666666666,288.0,1222,32
SKG_MT_177,2020,0.061213195323944,0.6481481481481481,54.0,3,24
SKG_MT_186,2020,0.0617100596427917,0.6942148760330579,121.0,1,26
SKG_MT_190,2020,0.0688726305961608,0.7727272727272727,88.0,5,28
SKG_MT_12,2020,0.037868857383728,0.6632653061224489,196.0,46,41
SKG_SUM_13,2020,0.0495221018791198,0.6740088105726872,227.0,358,34
SKG_SUM_14,2020,0.0837081670761108,0.7644230769230769,208.0,108,43
SKG_DIA_2,2020,0.0640551447868347,0.7757009345794392,214.0,84,34
SKG_DIA_3,2020,0.0516064763069152,0.7507082152974505,353.0,33,61
SKG_QA_142,2020,0.0527494549751281,0.5860215053763441,186.0,9,48
SKG_QA_144,2020,0.0659785270690918,0.7176470588235294,170.0,134,58
SKG_QA_154,2020,0.0624252557754516,0.664179104477612,134.0,78,47
SKG_QA_181,2020,0.0582525134086608,0.6576576576576577,111.0,49,52
SKG_QA_184,2020,0.0701509714126586,0.7631578947368421,114.0,13,57
SKG_QA_190,2020,0.0471209287643432,0.7954545454545454,44.0,21,48
SKG_QA_191,2020,0.0707039833068847,0.0,133.0,85,1
SKG_QA_163,2020,0.0599667429924011,0.7555555555555555,45.0,32,14
SKG_QA_105,2020,0.0437356233596801,0.6268656716417911,67.0,2,14
SKG_QA_114,2020,0.0638203620910644,0.8333333333333334,30.0,473,41
SKG_QA_120,2020,0.0677284002304077,0.6791044776119403,134.0,17,37
SKG_QA_129,2020,0.0580182075500488,0.8,55.0,117,40
SKG_MT_140,2020,0.0513479113578796,0.5319148936170213,329.0,18,33
SKG_MT_145,2020,0.0619987249374389,0.7043010752688172,186.0,2,28
SKG_MT_1251,2020,0.0565143823623657,0.7692307692307693,26.0,4,12
SKG_MT_1258,2020,0.056055724620819,0.625,120.0,32,36
SKG_MT_1259,2020,0.0469304919242858,0.7264150943396226,106.0,2,24
SKG_DIA_13,2020,0.0710452198982238,0.0,87.0,5,16
SKG_DIA_14,2020,0.0760299563407898,0.8181818181818182,22.0,12,22
SKG_DIA_16,2020,0.0586341619491577,0.7539267015706806,191.0,17,33
SKG_DIA_17,2020,0.0745165944099426,0.7350427350427351,117.0,18,64
SKG_SA_620,2020,0.0773611068725586,0.7065637065637066,259.0,3,24
SKG_QA_214,2020,0.0538827180862426,0.702247191011236,178.0,18,33
SKG_QA_217,2020,0.0579492449760437,0.7272727272727273,198.0,170,41
SKG_PAR_211,2020,0.0528453588485717,0.6466666666666666,150.0,57,55
SKG_PAR_213,2020,0.047402024269104,0.8805970149253731,67.0,40,39
SKG_SUM_9,2020,0.0662355422973632,0.737037037037037,270.0,7,28
SKG_SUM_10,2020,0.0568596124649047,0.7540106951871658,187.0,121,48
SKG_MT_1262,2020,0.0650135278701782,0.8241758241758241,91.0,32,57
SKG_MT_1269,2020,0.0705951452255249,0.5384615384615384,65.0,8,53
SKG_MT_1272,2020,0.061987280845642,0.7560975609756098,41.0,2,31
SKG_MT_1274,2020,0.068018615245819,0.7352941176470589,102.0,53,41
SKG_MT_948,2020,0.0523988604545593,0.7083333333333334,144.0,3,30
SKG_MT_949,2020,0.0524298548698425,0.7112676056338029,142.0,73,51
SKG_MT_418,2020,0.0565142631530761,0.7941176470588235,34.0,4,12
SKG_MT_420,2020,0.0500586628913879,0.5882352941176471,68.0,1,13
SKG_MT_430,2020,0.0549141764640808,0.7692307692307693,91.0,12,18
SKG_MT_434,2020,0.0657120943069458,0.7142857142857143,105.0,0,16
SKG_MT_436,2020,0.0409721136093139,0.6808510638297872,141.0,21,20
NOVEL_MT_95,2020,0.0457595586776733,0.0,0.0,3,46
SKG_MT_161,2020,0.0614001154899597,0.7627118644067796,177.0,78,33
SKG_MT_163,2020,0.0776138305664062,0.7424242424242424,66.0,2,37
SKG_MT_1200,2020,0.0670883059501648,0.6870229007633588,131.0,13,56
SKG_MT_1212,2020,0.0507348775863647,0.6534653465346535,101.0,7,37
SKG_QA_222,2020,0.0492976903915405,0.7543859649122807,114.0,30,32
SKG_QA_171,2020,0.0677925944328308,0.6111111111111112,36.0,2,22
SKG_QA_174,2020,0.0564886331558227,0.7222222222222222,72.0,2,16
SKG_QA_178,2020,0.0674108266830444,0.6666666666666666,93.0,307,54
SKG_DIA_18,2020,0.0578936338424682,0.7320261437908496,153.0,141,44
SKG_DIA_22,2020,0.066815972328186,0.7733990147783252,203.0,18,45
SKG_MT_730,2020,0.0581312179565429,0.6018518518518519,108.0,3,12
SKG_MT_594,2020,0.0566484332084655,0.691699604743083,253.0,82,42
SKG_MT_693,2020,0.0575181245803833,0.6730769230769231,52.0,24,41
SKG_SA_548,2020,0.0565465688705444,0.7828947368421053,152.0,8,63
SKG_SA_538,2020,0.053844153881073,0.6614583333333334,192.0,137,55
SKG_SA_546,2020,0.0464996099472045,0.7538461538461538,65.0,0,19
SKG_SA_586,2020,0.0503648519515991,0.6717557251908397,131.0,259,57
SKG_SA_591,2020,0.0652875900268554,0.8571428571428571,28.0,67,36
SKG_DIA_11,2020,0.0527154207229614,0.6583333333333333,120.0,11,25
SKG_DIA_12,2020,0.0542058944702148,0.608,125.0,8,42
SKG_DIA_47,2020,0.0747004747390747,0.7272727272727273,22.0,6,35
SKG_DIA_49,2020,0.0510738492012023,0.8135593220338984,59.0,9,24
SKG_SA_498,2020,0.0473881959915161,0.6125,160.0,1,39
SKG_DIA_29,2020,0.0578136444091796,0.7666666666666667,90.0,44,44
SKG_MT_129,2020,0.0611882209777832,0.5818181818181818,55.0,2,7
NOVEL_MT_163,2020,0.054892361164093,0.0,0.0,2,28
SKG_MT_438,2020,0.0547402501106262,0.7076923076923077,65.0,41,22
SKG_QA_226,2020,0.0569024085998535,0.6666666666666666,69.0,24,68
SKG_QA_228,2020,0.0686336755752563,0.6692307692307692,130.0,26,48
SKG_QA_232,2020,0.0665909051895141,0.6714285714285714,70.0,156,35
SKG_QA_237,2020,0.0687448382377624,0.7945736434108527,258.0,36,67
SKG_QA_239,2020,0.0549287796020507,0.7482517482517482,143.0,6,60
SKG_QA_244,2020,0.0577694773674011,0.7805907172995781,237.0,16,38
SKG_QA_195,2020,0.0535539388656616,0.6779661016949152,177.0,39,52
SKG_QA_290,2020,0.0611695051193237,0.6326530612244898,98.0,62,34
SKG_QA_293,2020,0.0574680566787719,0.7050359712230215,139.0,13,27
SKG_QA_313,2020,0.0531886219978332,0.7379310344827587,145.0,42,28
SKG_QA_317,2020,0.0579853057861328,0.6934673366834171,199.0,20,24
SKG_QA_297,2020,0.0512035489082336,0.7162629757785467,289.0,60,47
SKG_QA_250,2020,0.0640736818313598,0.6607142857142857,56.0,9,45
SKG_QA_264,2020,0.047625720500946,0.7654320987654321,81.0,52,36
SKG_MT_1238,2020,0.0524543523788452,0.5604395604395604,182.0,1,39
SKG_MT_114,2020,0.0575391054153442,0.7380952380952381,42.0,0,24
SKG_MT_115,2020,0.0447869300842285,0.6916666666666667,120.0,1,14
SKG_MT_118,2020,0.0604766607284545,0.7844827586206896,232.0,56,38
SKG_MT_1289,2020,0.0513015985488891,0.6544117647058824,136.0,29,46
SKG_MT_718,2020,0.056678295135498,0.7586206896551724,29.0,12,29
SKG_DIA_35,2020,0.06846684217453,0.5487804878048781,164.0,3,29
SKG_DIA_39,2020,0.0664264559745788,0.66,200.0,57,56
SKG_DIA_41,2020,0.0527986288070678,0.7575757575757576,99.0,32,38
SKG_DIA_42,2020,0.0591479539871215,0.855072463768116,69.0,41,21
SKG_DIA_45,2020,0.0495731234550476,0.7078651685393258,178.0,58,40
SKG_MT_579,2020,0.0700594186782836,0.7391304347826086,115.0,13,52
SKG_MT_746,2020,0.0554592013359069,0.6538461538461539,52.0,20,31
SKG_MT_749,2020,0.0638035535812377,0.6712328767123288,73.0,2,11
SKG_MT_714,2020,0.0513156652450561,0.7346938775510204,49.0,34,55
SKG_MT_1076,2020,0.0306453704833984,0.0,16.0,5,20
SKG_QA_318,2020,0.0510940551757812,0.7011494252873564,174.0,11,51
SKG_QA_363,2020,0.0587314367294311,0.7792207792207793,77.0,2,25
SKG_QA_323,2020,0.0591275095939636,0.6428571428571429,112.0,38,25
SKG_QA_325,2020,0.0570380091667175,0.6728110599078341,217.0,10,81
SKG_QA_326,2020,0.0613182187080383,0.9333333333333332,15.0,2,47
SKG_QA_331,2020,0.0549575686454772,0.8541666666666666,144.0,153,54
SKG_QA_279,2020,0.0564491152763366,0.7975460122699386,163.0,4,41
SKG_QA_280,2020,0.0552879571914672,0.7482993197278912,147.0,12,43
SKG_QA_281,2020,0.0709179639816284,0.6610169491525424,59.0,9,21
SKG_QA_287,2020,0.0808453559875488,0.8611111111111112,72.0,5,36
SKG_QA_307,2020,0.0580097436904907,0.7674418604651163,86.0,4,25
SKG_SA_519,2020,0.0717188119888305,0.6951871657754011,187.0,44,43
SKG_DIA_53,2020,0.0555818676948547,0.6462585034013606,147.0,152,29
SKG_MT_442,2020,0.0499011874198913,0.3061224489795918,49.0,8,34
SKG_MT_450,2020,0.0684622526168823,0.7027027027027027,111.0,28,39
SKG_MT_455,2020,0.0471820831298828,0.5454545454545454,44.0,4,21
SKG_MT_132,2020,0.0672501325607299,0.7211538461538461,104.0,3,28
SKG_MT_1323,2020,0.0860869288444519,0.7080103359173127,387.0,6,132
SKG_MT_1331,2020,0.0525559186935424,0.580110497237569,181.0,18,33
SKG_MT_99,2020,0.0579863786697387,0.8125,32.0,15,36
SKG_MT_105,2020,0.0619224309921264,0.6229508196721312,122.0,29,35
SKG_MT_112,2020,0.0527416467666626,0.5333333333333333,150.0,72,36
SKG_DIA_60,2020,0.0640797615051269,0.7752808988764045,178.0,20,32
SKG_DIA_61,2020,0.0539453625679016,0.6583850931677019,161.0,30,40
SKG_DIA_65,2020,0.0585575103759765,0.7475728155339806,103.0,21,27
SKG_DIA_69,2020,0.0493333935737609,0.4868421052631579,76.0,22,21
SKG_DIA_70,2020,0.058155357837677,0.6847826086956522,276.0,2,38
SKG_QA_301,2020,0.0832670927047729,0.8137931034482758,145.0,79,94
SKG_MT_908,2020,0.0570189356803894,0.7352941176470589,102.0,0,16
SKG_MT_1078,2020,0.0433498620986938,0.6666666666666666,105.0,7,23
SKG_MT_302,2020,0.05729341506958,0.6557377049180327,61.0,2,21
SKG_MT_309,2020,0.0,0.6549295774647887,142.0,7,44
SKG_MT_310,2020,0.0873519778251648,0.7972972972972973,74.0,37,16
SKG_MT_318,2020,0.061497688293457,0.6216216216216216,74.0,8,20
SKG_MT_1040,2020,0.0475733876228332,0.7116279069767442,215.0,210,51
SKG_MT_1041,2020,0.0580334663391113,0.6078431372549019,153.0,1,39
SKG_MT_267,2020,0.051283061504364,0.6183908045977011,435.0,14,95
SKG_SA_467,2020,0.0672537088394165,0.7183908045977011,174.0,29,33
SKG_SA_470,2020,0.0642746090888977,0.7448979591836735,98.0,55,48
SKG_SA_478,2020,0.0631475448608398,0.6,100.0,127,9
SKG_DIA_75,2020,0.0555270910263061,0.7980769230769231,104.0,33,31
SKG_DIA_88,2020,0.0361636877059936,0.8446601941747572,103.0,67,32
SKG_SA_518,2020,0.0550082921981811,0.6933333333333334,75.0,4,12
SKG_MT_1008,2020,0.0531575083732605,0.7898550724637681,138.0,24,50
SKG_MT_383,2020,0.049567699432373,0.7452229299363057,157.0,61,51
SKG_MT_385,2020,0.0472944378852844,0.6666666666666666,78.0,9,23
SKG_MT_386,2020,0.0572503805160522,0.7096774193548387,124.0,59,22
SKG_MT_392,2020,0.0535677671432495,0.6620879120879121,364.0,17,45
SKG_MT_963,2020,0.0531861186027526,0.7468354430379747,79.0,1,26
SKG_MT_456,2020,0.0560170412063598,0.684931506849315,146.0,3,28
SKG_MT_464,2020,0.0524264574050903,0.6494252873563219,174.0,97,48
SKG_QA_374,2020,0.0577653646469116,0.6875,48.0,24,26
SKG_QA_383,2020,0.0556578636169433,0.7592592592592593,54.0,0,48
SKG_QA_346,2020,0.0587746500968933,0.6988636363636364,176.0,65,26
SKG_QA_351,2020,0.057508647441864,0.6703296703296703,91.0,40,35
SKG_QA_360,2020,0.0610395669937133,0.8076923076923077,52.0,32,64
SKG_QA_332,2020,0.0509689450263977,0.7027027027027027,148.0,2,31
SKG_QA_342,2020,0.0629685521125793,0.6623376623376623,77.0,1,19
SKG_QA_300,2020,0.0767095685005188,0.7365591397849462,186.0,99,49
SKG_QA_408,2020,0.0646837949752807,0.7238095238095238,105.0,6,24
SKG_QA_409,2020,0.0453301668167114,0.7130434782608696,115.0,70,13
SKG_QA_368,2020,0.0549362301826477,0.7803030303030303,132.0,15,34
SKG_QA_372,2020,0.0523599386215209,0.7571428571428571,210.0,6,44
SKG_QA_373,2020,0.0745471119880676,0.7727272727272727,44.0,119,64
SKG_QA_391,2020,0.0552610158920288,0.7916666666666666,120.0,3,21
SKG_QA_393,2020,0.0745970010757446,0.7714285714285715,140.0,35,48
SKG_QA_395,2020,0.0478989481925964,0.6032608695652174,184.0,29,28
SKG_QA_402,2020,0.0895448923110961,0.746031746031746,63.0,26,19
SKG_PAR_137,2020,0.0588049888610839,0.7901234567901234,162.0,48,80
SKG_PAR_146,2020,0.0655935406684875,0.7181208053691275,149.0,7,0
SKG_PAR_150,2020,0.0574584007263183,0.8114754098360656,122.0,3,26
SKG_MT_990,2020,0.0671738386154174,0.6666666666666666,63.0,4,11
SKG_MT_996,2020,0.0627089738845825,0.6538461538461539,130.0,3,54
SKG_MT_997,2020,0.0529384613037109,0.6495726495726496,117.0,1,36
SKG_MT_1002,2020,0.0,0.5949367088607594,79.0,6,17
SKG_MT_634,2020,0.0703840255737304,0.7014925373134329,67.0,0,55
SKG_MT_65,2020,0.0507747530937194,0.6940298507462687,134.0,19,51
SKG_MT_76,2020,0.0647656321525573,0.697560975609756,205.0,11,37
SKG_MT_81,2020,0.0528880953788757,0.64,100.0,61,27
SKG_MT_54,2020,0.0713287591934204,0.7,10.0,13,19
SKG_DIA_97,2020,0.0603632926940918,0.6046511627906976,86.0,21,34
SKG_DIA_98,2020,0.0476050376892089,0.6597222222222222,144.0,46,51
SKG_DIA_99,2020,0.0581049919128418,0.6759259259259259,108.0,21,40
SKG_DIA_101,2020,0.0568352937698364,0.6818181818181818,154.0,56,42
SKG_DIA_102,2020,0.0558875799179077,0.7163120567375887,141.0,207,47
SKG_SA_445,2020,0.0552881360054016,0.7761194029850746,67.0,117,52
SKG_SA_453,2020,0.0582734942436218,0.839572192513369,187.0,38,28
SKG_SA_408,2020,0.0469635128974914,0.7327935222672065,247.0,33,55
SKG_QA_422,2020,0.0502892732620239,0.7794117647058824,204.0,65,49
NOVEL_MT_9,2020,0.0511773824691772,0.0,0.0,4,19
SKG_QA_406,2020,0.0716640353202819,0.6358024691358025,162.0,21,41
SKG_MT_1334,2020,0.0662234425544738,0.5963302752293578,109.0,23,10
SKG_MT_1342,2020,0.0578993558883667,0.6954022988505747,174.0,2,31
SKG_MT_1345,2020,0.0513011217117309,0.7592592592592593,216.0,99,45
SKG_MT_1368,2020,0.0557446479797363,0.7013888888888888,144.0,1,34
SKG_MT_1382,2020,0.0709257125854492,0.765625,64.0,6,29
SKG_DIA_124,2020,0.0648225545883178,0.7412587412587412,286.0,30,51
SKG_MT_766,2020,0.0675069689750671,0.5935483870967742,155.0,7,39
SKG_MT_769,2020,0.0675328373908996,0.7553191489361702,188.0,21,57
SKG_MT_774,2020,0.0494449734687805,0.67,100.0,2,11
SKG_MT_775,2020,0.0645676851272583,0.7342657342657343,143.0,19,55
SKG_PAR_132,2020,0.0692392587661743,0.785234899328859,149.0,33,63
SKG_QA_412,2020,0.0571901202201843,0.7649769585253456,217.0,138,35
SKG_QA_413,2020,0.0580343008041381,0.7477477477477478,111.0,20,68
SKG_DIA_55,2020,0.0751878023147583,0.7768595041322314,121.0,7,31
SKG_MT_543,2020,0.0674651265144348,0.6610169491525424,59.0,11,37
SKG_MT_628,2020,0.0518726110458374,0.7083333333333334,192.0,2,14
SKG_DIA_105,2020,0.0493227839469909,0.7217741935483871,248.0,11,53
SKG_MT_477,2020,0.0623162984848022,0.7885714285714286,350.0,32,55
SKG_MT_479,2020,0.0540249943733215,0.5252525252525253,99.0,135,19
SKG_MT_483,2020,0.0428705215454101,0.7101449275362319,69.0,5,34
SKG_MT_486,2020,0.0649057626724243,0.7704918032786885,61.0,3,27
SKG_QA_458,2020,0.1894691586494445,0.7470355731225297,253.0,78,42
SKG_QA_460,2020,0.0559029579162597,0.5,106.0,4,24
SKG_QA_477,2020,0.0589296221733093,0.75,24.0,29,46
SKG_QA_479,2020,0.0554666519165039,0.688,125.0,19,61
SKG_QA_441,2020,0.0525399446487426,0.7444444444444445,90.0,11,22
SKG_DIA_72,2020,0.0622207522392272,0.7735849056603774,159.0,70,42
SKG_DIA_73,2020,0.0576069951057434,0.6619718309859155,142.0,227,42
SKG_MT_1341,2020,0.053651213645935,0.638095238095238,210.0,11,47
SKG_MT_1348,2020,0.0647081136703491,0.6470588235294118,85.0,7,85
SKG_MT_1356,2020,0.0685868263244628,0.726027397260274,146.0,14,25
SKG_MT_1362,2020,0.0553879737854003,0.6470588235294118,102.0,18,41
SKG_MT_898,2020,0.0630910992622375,0.6878980891719745,157.0,26,54
SKG_MT_776,2020,0.0510894656181335,0.6290322580645161,186.0,20,55
SKG_MT_568,2020,0.0571368932723999,0.6666666666666666,84.0,8,29
SKG_MT_573,2020,0.0496813058853149,0.6526315789473685,95.0,25,18
SKG_MT_36,2020,0.0649713277816772,0.62,50.0,11,42
SKG_MT_37,2020,0.0484455823898315,0.6530612244897959,98.0,4,35
SKG_MT_41,2020,0.0542365312576293,0.7309417040358744,223.0,3,28
SKG_MT_42,2020,0.0625216364860534,0.6521739130434783,92.0,23,22
SKG_MT_51,2020,0.0587334632873535,0.6818181818181818,132.0,78,47
SKG_MT_1391,2020,0.06344735622406,0.696,125.0,1,16
SKG_MT_1393,2020,0.0447267293930053,0.56,75.0,4,27
SKG_MT_1407,2020,0.0756558179855346,0.7716535433070866,127.0,2,24
SKG_DIA_126,2020,0.0570625066757202,0.7021276595744681,188.0,102,55
SKG_DIA_143,2020,0.0860648155212402,0.8571428571428571,49.0,14,72
SKG_SA_413,2020,0.0547134280204772,0.7619047619047619,168.0,1,24
SKG_DIA_103,2020,0.051052451133728,0.7411764705882353,170.0,103,39
SKG_DIA_119,2020,0.0778409242630004,0.7295081967213115,122.0,6,50
SKG_DIA_151,2020,0.0690910220146179,0.6692307692307692,130.0,2,27
SKG_SA_344,2020,0.0567389726638793,0.6694214876033058,121.0,41,21
SKG_SA_345,2020,0.0608550906181335,0.6487804878048781,205.0,126,39
SKG_SA_350,2020,0.0562793016433715,0.7804878048780488,82.0,3,21
SKG_SA_358,2020,0.0508116483688354,0.7592592592592593,54.0,1,8
SKG_SA_371,2020,0.0529410243034362,0.5905511811023622,127.0,11,24
SKG_SA_312,2020,0.0527583360671997,0.6189024390243902,328.0,14,19
SKG_SA_384,2020,0.0576003789901733,0.7461139896373057,193.0,189,50
SKG_SA_402,2020,0.0487251281738281,0.6984126984126984,189.0,11,23
SKG_SA_403,2020,0.055248737335205,0.6060606060606061,99.0,2,15
SKG_MT_1409,2020,0.0612133741378784,0.6428571428571429,42.0,55,26
SKG_QA_486,2020,0.0749975442886352,0.925,40.0,25,11
SKG_QA_492,2020,0.0629297494888305,0.75177304964539,141.0,36,28
SKG_QA_444,2020,0.0579074025154113,0.7901234567901234,81.0,34,20
SKG_MT_889,2020,0.0463115572929382,0.6790123456790124,81.0,3,24
SKG_DIA_187,2020,0.0633999705314636,0.7966101694915254,59.0,21,38
SKG_MT_8,2020,0.0565341114997863,0.371900826446281,363.0,40,36
SKG_MT_28,2020,0.0561226606369018,0.6976744186046512,43.0,0,27
SKG_MT_5,2020,0.0647602081298828,0.6272189349112426,169.0,40,43
SKG_MT_760,2020,0.051435649394989,0.7407407407407407,135.0,35,25
SKG_DIA_154,2020,0.0501472353935241,0.7109375,128.0,45,38
SKG_DIA_155,2020,0.0760367512702941,0.7669902912621359,103.0,0,40
SKG_DIA_159,2020,0.0549706220626831,0.7218543046357616,151.0,29,39
SKG_DIA_165,2020,0.0651427507400512,0.6261682242990654,107.0,54,39
SKG_DIA_169,2020,0.0526257753372192,0.6213592233009708,103.0,114,40
SKG_DIA_144,2020,0.0635076761245727,0.7286821705426356,129.0,3,45
SKG_DIA_145,2020,0.0562494397163391,0.6818181818181818,198.0,150,75
SKG_DIA_107,2020,0.0648084878921508,0.7083333333333334,96.0,20,40
SKG_DIA_112,2020,0.0634463429450988,0.7862595419847328,131.0,10,23
SKG_DIA_115,2020,0.0495891571044921,0.7094972067039106,179.0,30,59
SKG_DIA_116,2020,0.0478783845901489,0.743801652892562,121.0,31,35
SKG_DIA_206,2020,0.0725631713867187,0.6859504132231405,121.0,48,20
SKG_SA_263,2020,0.0534755587577819,0.7045454545454546,176.0,65,52
SKG_SA_276,2020,0.0553411245346069,0.7558139534883721,86.0,1,11
SKG_SA_280,2020,0.0497525334358215,0.7182539682539683,252.0,22,40
SKG_DIA_177,2020,0.0632816553115844,0.7565217391304347,230.0,29,65
SKG_SA_2,2020,0.0710237622261047,0.7230769230769231,260.0,35,35
SKG_MT_1428,2020,0.076800525188446,0.7741935483870968,62.0,62,61
SKG_MT_1430,2020,0.0650723576545715,0.6356589147286822,129.0,12,45
SKG_MT_1431,2020,0.0725024938583374,0.6391752577319587,97.0,21,23
SKG_MT_1447,2020,0.0625225901603698,0.6296296296296297,27.0,54,22
SKG_MT_1450,2020,0.0560815930366516,0.6466165413533834,133.0,9,17
SKG_MT_1457,2020,0.0663665533065795,0.7659574468085106,141.0,2,22
SKG_MT_1468,2020,0.0896822214126586,0.5645161290322581,62.0,29,20
SKG_DIA_180,2020,0.0641244649887085,0.757201646090535,243.0,7,28
SKG_DIA_185,2020,0.0628529787063598,0.6310679611650486,103.0,26,25
SKG_DIA_186,2020,0.0604745745658874,0.6078431372549019,153.0,187,30
SKG_DIA_297,2020,0.0681803822517395,0.5477386934673367,199.0,17,53
SKG_PAR_83,2020,0.067374050617218,0.6275510204081632,196.0,17,52
SKG_PAR_64,2020,0.0692237019538879,0.7818181818181819,165.0,0,41
SKG_PAR_70,2020,0.0515872836112976,0.8354430379746836,79.0,5,26
SKG_PAR_163,2020,0.0590073466300964,0.8125,80.0,3,20
SKG_PAR_111,2020,0.0472809076309204,0.6428571428571429,252.0,65,36
SKG_PAR_131,2020,0.0582777261734008,0.6058394160583942,137.0,21,115
SKG_MT_796,2020,0.0750592350959777,0.7469879518072289,83.0,1,49
SKG_MT_541,2020,0.0557304620742797,0.7666666666666667,30.0,20,21
SKG_MT_1044,2020,-1.1920928955078125e-07,0.6951219512195121,164.0,4,37
SKG_MT_1051,2020,0.053614318370819,0.7370892018779343,213.0,21,38
SKG_MT_329,2020,0.0591734647750854,0.7551020408163265,98.0,18,35
SKG_MT_330,2020,0.0478317141532897,0.62,100.0,1,14
SKG_MT_343,2020,0.0609437227249145,0.7563025210084033,119.0,1,16
SKG_MT_1014,2020,0.0625313520431518,0.7522935779816514,109.0,52,68
SKG_MT_1015,2020,0.0555760264396667,0.6649746192893401,197.0,4,40
SKG_NLI_17,2020,0.0594738125801086,0.7410071942446043,139.0,6,62
SKG_NLI_18,2020,0.0611637234687805,0.6712962962962963,216.0,8,57
SKG_NLI_19,2020,0.04358971118927,0.6666666666666666,132.0,11,28
SKG_MT_1018,2020,0.0630750656127929,0.7368421052631579,133.0,24,67
SKG_MT_1021,2020,0.0569463968276977,1.0,6.0,6,20
SKG_MT_354,2020,0.0580756068229675,0.6790123456790124,81.0,5,30
SKG_MT_357,2020,0.063995361328125,0.6067415730337079,89.0,12,53
SKG_MT_361,2020,0.0478995442390441,0.581081081081081,222.0,58,59
SKG_DIA_305,2020,0.0599700808525085,0.7541899441340782,179.0,4,51
SKG_DIA_309,2020,0.0661033391952514,0.6818181818181818,88.0,120,31
SKG_DIA_311,2020,0.0485942959785461,0.6792452830188679,106.0,51,55
SKG_DIA_314,2020,0.0583701133728027,0.6310679611650486,103.0,18,22
SKG_DIA_315,2020,0.0572283864021301,0.6976744186046512,129.0,11,52
SKG_DIA_317,2020,0.0635466575622558,0.6883116883116883,154.0,78,50
SKG_DIA_289,2020,0.0605589747428894,0.7954545454545454,176.0,25,44
SKG_DIA_293,2020,0.0586816072463989,0.6142857142857143,70.0,1,25
SKG_DIA_286,2020,0.0817794799804687,0.7697841726618705,139.0,0,63
SKG_DIA_273,2020,0.0655400156974792,0.75,120.0,62,53
SKG_SA_91,2020,0.0537489652633667,0.8181818181818182,33.0,186,25
SKG_MT_859,2020,0.0460755228996276,0.7205882352941176,204.0,14,44
SKG_MT_489,2020,0.0723636746406555,0.8524590163934426,61.0,10,9
SKG_MT_490,2020,0.0596952438354492,0.7605633802816901,71.0,50,34
SKG_MT_495,2020,0.0425330996513366,0.6590909090909091,132.0,53,37
SKG_MT_499,2020,0.0525811910629272,0.6441441441441441,222.0,1,22
SKG_SA_284,2020,0.0444002151489257,0.6558704453441295,247.0,40,37
SKG_SA_299,2020,0.0477000474929809,0.625,160.0,163,30
SKG_PAR_26,2020,0.0512696504592895,0.7207792207792207,154.0,148,55
SKG_NLI_0,2020,0.0380645990371704,0.7770700636942676,157.0,65,55
SKG_NLI_3,2020,0.0688127279281616,0.7236842105263158,76.0,17,45
SKG_NLI_5,2020,0.0616065859794616,0.6301369863013698,73.0,6,25
SKG_NLI_8,2020,0.0564967393875122,0.7096774193548387,124.0,5,55
SKG_NLI_16,2020,0.067722201347351,0.746268656716418,134.0,6,49
SKG_DIA_226,2020,0.0532892942428588,0.6805555555555556,144.0,85,48
SKG_DIA_230,2020,0.0599282979965209,0.6413043478260869,92.0,7,87
SKG_DIA_191,2020,0.0644054412841796,0.6277372262773723,137.0,46,26
SKG_DIA_197,2020,0.0687492489814758,0.6,15.0,22,42
SKG_DIA_232,2020,0.0641546249389648,0.6444444444444445,135.0,17,37
SKG_DIA_236,2020,0.062535285949707,0.6666666666666666,78.0,69,42
SKG_DIA_237,2020,0.052864670753479,0.6493506493506493,154.0,4,46
SKG_DIA_244,2020,0.0658184289932251,0.6962962962962963,135.0,5,31
SKG_MT_531,2020,0.0579012632369995,0.6568627450980392,102.0,142,50
SKG_PAR_81,2020,0.0556599497795105,0.7617021276595745,235.0,10,46
SKG_SA_58,2020,0.0477115511894226,0.7062146892655368,177.0,20,23
SKG_SA_71,2020,0.0594277381896972,0.7931034482758621,29.0,3,38
SKG_SA_81,2020,0.0686551928520202,0.5,14.0,1,8
SKG_SA_84,2020,0.0535914301872253,0.6666666666666666,111.0,14,8
SKG_SA_87,2020,0.0864237546920776,0.6666666666666666,42.0,150,72
SKG_DIA_283,2020,0.0485191345214843,0.785,200.0,136,69
SKG_MT_848,2020,0.0587260127067565,0.7906976744186046,172.0,52,67
SKG_MT_521,2020,0.0485876202583313,0.6710526315789473,76.0,2,30
SKG_SA_94,2020,0.0621314048767089,0.773109243697479,119.0,2,25
SKG_SA_95,2020,0.0537081956863403,0.6904761904761905,84.0,3,14
SKG_SA_102,2020,0.0663883090019226,0.76,100.0,351,32
SKG_SA_54,2020,0.0677024722099304,0.7439024390243902,82.0,6,28
SKG_SA_55,2020,0.0580967664718627,0.5370370370370371,54.0,4,22
SKG_SA_57,2020,0.0537899136543273,0.6570247933884298,242.0,253,31
SKG_SA_137,2020,0.051784336566925,0.680327868852459,122.0,3,26
SKG_SA_150,2020,0.0518274307250976,0.7509881422924901,253.0,324,42
SKG_DIA_262,2020,0.0657774806022644,0.6746031746031746,126.0,2,11
SKG_SA_231,2020,0.0431436300277709,0.6891891891891891,148.0,595,39
SKG_SA_233,2020,0.0443592071533203,0.8070175438596491,57.0,54,39
SKG_SA_235,2020,0.0620920062065124,0.6458333333333334,48.0,0,20
SKG_DIA_214,2020,0.0598166584968566,0.7730061349693251,163.0,18,34
SKG_DIA_218,2020,0.0586267709732055,0.5512820512820513,78.0,45,16
SKG_SA_214,2020,0.0560240745544433,0.8461538461538461,13.0,0,13
SKG_PAR_1,2020,0.063275933265686,0.7289719626168224,107.0,3,33
SKG_PAR_6,2020,0.0557673573493957,0.7375,80.0,4,20
SKG_PAR_8,2020,0.0677524805068969,0.774390243902439,164.0,2,34
SKG_PAR_13,2020,0.0469671487808227,0.6567164179104478,201.0,4,54
SKG_PAR_16,2020,0.054174780845642,0.6455696202531646,79.0,8,49
SKG_PAR_21,2020,0.0611646771430969,0.6857142857142857,105.0,14,25
SKG_PAR_23,2020,0.0748311877250671,0.75,72.0,83,27
SKG_PAR_32,2020,0.0510063171386718,0.83,100.0,27,72
SKG_PAR_51,2020,0.0530473589897155,0.725,160.0,2,52
SKG_DIA_263,2020,0.0649677515029907,0.7352941176470589,68.0,63,41
SKG_DIA_264,2020,0.0684612393379211,0.6470588235294118,204.0,18,59
SKG_DIA_265,2020,0.0573450922966003,0.7674418604651163,215.0,26,32
SKG_DIA_270,2020,0.0700699090957641,0.8888888888888888,27.0,7,44
SKG_MT_512,2020,0.0505520701408386,0.632258064516129,155.0,104,38
SKG_MT_833,2020,0.0558646321296691,0.7964071856287425,167.0,19,63
SKG_MT_1181,2020,0.0765777826309204,0.7413793103448276,58.0,3,32
SKG_MT_1182,2020,0.0646931529045105,0.6962962962962963,135.0,7,41
SKG_MT_1188,2020,0.0485704541206359,0.7903225806451613,62.0,10,21
SKG_QA_2,2020,0.0516849756240844,0.5681818181818182,44.0,9,26
SKG_QA_16,2020,0.0520488023757934,0.6470588235294118,34.0,0,26
SKG_QA_18,2020,0.0589261054992675,0.7571428571428571,140.0,3,43
SKG_SUM_123,2020,0.0495221018791198,0.0,106.0,358,34
SKG_SUM_170,2020,0.0505517721176147,0.595,200.0,51,39
SKG_SUM_171,2020,0.0734350085258483,0.7218543046357616,151.0,2,34
SKG_SUM_135,2020,0.057996928691864,0.7663551401869159,107.0,2,42
SKG_MT_611,2020,0.0509883761405944,0.6416184971098265,173.0,6,40
SKG_MT_612,2020,0.0494911074638366,0.7068965517241379,58.0,3,16
SKG_MT_614,2020,0.0306453704833984,0.9375,16.0,5,20
SKG_MT_631,2020,0.0461024045944213,0.7053140096618358,207.0,55,31
SKG_MT_656,2020,0.1174575090408325,0.7454545454545455,110.0,0,19
SKG_SUM_146,2020,0.0520278215408325,0.6906077348066298,181.0,122,44
SKG_MT_685,2020,0.0543345212936401,0.7159090909090909,88.0,1,10
SKG_MT_677,2020,0.0424751043319702,0.5217391304347826,69.0,2,20
SKG_SUM_160,2020,0.0653514862060546,0.6792452830188679,106.0,3,28
SKG_SUM_139,2020,0.0631204843521118,0.751269035532995,197.0,70,53
SKG_SUM_138,2020,0.0837081670761108,0.0,166.0,108,43
SKG_SUM_184,2020,0.0607324838638305,0.7734375,128.0,43,42
SKG_SUM_192,2020,0.0532615780830383,0.7175572519083969,131.0,262,55
SKG_SUM_206,2020,0.0581759214401245,0.6774193548387096,93.0,4,47
NOVEL_SUM_38,2021,0.0270310640335083,0.0,0.0,122,45
NOVEL_SUM_59,2021,0.0486212968826293,0.0,0.0,9,40
NOVEL_SUM_58,2021,0.0161007046699523,0.0,0.0,24,57
NOVEL_SUM_56,2021,0.0114958882331848,0.0,0.0,11,26
NOVEL_SUM_13,2021,0.0556658506393432,0.0,0.0,20,27
NOVEL_SUM_12,2021,0.0148674845695495,0.0,0.0,31,46
NOVEL_SUM_11,2021,0.0582214593887329,0.0,0.0,76,32
NOVEL_SUM_10,2021,0.0470593571662902,0.0,0.0,4,57
NOVEL_SUM_8,2021,0.0667135119438171,0.0,0.0,5,25
NOVEL_SUM_7,2021,0.0484312772750854,0.0,0.0,33,51
NOVEL_SUM_6,2021,0.0406246185302734,0.0,0.0,10,51
NOVEL_SUM_46,2021,0.0639883875846862,0.0,0.0,129,73
NOVEL_SUM_45,2021,0.0159001350402832,0.0,0.0,27,43
NOVEL_SUM_60,2021,0.013171374797821,0.0,0.0,33,65
NOVEL_SUM_37,2021,0.0485659837722778,0.0,0.0,62,73
NOVEL_SUM_36,2021,0.0582388043403625,0.0,0.0,1,33
NOVEL_QA_27,2021,0.0558785200119018,0.0,0.0,4,38
NOVEL_QA_26,2021,0.03953218460083,0.0,0.0,2,37
NOVEL_QA_25,2021,0.0511371493339538,0.0,0.0,4,28
NOVEL_QA_22,2021,0.0633379220962524,0.0,0.0,21,43
NOVEL_QA_21,2021,0.0107396245002746,0.0,0.0,27,28
NOVEL_QA_18,2021,0.0617793798446655,0.0,0.0,11,25
NOVEL_QA_17,2021,0.0657891035079956,0.0,0.0,0,11
NOVEL_QA_16,2021,0.0466614961624145,0.0,0.0,39,40
NOVEL_QA_15,2021,0.0452824831008911,0.0,0.0,99,45
NOVEL_QA_14,2021,0.0124502182006835,0.0,0.0,29,49
NOVEL_QA_32,2021,0.0571178197860717,0.0,0.0,3,39
NOVEL_SUM_54,2021,0.0625929832458496,0.0,0.0,85,21
NOVEL_SUM_53,2021,0.0135413408279418,0.0,0.0,15,26
NOVEL_SUM_52,2021,0.0537065267562866,0.0,0.0,1,26
NOVEL_SUM_49,2021,0.0208040475845336,0.0,0.0,128,56
NOVEL_SUM_47,2021,0.0134628415107727,0.0,0.0,209,51
NOVEL_MT_115,2021,0.0549243688583374,0.0,0.0,12,26
NOVEL_MT_113,2021,0.0557194948196411,0.0,0.0,2,34
NOVEL_MT_112,2021,0.0701621770858764,0.0,0.0,8,34
NOVEL_MT_110,2021,0.047641098499298,0.0,0.0,1,0
NOVEL_MT_109,2021,0.0688542127609252,0.0,0.0,6,26
NOVEL_MT_117,2021,0.0570408105850219,0.0,0.0,36,49
NOVEL_MT_116,2021,0.0493704676628112,0.0,0.0,4,41
NOVEL_QA_13,2021,0.0590952634811401,0.0,0.0,122,48
NOVEL_QA_30,2021,0.0648029446601867,0.0,0.0,0,51
NOVEL_SUM_33,2021,0.0638185739517211,0.0,0.0,5,36
NOVEL_SUM_32,2021,0.0474842190742492,0.0,0.0,26,66
NOVEL_SUM_31,2021,0.0472497940063476,0.0,0.0,20,34
NOVEL_SUM_30,2021,0.0595490336418151,0.0,0.0,8,38
NOVEL_SUM_28,2021,0.0474904179573059,0.0,0.0,2,31
NOVEL_SUM_26,2021,0.0644934773445129,0.0,0.0,22,59
NOVEL_SUM_24,2021,0.014133334159851,0.0,0.0,12,71
NOVEL_SUM_70,2021,0.0120840072631835,0.0,0.0,7,31
NOVEL_SUM_69,2021,0.0624924898147583,0.0,0.0,13,33
NOVEL_SUM_61,2021,0.0594239234924316,0.0,0.0,35,69
NOVEL_MT_155,2021,0.0667275190353393,0.0,0.0,2,29
NOVEL_MT_96,2021,0.0156930088996887,0.0,0.0,7,48
NOVEL_MT_93,2021,0.047656238079071,0.0,0.0,29,48
NOVEL_QA_10,2021,0.0554944276809692,0.0,0.0,22,51
NOVEL_QA_8,2021,0.0516079068183898,0.0,0.0,9,33
NOVEL_QA_7,2021,0.0123857259750366,0.0,0.0,10,19
NOVEL_QA_5,2021,0.069670021533966,0.0,0.0,1,48
NOVEL_QA_4,2021,0.0545471310615539,0.0,0.0,34,57
NOVEL_MT_168,2021,0.0692394375801086,0.0,0.0,7,69
NOVEL_MT_167,2021,0.0148825645446777,0.0,0.0,28,34
NOVEL_MT_165,2021,0.0641733407974243,0.0,0.0,1,21
NOVEL_MT_161,2021,0.0157661437988281,0.0,0.0,4,22
NOVEL_MT_156,2021,0.0650596618652343,0.0,0.0,3,61
NOVEL_MT_99,2021,0.0538147091865539,0.0,0.0,14,26
NOVEL_MT_154,2021,0.0196034312248229,0.0,0.0,35,60
NOVEL_MT_153,2021,0.0608517527580261,0.0,0.0,3,109
NOVEL_MT_150,2021,0.0092796087265014,0.0,0.0,35,39
NOVEL_MT_148,2021,0.0455837249755859,0.0,0.0,7,31
NOVEL_MT_86,2021,0.0397788882255554,0.0,0.0,60,65
NOVEL_MT_83,2021,0.0686241388320922,0.0,0.0,1,34
NOVEL_MT_82,2021,0.0565441250801086,0.0,0.0,3,51
NOVEL_MT_81,2021,0.0586563944816589,0.0,0.0,24,63
NOVEL_MT_78,2021,0.0140824317932128,0.0,0.0,27,43
NOVEL_MT_77,2021,0.0500425100326538,0.0,0.0,4,16
NOVEL_MT_92,2021,0.0663446187973022,0.0,0.0,16,40
NOVEL_MT_91,2021,0.0715791583061218,0.0,0.0,2,37
NOVEL_SUM_64,2021,0.062280535697937,0.0,0.0,26,77
NOVEL_QA_12,2021,0.0484312772750854,0.0,0.0,33,51
NOVEL_SUM_39,2021,0.0078641772270202,0.0,0.0,43,37
NOVEL_SUM_3,2021,0.0477656126022338,0.0,0.0,26,44
NOVEL_SUM_23,2021,0.0120822787284851,0.0,0.0,23,35
NOVEL_SUM_22,2021,0.0464360117912292,0.0,0.0,18,58
NOVEL_SUM_21,2021,0.009941279888153,0.0,0.0,70,52
NOVEL_SUM_20,2021,0.0555462837219238,0.0,0.0,6,64
NOVEL_SUM_19,2021,0.0657238960266113,0.0,0.0,31,68
NOVEL_SUM_17,2021,0.0486119389533996,0.0,0.0,4,54
NOVEL_SUM_68,2021,0.0476026535034179,0.0,0.0,74,65
NOVEL_SUM_67,2021,0.0128431320190429,0.0,0.0,19,34
NOVEL_SUM_66,2021,0.0565850138664245,0.0,0.0,11,47
NOVEL_DIA_56,2021,0.0625929832458496,0.0,0.0,85,21
NOVEL_SUM_16,2021,0.0515575408935546,0.0,0.0,40,57
NOVEL_SUM_15,2021,0.026889145374298,0.0,0.0,35,34
NOVEL_SUM_14,2021,0.0537275075912475,0.0,0.0,1,82
NOVEL_SUM_44,2021,0.0637981295585632,0.0,0.0,43,62
NOVEL_SUM_42,2021,0.0279471278190612,0.0,0.0,70,34
NOVEL_SUM_41,2021,0.009083092212677,0.0,0.0,12,27
NOVEL_MT_108,2021,0.0626039505004882,0.0,0.0,54,43
NOVEL_MT_107,2021,0.0759422183036804,0.0,0.0,7,69
NOVEL_MT_105,2021,0.0685012936592102,0.0,0.0,3,21
NOVEL_MT_104,2021,0.0506971478462219,0.0,0.0,4,55
NOVEL_MT_101,2021,0.0737123489379882,0.0,0.0,3,41
NOVEL_DIA_52,2021,0.054151713848114,0.0,0.0,18,69
NOVEL_MT_133,2021,0.0564169883728027,0.0,0.0,2,17
NOVEL_MT_132,2021,0.0545024871826171,0.0,0.0,2,58
NOVEL_MT_130,2021,0.0605983734130859,0.0,0.0,1,21
NOVEL_MT_128,2021,0.0144622921943664,0.0,0.0,13,38
NOVEL_MT_127,2021,0.0489989519119262,0.0,0.0,1,15
NOVEL_QA_64,2021,0.0269591212272644,0.0,0.0,11,49
NOVEL_QA_63,2021,0.012282371520996,0.0,0.0,19,31
NOVEL_QA_86,2021,0.0129097700119018,0.0,0.0,11,51
NOVEL_QA_70,2021,0.0289785265922546,0.0,0.0,33,37
NOVEL_QA_69,2021,0.0101787447929382,0.0,0.0,10,35
NOVEL_DIA_54,2021,0.0544065237045288,0.0,0.0,3,20
NOVEL_DIA_53,2021,0.0541537404060363,0.0,0.0,15,53
NOVEL_MT_137,2021,0.0611469149589538,0.0,0.0,6,28
NOVEL_DIA_51,2021,0.0425463914871215,0.0,0.0,35,55
NOVEL_DIA_50,2021,0.0507116317749023,0.0,0.0,9,33
NOVEL_QA_67,2021,0.0552606582641601,0.0,0.0,18,39
NOVEL_QA_66,2021,0.0516115427017211,0.0,0.0,1,24
NOVEL_QA_65,2021,0.0097402334213256,0.0,0.0,18,38
NOVEL_QA_24,2021,0.0744120478630065,0.0,0.0,1,0
NOVEL_QA_23,2021,0.0583426356315612,0.0,0.0,11,18
NOVEL_QA_62,2021,0.0727378726005554,0.0,0.0,3,29
NOVEL_QA_61,2021,0.0271457433700561,0.0,0.0,11,23
NOVEL_QA_60,2021,0.0527097582817077,0.0,0.0,20,53
NOVEL_QA_59,2021,0.0598331689834594,0.0,0.0,10,39
NOVEL_QA_58,2021,0.0591911077499389,0.0,0.0,6,32
NOVEL_DIA_40,2021,0.0549415349960327,0.0,0.0,1,18
NOVEL_DIA_25,2021,0.0735435485839843,0.0,0.0,2,27
NOVEL_DIA_26,2021,0.0464360117912292,0.0,0.0,18,58
NOVEL_QA_77,2021,0.0366331934928894,0.0,0.0,29,27
NOVEL_DIA_1,2021,0.0501843690872192,0.0,0.0,12,71
NOVEL_DIA_21,2021,0.0657240152359008,0.0,0.0,31,68
NOVEL_QA_84,2021,0.0118631124496459,0.0,0.0,5,41
NOVEL_QA_45,2021,0.0624019503593444,0.0,0.0,17,87
NOVEL_QA_44,2021,0.0201941728591918,0.0,0.0,143,46
NOVEL_MT_267,2021,0.0114415884017944,0.0,0.0,3,54
NOVEL_QA_76,2021,0.0098564028739929,0.0,0.0,32,49
NOVEL_QA_75,2021,0.0224873423576354,0.0,0.0,3,33
NOVEL_QA_74,2021,0.0509203076362609,0.0,0.0,91,46
NOVEL_QA_57,2021,0.0688318014144897,0.0,0.0,45,24
NOVEL_DIA_39,2021,0.0735562443733215,0.0,0.0,4,35
NOVEL_DIA_37,2021,0.0526638031005859,0.0,0.0,42,45
NOVEL_DIA_35,2021,0.0144737958908081,0.0,0.0,51,32
NOVEL_DIA_34,2021,0.055077850818634,0.0,0.0,39,70
NOVEL_DIA_33,2021,0.0427979230880737,0.0,0.0,8,57
NOVEL_DIA_31,2021,0.0628291368484497,0.0,0.0,22,40
NOVEL_DIA_30,2021,0.0565838813781738,0.0,0.0,20,40
NOVEL_DIA_29,2021,0.0777292251586914,0.0,0.0,49,71
NOVEL_DIA_28,2021,0.0463191866874694,0.0,0.0,2,48
NOVEL_QA_72,2021,0.0588262677192688,0.0,0.0,51,31
NOVEL_QA_81,2021,0.0824717283248901,0.0,0.0,35,77
NOVEL_QA_37,2021,0.0501176714897155,0.0,0.0,19,26
NOVEL_DIA_66,2021,0.0287587046623229,0.0,0.0,13,32
NOVEL_DIA_65,2021,0.0576215982437133,0.0,0.0,8,63
NOVEL_QA_52,2021,0.0598665475845336,0.0,0.0,1,25
NOVEL_QA_50,2021,0.0546455383300781,0.0,0.0,26,20
NOVEL_QA_48,2021,0.0648553967475891,0.0,0.0,20,43
NOVEL_QA_47,2021,0.0162872076034545,0.0,0.0,7,45
NOVEL_QA_46,2021,0.0548968315124511,0.0,0.0,49,58
NOVEL_QA_3,2021,0.0573824048042297,0.0,0.0,73,38
NOVEL_QA_2,2021,0.0183625221252441,0.0,0.0,64,44
NOVEL_QA_43,2021,0.0148195028305053,0.0,0.0,27,38
NOVEL_QA_40,2021,0.0545135736465454,0.0,0.0,26,42
NOVEL_QA_39,2021,0.0540399551391601,0.0,0.0,19,21
NOVEL_DIA_67,2021,0.0622463226318359,0.0,0.0,5,52
NOVEL_QA_36,2021,0.0569702982902526,0.0,0.0,17,90
NOVEL_QA_35,2021,0.0097917318344116,0.0,0.0,13,34
NOVEL_QA_34,2021,0.0531821250915527,0.0,0.0,14,31
NOVEL_QA_33,2021,0.0474904179573059,0.0,0.0,2,31
NOVEL_SUM_77,2021,0.0623385310173034,0.0,0.0,13,29
NOVEL_SUM_76,2021,0.0633139610290527,0.0,0.0,20,18
NOVEL_SUM_75,2021,0.0553287267684936,0.0,0.0,4,37
NOVEL_SUM_73,2021,0.0665724873542785,0.0,0.0,40,46
NOVEL_SUM_72,2021,0.0185595750808715,0.0,0.0,199,46
NOVEL_SUM_71,2021,0.0475496053695678,0.0,0.0,64,69
NOVEL_DIA_63,2021,0.0511596798896789,0.0,0.0,19,31
NOVEL_DIA_59,2021,0.0370699167251586,0.0,0.0,60,39
NOVEL_MT_141,2021,0.0455997586250305,0.0,0.0,2,25
NOVEL_QA_55,2021,0.0579324960708618,0.0,0.0,6,18
NOVEL_QA_54,2021,0.0,0.0,0.0,18,46
NOVEL_QA_53,2021,0.0617471933364868,0.0,0.0,2,58
NOVEL_MT_118,2021,0.065180480480194,0.0,0.0,28,35
NOVEL_DIA_49,2021,0.0537081956863403,0.0,0.0,11,57
NOVEL_DIA_47,2021,0.0564002990722656,0.0,0.0,12,33
NOVEL_DIA_45,2021,0.07422935962677,0.0,0.0,72,69
NOVEL_DIA_44,2021,0.0481478571891784,0.0,0.0,85,48
NOVEL_DIA_43,2021,0.0637981295585632,0.0,0.0,43,62
NOVEL_DIA_42,2021,0.0530750155448913,0.0,0.0,13,49
NOVEL_DIA_41,2021,0.0151464343070983,0.0,0.0,35,47
NOVEL_MT_144,2021,0.0161650776863098,0.0,0.0,102,44
NOVEL_MT_89,2021,0.0146632194519042,0.0,0.0,67,25
NOVEL_MT_140,2021,0.0516775846481323,0.0,0.0,3,45
NOVEL_MT_125,2021,0.0507681965827941,0.0,0.0,19,58
NOVEL_MT_124,2021,0.0129281282424926,0.0,0.0,5,28
NOVEL_MT_122,2021,0.0484578013420105,0.0,0.0,7,68
NOVEL_MT_121,2021,0.0164896249771118,0.0,0.0,22,39
NOVEL_MT_120,2021,0.045988380908966,0.0,0.0,52,57
NOVEL_DIA_55,2021,0.0648921728134155,0.0,0.0,8,15
NOVEL_DIA_71,2021,0.0540224313735961,0.0,0.0,5,34
NOVEL_DIA_70,2021,0.0545112490653991,0.0,0.0,10,63
NOVEL_DIA_69,2021,0.0519908666610717,0.0,0.0,7,30
NOVEL_DIA_68,2021,0.0502883791923522,0.0,0.0,26,47
NOVEL_MT_298,2021,0.0737124681472778,0.0,0.0,3,41
NOVEL_SA_63,2021,0.0542364120483398,0.0,0.0,2,42
NOVEL_SA_62,2021,0.056484580039978,0.0,0.0,2,50
NOVEL_SA_61,2021,0.060047447681427,0.0,0.0,1,23
NOVEL_SA_60,2021,0.0103161931037902,0.0,0.0,169,53
NOVEL_SA_59,2021,0.05229252576828,0.0,0.0,27,37
NOVEL_SA_58,2021,0.0517180562019348,0.0,0.0,173,59
NOVEL_SA_57,2021,0.0681062936782836,0.0,0.0,46,63
NOVEL_SA_56,2021,0.0588262677192688,0.0,0.0,51,31
NOVEL_SA_55,2021,0.0135390162467956,0.0,0.0,41,70
NOVEL_SA_53,2021,0.0277379751205444,0.0,0.0,454,67
NOVEL_SA_52,2021,0.0495803952217102,0.0,0.0,185,52
NOVEL_MT_300,2021,0.0509810447692871,0.0,0.0,5,21
NOVEL_SA_64,2021,0.0824717283248901,0.0,0.0,35,77
NOVEL_MT_213,2021,0.0197373628616333,0.0,0.0,12,28
NOVEL_MT_210,2021,0.0474205017089843,0.0,0.0,18,36
NOVEL_MT_209,2021,0.0644489526748657,0.0,0.0,0,18
NOVEL_MT_238,2021,0.0498502850532531,0.0,0.0,17,48
NOVEL_MT_236,2021,0.0563880801200866,0.0,0.0,3,48
NOVEL_MT_235,2021,0.0554388165473938,0.0,0.0,1,34
NOVEL_MT_234,2021,0.1137803792953491,0.0,0.0,3,25
NOVEL_MT_230,2021,0.0717160105705261,0.0,0.0,33,52
NOVEL_MT_228,2021,0.0489484667778015,0.0,0.0,0,26
NOVEL_MT_258,2021,0.0164896249771118,0.0,0.0,22,39
NOVEL_MT_257,2021,0.0630601048469543,0.0,0.0,20,40
NOVEL_MT_256,2021,0.0687319636344909,0.0,0.0,6,19
NOVEL_MT_305,2021,0.0142170190811157,0.0,0.0,67,34
NOVEL_SA_48,2021,0.0127118229866027,0.0,0.0,336,38
NOVEL_MT_139,2021,0.0121967196464538,0.0,0.0,55,69
NOVEL_SA_45,2021,0.0185589790344238,0.0,0.0,39,63
NOVEL_SA_44,2021,0.0727378726005554,0.0,0.0,3,29
NOVEL_SA_43,2021,0.0679303407669067,0.0,0.0,0,32
NOVEL_SA_42,2021,0.0527097582817077,0.0,0.0,20,53
NOVEL_SA_41,2021,0.016330599784851,0.0,0.0,49,39
NOVEL_SA_40,2021,0.0688318014144897,0.0,0.0,45,24
NOVEL_SA_39,2021,0.0579324960708618,0.0,0.0,6,18
NOVEL_SA_38,2021,0.0564395785331726,0.0,0.0,34,27
NOVEL_SA_37,2021,0.0648553967475891,0.0,0.0,20,43
NOVEL_SA_34,2021,0.0536668896675109,0.0,0.0,1,32
NOVEL_MT_282,2021,0.0589298009872436,0.0,0.0,123,46
NOVEL_MT_304,2021,0.05657559633255,0.0,0.0,34,55
NOVEL_MT_303,2021,0.0587552785873413,0.0,0.0,36,51
NOVEL_MT_301,2021,0.0566837191581726,0.0,0.0,1,35
NOVEL_MT_295,2021,0.0095250010490417,0.0,0.0,24,55
NOVEL_MT_291,2021,0.0705543756484985,0.0,0.0,4,45
NOVEL_MT_290,2021,0.0242608189582824,0.0,0.0,2,27
NOVEL_MT_289,2021,0.0549039840698242,0.0,0.0,1,30
NOVEL_MT_287,2021,0.0687055587768554,0.0,0.0,0,18
NOVEL_SA_33,2021,0.0576878786087036,0.0,0.0,4,37
NOVEL_SA_31,2021,0.0501176714897155,0.0,0.0,19,26
NOVEL_SA_65,2021,0.0584819912910461,0.0,0.0,1,0
NOVEL_DIA_22,2021,0.057017982006073,0.0,0.0,27,55
NOVEL_MT_261,2021,0.0409435033798217,0.0,0.0,5,60
NOVEL_MT_259,2021,0.050060749053955,0.0,0.0,2,41
NOVEL_MT_286,2021,0.0677493810653686,0.0,0.0,2,47
NOVEL_DIA_5,2021,0.0547437667846679,0.0,0.0,0,35
NOVEL_DIA_4,2021,0.0834586024284362,0.0,0.0,6,50
NOVEL_DIA_3,2021,0.0538095235824584,0.0,0.0,5,39
NOVEL_DIA_2,2021,0.0182877779006958,0.0,0.0,19,21
NOVEL_DIA_6,2021,0.0469554662704467,0.0,0.0,11,41
NOVEL_QA_79,2021,0.0149637460708618,0.0,0.0,24,63
NOVEL_QA_80,2021,0.0148944854736328,0.0,0.0,15,32
NOVEL_DIA_24,2021,0.0720216035842895,0.0,0.0,6,27
NOVEL_DIA_23,2021,0.0487459301948547,0.0,0.0,0,35
NOVEL_MT_262,2021,0.0434858202934265,0.0,0.0,2,24
NOVEL_DIA_20,2021,0.064821720123291,0.0,0.0,10,42
NOVEL_DIA_18,2021,0.060137391090393,0.0,0.0,15,52
NOVEL_DIA_17,2021,0.0489319562911987,0.0,0.0,24,48
NOVEL_DIA_16,2021,0.0246648788452148,0.0,0.0,37,46
NOVEL_DIA_14,2021,0.0524448156356811,0.0,0.0,1,32
NOVEL_DIA_13,2021,0.0686618685722351,0.0,0.0,12,64
NOVEL_DIA_12,2021,0.0734307169914245,0.0,0.0,1,8
NOVEL_DIA_11,2021,0.0163288116455078,0.0,0.0,57,39
NOVEL_DIA_10,2021,0.0528451204299926,0.0,0.0,14,70
NOVEL_DIA_8,2021,0.0142814517021179,0.0,0.0,18,28
NOVEL_DIA_0,2021,0.0544085502624511,0.0,0.0,0,23
NOVEL_MT_245,2021,0.0100417137145996,0.0,0.0,25,64
NOVEL_MT_277,2021,0.060855746269226,0.0,0.0,16,30
NOVEL_MT_275,2021,0.0401657223701477,0.0,0.0,16,46
NOVEL_MT_274,2021,0.0428448915481567,0.0,0.0,9,44
NOVEL_MT_255,2021,0.0097009539604187,0.0,0.0,181,37
NOVEL_SA_69,2021,0.0142170190811157,0.0,0.0,67,34
NOVEL_SA_67,2021,0.066968560218811,0.0,0.0,3,48
NOVEL_MT_254,2021,0.0275409817695617,0.0,0.0,98,59
NOVEL_MT_253,2021,0.0832552909851074,0.0,0.0,8,0
NOVEL_MT_252,2021,0.018698513507843,0.0,0.0,10,55
NOVEL_MT_250,2021,0.010467529296875,0.0,0.0,55,56
NOVEL_MT_247,2021,0.0497721433639526,0.0,0.0,1,28
NOVEL_MT_246,2021,0.0605637431144714,0.0,0.0,1,13
NOVEL_SA_46,2021,0.0623162388801574,0.0,0.0,7,52
NOVEL_MT_243,2021,0.0162261724472045,0.0,0.0,16,38
NOVEL_MT_271,2021,0.0612425804138183,0.0,0.0,18,55
NOVEL_MT_270,2021,0.053554356098175,0.0,0.0,0,19
NOVEL_MT_269,2021,0.0638778805732727,0.0,0.0,6,0
NOVEL_MT_268,2021,0.0546995401382446,0.0,0.0,0,28
NOVEL_QA_83,2021,0.0645781755447387,0.0,0.0,10,48
NOVEL_MT_284,2021,0.0135452151298522,0.0,0.0,137,57
NOVEL_MT_283,2021,0.0559711456298828,0.0,0.0,3,29
NOVEL_MT_266,2021,0.014283001422882,0.0,0.0,18,41
NOVEL_MT_265,2021,0.0732668042182922,0.0,0.0,6,13
NOVEL_MT_264,2021,0.0546649098396301,0.0,0.0,1,37
NOVEL_MT_39,2021,0.0490661859512329,0.0,0.0,17,52
NOVEL_MT_45,2021,0.0714361071586608,0.0,0.0,2,0
NOVEL_MT_42,2021,0.0608364343643188,0.0,0.0,31,58
NOVEL_MT_62,2021,0.0474864840507507,0.0,0.0,9,56
NOVEL_MT_61,2021,0.055061936378479,0.0,0.0,3,33
NOVEL_MT_54,2021,0.0148966908454895,0.0,0.0,53,43
NOVEL_MT_26,2021,0.0491483807563781,0.0,0.0,15,27
NOVEL_MT_25,2021,0.0508495569229126,0.0,0.0,29,60
NOVEL_MT_24,2021,0.0097430348396301,0.0,0.0,70,44
NOVEL_MT_23,2021,0.065933883190155,0.0,0.0,1,21
NOVEL_MT_21,2021,0.0777055621147155,0.0,0.0,2,60
NOVEL_MT_19,2021,0.0486133694648742,0.0,0.0,0,13
NOVEL_MT_40,2021,0.015893280506134,0.0,0.0,1,41
NOVEL_MT_47,2021,0.0115679502487182,0.0,0.0,11,26
NOVEL_MT_37,2021,0.0106000900268554,0.0,0.0,23,74
NOVEL_MT_35,2021,0.0768623352050781,0.0,0.0,2,10
NOVEL_MT_31,2021,0.0894726514816284,0.0,0.0,1,27
NOVEL_MT_29,2021,0.0598964691162109,0.0,0.0,0,26
NOVEL_MT_10,2021,0.0472601652145385,0.0,0.0,13,44
NOVEL_MT_5,2021,0.052175223827362,0.0,0.0,13,34
NOVEL_MT_4,2021,0.0604239702224731,0.0,0.0,0,23
NOVEL_MT_2,2021,0.0501843690872192,0.0,0.0,12,71
NOVEL_MT_0,2021,0.0571557283401489,0.0,0.0,0,24
NOVEL_SA_50,2021,0.0546754598617553,0.0,0.0,19,29
NOVEL_MT_207,2021,0.0141471028327941,0.0,0.0,5,18
NOVEL_MT_185,2021,0.0226519703865051,0.0,0.0,22,44
NOVEL_MT_88,2021,0.0504192113876342,0.0,0.0,33,41
NOVEL_MT_74,2021,0.0408647656440734,0.0,0.0,1,28
NOVEL_MT_71,2021,0.0610439181327819,0.0,0.0,4,11
NOVEL_MT_67,2021,0.0488006472587585,0.0,0.0,0,33
NOVEL_MT_66,2021,0.0131217241287231,0.0,0.0,16,45
NOVEL_MT_64,2021,0.0503305196762084,0.0,0.0,6,62
NOVEL_MT_63,2021,0.0214989781379699,0.0,0.0,6,40
NOVEL_QA_1,2021,0.0600708127021789,0.0,0.0,1,0
NOVEL_QA_0,2021,0.0152543783187866,0.0,0.0,48,90
NOVEL_MT_189,2021,0.0254493951797485,0.0,0.0,7,21
NOVEL_MT_187,2021,0.0097801089286804,0.0,0.0,37,28
NOVEL_MT_186,2021,0.0111535191535949,0.0,0.0,20,45
NOVEL_MT_208,2021,0.0184099078178405,0.0,0.0,66,45
NOVEL_MT_183,2021,0.0685495138168335,0.0,0.0,5,79
NOVEL_MT_182,2021,0.0492897033691406,0.0,0.0,19,51
NOVEL_MT_181,2021,0.0565067529678344,0.0,0.0,4,44
NOVEL_MT_180,2021,0.0175340771675109,0.0,0.0,1,27
NOVEL_MT_179,2021,0.0122483968734741,0.0,0.0,37,52
NOVEL_MT_177,2021,0.0603049993515014,0.0,0.0,22,57
NOVEL_MT_174,2021,0.0579406023025512,0.0,0.0,8,1
NOVEL_MT_172,2021,0.0190320014953613,0.0,0.0,13,38
NOVEL_MT_53,2021,0.028229534626007,0.0,0.0,1,37
NOVEL_MT_52,2021,0.047078788280487,0.0,0.0,8,35
NOVEL_MT_49,2021,0.0564181208610534,0.0,0.0,2,26
NOVEL_SA_26,2021,0.0684860944747924,0.0,0.0,0,33
NOVEL_MT_205,2021,0.0545263290405273,0.0,0.0,7,54
NOVEL_SA_8,2021,0.0238895416259765,0.0,0.0,11,49
NOVEL_SA_7,2021,0.0100947618484497,0.0,0.0,273,55
NOVEL_SA_4,2021,0.0178402662277221,0.0,0.0,46,28
NOVEL_SA_3,2021,0.0237239599227905,0.0,0.0,108,51
NOVEL_SA_2,2021,0.0196982622146606,0.0,0.0,66,39
NOVEL_SA_1,2021,0.0506912469863891,0.0,0.0,10,67
NOVEL_SA_0,2021,0.0266367197036743,0.0,0.0,21,52
NOVEL_SA_30,2021,0.0675023794174194,0.0,0.0,45,67
NOVEL_SA_66,2021,0.0533643960952758,0.0,0.0,9,42
NOVEL_SA_28,2021,0.0569704174995422,0.0,0.0,17,90
NOVEL_SA_27,2021,0.0571178197860717,0.0,0.0,3,39
NOVEL_SA_9,2021,0.0542232394218444,0.0,0.0,1,63
NOVEL_SA_25,2021,0.0239639282226562,0.0,0.0,28,59
NOVEL_SA_24,2021,0.0583426356315612,0.0,0.0,11,18
NOVEL_SA_22,2021,0.0584368705749511,0.0,0.0,5,51
NOVEL_SA_21,2021,0.0493074655532836,0.0,0.0,8,24
NOVEL_SA_20,2021,0.026889145374298,0.0,0.0,35,34
NOVEL_SA_19,2021,0.0151264071464538,0.0,0.0,23,26
NOVEL_SA_18,2021,0.0466614961624145,0.0,0.0,39,40
NOVEL_SA_17,2021,0.0180720090866088,0.0,0.0,156,51
NOVEL_SA_16,2021,0.0452824831008911,0.0,0.0,99,45
NOVEL_SA_15,2021,0.0590952634811401,0.0,0.0,122,48
NOVEL_SA_14,2021,0.0101944208145141,0.0,0.0,143,53
NOVEL_SA_51,2021,0.0285884737968444,0.0,0.0,325,48
NOVEL_MT_215,2021,0.0155704617500305,0.0,0.0,34,59
NOVEL_MT_202,2021,0.0133028030395507,0.0,0.0,12,55
NOVEL_MT_198,2021,0.0098625421524047,0.0,0.0,13,32
NOVEL_MT_193,2021,0.0664495229721069,0.0,0.0,5,22
NOVEL_MT_192,2021,0.0581879615783691,0.0,0.0,15,38
NOVEL_MT_190,2021,0.0727378726005554,0.0,0.0,3,29
NOVEL_MT_227,2021,0.0564144253730773,0.0,0.0,37,45
NOVEL_MT_224,2021,0.0144195556640625,0.0,0.0,27,61
NOVEL_MT_221,2021,0.0483463406562805,0.0,0.0,12,56
NOVEL_MT_219,2021,0.0580732226371765,0.0,0.0,1,29
NOVEL_MT_218,2021,0.0567677617073059,0.0,0.0,4,34
NOVEL_SA_10,2021,0.0548415184020996,0.0,0.0,0,35
NOVEL_MT_214,2021,0.0637636184692382,0.0,0.0,9,44
NOVEL_MT_17,2021,0.0714616775512695,0.0,0.0,1,29
NOVEL_MT_16,2021,0.0538738965988159,0.0,0.0,20,44
NOVEL_MT_15,2021,0.0094282031059265,0.0,0.0,58,38
NOVEL_MT_11,2021,0.019478440284729,0.0,0.0,17,55
NOVEL_SA_29,2021,0.0266368985176086,0.0,0.0,32,42
NOVEL_SA_13,2021,0.0209711194038391,0.0,0.0,49,45
NOVEL_SA_49,2021,0.008472740650177,0.0,0.0,113,41
NOVEL_SA_12,2021,0.0550742149353027,0.0,0.0,60,46
NOVEL_SA_11,2021,0.0592514276504516,0.0,0.0,3,42
NOVEL_MT_244,2022,0.0527283549308776,0.0,0.0,4,30
NOVEL_MT_60,2022,0.0583652257919311,0.0,0.0,7,0
NOVEL_MT_280,2022,0.0222096443176269,0.0,0.0,10,35
NOVEL_MT_306,2024,0.0531942248344421,0.0,0.0,8,28
NOVEL_MT_188,2025,0.3841414451599121,0.0,0.0,6,0
