paper_id,split,domain,tsne_x,tsne_y
SKG_MT_1151,SKG,MT,-43.00232,32.4323
SKG_SUM_67,SKG,SUM,-22.164751,11.410172
SKG_MT_287,SKG,MT,-26.009232,28.804455
SKG_SUM_83,SKG,SUM,46.184814,-13.848868
SKG_SUM_42,SKG,SUM,-41.71486,3.672392
SKG_MT_1074,SKG,MT,-22.62633,29.589373
SKG_PAR_202,SKG,PAR,-22.20559,30.917643
SKG_MT_390,SKG,MT,-21.583141,38.63705
SKG_MT_488,SKG,MT,-44.361874,34.17734
SKG_MT_157,SKG,MT,-37.419266,32.337982
SKG_SUM_7,SKG,SUM,-32.909794,9.957049
SKG_MT_194,SKG,MT,-6.9386487,51.14266
SKG_MT_478,SKG,MT,-37.052452,27.458887
SKG_MT_1199,SKG,MT,-42.258205,29.856361
SKG_MT_196,SKG,MT,-2.9779506,39.792686
SKG_PAR_219,SKG,PAR,-40.033417,5.2810946
SKG_MT_174,SKG,MT,-7.4656014,16.843765
SKG_QA_101,SKG,QA,-29.372967,38.187626
SKG_MT_1231,SKG,MT,20.134968,50.507355
SKG_MT_15,SKG,MT,-11.34217,44.834026
SKG_MT_17,SKG,MT,-23.546844,42.62343
SKG_MT_1232,SKG,MT,-30.120476,31.037487
SKG_MT_603,SKG,MT,-19.991499,39.162395
SKG_MT_567,SKG,MT,-22.737696,33.05809
SKG_MT_61,SKG,MT,-11.435644,22.151361
SKG_SA_544,SKG,SA,-13.406098,7.9268937
SKG_MT_968,SKG,MT,-18.806484,46.50467
SKG_MT_547,SKG,MT,-14.884833,41.333466
SKG_PAR_87,SKG,PAR,-16.668802,31.957571
SKG_DIA_104,SKG,DIA,8.689097,16.575317
SKG_PAR_69,SKG,PAR,-21.255379,25.472422
SKG_MT_137,SKG,MT,-23.006613,46.36975
SKG_MT_606,SKG,MT,-33.948723,35.37416
SKG_SA_527,SKG,SA,-31.913305,6.459729
SKG_MT_585,SKG,MT,-17.003101,43.795925
SKG_MT_646,SKG,MT,-15.999777,52.9641
SKG_QA_416,SKG,QA,-15.61725,8.998345
SKG_MT_660,SKG,MT,-15.920169,42.589153
SKG_MT_388,SKG,MT,-33.889606,36.560448
SKG_MT_1313,SKG,MT,-17.457523,36.860256
SKG_SA_83,SKG,SA,-35.144054,9.139191
SKG_MT_795,SKG,MT,-36.06578,33.6889
SKG_MT_1384,SKG,MT,-43.82282,27.700762
SKG_MT_1167,SKG,MT,-18.806376,46.504585
SKG_MT_853,SKG,MT,0.973852,16.931395
SKG_MT_838,SKG,MT,-45.65132,23.105314
SKG_MT_850,SKG,MT,-15.304078,26.24654
SKG_MT_1325,SKG,MT,-18.862566,24.867949
SKG_SA_217,SKG,SA,46.185543,-13.848868
SKG_MT_1320,SKG,MT,-1.0119945,45.97542
SKG_SA_420,SKG,SA,-3.4979775,3.2209976
SKG_MT_1375,SKG,MT,-18.806477,46.504658
SKG_MT_1394,SKG,MT,-1.0119885,45.975464
SKG_MT_1193,SKG,MT,-38.347244,37.46742
SKG_MT_715,SKG,MT,-42.14688,27.253273
SKG_DIA_209,SKG,DIA,-13.191843,-8.335378
SKG_DIA_210,SKG,DIA,-16.571217,-10.389368
SKG_MT_743,SKG,MT,-19.86504,22.942394
SKG_MT_771,SKG,MT,-13.240675,19.811613
SKG_MT_620,SKG,MT,-21.592602,41.352573
SKG_MT_964,SKG,MT,-6.405564,40.791386
SKG_MT_966,SKG,MT,-3.9081976,45.687557
SKG_MT_1227,SKG,MT,0.20606191,14.933498
SKG_MT_1220,SKG,MT,-18.738443,24.977545
SKG_MT_1399,SKG,MT,-30.86824,30.875488
SKG_QA_392,SKG,QA,-16.575953,30.09957
SKG_MT_595,SKG,MT,-19.866205,22.982227
SKG_QA_302,SKG,QA,-3.5212862,12.163099
SKG_MT_962,SKG,MT,-31.983871,-9.294958
SKG_QA_240,SKG,QA,11.165935,26.978283
SKG_PAR_14,SKG,PAR,-22.00825,34.077988
SKG_MT_496,SKG,MT,-31.66144,26.815802
SKG_MT_565,SKG,MT,-5.0097594,45.317974
SKG_PAR_34,SKG,PAR,-24.75837,32.721916
SKG_MT_58,SKG,MT,-20.185165,39.161514
SKG_MT_557,SKG,MT,-2.4318204,19.719967
SKG_MT_87,SKG,MT,-29.035583,36.76557
SKG_SA_567,SKG,SA,-4.1675653,4.5030155
SKG_PAR_94,SKG,PAR,-23.682442,31.91385
SKG_MT_409,SKG,MT,-16.367197,48.81519
SKG_MT_144,SKG,MT,-42.455723,28.358643
SKG_MT_117,SKG,MT,-34.962418,23.212103
SKG_MT_1024,SKG,MT,-23.741549,23.230043
SKG_SA_505,SKG,SA,-14.14921,10.635506
SKG_MT_1306,SKG,MT,-22.626802,31.934113
SKG_SA_192,SKG,SA,-5.673235,41.05803
SKG_SA_181,SKG,SA,-3.535825,-41.265697
SKG_DIA_253,SKG,DIA,11.054372,16.709642
SKG_MT_789,SKG,MT,-43.834503,32.683853
SKG_MT_1330,SKG,MT,-17.718128,53.143246
SKG_DIA_288,SKG,DIA,-18.834728,-7.9729166
SKG_MT_881,SKG,MT,-15.785275,38.55789
SKG_SA_343,SKG,SA,-57.85813,8.51975
SKG_SA_351,SKG,SA,-5.5216646,22.761219
SKG_SUM_130,SKG,SUM,-0.640017,46.64219
SKG_SUM_110,SKG,SUM,11.165951,26.978277
SKG_MT_800,SKG,MT,-13.386419,16.64954
SKG_MT_1277,SKG,MT,-18.907242,35.37753
SKG_MT_697,SKG,MT,-31.910328,35.5577
SKG_DIA_213,SKG,DIA,-16.752245,-10.539974
SKG_MT_712,SKG,MT,-14.346493,17.561184
SKG_SA_77,SKG,SA,-54.095257,6.4617796
SKG_MT_919,SKG,MT,-25.693106,29.23443
SKG_MT_820,SKG,MT,-16.48017,45.550926
SKG_SA_423,SKG,SA,-56.57261,0.9189577
SKG_MT_813,SKG,MT,-33.719357,36.533318
SKG_DIA_233,SKG,DIA,-1.6585922,42.56413
SKG_QA_336,SKG,QA,-31.983692,-9.295015
SKG_MT_1003,SKG,MT,-15.254272,37.025818
SKG_MT_440,SKG,MT,-16.428825,24.63871
SKG_MT_308,SKG,MT,-6.355594,49.731247
SKG_MT_1132,SKG,MT,58.85431,-7.1413507
SKG_MT_300,SKG,MT,-24.211405,30.912289
SKG_MT_368,SKG,MT,-14.422367,18.119272
SKG_SUM_80,SKG,SUM,8.5827,22.77162
SKG_PAR_215,SKG,PAR,-11.817327,21.396643
SKG_PAR_89,SKG,PAR,-21.592497,41.352634
SKG_SUM_45,SKG,SUM,7.907972,23.587997
SKG_MT_280,SKG,MT,-51.60159,-2.036262
SKG_QA_5,SKG,QA,1.8299071,11.114354
SKG_MT_1111,SKG,MT,58.85431,-7.1413507
SKG_MT_286,SKG,MT,-11.006961,42.97271
SKG_MT_1129,SKG,MT,-3.9081788,45.68729
SKG_MT_389,SKG,MT,62.96781,-13.835027
SKG_MT_283,SKG,MT,-44.05706,24.085596
SKG_SUM_72,SKG,SUM,8.828693,21.820251
SKG_MT_234,SKG,MT,-17.83481,30.848988
SKG_MT_1191,SKG,MT,5.398851,50.926094
SKG_MT_1400,SKG,MT,-16.245193,39.371143
SKG_QA_417,SKG,QA,11.188325,16.72454
SKG_MT_622,SKG,MT,1.5253417,14.655592
SKG_MT_1425,SKG,MT,-15.4410515,48.82604
SKG_DIA_182,SKG,DIA,8.666127,16.555433
SKG_MT_1236,SKG,MT,10.92763,13.706914
SKG_MT_945,SKG,MT,-22.632208,32.436516
SKG_MT_7,SKG,MT,-30.611256,35.904213
SKG_MT_576,SKG,MT,0.64924145,56.802994
SKG_SA_554,SKG,SA,-8.8769045,16.649294
SKG_MT_613,SKG,MT,-26.400558,25.433996
SKG_MT_1473,SKG,MT,-27.212349,28.15627
SKG_MT_92,SKG,MT,-8.287689,34.1092
SKG_QA_203,SKG,QA,-28.035816,-7.6058326
SKG_MT_78,SKG,MT,-11.673206,25.924185
SKG_MT_981,SKG,MT,10.652166,13.735303
SKG_MT_74,SKG,MT,-51.120956,21.461514
SKG_QA_219,SKG,QA,72.89528,18.707777
SKG_MT_89,SKG,MT,-8.632005,37.59654
SKG_MT_85,SKG,MT,-43.472523,32.75898
SKG_MT_131,SKG,MT,-28.085028,37.748604
SKG_SA_565,SKG,SA,-3.2358932,8.398089
SKG_MT_535,SKG,MT,-34.75286,33.32578
SKG_MT_550,SKG,MT,58.129177,-1.2406156
SKG_MT_93,SKG,MT,-20.671627,32.114193
SKG_PAR_3,SKG,PAR,-22.815857,26.651968
SKG_MT_415,SKG,MT,-6.8576083,9.485941
SKG_MT_480,SKG,MT,6.109428,16.757357
SKG_MT_1228,SKG,MT,-34.74204,32.06331
SKG_MT_1209,SKG,MT,-20.045002,45.931858
SKG_MT_453,SKG,MT,-49.764446,-1.0734885
SKG_MT_469,SKG,MT,-19.828217,43.25853
SKG_MT_239,SKG,MT,-19.896875,30.857471
SKG_SUM_59,SKG,SUM,10.138009,24.571045
SKG_MT_1077,SKG,MT,-17.623322,19.59129
SKG_MT_1065,SKG,MT,-17.698412,27.657364
SKG_PAR_200,SKG,PAR,-21.602324,22.463562
SKG_MT_259,SKG,MT,-13.806313,20.28783
SKG_PAR_127,SKG,PAR,-7.460885,38.001442
SKG_MT_410,SKG,MT,-23.16896,35.768993
SKG_MT_373,SKG,MT,-10.625136,-18.095045
SKG_SUM_97,SKG,SUM,72.89528,18.707777
SKG_MT_1175,SKG,MT,72.89528,18.707777
SKG_MT_1177,SKG,MT,-17.376425,43.48827
SKG_MT_1062,SKG,MT,-15.983035,40.809795
SKG_MT_1276,SKG,MT,-34.74211,32.063377
SKG_MT_724,SKG,MT,-38.185295,32.89156
SKG_QA_487,SKG,QA,-34.938087,-7.0974336
SKG_MT_451,SKG,MT,8.828657,21.820332
SKG_DIA_231,SKG,DIA,10.232273,16.944487
SKG_MT_1395,SKG,MT,-30.112783,16.584929
SKG_MT_1376,SKG,MT,-15.574489,45.26775
SKG_SA_148,SKG,SA,-55.48888,3.7067668
SKG_MT_1421,SKG,MT,-8.287587,34.109043
SKG_SA_5,SKG,SA,-51.34525,20.938421
SKG_MT_788,SKG,MT,-5.513376,6.767172
SKG_MT_835,SKG,MT,-31.662157,36.498703
SKG_MT_832,SKG,MT,-19.761408,16.602604
SKG_MT_1349,SKG,MT,-35.144764,34.77688
SKG_MT_1361,SKG,MT,-17.530794,29.52921
SKG_MT_1327,SKG,MT,-38.240273,37.555023
SKG_SA_268,SKG,SA,-56.769257,7.616995
SKG_MT_865,SKG,MT,-11.865743,53.432846
SKG_SA_24,SKG,SA,-9.759039,32.96259
SKG_MT_1165,SKG,MT,-28.268427,37.62468
SKG_MT_1174,SKG,MT,-4.522215,53.19401
SKG_MT_346,SKG,MT,-35.421413,36.76363
SKG_SUM_147,SKG,SUM,10.257145,24.899557
SKG_SUM_193,SKG,SUM,-29.247292,16.127827
SKG_MT_1090,SKG,MT,-20.652418,29.456257
SKG_MT_376,SKG,MT,-24.331013,25.20385
SKG_PAR_204,SKG,PAR,-31.399471,34.637093
SKG_MT_332,SKG,MT,-14.316531,44.86841
SKG_MT_337,SKG,MT,-22.11858,31.303772
SKG_MT_372,SKG,MT,-37.980038,29.014257
SKG_MT_375,SKG,MT,-29.425367,46.84472
SKG_MT_371,SKG,MT,-36.427322,35.568645
SKG_SA_306,SKG,SA,-1.6869342,5.3347516
SKG_SA_296,SKG,SA,-3.2537782,7.499741
SKG_MT_824,SKG,MT,0.2792127,53.99462
SKG_MT_290,SKG,MT,-43.379166,8.211492
SKG_MT_282,SKG,MT,-13.178613,40.553844
SKG_MT_268,SKG,MT,-27.785866,29.846401
SKG_MT_277,SKG,MT,-22.214298,35.88091
SKG_SA_318,SKG,SA,-33.99814,4.2109847
SKG_MT_1326,SKG,MT,-36.43782,31.40151
SKG_PAR_139,SKG,PAR,-31.702723,33.108143
SKG_MT_829,SKG,MT,-22.736967,22.123482
SKG_SUM_0,SKG,SUM,-23.926619,6.6405272
SKG_SA_229,SKG,SA,-0.31181493,11.083593
SKG_MT_1324,SKG,MT,-17.515867,12.488195
SKG_QA_3,SKG,QA,5.0769243,40.37397
SKG_MT_1290,SKG,MT,-24.56104,25.223814
SKG_MT_869,SKG,MT,-15.148835,40.10216
SKG_MT_225,SKG,MT,-31.682856,35.48965
SKG_MT_1310,SKG,MT,-18.008377,23.773771
SKG_MT_1069,SKG,MT,-16.245127,24.59568
SKG_MT_845,SKG,MT,-20.462255,37.54938
SKG_SUM_34,SKG,SUM,-41.868904,34.880257
SKG_MT_1082,SKG,MT,-40.894848,29.640717
SKG_PAR_52,SKG,PAR,-24.272911,26.892769
SKG_MT_515,SKG,MT,-6.4708967,13.538688
SKG_QA_84,SKG,QA,-15.184689,-4.3858914
SKG_MT_885,SKG,MT,-30.487967,36.431114
SKG_MT_1386,SKG,MT,-25.375006,22.64693
SKG_MT_740,SKG,MT,-16.15923,45.813087
SKG_MT_741,SKG,MT,-47.214714,25.809261
SKG_SA_111,SKG,SA,-29.034412,7.2383075
SKG_SA_577,SKG,SA,3.4378774,45.53512
SKG_SA_557,SKG,SA,1.4482713,5.63827
SKG_MT_1211,SKG,MT,-6.932434,9.263953
SKG_SA_469,SKG,SA,5.32678,52.034863
SKG_SA_191,SKG,SA,-5.306287,4.112143
SKG_PAR_56,SKG,PAR,-34.20324,14.759156
SKG_MT_891,SKG,MT,-19.414858,42.751713
SKG_PAR_53,SKG,PAR,-8.055838,8.843689
SKG_MT_156,SKG,MT,-12.054988,40.594624
SKG_MT_147,SKG,MT,-16.714722,50.82563
SKG_MT_500,SKG,MT,-48.998318,21.786528
SKG_SA_590,SKG,SA,0.24241056,5.9622974
SKG_MT_1225,SKG,MT,-2.9136899,10.864199
SKG_QA_20,SKG,QA,-21.34161,24.036268
SKG_MT_150,SKG,MT,-16.164139,27.117346
SKG_MT_200,SKG,MT,-15.732907,31.275066
SKG_MT_178,SKG,MT,-16.861433,36.968006
SKG_MT_481,SKG,MT,-14.351708,47.777798
SKG_QA_12,SKG,QA,-34.139072,-8.506333
SKG_MT_180,SKG,MT,-10.819501,19.132103
SKG_SA_435,SKG,SA,10.853817,50.792786
SKG_SA_414,SKG,SA,9.167959,43.328575
SKG_PAR_106,SKG,PAR,-4.9365325,10.527413
SKG_MT_1036,SKG,MT,-18.300396,31.46415
SKG_MT_100,SKG,MT,-15.8729515,18.573263
SKG_MT_719,SKG,MT,-10.173244,40.98752
SKG_SA_32,SKG,SA,-3.9619036,22.30434
SKG_PAR_20,SKG,PAR,-28.14251,26.560566
SKG_SA_48,SKG,SA,-4.7213397,7.961276
SKG_SA_40,SKG,SA,5.1292725,47.39125
SKG_SA_609,SKG,SA,-4.4953394,3.67435
SKG_SA_597,SKG,SA,43.178364,22.692348
SKG_MT_80,SKG,MT,-41.188847,34.181026
SKG_MT_1429,SKG,MT,-12.8317585,43.744865
SKG_MT_21,SKG,MT,-19.564314,30.643084
SKG_QA_334,SKG,QA,2.0846112,24.028133
SKG_SA_4,SKG,SA,43.17818,22.692366
SKG_MT_572,SKG,MT,-42.318066,23.35192
SKG_QA_424,SKG,QA,-23.29721,-7.7792306
SKG_MT_1101,SKG,MT,-42.499104,24.552958
SKG_MT_22,SKG,MT,-34.139023,-8.506308
SKG_SUM_155,SKG,SUM,-39.815125,-12.950308
SKG_SUM_154,SKG,SUM,10.7237215,25.804184
SKG_SUM_180,SKG,SUM,-38.434525,5.663798
SKG_MT_1169,SKG,MT,-27.226845,32.797817
SKG_SUM_76,SKG,SUM,-36.867153,-8.449032
SKG_MT_305,SKG,MT,-38.38634,34.297604
SKG_MT_314,SKG,MT,-10.589472,16.133858
SKG_MT_1048,SKG,MT,-15.146091,34.39243
SKG_SA_526,SKG,SA,-35.768402,2.6340654
SKG_SA_484,SKG,SA,9.400926,50.631794
SKG_MT_922,SKG,MT,-25.910164,47.72167
SKG_MT_955,SKG,MT,-41.07088,30.698189
SKG_MT_1248,SKG,MT,-7.745446,19.504095
SKG_MT_1242,SKG,MT,-17.175182,17.672935
SKG_MT_1244,SKG,MT,-38.057743,29.096106
SKG_MT_1461,SKG,MT,3.5693877,27.07665
SKG_MT_708,SKG,MT,-16.774107,26.35905
SKG_MT_706,SKG,MT,-17.62829,27.639194
SKG_MT_707,SKG,MT,-22.150795,48.92357
SKG_MT_705,SKG,MT,-21.635191,36.17725
SKG_MT_641,SKG,MT,-9.194369,13.246971
SKG_MT_1437,SKG,MT,-0.014200741,14.763803
SKG_QA_385,SKG,QA,-18.370205,6.2713213
SKG_MT_14,SKG,MT,-28.154165,39.293716
SKG_MT_1280,SKG,MT,-28.263254,35.04265
SKG_MT_940,SKG,MT,-21.8977,22.139477
SKG_MT_973,SKG,MT,-42.836487,30.831663
SKG_MT_748,SKG,MT,-18.56124,25.929617
SKG_DIA_220,SKG,DIA,-3.2949054,12.670846
SKG_MT_752,SKG,MT,-34.913006,36.428345
SKG_MT_44,SKG,MT,-26.215141,28.636751
SKG_MT_77,SKG,MT,-34.157646,33.062572
SKG_MT_591,SKG,MT,-35.02228,40.23332
SKG_QA_193,SKG,QA,-37.35397,-6.279854
SKG_MT_91,SKG,MT,-7.456209,5.0186563
SKG_MT_682,SKG,MT,-39.299366,31.877571
SKG_MT_681,SKG,MT,-32.40832,31.169672
SKG_MT_725,SKG,MT,-19.141424,28.033432
SKG_MT_79,SKG,MT,-18.800568,37.32832
SKG_MT_1282,SKG,MT,-35.448982,36.649887
SKG_MT_94,SKG,MT,-15.741718,16.133646
SKG_SUM_40,SKG,SUM,-42.569725,35.09834
SKG_MT_220,SKG,MT,2.3820636,42.846375
SKG_SA_278,SKG,SA,13.180159,44.739094
SKG_MT_868,SKG,MT,-38.276424,16.86517
SKG_MT_1030,SKG,MT,-6.589841,51.53463
SKG_SUM_43,SKG,SUM,-34.88796,-13.766446
SKG_MT_97,SKG,MT,-15.310856,40.179768
SKG_PAR_35,SKG,PAR,30.224283,-14.532799
SKG_MT_710,SKG,MT,-53.853756,19.90455
SKG_SA_36,SKG,SA,-35.724552,10.7546215
SKG_SA_556,SKG,SA,8.220706,46.72707
SKG_SA_618,SKG,SA,9.95573,53.28657
SKG_SA_52,SKG,SA,11.355756,51.251205
SKG_MT_738,SKG,MT,-6.552618,15.977391
SKG_SA_118,SKG,SA,-4.020965,4.5229936
SKG_MT_790,SKG,MT,2.8396463,30.544373
SKG_MT_476,SKG,MT,-16.57802,43.669823
SKG_MT_770,SKG,MT,-35.742588,36.210613
SKG_MT_732,SKG,MT,-49.753166,28.569248
SKG_MT_1367,SKG,MT,-24.110205,37.90447
SKG_MT_913,SKG,MT,-18.043861,54.816387
SKG_MT_116,SKG,MT,-16.772106,19.73601
SKG_MT_169,SKG,MT,-27.99328,36.611416
SKG_MT_487,SKG,MT,1.0280913,19.38387
SKG_MT_1206,SKG,MT,-6.5783362,44.00805
SKG_MT_1213,SKG,MT,-17.122952,51.179317
SKG_PAR_113,SKG,PAR,-23.87609,33.31142
SKG_SA_283,SKG,SA,-35.72476,10.754631
SKG_SA_441,SKG,SA,12.598259,47.473473
SKG_MT_1316,SKG,MT,-5.529354,27.037153
SKG_MT_827,SKG,MT,-25.746275,36.423588
SKG_MT_828,SKG,MT,-7.974821,42.675697
SKG_SA_260,SKG,SA,2.2803268,6.2925367
SKG_SA_224,SKG,SA,11.236394,42.086918
SKG_SA_246,SKG,SA,-51.72255,5.548699
SKG_MT_187,SKG,MT,-2.5452654,11.215839
SKG_SUM_22,SKG,SUM,-24.799906,6.5068345
SKG_DIA_64,SKG,DIA,-11.139604,8.249493
SKG_MT_252,SKG,MT,44.91909,16.612627
SKG_MT_265,SKG,MT,-14.780081,28.471207
SKG_MT_266,SKG,MT,-20.632107,29.82957
SKG_SA_339,SKG,SA,5.094646,55.18788
SKG_SA_307,SKG,SA,-47.686348,8.607671
SKG_PAR_185,SKG,PAR,-20.669764,7.93602
SKG_MT_394,SKG,MT,-13.521493,45.601036
SKG_PAR_212,SKG,PAR,-23.117647,24.656775
SKG_MT_1127,SKG,MT,-0.74602824,20.265337
SKG_MT_1347,SKG,MT,52.80731,22.428137
SKG_MT_840,SKG,MT,-22.33225,28.1354
SKG_MT_1096,SKG,MT,-14.218756,38.73571
SKG_MT_319,SKG,MT,-12.423595,46.003872
SKG_MT_836,SKG,MT,-9.631142,54.559193
SKG_MT_331,SKG,MT,-38.638634,33.796577
SKG_DIA_298,SKG,DIA,9.088662,18.449856
SKG_MT_224,SKG,MT,-9.280196,50.03495
SKG_MT_1403,SKG,MT,-17.300648,21.609364
SKG_QA_404,SKG,QA,-20.669954,7.935938
SKG_MT_676,SKG,MT,-6.594436,46.26237
SKG_MT_1009,SKG,MT,-13.661473,26.886251
SKG_MT_1441,SKG,MT,-5.455361,44.56449
SKG_MT_680,SKG,MT,-14.54411,52.991947
SKG_MT_590,SKG,MT,-24.516138,35.79311
SKG_SA_449,SKG,SA,-23.673761,14.581428
SKG_SA_460,SKG,SA,4.2873116,55.644936
SKG_MT_545,SKG,MT,-18.08383,23.928406
SKG_MT_530,SKG,MT,-12.925248,43.841194
SKG_MT_586,SKG,MT,-27.75289,32.65294
SKG_DIA_211,SKG,DIA,-22.437214,-4.0129976
SKG_MT_1253,SKG,MT,-44.60188,23.07904
SKG_MT_560,SKG,MT,-16.439644,29.76017
SKG_MT_598,SKG,MT,-25.578825,26.96235
SKG_MT_647,SKG,MT,-20.777472,16.280666
SKG_MT_652,SKG,MT,-3.5383976,13.933002
SKG_MT_1252,SKG,MT,-4.581251,9.250302
SKG_SA_517,SKG,SA,4.2873163,55.644558
SKG_SA_530,SKG,SA,8.269357,47.394882
SKG_MT_931,SKG,MT,-16.949015,28.0154
SKG_SA_490,SKG,SA,-30.42168,5.4609895
SKG_SA_540,SKG,SA,5.394299,52.284966
SKG_MT_1474,SKG,MT,-31.966217,25.60928
SKG_SUM_145,SKG,SUM,-10.33515,-6.2430587
SKG_MT_1158,SKG,MT,-3.8848588,50.000233
SKG_MT_1060,SKG,MT,-16.00119,46.283474
SKG_MT_317,SKG,MT,-46.657997,15.820446
SKG_MT_1053,SKG,MT,-9.021068,17.007042
SKG_MT_359,SKG,MT,0.61289513,47.642895
SKG_MT_1046,SKG,MT,-29.094421,47.58751
SKG_SUM_68,SKG,SUM,-38.5454,5.316212
SKG_MT_1120,SKG,MT,-19.612122,34.94187
SKG_MT_1118,SKG,MT,43.03281,-15.988802
SKG_SUM_92,SKG,SUM,69.05105,15.813593
SKG_SUM_64,SKG,SUM,45.503647,35.95794
SKG_SUM_178,SKG,SUM,67.05652,18.011139
SKG_SUM_129,SKG,SUM,68.98711,14.644412
SKG_MT_642,SKG,MT,-18.357813,40.03101
SKG_SUM_177,SKG,SUM,-45.95578,3.6419983
SKG_MT_651,SKG,MT,-23.969048,37.622013
SKG_QA_328,SKG,QA,38.678955,34.523087
SKG_SA_531,SKG,SA,-4.7780395,3.3750653
SKG_QA_352,SKG,QA,-29.204208,13.795778
SKG_SA_535,SKG,SA,-22.753426,12.484067
SKG_QA_298,SKG,QA,3.1266642,22.605835
SKG_MT_18,SKG,MT,-13.904992,44.789104
SKG_SA_509,SKG,SA,67.50837,17.772373
SKG_MT_959,SKG,MT,66.39077,18.560219
SKG_MT_1004,SKG,MT,2.0545614,49.016407
SKG_SA_542,SKG,SA,-31.45714,8.568188
SKG_SA_545,SKG,SA,8.819504,53.10901
SKG_MT_615,SKG,MT,66.31856,18.311607
SKG_MT_1456,SKG,MT,68.743,16.867044
SKG_MT_24,SKG,MT,-10.05816,31.719204
SKG_QA_256,SKG,QA,-3.286466,-5.829902
SKG_MT_48,SKG,MT,-14.032003,55.171383
SKG_QA_438,SKG,QA,71.20875,15.607911
SKG_QA_423,SKG,QA,-18.299458,-5.6861796
SKG_QA_356,SKG,QA,71.40639,14.416331
SKG_QA_269,SKG,QA,1.7947421,53.92705
SKG_MT_1254,SKG,MT,-36.45702,32.585945
SKG_MT_971,SKG,MT,-39.136097,31.225212
SKG_QA_446,SKG,QA,70.807594,15.17167
SKG_MT_668,SKG,MT,-3.5150874,54.42327
SKG_PAR_84,SKG,PAR,69.88276,13.382163
SKG_SA_596,SKG,SA,13.171241,42.491528
SKG_SA_608,SKG,SA,-4.165264,1.4847322
SKG_MT_555,SKG,MT,0.7780056,20.195507
SKG_SA_78,SKG,SA,-10.770839,34.64881
SKG_SA_114,SKG,SA,69.74742,16.185963
SKG_SA_107,SKG,SA,10.033021,51.822212
SKG_SA_564,SKG,SA,11.757256,49.435333
SKG_MT_1380,SKG,MT,-2.4261963,47.466396
SKG_MT_471,SKG,MT,-11.710413,43.35335
SKG_MT_109,SKG,MT,-22.374424,13.69217
SKG_MT_900,SKG,MT,-28.244358,30.44242
SKG_PAR_79,SKG,PAR,70.24712,16.623667
SKG_MT_108,SKG,MT,-21.232271,12.500724
SKG_PAR_67,SKG,PAR,69.21325,15.854327
SKG_PAR_61,SKG,PAR,69.87399,18.07941
SKG_MT_699,SKG,MT,72.109695,14.624705
SKG_SA_458,SKG,SA,-12.335312,8.406816
SKG_SA_65,SKG,SA,53.02367,17.589102
SKG_MT_976,SKG,MT,-9.546785,18.502003
SKG_QA_168,SKG,QA,69.5182,13.897318
SKG_QA_155,SKG,QA,-35.61984,-7.6140585
SKG_SA_9,SKG,SA,6.5347505,50.681934
SKG_SA_437,SKG,SA,69.75903,15.3892
SKG_MT_1035,SKG,MT,-16.159462,45.813324
SKG_SA_293,SKG,SA,70.355606,15.450219
SKG_PAR_100,SKG,PAR,72.108185,14.579629
SKG_QA_107,SKG,QA,-46.324455,6.6879416
SKG_SA_592,SKG,SA,8.464815,48.235905
SKG_QA_28,SKG,QA,44.57372,25.869682
SKG_QA_15,SKG,QA,68.19015,17.112598
SKG_SA_143,SKG,SA,-48.827995,2.7910058
SKG_MT_1045,SKG,MT,-11.266947,47.133587
SKG_SUM_17,SKG,SUM,5.878506,22.73718
SKG_MT_429,SKG,MT,-10.886355,42.23824
SKG_SA_393,SKG,SA,8.988564,51.347034
SKG_SA_313,SKG,SA,8.635778,51.82696
SKG_MT_1085,SKG,MT,-8.611606,14.068558
SKG_DIA_40,SKG,DIA,-33.182198,13.741927
SKG_SA_410,SKG,SA,70.14776,14.594028
SKG_SA_401,SKG,SA,43.33185,34.288353
SKG_MT_320,SKG,MT,-21.532143,20.05716
SKG_MT_401,SKG,MT,-45.00595,32.484463
SKG_MT_384,SKG,MT,68.638985,16.544697
SKG_PAR_124,SKG,PAR,68.874466,14.913833
SKG_SA_334,SKG,SA,69.62362,16.766588
SKG_MT_854,SKG,MT,-25.577824,38.93845
SKG_MT_262,SKG,MT,-30.32492,42.073776
SKG_MT_1346,SKG,MT,57.93131,-1.5808581
SKG_MT_839,SKG,MT,69.57796,14.150534
SKG_MT_1333,SKG,MT,-7.7118106,43.111187
SKG_MT_1108,SKG,MT,-25.55343,39.19026
SKG_SUM_136,SKG,SUM,62.46086,11.929411
SKG_SUM_172,SKG,SUM,40.05709,34.245647
SKG_SUM_186,SKG,SUM,45.25568,33.476574
SKG_SUM_107,SKG,SUM,-24.05135,7.949385
SKG_SA_382,SKG,SA,13.275522,45.427437
SKG_SA_321,SKG,SA,11.959393,49.76753
SKG_MT_378,SKG,MT,1.7638825,48.59253
SKG_SA_323,SKG,SA,-23.698866,14.059636
SKG_PAR_116,SKG,PAR,70.94924,14.130528
SKG_MT_296,SKG,MT,2.652894,51.856033
SKG_MT_304,SKG,MT,69.651855,17.612919
SKG_SA_366,SKG,SA,11.298612,52.367035
SKG_MT_1293,SKG,MT,43.02815,-15.983399
SKG_MT_171,SKG,MT,65.66809,9.352029
SKG_MT_165,SKG,MT,-9.908086,32.602386
SKG_MT_428,SKG,MT,-39.116913,31.10394
SKG_MT_437,SKG,MT,-26.725193,38.27806
SKG_MT_809,SKG,MT,-9.60335,30.556513
SKG_SA_266,SKG,SA,-9.057161,23.746845
SKG_MT_441,SKG,MT,70.43246,15.55575
SKG_MT_815,SKG,MT,-37.296165,34.487717
SKG_MT_810,SKG,MT,-33.956024,25.068804
SKG_DIA_300,SKG,DIA,3.0847447,25.55993
SKG_MT_1295,SKG,MT,15.761125,15.347728
SKG_MT_1032,SKG,MT,-7.163067,18.823769
SKG_MT_221,SKG,MT,-14.922878,36.440895
SKG_MT_217,SKG,MT,-10.461736,36.655285
SKG_MT_405,SKG,MT,-20.516106,33.828064
SKG_SA_415,SKG,SA,10.777175,49.42824
SKG_SA_240,SKG,SA,70.23924,13.083445
SKG_SA_432,SKG,SA,69.954346,17.910965
SKG_DIA_275,SKG,DIA,-5.2749352,9.8803625
SKG_QA_407,SKG,QA,-12.863455,-1.1915051
SKG_QA_405,SKG,QA,-12.686613,-19.050676
SKG_DIA_153,SKG,DIA,47.219196,18.599312
SKG_MT_1,SKG,MT,-43.82946,19.489798
SKG_SA_504,SKG,SA,-50.405724,5.203316
SKG_SA_497,SKG,SA,-50.278606,4.0453067
SKG_SA_493,SKG,SA,-47.20823,2.4204645
SKG_DIA_204,SKG,DIA,12.754221,36.956284
SKG_MT_360,SKG,MT,-40.518227,25.226204
SKG_MT_1166,SKG,MT,-6.6322355,15.848578
SKG_MT_1160,SKG,MT,-45.010662,19.912361
SKG_SUM_85,SKG,SUM,-24.922516,16.535585
SKG_SA_463,SKG,SA,7.8126497,53.59084
SKG_MT_905,SKG,MT,-30.614975,42.15555
SKG_MT_901,SKG,MT,-40.914356,31.239283
SKG_MT_897,SKG,MT,42.923046,35.239796
SKG_QA_131,SKG,QA,3.0984085,50.567455
SKG_MT_895,SKG,MT,-5.864911,32.165627
SKG_QA_118,SKG,QA,-19.612385,3.4689004
SKG_MT_459,SKG,MT,-5.4914584,32.34192
SKG_MT_1314,SKG,MT,-34.997463,27.505344
SKG_QA_70,SKG,QA,-41.174725,3.762037
SKG_QA_63,SKG,QA,-44.420364,-4.815456
SKG_MT_731,SKG,MT,39.518715,35.4543
SKG_SA_566,SKG,SA,8.085675,52.893085
SKG_SA_583,SKG,SA,7.7907286,51.581566
SKG_SA_160,SKG,SA,-56.896873,8.037504
SKG_MT_1311,SKG,MT,42.516205,34.240364
SKG_DIA_109,SKG,DIA,15.550094,18.34021
SKG_SA_617,SKG,SA,7.2583475,52.017944
SKG_MT_698,SKG,MT,-37.391983,32.628254
SKG_MT_1264,SKG,MT,2.0609303,42.13713
SKG_MT_994,SKG,MT,-40.04558,23.022264
SKG_MT_513,SKG,MT,-20.667904,30.882689
SKG_MT_107,SKG,MT,-10.475333,42.653244
SKG_MT_103,SKG,MT,38.79505,35.976658
SKG_QA_182,SKG,QA,-19.005447,2.3823621
SKG_PAR_36,SKG,PAR,-24.174767,27.076845
SKG_SA_26,SKG,SA,7.5258427,52.58565
SKG_SA_17,SKG,SA,-45.339043,5.1607475
SKG_SUM_217,SKG,SUM,11.541454,24.242605
SKG_SA_85,SKG,SA,-5.31401,5.808332
SKG_SA_89,SKG,SA,0.985739,7.0764265
SKG_SA_41,SKG,SA,8.890054,48.82034
SKG_QA_197,SKG,QA,-19.399405,-0.08515141
SKG_QA_470,SKG,QA,20.970457,16.70372
SKG_PAR_9,SKG,PAR,-2.580305,54.088196
SKG_SA_8,SKG,SA,7.761831,54.762672
SKG_SA_462,SKG,SA,9.073227,49.09641
SKG_QA_340,SKG,QA,-21.521118,-2.2988272
SKG_QA_345,SKG,QA,1.3214654,42.963158
SKG_QA_312,SKG,QA,-8.020953,3.7650595
SKG_MT_658,SKG,MT,-19.324444,35.330833
SKG_QA_335,SKG,QA,-20.843235,-3.4939818
SKG_QA_337,SKG,QA,-22.006105,12.244481
SKG_MT_312,SKG,MT,38.87121,36.219963
SKG_MT_362,SKG,MT,-8.891451,25.322117
SKG_MT_365,SKG,MT,39.00261,35.89624
SKG_SUM_128,SKG,SUM,6.4689226,20.110184
SKG_PAR_7,SKG,PAR,-24.125309,28.419298
SKG_QA_419,SKG,QA,2.06093,42.13735
SKG_QA_366,SKG,QA,3.098409,50.56762
SKG_QA_376,SKG,QA,-24.700815,11.662084
SKG_QA_375,SKG,QA,-18.221903,-6.0422583
SKG_QA_261,SKG,QA,-32.624718,0.86312115
SKG_MT_960,SKG,MT,-37.7041,23.981888
SKG_MT_1233,SKG,MT,-12.297848,41.586723
SKG_MT_2,SKG,MT,-16.301683,33.83713
SKG_DIA_158,SKG,DIA,12.485509,37.716187
SKG_MT_673,SKG,MT,-33.161922,23.342842
SKG_QA_253,SKG,QA,-29.12391,9.432808
SKG_MT_574,SKG,MT,-32.54952,18.48473
SKG_QA_421,SKG,QA,-3.1638465,-5.621968
SKG_SA_238,SKG,SA,-55.541138,0.99630314
SKG_SA_431,SKG,SA,6.2643476,52.653976
SKG_SA_427,SKG,SA,10.818059,50.302532
SKG_MT_1304,SKG,MT,-14.595698,28.356617
SKG_MT_1298,SKG,MT,-52.674282,17.254148
SKG_SA_275,SKG,SA,-33.1324,29.190426
SKG_MT_1288,SKG,MT,-27.559944,28.240911
SKG_MT_215,SKG,MT,-11.66252,32.01854
SKG_MT_402,SKG,MT,-19.99624,28.555874
SKG_MT_230,SKG,MT,-14.020887,18.191626
SKG_MT_1029,SKG,MT,-43.20706,34.82163
SKG_MT_381,SKG,MT,44.085407,35.19255
SKG_SA_252,SKG,SA,-24.16796,10.111829
SKG_MT_1190,SKG,MT,-34.27623,24.574354
SKG_SA_634,SKG,SA,-47.895164,5.0687413
SKG_MT_431,SKG,MT,73.18677,14.857593
SKG_PAR_135,SKG,PAR,-33.854755,26.43675
SKG_SA_269,SKG,SA,5.366147,54.21872
SKG_MT_999,SKG,MT,1.3214653,42.96316
SKG_MT_201,SKG,MT,-16.988497,34.722164
SKG_MT_1230,SKG,MT,44.583805,36.619057
SKG_DIA_86,SKG,DIA,-45.684315,10.383646
SKG_SA_594,SKG,SA,-2.1647213,4.5852976
SKG_DIA_245,SKG,DIA,9.381586,13.645938
SKG_PAR_110,SKG,PAR,-38.12042,35.495758
SKG_MT_1219,SKG,MT,-23.358473,20.16198
SKG_MT_1229,SKG,MT,-30.90678,41.78103
SKG_SA_193,SKG,SA,10.751649,40.435272
SKG_SA_190,SKG,SA,4.4908786,54.32217
SKG_DIA_260,SKG,DIA,1.6448421,-11.555714
SKG_DIA_267,SKG,DIA,-18.579489,16.890623
SKG_SA_426,SKG,SA,-2.9504235,8.214151
SKG_SA_309,SKG,SA,5.3040266,53.440887
SKG_MT_241,SKG,MT,-16.301693,33.837578
SKG_PAR_223,SKG,PAR,-23.213686,27.564272
SKG_PAR_172,SKG,PAR,-1.8853133,39.70996
SKG_PAR_162,SKG,PAR,-7.4443903,6.869487
SKG_PAR_147,SKG,PAR,-8.297411,5.143125
SKG_MT_327,SKG,MT,-11.966538,51.000954
SKG_MT_370,SKG,MT,-20.127201,25.391582
SKG_PAR_182,SKG,PAR,-27.748018,-6.2625
SKG_DIA_310,SKG,DIA,-14.158812,-9.174251
SKG_SA_354,SKG,SA,9.301469,47.765842
SKG_SA_369,SKG,SA,0.73337764,7.145432
SKG_MT_247,SKG,MT,-5.7512937,29.47527
SKG_MT_237,SKG,MT,-7.0837746,20.546669
SKG_SUM_78,SKG,SUM,-17.697495,8.223741
SKG_SA_385,SKG,SA,12.754221,36.956318
SKG_PAR_175,SKG,PAR,-23.141489,22.775751
SKG_SUM_108,SKG,SUM,40.64411,35.087166
SKG_PAR_173,SKG,PAR,-27.322342,16.014408
SKG_DIA_15,SKG,DIA,-28.084757,-15.317934
SKG_SUM_190,SKG,SUM,-24.011585,6.6060643
SKG_MT_1105,SKG,MT,-20.671402,16.330729
SKG_MT_1138,SKG,MT,-1.8853325,39.709892
SKG_SUM_197,SKG,SUM,5.2181015,9.023741
SKG_SUM_191,SKG,SUM,68.52197,19.621918
SKG_SUM_109,SKG,SUM,-36.976376,24.05701
SKG_SUM_113,SKG,SUM,-35.249012,0.2981819
SKG_PAR_177,SKG,PAR,-21.159492,26.004671
SKG_PAR_176,SKG,PAR,-12.85056,56.23864
SKG_PAR_156,SKG,PAR,57.93131,-1.5808581
SKG_MT_321,SKG,MT,-24.435913,20.66184
SKG_PAR_210,SKG,PAR,-22.589645,26.932035
SKG_PAR_125,SKG,PAR,-15.92452,31.283371
SKG_PAR_122,SKG,PAR,-31.779947,16.808067
SKG_PAR_118,SKG,PAR,-9.55977,4.6193223
SKG_MT_1189,SKG,MT,-3.7327294,52.234722
SKG_MT_1037,SKG,MT,-5.7693944,53.989464
SKG_MT_1034,SKG,MT,-18.615124,55.38322
SKG_DIA_46,SKG,DIA,-2.7285771,9.01798
SKG_DIA_31,SKG,DIA,9.197546,16.976536
SKG_MT_1063,SKG,MT,-39.22976,22.687761
SKG_MT_1056,SKG,MT,20.725176,50.329872
SKG_MT_1222,SKG,MT,-30.82512,17.742332
SKG_SA_630,SKG,SA,-32.20535,28.66291
SKG_SA_622,SKG,SA,-36.041054,-14.659072
SKG_DIA_68,SKG,DIA,-3.7397988,6.331428
SKG_DIA_57,SKG,DIA,45.080383,37.14036
SKG_PAR_115,SKG,PAR,15.49175,18.319439
SKG_PAR_203,SKG,PAR,14.251277,27.909977
SKG_PAR_197,SKG,PAR,-52.44244,18.783848
SKG_PAR_194,SKG,PAR,-7.546404,2.6008434
SKG_PAR_186,SKG,PAR,-23.297142,30.579735
SKG_PAR_183,SKG,PAR,-46.491066,-2.472909
SKG_PAR_180,SKG,PAR,36.383274,35.312756
SKG_MT_400,SKG,MT,-9.383784,30.476847
SKG_MT_397,SKG,MT,-39.01641,23.398504
SKG_MT_382,SKG,MT,-35.60808,38.31596
SKG_PAR_143,SKG,PAR,-21.64827,13.228464
SKG_MT_1013,SKG,MT,-32.756668,38.884888
SKG_MT_995,SKG,MT,-17.654974,35.136353
SKG_MT_982,SKG,MT,-14.679213,32.732845
SKG_SA_578,SKG,SA,6.7112937,49.562893
SKG_DIA_108,SKG,DIA,-3.2768378,14.593528
SKG_SA_593,SKG,SA,-52.801937,4.2427683
SKG_DIA_87,SKG,DIA,20.473175,15.394298
SKG_DIA_78,SKG,DIA,-25.745031,9.29913
SKG_PAR_126,SKG,PAR,-25.507528,12.908811
SKG_PAR_224,SKG,PAR,-23.866709,28.427553
SKG_MT_246,SKG,MT,-25.789326,48.176857
SKG_QA_4,SKG,QA,-21.692595,-4.8455133
SKG_MT_216,SKG,MT,-38.612087,31.228436
SKG_MT_211,SKG,MT,-48.96152,25.609694
SKG_PAR_95,SKG,PAR,-34.476097,17.204697
SKG_PAR_92,SKG,PAR,-26.46396,32.873653
SKG_PAR_90,SKG,PAR,-36.05113,42.239704
SKG_MT_427,SKG,MT,2.5291193,48.045128
SKG_MT_408,SKG,MT,-40.651665,22.78027
SKG_QA_26,SKG,QA,-9.754025,-1.371422
SKG_QA_24,SKG,QA,2.6205711,13.3837385
SKG_MT_203,SKG,MT,52.526203,20.068407
SKG_QA_58,SKG,QA,6.530767,35.72622
SKG_MT_448,SKG,MT,-23.088718,51.171467
SKG_PAR_112,SKG,PAR,-33.852455,17.481112
SKG_PAR_105,SKG,PAR,16.736927,18.7952
SKG_DIA_167,SKG,DIA,-25.698189,-13.617676
SKG_DIA_162,SKG,DIA,-13.411117,-10.419026
SKG_SA_537,SKG,SA,8.39082,53.1626
SKG_DIA_146,SKG,DIA,-44.945538,-9.691898
SKG_MT_924,SKG,MT,-27.377268,24.24124
SKG_SA_495,SKG,SA,-48.64425,1.1833392
SKG_SA_475,SKG,SA,11.1007805,47.664555
SKG_MT_1239,SKG,MT,-12.240639,45.6976
SKG_SA_520,SKG,SA,4.758572,48.747753
SKG_SA_511,SKG,SA,7.311284,50.980526
SKG_SA_510,SKG,SA,-32.20528,28.663143
SKG_SA_506,SKG,SA,-29.024712,7.2357516
SKG_QA_47,SKG,QA,52.30569,23.105955
SKG_QA_46,SKG,QA,3.9983928,50.808125
SKG_QA_42,SKG,QA,-15.841999,5.479596
SKG_MT_168,SKG,MT,-37.557377,21.3176
SKG_MT_475,SKG,MT,-8.180945,28.912592
SKG_MT_465,SKG,MT,-6.589593,54.65291
SKG_MT_460,SKG,MT,-8.333036,41.76809
SKG_SA_465,SKG,SA,-33.262306,29.25742
SKG_MT_911,SKG,MT,37.020428,36.0156
SKG_MT_910,SKG,MT,15.939841,32.071987
SKG_SA_447,SKG,SA,-14.147536,7.6489224
SKG_DIA_228,SKG,DIA,-25.275288,8.92582
SKG_DIA_216,SKG,DIA,-12.479192,-4.9689093
SKG_MT_939,SKG,MT,-21.068104,24.25235
SKG_MT_934,SKG,MT,-4.1948853,52.728683
SKG_MT_151,SKG,MT,-13.393179,48.774014
SKG_MT_497,SKG,MT,-44.70853,19.462149
SKG_PAR_78,SKG,PAR,-32.251915,16.62192
SKG_PAR_75,SKG,PAR,-6.8874593,43.57091
SKG_PAR_74,SKG,PAR,-14.616403,43.23988
SKG_PAR_72,SKG,PAR,-13.869519,57.69547
SKG_MT_494,SKG,MT,-12.22415,41.554783
SKG_MT_1287,SKG,MT,-11.278787,31.927473
SKG_MT_873,SKG,MT,-47.526608,10.976058
SKG_MT_872,SKG,MT,-40.741085,23.99282
SKG_MT_870,SKG,MT,-24.960392,40.61704
SKG_SA_421,SKG,SA,8.808533,55.121807
SKG_SA_419,SKG,SA,-31.563744,4.014289
SKG_DIA_256,SKG,DIA,-9.449253,11.663518
SKG_DIA_251,SKG,DIA,-15.580524,4.2995877
SKG_DIA_235,SKG,DIA,3.2521577,41.216526
SKG_SA_466,SKG,SA,2.2338722,4.8813114
SKG_MT_136,SKG,MT,35.731186,33.006813
SKG_QA_145,SKG,QA,4.6143155,27.753204
SKG_QA_119,SKG,QA,-18.33537,6.1867332
SKG_MT_123,SKG,MT,-34.12822,21.521273
SKG_PAR_57,SKG,PAR,-28.428457,35.04907
SKG_PAR_46,SKG,PAR,-12.444406,56.612133
SKG_PAR_44,SKG,PAR,-29.0541,33.07617
SKG_MT_517,SKG,MT,37.014343,36.345215
SKG_SA_370,SKG,SA,13.982534,44.905983
SKG_SA_364,SKG,SA,45.436695,16.948053
SKG_SA_353,SKG,SA,12.702979,36.095963
SKG_DIA_307,SKG,DIA,-2.3537629,16.039862
SKG_DIA_306,SKG,DIA,53.264153,21.31202
SKG_DIA_303,SKG,DIA,-29.06994,-13.973266
SKG_DIA_302,SKG,DIA,5.373875,7.8218627
SKG_SA_406,SKG,SA,-36.2458,2.1993673
SKG_SA_404,SKG,SA,8.121591,50.350285
SKG_SA_391,SKG,SA,15.939888,32.07189
SKG_SA_390,SKG,SA,6.4282045,54.86719
SKG_QA_175,SKG,QA,-9.228259,1.3658146
SKG_QA_172,SKG,QA,37.200275,34.75299
SKG_QA_157,SKG,QA,0.07547731,11.505819
SKG_MT_104,SKG,MT,-38.40847,25.657612
SKG_MT_549,SKG,MT,-8.9290495,45.290474
SKG_MT_546,SKG,MT,-8.787438,31.117767
SKG_SA_319,SKG,SA,8.930617,49.591236
SKG_SA_316,SKG,SA,6.983357,53.569386
SKG_SA_305,SKG,SA,-4.298746,17.577011
SKG_SA_331,SKG,SA,3.5870874,53.146973
SKG_MT_861,SKG,MT,-5.5955267,53.997345
SKG_MT_842,SKG,MT,-11.588036,35.746532
SKG_MT_533,SKG,MT,-22.706137,37.009464
SKG_PAR_65,SKG,PAR,-21.976728,44.03868
SKG_PAR_63,SKG,PAR,46.750175,14.409248
SKG_MT_88,SKG,MT,-37.722973,25.873724
SKG_PAR_29,SKG,PAR,-11.826959,9.117908
SKG_PAR_28,SKG,PAR,-36.05102,42.239445
SKG_PAR_18,SKG,PAR,-24.438522,33.085876
SKG_SA_163,SKG,SA,12.150601,42.643562
SKG_SA_228,SKG,SA,-56.593323,7.799868
SKG_SA_227,SKG,SA,-48.454556,1.9043744
SKG_SA_261,SKG,SA,-52.07757,3.594072
SKG_SA_258,SKG,SA,1.6880758,5.677832
SKG_SA_253,SKG,SA,6.6809015,55.129543
SKG_SA_249,SKG,SA,-53.523483,21.431343
SKG_SA_247,SKG,SA,-47.11164,3.350174
SKG_SA_289,SKG,SA,-4.541133,9.086157
SKG_QA_223,SKG,QA,1.7564547,53.873604
SKG_MT_66,SKG,MT,-42.722317,12.956808
SKG_MT_62,SKG,MT,-11.499791,25.823967
SKG_SA_140,SKG,SA,3.6508498,52.475765
SKG_SA_185,SKG,SA,7.0030103,53.654774
SKG_SA_184,SKG,SA,7.1060944,50.201874
SKG_MT_819,SKG,MT,-35.246506,26.776527
SKG_SA_152,SKG,SA,-31.450983,8.575305
SKG_SA_149,SKG,SA,-53.16708,4.6865954
SKG_MT_1370,SKG,MT,-22.478104,52.53091
SKG_MT_1366,SKG,MT,30.615662,-1.004373
SKG_MT_1359,SKG,MT,-11.157695,53.375816
SKG_MT_781,SKG,MT,-13.524749,28.008146
SKG_MT_53,SKG,MT,-31.227503,25.681137
SKG_QA_242,SKG,QA,45.460197,21.870441
SKG_QA_235,SKG,QA,-42.485565,2.5503962
SKG_MT_38,SKG,MT,-21.141169,37.887135
SKG_MT_31,SKG,MT,35.731174,33.00685
SKG_MT_25,SKG,MT,3.9832668,48.4397
SKG_MT_1467,SKG,MT,-37.451347,16.866146
SKG_MT_1466,SKG,MT,-18.131771,13.568602
SKG_MT_610,SKG,MT,-9.2618685,23.424398
SKG_MT_605,SKG,MT,-25.986326,31.08505
SKG_SA_100,SKG,SA,7.92985,48.473286
SKG_SA_131,SKG,SA,52.292244,23.098278
SKG_MT_767,SKG,MT,-9.857721,55.22937
SKG_MT_1387,SKG,MT,-15.013402,31.056372
SKG_MT_758,SKG,MT,-30.06868,41.66165
SKG_SA_116,SKG,SA,7.853983,43.989925
SKG_SA_108,SKG,SA,10.863211,44.924213
SKG_QA_277,SKG,QA,-33.352226,-1.6988968
SKG_QA_272,SKG,QA,-37.044796,-1.322072
SKG_QA_288,SKG,QA,5.2153563,7.173864
SKG_QA_341,SKG,QA,-20.325071,4.444726
SKG_MT_650,SKG,MT,-15.116904,33.876526
SKG_MT_645,SKG,MT,-23.11941,37.657173
SKG_MT_636,SKG,MT,-36.25776,27.00715
SKG_NLI_2,SKG,NLI,17.533585,16.21927
SKG_SA_21,SKG,SA,9.423384,46.482185
SKG_MT_747,SKG,MT,-25.986382,31.08464
SKG_MT_737,SKG,MT,-33.852417,17.481133
SKG_MT_729,SKG,MT,-50.049488,17.361958
SKG_QA_471,SKG,QA,-19.442083,0.066662
SKG_QA_462,SKG,QA,-25.121803,12.357706
SKG_QA_455,SKG,QA,-9.346277,-1.5492777
SKG_QA_445,SKG,QA,4.1394005,50.894615
SKG_QA_472,SKG,QA,3.1670394,53.7485
SKG_MT_1416,SKG,MT,-47.046345,22.560797
SKG_QA_369,SKG,QA,2.5944822,51.38828
SKG_MT_1432,SKG,MT,-41.74952,22.72379
SKG_MT_665,SKG,MT,-38.498123,19.584917
SKG_QA_399,SKG,QA,-46.54904,6.623883
SKG_QA_442,SKG,QA,0.85218006,28.895006
SKG_QA_431,SKG,QA,14.251278,27.909979
SKG_MT_695,SKG,MT,2.4430866,10.736135
SKG_MT_1451,SKG,MT,-12.106163,33.397343
SKG_MT_1444,SKG,MT,-29.133224,47.308174
SKG_MT_1103,SKG,MT,37.203526,34.74371
SKG_MT_1153,SKG,MT,16.805872,16.74205
SKG_MT_363,SKG,MT,3.1549296,48.410233
SKG_MT_351,SKG,MT,-26.03641,23.738972
SKG_MT_338,SKG,MT,-22.128563,19.813423
SKG_MT_333,SKG,MT,36.996864,36.954464
SKG_SUM_103,SKG,SUM,-42.09949,4.966486
SKG_SUM_86,SKG,SUM,-22.060368,1.2036935
SKG_MT_1156,SKG,MT,-22.802082,9.63618
SKG_MT_1099,SKG,MT,-8.510711,57.66596
SKG_DIA_25,SKG,DIA,-35.14227,6.2075377
SKG_DIA_24,SKG,DIA,44.68664,15.498732
SKG_DIA_21,SKG,DIA,-27.324781,-12.330694
SKG_SUM_120,SKG,SUM,-32.43638,16.63094
SKG_MT_1087,SKG,MT,-15.623397,18.258177
SKG_MT_1102,SKG,MT,-40.5314,27.23118
SKG_SUM_93,SKG,SUM,41.63003,36.862526
SKG_SUM_100,SKG,SUM,41.334694,38.259075
SKG_SUM_102,SKG,SUM,-35.728577,-15.02723
SKG_SUM_61,SKG,SUM,3.3495188,18.757898
SKG_SUM_62,SKG,SUM,-27.089037,6.59133
SKG_SUM_69,SKG,SUM,-22.951143,5.7888227
SKG_MT_339,SKG,MT,-9.947207,14.089393
SKG_MT_364,SKG,MT,-27.192198,34.738014
SKG_SUM_179,SKG,SUM,-38.85917,-2.3098843
SKG_SUM_141,SKG,SUM,-42.42472,4.4988265
SKG_SUM_152,SKG,SUM,-14.624873,35.770885
SKG_SUM_158,SKG,SUM,9.386478,26.948866
SKG_DIA_9,SKG,DIA,-43.903446,-3.061112
SKG_SUM_122,SKG,SUM,-49.658028,-3.8347905
SKG_MT_1106,SKG,MT,-52.42754,17.081789
SKG_SUM_117,SKG,SUM,-27.031866,15.756871
SKG_QA_415,SKG,QA,41.523514,37.204884
SKG_MT_684,SKG,MT,-7.3437157,16.8986
SKG_MT_691,SKG,MT,-3.428076,46.99081
SKG_MT_701,SKG,MT,43.68753,36.828682
SKG_QA_426,SKG,QA,48.474335,18.602844
SKG_QA_432,SKG,QA,-31.169771,11.360168
SKG_QA_394,SKG,QA,-44.77979,-2.125595
SKG_MT_662,SKG,MT,-13.627626,13.161156
SKG_MT_669,SKG,MT,-45.333973,12.551467
SKG_MT_672,SKG,MT,-20.716652,30.024185
SKG_MT_1433,SKG,MT,-34.698154,27.604267
SKG_MT_1434,SKG,MT,-12.206068,18.572857
SKG_MT_1443,SKG,MT,-25.42902,41.37586
SKG_QA_380,SKG,QA,7.93035,30.751667
SKG_QA_381,SKG,QA,-19.531652,6.434058
SKG_QA_382,SKG,QA,-36.223755,-6.883893
SKG_QA_384,SKG,QA,39.99263,38.154327
SKG_QA_389,SKG,QA,-28.556099,14.3765545
SKG_QA_353,SKG,QA,-16.999268,-1.4050523
SKG_QA_354,SKG,QA,5.9550505,31.170223
SKG_QA_364,SKG,QA,3.7870495,32.505806
SKG_QA_367,SKG,QA,43.910385,35.85209
SKG_MT_1475,SKG,MT,-40.423073,21.80072
SKG_MT_717,SKG,MT,41.41331,35.417988
SKG_MT_1402,SKG,MT,-16.444906,22.274237
SKG_MT_1417,SKG,MT,-49.637276,16.989714
SKG_MT_1424,SKG,MT,-45.401924,22.822071
SKG_SUM_219,SKG,SUM,-44.60825,-1.226248
SKG_SA_1,SKG,SA,9.213108,38.489475
SKG_QA_476,SKG,QA,-25.906528,-5.8765793
SKG_QA_483,SKG,QA,41.63776,37.459354
SKG_QA_490,SKG,QA,-29.480724,-7.503655
SKG_QA_450,SKG,QA,-18.55973,3.015065
SKG_MT_733,SKG,MT,-18.769615,33.91165
SKG_MT_734,SKG,MT,-44.008938,26.576561
SKG_MT_735,SKG,MT,-25.502205,33.91764
SKG_MT_745,SKG,MT,-39.663902,20.543825
SKG_MT_754,SKG,MT,-47.415794,17.616907
SKG_SA_64,SKG,SA,39.993324,37.208107
SKG_SA_10,SKG,SA,-50.72258,1.9741664
SKG_SA_18,SKG,SA,7.983551,43.966724
SKG_SA_28,SKG,SA,14.49665,48.2479
SKG_SA_31,SKG,SA,-52.508995,-3.6604135
SKG_SUM_218,SKG,SUM,-49.928734,-3.2191534
SKG_MT_709,SKG,MT,-35.284542,25.31046
SKG_MT_659,SKG,MT,-45.132347,16.413961
SKG_QA_343,SKG,QA,-9.814104,2.6916652
SKG_QA_348,SKG,QA,-21.473116,6.697608
SKG_QA_321,SKG,QA,5.2142696,32.397472
SKG_QA_322,SKG,QA,40.018105,37.25406
SKG_QA_294,SKG,QA,54.737396,19.938787
SKG_QA_271,SKG,QA,-5.768335,1.1433332
SKG_MT_604,SKG,MT,-25.546349,18.558699
SKG_SA_117,SKG,SA,-33.40856,7.9080024
SKG_MT_757,SKG,MT,-31.096052,18.145998
SKG_MT_759,SKG,MT,-10.791238,14.709201
SKG_MT_764,SKG,MT,58.129177,-1.2406156
SKG_MT_1372,SKG,MT,4.5429115,15.726683
SKG_SA_76,SKG,SA,-53.25761,7.747288
SKG_SA_90,SKG,SA,-46.72838,4.714438
SKG_SA_46,SKG,SA,-22.878016,14.910796
SKG_SA_51,SKG,SA,-27.605885,-10.986993
SKG_MT_1452,SKG,MT,-10.626012,44.434395
SKG_MT_29,SKG,MT,-19.584019,36.019844
SKG_QA_243,SKG,QA,-21.076769,-5.715689
SKG_QA_248,SKG,QA,-21.219841,6.8701754
SKG_QA_254,SKG,QA,39.86033,37.498516
SKG_MT_575,SKG,MT,-42.888424,25.64728
SKG_MT_777,SKG,MT,-3.7794807,32.782238
SKG_MT_1355,SKG,MT,-28.376104,23.588472
SKG_MT_1369,SKG,MT,42.425907,38.855606
SKG_MT_791,SKG,MT,-12.874759,35.629757
SKG_MT_799,SKG,MT,-40.949593,20.781845
SKG_SA_153,SKG,SA,-32.062576,-17.597816
SKG_SA_155,SKG,SA,0.6574595,4.4257536
SKG_SA_162,SKG,SA,3.4764519,53.182465
SKG_SA_105,SKG,SA,-0.9151952,3.7817585
SKG_SA_106,SKG,SA,6.918968,47.818314
SKG_MT_807,SKG,MT,3.066205,36.014084
SKG_MT_416,SKG,MT,-7.972497,32.352745
SKG_MT_1140,SKG,MT,54.838432,20.073221
SKG_MT_818,SKG,MT,-5.1175833,31.38036
SKG_MT_821,SKG,MT,8.2016,34.775974
SKG_SA_172,SKG,SA,-46.872356,4.2207465
SKG_SA_176,SKG,SA,-17.890896,38.648533
SKG_SA_179,SKG,SA,-32.3572,5.627769
SKG_SA_188,SKG,SA,-0.038195577,3.2180119
SKG_SA_194,SKG,SA,-48.475708,7.088227
SKG_SA_199,SKG,SA,-55.28089,7.878583
SKG_SA_144,SKG,SA,-29.936888,7.042795
SKG_MT_587,SKG,MT,-22.258066,18.997381
SKG_MT_589,SKG,MT,-47.27667,29.931393
SKG_NLI_4,SKG,NLI,-39.252014,-2.8922043
SKG_NLI_10,SKG,NLI,-28.252014,10.172141
SKG_NLI_12,SKG,NLI,-32.894417,12.021938
SKG_PAR_0,SKG,PAR,42.036816,36.641823
SKG_PAR_4,SKG,PAR,-21.609,26.783983
SKG_MT_64,SKG,MT,-20.942179,35.570583
SKG_QA_212,SKG,QA,-23.939436,-7.8456836
SKG_QA_220,SKG,QA,-22.52837,-6.181816
SKG_QA_224,SKG,QA,47.65429,19.583918
SKG_QA_229,SKG,QA,-29.480684,-7.5036874
SKG_QA_230,SKG,QA,42.18388,38.263744
SKG_SA_274,SKG,SA,-49.877373,4.579295
SKG_SA_282,SKG,SA,11.368133,47.887672
SKG_SA_248,SKG,SA,-37.635296,-14.738444
SKG_SA_256,SKG,SA,9.480614,49.005917
SKG_SA_203,SKG,SA,30.719702,-1.2507356
SKG_SA_222,SKG,SA,-57.40783,5.870822
SKG_SA_169,SKG,SA,-5.7166696,23.078257
SKG_MT_558,SKG,MT,42.89172,36.502758
SKG_MT_559,SKG,MT,-10.870803,45.608837
SKG_MT_566,SKG,MT,-6.462444,30.366037
SKG_MT_82,SKG,MT,-36.670177,16.298985
SKG_MT_83,SKG,MT,-16.145641,28.932413
SKG_MT_86,SKG,MT,-51.748135,10.032861
SKG_QA_202,SKG,QA,-36.42599,-2.6778893
SKG_PAR_68,SKG,PAR,42.19497,37.766563
SKG_MT_532,SKG,MT,41.94299,36.08264
SKG_DIA_1,SKG,DIA,-23.334284,-2.314073
SKG_SA_324,SKG,SA,4.206364,44.463974
SKG_MT_855,SKG,MT,-7.6982126,11.676844
SKG_MT_862,SKG,MT,-48.399525,16.486626
SKG_SA_326,SKG,SA,-50.31022,4.2403517
SKG_SA_327,SKG,SA,-46.969734,2.744632
SKG_SA_314,SKG,SA,-17.906918,38.35378
SKG_MT_822,SKG,MT,-31.467518,25.723293
SKG_MT_825,SKG,MT,-13.775287,22.92639
SKG_MT_831,SKG,MT,-28.726353,21.310087
SKG_MT_540,SKG,MT,-11.30706,10.825002
SKG_MT_96,SKG,MT,-45.26338,22.243143
SKG_QA_166,SKG,QA,-31.109678,-9.209175
SKG_QA_169,SKG,QA,3.9074898,31.689606
SKG_QA_176,SKG,QA,-50.82883,-5.1133547
SKG_QA_177,SKG,QA,5.069149,9.49095
SKG_MT_502,SKG,MT,-14.006255,37.140965
SKG_MT_505,SKG,MT,-11.699424,16.974937
SKG_MT_507,SKG,MT,-19.859415,20.003012
SKG_MT_516,SKG,MT,16.931787,15.779512
SKG_DIA_287,SKG,DIA,43.779854,15.626258
SKG_SA_411,SKG,SA,40.936733,38.26984
SKG_DIA_316,SKG,DIA,44.657646,15.662581
SKG_SA_367,SKG,SA,-13.354253,8.447901
SKG_SA_381,SKG,SA,6.975083,47.106018
SKG_PAR_38,SKG,PAR,68.36375,19.243473
SKG_PAR_39,SKG,PAR,53.83563,20.189182
SKG_PAR_42,SKG,PAR,-29.558956,-4.4926205
SKG_QA_124,SKG,QA,-13.54258,3.8218288
SKG_QA_127,SKG,QA,-32.475815,-1.2924168
SKG_QA_133,SKG,QA,-35.13039,-5.9054937
SKG_QA_136,SKG,QA,-22.094292,-0.60096943
SKG_MT_138,SKG,MT,-13.655371,30.718292
SKG_DIA_238,SKG,DIA,40.95836,36.3899
SKG_DIA_243,SKG,DIA,-39.979015,-6.383398
SKG_DIA_259,SKG,DIA,-27.814795,-13.71345
SKG_DIA_280,SKG,DIA,-13.169844,-2.4705045
SKG_DIA_285,SKG,DIA,-14.873133,1.6558803
SKG_MT_1291,SKG,MT,-21.300373,29.025444
SKG_PAR_76,SKG,PAR,-23.23342,19.19476
SKG_PAR_86,SKG,PAR,-13.890006,57.62276
SKG_PAR_88,SKG,PAR,43.10912,35.960964
SKG_MT_143,SKG,MT,-44.048397,28.320076
SKG_MT_155,SKG,MT,-22.568254,21.479704
SKG_QA_60,SKG,QA,-0.91372395,9.955531
SKG_QA_71,SKG,QA,-18.075327,5.1315174
SKG_QA_72,SKG,QA,-10.986071,5.2383113
SKG_QA_87,SKG,QA,-41.537777,8.950765
SKG_MT_1271,SKG,MT,-15.064055,16.743671
SKG_MT_1278,SKG,MT,-41.961536,16.810675
SKG_MT_941,SKG,MT,3.0825403,36.047035
SKG_DIA_219,SKG,DIA,-35.453762,5.2613416
SKG_DIA_222,SKG,DIA,-16.323223,1.9658808
SKG_SA_459,SKG,SA,1.3505645,29.11845
SKG_MT_909,SKG,MT,41.9788,38.504288
SKG_MT_916,SKG,MT,16.366781,15.613719
SKG_MT_452,SKG,MT,-25.87143,18.948502
SKG_MT_472,SKG,MT,-39.071915,21.862814
SKG_MT_473,SKG,MT,3.9074895,31.689655
SKG_MT_158,SKG,MT,-45.924343,29.704863
SKG_MT_183,SKG,MT,-29.219772,26.410017
SKG_QA_36,SKG,QA,-33.167645,-11.6570215
SKG_QA_38,SKG,QA,-30.81684,-6.2345734
SKG_QA_40,SKG,QA,-33.806004,-7.110563
SKG_PAR_102,SKG,PAR,-5.5823464,11.689017
SKG_MT_952,SKG,MT,-40.27089,19.604025
SKG_DIA_179,SKG,DIA,-24.973145,-11.175733
SKG_SA_487,SKG,SA,-49.08598,6.1871047
SKG_SA_488,SKG,SA,54.838505,20.073118
SKG_SA_496,SKG,SA,-29.241411,13.449927
SKG_SA_503,SKG,SA,-16.798727,-24.803492
SKG_MT_920,SKG,MT,-35.03137,26.650461
SKG_MT_925,SKG,MT,3.082523,36.04724
SKG_DIA_127,SKG,DIA,-34.025837,5.238306
SKG_DIA_128,SKG,DIA,53.09639,20.69261
SKG_DIA_137,SKG,DIA,-13.346261,-10.747329
SKG_DIA_141,SKG,DIA,-39.237103,-3.1536381
SKG_SA_547,SKG,SA,-52.942917,5.26734
SKG_SA_549,SKG,SA,48.473675,18.602818
SKG_SA_551,SKG,SA,-57.070435,8.454447
SKG_SA_552,SKG,SA,-50.82558,0.3372968
SKG_DIA_156,SKG,DIA,53.96471,20.553343
SKG_DIA_160,SKG,DIA,-23.216639,-4.5363636
SKG_DIA_166,SKG,DIA,47.049652,-16.762602
SKG_DIA_173,SKG,DIA,-25.075253,-13.163273
SKG_PAR_114,SKG,PAR,4.1485186,52.270462
SKG_MT_432,SKG,MT,42.406956,36.53525
SKG_MT_195,SKG,MT,-28.696762,10.562027
SKG_MT_197,SKG,MT,-46.86793,28.006384
SKG_MT_403,SKG,MT,-26.614328,26.43957
SKG_MT_412,SKG,MT,-22.54358,17.708252
SKG_MT_425,SKG,MT,-13.63156,26.10776
SKG_PAR_93,SKG,PAR,-22.759575,34.63755
SKG_PAR_99,SKG,PAR,-14.398952,58.143475
SKG_MT_223,SKG,MT,40.521893,37.573082
SKG_MT_240,SKG,MT,-18.63438,14.487487
SKG_PAR_214,SKG,PAR,-12.773012,56.78955
SKG_PAR_222,SKG,PAR,-6.69894,35.754913
SKG_PAR_225,SKG,PAR,-11.168669,27.067837
SKG_DIA_89,SKG,DIA,-43.63711,4.992962
SKG_SA_602,SKG,SA,-36.029922,8.549867
SKG_DIA_120,SKG,DIA,-38.79506,-5.923803
SKG_SA_558,SKG,SA,23.766382,-12.304652
SKG_SA_584,SKG,SA,-56.09096,2.3007848
SKG_SA_585,SKG,SA,-28.778687,6.122543
SKG_MT_985,SKG,MT,-36.942184,21.665232
SKG_MT_991,SKG,MT,-43.67884,33.51119
SKG_MT_380,SKG,MT,-21.982681,35.35061
SKG_MT_393,SKG,MT,-14.715568,21.926287
SKG_PAR_191,SKG,PAR,-14.980455,8.779625
SKG_PAR_192,SKG,PAR,-46.18581,0.58734196
SKG_MT_374,SKG,MT,-4.785747,-18.864515
SKG_MT_1203,SKG,MT,-21.024237,17.843033
SKG_DIA_54,SKG,DIA,41.656322,36.4844
SKG_DIA_58,SKG,DIA,41.69432,35.361378
SKG_SA_629,SKG,SA,6.073226,51.827904
SKG_SA_631,SKG,SA,-1.9401368,8.162961
SKG_SA_632,SKG,SA,-1.9486692,2.1415133
SKG_SA_636,SKG,SA,11.123688,44.087563
SKG_MT_1223,SKG,MT,-10.042405,32.163197
SKG_MT_1020,SKG,MT,-42.784325,17.911127
SKG_MT_1026,SKG,MT,-25.546171,18.558737
SKG_DIA_77,SKG,DIA,-25.858915,-13.945951
SKG_MT_1049,SKG,MT,-32.597458,42.732224
SKG_MT_1054,SKG,MT,-25.328644,46.437744
SKG_MT_1058,SKG,MT,-8.258285,11.444046
SKG_DIA_32,SKG,DIA,-0.9137633,9.955501
SKG_DIA_34,SKG,DIA,-19.39631,-5.077297
SKG_SUM_46,SKG,SUM,-6.1103005,0.2952342
SKG_SUM_54,SKG,SUM,-41.12298,6.1881104
SKG_MT_1038,SKG,MT,-25.328644,46.437798
SKG_MT_1195,SKG,MT,-14.301499,15.888498
SKG_PAR_117,SKG,PAR,-9.660097,6.9050274
SKG_MT_281,SKG,MT,-12.055168,20.959959
SKG_MT_293,SKG,MT,-10.795001,30.333841
SKG_PAR_151,SKG,PAR,-4.475315,38.69964
SKG_PAR_152,SKG,PAR,-2.221724,31.888487
SKG_PAR_155,SKG,PAR,-13.989187,43.43662
SKG_PAR_161,SKG,PAR,-12.48489,56.59912
SKG_PAR_168,SKG,PAR,-7.179498,8.083508
SKG_SUM_114,SKG,SUM,7.5411854,26.1144
SKG_MT_1107,SKG,MT,18.749262,14.944847
SKG_MT_1109,SKG,MT,-27.082716,9.72195
SKG_SUM_133,SKG,SUM,-21.439556,2.341216
SKG_SUM_132,SKG,SUM,9.370965,26.874428
SKG_SUM_176,SKG,SUM,-43.69072,-0.002642903
SKG_SUM_167,SKG,SUM,-26.68693,7.4551845
SKG_MT_1110,SKG,MT,-36.94227,21.66577
SKG_SUM_165,SKG,SUM,-2.2891474,33.368584
SKG_SUM_164,SKG,SUM,-35.767994,0.64921
SKG_SUM_163,SKG,SUM,40.27974,36.070583
SKG_MT_1113,SKG,MT,40.367416,37.96165
SKG_QA_29,SKG,QA,63.820274,-5.4941826
SKG_QA_30,SKG,QA,40.269688,30.755257
SKG_MT_213,SKG,MT,-29.639795,23.456728
SKG_MT_214,SKG,MT,-23.581955,16.960709
SKG_MT_222,SKG,MT,-7.830613,21.636087
SKG_MT_232,SKG,MT,-42.440067,21.653559
SKG_MT_235,SKG,MT,69.84946,-8.792088
SKG_MT_242,SKG,MT,-1.7180167,52.10102
SKG_MT_248,SKG,MT,-13.300142,28.297085
SKG_MT_249,SKG,MT,-13.497959,27.7166
SKG_QA_50,SKG,QA,67.88754,-13.17462
SKG_QA_51,SKG,QA,42.289406,31.844969
SKG_QA_55,SKG,QA,41.209057,31.39561
SKG_MT_189,SKG,MT,0.7876336,38.701168
SKG_MT_75,SKG,MT,-5.2429037,37.126858
SKG_MT_95,SKG,MT,68.78557,-7.182267
SKG_DIA_0,SKG,DIA,-44.759434,-5.2904687
SKG_DIA_4,SKG,DIA,-41.777122,6.608069
SKG_DIA_6,SKG,DIA,-5.177237,41.91743
SKG_DIA_8,SKG,DIA,49.93151,21.79542
SKG_SUM_124,SKG,SUM,-15.11124,-5.643095
SKG_SUM_125,SKG,SUM,66.551285,-13.500781
SKG_SUM_126,SKG,SUM,64.133316,-14.517341
SKG_SUM_127,SKG,SUM,63.9505,-9.282011
SKG_SUM_149,SKG,SUM,-15.201037,-2.1589546
SKG_SUM_153,SKG,SUM,65.14843,-9.06254
SKG_SUM_156,SKG,SUM,-41.06623,13.898523
SKG_SUM_159,SKG,SUM,64.972115,-10.628699
SKG_SUM_161,SKG,SUM,-2.0284014,34.080845
SKG_SUM_168,SKG,SUM,67.97481,-11.2245245
SKG_SUM_169,SKG,SUM,-49.4266,-3.1314735
SKG_QA_27,SKG,QA,64.803276,-8.255718
SKG_DIA_36,SKG,DIA,63.25102,-11.128017
SKG_DIA_44,SKG,DIA,-26.309145,-8.882393
SKG_DIA_50,SKG,DIA,-6.1344085,-0.7224524
SKG_SUM_37,SKG,SUM,39.69948,30.649202
SKG_SUM_47,SKG,SUM,-25.664558,5.0488863
SKG_MT_1185,SKG,MT,-47.9921,16.831894
SKG_MT_1192,SKG,MT,-18.101124,54.96708
SKG_MT_1196,SKG,MT,68.41473,-12.380533
SKG_MT_1197,SKG,MT,-37.281815,21.41218
SKG_MT_1198,SKG,MT,-11.256273,13.18886
SKG_MT_1043,SKG,MT,-38.38671,25.689802
SKG_MT_1066,SKG,MT,-18.032194,17.011114
SKG_MT_1070,SKG,MT,-11.602218,11.360419
SKG_MT_1083,SKG,MT,41.41267,32.07655
SKG_DIA_23,SKG,DIA,-25.056795,-4.1204386
SKG_DIA_27,SKG,DIA,-1.9927545,16.401943
SKG_SUM_58,SKG,SUM,-46.56178,21.199924
SKG_DIA_51,SKG,DIA,65.38494,-11.0429325
SKG_DIA_62,SKG,DIA,1.4815509,-11.438274
SKG_DIA_66,SKG,DIA,-46.392754,-1.6869831
SKG_MT_1011,SKG,MT,-39.710537,19.33536
SKG_MT_1012,SKG,MT,40.491615,31.315939
SKG_MT_1016,SKG,MT,-31.632496,21.847542
SKG_MT_1216,SKG,MT,-8.893017,57.096447
SKG_MT_1217,SKG,MT,-8.211627,51.206894
SKG_MT_1022,SKG,MT,17.467916,16.311474
SKG_MT_1028,SKG,MT,-6.943509,40.80832
SKG_MT_1031,SKG,MT,40.207737,27.417927
SKG_MT_1184,SKG,MT,-18.85825,34.163998
SKG_SUM_73,SKG,SUM,-22.478155,3.7904282
SKG_SUM_79,SKG,SUM,65.36758,-13.888422
SKG_DIA_30,SKG,DIA,64.088646,-9.445462
SKG_DIA_76,SKG,DIA,67.89883,-8.099833
SKG_DIA_84,SKG,DIA,-15.468434,-7.197631
SKG_DIA_90,SKG,DIA,5.1214643,16.657766
SKG_DIA_96,SKG,DIA,64.48506,-12.209438
SKG_SA_623,SKG,SA,-37.08054,-14.395762
SKG_SA_628,SKG,SA,65.40883,-5.682044
SKG_SUM_21,SKG,SUM,66.551285,-13.500781
SKG_SUM_30,SKG,SUM,-20.857445,5.0388207
SKG_SUM_31,SKG,SUM,69.198494,-5.7292542
SKG_MT_1241,SKG,MT,47.46677,15.084897
SKG_MT_970,SKG,MT,41.182278,30.75726
SKG_MT_987,SKG,MT,-7.74096,37.2528
SKG_MT_992,SKG,MT,67.811424,-7.3163514
SKG_MT_998,SKG,MT,-41.833195,33.48997
SKG_SUM_51,SKG,SUM,68.85861,-9.379029
SKG_SUM_57,SKG,SUM,70.5744,-9.903765
SKG_DIA_139,SKG,DIA,-23.945646,-2.4961684
SKG_DIA_147,SKG,DIA,66.26602,-5.4940214
SKG_DIA_149,SKG,DIA,-29.90084,-12.834414
SKG_DIA_150,SKG,DIA,43.671715,28.903841
SKG_SA_587,SKG,SA,17.069202,13.423672
SKG_SA_598,SKG,SA,68.996254,-8.225419
SKG_SA_610,SKG,SA,67.1347,-13.720593
SKG_DIA_106,SKG,DIA,-22.032564,8.263598
SKG_DIA_111,SKG,DIA,-17.0381,-8.016088
SKG_DIA_113,SKG,DIA,-31.626387,4.02313
SKG_MT_1261,SKG,MT,-29.235477,24.778893
SKG_MT_1267,SKG,MT,-45.23065,17.478952
SKG_MT_1285,SKG,MT,-14.425977,24.027094
SKG_MT_951,SKG,MT,-7.3650246,26.119793
SKG_MT_953,SKG,MT,19.830334,15.606004
SKG_MT_1234,SKG,MT,-6.2094364,20.54791
SKG_DIA_168,SKG,DIA,-40.433308,-12.22715
SKG_SA_516,SKG,SA,-26.964401,4.375418
SKG_MT_1296,SKG,MT,42.346767,31.98274
SKG_MT_1301,SKG,MT,68.2857,-9.795414
SKG_MT_896,SKG,MT,-17.605242,58.358437
SKG_MT_902,SKG,MT,40.272923,31.742027
SKG_MT_904,SKG,MT,65.672104,-7.2591743
SKG_MT_918,SKG,MT,-2.6270525,36.684338
SKG_MT_921,SKG,MT,47.491173,15.054801
SKG_MT_933,SKG,MT,-44.16759,26.611471
SKG_MT_935,SKG,MT,-7.8025584,56.212574
SKG_DIA_123,SKG,DIA,20.498806,14.480973
SKG_SA_555,SKG,SA,66.15727,-13.569293
SKG_SA_576,SKG,SA,-7.3301907,36.825546
SKG_SA_581,SKG,SA,-30.76229,33.668896
SKG_DIA_129,SKG,DIA,68.05789,-12.010348
SKG_DIA_202,SKG,DIA,-25.761425,10.39521
SKG_MT_837,SKG,MT,-2.6918805,55.674904
SKG_MT_843,SKG,MT,-29.220394,17.607998
SKG_MT_846,SKG,MT,-13.779775,53.97158
SKG_MT_852,SKG,MT,-32.68222,38.979565
SKG_MT_856,SKG,MT,65.169655,-6.62906
SKG_MT_857,SKG,MT,-19.27917,20.901941
SKG_MT_864,SKG,MT,-9.865117,55.736828
SKG_MT_871,SKG,MT,-8.034121,24.251717
SKG_MT_875,SKG,MT,-42.615166,23.07269
SKG_MT_876,SKG,MT,-30.391638,20.973171
SKG_MT_883,SKG,MT,62.17177,-8.7518835
SKG_SA_541,SKG,SA,-51.23192,6.436403
SKG_SA_543,SKG,SA,62.081345,-9.864771
SKG_SA_553,SKG,SA,6.8724904,45.512383
SKG_DIA_164,SKG,DIA,65.39359,-9.166303
SKG_SA_446,SKG,SA,-4.680218,1.208421
SKG_SA_455,SKG,SA,65.73172,-8.186784
SKG_MT_336,SKG,MT,65.94628,-6.9213552
SKG_MT_508,SKG,MT,64.206314,-7.2592382
SKG_MT_608,SKG,MT,-47.992435,23.733839
SKG_MT_1061,SKG,MT,-36.76963,30.935484
SKG_MT_1275,SKG,MT,-5.048995,56.954258
SKG_MT_830,SKG,MT,-23.382912,52.32245
SKG_MT_1321,SKG,MT,-22.864616,25.559084
SKG_SA_521,SKG,SA,-48.667595,3.9871645
SKG_SA_525,SKG,SA,-33.82534,6.7172613
SKG_DIA_178,SKG,DIA,-43.81892,-14.1167
SKG_DIA_188,SKG,DIA,65.48439,-13.505126
SKG_DIA_193,SKG,DIA,-19.43985,-7.6180115
SKG_DIA_196,SKG,DIA,63.84609,-9.555057
SKG_DIA_200,SKG,DIA,64.69569,-13.290753
SKG_DIA_234,SKG,DIA,-25.856253,-13.620877
SKG_DIA_247,SKG,DIA,19.82961,13.235045
SKG_DIA_257,SKG,DIA,68.82786,-10.537024
SKG_DIA_261,SKG,DIA,19.730389,15.007254
SKG_MT_783,SKG,MT,-2.4148393,48.169624
SKG_MT_1350,SKG,MT,-2.4277537,51.563725
SKG_MT_1357,SKG,MT,-9.889165,22.760897
SKG_MT_1358,SKG,MT,-27.47554,24.538813
SKG_MT_1371,SKG,MT,-41.53687,16.683243
SKG_MT_792,SKG,MT,-27.845566,22.896706
SKG_MT_804,SKG,MT,-53.6609,7.2541456
SKG_MT_808,SKG,MT,-11.673579,49.329094
SKG_DIA_203,SKG,DIA,42.22493,31.861984
SKG_SA_479,SKG,SA,39.61515,31.190163
SKG_DIA_225,SKG,DIA,-50.454906,15.992753
SKG_DIA_227,SKG,DIA,69.6549,-9.589605
SKG_SA_436,SKG,SA,7.930375,45.951828
SKG_SA_440,SKG,SA,-33.0982,1.5970389
SKG_SA_444,SKG,SA,40.558178,32.46849
SKG_DIA_276,SKG,DIA,65.85362,-12.856244
SKG_DIA_277,SKG,DIA,67.093956,-5.9584312
SKG_DIA_279,SKG,DIA,-41.05057,-8.03387
SKG_DIA_282,SKG,DIA,-29.786291,-4.2867265
SKG_DIA_284,SKG,DIA,-44.799664,-6.7537923
SKG_MT_765,SKG,MT,-40.443424,22.33758
SKG_MT_1374,SKG,MT,-19.492262,29.45075
SKG_MT_1389,SKG,MT,66.24764,-6.539682
SKG_MT_1397,SKG,MT,-12.595079,11.970866
SKG_MT_1398,SKG,MT,-29.047264,21.11167
SKG_MT_773,SKG,MT,70.44266,-8.964877
SKG_MT_780,SKG,MT,-8.567199,38.94597
SKG_SA_464,SKG,SA,-53.810966,1.9920211
SKG_DIA_304,SKG,DIA,-40.47097,-1.675949
SKG_DIA_308,SKG,DIA,-42.473442,-2.4808903
SKG_DIA_313,SKG,DIA,63.729443,-5.300013
SKG_MT_1404,SKG,MT,-18.12585,36.88421
SKG_MT_1405,SKG,MT,-3.7635868,52.24133
SKG_MT_1418,SKG,MT,-13.950917,52.261475
SKG_MT_1419,SKG,MT,-5.0489964,56.95586
SKG_MT_1420,SKG,MT,-4.181442,35.755383
SKG_MT_1422,SKG,MT,-11.864119,1.6119584
SKG_MT_750,SKG,MT,-9.968893,27.741743
SKG_MT_751,SKG,MT,63.304058,-11.216906
SKG_MT_756,SKG,MT,-25.716637,44.55258
SKG_MT_761,SKG,MT,70.44266,-8.964879
SKG_DIA_266,SKG,DIA,-26.21825,0.24682891
SKG_DIA_268,SKG,DIA,63.180237,-6.5053625
SKG_DIA_271,SKG,DIA,38.957996,30.098036
SKG_DIA_318,SKG,DIA,-2.867068,14.983231
SKG_SA_357,SKG,SA,47.051357,-16.789968
SKG_SA_376,SKG,SA,19.2733,12.010461
SKG_SA_378,SKG,SA,62.17177,-8.7518835
SKG_SA_383,SKG,SA,69.90914,-8.361149
SKG_MT_1445,SKG,MT,-52.666508,24.426075
SKG_MT_683,SKG,MT,46.64738,15.47448
SKG_MT_687,SKG,MT,68.20803,-10.037042
SKG_MT_690,SKG,MT,-6.4580507,52.56693
SKG_MT_696,SKG,MT,-15.215489,19.027235
SKG_MT_702,SKG,MT,-47.986115,33.910877
SKG_MT_703,SKG,MT,-14.245874,49.09618
SKG_MT_721,SKG,MT,-12.902026,53.56998
SKG_SA_392,SKG,SA,-5.879311,26.948643
SKG_SA_394,SKG,SA,65.283485,-12.804903
SKG_SA_399,SKG,SA,-53.87324,1.6252779
SKG_SA_300,SKG,SA,-29.191626,4.1324134
SKG_SA_302,SKG,SA,64.919044,-7.9026537
SKG_SA_303,SKG,SA,19.685131,18.765823
SKG_SA_328,SKG,SA,1.4635828,8.089609
SKG_SA_337,SKG,SA,67.365005,-5.8099813
SKG_SA_348,SKG,SA,9.807586,43.14154
SKG_SA_297,SKG,SA,-48.892464,-0.19835028
SKG_MT_1469,SKG,MT,66.80161,-13.208188
SKG_MT_618,SKG,MT,67.33902,-9.21777
SKG_MT_621,SKG,MT,-15.549125,23.447748
SKG_MT_626,SKG,MT,-35.95382,25.452337
SKG_MT_640,SKG,MT,41.132874,31.19199
SKG_MT_649,SKG,MT,-51.542187,19.399956
SKG_MT_654,SKG,MT,39.096485,30.217997
SKG_MT_655,SKG,MT,-22.043762,51.20186
SKG_MT_674,SKG,MT,40.51929,31.289814
SKG_SA_208,SKG,SA,-51.82924,1.3126189
SKG_SA_216,SKG,SA,-22.31364,15.435891
SKG_SA_218,SKG,SA,-50.371082,11.372031
SKG_SA_200,SKG,SA,66.96842,-10.590605
SKG_SA_271,SKG,SA,-3.914618,-41.830124
SKG_SA_272,SKG,SA,-35.7991,14.511501
SKG_SA_279,SKG,SA,-22.89249,16.064537
SKG_SA_294,SKG,SA,65.388664,-14.479909
SKG_SA_236,SKG,SA,-54.104916,-0.26888904
SKG_SA_267,SKG,SA,-54.685642,-6.501923
SKG_MT_597,SKG,MT,-46.23579,14.861082
SKG_MT_602,SKG,MT,64.74516,-11.503093
SKG_MT_609,SKG,MT,-17.852407,16.900017
SKG_MT_616,SKG,MT,-26.898548,20.709936
SKG_MT_1463,SKG,MT,-34.046207,20.075815
SKG_MT_1465,SKG,MT,43.26992,32.46328
SKG_SUM_210,SKG,SUM,67.88754,-13.17462
SKG_SA_92,SKG,SA,-54.07802,6.8431015
SKG_SA_38,SKG,SA,-53.876007,1.999693
SKG_SA_39,SKG,SA,-33.63066,2.6361854
SKG_SA_49,SKG,SA,65.53512,-5.4983764
SKG_SA_134,SKG,SA,67.74115,-8.59283
SKG_SA_139,SKG,SA,-30.245428,14.504731
SKG_SA_141,SKG,SA,-26.254202,3.5665817
SKG_SA_147,SKG,SA,-20.7256,14.498338
SKG_SA_159,SKG,SA,-3.7791486,4.2850003
SKG_SA_101,SKG,SA,-52.33205,0.6960132
SKG_SA_189,SKG,SA,11.419177,42.3382
SKG_PAR_25,SKG,PAR,46.8273,22.907898
SKG_MT_570,SKG,MT,57.93131,-1.5808581
SKG_MT_577,SKG,MT,-5.687061,53.31888
SKG_MT_580,SKG,MT,-5.406339,50.619663
SKG_MT_522,SKG,MT,18.73907,15.676876
SKG_MT_539,SKG,MT,-12.902025,53.56977
SKG_MT_544,SKG,MT,-7.8304176,21.63633
SKG_MT_548,SKG,MT,68.78557,-7.182267
SKG_MT_552,SKG,MT,40.168247,32.010292
SKG_MT_556,SKG,MT,-23.03965,16.98945
SKG_MT_561,SKG,MT,-13.738805,53.377357
SKG_MT_562,SKG,MT,65.0169,-7.9222293
SKG_SA_11,SKG,SA,66.96842,-10.590605
SKG_SA_15,SKG,SA,42.977367,30.98185
SKG_SA_27,SKG,SA,66.70105,-6.6071787
SKG_SA_35,SKG,SA,1.5611236,25.190268
SKG_SUM_200,SKG,SUM,-43.186466,4.445949
SKG_SUM_201,SKG,SUM,-46.868336,-0.47313234
SKG_SUM_202,SKG,SUM,-36.496403,4.3615046
SKG_SUM_207,SKG,SUM,8.637165,24.772697
SKG_QA_466,SKG,QA,-19.116049,2.2006996
SKG_QA_473,SKG,QA,-13.865495,4.704346
SKG_QA_475,SKG,QA,-11.864023,1.6119586
SKG_QA_481,SKG,QA,-20.806187,6.8293114
SKG_QA_482,SKG,QA,5.7710037,31.334736
SKG_QA_484,SKG,QA,-0.31857783,-11.502658
SKG_QA_489,SKG,QA,44.04774,27.690397
SKG_QA_447,SKG,QA,62.5936,-11.909472
SKG_SA_0,SKG,SA,66.2293,-8.771491
SKG_SUM_213,SKG,SUM,5.9378486,22.91089
SKG_SUM_220,SKG,SUM,-22.793673,7.3536983
SKG_PAR_77,SKG,PAR,-3.0185978,53.485775
SKG_MT_501,SKG,MT,-12.314513,17.934187
SKG_MT_506,SKG,MT,-9.707481,43.717068
SKG_MT_511,SKG,MT,-18.290842,10.263609
SKG_MT_519,SKG,MT,41.004574,31.515913
SKG_QA_359,SKG,QA,-19.845066,5.7709537
SKG_QA_361,SKG,QA,-11.057507,-2.6089268
SKG_QA_396,SKG,QA,46.503357,16.330536
SKG_QA_397,SKG,QA,62.32892,-10.747657
SKG_QA_401,SKG,QA,64.976326,-14.198881
SKG_QA_440,SKG,QA,-9.160055,6.765093
SKG_MT_439,SKG,MT,-11.085579,39.12833
SKG_MT_444,SKG,MT,63.856945,-10.3875065
SKG_MT_454,SKG,MT,-39.663033,21.461569
SKG_MT_470,SKG,MT,-40.854614,28.092417
SKG_MT_482,SKG,MT,52.04359,19.257027
SKG_MT_485,SKG,MT,-10.7060995,18.18492
SKG_QA_449,SKG,QA,66.9152,-9.397124
SKG_QA_452,SKG,QA,5.5680494,32.546333
SKG_QA_454,SKG,QA,63.4969,-13.271751
SKG_QA_457,SKG,QA,-49.85545,28.505922
SKG_QA_333,SKG,QA,-13.875582,2.0509002
SKG_QA_310,SKG,QA,67.61329,-8.221861
SKG_QA_311,SKG,QA,-11.872578,-6.931394
SKG_QA_314,SKG,QA,-32.655605,-7.13367
SKG_QA_362,SKG,QA,-40.558334,1.2314757
SKG_QA_365,SKG,QA,-12.69217,-10.076758
SKG_QA_370,SKG,QA,15.707306,2.2413664
SKG_QA_371,SKG,QA,-34.649464,-9.711299
SKG_MT_411,SKG,MT,-13.557019,19.995306
SKG_MT_414,SKG,MT,2.9074876,45.612255
SKG_MT_419,SKG,MT,-13.020168,23.689127
SKG_MT_424,SKG,MT,-2.049914,42.398952
SKG_PAR_101,SKG,PAR,46.904137,23.046387
SKG_QA_403,SKG,QA,-18.394562,-3.7334661
SKG_QA_386,SKG,QA,-11.931491,-7.428795
SKG_QA_387,SKG,QA,-36.747623,-2.5000727
SKG_QA_291,SKG,QA,-30.180546,9.995615
SKG_QA_292,SKG,QA,38.99389,32.154713
SKG_QA_299,SKG,QA,-20.686953,0.51767886
SKG_QA_306,SKG,QA,-35.076077,0.27973187
SKG_QA_259,SKG,QA,-31.874926,12.523597
SKG_QA_260,SKG,QA,-16.629028,-3.7642877
SKG_QA_262,SKG,QA,66.65646,-13.016499
SKG_QA_319,SKG,QA,4.4494357,30.994085
SKG_QA_329,SKG,QA,64.271065,-10.480308
SKG_QA_330,SKG,QA,66.7089,-8.300595
SKG_PAR_174,SKG,PAR,45.514812,-15.544636
SKG_MT_334,SKG,MT,-43.63312,17.140577
SKG_MT_347,SKG,MT,-0.0107317185,13.930067
SKG_MT_353,SKG,MT,43.17566,29.760107
SKG_MT_366,SKG,MT,-15.632825,35.77774
SKG_MT_367,SKG,MT,-7.584184,50.719616
SKG_QA_267,SKG,QA,-11.209871,-0.6692029
SKG_QA_275,SKG,QA,70.57406,-9.904845
SKG_MT_20,SKG,MT,-5.1795774,48.081154
SKG_MT_30,SKG,MT,-4.6429768,25.033014
SKG_MT_34,SKG,MT,65.65589,-10.388221
SKG_MT_35,SKG,MT,48.254093,15.305182
SKG_MT_271,SKG,MT,-36.635406,16.312029
SKG_MT_276,SKG,MT,-5.322321,40.90381
SKG_MT_292,SKG,MT,-16.683922,19.84244
SKG_MT_298,SKG,MT,-43.158916,-18.160604
SKG_MT_303,SKG,MT,-44.107998,26.27691
SKG_MT_307,SKG,MT,-18.671633,22.065023
SKG_MT_322,SKG,MT,0.025067503,53.55474
SKG_MT_328,SKG,MT,-4.2410035,51.541473
SKG_MT_19,SKG,MT,-9.755129,56.323208
SKG_QA_284,SKG,QA,-11.918812,1.0247439
SKG_QA_221,SKG,QA,-0.45101318,-7.948198
SKG_QA_231,SKG,QA,69.65069,-10.039969
SKG_MT_70,SKG,MT,-7.834689,31.808847
SKG_MT_73,SKG,MT,-13.02081,38.426144
SKG_QA_249,SKG,QA,-17.68299,-2.7518103
SKG_QA_252,SKG,QA,-26.105078,-7.6629505
SKG_QA_257,SKG,QA,42.20748,30.671926
SKG_MT_43,SKG,MT,-23.471119,14.103571
SKG_MT_50,SKG,MT,68.336525,-9.822522
SKG_MT_60,SKG,MT,-34.366146,34.81837
SKG_MT_67,SKG,MT,-15.624719,55.47777
SKG_MT_253,SKG,MT,-29.646652,27.437038
SKG_MT_261,SKG,MT,-42.03575,20.58594
SKG_MT_263,SKG,MT,59.60061,-12.232668
SKG_QA_263,SKG,QA,-17.564453,2.483041
SKG_QA_265,SKG,QA,-10.179961,-0.98202527
SKG_MT_125,SKG,MT,45.675953,35.79963
SKG_MT_128,SKG,MT,-9.35987,52.440845
SKG_MT_130,SKG,MT,-52.008385,24.405504
SKG_QA_186,SKG,QA,69.336426,-11.608912
SKG_QA_187,SKG,QA,-24.393433,14.53414
SKG_QA_194,SKG,QA,38.574574,31.730408
SKG_QA_204,SKG,QA,3.2456584,9.933806
SKG_QA_206,SKG,QA,-42.38252,0.49837145
SKG_MT_90,SKG,MT,-37.08479,23.9599
SKG_MT_98,SKG,MT,-24.592852,41.380516
SKG_MT_101,SKG,MT,-14.105983,14.212606
SKG_MT_106,SKG,MT,-5.3493004,14.07012
SKG_QA_147,SKG,QA,65.77904,-5.871832
SKG_MT_68,SKG,MT,-14.376,49.993965
SKG_QA_209,SKG,QA,-43.458313,-4.0726485
SKG_QA_218,SKG,QA,64.836685,-8.840456
SKG_QA_99,SKG,QA,3.191398,-6.7827363
SKG_QA_100,SKG,QA,68.656624,-8.1995325
SKG_QA_102,SKG,QA,-15.558713,4.2768426
SKG_QA_109,SKG,QA,68.17313,-5.7716584
SKG_QA_115,SKG,QA,-45.714954,-3.7519763
SKG_QA_68,SKG,QA,39.699482,30.649204
SKG_QA_123,SKG,QA,66.916664,-9.582244
SKG_QA_138,SKG,QA,68.31164,-9.007749
SKG_QA_139,SKG,QA,43.478207,28.990746
SKG_MT_134,SKG,MT,64.31091,-7.9875937
SKG_MT_142,SKG,MT,69.52352,-10.731602
SKG_MT_154,SKG,MT,-11.571441,30.775953
SKG_QA_153,SKG,QA,-32.075237,-7.006452
SKG_QA_160,SKG,QA,19.225174,13.486619
SKG_MT_111,SKG,MT,39.458202,31.435186
SKG_MT_113,SKG,MT,-11.518136,32.884407
SKG_MT_202,SKG,MT,-10.276007,49.708984
SKG_QA_11,SKG,QA,66.73302,-11.990702
SKG_QA_19,SKG,QA,-19.274126,4.516519
SKG_QA_77,SKG,QA,-34.829277,-4.531715
SKG_QA_81,SKG,QA,65.77501,-11.797473
SKG_QA_82,SKG,QA,-9.815343,0.58582664
SKG_QA_86,SKG,QA,-35.67721,-3.210546
SKG_QA_89,SKG,QA,63.015846,-6.6621346
SKG_MT_159,SKG,MT,-47.436024,20.116787
SKG_MT_172,SKG,MT,-9.403645,23.36714
SKG_QA_43,SKG,QA,5.273951,25.558712
SKG_QA_44,SKG,QA,-33.631134,2.63614
SKG_QA_49,SKG,QA,66.26565,-11.179186
SKG_MT_251,SKG,MT,-38.454704,20.708275
SKG_QA_90,SKG,QA,-41.27267,-2.8391333
SKG_QA_98,SKG,QA,66.06287,-14.6970005
SKG_SUM_89,SKG,SUM,-22.477425,3.7904239
SKG_SUM_91,SKG,SUM,-19.524498,20.643194
SKG_SUM_94,SKG,SUM,-17.458538,7.5018067
SKG_SUM_95,SKG,SUM,-50.888195,-3.1996763
SKG_SUM_96,SKG,SUM,-23.90017,4.873964
SKG_SUM_101,SKG,SUM,70.62936,-8.234601
SKG_SUM_137,SKG,SUM,-41.06677,13.898498
SKG_SUM_112,SKG,SUM,-17.158432,7.3525596
SKG_SUM_115,SKG,SUM,66.55198,-9.748992
SKG_MT_1088,SKG,MT,-24.427784,21.364964
SKG_MT_1176,SKG,MT,44.71772,19.81406
SKG_MT_1179,SKG,MT,-13.063655,52.776157
SKG_MT_1134,SKG,MT,43.89758,28.667747
SKG_MT_1135,SKG,MT,39.017254,31.329004
SKG_MT_1136,SKG,MT,-9.139125,20.063911
SKG_MT_1139,SKG,MT,43.42391,29.071743
SKG_QA_25,SKG,QA,-48.15596,12.010528
SKG_SUM_183,SKG,SUM,64.133316,-14.517341
SKG_SUM_182,SKG,SUM,9.023557,29.73658
SKG_MT_1150,SKG,MT,-48.17037,26.936977
SKG_SA_276,SKG,SA,9.183676,46.394123
SKG_SA_312,SKG,SA,-44.90564,2.2759924
SKG_SA_299,SKG,SA,-54.312,9.528253
SKG_MT_1468,SKG,MT,-40.00237,35.87178
SKG_MT_1457,SKG,MT,-3.6044247,36.88672
SKG_MT_614,SKG,MT,55.03265,18.794615
SKG_MT_612,SKG,MT,-46.4032,26.911642
SKG_MT_611,SKG,MT,-48.71896,12.941103
SKG_PAR_8,SKG,PAR,-14.059505,-1.566934
SKG_PAR_6,SKG,PAR,-13.104893,34.359024
SKG_PAR_1,SKG,PAR,-25.496407,33.695526
SKG_NLI_19,SKG,NLI,-32.078114,14.725306
SKG_NLI_18,SKG,NLI,-5.7014117,28.87161
SKG_SA_263,SKG,SA,-52.842903,9.590582
NOVEL_MT_95,NOVEL,MT,-40.898613,25.733398
SKG_SA_235,SKG,SA,10.94205,46.60881
SKG_SUM_157,SKG,SUM,-40.852493,10.63049
SKG_SUM_150,SKG,SUM,-40.487534,-10.503104
SKG_SUM_146,SKG,SUM,-43.879368,-0.7804166
SKG_SUM_140,SKG,SUM,-22.289587,-10.189841
SKG_SUM_139,SKG,SUM,1.9506829,19.786259
SKG_SUM_171,SKG,SUM,-16.589664,-3.7183704
SKG_SUM_135,SKG,SUM,-13.775491,-1.9281905
SKG_SUM_131,SKG,SUM,-32.5569,20.354769
SKG_SUM_123,SKG,SUM,-26.29211,4.4158587
SKG_DIA_7,SKG,DIA,-38.553356,-6.0551467
SKG_QA_33,SKG,QA,49.568604,17.220121
SKG_QA_32,SKG,QA,-3.8325834,-16.164536
SKG_SUM_199,SKG,SUM,-20.49125,1.997811
SKG_SUM_192,SKG,SUM,-35.91317,-0.51998496
SKG_SUM_189,SKG,SUM,-50.32841,-2.6280801
SKG_SA_280,SKG,SA,-53.51762,1.0890983
SKG_MT_177,SKG,MT,-10.9202795,34.378597
SKG_MT_173,SKG,MT,-8.620574,29.863665
SKG_MT_163,SKG,MT,-52.368385,-11.787577
SKG_MT_161,SKG,MT,-40.683353,18.259504
SKG_QA_88,SKG,QA,0.4271289,31.28443
SKG_QA_18,SKG,QA,-32.064205,-4.9018617
SKG_QA_16,SKG,QA,-27.298515,9.808893
SKG_MT_12,SKG,MT,-16.323069,17.473154
SKG_MT_190,SKG,MT,-5.657375,37.313816
SKG_MT_186,SKG,MT,-28.29922,19.071444
SKG_QA_59,SKG,QA,-10.874994,5.14549
SKG_QA_52,SKG,QA,-6.970861,-3.493223
SKG_MT_244,SKG,MT,-5.7634845,51.7481
SKG_MT_231,SKG,MT,-28.986366,32.879723
SKG_DIA_3,SKG,DIA,-51.461185,14.155459
SKG_DIA_2,SKG,DIA,3.4528992,3.572466
SKG_SUM_119,SKG,SUM,-26.328209,2.9884655
SKG_SUM_118,SKG,SUM,-31.28555,14.4642725
SKG_SUM_106,SKG,SUM,-25.864164,-3.714719
SKG_SUM_105,SKG,SUM,-22.795876,7.191707
SKG_SUM_104,SKG,SUM,2.25909,23.96939
SKG_SUM_138,SKG,SUM,-28.924688,2.0494485
SKG_SUM_70,SKG,SUM,-34.134285,-17.062063
SKG_SUM_66,SKG,SUM,-49.555717,-4.1552234
SKG_SUM_99,SKG,SUM,1.3999431,19.736841
SKG_SUM_84,SKG,SUM,17.89421,11.998785
SKG_DIA_29,SKG,DIA,-26.362288,-0.5795031
SKG_DIA_22,SKG,DIA,-45.76382,-7.936663
SKG_QA_94,SKG,QA,-19.376577,5.080365
SKG_QA_91,SKG,QA,8.783127,30.629993
SKG_MT_250,SKG,MT,-5.9967976,-3.6959877
SKG_QA_41,SKG,QA,-54.915676,11.805835
SKG_QA_144,SKG,QA,-15.104775,-0.38273212
SKG_QA_142,SKG,QA,-27.845236,-6.3983846
SKG_QA_135,SKG,QA,-16.620043,10.771786
SKG_QA_132,SKG,QA,-8.380872,10.554836
SKG_QA_129,SKG,QA,-52.661392,12.01771
SKG_QA_120,SKG,QA,-40.241894,-9.076245
SKG_QA_69,SKG,QA,-0.8932103,35.776287
SKG_QA_61,SKG,QA,-34.967316,-2.7535474
SKG_QA_114,SKG,QA,-18.662983,-0.9316718
SKG_QA_105,SKG,QA,-22.214306,5.7928286
SKG_QA_103,SKG,QA,-18.913872,0.5797844
SKG_QA_96,SKG,QA,-26.126091,-7.7377405
SKG_DIA_12,SKG,DIA,-38.348583,6.1628165
SKG_DIA_11,SKG,DIA,-45.28679,-5.552224
SKG_DIA_10,SKG,DIA,-30.461987,-2.4616766
SKG_SUM_121,SKG,SUM,-39.768463,14.16423
SKG_MT_1044,SKG,MT,57.93131,-1.5808581
SKG_MT_1041,SKG,MT,-8.8324,46.480244
SKG_MT_1200,SKG,MT,17.332304,13.424249
SKG_MT_1188,SKG,MT,0.081557244,53.75918
SKG_DIA_49,SKG,DIA,-23.25166,-3.464106
SKG_DIA_47,SKG,DIA,7.2560663,14.680792
SKG_DIA_45,SKG,DIA,-48.38687,-5.686045
SKG_DIA_42,SKG,DIA,-4.6426654,16.528418
SKG_DIA_41,SKG,DIA,-27.472458,-3.3703516
SKG_DIA_39,SKG,DIA,-48.005657,-8.354811
SKG_DIA_35,SKG,DIA,-43.02422,-8.151367
NOVEL_QA_38,NOVEL,QA,17.333483,17.4364
SKG_MT_152,SKG,MT,-7.8284817,36.701
SKG_MT_145,SKG,MT,-8.673397,30.125128
SKG_MT_140,SKG,MT,-49.963963,13.079607
SKG_MT_132,SKG,MT,-4.969068,54.34536
SKG_QA_190,SKG,QA,-52.898342,13.352129
SKG_QA_184,SKG,QA,-11.73634,-8.011603
SKG_MT_129,SKG,MT,-8.85431,52.17758
SKG_MT_118,SKG,MT,-38.225857,18.72611
SKG_MT_115,SKG,MT,-11.674859,52.96421
SKG_MT_114,SKG,MT,-8.62795,58.47821
SKG_MT_112,SKG,MT,-42.846085,19.429083
SKG_QA_174,SKG,QA,-36.97677,-7.622641
SKG_QA_171,SKG,QA,-4.939082,-2.6690357
SKG_QA_163,SKG,QA,-16.944832,-7.922509
SKG_QA_154,SKG,QA,-50.66124,-5.507783
SKG_DIA_18,SKG,DIA,-31.38749,3.7624497
SKG_DIA_17,SKG,DIA,-32.113663,-13.018576
SKG_MT_1078,SKG,MT,-49.452812,25.008135
SKG_MT_1076,SKG,MT,55.032654,18.794613
SKG_MT_1051,SKG,MT,-37.056023,19.858156
SKG_MT_1018,SKG,MT,-15.497271,11.678007
SKG_MT_1015,SKG,MT,-33.915382,21.23985
SKG_MT_1014,SKG,MT,-8.897238,26.367361
SKG_DIA_70,SKG,DIA,-19.82739,-7.4170957
SKG_DIA_69,SKG,DIA,-27.563536,12.012672
SKG_DIA_65,SKG,DIA,-33.22015,10.313506
SKG_DIA_61,SKG,DIA,-34.460297,12.48354
SKG_DIA_60,SKG,DIA,-29.92199,-13.282206
SKG_DIA_55,SKG,DIA,-18.85339,-10.097629
SKG_DIA_53,SKG,DIA,48.328686,16.622368
SKG_SUM_56,SKG,SUM,-35.732464,-10.956599
SKG_QA_214,SKG,QA,-47.3155,-4.3290715
SKG_MT_105,SKG,MT,-8.754995,35.97267
SKG_MT_99,SKG,MT,-9.400822,21.257553
SKG_QA_195,SKG,QA,-34.147835,-2.3605883
SKG_QA_191,SKG,QA,17.893766,11.999186
SKG_QA_237,SKG,QA,-39.12553,11.721357
SKG_QA_232,SKG,QA,-9.709464,2.550687
SKG_MT_42,SKG,MT,-27.758636,43.45892
SKG_QA_181,SKG,QA,-24.878256,3.1542459
SKG_QA_178,SKG,QA,1.9430046,-2.3028424
SKG_MT_81,SKG,MT,-31.860876,19.09829
SKG_MT_76,SKG,MT,-15.763212,55.61691
SKG_QA_228,SKG,QA,-37.93132,7.88632
SKG_QA_226,SKG,QA,-12.045583,-7.2054644
SKG_QA_222,SKG,QA,-37.676647,-2.1610217
SKG_QA_217,SKG,QA,-17.933514,-4.6125617
SKG_SUM_75,SKG,SUM,-22.663687,2.9201417
SKG_MT_1182,SKG,MT,-12.632985,32.94416
SKG_MT_1040,SKG,MT,-30.986732,21.54833
SKG_MT_1021,SKG,MT,-41.173115,26.00078
SKG_MT_1212,SKG,MT,-4.626792,25.210487
SKG_MT_974,SKG,MT,-14.318889,17.011837
SKG_MT_967,SKG,MT,-35.07207,20.30087
SKG_MT_1251,SKG,MT,-21.747984,49.993916
SKG_MT_1243,SKG,MT,-17.321976,16.850946
SKG_MT_1240,SKG,MT,52.24419,19.27931
SKG_QA_279,SKG,QA,1.8970468,32.55555
SKG_QA_264,SKG,QA,-31.92935,-7.015926
SKG_MT_264,SKG,MT,-35.68102,18.990461
SKG_MT_255,SKG,MT,-44.43475,29.94465
SKG_PAR_213,SKG,PAR,46.903038,16.808386
SKG_MT_65,SKG,MT,-29.819996,23.244312
SKG_MT_54,SKG,MT,-22.254694,38.97148
SKG_MT_51,SKG,MT,-19.492023,9.968257
SKG_QA_250,SKG,QA,-15.770133,1.1073667
SKG_QA_244,SKG,QA,-38.989326,-10.315744
SKG_QA_239,SKG,QA,-53.75374,7.2162113
SKG_PAR_211,SKG,PAR,-35.839447,13.077343
SKG_MT_269,SKG,MT,-13.537645,15.349301
SKG_MT_41,SKG,MT,-8.655923,45.74348
SKG_MT_37,SKG,MT,-42.448143,18.332865
SKG_MT_36,SKG,MT,-2.4480777,19.511816
SKG_MT_28,SKG,MT,-3.5052783,20.845346
SKG_QA_281,SKG,QA,-2.765974,-5.243118
SKG_QA_280,SKG,QA,-38.473595,-9.398891
SKG_SUM_55,SKG,SUM,-44.32594,1.7853853
SKG_SUM_53,SKG,SUM,-33.90965,20.737827
SKG_MT_1008,SKG,MT,61.65537,-7.0561724
SKG_MT_1002,SKG,MT,58.129177,-1.2406156
SKG_MT_997,SKG,MT,-48.05502,27.280958
SKG_MT_996,SKG,MT,-47.650837,14.394656
SKG_MT_990,SKG,MT,-6.58187,52.51623
SKG_MT_978,SKG,MT,-13.286713,49.68584
SKG_QA_323,SKG,QA,19.830399,13.700749
SKG_QA_318,SKG,QA,-39.061855,-2.6700675
SKG_QA_317,SKG,QA,-37.59792,-11.184859
SKG_QA_307,SKG,QA,-1.5891501,31.858082
SKG_QA_301,SKG,QA,-0.14763196,35.28538
SKG_QA_300,SKG,QA,12.896856,2.82872
SKG_QA_297,SKG,QA,45.590225,20.854017
SKG_QA_293,SKG,QA,-19.086235,8.117901
SKG_QA_290,SKG,QA,-2.9887385,26.755964
SKG_QA_287,SKG,QA,-1.1717175,24.773376
SKG_MT_329,SKG,MT,-38.388584,19.827515
SKG_MT_318,SKG,MT,-51.542114,26.624369
SKG_MT_310,SKG,MT,-28.491045,30.577076
SKG_MT_309,SKG,MT,57.93131,-1.5808581
SKG_MT_302,SKG,MT,-19.150581,42.471325
SKG_MT_291,SKG,MT,-44.97601,31.123951
SKG_SUM_3,SKG,SUM,-26.292103,4.415859
SKG_DIA_72,SKG,DIA,-41.14754,-10.298785
SKG_PAR_137,SKG,PAR,-5.4515,38.91917
SKG_PAR_132,SKG,PAR,-47.48727,-1.5351447
SKG_PAR_131,SKG,PAR,-24.281603,37.313183
SKG_MT_361,SKG,MT,-47.90224,17.969574
SKG_MT_357,SKG,MT,-7.972512,-0.781537
SKG_MT_354,SKG,MT,-6.713308,49.88424
SKG_MT_343,SKG,MT,-3.956238,30.089352
SKG_PAR_163,SKG,PAR,1.571263,25.984156
SKG_PAR_150,SKG,PAR,-2.9446328,32.12654
SKG_MT_330,SKG,MT,-10.978952,56.119118
SKG_MT_8,SKG,MT,-41.13964,16.23147
SKG_MT_5,SKG,MT,-9.683114,42.24227
SKG_QA_326,SKG,QA,-7.2360153,7.789718
SKG_QA_325,SKG,QA,-22.289604,-10.189858
SKG_QA_368,SKG,QA,-3.5484192,27.72651
SKG_QA_363,SKG,QA,-9.803289,0.81199956
SKG_QA_313,SKG,QA,-18.982,6.329472
SKG_QA_351,SKG,QA,-15.243854,2.4660869
SKG_QA_346,SKG,QA,-50.59214,-0.58624077
SKG_QA_342,SKG,QA,-5.0498323,2.4330409
SKG_QA_332,SKG,QA,-38.719517,-9.547012
SKG_QA_331,SKG,QA,-32.90579,-3.1636922
SKG_SUM_28,SKG,SUM,-37.57937,-4.2534695
SKG_SUM_26,SKG,SUM,-34.13429,-17.06229
SKG_SUM_19,SKG,SUM,7.8479524,26.089188
SKG_SUM_16,SKG,SUM,-16.903873,3.6046567
SKG_SUM_14,SKG,SUM,-28.924852,2.0494487
SKG_SUM_13,SKG,SUM,-26.292095,4.4158683
SKG_SUM_10,SKG,SUM,-30.461798,-2.4618123
SKG_SUM_9,SKG,SUM,5.342443,20.301601
SKG_DIA_97,SKG,DIA,-40.272293,5.1436625
SKG_DIA_88,SKG,DIA,53.597034,18.881216
SKG_DIA_75,SKG,DIA,-39.34497,-6.573453
SKG_DIA_73,SKG,DIA,-42.183018,-1.0324607
SKG_QA_402,SKG,QA,-8.370213,-7.2847395
SKG_MT_434,SKG,MT,-23.118607,46.25732
SKG_MT_430,SKG,MT,-45.30108,24.669725
SKG_PAR_111,SKG,PAR,-24.332827,-1.2149547
SKG_MT_420,SKG,MT,-11.128796,52.395737
SKG_MT_418,SKG,MT,-21.748007,49.993988
SKG_MT_407,SKG,MT,-9.764171,48.52069
SKG_MT_392,SKG,MT,-11.32084,39.450596
SKG_MT_386,SKG,MT,-18.925041,32.2531
SKG_MT_385,SKG,MT,-17.992273,28.15504
SKG_MT_383,SKG,MT,-49.82792,-1.7023451
SKG_PAR_146,SKG,PAR,18.542149,16.509428
SKG_MT_1269,SKG,MT,-7.51143,33.789276
SKG_MT_1262,SKG,MT,-18.332075,18.405796
SKG_DIA_116,SKG,DIA,-46.0619,0.10186851
SKG_DIA_115,SKG,DIA,-46.78963,-8.027324
SKG_QA_360,SKG,QA,-14.346075,2.1545641
SKG_QA_391,SKG,QA,-16.976551,14.965789
SKG_QA_383,SKG,QA,-21.293793,-1.4631182
SKG_QA_374,SKG,QA,-26.748861,12.13279
SKG_QA_373,SKG,QA,-9.294847,-3.2637258
SKG_QA_372,SKG,QA,-11.600257,-0.7319693
SKG_QA_412,SKG,QA,-20.1706,0.20712048
SKG_QA_409,SKG,QA,-13.890824,3.589638
SKG_QA_408,SKG,QA,-16.7075,-5.0095263
SKG_QA_406,SKG,QA,-38.505424,-9.330709
SKG_DIA_99,SKG,DIA,-36.247257,5.898145
SKG_DIA_98,SKG,DIA,-37.69463,-3.9704893
SKG_DIA_124,SKG,DIA,-43.858406,-11.676615
SKG_SA_586,SKG,SA,-48.814476,-0.11644883
SKG_DIA_119,SKG,DIA,-38.429977,9.612974
SKG_MT_1259,SKG,MT,-31.627699,18.883629
SKG_QA_422,SKG,QA,-17.338211,1.2995285
SKG_QA_413,SKG,QA,7.0591474,35.298615
SKG_QA_395,SKG,QA,-31.433489,12.500669
SKG_QA_393,SKG,QA,-33.977116,-0.6141513
SKG_MT_1238,SKG,MT,-6.762207,56.18822
SKG_MT_965,SKG,MT,-44.408665,26.09047
SKG_MT_963,SKG,MT,-19.59168,10.028456
SKG_MT_949,SKG,MT,-16.64092,16.399368
SKG_MT_948,SKG,MT,-7.975056,48.452644
SKG_MT_943,SKG,MT,-12.74547,52.306065
SKG_MT_1274,SKG,MT,-12.534425,12.294562
SKG_MT_1272,SKG,MT,-44.39807,13.970979
SKG_MT_442,SKG,MT,-8.898014,50.390873
SKG_MT_438,SKG,MT,-45.28068,29.46764
SKG_MT_436,SKG,MT,-10.094051,55.700737
SKG_QA_441,SKG,QA,-14.027688,3.1250105
SKG_DIA_112,SKG,DIA,-30.798555,-14.529852
SKG_DIA_107,SKG,DIA,-29.139568,-10.856269
SKG_DIA_105,SKG,DIA,-42.34189,-2.1003897
SKG_DIA_103,SKG,DIA,-41.72877,-5.9016747
SKG_DIA_102,SKG,DIA,-41.604485,-1.5048835
SKG_SA_620,SKG,SA,-2.9847865,0.14215173
SKG_SA_591,SKG,SA,-55.577396,-2.2205925
SKG_DIA_101,SKG,DIA,3.0272434,25.320127
SKG_DIA_145,SKG,DIA,-28.185234,11.691353
SKG_DIA_144,SKG,DIA,-36.083023,6.079003
SKG_DIA_143,SKG,DIA,-1.2140335,-1.977761
SKG_DIA_126,SKG,DIA,-44.603203,-3.4973342
SKG_DIA_154,SKG,DIA,-46.241623,-5.896469
SKG_SA_548,SKG,SA,-51.192818,4.4460936
SKG_SA_546,SKG,SA,4.8482356,49.75097
SKG_SA_538,SKG,SA,-53.272057,1.4179623
SKG_DIA_151,SKG,DIA,-28.276077,0.2390048
SKG_QA_479,SKG,QA,-32.0043,0.73238176
SKG_QA_477,SKG,QA,-47.29297,-4.15363
SKG_QA_460,SKG,QA,-51.815746,6.3579063
SKG_QA_458,SKG,QA,47.049618,-16.760094
SKG_MT_483,SKG,MT,-8.136144,50.161552
SKG_MT_479,SKG,MT,-45.55403,12.180505
SKG_MT_477,SKG,MT,-36.838757,18.591969
SKG_MT_464,SKG,MT,-35.40393,21.640898
SKG_MT_456,SKG,MT,-9.49884,47.929142
SKG_MT_455,SKG,MT,-7.559395,49.841072
SKG_MT_450,SKG,MT,0.38456514,16.745659
SKG_MT_1323,SKG,MT,-13.26193,10.620667
SKG_MT_833,SKG,MT,-28.984646,22.485106
SKG_QA_444,SKG,QA,-30.387669,15.705533
SKG_QA_492,SKG,QA,-24.397722,-0.7159773
SKG_QA_486,SKG,QA,1.1451924,-10.233407
SKG_MT_1258,SKG,MT,-26.88902,22.712988
SKG_MT_937,SKG,MT,-26.079926,22.261646
SKG_MT_908,SKG,MT,-7.0095377,55.238808
SKG_MT_898,SKG,MT,-39.614235,2.7404296
SKG_MT_889,SKG,MT,-34.232254,19.075108
SKG_MT_1289,SKG,MT,-42.54183,19.313152
SKG_DIA_177,SKG,DIA,-42.147663,-10.038173
SKG_DIA_169,SKG,DIA,-24.280071,-5.596376
SKG_DIA_165,SKG,DIA,-25.195175,-4.379311
SKG_DIA_159,SKG,DIA,19.797743,14.727029
SKG_DIA_155,SKG,DIA,-8.906659,-5.2706723
SKG_SA_478,SKG,SA,-53.544273,-7.0095143
SKG_SA_470,SKG,SA,5.678869,37.297554
SKG_MT_859,SKG,MT,-49.2506,21.01324
SKG_MT_848,SKG,MT,-35.808487,-1.6572993
SKG_MT_1345,SKG,MT,-46.460976,28.304993
SKG_MT_1342,SKG,MT,-11.819202,27.76281
SKG_MT_1334,SKG,MT,-11.382355,60.304996
SKG_DIA_197,SKG,DIA,-14.157302,-9.274235
SKG_DIA_191,SKG,DIA,-38.558483,6.5663095
SKG_DIA_187,SKG,DIA,-46.965225,-9.818784
SKG_DIA_186,SKG,DIA,-48.776905,-6.9464083
SKG_DIA_185,SKG,DIA,-40.915195,-4.724992
SKG_DIA_180,SKG,DIA,7.975242,26.741037
SKG_SA_519,SKG,SA,-56.47437,0.07291432
SKG_SA_518,SKG,SA,6.822846,49.557774
SKG_MT_1331,SKG,MT,-37.363636,19.719896
SKG_DIA_237,SKG,DIA,-38.096394,-1.9415586
SKG_SA_2,SKG,SA,-45.839718,8.580407
SKG_MT_826,SKG,MT,-24.824705,45.142204
SKG_MT_1341,SKG,MT,-27.201502,22.521254
SKG_MT_634,SKG,MT,-20.629631,19.559336
SKG_MT_628,SKG,MT,-13.412923,51.171944
SKG_MT_543,SKG,MT,-32.871193,14.88707
SKG_MT_267,SKG,MT,-13.771762,11.3641615
SKG_SA_453,SKG,SA,-52.639553,-1.7183199
SKG_SA_445,SKG,SA,47.406326,17.554678
SKG_DIA_230,SKG,DIA,-19.303673,-2.6943347
SKG_DIA_226,SKG,DIA,-42.705307,-3.9547198
SKG_DIA_218,SKG,DIA,-40.94509,-4.4535565
SKG_DIA_214,SKG,DIA,-29.815853,-13.085144
SKG_DIA_206,SKG,DIA,-38.152443,-7.631294
SKG_SA_498,SKG,SA,-50.384274,2.4026372
SKG_SUM_215,SKG,SUM,-14.9553585,-6.046111
SKG_MT_814,SKG,MT,-23.711771,29.904465
SKG_MT_811,SKG,MT,-19.471472,12.191078
SKG_MT_796,SKG,MT,-11.460929,37.98997
SKG_MT_1368,SKG,MT,-5.474341,47.975506
SKG_MT_1362,SKG,MT,-49.306126,14.224812
SKG_MT_1356,SKG,MT,43.534668,19.881302
SKG_MT_1348,SKG,MT,-7.699664,26.426579
SKG_MT_784,SKG,MT,-14.238789,21.603119
SKG_DIA_265,SKG,DIA,-20.812708,3.361458
SKG_DIA_264,SKG,DIA,-39.69837,-7.3051395
SKG_DIA_263,SKG,DIA,-24.027847,-2.8655448
SKG_DIA_262,SKG,DIA,11.344622,30.758
SKG_DIA_254,SKG,DIA,-43.177265,-18.11109
SKG_DIA_248,SKG,DIA,-26.748861,12.13279
SKG_DIA_244,SKG,DIA,3.0557969,38.645435
SKG_DIA_273,SKG,DIA,-30.803514,2.3130915
SKG_MT_531,SKG,MT,-39.239464,2.6532018
SKG_MT_526,SKG,MT,-10.282611,15.127032
SKG_MT_525,SKG,MT,-49.523586,15.837855
SKG_PAR_64,SKG,PAR,-0.8477369,30.261683
SKG_PAR_51,SKG,PAR,-14.223474,4.533814
SKG_MT_521,SKG,MT,-12.026606,52.185074
SKG_MT_512,SKG,MT,-39.617886,12.525316
SKG_MT_499,SKG,MT,-8.046739,54.196968
SKG_PAR_83,SKG,PAR,-36.313766,24.10084
SKG_PAR_81,SKG,PAR,-31.194721,23.631588
SKG_PAR_70,SKG,PAR,-25.056393,35.34263
SKG_MT_495,SKG,MT,51.647964,21.852959
SKG_MT_490,SKG,MT,-12.723598,31.43873
SKG_MT_489,SKG,MT,-0.17499419,19.69435
SKG_MT_486,SKG,MT,-17.81622,19.244097
SKG_MT_536,SKG,MT,-9.981257,53.882652
SKG_DIA_236,SKG,DIA,3.173458,22.55068
SKG_DIA_232,SKG,DIA,-42.087082,-6.1178412
SKG_SA_467,SKG,SA,-43.70018,7.3673763
SKG_MT_782,SKG,MT,-15.215276,26.387413
SKG_MT_776,SKG,MT,-50.128693,20.570457
SKG_MT_775,SKG,MT,-17.794394,12.857369
SKG_MT_774,SKG,MT,-10.095556,56.372902
SKG_MT_769,SKG,MT,-49.464417,22.894083
SKG_MT_1393,SKG,MT,-8.561277,54.298557
SKG_MT_1391,SKG,MT,-44.22614,33.951378
SKG_MT_1382,SKG,MT,-7.1737075,31.600454
SKG_MT_766,SKG,MT,-29.226673,25.80975
SKG_DIA_289,SKG,DIA,-46.532375,-6.949437
SKG_DIA_286,SKG,DIA,6.730001,16.035225
SKG_DIA_283,SKG,DIA,-29.408522,11.530484
SKG_DIA_309,SKG,DIA,-6.487468,-2.8326428
SKG_DIA_305,SKG,DIA,-45.412685,-8.023863
SKG_SA_413,SKG,SA,-15.658126,5.8777256
SKG_SA_408,SKG,SA,-52.16139,0.38413146
SKG_SA_403,SKG,SA,11.190712,43.2341
SKG_SA_402,SKG,SA,-47.205708,-2.6119328
SKG_DIA_297,SKG,DIA,-42.603096,-12.273557
SKG_SA_58,SKG,SA,-47.19845,3.6806574
SKG_SA_57,SKG,SA,-48.159294,-1.4206884
SKG_SA_55,SKG,SA,5.2344017,49.792046
SKG_SA_54,SKG,SA,-0.6581903,3.7950103
SKG_SUM_209,SKG,SUM,-38.000797,11.496096
SKG_SUM_206,SKG,SUM,8.504505,23.149208
SKG_PAR_13,SKG,PAR,-37.844692,34.063118
SKG_MT_568,SKG,MT,-2.163662,55.959488
SKG_MT_541,SKG,MT,-5.445713,18.274784
SKG_SA_95,SKG,SA,4.77838,48.90094
SKG_SA_94,SKG,SA,1.9762695,16.46638
SKG_SA_91,SKG,SA,-35.276268,8.97934
SKG_SA_87,SKG,SA,44.1603,19.10238
SKG_SA_84,SKG,SA,-48.255604,4.484585
SKG_SA_81,SKG,SA,10.605142,40.101997
SKG_SA_71,SKG,SA,-21.2264,9.847634
SKG_DIA_270,SKG,DIA,-27.98527,-13.536146
SKG_MT_760,SKG,MT,-31.570902,23.297136
SKG_MT_749,SKG,MT,0.49556628,38.666214
SKG_MT_746,SKG,MT,-3.02279,26.813404
SKG_MT_730,SKG,MT,-16.637865,33.47589
SKG_MT_1409,SKG,MT,-29.379017,28.9434
SKG_MT_1407,SKG,MT,-0.69564956,36.608437
SKG_DIA_314,SKG,DIA,-38.14218,8.84511
SKG_DIA_311,SKG,DIA,-42.80298,-2.3745637
SKG_MT_718,SKG,MT,-4.702204,16.789606
SKG_MT_714,SKG,MT,-8.578698,49.98402
SKG_MT_693,SKG,MT,-47.975048,33.886307
SKG_MT_689,SKG,MT,-8.861017,55.524143
SKG_MT_685,SKG,MT,-10.141582,58.384197
SKG_MT_1450,SKG,MT,-17.08411,48.83573
SKG_MT_1447,SKG,MT,-44.05586,31.334412
SKG_MT_1431,SKG,MT,-2.9280467,42.38488
NOVEL_MT_9,NOVEL,MT,-51.42843,24.393888
SKG_SA_384,SKG,SA,-54.79738,-2.1467717
SKG_SA_150,SKG,SA,-52.050728,-0.10696582
NOVEL_MT_163,NOVEL,MT,-43.96801,16.758242
SKG_SA_137,SKG,SA,-34.056545,7.4926653
SKG_SA_133,SKG,SA,-49.233574,1.4270346
SKG_SA_124,SKG,SA,-49.82746,3.0450215
SKG_SA_102,SKG,SA,-30.191916,-1.8386346
SKG_SA_371,SKG,SA,-22.591661,15.451376
SKG_SA_358,SKG,SA,10.563633,50.92277
SKG_DIA_317,SKG,DIA,-47.98842,-7.5361094
SKG_DIA_315,SKG,DIA,-27.478111,-3.1351461
SKG_MT_1430,SKG,MT,-42.71103,15.242267
SKG_MT_1428,SKG,MT,-0.8582703,-3.5749316
SKG_MT_677,SKG,MT,-13.090814,52.75325
SKG_MT_656,SKG,MT,42.909523,-15.959652
SKG_MT_631,SKG,MT,-43.96947,16.42857
SKG_NLI_3,SKG,NLI,-40.130924,11.839053
SKG_NLI_0,SKG,NLI,48.67816,17.935743
SKG_SA_350,SKG,SA,-50.094273,7.987064
SKG_SA_345,SKG,SA,-47.71432,7.916239
SKG_SA_344,SKG,SA,11.040032,42.907
SKG_SA_156,SKG,SA,-45.171455,7.9491687
SKG_DIA_293,SKG,DIA,-36.31219,5.8632116
SKG_SA_233,SKG,SA,-54.01805,6.341215
SKG_SA_231,SKG,SA,-50.029186,0.25374955
SKG_SA_214,SKG,SA,0.7988061,5.114053
SKG_SA_205,SKG,SA,-53.69482,0.83412546
SKG_NLI_17,SKG,NLI,-11.729991,14.993502
SKG_NLI_16,SKG,NLI,-6.6069627,13.317422
SKG_NLI_8,SKG,NLI,-5.317343,34.64492
SKG_NLI_5,SKG,NLI,-43.498356,7.1904774
SKG_MT_594,SKG,MT,-47.244514,19.33258
SKG_MT_579,SKG,MT,-5.7084227,14.741079
SKG_MT_573,SKG,MT,-20.00689,28.623884
SKG_PAR_32,SKG,PAR,-23.452448,30.142916
SKG_PAR_26,SKG,PAR,-20.192963,2.0274587
SKG_PAR_23,SKG,PAR,-9.455194,8.382408
SKG_PAR_21,SKG,PAR,-12.269605,5.8376946
SKG_PAR_16,SKG,PAR,-21.162828,26.952187
SKG_MT_1142,SKG,MT,-6.4961677,46.77474
SKG_MT_1128,SKG,MT,-9.657786,22.044321
SKG_MT_1126,SKG,MT,-46.52628,18.956076
SKG_MT_1104,SKG,MT,-12.559036,36.178963
SKG_MT_1181,SKG,MT,-17.809984,41.674084
SKG_MT_1180,SKG,MT,-46.922215,22.484459
SKG_MT_1178,SKG,MT,-46.272484,24.139177
SKG_MT_1164,SKG,MT,-49.833607,24.501005
SKG_MT_1094,SKG,MT,-9.4288645,26.39809
SKG_DIA_16,SKG,DIA,-28.610456,-14.357976
SKG_DIA_14,SKG,DIA,1.1822135,-1.4937141
SKG_DIA_13,SKG,DIA,-10.076117,-5.870788
SKG_QA_2,SKG,QA,-0.8932034,35.776127
SKG_MT_226,SKG,MT,-36.233242,18.8981
SKG_MT_208,SKG,MT,-0.13211985,54.827545
SKG_MT_207,SKG,MT,-10.53526,51.04051
SKG_SA_284,SKG,SA,-49.887917,13.049078
SKG_MT_1149,SKG,MT,14.339234,16.432417
SKG_SUM_160,SKG,SUM,-21.793364,5.091444
SKG_SUM_170,SKG,SUM,-53.8351,20.013067
SKG_MT_1143,SKG,MT,-49.27535,19.137888
SKG_MT_1145,SKG,MT,-19.61063,11.848153
SKG_MT_1146,SKG,MT,-17.084192,48.835766
SKG_SUM_184,SKG,SUM,-44.584965,2.914045
NOVEL_DIA_59,NOVEL,DIA,44.23863,24.407417
NOVEL_DIA_56,NOVEL,DIA,3.9627254,3.790109
NOVEL_DIA_55,NOVEL,DIA,-42.06849,-4.567854
NOVEL_DIA_54,NOVEL,DIA,-12.199726,7.242482
NOVEL_DIA_53,NOVEL,DIA,-43.41437,-6.0562167
NOVEL_DIA_52,NOVEL,DIA,-15.086216,0.47388396
NOVEL_DIA_51,NOVEL,DIA,44.043137,24.058176
NOVEL_DIA_50,NOVEL,DIA,-41.583187,-5.987293
NOVEL_DIA_49,NOVEL,DIA,-30.758186,-14.407934
NOVEL_DIA_47,NOVEL,DIA,-52.243332,-4.486303
NOVEL_DIA_45,NOVEL,DIA,7.608361,27.911089
NOVEL_DIA_44,NOVEL,DIA,-12.4966135,5.7255588
NOVEL_DIA_43,NOVEL,DIA,-42.3702,-8.363818
NOVEL_DIA_42,NOVEL,DIA,-53.347202,10.884804
NOVEL_DIA_41,NOVEL,DIA,61.53823,17.000198
NOVEL_DIA_40,NOVEL,DIA,-25.886784,-8.069951
NOVEL_DIA_10,NOVEL,DIA,-25.16124,-2.0981815
NOVEL_DIA_11,NOVEL,DIA,45.638763,30.89827
NOVEL_DIA_12,NOVEL,DIA,-49.035122,-10.899346
NOVEL_DIA_13,NOVEL,DIA,-13.774924,-10.184284
NOVEL_DIA_14,NOVEL,DIA,-42.265167,6.785201
NOVEL_DIA_16,NOVEL,DIA,38.29075,28.177282
NOVEL_DIA_17,NOVEL,DIA,-43.73323,4.786764
NOVEL_DIA_18,NOVEL,DIA,-44.508827,-7.689642
NOVEL_DIA_20,NOVEL,DIA,-39.61326,-5.064728
NOVEL_DIA_21,NOVEL,DIA,-29.830181,0.11511687
NOVEL_MT_62,NOVEL,MT,-52.143482,15.921003
NOVEL_MT_61,NOVEL,MT,-17.58745,20.921581
NOVEL_MT_54,NOVEL,MT,65.65703,12.633971
NOVEL_MT_53,NOVEL,MT,64.35945,9.642492
NOVEL_MT_52,NOVEL,MT,-35.35301,29.544416
NOVEL_MT_91,NOVEL,MT,-49.253742,19.091759
NOVEL_MT_89,NOVEL,MT,60.65253,16.434343
NOVEL_MT_88,NOVEL,MT,-13.228217,14.6354
NOVEL_MT_86,NOVEL,MT,46.69379,17.656536
NOVEL_MT_83,NOVEL,MT,-6.327354,46.200863
NOVEL_MT_82,NOVEL,MT,-17.736832,36.320606
NOVEL_MT_81,NOVEL,MT,-42.200222,15.559257
NOVEL_MT_78,NOVEL,MT,61.30747,12.651208
NOVEL_MT_29,NOVEL,MT,-39.401752,35.44241
NOVEL_MT_26,NOVEL,MT,-12.814246,54.73641
NOVEL_MT_63,NOVEL,MT,60.067524,14.987267
NOVEL_MT_23,NOVEL,MT,-7.991024,54.763355
NOVEL_MT_21,NOVEL,MT,0.017024666,22.687231
NOVEL_MT_19,NOVEL,MT,-10.734677,51.223854
NOVEL_MT_17,NOVEL,MT,18.41088,24.231537
NOVEL_MT_16,NOVEL,MT,-9.003565,26.270443
NOVEL_MT_15,NOVEL,MT,63.229652,15.167201
NOVEL_MT_11,NOVEL,MT,59.98956,13.320681
NOVEL_MT_49,NOVEL,MT,-7.6251597,48.362354
NOVEL_MT_47,NOVEL,MT,63.23452,14.109823
NOVEL_MT_45,NOVEL,MT,-9.332761,38.034863
NOVEL_MT_42,NOVEL,MT,-10.54532,14.211545
NOVEL_MT_40,NOVEL,MT,45.653595,32.011707
NOVEL_MT_39,NOVEL,MT,-51.62086,14.791793
NOVEL_MT_37,NOVEL,MT,64.352745,16.195461
NOVEL_MT_35,NOVEL,MT,9.382957,-10.413254
NOVEL_MT_31,NOVEL,MT,18.42081,24.216955
NOVEL_MT_77,NOVEL,MT,-49.224117,25.53343
NOVEL_MT_74,NOVEL,MT,-53.070473,14.070706
NOVEL_MT_71,NOVEL,MT,-8.463669,39.137928
NOVEL_MT_67,NOVEL,MT,-5.6257524,23.093576
NOVEL_MT_66,NOVEL,MT,65.916466,11.97075
NOVEL_MT_64,NOVEL,MT,-8.7828665,21.125555
BLOG_NLI_W4220659089,BLOG,NLI,38.148285,-54.464474
NOVEL_MT_105,NOVEL,MT,-23.272202,35.657707
NOVEL_MT_104,NOVEL,MT,-9.54447,53.735565
NOVEL_MT_101,NOVEL,MT,-1.8438596,18.251574
NOVEL_MT_99,NOVEL,MT,-50.55753,26.473331
NOVEL_MT_96,NOVEL,MT,44.510723,32.308586
NOVEL_MT_93,NOVEL,MT,-47.05717,20.110008
NOVEL_MT_92,NOVEL,MT,-11.204537,11.530963
NOVEL_MT_25,NOVEL,MT,-41.27293,15.975525
NOVEL_MT_24,NOVEL,MT,63.020123,14.620109
NOVEL_MT_125,NOVEL,MT,-12.187519,17.195093
NOVEL_MT_124,NOVEL,MT,66.800735,14.618574
NOVEL_MT_122,NOVEL,MT,-9.462452,24.258875
NOVEL_MT_121,NOVEL,MT,45.65641,31.27215
NOVEL_MT_120,NOVEL,MT,-30.90784,22.349695
NOVEL_MT_118,NOVEL,MT,-39.345352,17.909899
NOVEL_MT_117,NOVEL,MT,-38.266556,18.63595
NOVEL_MT_116,NOVEL,MT,-4.9505987,24.19107
NOVEL_MT_115,NOVEL,MT,-22.796577,17.818716
NOVEL_MT_113,NOVEL,MT,-15.329523,23.25376
NOVEL_MT_112,NOVEL,MT,-39.513195,16.239664
NOVEL_MT_110,NOVEL,MT,17.303946,16.107227
NOVEL_MT_109,NOVEL,MT,-19.90314,26.802086
NOVEL_MT_108,NOVEL,MT,-14.20197,23.767689
NOVEL_MT_107,NOVEL,MT,19.044762,16.221035
NOVEL_MT_10,NOVEL,MT,-17.105267,16.045034
NOVEL_MT_5,NOVEL,MT,-16.507986,21.758352
NOVEL_MT_4,NOVEL,MT,9.389794,38.678642
NOVEL_MT_2,NOVEL,MT,-43.81605,21.549456
NOVEL_MT_0,NOVEL,MT,-12.84887,32.326023
NOVEL_MT_141,NOVEL,MT,-17.886328,29.631472
NOVEL_MT_140,NOVEL,MT,-5.7084627,34.52372
NOVEL_MT_139,NOVEL,MT,64.4503,13.633716
NOVEL_MT_137,NOVEL,MT,-18.228268,14.071379
NOVEL_MT_133,NOVEL,MT,-4.744576,19.930895
NOVEL_MT_132,NOVEL,MT,-3.9584658,36.762478
NOVEL_MT_130,NOVEL,MT,-34.190052,21.98143
NOVEL_MT_128,NOVEL,MT,66.4643,14.336537
NOVEL_MT_127,NOVEL,MT,-11.243326,54.951836
NOVEL_MT_167,NOVEL,MT,45.9646,31.125612
NOVEL_MT_165,NOVEL,MT,-12.531866,29.302507
NOVEL_MT_161,NOVEL,MT,61.992218,13.601711
NOVEL_MT_156,NOVEL,MT,0.4314817,22.990639
NOVEL_MT_155,NOVEL,MT,7.0804877,11.697385
NOVEL_MT_154,NOVEL,MT,40.83583,29.683338
NOVEL_MT_153,NOVEL,MT,-7.1907225,24.980503
NOVEL_MT_150,NOVEL,MT,65.77017,16.90061
NOVEL_MT_148,NOVEL,MT,-13.487086,29.952124
NOVEL_MT_144,NOVEL,MT,60.47058,17.672604
NOVEL_MT_179,NOVEL,MT,64.40356,13.912675
NOVEL_MT_177,NOVEL,MT,-12.73757,23.77401
NOVEL_MT_174,NOVEL,MT,18.478,15.019119
NOVEL_MT_172,NOVEL,MT,59.840656,14.692511
NOVEL_MT_168,NOVEL,MT,-6.140103,23.53452
NOVEL_MT_198,NOVEL,MT,64.65212,17.186527
NOVEL_MT_193,NOVEL,MT,-11.509258,24.349703
NOVEL_MT_192,NOVEL,MT,-3.325362,29.72266
NOVEL_MT_190,NOVEL,MT,-1.4893293,6.7298784
NOVEL_MT_189,NOVEL,MT,42.667847,27.792198
NOVEL_MT_187,NOVEL,MT,65.78104,15.967771
NOVEL_MT_186,NOVEL,MT,61.521896,14.634465
NOVEL_MT_185,NOVEL,MT,68.46338,11.163692
NOVEL_MT_183,NOVEL,MT,-49.026257,32.240093
NOVEL_MT_182,NOVEL,MT,-42.792614,16.844551
NOVEL_MT_181,NOVEL,MT,-30.95449,31.344975
NOVEL_MT_180,NOVEL,MT,44.148846,30.620878
NOVEL_MT_209,NOVEL,MT,-17.74128,49.89713
NOVEL_MT_208,NOVEL,MT,61.02465,17.251791
NOVEL_MT_207,NOVEL,MT,63.953777,10.993323
NOVEL_MT_205,NOVEL,MT,-9.87829,24.474327
NOVEL_MT_202,NOVEL,MT,62.131577,14.762109
NOVEL_SA_67,NOVEL,SA,5.1910644,6.6409426e-05
NOVEL_SA_66,NOVEL,SA,-39.864872,0.08911659
NOVEL_SA_65,NOVEL,SA,18.46468,14.272528
NOVEL_SA_64,NOVEL,SA,10.28886,34.204365
NOVEL_SA_63,NOVEL,SA,-21.30927,-1.4781972
NOVEL_SA_62,NOVEL,SA,8.032596,30.659811
NOVEL_SA_61,NOVEL,SA,4.5204787,27.653502
NOVEL_SA_60,NOVEL,SA,66.84588,12.821966
NOVEL_SA_59,NOVEL,SA,-51.540752,3.124424
NOVEL_SA_58,NOVEL,SA,-48.17168,0.35497215
NOVEL_SA_57,NOVEL,SA,-44.74901,6.7027617
NOVEL_MT_213,NOVEL,MT,59.535717,16.968992
NOVEL_MT_210,NOVEL,MT,-50.00837,13.940026
NOVEL_SA_52,NOVEL,SA,-54.76973,-2.1119118
NOVEL_SA_51,NOVEL,SA,47.58286,31.09531
NOVEL_SA_50,NOVEL,SA,-36.31462,-4.3745914
NOVEL_SA_49,NOVEL,SA,65.46012,16.314993
NOVEL_SA_48,NOVEL,SA,63.772404,15.109874
NOVEL_SA_46,NOVEL,SA,-33.218803,-4.5078425
NOVEL_SA_45,NOVEL,SA,41.566883,29.157576
NOVEL_SA_44,NOVEL,SA,-1.4892561,6.7299075
NOVEL_SA_43,NOVEL,SA,1.0376738,1.7162424
NOVEL_SA_42,NOVEL,SA,-53.024216,-3.849126
NOVEL_SA_41,NOVEL,SA,44.637375,32.24716
NOVEL_SA_40,NOVEL,SA,-19.453707,-12.743373
NOVEL_SA_39,NOVEL,SA,-37.856144,14.45809
NOVEL_SA_69,NOVEL,SA,62.52759,15.845088
NOVEL_SA_33,NOVEL,SA,-30.761726,12.619624
NOVEL_SA_31,NOVEL,SA,-55.208748,5.343102
NOVEL_SA_30,NOVEL,SA,4.5698786,30.103273
NOVEL_SA_29,NOVEL,SA,38.213013,29.58728
NOVEL_SA_28,NOVEL,SA,-56.926853,2.5172946
NOVEL_SA_27,NOVEL,SA,-42.533432,12.451831
NOVEL_SA_26,NOVEL,SA,-10.610908,-7.1090264
NOVEL_SA_25,NOVEL,SA,40.14799,28.685495
NOVEL_SA_24,NOVEL,SA,-15.330339,14.622405
NOVEL_SA_22,NOVEL,SA,6.5522203,26.797617
NOVEL_SA_21,NOVEL,SA,-9.653024,3.7088804
NOVEL_SA_20,NOVEL,SA,41.86158,26.47938
NOVEL_SA_19,NOVEL,SA,41.423386,29.274546
NOVEL_SA_56,NOVEL,SA,-42.41455,-14.462393
NOVEL_SA_55,NOVEL,SA,45.008358,31.916265
NOVEL_SA_53,NOVEL,SA,40.87892,28.398624
NOVEL_SA_15,NOVEL,SA,-55.460106,-3.0566587
NOVEL_SA_14,NOVEL,SA,67.17662,12.896848
NOVEL_SA_13,NOVEL,SA,46.36521,32.082684
NOVEL_SA_12,NOVEL,SA,-27.298944,16.057724
NOVEL_SA_11,NOVEL,SA,-19.148014,-1.8758184
NOVEL_SA_10,NOVEL,SA,-27.609009,-4.3846254
NOVEL_SA_9,NOVEL,SA,-5.7554545,1.2786232
NOVEL_SA_8,NOVEL,SA,45.721016,29.925804
NOVEL_SA_7,NOVEL,SA,64.654594,17.142958
NOVEL_SA_4,NOVEL,SA,59.959793,17.268753
NOVEL_SA_3,NOVEL,SA,43.18942,26.645052
NOVEL_SA_2,NOVEL,SA,46.380756,31.749002
NOVEL_SA_1,NOVEL,SA,-12.833683,-1.1121664
NOVEL_SA_38,NOVEL,SA,-50.274323,1.2054617
NOVEL_SA_37,NOVEL,SA,-56.87045,-2.0208094
NOVEL_SA_34,NOVEL,SA,-5.459469,6.468546
NOVEL_SA_0,NOVEL,SA,44.060486,27.045826
NOVEL_SA_18,NOVEL,SA,-50.550667,21.31591
NOVEL_SA_17,NOVEL,SA,44.41871,30.447985
NOVEL_SA_16,NOVEL,SA,-52.503685,2.487899
NOVEL_MT_230,NOVEL,MT,19.813538,16.717247
NOVEL_MT_228,NOVEL,MT,-19.109468,21.206898
NOVEL_MT_227,NOVEL,MT,-46.049126,24.967037
NOVEL_MT_224,NOVEL,MT,60.810345,15.430473
NOVEL_MT_221,NOVEL,MT,-5.539513,24.294415
NOVEL_MT_219,NOVEL,MT,-27.013699,21.252747
NOVEL_MT_218,NOVEL,MT,-14.854562,30.769255
NOVEL_MT_215,NOVEL,MT,66.11261,10.611514
NOVEL_MT_214,NOVEL,MT,-49.031643,-8.709739
NOVEL_MT_254,NOVEL,MT,58.4923,14.887446
NOVEL_MT_253,NOVEL,MT,-11.121785,-18.192572
NOVEL_MT_252,NOVEL,MT,46.03781,31.203682
NOVEL_MT_250,NOVEL,MT,64.31103,16.21609
NOVEL_MT_247,NOVEL,MT,-10.239573,28.646738
NOVEL_MT_246,NOVEL,MT,-15.275114,51.410824
NOVEL_MT_245,NOVEL,MT,65.764175,15.323219
NOVEL_MT_243,NOVEL,MT,60.303844,17.427122
NOVEL_MT_238,NOVEL,MT,-39.32473,26.758146
NOVEL_MT_236,NOVEL,MT,-15.583562,20.375933
NOVEL_MT_235,NOVEL,MT,-31.445984,31.217175
NOVEL_MT_234,NOVEL,MT,-1.586305,51.54354
NOVEL_MT_267,NOVEL,MT,65.68596,15.674994
NOVEL_MT_266,NOVEL,MT,67.981636,13.07574
NOVEL_MT_265,NOVEL,MT,0.68235916,16.827972
NOVEL_MT_264,NOVEL,MT,-29.825567,19.887913
NOVEL_MT_262,NOVEL,MT,-40.450058,23.995667
NOVEL_SUM_10,NOVEL,SUM,-37.086006,4.255696
NOVEL_SUM_8,NOVEL,SUM,4.5824757,-0.13096961
NOVEL_SUM_7,NOVEL,SUM,-11.718647,2.6907737
NOVEL_SUM_6,NOVEL,SUM,44.91852,24.040592
NOVEL_MT_261,NOVEL,MT,49.06464,16.884777
NOVEL_MT_259,NOVEL,MT,-47.858658,21.671724
NOVEL_MT_258,NOVEL,MT,45.65641,31.27215
NOVEL_MT_257,NOVEL,MT,21.079449,13.729021
NOVEL_MT_256,NOVEL,MT,-3.506252,42.83383
NOVEL_MT_255,NOVEL,MT,63.799915,15.298947
NOVEL_SUM_24,NOVEL,SUM,60.580036,16.982464
NOVEL_SUM_23,NOVEL,SUM,64.20394,14.614371
NOVEL_SUM_22,NOVEL,SUM,-54.34545,11.346905
NOVEL_SUM_21,NOVEL,SUM,64.44272,15.45359
NOVEL_SUM_20,NOVEL,SUM,-21.849365,-9.6238575
NOVEL_SUM_19,NOVEL,SUM,-29.830322,0.11511734
NOVEL_SUM_17,NOVEL,SUM,-17.110529,4.2284484
NOVEL_SUM_16,NOVEL,SUM,-48.66131,-2.0463383
NOVEL_SUM_12,NOVEL,SUM,63.462654,13.137781
NOVEL_SUM_11,NOVEL,SUM,-37.852177,-12.063863
NOVEL_SUM_52,NOVEL,SUM,-16.96782,3.9076862
NOVEL_SUM_49,NOVEL,SUM,42.342598,28.391329
NOVEL_SUM_47,NOVEL,SUM,68.52091,11.6766405
NOVEL_SUM_46,NOVEL,SUM,6.998794,25.400171
NOVEL_SUM_45,NOVEL,SUM,44.400288,31.865128
NOVEL_SUM_44,NOVEL,SUM,-42.369877,-8.363915
NOVEL_SUM_42,NOVEL,SUM,56.37287,16.389135
NOVEL_SUM_41,NOVEL,SUM,68.52379,12.826877
NOVEL_SUM_39,NOVEL,SUM,66.64598,16.194077
NOVEL_SUM_38,NOVEL,SUM,47.310024,31.339138
NOVEL_SUM_3,NOVEL,SUM,-44.707096,-0.6200796
NOVEL_SUM_32,NOVEL,SUM,-40.804295,4.8157725
NOVEL_SUM_31,NOVEL,SUM,-45.462273,-0.25723442
NOVEL_SUM_30,NOVEL,SUM,-48.09345,-2.7777836
NOVEL_SUM_28,NOVEL,SUM,-37.80776,-10.533324
NOVEL_SUM_26,NOVEL,SUM,-39.721073,-13.189531
NOVEL_SUM_73,NOVEL,SUM,-41.898556,1.3707879
NOVEL_SUM_72,NOVEL,SUM,44.78247,30.838366
NOVEL_SUM_71,NOVEL,SUM,-37.762867,0.34763592
NOVEL_SUM_70,NOVEL,SUM,61.67317,15.544451
NOVEL_SUM_69,NOVEL,SUM,-2.1892624,14.578633
NOVEL_SUM_68,NOVEL,SUM,-41.73557,-9.889613
NOVEL_SUM_67,NOVEL,SUM,68.310356,11.749908
NOVEL_SUM_66,NOVEL,SUM,-40.460922,14.589707
NOVEL_SUM_64,NOVEL,SUM,-25.545877,15.161223
NOVEL_SUM_61,NOVEL,SUM,-38.64329,-17.587229
NOVEL_SUM_15,NOVEL,SUM,41.86158,26.47938
NOVEL_SUM_14,NOVEL,SUM,-16.514467,-1.5301232
NOVEL_SUM_13,NOVEL,SUM,8.908633,25.486557
NOVEL_SUM_56,NOVEL,SUM,67.57469,13.172662
NOVEL_SUM_54,NOVEL,SUM,3.9627256,3.790109
NOVEL_SUM_53,NOVEL,SUM,67.401535,11.835286
NOVEL_MT_284,NOVEL,MT,65.48572,12.743656
NOVEL_MT_283,NOVEL,MT,-41.575123,8.822394
NOVEL_MT_282,NOVEL,MT,-13.292195,13.049217
NOVEL_MT_277,NOVEL,MT,-12.5949955,14.44984
NOVEL_MT_275,NOVEL,MT,-30.977758,20.94819
NOVEL_MT_274,NOVEL,MT,46.07593,21.547829
NOVEL_MT_271,NOVEL,MT,-32.763603,21.944216
NOVEL_MT_270,NOVEL,MT,-8.23565,21.110386
NOVEL_MT_269,NOVEL,MT,-8.859161,13.94501
NOVEL_MT_268,NOVEL,MT,9.316231,38.569603
NOVEL_MT_295,NOVEL,MT,64.33165,17.562666
NOVEL_MT_291,NOVEL,MT,-26.52236,18.284824
NOVEL_SUM_37,NOVEL,SUM,-53.76832,12.092627
NOVEL_SUM_36,NOVEL,SUM,-7.3875165,-0.7239686
NOVEL_SUM_33,NOVEL,SUM,-43.49528,2.6670008
NOVEL_SUM_77,NOVEL,SUM,-25.846844,20.06143
NOVEL_SUM_76,NOVEL,SUM,-30.938467,-3.054541
NOVEL_SUM_75,NOVEL,SUM,-1.1313298,24.849064
NOVEL_MT_290,NOVEL,MT,64.25015,9.65358
NOVEL_MT_289,NOVEL,MT,-12.145631,19.803762
NOVEL_MT_287,NOVEL,MT,-11.553392,28.974195
NOVEL_MT_286,NOVEL,MT,-8.791098,35.977417
NOVEL_MT_305,NOVEL,MT,62.527573,15.845099
NOVEL_MT_304,NOVEL,MT,-17.856241,42.98567
NOVEL_MT_303,NOVEL,MT,-16.814846,0.1277183
NOVEL_MT_301,NOVEL,MT,-15.0979,0.7225567
NOVEL_MT_300,NOVEL,MT,-3.9736004,35.331608
NOVEL_MT_298,NOVEL,MT,-1.8440661,18.251637
NOVEL_SUM_60,NOVEL,SUM,60.410877,17.821135
NOVEL_SUM_59,NOVEL,SUM,-37.690144,0.6862344
NOVEL_SUM_58,NOVEL,SUM,64.68677,12.746566
NOVEL_QA_8,NOVEL,QA,-7.9085073,28.90675
NOVEL_QA_7,NOVEL,QA,62.470608,14.486369
NOVEL_QA_5,NOVEL,QA,-4.1399755,-2.6105628
NOVEL_QA_4,NOVEL,QA,-11.252672,-1.6637427
NOVEL_QA_3,NOVEL,QA,-10.829486,-2.5231273
NOVEL_QA_2,NOVEL,QA,59.55351,17.214684
NOVEL_QA_1,NOVEL,QA,18.358358,13.762108
NOVEL_QA_0,NOVEL,QA,65.53633,10.817651
NOVEL_QA_30,NOVEL,QA,-10.778252,0.84210116
NOVEL_QA_27,NOVEL,QA,-13.286091,-0.21131994
NOVEL_QA_26,NOVEL,QA,46.17728,20.76779
NOVEL_QA_25,NOVEL,QA,-13.437649,-0.024817178
NOVEL_QA_24,NOVEL,QA,-18.007696,-4.859951
NOVEL_QA_23,NOVEL,QA,-15.330227,14.622393
NOVEL_QA_22,NOVEL,QA,-42.919525,-6.6504784
NOVEL_QA_21,NOVEL,QA,63.979618,15.77476
NOVEL_QA_18,NOVEL,QA,-6.569938,-0.1710549
NOVEL_QA_17,NOVEL,QA,0.75838697,33.456093
NOVEL_QA_16,NOVEL,QA,-50.550404,21.315939
NOVEL_QA_15,NOVEL,QA,-52.50336,2.4881752
NOVEL_QA_14,NOVEL,QA,69.316826,11.8394375
NOVEL_QA_13,NOVEL,QA,-55.460876,-3.056483
NOVEL_QA_12,NOVEL,QA,-11.718683,2.6908145
NOVEL_QA_10,NOVEL,QA,-12.846226,2.679873
NOVEL_QA_50,NOVEL,QA,-37.917847,-3.5313375
NOVEL_QA_48,NOVEL,QA,-56.869556,-2.0207992
NOVEL_QA_47,NOVEL,QA,67.118195,11.18783
NOVEL_QA_46,NOVEL,QA,-18.9887,-1.4579458
NOVEL_QA_45,NOVEL,QA,-10.36515,-2.9433165
NOVEL_QA_44,NOVEL,QA,59.50408,16.016207
NOVEL_QA_43,NOVEL,QA,65.63645,10.7783785
NOVEL_QA_40,NOVEL,QA,-47.108456,-4.2490134
NOVEL_QA_39,NOVEL,QA,-10.656476,5.090444
NOVEL_QA_37,NOVEL,QA,-55.208755,5.3431315
NOVEL_QA_36,NOVEL,QA,-56.926857,2.517443
NOVEL_QA_35,NOVEL,QA,67.668846,13.195317
NOVEL_QA_34,NOVEL,QA,-35.07393,-5.8897448
NOVEL_QA_33,NOVEL,QA,-37.807743,-10.533141
NOVEL_QA_32,NOVEL,QA,-42.533405,12.451834
NOVEL_QA_69,NOVEL,QA,63.428936,16.760258
NOVEL_QA_67,NOVEL,QA,-12.373963,-0.5066017
NOVEL_QA_66,NOVEL,QA,-34.947063,-1.381543
NOVEL_QA_65,NOVEL,QA,68.597275,12.830793
NOVEL_QA_64,NOVEL,QA,63.71448,12.292824
NOVEL_QA_63,NOVEL,QA,65.01592,14.937513
NOVEL_QA_62,NOVEL,QA,-1.4893377,6.729948
NOVEL_QA_61,NOVEL,QA,56.37151,16.389584
NOVEL_QA_60,NOVEL,QA,-53.02429,-3.8491108
NOVEL_QA_59,NOVEL,QA,67.2786,14.941229
NOVEL_QA_58,NOVEL,QA,-12.269531,-2.8865838
NOVEL_QA_57,NOVEL,QA,-19.453697,-12.743258
NOVEL_QA_55,NOVEL,QA,-37.85614,14.457943
NOVEL_QA_54,NOVEL,QA,57.93131,-1.5808581
NOVEL_QA_53,NOVEL,QA,-15.17574,-2.6325247
NOVEL_QA_52,NOVEL,QA,-12.63442,4.0772815
NOVEL_DIA_71,NOVEL,DIA,-45.526085,-5.8751354
NOVEL_DIA_70,NOVEL,DIA,-26.085346,-1.5555184
NOVEL_QA_86,NOVEL,QA,65.058685,16.41816
NOVEL_QA_84,NOVEL,QA,62.13789,13.335232
NOVEL_QA_83,NOVEL,QA,-20.37599,-3.7895775
NOVEL_QA_81,NOVEL,QA,10.288861,34.204426
NOVEL_QA_80,NOVEL,QA,66.0628,14.194977
NOVEL_QA_79,NOVEL,QA,63.50167,15.726775
NOVEL_QA_77,NOVEL,QA,45.270065,23.662376
NOVEL_QA_76,NOVEL,QA,65.85742,16.068695
NOVEL_QA_75,NOVEL,QA,67.84917,10.4278965
NOVEL_QA_74,NOVEL,QA,-35.9483,-2.8181753
NOVEL_QA_72,NOVEL,QA,-42.41447,-14.462331
NOVEL_QA_70,NOVEL,QA,59.316124,14.577917
NOVEL_DIA_69,NOVEL,DIA,-45.47325,-3.583457
NOVEL_DIA_68,NOVEL,DIA,-48.283478,-5.693692
NOVEL_DIA_67,NOVEL,DIA,-14.887413,-6.903699
NOVEL_DIA_66,NOVEL,DIA,43.680428,25.477184
NOVEL_DIA_65,NOVEL,DIA,-46.93787,-9.4403515
NOVEL_DIA_63,NOVEL,DIA,-57.087948,4.1751275
NOVEL_DIA_6,NOVEL,DIA,-6.6477447,24.864067
NOVEL_DIA_5,NOVEL,DIA,-3.5887768,16.0045
NOVEL_DIA_4,NOVEL,DIA,-3.3004062,-9.986706
NOVEL_DIA_3,NOVEL,DIA,-45.98555,-3.8431082
NOVEL_DIA_2,NOVEL,DIA,61.13918,14.251699
NOVEL_DIA_39,NOVEL,DIA,-40.39859,-3.8649478
NOVEL_DIA_37,NOVEL,DIA,-33.06479,1.6375268
NOVEL_DIA_35,NOVEL,DIA,44.865437,31.692087
NOVEL_DIA_34,NOVEL,DIA,-47.35477,-9.969981
NOVEL_DIA_33,NOVEL,DIA,46.92534,20.103214
NOVEL_DIA_8,NOVEL,DIA,63.23803,16.765
NOVEL_DIA_1,NOVEL,DIA,-43.816048,21.549305
NOVEL_DIA_22,NOVEL,DIA,-40.7343,-7.732404
NOVEL_DIA_23,NOVEL,DIA,-23.879723,2.5927317
NOVEL_DIA_24,NOVEL,DIA,-2.3681135,-7.8630857
NOVEL_DIA_25,NOVEL,DIA,-38.241764,8.674524
NOVEL_DIA_26,NOVEL,DIA,-54.344975,11.347678
NOVEL_DIA_28,NOVEL,DIA,-42.106453,-1.8664169
NOVEL_DIA_29,NOVEL,DIA,0.055265155,-1.9968904
NOVEL_DIA_30,NOVEL,DIA,-42.185772,-7.411956
NOVEL_DIA_31,NOVEL,DIA,-11.438315,7.441066
NOVEL_DIA_0,NOVEL,DIA,-14.64082,-8.463817
SKG_SUM_W3118800713,SKG,SUM,-9.643836,-16.466045
SKG_SUM_W4213077304,SKG,SUM,-52.829082,-9.560362
SKG_SA_W4281936363,SKG,SA,-1.97416,-43.95275
SKG_SUM_W4281645619,SKG,SUM,47.02681,-39.742413
SKG_SUM_W4280504305,SKG,SUM,29.842773,-57.20425
NOVEL_MT_244,NOVEL,MT,-54.647934,16.585112
NOVEL_MT_280,NOVEL,MT,56.473965,21.196379
SKG_SA_W4210904809,SKG,SA,18.660734,-50.699055
SKG_SA_W4210592306,SKG,SA,34.608932,-18.710064
SKG_SA_W4385894687,SKG,SA,44.60035,22.002409
SKG_SA_W4212926655,SKG,SA,-7.5717845,-21.584719
SKG_SUM_W4293872386,SKG,SUM,45.54981,-21.110867
SKG_SUM_W4291885054,SKG,SUM,38.08191,-47.91877
SKG_SUM_W3162720533,SKG,SUM,4.4317584,-54.285667
NOVEL_DIA_W4303696390,NOVEL,DIA,28.71039,-55.92865
NOVEL_DIA_W1545565211,NOVEL,DIA,31.198278,-45.178062
SKG_SUM_W4220927247,SKG,SUM,15.527531,-57.537323
SKG_SUM_W4210897413,SKG,SUM,46.083286,-21.629574
SKG_SUM_W4225383465,SKG,SUM,43.87017,-39.411568
SKG_SUM_W4297014776,SKG,SUM,18.55973,-10.599249
SKG_SUM_W4296698991,SKG,SUM,44.582157,-20.84611
SKG_SUM_W4306850861,SKG,SUM,16.101238,-12.801755
SKG_SA_W3188542058,SKG,SA,56.321205,21.235548
SKG_SA_W4206271254,SKG,SA,20.473156,-50.692863
NOVEL_QA_W4309674289,NOVEL,QA,-14.474285,-34.89777
NOVEL_SUM_W4309674289,NOVEL,SUM,-14.432886,-34.66217
BLOG_DIA_W4309674289,BLOG,DIA,-14.471912,-34.898903
BLOG_MT_W4309674289,BLOG,MT,-14.395894,-34.671803
BLOG_QA_W4309674289,BLOG,QA,-14.467054,-34.872402
SKG_SUM_W4291111820,SKG,SUM,18.204035,-10.423891
NOVEL_SUM_W4285744692,NOVEL,SUM,9.840205,-67.10978
SKG_SUM_W4298110867,SKG,SUM,-1.5750479,0.07984915
SKG_SA_W4288062238,SKG,SA,-13.166709,-45.353233
SKG_SA_W4282972980,SKG,SA,26.84561,-29.328741
SKG_SA_W4229369233,SKG,SA,-3.017055,-44.659153
SKG_SA_W3201869313,SKG,SA,-15.707906,6.7392535
SKG_QA_W4220751443,SKG,QA,28.411205,-39.05004
SKG_QA_W4221113039,SKG,QA,35.46621,-31.423363
BLOG_DIA_W4308995574,BLOG,DIA,21.159937,-63.167698
BLOG_QA_W4308995574,BLOG,QA,21.159937,-63.167698
BLOG_DIA_W4210916416,BLOG,DIA,-2.02632,-59.408493
BLOG_MT_W4210916416,BLOG,MT,-2.02632,-59.408493
SKG_SA_W4206134861,SKG,SA,19.627934,-27.583616
SKG_SA_W4287093414,SKG,SA,5.71547,-42.45598
SKG_SA_W3198571508,SKG,SA,-48.517998,-10.575012
SKG_SA_W4286669989,SKG,SA,30.107271,-60.137066
SKG_SA_W4283588903,SKG,SA,1.2306119,-19.402597
SKG_SUM_W4286383196,SKG,SUM,33.846672,-50.594475
SKG_QA_W4206738234,SKG,QA,17.079296,-28.738625
SKG_SUM_W4206738234,SKG,SUM,17.079767,-28.7386
SKG_QA_W4206556168,SKG,QA,32.247883,-53.11978
SKG_SA_W4296079469,SKG,SA,-18.871664,-29.732489
SKG_SUM_W4296079469,SKG,SUM,-18.871664,-29.732489
SKG_SA_W4283758677,SKG,SA,35.667656,-53.92454
SKG_SA_W4313310852,SKG,SA,22.005161,-47.28516
SKG_SUM_W4313310852,SKG,SUM,22.005817,-47.28527
BLOG_DIA_W3122241445,BLOG,DIA,50.899185,14.114971
BLOG_NLI_W3122241445,BLOG,NLI,50.89924,14.114926
BLOG_QA_W3122241445,BLOG,QA,50.899185,14.114971
BLOG_SA_W3122241445,BLOG,SA,50.89924,14.114926
BLOG_DIA_W4294292920,BLOG,DIA,32.60316,-29.944614
SKG_SA_W4211256381,SKG,SA,30.42547,0.22153424
SKG_SA_W4293030664,SKG,SA,30.30169,-58.12594
SKG_SA_W4312474588,SKG,SA,3.1715252,-51.443645
SKG_PAR_W3213472637,SKG,PAR,-1.029273,-8.629535
SKG_PAR_W4294133266,SKG,PAR,-7.613048,-26.046673
BLOG_DIA_W4213219820,BLOG,DIA,24.303308,-58.694828
BLOG_DIA_W4280489028,BLOG,DIA,29.005196,-41.598785
BLOG_DIA_W4283801824,BLOG,DIA,-1.3598751,-53.628433
BLOG_NLI_W4283801824,BLOG,NLI,-1.3598751,-53.628433
BLOG_DIA_W4304202992,BLOG,DIA,-14.42195,-44.262943
SKG_QA_W4308821586,SKG,QA,16.96747,-16.695612
SKG_QA_W4290769249,SKG,QA,35.089455,-29.370415
SKG_QA_W4283740148,SKG,QA,3.4025385,-35.33009
SKG_QA_W4220728596,SKG,QA,37.520065,-57.3536
SKG_QA_W4282006100,SKG,QA,-2.5380769,-41.680256
SKG_QA_W4285004952,SKG,QA,20.462717,-48.22529
SKG_PAR_W4285106586,SKG,PAR,-50.454655,11.297863
SKG_QA_W4283641177,SKG,QA,32.033695,-57.421158
SKG_QA_W4220935272,SKG,QA,17.77238,-61.55827
SKG_PAR_W3202031169,SKG,PAR,-17.600315,-34.042377
SKG_PAR_W4285158119,SKG,PAR,42.968956,16.170086
SKG_SUM_W4298086991,SKG,SUM,39.88655,-28.024687
SKG_QA_W4224246016,SKG,QA,32.674507,-58.88261
SKG_PAR_W4288436242,SKG,PAR,1.2196813,-48.314228
BLOG_DIA_W4313294616,BLOG,DIA,19.605385,-18.750713
BLOG_SA_W4313294616,BLOG,SA,19.605385,-18.750713
BLOG_DIA_W4296692877,BLOG,DIA,25.499008,-57.55498
BLOG_DIA_W4285091711,BLOG,DIA,13.113083,-66.085434
SKG_QA_W2117226423,SKG,QA,-20.25918,-24.195017
SKG_QA_W4205941964,SKG,QA,-1.8954539,-48.568375
SKG_SA_W4205941964,SKG,SA,-1.8955065,-48.568855
SKG_SUM_W4205941964,SKG,SUM,-1.8955065,-48.568855
SKG_QA_W4292736944,SKG,QA,27.316797,-35.96456
SKG_QA_W4206918024,SKG,QA,-19.858198,-25.397844
SKG_QA_W4313310852,SKG,QA,22.005817,-47.28527
SKG_PAR_W4385572754,SKG,PAR,-27.95952,-1.5635074
SKG_PAR_W4385573325,SKG,PAR,-26.542233,0.96790403
SKG_PAR_W4226388780,SKG,PAR,29.875021,-49.99033
SKG_PAR_W4312257891,SKG,PAR,-14.371307,-28.181616
SKG_PAR_W4311798217,SKG,PAR,23.850994,-27.485622
SKG_PAR_W4312634749,SKG,PAR,-16.01364,-37.103813
BLOG_DIA_W643335905,BLOG,DIA,35.97334,-40.235714
BLOG_PAR_W643335905,BLOG,PAR,35.973255,-40.23548
BLOG_DIA_W4206213217,BLOG,DIA,20.201406,-63.537666
BLOG_DIA_W4213292645,BLOG,DIA,42.286156,-15.944178
BLOG_DIA_W4205343758,BLOG,DIA,12.432585,-65.44234
BLOG_DIA_W4307870433,BLOG,DIA,11.759576,-67.31931
SKG_PAR_W4385573236,SKG,PAR,-19.516016,3.0988746
SKG_PAR_W3200957830,SKG,PAR,33.151016,-44.516422
SKG_PAR_W4225580830,SKG,PAR,-40.81082,0.5929685
SKG_PAR_W4285251400,SKG,PAR,4.4363475,11.924828
SKG_PAR_W3035620341,SKG,PAR,-15.638225,6.3508477
SKG_PAR_W4285248702,SKG,PAR,30.873062,0.008209147
BLOG_DIA_W4310388968,BLOG,DIA,13.123392,-63.919712
BLOG_DIA_W4280565855,BLOG,DIA,14.760285,-69.99194
BLOG_DIA_W4313299691,BLOG,DIA,19.511612,-66.984344
BLOG_DIA_W4313313935,BLOG,DIA,12.522736,-33.47568
NOVEL_DIA_W4285091711,NOVEL,DIA,13.113181,-66.08644
SKG_QA_W4281564584,SKG,QA,35.07013,-37.35472
SKG_QA_W4220831425,SKG,QA,23.30678,-6.220027
SKG_QA_W4292865744,SKG,QA,33.304417,-57.076813
SKG_QA_W4225147016,SKG,QA,46.39238,-39.177258
SKG_QA_W4281296357,SKG,QA,35.03583,-26.783579
SKG_QA_W4285794683,SKG,QA,7.183113,11.678665
SKG_QA_W4298086991,SKG,QA,39.886547,-28.024832
SKG_PAR_W4285059900,SKG,PAR,29.604849,0.24074912
SKG_PAR_W4285289306,SKG,PAR,-2.324207,35.774002
SKG_PAR_W4210894209,SKG,PAR,-12.284169,-34.013535
SKG_PAR_W4285248746,SKG,PAR,11.155666,-43.294586
SKG_PAR_W4225729224,SKG,PAR,28.412176,-47.67001
BLOG_DIA_W4307940505,BLOG,DIA,19.036398,-67.02626
BLOG_DIA_W4362653910,BLOG,DIA,38.446774,-32.54255
BLOG_DIA_W4214878371,BLOG,DIA,38.052708,-33.506176
BLOG_MT_W3185341429,BLOG,MT,-5.8787203,-15.618942
BLOG_NLI_W3185341429,BLOG,NLI,-5.8787203,-15.618942
BLOG_DIA_W4293760954,BLOG,DIA,14.981692,-65.24931
BLOG_SA_W4293760954,BLOG,SA,14.981692,-65.24931
SKG_PAR_W4293479414,SKG,PAR,-44.287426,1.6618191
SKG_PAR_W4288036466,SKG,PAR,29.871784,-49.07351
SKG_PAR_W4294833327,SKG,PAR,-12.348315,-42.003395
SKG_PAR_W4213306338,SKG,PAR,22.534365,-52.882294
SKG_PAR_W4385565879,SKG,PAR,44.612064,17.291386
SKG_PAR_W4312299829,SKG,PAR,30.535707,0.15260759
SKG_PAR_W3152268000,SKG,PAR,-7.0228977,15.1124735
SKG_PAR_W4210457441,SKG,PAR,22.678635,-46.309704
SKG_PAR_W4385573003,SKG,PAR,49.28071,17.12756
SKG_PAR_W4281566573,SKG,PAR,6.863359,-38.413868
SKG_PAR_W3152884768,SKG,PAR,-17.473616,0.8483898
SKG_PAR_W4385572845,SKG,PAR,42.42105,17.2099
SKG_SA_W4385572845,SKG,SA,42.42105,17.2099
BLOG_SUM_W3185341429,BLOG,SUM,-5.878693,-15.619043
BLOG_MT_W2004481065,BLOG,MT,35.32179,-42.353466
NOVEL_MT_W2004481065,NOVEL,MT,35.32179,-42.353466
BLOG_MT_W4311263986,BLOG,MT,44.889812,-34.59436
BLOG_SUM_W4311263986,BLOG,SUM,44.889812,-34.59436
BLOG_PAR_W4313313935,BLOG,PAR,12.522564,-33.475624
SKG_PAR_W4303456980,SKG,PAR,24.124376,-25.432056
SKG_PAR_W4284962095,SKG,PAR,21.016977,-49.077534
SKG_PAR_W4385574286,SKG,PAR,47.28618,18.373428
SKG_NLI_W4296027312,SKG,NLI,-7.690638,0.31100914
SKG_NLI_W4200628723,SKG,NLI,12.347676,-16.154991
BLOG_MT_W3212516020,BLOG,MT,8.232291,4.982555
BLOG_SUM_W3212516020,BLOG,SUM,8.232221,4.982641
NOVEL_MT_W3212516020,NOVEL,MT,8.232273,4.982559
BLOG_DIA_W4306736955,BLOG,DIA,41.489628,-50.125935
BLOG_PAR_W3185341429,BLOG,PAR,-5.8787203,-15.618941
BLOG_QA_W3185341429,BLOG,QA,-5.8788,-15.618731
BLOG_SA_W3185341429,BLOG,SA,-5.878734,-15.618871
SKG_PAR_W4385572953,SKG,PAR,43.51317,16.726503
SKG_PAR_W3198599617,SKG,PAR,29.30326,-0.049282677
SKG_PAR_W3205717164,SKG,PAR,-2.0194628,35.818893
SKG_PAR_W3207553988,SKG,PAR,54.5389,22.78162
SKG_NLI_W4224291780,SKG,NLI,-0.7343661,-26.606192
SKG_PAR_W3213990450,SKG,PAR,5.6040053,20.695911
SKG_PAR_W3123221944,SKG,PAR,1.2883261,-15.9545
SKG_NLI_W3020975691,SKG,NLI,4.80194,-35.283882
SKG_PAR_W3020975691,SKG,PAR,4.8016553,-35.283115
SKG_SA_W3020975691,SKG,SA,4.8015156,-35.28374
BLOG_DIA_W4285140393,BLOG,DIA,5.5093656,-32.4488
BLOG_NLI_W4285140393,BLOG,NLI,5.5093656,-32.4488
BLOG_PAR_W4285140393,BLOG,PAR,5.509365,-32.448807
BLOG_SA_W4285140393,BLOG,SA,5.509365,-32.448807
BLOG_DIA_W4283583423,BLOG,DIA,13.933453,-64.44684
BLOG_DIA_W4287447353,BLOG,DIA,31.83041,-52.04894
BLOG_DIA_W4226343892,BLOG,DIA,19.655565,-65.395386
BLOG_MT_W1509527650,BLOG,MT,34.249557,-38.654167
NOVEL_MT_W1509527650,NOVEL,MT,34.249653,-38.65416
SKG_PAR_W4221153690,SKG,PAR,0.25546718,34.174835
SKG_SA_W4221153690,SKG,SA,0.25545448,34.17506
SKG_PAR_W4385573087,SKG,PAR,-2.2150326,23.252579
SKG_PAR_W4281286553,SKG,PAR,-2.248316,-23.567915
SKG_NLI_W4285225959,SKG,NLI,44.24599,17.874819
SKG_NLI_W4221166835,SKG,NLI,55.745724,21.040207
SKG_SA_W4221166835,SKG,SA,55.745724,21.040207
SKG_NLI_W4290876361,SKG,NLI,-15.177704,-14.899288
BLOG_MT_W4221143046,BLOG,MT,0.70310026,-40.334503
BLOG_MT_W4206841239,BLOG,MT,18.425564,-63.966858
BLOG_QA_W4206841239,BLOG,QA,18.425903,-63.96653
BLOG_SUM_W4206841239,BLOG,SUM,18.425903,-63.96654
BLOG_MT_W4220652963,BLOG,MT,3.2961404,-59.804035
BLOG_DIA_W4286697722,BLOG,DIA,10.512901,-43.754566
BLOG_DIA_W4296405185,BLOG,DIA,20.754427,-47.158787
BLOG_DIA_W4206408372,BLOG,DIA,10.44671,-63.776684
SKG_NLI_W4295854586,SKG,NLI,-12.316636,-44.76672
SKG_PAR_W4213025374,SKG,PAR,21.825104,9.695842
SKG_NLI_W4213199992,SKG,NLI,-6.739569,-11.978306
SKG_NLI_W4229073893,SKG,NLI,6.7312503,-63.778946
SKG_SA_W3156470785,SKG,SA,-6.2403655,-1.8704853
SKG_NLI_W4285105424,SKG,NLI,1.0162247,-48.878803
SKG_MT_W3199093552,SKG,MT,-50.71185,-7.359353
BLOG_SUM_W4283522546,BLOG,SUM,10.270623,-66.27868
BLOG_MT_W4212801432,BLOG,MT,7.401629,-65.72446
BLOG_SUM_W4212801432,BLOG,SUM,7.401629,-65.72446
BLOG_MT_W4224213039,BLOG,MT,30.853155,-59.268253
BLOG_SUM_W4224213039,BLOG,SUM,30.853155,-59.268177
BLOG_MT_W4224251997,BLOG,MT,16.028234,-67.33474
BLOG_SUM_W4224251997,BLOG,SUM,16.028244,-67.33436
BLOG_DIA_W4285797856,BLOG,DIA,38.50002,-30.139853
BLOG_SA_W4285797856,BLOG,SA,38.50002,-30.139853
SKG_NLI_W4286001073,SKG,NLI,2.9875364,-58.360157
SKG_NLI_W3203321135,SKG,NLI,5.124727,-12.2730255
SKG_PAR_W3203321135,SKG,PAR,5.124727,-12.2730255
SKG_NLI_W4307233260,SKG,NLI,41.66694,-48.95251
SKG_MT_W4309305948,SKG,MT,21.329138,-7.8738604
SKG_MT_W4220863497,SKG,MT,3.9487565,-45.89154
SKG_SUM_W4220863497,SKG,SUM,3.9488106,-45.89147
BLOG_MT_W4294992918,BLOG,MT,11.26493,-69.686386
BLOG_SUM_W4294992918,BLOG,SUM,11.26493,-69.686386
NOVEL_MT_W4294992918,NOVEL,MT,11.26493,-69.68639
BLOG_MT_W3001446396,BLOG,MT,41.59539,-50.1089
BLOG_MT_W4206608028,BLOG,MT,42.541046,-37.462914
BLOG_MT_W4210962045,BLOG,MT,16.654175,-69.55281
BLOG_SUM_W4210962045,BLOG,SUM,16.654175,-69.55281
BLOG_SUM_W4220652963,BLOG,SUM,3.296152,-59.80415
BLOG_MT_W4283522546,BLOG,MT,10.270623,-66.27868
BLOG_QA_W4283522546,BLOG,QA,10.270623,-66.27868
SKG_NLI_W4309811444,SKG,NLI,-48.169228,-10.434338
SKG_NLI_W4309306035,SKG,NLI,22.38106,-6.616007
SKG_NLI_W3156470785,SKG,NLI,-6.240566,-1.8706069
BLOG_QA_W4295951577,BLOG,QA,1.0856616,-53.763676
SKG_MT_W4283816760,SKG,MT,3.028944,-55.71403
SKG_MT_W4281763794,SKG,MT,9.198824,-0.47806725
SKG_SUM_W4281763794,SKG,SUM,9.198824,-0.47806725
SKG_MT_W3162090017,SKG,MT,39.175488,28.773699
SKG_NLI_W3162090017,SKG,NLI,39.175377,28.773718
SKG_SUM_W3162090017,SKG,SUM,39.17549,28.773712
SKG_MT_W4307135222,SKG,MT,-14.776923,-25.40406
SKG_NLI_W4307135222,SKG,NLI,-14.776953,-25.404554
SKG_SA_W4307135222,SKG,SA,-14.776834,-25.404215
SKG_MT_W3158304688,SKG,MT,-51.73583,-9.210717
SKG_MT_W3139434170,SKG,MT,-39.29081,0.4174925
SKG_MT_W4221166942,SKG,MT,-39.016663,1.9779932
SKG_NLI_W4221166942,SKG,NLI,-39.016575,1.9781215
SKG_QA_W4221166942,SKG,QA,-39.01659,1.9782027
SKG_MT_W4210747461,SKG,MT,-19.77895,-25.481525
BLOG_MT_W4283723802,BLOG,MT,18.257076,-66.51693
BLOG_QA_W4283723802,BLOG,QA,18.257076,-66.51693
BLOG_SUM_W4283723802,BLOG,SUM,18.257076,-66.51693
BLOG_NLI_W4224300633,BLOG,NLI,-1.129466,-41.584244
BLOG_QA_W4224300633,BLOG,QA,-1.1294781,-41.584187
BLOG_SUM_W4224300633,BLOG,SUM,-1.1293886,-41.58412
BLOG_NLI_W3137147200,BLOG,NLI,-13.428769,-21.54188
BLOG_QA_W3137147200,BLOG,QA,-13.429331,-21.542976
BLOG_SUM_W3137147200,BLOG,SUM,-13.429331,-21.542976
BLOG_MT_W4284693043,BLOG,MT,15.510986,-70.37944
BLOG_MT_W4210853074,BLOG,MT,6.7032194,-68.16167
BLOG_SUM_W4210853074,BLOG,SUM,6.7032194,-68.16167
BLOG_MT_W4223899585,BLOG,MT,16.182438,44.046154
BLOG_SUM_W4223899585,BLOG,SUM,16.182438,44.046154
BLOG_MT_W4295951577,BLOG,MT,1.0865917,-53.76299
BLOG_NLI_W4295951577,BLOG,NLI,1.0856616,-53.763676
SKG_NLI_W4308834893,SKG,NLI,22.643633,-7.185692
BLOG_NLI_W3176828726,BLOG,NLI,-15.598414,12.937157
BLOG_PAR_W3176828726,BLOG,PAR,-15.598478,12.937191
BLOG_QA_W3176828726,BLOG,QA,-15.598478,12.937191
BLOG_SA_W3176828726,BLOG,SA,-15.598498,12.937157
BLOG_NLI_W3185585276,BLOG,NLI,-10.276234,-31.920305
BLOG_NLI_W3104128335,BLOG,NLI,8.796605,-36.503315
BLOG_NLI_W4210305137,BLOG,NLI,6.4586797,-58.771683
BLOG_MT_W4206368060,BLOG,MT,10.386608,-68.40811
BLOG_MT_W4285391272,BLOG,MT,15.394507,-60.57604
BLOG_MT_W4311674730,BLOG,MT,13.526915,-68.83068
BLOG_MT_W4224942887,BLOG,MT,18.686846,-65.55819
BLOG_NLI_W4206582439,BLOG,NLI,34.54526,-48.23583
BLOG_MT_W4289920177,BLOG,MT,8.462124,-62.028564
NOVEL_MT_W4289920177,NOVEL,MT,8.462281,-62.028748
BLOG_MT_W4304084065,BLOG,MT,41.741184,-41.227924
BLOG_NLI_W4286500588,BLOG,NLI,16.687462,-8.606405
BLOG_NLI_W4283799942,BLOG,NLI,4.8174453,-56.747917
NOVEL_MT_W4283799942,NOVEL,MT,4.8174496,-56.74752
BLOG_NLI_W4291972732,BLOG,NLI,-18.223776,-44.416138
BLOG_NLI_W4285065952,BLOG,NLI,-0.92389446,-43.04416
BLOG_NLI_W3138815606,BLOG,NLI,-14.667034,-41.914516
BLOG_SA_W3138815606,BLOG,SA,-14.667023,-41.917313
BLOG_MT_W4221041782,BLOG,MT,14.5253105,-71.571815
SKG_SUM_W4221166942,SKG,SUM,-39.016598,1.9780049
SKG_MT_W4385573131,SKG,MT,-23.736446,0.37889633
SKG_NLI_W4385573131,SKG,NLI,-23.736244,0.37896514
SKG_QA_W4385573131,SKG,QA,-23.736378,0.3788639
SKG_MT_W4221049439,SKG,MT,18.510447,-8.793844
SKG_NLI_W4221049439,SKG,NLI,18.510798,-8.793873
SKG_SUM_W4221049439,SKG,SUM,18.510183,-8.794594
SKG_MT_W4287854497,SKG,MT,29.732603,-57.45434
BLOG_NLI_W4285787895,BLOG,NLI,-18.467588,-37.988342
BLOG_SA_W4285787895,BLOG,SA,-18.467588,-37.988342
BLOG_NLI_W4205589336,BLOG,NLI,24.820143,-59.32162
BLOG_NLI_W4226108798,BLOG,NLI,35.54113,-16.78963
BLOG_SA_W4226108798,BLOG,SA,35.544586,-16.790531
BLOG_NLI_W4307561542,BLOG,NLI,-11.667408,-41.193462
BLOG_SA_W4307561542,BLOG,SA,-11.667393,-41.193226
BLOG_NLI_W4220980752,BLOG,NLI,-4.418098,-48.38196
SKG_NLI_W4205773061,SKG,NLI,40.82012,-18.390621
SKG_NLI_W4229011615,SKG,NLI,-4.370721,-27.034843
SKG_SA_W4229011615,SKG,SA,-4.370656,-27.034792
SKG_SUM_W4229011615,SKG,SUM,-4.370656,-27.03479
SKG_MT_W4307116049,SKG,MT,46.20105,-18.455154
SKG_MT_W3195968524,SKG,MT,-9.849546,-39.036964
BLOG_NLI_W4313451803,BLOG,NLI,36.76236,-11.575677
BLOG_QA_W4313451803,BLOG,QA,36.76236,-11.575677
SKG_MT_W4285294723,SKG,MT,56.395023,20.277706
BLOG_NLI_W4281784047,BLOG,NLI,-6.6258464,-41.111042
BLOG_NLI_W4312910656,BLOG,NLI,-8.263207,-45.98195
BLOG_NLI_W4210361514,BLOG,NLI,-3.4140232,-42.915108
BLOG_NLI_W4293762926,BLOG,NLI,-8.117192,-40.62451
BLOG_NLI_W4224282610,BLOG,NLI,-1.4421165,-45.280037
BLOG_NLI_W4206027059,BLOG,NLI,20.948778,-45.26364
BLOG_NLI_W4297094728,BLOG,NLI,-11.784862,-37.820705
BLOG_SA_W4297094728,BLOG,SA,-11.785077,-37.82071
BLOG_NLI_W4302426080,BLOG,NLI,-6.9082584,-44.886333
BLOG_NLI_W4205636865,BLOG,NLI,8.980316,-67.72251
SKG_NLI_W3195968524,SKG,NLI,-9.849546,-39.036964
SKG_MT_W4226225860,SKG,MT,3.009388,-49.576
SKG_QA_W4226225860,SKG,QA,3.0100172,-49.57749
SKG_MT_W4225278475,SKG,MT,16.121712,-3.649983
SKG_MT_W4225597912,SKG,MT,-1.4397849,-25.988962
BLOG_NLI_W4285306189,BLOG,NLI,-5.418842,-45.60384
BLOG_NLI_W4205563072,BLOG,NLI,-8.469904,-40.511993
BLOG_NLI_W4306179830,BLOG,NLI,-1.5909085,-39.331852
BLOG_NLI_W3134255974,BLOG,NLI,-8.936317,-45.901203
BLOG_PAR_W3134255974,BLOG,PAR,-8.936317,-45.901203
BLOG_SA_W3134255974,BLOG,SA,-8.936472,-45.901394
BLOG_NLI_W4285389795,BLOG,NLI,13.180737,-65.243805
BLOG_NLI_W4224839097,BLOG,NLI,7.9411216,-49.343838
SKG_MT_W4206693420,SKG,MT,-16.524014,-41.54813
SKG_NLI_W4206693420,SKG,NLI,-16.524132,-41.54886
SKG_SUM_W4206693420,SKG,SUM,-16.524132,-41.54886
SKG_MT_W4294733719,SKG,MT,30.992191,-59.66302
SKG_MT_W4308463927,SKG,MT,17.487055,-6.7774067
SKG_QA_W4308463927,SKG,QA,17.487055,-6.7774067
SKG_MT_W4225264859,SKG,MT,-9.98591,9.751093
SKG_SUM_W3045710579,SKG,SUM,19.750254,-4.889523
SKG_SUM_W4295122555,SKG,SUM,-26.749077,-29.601944
SKG_MT_W4308834828,SKG,MT,23.502653,-8.558264
SKG_QA_W4308834828,SKG,QA,23.502602,-8.558334
SKG_MT_W4205129187,SKG,MT,-19.780626,-25.923811
BLOG_NLI_W4312039421,BLOG,NLI,10.615144,-57.616173
BLOG_NLI_W4206166171,BLOG,NLI,-4.080087,-45.247185
BLOG_NLI_W4283822762,BLOG,NLI,-6.3469477,-42.89506
BLOG_PAR_W4283066533,BLOG,PAR,35.810413,-29.01927
BLOG_NLI_W4206968775,BLOG,NLI,24.862926,-59.269955
BLOG_NLI_W3191514888,BLOG,NLI,-19.973797,-43.510563
BLOG_NLI_W4205995027,BLOG,NLI,-15.260406,-20.619251
BLOG_NLI_W4221045317,BLOG,NLI,34.118645,-33.802967
BLOG_QA_W4221045317,BLOG,QA,34.11797,-33.802258
BLOG_SA_W4221045317,BLOG,SA,34.118645,-33.802967
BLOG_PAR_W4225577560,BLOG,PAR,34.171196,-29.296387
BLOG_PAR_W4295981380,BLOG,PAR,28.367754,-45.09285
SKG_MT_W4210542665,SKG,MT,27.960075,-35.685043
SKG_NLI_W4210542665,SKG,NLI,27.959587,-35.684956
SKG_MT_W3045710579,SKG,MT,19.750246,-4.889523
BLOG_PAR_W2336292967,BLOG,PAR,28.18708,-18.560375
BLOG_PAR_W3187467055,BLOG,PAR,6.3405423,-35.111324
BLOG_PAR_W4308411482,BLOG,PAR,32.811993,-43.530945
BLOG_PAR_W4295308277,BLOG,PAR,-8.544041,-42.277184
BLOG_PAR_W4291287154,BLOG,PAR,59.598644,-12.22686
BLOG_NLI_W4223417816,BLOG,NLI,8.7811985,-48.19655
SKG_NLI_W4285294723,SKG,NLI,56.395023,20.277708
SKG_QA_W4285294723,SKG,QA,56.395023,20.277708
SKG_SA_W4285294723,SKG,SA,56.395023,20.277708
SKG_SUM_W4285294723,SKG,SUM,56.402657,20.284254
SKG_MT_W4295122555,SKG,MT,-26.749077,-29.601942
SKG_NLI_W4295122555,SKG,NLI,-26.749077,-29.601942
SKG_SA_W4295122555,SKG,SA,-26.749077,-29.601942
SKG_DIA_W4214688262,SKG,DIA,22.282522,-52.429146
SKG_DIA_W4280521333,SKG,DIA,47.03967,-40.316437
SKG_DIA_W4282940054,SKG,DIA,5.2428575,-47.615223
SKG_DIA_W4281660018,SKG,DIA,-0.030357294,-50.118977
SKG_DIA_W4206046353,SKG,DIA,23.523233,-30.773127
SKG_DIA_W4206929493,SKG,DIA,27.87941,-28.859076
BLOG_PAR_W4285491921,BLOG,PAR,33.79647,-42.492302
BLOG_PAR_W4213445714,BLOG,PAR,1.2625866,-48.247524
BLOG_PAR_W3197754201,BLOG,PAR,52.60674,23.889265
BLOG_PAR_W4291465497,BLOG,PAR,13.501451,-68.78348
BLOG_PAR_W4296139711,BLOG,PAR,-10.404972,-42.871845
BLOG_PAR_W4308026781,BLOG,PAR,30.520678,-48.409782
BLOG_PAR_W4295269979,BLOG,PAR,12.211527,-61.940815
SKG_MT_W2914057887,SKG,MT,4.91812,-40.57951
SKG_QA_W2914057887,SKG,QA,4.9179535,-40.579563
SKG_MT_W4220773259,SKG,MT,30.624662,-58.637783
BLOG_PAR_W4289792856,BLOG,PAR,-11.07233,-36.37658
BLOG_PAR_W4223993006,BLOG,PAR,2.8653116,-47.74365
BLOG_PAR_W4294868067,BLOG,PAR,11.659333,-43.40372
BLOG_PAR_W3163073193,BLOG,PAR,3.0124648,2.8807347
BLOG_PAR_W4286628214,BLOG,PAR,17.866539,-34.11603
BLOG_PAR_W4214903622,BLOG,PAR,27.602507,-51.120064
BLOG_PAR_W4226050343,BLOG,PAR,38.27325,-32.792126
BLOG_PAR_W4308939312,BLOG,PAR,1.069264,-16.377838
BLOG_PAR_W4307460067,BLOG,PAR,10.826485,-40.775356
BLOG_PAR_W4220657299,BLOG,PAR,5.585155,-41.748547
BLOG_PAR_W4285590436,BLOG,PAR,45.26192,-40.244965
BLOG_PAR_W4224000772,BLOG,PAR,28.285172,-50.687447
SKG_DIA_W4287891464,SKG,DIA,-13.428919,-4.381076
SKG_PAR_W4287891464,SKG,PAR,-13.428919,-4.381076
SKG_DIA_W4205475170,SKG,DIA,29.999195,-49.900986
SKG_DIA_W4220747294,SKG,DIA,2.7198598,-12.3607435
BLOG_QA_W4287824654,BLOG,QA,1.867696,-23.85865
NOVEL_QA_W4287824654,NOVEL,QA,1.867696,-23.85865
BLOG_PAR_W4226069095,BLOG,PAR,-12.892763,-35.32174
SKG_MT_W4288039037,SKG,MT,-16.234816,-26.677448
SKG_NLI_W4288039037,SKG,NLI,-16.234816,-26.677448
SKG_QA_W4288039037,SKG,QA,-16.234627,-26.677362
SKG_MT_W4306871314,SKG,MT,24.889954,-7.3462143
SKG_MT_W4308697725,SKG,MT,33.978863,-59.89081
SKG_SUM_W4308697725,SKG,SUM,33.978863,-59.89081
SKG_MT_W4307934708,SKG,MT,43.3566,-35.267086
SKG_QA_W4307934708,SKG,QA,43.3566,-35.267086
SKG_SUM_W4307934708,SKG,SUM,43.3566,-35.267086
SKG_MT_W4213212652,SKG,MT,6.581977,-19.34024
SKG_QA_W4213212652,SKG,QA,6.581977,-19.34024
SKG_DIA_W4297325261,SKG,DIA,32.82903,-25.477816
SKG_NLI_W4297325261,SKG,NLI,32.82903,-25.477816
SKG_MT_W3212386989,SKG,MT,-21.049923,-39.53089
SKG_NLI_W3212386989,SKG,NLI,-21.050165,-39.53088
SKG_SUM_W3212386989,SKG,SUM,-21.050146,-39.530827
NOVEL_QA_W4229005866,NOVEL,QA,2.0916665,14.469033
BLOG_QA_W4223437809,BLOG,QA,42.801422,-45.961773
BLOG_SUM_W4223437809,BLOG,SUM,42.801422,-45.961773
BLOG_QA_W4221106857,BLOG,QA,25.302288,-45.92524
BLOG_SUM_W4221106857,BLOG,SUM,25.302288,-45.92524
BLOG_PAR_W4310182109,BLOG,PAR,33.940178,-47.0824
BLOG_PAR_W4205999716,BLOG,PAR,23.956093,-34.171402
BLOG_PAR_W4281262808,BLOG,PAR,-6.696758,-31.629412
BLOG_PAR_W1534269931,BLOG,PAR,34.93979,-39.653053
BLOG_PAR_W4221145545,BLOG,PAR,-9.226054,-18.624743
BLOG_PAR_W4320003957,BLOG,PAR,9.9609375,-3.530042
BLOG_PAR_W4283208789,BLOG,PAR,3.2164621,9.093789
BLOG_PAR_W4226427271,BLOG,PAR,-26.220243,0.7741676
SKG_SA_W4284966012,SKG,SA,7.187282,-38.65239
SKG_DIA_W4212802598,SKG,DIA,1.1343844,-44.38946
BLOG_PAR_W4283028809,BLOG,PAR,17.605616,-61.79244
BLOG_PAR_W4307364527,BLOG,PAR,-7.2733297,-42.00452
BLOG_PAR_W4284977339,BLOG,PAR,9.139988,-39.90669
BLOG_PAR_W3206387060,BLOG,PAR,10.625444,-37.701836
BLOG_PAR_W4308877338,BLOG,PAR,23.82348,-40.511864
BLOG_PAR_W4297236149,BLOG,PAR,12.424236,-14.9931965
BLOG_PAR_W4297405114,BLOG,PAR,33.970478,-27.430862
BLOG_PAR_W4318574708,BLOG,PAR,46.437084,-15.68277
BLOG_QA_W4229005866,BLOG,QA,2.0916665,14.469033
SKG_MT_W4307468223,SKG,MT,24.656319,-8.083501
SKG_SUM_W4307468223,SKG,SUM,24.656319,-8.083501
SKG_MT_W3194620979,SKG,MT,0.05356128,-38.219013
SKG_QA_W3194620979,SKG,QA,0.05356128,-38.219013
SKG_SUM_W3194620979,SKG,SUM,0.053001024,-38.216873
SKG_DIA_W4288391568,SKG,DIA,4.241664,-44.46652
SKG_NLI_W4288391568,SKG,NLI,4.241661,-44.466278
SKG_SA_W4288391568,SKG,SA,4.241664,-44.46652
SKG_DIA_W4228997948,SKG,DIA,10.2640295,-39.691753
BLOG_PAR_W4281493239,BLOG,PAR,35.514652,-40.957882
BLOG_QA_W4220831070,BLOG,QA,1.8067875,-52.477272
BLOG_QA_W4210314283,BLOG,QA,-3.2572472,-44.964905
BLOG_QA_W4224213495,BLOG,QA,45.575523,-22.816078
BLOG_QA_W4229056760,BLOG,QA,24.993473,-30.860573
BLOG_PAR_W4289344424,BLOG,PAR,-15.88873,-36.922386
BLOG_PAR_W4229011217,BLOG,PAR,33.702717,-41.9656
SKG_DIA_W4206528627,SKG,DIA,31.063679,-51.906754
SKG_DIA_W4307127952,SKG,DIA,28.55707,-40.20329
SKG_SA_W4307127952,SKG,SA,28.55707,-40.20329
SKG_DIA_W4284966012,SKG,DIA,7.187786,-38.652924
SKG_NLI_W4284966012,SKG,NLI,7.187726,-38.652473
SKG_SUM_W3201174429,SKG,SUM,20.501299,1.7093217
SKG_PAR_W4385567149,SKG,PAR,-6.0749273,-7.3200564
SKG_QA_W4385567149,SKG,QA,-6.0749273,-7.3200564
SKG_SA_W4385567149,SKG,SA,-6.0749273,-7.3200564
BLOG_QA_W4308019622,BLOG,QA,11.711036,-67.950356
BLOG_QA_W4221079563,BLOG,QA,0.398217,-43.80654
BLOG_QA_W4225726077,BLOG,QA,31.062597,-57.615578
BLOG_QA_W4220862305,BLOG,QA,-1.8336555,-45.893215
BLOG_QA_W4285082442,BLOG,QA,47.821022,6.8323827
NOVEL_MT_W4285082442,NOVEL,MT,47.821022,6.8323827
BLOG_QA_W4291000418,BLOG,QA,17.763271,-67.24991
BLOG_QA_W4310021468,BLOG,QA,16.062916,-44.058994
BLOG_QA_W4225323055,BLOG,QA,-11.034063,-4.0362687
SKG_SA_W4212802598,SKG,SA,1.1345052,-44.389225
SKG_DIA_W4224108448,SKG,DIA,34.513115,-54.795757
SKG_DIA_W4221054016,SKG,DIA,22.507137,-51.315548
BLOG_SA_W4313178214,BLOG,SA,-19.387247,-21.565807
BLOG_QA_W3209232797,BLOG,QA,5.949309,-55.499565
BLOG_QA_W4225751474,BLOG,QA,-10.145858,-15.936343
BLOG_SA_W4225321042,BLOG,SA,-5.807828,-44.041096
BLOG_SA_W4223552619,BLOG,SA,6.456534,-36.27781
BLOG_SA_W4283724611,BLOG,SA,44.81932,-18.97696
BLOG_SA_W4224300552,BLOG,SA,24.788406,-11.530895
BLOG_QA_W4210657012,BLOG,QA,21.169498,-61.22326
BLOG_QA_W4281640569,BLOG,QA,-1.6308953,-49.22333
BLOG_QA_W4291172319,BLOG,QA,26.914074,-50.113873
SKG_DIA_W4221079197,SKG,DIA,25.42515,-33.53375
SKG_MT_W4221079197,SKG,MT,25.42515,-33.53375
SKG_QA_W4221079197,SKG,QA,25.424866,-33.532196
SKG_SUM_W4221079197,SKG,SUM,25.42515,-33.53375
SKG_DIA_W3201174429,SKG,DIA,20.499668,1.7091243
SKG_PAR_W3201174429,SKG,PAR,20.499668,1.7091243
BLOG_SA_W4293060971,BLOG,SA,-14.507581,-43.994385
BLOG_SA_W4224276240,BLOG,SA,1.0759637,-55.082733
BLOG_SA_W4212997072,BLOG,SA,12.836444,-59.90764
BLOG_SA_W4297519284,BLOG,SA,29.235676,-49.442673
BLOG_SA_W4297008844,BLOG,SA,27.569777,-57.19443
BLOG_QA_W1495683013,BLOG,QA,4.2577276,-22.494291
SKG_DIA_W4282978483,SKG,DIA,24.7681,-53.490856
SKG_DIA_W4205955331,SKG,DIA,32.82106,-58.603527
SKG_QA_W4205955331,SKG,QA,32.82106,-58.603527
SKG_DIA_W4283170666,SKG,DIA,15.253055,-39.287125
SKG_MT_W4283170666,SKG,MT,15.25362,-39.28679
SKG_NLI_W4283170666,SKG,NLI,15.253074,-39.28693
SKG_QA_W4283170666,SKG,QA,15.252372,-39.28559
SKG_SA_W4283170666,SKG,SA,15.252372,-39.28559
NOVEL_QA_W1495683013,NOVEL,QA,4.2577467,-22.494137
BLOG_QA_W4313178214,BLOG,QA,-19.387249,-21.565796
SKG_NLI_W4292289324,SKG,NLI,-0.5949016,-20.197678
SKG_QA_W4292289324,SKG,QA,-0.5947744,-20.197676
SKG_SA_W4292289324,SKG,SA,-0.5949026,-20.197678
SKG_SUM_W4292289324,SKG,SUM,-0.5949026,-20.197678
SKG_DIA_W4285247752,SKG,DIA,8.9237,9.084296
SKG_NLI_W4285247752,SKG,NLI,8.9237585,9.084296
SKG_QA_W4285247752,SKG,QA,8.923785,9.084283
SKG_SA_W4285247752,SKG,SA,8.9237,9.084296
SKG_DIA_W4385567149,SKG,DIA,-6.0749273,-7.3200564
SKG_MT_W4385567149,SKG,MT,-6.0749273,-7.3200564
SKG_NLI_W4385567149,SKG,NLI,-6.0749273,-7.3200564
SKG_SA_W4213072767,SKG,SA,-54.283764,-6.7847776
NOVEL_SA_W4283824584,NOVEL,SA,27.090181,-31.393368
NOVEL_SA_W4295048810,NOVEL,SA,45.489414,-38.81741
BLOG_SA_W4285048163,BLOG,SA,46.874786,-16.970282
BLOG_SA_W4281560933,BLOG,SA,26.555386,-55.511517
BLOG_SUM_W4309673498,BLOG,SUM,16.963495,-67.05575
BLOG_SUM_W4228997710,BLOG,SUM,16.490559,-63.381706
BLOG_SUM_W4283727492,BLOG,SUM,11.318832,-59.89972
BLOG_SA_W4223914794,BLOG,SA,7.206725,-41.877525
BLOG_SA_W4300484403,BLOG,SA,25.179258,-31.169731
BLOG_SA_W4282959103,BLOG,SA,33.47279,-52.376095
BLOG_SA_W4309618925,BLOG,SA,-7.2540097,-45.905575
BLOG_SA_W4229070589,BLOG,SA,33.549767,-45.372692
BLOG_SA_W4309662907,BLOG,SA,21.246964,-60.674744
BLOG_SA_W4210265212,BLOG,SA,12.997113,-58.56557
BLOG_SA_W3140635136,BLOG,SA,36.918495,-40.10554
BLOG_SA_W4281690218,BLOG,SA,-16.311872,-1.1845837
BLOG_SA_W4286593299,BLOG,SA,29.886196,-10.8946295
NOVEL_SA_W4286593299,NOVEL,SA,29.886196,-10.8946295
SKG_DIA_W4292289324,SKG,DIA,-0.5949026,-20.197678
SKG_MT_W4292289324,SKG,MT,-0.5949026,-20.197678
NOVEL_SA_W4380520708,NOVEL,SA,47.80833,-30.878452
NOVEL_SA_W4213050051,NOVEL,SA,24.584663,-28.56213
NOVEL_SA_W4297256710,NOVEL,SA,26.169832,-55.48356
NOVEL_SA_W4229024336,NOVEL,SA,-10.981795,-36.761936
BLOG_SA_W4281692210,BLOG,SA,-5.3867593,-39.00343
BLOG_SA_W4284697944,BLOG,SA,28.94937,-51.69663
BLOG_SA_W4206305056,BLOG,SA,37.96478,-29.829706
BLOG_SA_W4205203927,BLOG,SA,36.100464,-53.4024
BLOG_SA_W4287844092,BLOG,SA,12.07868,-16.18748
BLOG_SA_W4311430511,BLOG,SA,7.1870294,-24.54042
BLOG_SA_W4225105833,BLOG,SA,30.107307,-56.506084
BLOG_SUM_W4283271244,BLOG,SUM,42.799755,-39.12178
BLOG_SUM_W4210598935,BLOG,SUM,-1.2961195,-43.24912
BLOG_SUM_W4283695295,BLOG,SUM,42.69489,-38.458782
BLOG_SUM_W4205454439,BLOG,SUM,13.7989645,-71.19169
BLOG_SUM_W4210860941,BLOG,SUM,6.3407173,-64.999016
NOVEL_SA_W4285494161,NOVEL,SA,27.541843,-51.707375
NOVEL_SA_W4289704658,NOVEL,SA,29.356089,-46.39833
NOVEL_SA_W4224234154,NOVEL,SA,21.026445,-44.587166
SKG_DIA_W4224234154,SKG,DIA,21.026398,-44.58716
SKG_SA_W4224234154,SKG,SA,21.0264,-44.58711
NOVEL_SA_W4226442993,NOVEL,SA,28.324604,-51.10586
NOVEL_SA_W3140416091,NOVEL,SA,-43.33777,10.791555
NOVEL_SA_W4213072767,NOVEL,SA,-54.284607,-6.784771
SKG_MT_W4312597583,SKG,MT,-43.44436,10.597185
BLOG_SUM_W4393818646,BLOG,SUM,25.073557,-10.278576
BLOG_SA_W4220831343,BLOG,SA,23.384686,-52.23284
BLOG_SA_W4206965408,BLOG,SA,-13.010671,-35.112667
BLOG_SA_W2950398529,BLOG,SA,-2.014257,-59.411007
NOVEL_SA_W4285250231,NOVEL,SA,14.502179,37.646355
NOVEL_SA_W4283168218,NOVEL,SA,-1.1800518,0.13536005
SKG_SA_W4283168218,SKG,SA,-1.1801372,0.1353569
SKG_QA_W3137125108,SKG,QA,-9.982144,-23.61989
SKG_SUM_W3137125108,SKG,SUM,-9.982144,-23.61989
NOVEL_SA_W4290932423,NOVEL,SA,29.572266,-51.13271
NOVEL_SA_W4312597583,NOVEL,SA,-43.44436,10.597185
SKG_NLI_W4206484811,SKG,NLI,-11.417081,-54.719982
SKG_PAR_W4206484811,SKG,PAR,-11.41761,-54.71967
SKG_QA_W4206484811,SKG,QA,-11.41761,-54.71967
NOVEL_SA_W4281553262,NOVEL,SA,13.795307,-63.525444
NOVEL_SA_W4295795036,NOVEL,SA,59.157597,-13.225058
NOVEL_SA_W4312908198,NOVEL,SA,-48.051674,-19.606537
SKG_SA_W4312908198,SKG,SA,-48.051674,-19.606537
NOVEL_SA_W4220866631,NOVEL,SA,-18.056423,-41.14684
NOVEL_SA_W4295749386,NOVEL,SA,28.80284,-51.22773
NOVEL_SA_W4293105742,NOVEL,SA,12.045423,-16.847006
NOVEL_SA_W4206670862,NOVEL,SA,28.577616,-49.087723
NOVEL_SA_W3159301005,NOVEL,SA,25.635065,0.892374
NOVEL_MT_W4283757722,NOVEL,MT,15.038964,-68.13808
NOVEL_MT_W4207043059,NOVEL,MT,7.6818886,-70.496346
NOVEL_MT_W4292731246,NOVEL,MT,33.770718,-47.276165
NOVEL_SA_W4220825176,NOVEL,SA,36.196163,-55.237583
SKG_DIA_W4206484811,SKG,DIA,-11.417104,-54.719982
SKG_MT_W4206484811,SKG,MT,-11.41761,-54.71967
NOVEL_DIA_W4285585446,NOVEL,DIA,20.615112,-47.53307
SKG_SA_W4206484811,SKG,SA,-11.417081,-54.719982
SKG_SUM_W4206484811,SKG,SUM,-11.417081,-54.719982
NOVEL_SA_W4213436352,NOVEL,SA,36.380512,-57.396053
SKG_DIA_W4213436352,SKG,DIA,36.380512,-57.396053
SKG_QA_W4213436352,SKG,QA,36.380512,-57.396053
NOVEL_MT_W4309782713,NOVEL,MT,47.819378,6.812818
SKG_NLI_W4309782713,SKG,NLI,47.81921,6.8128176
SKG_DIA_W3137125108,SKG,DIA,-9.982143,-23.619917
SKG_NLI_W3137125108,SKG,NLI,-9.981369,-23.619804
NOVEL_MT_W4281683632,NOVEL,MT,20.413338,-61.966328
NOVEL_MT_W4307034884,NOVEL,MT,23.895342,-6.1924696
NOVEL_MT_W4310569000,NOVEL,MT,15.640237,-69.10434
NOVEL_MT_W3212407416,NOVEL,MT,1.4073479,-55.707912
NOVEL_MT_W4280531467,NOVEL,MT,20.350883,-61.853073
NOVEL_QA_W4207072548,NOVEL,QA,-1.9713926,-37.70107
NOVEL_MT_W4296268709,NOVEL,MT,8.838082,-45.611465
BLOG_SUM_W4288459223,BLOG,SUM,6.2342567,-62.834064
BLOG_SUM_W4289958251,BLOG,SUM,29.502913,1.8482176
BLOG_SUM_W2004199685,BLOG,SUM,17.005161,-16.875189
NOVEL_MT_W4210521984,NOVEL,MT,16.078445,-72.13798
NOVEL_MT_W4214706752,NOVEL,MT,18.132345,-23.641188
NOVEL_MT_W4214767244,NOVEL,MT,8.583695,-65.28003
NOVEL_MT_W4281901970,NOVEL,MT,15.517087,-61.57749
NOVEL_MT_W4211159471,NOVEL,MT,14.770781,-64.28113
NOVEL_MT_W4205647138,NOVEL,MT,10.409955,-63.981346
NOVEL_MT_W4307112113,NOVEL,MT,42.153034,-40.160507
BLOG_SUM_W4281569188,BLOG,SUM,14.286729,-64.2147
BLOG_SUM_W4220706225,BLOG,SUM,16.240175,-63.773575
BLOG_SUM_W4307479757,BLOG,SUM,32.35087,-59.222248
BLOG_SUM_W4206620445,BLOG,SUM,15.180723,-66.49505
BLOG_SUM_W4220799853,BLOG,SUM,15.962886,-64.624245
BLOG_SUM_W4293435090,BLOG,SUM,15.593084,-62.205635
BLOG_SUM_W4205585760,BLOG,SUM,7.1733932,-63.457333
BLOG_SUM_W4304687342,BLOG,SUM,13.392832,-66.85008
BLOG_SUM_W4281385918,BLOG,SUM,27.480394,-1.9985068
BLOG_SUM_W3160706287,BLOG,SUM,41.528065,-42.88272
NOVEL_QA_W4304013646,NOVEL,QA,-37.698273,12.435302
NOVEL_MT_W4312731878,NOVEL,MT,-52.344616,-10.052213
NOVEL_MT_W4220991830,NOVEL,MT,16.859617,-6.3240924
NOVEL_MT_W4210920041,NOVEL,MT,7.714733,-70.61349
NOVEL_MT_W4283721142,NOVEL,MT,40.820644,-18.390354
SKG_MT_W3039695075,SKG,MT,-4.073959,31.725521
SKG_NLI_W3039695075,SKG,NLI,-4.0741453,31.725273
SKG_PAR_W3039695075,SKG,PAR,-4.074203,31.725292
SKG_SA_W3039695075,SKG,SA,-4.0741653,31.725582
NOVEL_MT_W4289261621,NOVEL,MT,61.320076,-16.96181
NOVEL_MT_W4207073529,NOVEL,MT,36.463432,-38.988243
NOVEL_MT_W4205713819,NOVEL,MT,43.653767,-21.900965
NOVEL_MT_W4282921641,NOVEL,MT,10.568504,-62.681667
BLOG_SUM_W4312188510,BLOG,SUM,35.567753,-57.39509
BLOG_SUM_W4312701586,BLOG,SUM,41.661892,-42.255962
NOVEL_MT_W4308165701,NOVEL,MT,14.656146,-69.28166
NOVEL_MT_W4226115138,NOVEL,MT,-44.979076,-12.316232
NOVEL_QA_W4226115138,NOVEL,QA,-44.979076,-12.316232
NOVEL_MT_W4320012879,NOVEL,MT,35.857346,-40.596508
NOVEL_MT_W4281630788,NOVEL,MT,7.660096,-64.21598
NOVEL_MT_W4206779940,NOVEL,MT,10.640867,-63.314114
NOVEL_DIA_W4310436400,NOVEL,DIA,27.996578,-26.081524
NOVEL_DIA_W1859731298,NOVEL,DIA,61.46899,-16.777216
SKG_DIA_W4224293837,SKG,DIA,2.1851258,-18.860773
NOVEL_MT_W3163465952,NOVEL,MT,-0.44254792,27.110529
SKG_MT_W3163465952,SKG,MT,-0.44254792,27.110529
NOVEL_MT_W4214917757,NOVEL,MT,24.577316,-55.775906
NOVEL_MT_W4225910596,NOVEL,MT,17.82515,-4.1926737
NOVEL_MT_W4220897376,NOVEL,MT,15.812199,-70.57184
NOVEL_MT_W4283692078,NOVEL,MT,15.978459,-68.216934
NOVEL_MT_W4282015487,NOVEL,MT,17.406271,-67.3967
NOVEL_MT_W3140679530,NOVEL,MT,34.41457,-38.544785
NOVEL_MT_W4282020692,NOVEL,MT,22.530293,-51.009254
NOVEL_MT_W3173594637,NOVEL,MT,16.631826,-14.136763
NOVEL_MT_W3213029956,NOVEL,MT,-3.922738,29.796959
NOVEL_MT_W4224050897,NOVEL,MT,16.871151,-72.03817
NOVEL_MT_W3039695075,NOVEL,MT,-4.073959,31.725521
NOVEL_DIA_W4205178534,NOVEL,DIA,49.38479,-31.257334
NOVEL_DIA_W4312090823,NOVEL,DIA,13.331241,-37.086216
SKG_DIA_W4312090823,SKG,DIA,13.330577,-37.087734
SKG_MT_W4312090823,SKG,MT,13.330643,-37.087734
SKG_QA_W4312090823,SKG,QA,13.331287,-37.08616
SKG_SUM_W4312090823,SKG,SUM,13.331415,-37.08591
NOVEL_DIA_W3205786327,NOVEL,DIA,19.63113,-7.125654
NOVEL_DIA_W4205201623,NOVEL,DIA,4.01796,-25.508911
SKG_DIA_W4205201623,SKG,DIA,4.017978,-25.509424
NOVEL_DIA_W4312943102,NOVEL,DIA,33.91859,-44.140408
NOVEL_DIA_W4221055872,NOVEL,DIA,0.34771946,-12.1124525
SKG_SA_W4221055872,SKG,SA,0.34768662,-12.11239
NOVEL_DIA_W4224293837,NOVEL,DIA,2.1851406,-18.860563
NOVEL_MT_W3155072588,NOVEL,MT,9.443379,5.8152184
SKG_MT_W3155072588,SKG,MT,9.443379,5.8152184
NOVEL_DIA_W4206806123,NOVEL,DIA,23.847198,-26.889042
SKG_SA_W4220880259,SKG,SA,21.086845,-48.918053
SKG_SA_W4290716979,SKG,SA,1.7598882,-38.538155
SKG_SA_W4280645626,SKG,SA,24.737286,-50.19303
BLOG_NLI_W4210916416,BLOG,NLI,-2.02632,-59.40849
BLOG_SA_W4210916416,BLOG,SA,-2.02632,-59.40849
BLOG_DIA_W4211106541,BLOG,DIA,59.164913,-13.211654
BLOG_DIA_W4284991798,BLOG,DIA,1.0904022,-27.987247
BLOG_NLI_W4284991798,BLOG,NLI,1.0904498,-27.987244
BLOG_QA_W4284991798,BLOG,QA,1.0906234,-27.98741
NOVEL_DIA_W4284991798,NOVEL,DIA,1.0906608,-27.987413
BLOG_SUM_W4309674289,BLOG,SUM,-14.467054,-34.872402
NOVEL_DIA_W4309674289,NOVEL,DIA,-14.471911,-34.898903
NOVEL_MT_W4309674289,NOVEL,MT,-14.432886,-34.66217
SKG_SUM_W3165898284,SKG,SUM,16.110817,-12.833548
SKG_SUM_W4281650778,SKG,SUM,44.77183,-20.168999
SKG_SUM_W4225295961,SKG,SUM,44.19918,-39.75668
SKG_SUM_W4281616414,SKG,SUM,14.8988495,-72.88459
SKG_SUM_W4205325549,SKG,SUM,32.237995,-57.125374
SKG_SUM_W4312072518,SKG,SUM,44.567867,-21.064676
SKG_SUM_W4210274399,SKG,SUM,15.51334,-12.538879
SKG_SUM_W4304808118,SKG,SUM,45.70468,-21.500975
NOVEL_MT_60,NOVEL,MT,-1.993495,56.10024
SKG_SUM_W4386154055,SKG,SUM,44.6592,-20.996504
SKG_SA_W4382630561,SKG,SA,-10.302623,-42.503223
SKG_SA_W4324290234,SKG,SA,2.960659,-50.087414
SKG_SUM_W4383301908,SKG,SUM,29.138456,-53.07633
SKG_SUM_W4318016874,SKG,SUM,46.06344,-21.550436
SKG_SUM_W4317355154,SKG,SUM,44.99759,-20.624004
SKG_SUM_W4390229867,SKG,SUM,17.714426,-45.132076
NOVEL_DIA_W4379259169,NOVEL,DIA,14.9099245,1.653142
NOVEL_QA_W4379259169,NOVEL,QA,14.90968,1.6538696
NOVEL_SA_W4379259169,NOVEL,SA,14.909584,1.6541202
SKG_SUM_W4360949780,SKG,SUM,-20.808199,-43.026936
SKG_SUM_W4361000553,SKG,SUM,16.073257,-12.698581
NOVEL_DIA_W4385452929,NOVEL,DIA,11.11025,-46.45385
SKG_DIA_W4385452929,SKG,DIA,11.11025,-46.45385
SKG_MT_W4385452929,SKG,MT,11.11025,-46.454037
SKG_QA_W4385452929,SKG,QA,11.11025,-46.45405
BLOG_SA_W4378574344,BLOG,SA,4.860318,-28.108217
SKG_SUM_W4226083230,SKG,SUM,30.585417,0.93317
NOVEL_DIA_W4392669753,NOVEL,DIA,49.426235,20.252884
SKG_QA_W4379259169,SKG,QA,14.909595,1.6540599
SKG_SA_W4372355147,SKG,SA,23.454872,-49.902676
BLOG_DIA_W4366420437,BLOG,DIA,21.988274,-26.346096
BLOG_MT_W4366420437,BLOG,MT,21.98835,-26.346256
BLOG_QA_W4366420437,BLOG,QA,21.988293,-26.346142
NOVEL_DIA_W4366420437,NOVEL,DIA,21.98828,-26.346085
BLOG_DIA_W4368367885,BLOG,DIA,10.383905,-27.037205
BLOG_MT_W4368367885,BLOG,MT,10.383905,-27.037205
BLOG_QA_W4368367885,BLOG,QA,10.38387,-27.03862
BLOG_SUM_W4368367885,BLOG,SUM,10.383905,-27.037205
SKG_SUM_W4320892455,SKG,SUM,44.773525,-21.485706
SKG_SUM_W4386373863,SKG,SUM,19.953,-4.7004957
SKG_SUM_W4386765496,SKG,SUM,44.85418,-39.171944
NOVEL_DIA_W4360615722,NOVEL,DIA,12.08982,-43.37868
NOVEL_DIA_W4385632485,NOVEL,DIA,15.875009,-41.990395
SKG_DIA_W4385632485,SKG,DIA,15.873772,-41.98841
SKG_MT_W4385632485,SKG,MT,15.873915,-41.988785
SKG_PAR_W4385632485,SKG,PAR,15.874688,-41.990055
SKG_QA_W4385632485,SKG,QA,15.873592,-41.988445
SKG_SA_W4385632485,SKG,SA,15.874688,-41.990055
NOVEL_DIA_W4321605350,NOVEL,DIA,23.367256,-36.28393
SKG_DIA_W4321605350,SKG,DIA,23.367256,-36.28393
SKG_MT_W4321605350,SKG,MT,23.369625,-36.282364
SKG_PAR_W4321605350,SKG,PAR,23.367256,-36.28393
SKG_QA_W4321605350,SKG,QA,23.370789,-36.284256
NOVEL_DIA_W4353016766,NOVEL,DIA,37.905224,-22.757366
SKG_PAR_W4386098991,SKG,PAR,21.011967,-41.83065
SKG_QA_W4386098991,SKG,QA,21.012003,-41.830654
SKG_SUM_W4386098991,SKG,SUM,21.012003,-41.830654
NOVEL_DIA_W4319790168,NOVEL,DIA,25.060968,-32.45185
NOVEL_DIA_W4318464200,NOVEL,DIA,13.971054,-42.505283
NOVEL_DIA_W4366489368,NOVEL,DIA,19.499496,-31.350416
NOVEL_DIA_W4376139682,NOVEL,DIA,21.96112,-38.56488
SKG_DIA_W4376139682,SKG,DIA,21.96112,-38.56488
SKG_MT_W4376139682,SKG,MT,21.96112,-38.56488
SKG_QA_W4376139682,SKG,QA,21.96112,-38.564884
SKG_DIA_W4392669753,SKG,DIA,49.426235,20.252884
SKG_MT_W4392669753,SKG,MT,49.426235,20.252884
SKG_NLI_W4392669753,SKG,NLI,49.59235,20.036848
SKG_PAR_W4392669753,SKG,PAR,49.59948,20.031557
SKG_QA_W4392669753,SKG,QA,49.51043,20.185936
SKG_SA_W4392669753,SKG,SA,49.599487,20.03379
NOVEL_DIA_W4319350602,NOVEL,DIA,31.174831,-20.828579
SKG_DIA_W4319350602,SKG,DIA,31.174831,-20.828579
SKG_MT_W4319350602,SKG,MT,31.172783,-20.828573
SKG_SUM_W4387356888,SKG,SUM,21.556196,-21.807508
NOVEL_DIA_W4380995257,NOVEL,DIA,8.622957,-31.49987
SKG_DIA_W4380995257,SKG,DIA,8.622957,-31.49987
SKG_SUM_W4380995257,SKG,SUM,8.622957,-31.49987
NOVEL_DIA_W4385242971,NOVEL,DIA,16.033329,-45.555187
NOVEL_DIA_W4389519254,NOVEL,DIA,5.6982117,24.337332
SKG_DIA_W4389519254,SKG,DIA,5.698154,24.337158
SKG_SUM_W4385632485,SKG,SUM,15.873915,-41.988785
NOVEL_DIA_W4377227441,NOVEL,DIA,12.520679,-33.4831
NOVEL_DIA_W4315797044,NOVEL,DIA,15.8108835,-23.524956
SKG_QA_W4315797044,SKG,QA,15.8108835,-23.524956
NOVEL_DIA_W4323359867,NOVEL,DIA,25.824694,-38.246025
SKG_PAR_W4323359867,SKG,PAR,25.822937,-38.24641
NOVEL_SA_W4353016766,NOVEL,SA,37.9052,-22.757074
SKG_DIA_W4353016766,SKG,DIA,37.905224,-22.757366
SKG_QA_W4353016766,SKG,QA,37.905224,-22.757366
NOVEL_DIA_W4315498228,NOVEL,DIA,19.208683,-38.49471
NOVEL_DIA_W4319062614,NOVEL,DIA,39.281544,-29.814335
NOVEL_DIA_W4389793309,NOVEL,DIA,24.663586,-43.66282
SKG_SA_W4389793309,SKG,SA,24.663586,-43.66282
NOVEL_DIA_W4389523957,NOVEL,DIA,5.7234073,-3.6250298
SKG_DIA_W4389523957,SKG,DIA,5.723393,-3.6251605
SKG_MT_W4389523957,SKG,MT,5.723348,-3.6269855
SKG_SA_W4376139682,SKG,SA,21.961119,-38.564884
SKG_SUM_W4392669753,SKG,SUM,49.426235,20.252884
NOVEL_DIA_W4319301446,NOVEL,DIA,22.866795,-16.868244
NOVEL_DIA_W4386417345,NOVEL,DIA,25.26638,-31.56016
SKG_MT_W4378473491,SKG,MT,18.280142,-31.321663
NOVEL_DIA_W4387356888,NOVEL,DIA,21.55745,-21.807728
SKG_DIA_W4387356888,SKG,DIA,21.5574,-21.807692
SKG_MT_W4387356888,SKG,MT,21.55745,-21.807728
SKG_SA_W4387356888,SKG,SA,21.557566,-21.808489
NOVEL_DIA_W4362466759,NOVEL,DIA,16.784458,-36.351078
SKG_DIA_W4362466759,SKG,DIA,16.785374,-36.34981
SKG_MT_W4362466759,SKG,MT,16.785656,-36.349808
SKG_SA_W4362466759,SKG,SA,16.78439,-36.35103
NOVEL_DIA_W4385027818,NOVEL,DIA,11.581704,-10.119041
NOVEL_SUM_W4385027818,NOVEL,SUM,11.581704,-10.119041
NOVEL_DIA_W4381930847,NOVEL,DIA,9.511811,-10.123752
SKG_QA_W4323359867,SKG,QA,25.82342,-38.246193
SKG_SUM_W4323359867,SKG,SUM,25.822937,-38.24641
NOVEL_DIA_W4324130227,NOVEL,DIA,12.813859,-31.91581
NOVEL_DIA_W4321106177,NOVEL,DIA,14.626802,-26.049429
NOVEL_DIA_W4366403195,NOVEL,DIA,17.943886,-23.147263
NOVEL_DIA_W4383959108,NOVEL,DIA,17.716639,-40.35311
SKG_MT_W4383959108,SKG,MT,17.717031,-40.354485
NOVEL_DIA_W4386091044,NOVEL,DIA,28.127922,3.047389
SKG_SUM_W4386091044,SKG,SUM,28.127922,3.047389
NOVEL_DIA_W4386421370,NOVEL,DIA,19.49418,-26.43554
NOVEL_SA_W4386421370,NOVEL,SA,19.494219,-26.435642
SKG_SA_W4386421370,SKG,SA,19.494093,-26.435131
NOVEL_DIA_W4378189609,NOVEL,DIA,9.957804,-3.4786313
NOVEL_DIA_W4385293522,NOVEL,DIA,21.864744,-29.068289
NOVEL_DIA_W4387242094,NOVEL,DIA,36.30091,-24.558771
NOVEL_DIA_W4319304408,NOVEL,DIA,7.2303596,-46.126343
SKG_NLI_W4319304408,SKG,NLI,7.2305045,-46.12632
NOVEL_DIA_W4376626501,NOVEL,DIA,20.431313,-30.877542
SKG_NLI_W4389523957,SKG,NLI,5.722785,-3.626144
SKG_SA_W4389523957,SKG,SA,5.7230453,-3.625826
NOVEL_DIA_W4323536358,NOVEL,DIA,16.535036,-31.14905
SKG_QA_W4323536358,SKG,QA,16.534767,-31.149055
NOVEL_DIA_W4378473491,NOVEL,DIA,18.280666,-31.321318
NOVEL_DIA_W4366377796,NOVEL,DIA,23.054478,-24.747307
NOVEL_DIA_W4379416244,NOVEL,DIA,17.169853,-37.18564
NOVEL_DIA_W4366422585,NOVEL,DIA,22.185509,-40.24243
SKG_DIA_W4366422585,SKG,DIA,22.185509,-40.24243
SKG_SA_W4366422585,SKG,SA,22.184988,-40.242607
NOVEL_DIA_W4380319827,NOVEL,DIA,30.118301,-36.82931
SKG_DIA_W4380319827,SKG,DIA,30.118301,-36.82931
NOVEL_DIA_W4323313947,NOVEL,DIA,22.59523,-24.84456
SKG_NLI_W4323313947,SKG,NLI,22.595177,-24.844982
NOVEL_DIA_W4323350039,NOVEL,DIA,19.816513,-15.498138
NOVEL_DIA_W4366769280,NOVEL,DIA,30.506123,-26.155094
SKG_DIA_W4381930847,SKG,DIA,9.51173,-10.1234665
NOVEL_DIA_W4366498198,NOVEL,DIA,11.264397,-24.627989
SKG_MT_W4389519254,SKG,MT,5.698589,24.337492
SKG_SUM_W4389519254,SKG,SUM,5.6983633,24.337269
NOVEL_SUM_W4389519254,NOVEL,SUM,5.6985207,24.337158
NOVEL_DIA_W4367849331,NOVEL,DIA,24.912663,-26.867373
NOVEL_SA_W4367849331,NOVEL,SA,24.912663,-26.867373
NOVEL_DIA_W4361002760,NOVEL,DIA,8.105494,-25.401703
NOVEL_MT_W4361002760,NOVEL,MT,8.1054325,-25.401623
NOVEL_SA_W4361002760,NOVEL,SA,8.1054325,-25.401623
SKG_SA_W4361002760,SKG,SA,8.105494,-25.401703
NOVEL_DIA_W4379010216,NOVEL,DIA,42.203007,-13.040738
SKG_DIA_W4379010216,SKG,DIA,42.203007,-13.040738
SKG_SA_W4379010216,SKG,SA,42.203007,-13.040738
NOVEL_DIA_W4378214315,NOVEL,DIA,14.034537,-30.6853
NOVEL_DIA_W4386045865,NOVEL,DIA,35.40645,-13.404007
SKG_DIA_W4386045865,SKG,DIA,35.40648,-13.404145
SKG_NLI_W4386045865,SKG,NLI,35.40648,-13.404145
NOVEL_DIA_W4364363895,NOVEL,DIA,19.487087,-21.773052
SKG_SA_W4376626501,SKG,SA,20.430588,-30.877714
NOVEL_DIA_W4366989878,NOVEL,DIA,14.239766,-21.921335
NOVEL_DIA_W4376640725,NOVEL,DIA,27.239338,-1.1217973
NOVEL_DIA_W4384934594,NOVEL,DIA,21.604147,-30.295147
NOVEL_DIA_W4320920036,NOVEL,DIA,26.374002,-0.8329538
SKG_DIA_W4320920036,SKG,DIA,26.374002,-0.8329538
SKG_SA_W4320920036,SKG,SA,26.374002,-0.8329538
NOVEL_DIA_W4387163553,NOVEL,DIA,16.567858,-50.316208
NOVEL_DIA_W4382560004,NOVEL,DIA,21.940495,-29.050236
NOVEL_DIA_W4398233424,NOVEL,DIA,16.805304,-33.189945
NOVEL_DIA_W4379057711,NOVEL,DIA,19.88918,-41.194893
SKG_DIA_W4379057711,SKG,DIA,19.88918,-41.194893
NOVEL_DIA_W4386067316,NOVEL,DIA,-5.7925673,-51.221718
SKG_NLI_W4386067316,SKG,NLI,-5.7925673,-51.221718
NOVEL_DIA_W4386072877,NOVEL,DIA,19.869871,-29.476448
NOVEL_DIA_W4377010595,NOVEL,DIA,22.358198,-21.790686
NOVEL_DIA_W4322631505,NOVEL,DIA,8.663529,-35.377247
NOVEL_DIA_W4386544117,NOVEL,DIA,19.128063,-34.267746
SKG_SA_W4366498198,SKG,SA,11.264397,-24.627989
NOVEL_DIA_W4386347795,NOVEL,DIA,14.275879,-32.576054
NOVEL_DIA_W4361028617,NOVEL,DIA,21.799482,-31.730742
NOVEL_DIA_W4381587418,NOVEL,DIA,-0.9241741,-32.9778
NOVEL_QA_W4381587418,NOVEL,QA,-0.9223096,-32.976635
SKG_DIA_W4381587418,SKG,DIA,-0.92426157,-32.97769
SKG_NLI_W4381587418,SKG,NLI,-0.9223483,-32.976677
SKG_SA_W4381587418,SKG,SA,-0.92426157,-32.97769
NOVEL_SUM_W4381587418,NOVEL,SUM,-0.9223096,-32.976635
NOVEL_DIA_W4380997513,NOVEL,DIA,33.366333,-22.300196
NOVEL_DIA_W4386141641,NOVEL,DIA,10.458305,-34.164536
SKG_DIA_W4386141641,SKG,DIA,10.456624,-34.160767
SKG_NLI_W4386141641,SKG,NLI,10.457217,-34.160362
NOVEL_DIA_W4327518740,NOVEL,DIA,19.633228,-36.220116
SKG_QA_W4327518740,SKG,QA,19.632965,-36.219376
SKG_SUM_W4327518740,SKG,SUM,19.63318,-36.219414
SKG_DIA_W4366989878,SKG,DIA,14.239555,-21.921234
SKG_SA_W4386141641,SKG,SA,10.456912,-34.168224
SKG_SA_W4327918021,SKG,SA,19.122322,-33.48038
NOVEL_DIA_W4366548330,NOVEL,DIA,4.554084,-15.21457
SKG_DIA_W4366548330,SKG,DIA,4.554084,-15.21457
SKG_MT_W4366548330,SKG,MT,4.554084,-15.21457
SKG_QA_W4366548330,SKG,QA,4.5540266,-15.214664
SKG_SA_W4366548330,SKG,SA,4.5540266,-15.214664
NOVEL_DIA_W4386098991,NOVEL,DIA,21.0121,-41.830666
SKG_DIA_W4386098991,SKG,DIA,21.011967,-41.830654
SKG_SUM_W4385878593,SKG,SUM,11.568802,-39.917717
NOVEL_DIA_W4384662964,NOVEL,DIA,-0.5647027,1.0163311
NOVEL_DIA_W4362581834,NOVEL,DIA,29.033567,-24.522282
NOVEL_MT_W4322499406,NOVEL,MT,46.87977,-11.042227
SKG_NLI_W4322499406,SKG,NLI,46.87977,-11.042227
SKG_QA_W4322499406,SKG,QA,46.87977,-11.042227
SKG_DIA_W4327672398,SKG,DIA,26.40299,-40.889477
SKG_SA_W4327672398,SKG,SA,26.40299,-40.889477
NOVEL_DIA_W4380291159,NOVEL,DIA,37.652496,-10.932347
NOVEL_DIA_W4386069852,NOVEL,DIA,24.338245,-36.373367
NOVEL_DIA_W4389203481,NOVEL,DIA,26.229696,-28.191324
SKG_DIA_W4389203481,SKG,DIA,26.229696,-28.191324
NOVEL_DIA_W4366703942,NOVEL,DIA,32.870995,-28.87178
NOVEL_DIA_W4377041488,NOVEL,DIA,42.248295,-13.090345
NOVEL_DIA_W4376255328,NOVEL,DIA,17.064533,-37.38741
NOVEL_DIA_W4327672398,NOVEL,DIA,26.40299,-40.889477
NOVEL_DIA_W4376224599,NOVEL,DIA,15.570233,-32.175438
NOVEL_DIA_W4388817859,NOVEL,DIA,19.111227,-34.81899
NOVEL_DIA_W4360945746,NOVEL,DIA,17.991365,-35.999096
NOVEL_DIA_W4386615720,NOVEL,DIA,20.911283,-28.734295
NOVEL_DIA_W4367175039,NOVEL,DIA,36.481182,-23.680212
NOVEL_DIA_W4385227045,NOVEL,DIA,9.928666,-28.948248
NOVEL_DIA_W4327918021,NOVEL,DIA,19.122446,-33.480457
SKG_QA_W4327918021,SKG,QA,19.122198,-33.48046
NOVEL_SA_W4378470708,NOVEL,SA,20.590773,-24.043503
SKG_DIA_W4378470708,SKG,DIA,20.590807,-24.043657
NOVEL_DIA_W4387169527,NOVEL,DIA,21.069117,-33.259174
NOVEL_DIA_W4323568782,NOVEL,DIA,21.911427,-30.50779
NOVEL_DIA_W4388333366,NOVEL,DIA,23.289753,-39.359924
NOVEL_MT_W4387164156,NOVEL,MT,18.879488,-4.975458
SKG_DIA_W4379054888,SKG,DIA,3.0811992,-43.509373
NOVEL_DIA_W4385469325,NOVEL,DIA,1.4411107,-37.840763
SKG_DIA_W4385469325,SKG,DIA,1.4411919,-37.841152
NOVEL_DIA_W4389977189,NOVEL,DIA,-17.153343,-35.230183
NOVEL_DIA_W4360802167,NOVEL,DIA,13.646193,-26.721592
NOVEL_DIA_W4385302156,NOVEL,DIA,13.129122,-0.97397697
NOVEL_DIA_W4319439342,NOVEL,DIA,30.227392,-14.541361
NOVEL_DIA_W4361282369,NOVEL,DIA,29.250235,-32.449047
NOVEL_SA_W4361282369,NOVEL,SA,29.249237,-32.449345
NOVEL_MT_W4387230320,NOVEL,MT,14.794613,-71.261894
BLOG_NLI_W4385416665,BLOG,NLI,-12.355012,-46.415195
SKG_QA_W4362581834,SKG,QA,29.035406,-24.522003
NOVEL_DIA_W4380685958,NOVEL,DIA,36.956215,-21.915428
NOVEL_DIA_W4327681325,NOVEL,DIA,19.631472,-19.78842
NOVEL_DIA_W4376872703,NOVEL,DIA,14.0309105,-30.904963
SKG_DIA_W4366703942,SKG,DIA,32.870995,-28.87178
SKG_SA_W4366703942,SKG,SA,32.870995,-28.87178
NOVEL_DIA_W4388103056,NOVEL,DIA,17.679583,-29.089693
SKG_DIA_W4386317922,SKG,DIA,17.834274,-21.753365
SKG_PAR_W4386317922,SKG,PAR,17.834156,-21.753443
NOVEL_MT_W4315865958,NOVEL,MT,17.10675,-68.584724
NOVEL_MT_W4385799520,NOVEL,MT,48.58464,-31.416655
NOVEL_MT_W4365479119,NOVEL,MT,15.120989,-71.96719
NOVEL_DIA_W4387873511,NOVEL,DIA,22.976347,-32.847404
NOVEL_DIA_W4321504196,NOVEL,DIA,20.499014,-32.56557
NOVEL_DIA_W4378470708,NOVEL,DIA,20.590763,-24.043423
NOVEL_MT_W4386030674,NOVEL,MT,8.715093,-63.855267
NOVEL_MT_W4323666400,NOVEL,MT,11.044009,-64.91648
NOVEL_DIA_W4381332452,NOVEL,DIA,10.598776,-36.320953
NOVEL_DIA_W4322493981,NOVEL,DIA,35.681328,-41.756653
NOVEL_DIA_W4386317922,NOVEL,DIA,17.834303,-21.753384
SKG_DIA_W4362581834,SKG,DIA,29.035421,-24.521961
SKG_MT_W4362581834,SKG,MT,29.03381,-24.522142
SKG_SA_W4360860566,SKG,SA,-6.019257,-40.689518
SKG_SA_W4362667540,SKG,SA,18.93309,-29.958351
SKG_SA_W4317743691,SKG,SA,-19.739567,-24.941566
SKG_QA_W4380730833,SKG,QA,45.429432,-39.433773
BLOG_DIA_W4367182956,BLOG,DIA,16.976084,-65.81647
BLOG_DIA_W4321748146,BLOG,DIA,38.871986,-25.642225
BLOG_QA_W4321748146,BLOG,QA,38.871986,-25.642225
NOVEL_DIA_W4321748146,NOVEL,DIA,38.871986,-25.642225
BLOG_DIA_W4385416665,BLOG,DIA,-12.355017,-46.41523
NOVEL_DIA_W4319301505,NOVEL,DIA,22.851152,-17.267227
SKG_DIA_W4319301505,SKG,DIA,22.851269,-17.267195
NOVEL_DIA_W4385988359,NOVEL,DIA,2.2966921,-32.122826
NOVEL_DIA_W4313678819,NOVEL,DIA,15.750587,-30.655579
NOVEL_DIA_W4381982883,NOVEL,DIA,16.425789,-26.036768
SKG_DIA_W4381982883,SKG,DIA,16.425999,-26.037245
NOVEL_MT_W4390621251,NOVEL,MT,22.942257,-7.5637646
NOVEL_MT_W4366278627,NOVEL,MT,5.298319,-63.192497
NOVEL_DIA_W4379054888,NOVEL,DIA,3.0812616,-43.508957
SKG_SA_W4323313312,SKG,SA,-15.393759,-21.432732
SKG_SUM_W4323313312,SKG,SUM,-15.393759,-21.432732
NOVEL_MT_W4362657000,NOVEL,MT,17.854485,-66.96677
NOVEL_MT_W4376132442,NOVEL,MT,17.46104,-4.103007
SKG_SUM_W4376132442,SKG,SUM,17.461008,-4.103143
NOVEL_MT_W4376871556,NOVEL,MT,27.35737,-13.114138
SKG_MT_W4376871556,SKG,MT,27.35737,-13.114138
SKG_MT_W4381982883,SKG,MT,16.425789,-26.036768
SKG_QA_W4381982883,SKG,QA,16.425957,-26.03729
SKG_SUM_W4381982883,SKG,SUM,16.426188,-26.03686
NOVEL_DIA_W4383818129,NOVEL,DIA,14.9096155,-34.598732
SKG_DIA_W4383818129,SKG,DIA,14.909582,-34.598934
SKG_MT_W4383818129,SKG,MT,14.909609,-34.598766
SKG_QA_W4383818129,SKG,QA,14.909609,-34.598766
NOVEL_DIA_W4385878593,NOVEL,DIA,11.56869,-39.91746
SKG_DIA_W4385878593,SKG,DIA,11.571473,-39.916203
SKG_MT_W4385878593,SKG,MT,11.568828,-39.917786
SKG_PAR_W4385878593,SKG,PAR,11.575984,-39.916084
SKG_QA_W4385878593,SKG,QA,11.572694,-39.918217
SKG_SA_W4385878593,SKG,SA,11.576659,-39.91751
BLOG_SUM_W4313889995,BLOG,SUM,5.8209577,-54.489742
SKG_SUM_W4362581834,SKG,SUM,29.033567,-24.522282
NOVEL_DIA_W4323848232,NOVEL,DIA,12.287545,-26.666574
NOVEL_MT_W4385613852,NOVEL,MT,8.05204,-64.24464
NOVEL_MT_W4386075553,NOVEL,MT,11.679455,-0.2950693
NOVEL_MT_W4384296800,NOVEL,MT,14.746966,-68.538124
NOVEL_MT_W4376869874,NOVEL,MT,17.219267,-60.649845
NOVEL_SA_W1541164384,NOVEL,SA,35.308308,-43.02994
NOVEL_SA_W4324309277,NOVEL,SA,36.249462,-55.292084
SKG_DIA_W4324309277,SKG,DIA,36.249397,-55.292175
SKG_QA_W4324309277,SKG,QA,36.249397,-55.292175
NOVEL_MT_W4386113271,NOVEL,MT,-22.045172,-14.502051
NOVEL_DIA_W4361298490,NOVEL,DIA,30.235596,-22.533295
NOVEL_DIA_W4362584541,NOVEL,DIA,26.835176,-24.294376
NOVEL_DIA_W4361204578,NOVEL,DIA,22.141006,-37.896694
NOVEL_DIA_W4360980141,NOVEL,DIA,21.730568,-34.074074
SKG_DIA_W4360980141,SKG,DIA,21.730568,-34.074074
NOVEL_MT_W4323313312,NOVEL,MT,-15.393746,-21.432747
SKG_NLI_W4323313312,SKG,NLI,-15.393759,-21.432732
BLOG_QA_W4386961654,BLOG,QA,17.303629,-49.40257
NOVEL_DIA_W4386961654,NOVEL,DIA,17.3036,-49.402645
BLOG_DIA_W4384823096,BLOG,DIA,12.376179,-66.4751
NOVEL_DIA_W4378574344,NOVEL,DIA,4.8584914,-28.108763
SKG_SA_W4321506460,SKG,SA,17.973566,-40.977467
SKG_SA_W4381511236,SKG,SA,19.048164,-42.516075
NOVEL_DIA_W4389437528,NOVEL,DIA,16.906803,-32.612347
NOVEL_QA_W4386071687,NOVEL,QA,-42.06649,9.71824
NOVEL_MT_W4382007903,NOVEL,MT,6.4046125,-55.709675
NOVEL_QA_W4388424540,NOVEL,QA,23.262587,-43.952824
NOVEL_MT_W4385827828,NOVEL,MT,47.633537,-35.36454
NOVEL_SA_W4385827828,NOVEL,SA,47.633537,-35.36454
NOVEL_MT_W4382372079,NOVEL,MT,7.248118,4.850176
NOVEL_MT_W4388616071,NOVEL,MT,21.913866,-7.137026
SKG_NLI_W4388616071,SKG,NLI,21.91384,-7.137021
NOVEL_MT_W4367676419,NOVEL,MT,10.327857,-68.18329
SKG_SUM_W4387835442,SKG,SUM,-1.8197482,-13.832323
SKG_MT_W4360980141,SKG,MT,21.73057,-34.074074
SKG_QA_W4360980141,SKG,QA,21.73057,-34.074074
SKG_SUM_W4360980141,SKG,SUM,21.73057,-34.074074
NOVEL_DIA_W4320495408,NOVEL,DIA,20.531897,-33.483395
NOVEL_DIA_W4323050332,NOVEL,DIA,11.821369,-28.996044
SKG_DIA_W4323050332,SKG,DIA,11.82139,-28.995718
SKG_MT_W4323050332,SKG,MT,11.821058,-28.996466
SKG_QA_W4323050332,SKG,QA,11.821847,-28.995771
SKG_SUM_W4323050332,SKG,SUM,11.82163,-28.995739
BLOG_SUM_W4386448978,BLOG,SUM,18.64088,-67.63802
NOVEL_DIA_W4361289889,NOVEL,DIA,30.15881,-21.928019
NOVEL_DIA_W4368367885,NOVEL,DIA,10.384024,-27.038296
SKG_SA_W4319440851,SKG,SA,25.7542,0.031393394
SKG_QA_W4380871934,SKG,QA,45.528133,-33.505676
BLOG_DIA_W4386961654,BLOG,DIA,17.303158,-49.40223
SKG_QA_W4387835442,SKG,QA,-1.8186115,-13.832363
SKG_SA_W4362659486,SKG,SA,1.0602752,-13.360751
NOVEL_DIA_W4318671267,NOVEL,DIA,21.35352,-19.315847
BLOG_QA_W4385416665,BLOG,QA,-12.354994,-46.41468
BLOG_SA_W4385416665,BLOG,SA,-12.355017,-46.41523
SKG_SUM_W4380871934,SKG,SUM,45.52768,-33.505634
SKG_QA_W4368358112,SKG,QA,37.468678,-57.304413
SKG_QA_W4389132715,SKG,QA,14.64452,-7.54278
SKG_QA_W4384665204,SKG,QA,44.503017,-35.78895
SKG_QA_W4376611376,SKG,QA,29.828661,-59.148033
SKG_QA_W4382464460,SKG,QA,-39.945236,7.8796906
SKG_QA_W4320891754,SKG,QA,44.276787,-37.387016
SKG_QA_W4384922756,SKG,QA,49.005955,-32.466614
SKG_SUM_W4384922756,SKG,SUM,49.00594,-32.46643
SKG_SUM_W4380730833,SKG,SUM,45.429375,-39.43224
SKG_QA_W4376321189,SKG,QA,37.176334,-27.51637
SKG_MT_W4366091323,SKG,MT,-7.4501567,-43.10559
SKG_NLI_W4366091323,SKG,NLI,-7.4504046,-43.105633
SKG_PAR_W4366091323,SKG,PAR,-7.4457235,-43.10578
SKG_QA_W4366091323,SKG,QA,-7.4510245,-43.105705
SKG_DIA_W4385827828,SKG,DIA,47.63359,-35.363792
NOVEL_QA_W4379929708,NOVEL,QA,-42.834946,-10.583759
NOVEL_MT_W2499368528,NOVEL,MT,36.3428,-39.552948
SKG_DIA_W4389437528,SKG,DIA,16.90626,-32.6114
SKG_MT_W4389437528,SKG,MT,16.906176,-32.61141
SKG_QA_W4389437528,SKG,QA,16.906155,-32.61136
NOVEL_DIA_W4318263917,NOVEL,DIA,26.746683,-18.029371
NOVEL_DIA_W4367595583,NOVEL,DIA,-6.0933704,-34.50863
NOVEL_DIA_W4387835442,NOVEL,DIA,-1.8197272,-13.832328
SKG_DIA_W4387835442,SKG,DIA,-1.819748,-13.832323
SKG_MT_W4387835442,SKG,MT,-1.819748,-13.832323
SKG_NLI_W4387835442,SKG,NLI,-1.8186115,-13.832363
SKG_SUM_W4319460874,SKG,SUM,35.292576,-10.397377
NOVEL_DIA_W4324046518,NOVEL,DIA,19.30659,-38.55313
SKG_MT_W4324046518,SKG,MT,19.30659,-38.55313
SKG_QA_W4324046518,SKG,QA,19.30659,-38.55313
NOVEL_DIA_W4317910584,NOVEL,DIA,12.576077,-23.099463
SKG_DIA_W4317910584,SKG,DIA,12.576005,-23.099386
SKG_MT_W4317910584,SKG,MT,12.576078,-23.099464
SKG_NLI_W4317910584,SKG,NLI,12.576078,-23.099464
SKG_QA_W4317910584,SKG,QA,12.5761175,-23.099504
NOVEL_DIA_W4384154918,NOVEL,DIA,10.6977,-16.821724
SKG_SA_W4360620450,SKG,SA,17.556429,-44.177647
NOVEL_DIA_W4367310920,NOVEL,DIA,36.256424,-24.496792
SKG_DIA_W4388503650,SKG,DIA,26.106377,-48.58248
SKG_QA_W4388503650,SKG,QA,26.106468,-48.582146
SKG_SUM_W4388503650,SKG,SUM,26.106377,-48.58248
NOVEL_MT_W4385527149,NOVEL,MT,-22.187208,-14.507834
NOVEL_SA_W4376138804,NOVEL,SA,38.02628,-46.415558
NOVEL_SA_W4384277430,NOVEL,SA,27.475128,-31.82086
SKG_DIA_W4366091323,SKG,DIA,-7.4501386,-43.10579
NOVEL_SA_W4386800155,NOVEL,SA,-2.6824403,-46.938282
NOVEL_SA_W4319831789,NOVEL,SA,10.0796385,-36.910225
SKG_SA_W4319831789,SKG,SA,10.079633,-36.910255
NOVEL_SUM_W4319831789,NOVEL,SUM,10.079629,-36.91017
NOVEL_SA_W4322502716,NOVEL,SA,36.764282,-51.585136
NOVEL_SA_W4361019934,NOVEL,SA,7.5187373,-16.146204
SKG_SA_W4366091323,SKG,SA,-7.450713,-43.10541
SKG_SUM_W4366091323,SKG,SUM,-7.450713,-43.10541
NOVEL_SA_W4315436281,NOVEL,SA,32.960884,-51.819313
NOVEL_DIA_W4319460874,NOVEL,DIA,35.292576,-10.397377
NOVEL_QA_W4319460874,NOVEL,QA,35.292435,-10.397207
SKG_DIA_W4319460874,SKG,DIA,35.29258,-10.397375
SKG_QA_W4319460874,SKG,QA,35.292435,-10.397207
NOVEL_DIA_W4319662928,NOVEL,DIA,36.504906,-11.498651
SKG_MT_W4319662928,SKG,MT,36.504906,-11.498651
SKG_NLI_W4319662928,SKG,NLI,36.504906,-11.498651
SKG_QA_W4319662928,SKG,QA,36.50491,-11.4986515
NOVEL_DIA_W4360620450,NOVEL,DIA,17.55644,-44.17743
SKG_DIA_W4360620450,SKG,DIA,17.55644,-44.17743
SKG_MT_W4360620450,SKG,MT,17.55639,-44.17856
SKG_PAR_W4360620450,SKG,PAR,17.556288,-44.17841
SKG_QA_W4360620450,SKG,QA,17.556181,-44.178337
BLOG_SA_W4319167005,BLOG,SA,11.487805,-17.472054
SKG_DIA_W4322766882,SKG,DIA,-9.4499655,-17.850166
SKG_NLI_W4322766882,SKG,NLI,-9.449957,-17.850378
SKG_PAR_W4322766882,SKG,PAR,-9.4500065,-17.850245
BLOG_SUM_W2190691619,BLOG,SUM,20.050776,-6.778674
BLOG_SUM_W4382358979,BLOG,SUM,46.678318,-26.555399
NOVEL_SA_W4384498679,NOVEL,SA,45.260265,-38.10967
SKG_SUM_W4322766882,SKG,SUM,-9.449988,-17.850416
SKG_DIA_W4376226279,SKG,DIA,-12.169991,-29.25179
SKG_MT_W4376226279,SKG,MT,-12.1699915,-29.251791
SKG_NLI_W4376226279,SKG,NLI,-12.1699915,-29.251791
BLOG_SA_W4386634686,BLOG,SA,-3.560189,-39.43897
BLOG_SA_W4386836424,BLOG,SA,-13.91842,-28.515215
BLOG_SA_W4319599375,BLOG,SA,9.229625,-37.38553
BLOG_SA_W4377197101,BLOG,SA,12.7611885,-48.59911
BLOG_SA_W4382310424,BLOG,SA,16.851156,-48.333332
BLOG_SA_W4383068763,BLOG,SA,12.103911,-41.25446
BLOG_SA_W3043638540,BLOG,SA,-6.858725,-40.141365
BLOG_SUM_W4385118605,BLOG,SUM,46.514164,-26.65837
BLOG_SUM_W4388823657,BLOG,SUM,-19.603151,-39.30737
SKG_QA_W4361019934,SKG,QA,7.5187373,-16.146204
BLOG_SUM_W4362515116,BLOG,SUM,-17.292252,-34.185173
BLOG_SA_W4383605161,BLOG,SA,-3.212326,-35.2408
NOVEL_SA_W4321153003,NOVEL,SA,10.250616,-22.773361
BLOG_DIA_W4382280288,BLOG,DIA,26.36081,-30.92729
BLOG_DIA_W3092541244,BLOG,DIA,7.403021,-35.95982
BLOG_NLI_W3092541244,BLOG,NLI,7.4032073,-35.959976
BLOG_SUM_W4323653529,BLOG,SUM,4.7544208,-54.282734
BLOG_SUM_W4379966446,BLOG,SUM,12.981947,-67.65094
BLOG_SA_W4324071194,BLOG,SA,31.262875,-28.192629
BLOG_SA_W4387956898,BLOG,SA,9.844018,-49.90864
BLOG_SA_W4361866125,BLOG,SA,4.6299167,-2.8716853
BLOG_QA_W4384276655,BLOG,QA,16.99891,-64.50911
BLOG_SA_W4318472692,BLOG,SA,37.015568,-53.646545
BLOG_SA_W4385556979,BLOG,SA,-5.7259884,-42.18753
BLOG_SA_W4322736091,BLOG,SA,-5.3798776,-39.19204
BLOG_SA_W4324030804,BLOG,SA,-7.6662693,-40.538155
SKG_QA_W4322766882,SKG,QA,-9.450043,-17.850279
SKG_SA_W4322766882,SKG,SA,-9.449959,-17.85045
SKG_MT_W4385572634,SKG,MT,54.091923,21.941946
SKG_QA_W4376226279,SKG,QA,-12.169991,-29.25179
SKG_SA_W4376226279,SKG,SA,-12.169991,-29.25179
SKG_SUM_W4376226279,SKG,SUM,-12.1699915,-29.251791
BLOG_QA_W4385422591,BLOG,QA,28.946316,-29.08306
NOVEL_DIA_W4385422591,NOVEL,DIA,28.946316,-29.08306
BLOG_QA_W4360891289,BLOG,QA,9.412449,-7.047033
SKG_QA_W3163892065,SKG,QA,16.730062,-21.095446
BLOG_SA_W4321153003,BLOG,SA,10.25255,-22.772318
SKG_QA_W4324129606,SKG,QA,12.628578,-15.55551
SKG_SUM_W4324129606,SKG,SUM,12.628683,-15.555542
SKG_QA_W4388455891,SKG,QA,24.308561,-7.8530273
SKG_QA_W4380574892,SKG,QA,44.2473,-36.78036
SKG_QA_W4385782790,SKG,QA,42.502552,-53.320793
SKG_PAR_W4387414057,SKG,PAR,18.700315,-19.884926
NOVEL_DIA_W4321153003,NOVEL,DIA,10.250616,-22.773361
BLOG_QA_W4313648826,BLOG,QA,-4.401789,-43.46918
BLOG_QA_W4388290259,BLOG,QA,9.535743,-62.477367
NOVEL_MT_W4388290259,NOVEL,MT,9.535767,-62.477295
BLOG_PAR_W4322717806,BLOG,PAR,31.101862,-48.370007
BLOG_PAR_W4388733340,BLOG,PAR,14.094703,-32.613228
SKG_DIA_W4389636360,SKG,DIA,6.227208,-1.1703554
SKG_NLI_W4389636360,SKG,NLI,6.227208,-1.1703554
SKG_PAR_W4389636360,SKG,PAR,6.227208,-1.1703554
BLOG_SA_W4327518725,BLOG,SA,44.289425,-15.786836
BLOG_SA_W4386619339,BLOG,SA,8.100012,-48.878033
BLOG_QA_W4381598461,BLOG,QA,-20.090607,-41.124035
NOVEL_QA_W4381598461,NOVEL,QA,-20.09085,-41.12492
SKG_DIA_W4383551991,SKG,DIA,21.328436,-52.64673
SKG_SA_W4383551991,SKG,SA,21.328384,-52.646694
SKG_DIA_W4366452046,SKG,DIA,29.263357,2.1514714
SKG_DIA_W4385572634,SKG,DIA,54.091805,21.942135
SKG_DIA_W4322761281,SKG,DIA,2.076639,-47.52206
SKG_DIA_W4376643243,SKG,DIA,45.25512,-28.025053
SKG_NLI_W4385572634,SKG,NLI,54.092094,21.941914
SKG_QA_W4385572634,SKG,QA,54.091923,21.941946
SKG_SA_W4385572634,SKG,SA,54.092094,21.941914
BLOG_PAR_W4365601026,BLOG,PAR,8.59031,-7.4291205
BLOG_PAR_W4386834071,BLOG,PAR,24.296188,-46.411507
BLOG_PAR_W4360989593,BLOG,PAR,2.309265,-32.328903
BLOG_QA_W4322761615,BLOG,QA,22.775644,-19.046638
NOVEL_DIA_W4322761615,NOVEL,DIA,22.77535,-19.046637
BLOG_QA_W4327947056,BLOG,QA,9.315869,-66.105064
BLOG_QA_W2738319541,BLOG,QA,31.099922,-45.623478
BLOG_PAR_W4382069627,BLOG,PAR,18.233795,-32.44353
SKG_SUM_W4385572634,SKG,SUM,54.092094,21.941914
BLOG_QA_W4324142429,BLOG,QA,-8.850517,-43.69142
BLOG_QA_W4386833262,BLOG,QA,36.978745,-51.32501
BLOG_PAR_W4360807837,BLOG,PAR,25.35713,-53.925453
SKG_DIA_W4390175962,SKG,DIA,13.815053,-19.783918
SKG_PAR_W4390175962,SKG,PAR,13.813892,-19.783339
SKG_DIA_W4378190160,SKG,DIA,35.859077,-54.393112
SKG_DIA_W4385571689,SKG,DIA,-8.588981,-36.385162
SKG_NLI_W4385571689,SKG,NLI,-8.588956,-36.38534
SKG_PAR_W4385571689,SKG,PAR,-8.58897,-36.385464
SKG_DIA_W4367854022,SKG,DIA,24.317518,-29.445375
BLOG_PAR_W4389674995,BLOG,PAR,-7.200613,-44.429073
BLOG_PAR_W4389636544,BLOG,PAR,21.939026,-27.602598
BLOG_PAR_W4323662799,BLOG,PAR,-3.5506556,-37.84479
BLOG_PAR_W4388514671,BLOG,PAR,-7.6476264,1.7434459
BLOG_QA_W4321351832,BLOG,QA,33.835552,-18.441471
NOVEL_DIA_W4321351832,NOVEL,DIA,33.835552,-18.441471
SKG_DIA_W4385571124,SKG,DIA,43.442932,18.388195
SKG_SA_W4389636360,SKG,SA,6.227208,-1.1703553
BLOG_DIA_W4318671267,BLOG,DIA,21.353521,-19.315847
SKG_PAR_W4389574762,SKG,PAR,6.033272,-30.22294
SKG_PAR_W4383749364,SKG,PAR,34.22598,-23.199343
SKG_PAR_W4389524534,SKG,PAR,45.135876,17.975008
SKG_PAR_W4367053854,SKG,PAR,27.493288,-47.98415
SKG_PAR_W4385570481,SKG,PAR,50.68003,20.283669
BLOG_NLI_W4383737134,BLOG,NLI,-2.5890398,-31.163044
BLOG_SA_W4383737134,BLOG,SA,-2.5890398,-31.163044
NOVEL_MT_W4383737134,NOVEL,MT,-2.5890398,-31.163044
BLOG_DIA_W4384918448,BLOG,DIA,-1.584759,28.807457
BLOG_DIA_W4375949262,BLOG,DIA,14.184954,-25.45889
BLOG_NLI_W4375949262,BLOG,NLI,14.185732,-25.458668
BLOG_SA_W4375949262,BLOG,SA,14.185732,-25.458668
BLOG_DIA_W4319986684,BLOG,DIA,46.12039,-26.921713
BLOG_DIA_W2148437670,BLOG,DIA,24.676706,-18.00269
BLOG_DIA_W4321153003,BLOG,DIA,10.250277,-22.772963
SKG_DIA_W4386497355,SKG,DIA,-16.494946,-40.606747
BLOG_PAR_W4353007481,BLOG,PAR,0.7668963,-3.6578662
SKG_DIA_W4376108699,SKG,DIA,24.054747,-58.58715
SKG_DIA_W4389523832,SKG,DIA,-44.228127,0.9997023
SKG_NLI_W4385571124,SKG,NLI,43.442932,18.388195
SKG_PAR_W4385571124,SKG,PAR,43.44283,18.388386
SKG_SA_W4385571124,SKG,SA,43.442932,18.388195
SKG_MT_W4381799391,SKG,MT,48.748077,14.530728
SKG_DIA_W4387342020,SKG,DIA,43.168514,-54.203648
BLOG_QA_W4387435427,BLOG,QA,23.076569,-62.927715
BLOG_SUM_W4387435427,BLOG,SUM,23.076612,-62.92754
BLOG_QA_W4383346782,BLOG,QA,10.972062,-31.83928
BLOG_SUM_W4383346782,BLOG,SUM,10.972062,-31.83928
BLOG_PAR_W4383824240,BLOG,PAR,45.77318,-17.54068
BLOG_PAR_W4381997112,BLOG,PAR,12.237534,-30.619692
BLOG_PAR_W4389519222,BLOG,PAR,-3.0310874,-2.0621421
SKG_DIA_W4376643691,SKG,DIA,-6.3982472,-20.124958
SKG_SA_W4376643691,SKG,SA,-6.3982444,-20.125074
SKG_DIA_W4389519118,SKG,DIA,48.68485,16.86483
SKG_DIA_W4386895632,SKG,DIA,20.035711,-42.876194
SKG_MT_W4382203079,SKG,MT,-50.779987,-13.759533
SKG_NLI_W4382203079,SKG,NLI,-50.777,-13.759521
SKG_SUM_W4382203079,SKG,SUM,-50.778187,-13.759569
SKG_DIA_W4319997690,SKG,DIA,30.126629,-56.23191
SKG_DIA_W4389524555,SKG,DIA,43.020164,15.558483
SKG_SA_W4389524555,SKG,SA,43.02016,15.558483
SKG_DIA_W4389518760,SKG,DIA,-16.722832,11.040604
SKG_DIA_W4389520749,SKG,DIA,1.199576,-2.945485
BLOG_PAR_W4327993492,BLOG,PAR,-3.6370506,-37.17275
BLOG_PAR_W4360891421,BLOG,PAR,0.12133036,-3.47412
BLOG_PAR_W4386794805,BLOG,PAR,-2.8041887,29.665031
BLOG_PAR_W4320858112,BLOG,PAR,3.490268,20.558296
NOVEL_DIA_W4318612697,NOVEL,DIA,8.408093,-43.99321
BLOG_DIA_W4380487091,BLOG,DIA,29.639343,-49.512554
BLOG_DIA_W4318191041,BLOG,DIA,10.038408,-60.981873
BLOG_DIA_W4383737134,BLOG,DIA,-2.5890236,-31.162676
SKG_PAR_W4385570984,SKG,PAR,-3.4110453,-2.3794312
BLOG_NLI_W4317042343,BLOG,NLI,-3.7429392,-47.092896
SKG_DIA_W4360584316,SKG,DIA,-9.533228,-39.543972
SKG_DIA_W2903165924,SKG,DIA,35.07301,-47.77256
BLOG_PAR_W4390225107,BLOG,PAR,28.63046,-47.305668
BLOG_PAR_W4386831162,BLOG,PAR,31.298347,-24.507376
BLOG_PAR_W2588334515,BLOG,PAR,36.855988,-40.898113
BLOG_PAR_W4377564447,BLOG,PAR,10.102464,-42.10044
BLOG_PAR_W4361298749,BLOG,PAR,19.807402,-29.306793
SKG_NLI_W4322624932,SKG,NLI,43.105427,-53.095257
SKG_SA_W4322624932,SKG,SA,43.105427,-53.095257
SKG_SUM_W4322624932,SKG,SUM,43.105427,-53.095257
SKG_DIA_W4385287322,SKG,DIA,3.0970025,-30.398886
SKG_SA_W4385287322,SKG,SA,3.0969975,-30.401352
BLOG_PAR_W4386973901,BLOG,PAR,-0.020538399,-33.225758
BLOG_PAR_W4383113923,BLOG,PAR,21.413473,-31.323647
BLOG_PAR_W4379376212,BLOG,PAR,6.1477566,-44.29341
BLOG_PAR_W4383742778,BLOG,PAR,29.965574,-45.98812
BLOG_PAR_W4380536977,BLOG,PAR,5.7883186,-51.519623
BLOG_PAR_W4321524280,BLOG,PAR,-47.572098,-14.641842
BLOG_QA_W4321153003,BLOG,QA,10.2530365,-22.772537
SKG_PAR_W4390058985,SKG,PAR,1.3935215,-40.00084
SKG_PAR_W4389520255,SKG,PAR,-6.985243,-6.0595655
SKG_PAR_W4385571045,SKG,PAR,55.071354,21.640423
SKG_PAR_W4389518954,SKG,PAR,2.114643,-2.2410038
BLOG_DIA_W4318612697,BLOG,DIA,8.408677,-43.99317
BLOG_PAR_W4318612697,BLOG,PAR,8.408637,-43.993168
BLOG_SA_W4318612697,BLOG,SA,8.408677,-43.99317
SKG_SA_W2903165924,SKG,SA,35.07301,-47.77256
SKG_MT_W4322624932,SKG,MT,43.105427,-53.095257
BLOG_NLI_W3041148953,BLOG,NLI,3.3166401,-41.489933
BLOG_PAR_W4320895630,BLOG,PAR,22.758932,-15.652616
BLOG_NLI_W4367665843,BLOG,NLI,0.5573083,-49.799168
BLOG_NLI_W4379743664,BLOG,NLI,0.099290684,-41.03648
BLOG_NLI_W4321350922,BLOG,NLI,-4.550915,-43.03344
BLOG_NLI_W4367174885,BLOG,NLI,-10.1724415,-40.201008
BLOG_NLI_W4321376147,BLOG,NLI,-0.37101063,-46.31939
BLOG_NLI_W4381805119,BLOG,NLI,9.664299,-61.018417
BLOG_NLI_W4319597842,BLOG,NLI,-10.316246,-42.26535
SKG_MT_W4389132751,SKG,MT,15.735274,-9.642919
SKG_NLI_W4389132751,SKG,NLI,15.735274,-9.642919
SKG_SUM_W4389132751,SKG,SUM,15.735274,-9.642919
SKG_MT_W4382059335,SKG,MT,1.8772788,-46.865784
SKG_DIA_W4390353323,SKG,DIA,23.683752,-30.71223
BLOG_NLI_W4367598041,BLOG,NLI,-16.504347,-22.85561
BLOG_NLI_W4372335396,BLOG,NLI,45.482506,-22.753883
BLOG_NLI_W4387457231,BLOG,NLI,12.002049,-49.859833
SKG_MT_W4386740800,SKG,MT,15.341652,-7.282125
SKG_MT_W4385759708,SKG,MT,6.454885,-48.390186
SKG_MT_W4385346076,SKG,MT,-16.38311,-14.339053
BLOG_NLI_W4366828815,BLOG,NLI,-2.2502358,-46.681614
BLOG_NLI_W4364323147,BLOG,NLI,-9.005263,-40.49394
BLOG_NLI_W4317625850,BLOG,NLI,2.1987092,-41.11301
BLOG_QA_W4321786089,BLOG,QA,-3.338716,-23.93463
BLOG_SA_W4321786089,BLOG,SA,-3.338508,-23.93377
SKG_MT_W3201870057,SKG,MT,20.449743,-13.858605
BLOG_SA_W4317042343,BLOG,SA,-3.7429411,-47.093117
SKG_MT_W4388667244,SKG,MT,24.543415,-7.046648
SKG_NLI_W4388667244,SKG,NLI,24.543415,-7.046648
SKG_MT_W4387321091,SKG,MT,3.784814,-7.12811
SKG_SUM_W4360995249,SKG,SUM,-9.384172,-49.10424
SKG_NLI_W4387321091,SKG,NLI,3.784814,-7.12811
SKG_QA_W4387321091,SKG,QA,3.7848141,-7.1281104
BLOG_NLI_W4328115538,BLOG,NLI,-5.70903,-48.061905
BLOG_SA_W4328115538,BLOG,SA,-5.709032,-48.0619
BLOG_NLI_W4388459526,BLOG,NLI,-1.5604227,-34.704315
SKG_PAR_W4385571452,SKG,PAR,-40.22629,8.10513
BLOG_SA_W4386261125,BLOG,SA,25.402708,-19.178429
SKG_PAR_W4382239980,SKG,PAR,11.98154,9.134749
SKG_QA_W4360600181,SKG,QA,33.74581,-50.69144
SKG_PAR_W4382202657,SKG,PAR,-50.10404,-9.491335
SKG_PAR_W4385564993,SKG,PAR,-0.46964648,-1.0042251
SKG_PAR_W4378194664,SKG,PAR,25.595678,-34.17278
SKG_PAR_W4385571219,SKG,PAR,-10.986512,-3.5668263
SKG_PAR_W4378908626,SKG,PAR,-5.670568,-23.454008
SKG_PAR_W4389132136,SKG,PAR,35.3114,-33.91303
SKG_QA_W4382987554,SKG,QA,30.760172,-23.748215
SKG_NLI_W4389121120,SKG,NLI,4.4786224,-37.60323
SKG_QA_W4389121120,SKG,QA,4.4785295,-37.603363
SKG_NLI_W4385839827,SKG,NLI,-50.88137,-7.3736115
SKG_MT_W4386285856,SKG,MT,-3.4507327,-12.573178
BLOG_NLI_W4366817968,BLOG,NLI,9.330694,-15.400586
BLOG_QA_W4366817968,BLOG,QA,9.330813,-15.400649
BLOG_SA_W4366817968,BLOG,SA,9.330813,-15.400649
BLOG_NLI_W4321786089,BLOG,NLI,-3.3385532,-23.933933
SKG_NLI_W3201870057,SKG,NLI,20.44961,-13.858606
SKG_SUM_W3201870057,SKG,SUM,20.449337,-13.858799
SKG_MT_W4319162181,SKG,MT,15.177186,-7.111238
SKG_MT_W4360995249,SKG,MT,-9.384066,-49.1042
SKG_NLI_W4360995249,SKG,NLI,-9.384066,-49.1042
SKG_QA_W4360995249,SKG,QA,-9.384066,-49.1042
SKG_SA_W4360995249,SKG,SA,-9.384175,-49.104233
SKG_MT_W4367316498,SKG,MT,25.625103,-28.290916
SKG_MT_W4385342469,SKG,MT,-16.053637,-29.090796
SKG_NLI_W4385342469,SKG,NLI,-16.053637,-29.090796
SKG_SA_W4385342469,SKG,SA,-16.053637,-29.090796
SKG_SUM_W4385342469,SKG,SUM,-16.053568,-29.090828
SKG_NLI_W4327550249,SKG,NLI,16.817196,-8.404295
BLOG_NLI_W4386222752,BLOG,NLI,15.46701,-50.076702
BLOG_NLI_W4381252028,BLOG,NLI,14.697078,-28.611156
NOVEL_DIA_W4381252028,NOVEL,DIA,14.696851,-28.61115
BLOG_NLI_W4378882744,BLOG,NLI,4.5392656,-51.857964
BLOG_QA_W4378882744,BLOG,QA,4.5393744,-51.858044
BLOG_SA_W4378882744,BLOG,SA,4.5393662,-51.858036
BLOG_MT_W4377220857,BLOG,MT,43.61797,-36.844505
BLOG_QA_W4367598041,BLOG,QA,-16.504347,-22.85561
BLOG_MT_W4366817968,BLOG,MT,9.330813,-15.400649
SKG_NLI_W4382987554,SKG,NLI,30.760035,-23.748192
BLOG_MT_W4321054304,BLOG,MT,46.645653,-17.921528
BLOG_MT_W4388699274,BLOG,MT,27.428988,-58.116096
BLOG_MT_W4382601497,BLOG,MT,12.93428,-70.046974
BLOG_QA_W4382601497,BLOG,QA,12.93428,-70.046974
BLOG_MT_W4381430247,BLOG,MT,17.081545,-60.931667
BLOG_NLI_W4382618993,BLOG,NLI,16.111654,-12.903207
BLOG_MT_W3202265556,BLOG,MT,38.49395,-32.533253
SKG_MT_W4383995031,SKG,MT,20.016172,-2.9787724
SKG_NLI_W4383995031,SKG,NLI,20.016819,-2.9779098
SKG_MT_W4389885061,SKG,MT,7.25152,-51.41701
SKG_NLI_W4389885061,SKG,NLI,7.2515535,-51.417027
SKG_NLI_W4389991792,SKG,NLI,13.4803705,-8.727896
SKG_SUM_W4389991792,SKG,SUM,13.480327,-8.727879
SKG_NLI_W4315977496,SKG,NLI,-17.016684,-39.98455
BLOG_NLI_W4389365236,BLOG,NLI,13.890736,-44.62279
BLOG_QA_W4389365236,BLOG,QA,13.890736,-44.62279
SKG_SA_W4315977496,SKG,SA,-17.016338,-39.98456
SKG_SUM_W4315977496,SKG,SUM,-17.016651,-39.984566
SKG_NLI_W4380685454,SKG,NLI,6.973736,-48.06906
SKG_SUM_W4380685454,SKG,SUM,6.9737763,-48.067173
SKG_NLI_W3133824676,SKG,NLI,-11.553429,-16.05005
SKG_NLI_W4390711247,SKG,NLI,-5.021656,-55.02724
BLOG_MT_W4327583885,BLOG,MT,6.6942816,-61.340275
BLOG_SUM_W4327583885,BLOG,SUM,6.6942816,-61.340275
BLOG_MT_W4319080389,BLOG,MT,14.405935,-67.485565
BLOG_SUM_W4319080389,BLOG,SUM,14.405935,-67.485565
BLOG_MT_W4381832905,BLOG,MT,15.2350235,-66.39457
SKG_SA_W4319986951,SKG,SA,2.4552395,-51.643013
SKG_NLI_W4385430679,SKG,NLI,-6.7491446,-10.713774
SKG_NLI_W3038822267,SKG,NLI,-9.940866,-26.71652
BLOG_SUM_W4377220857,BLOG,SUM,43.617653,-36.844448
BLOG_MT_W4388275106,BLOG,MT,8.2816105,-63.457325
BLOG_SA_W4319318680,BLOG,SA,8.484957,-41.55662
BLOG_DIA_W4381989081,BLOG,DIA,5.789896,-49.779762
BLOG_DIA_W4386261125,BLOG,DIA,25.40125,-19.178894
SKG_NLI_W4386576685,SKG,NLI,8.197714,1.7462251
SKG_NLI_W4382239616,SKG,NLI,-52.35581,-9.640692
SKG_NLI_W4366823175,SKG,NLI,16.902212,-7.037343
SKG_NLI_W4379769651,SKG,NLI,9.786301,-7.4770746
SKG_MT_W4389452727,SKG,MT,37.16067,-55.181664
BLOG_MT_W4384341779,BLOG,MT,7.1652617,-53.08135
BLOG_SUM_W4384341779,BLOG,SUM,7.1652603,-53.08147
BLOG_MT_W4367180472,BLOG,MT,19.62456,-61.138947
BLOG_MT_W4367049415,BLOG,MT,3.3383787,-58.470383
BLOG_SUM_W4367049415,BLOG,SUM,3.3383782,-58.473347
BLOG_PAR_W4321013654,BLOG,PAR,2.0145931,-14.328345
SKG_NLI_W4380874786,SKG,NLI,4.99239,-7.7047696
SKG_NLI_W4389519587,SKG,NLI,-37.875393,2.6565585
BLOG_NLI_W4387809804,BLOG,NLI,13.643029,-47.692574
BLOG_MT_W2136893259,BLOG,MT,37.226772,-44.01661
BLOG_QA_W2136893259,BLOG,QA,37.226948,-44.016617
BLOG_SUM_W2136893259,BLOG,SUM,37.22633,-44.015976
BLOG_MT_W4387439311,BLOG,MT,23.26304,-62.909355
SKG_NLI_W4362519158,SKG,NLI,-9.358295,-42.248543
SKG_PAR_W4362469388,SKG,PAR,26.993326,-41.564117
SKG_PAR_W4385570594,SKG,PAR,47.19395,16.424973
SKG_PAR_W4389523980,SKG,PAR,-46.54502,-14.5728855
SKG_PAR_W4367599042,SKG,PAR,-7.3193655,-21.56086
SKG_PAR_W4389897623,SKG,PAR,18.425365,-45.935806
SKG_PAR_W4313558932,SKG,PAR,-10.297591,-29.73998
BLOG_DIA_W4362667967,BLOG,DIA,15.659267,-65.73018
BLOG_DIA_W4381251484,BLOG,DIA,19.734241,-65.44287
BLOG_DIA_W4320491888,BLOG,DIA,16.549545,-65.548485
BLOG_DIA_W4319318680,BLOG,DIA,8.484707,-41.557545
SKG_NLI_W4382202677,SKG,NLI,-37.74613,12.506392
SKG_NLI_W4372266552,SKG,NLI,-25.302057,0.7635065
BLOG_DIA_W4377041419,BLOG,DIA,15.549318,-65.28255
BLOG_DIA_W4385228868,BLOG,DIA,33.652653,-58.377495
BLOG_DIA_W4321013654,BLOG,DIA,2.0145931,-14.328345
BLOG_NLI_W4321013654,BLOG,NLI,2.0145931,-14.328345
BLOG_MT_W4318457133,BLOG,MT,-0.70890486,-25.897371
SKG_PAR_W4390315357,SKG,PAR,14.230734,-41.762665
SKG_SA_W4390315357,SKG,SA,14.230734,-41.762665
SKG_NLI_W4322627364,SKG,NLI,-18.829454,-43.873363
SKG_SA_W4322627364,SKG,SA,-18.829906,-43.873257
SKG_NLI_W4315880904,SKG,NLI,5.547716,-44.356903
SKG_NLI_W4388694364,SKG,NLI,16.303185,-7.8253202
SKG_SUM_W4390711247,SKG,SUM,-5.0216546,-55.027283
SKG_NLI_W4319986951,SKG,NLI,2.4552395,-51.643013
BLOG_DIA_W4387809804,BLOG,DIA,13.643122,-47.692593
SKG_PAR_W4321479797,SKG,PAR,-20.238144,-44.017048
SKG_PAR_W4317898419,SKG,PAR,1.0491034,34.56521
SKG_PAR_W4386711868,SKG,PAR,21.89802,-27.582726
SKG_PAR_W4318484896,SKG,PAR,-19.393389,-28.256804
SKG_SA_W4318484896,SKG,SA,-19.393461,-28.256783
SKG_NLI_W4389359039,SKG,NLI,-7.9224653,-33.51588
BLOG_SUM_W4318457133,BLOG,SUM,-0.70890474,-25.897383
BLOG_MT_W4383273076,BLOG,MT,27.439655,-58.265743
BLOG_MT_W4389560718,BLOG,MT,44.891273,-34.579838
BLOG_MT_W4365143687,BLOG,MT,12.472254,-6.623136
BLOG_NLI_W4365143687,BLOG,NLI,12.472951,-6.623294
BLOG_QA_W4365143687,BLOG,QA,12.472249,-6.6231747
BLOG_SUM_W4365143687,BLOG,SUM,12.472254,-6.6231356
BLOG_MT_W4378217890,BLOG,MT,9.261859,-65.030045
SKG_PAR_W4386576685,SKG,PAR,8.198067,1.7462386
SKG_SA_W4386576685,SKG,SA,8.198067,1.7462386
BLOG_SA_W4378771755,BLOG,SA,11.482786,10.433404
BLOG_DIA_W4319341091,BLOG,DIA,37.84411,-23.521555
SKG_PAR_W4317716303,SKG,PAR,-7.7902255,-36.32645
BLOG_SUM_W4378217890,BLOG,SUM,9.261859,-65.03003
SKG_PAR_W4319459780,SKG,PAR,23.39762,-27.60179
SKG_PAR_W4386390931,SKG,PAR,19.41432,-40.757294
SKG_PAR_W4389519239,SKG,PAR,7.1043496,-4.8374867
SKG_PAR_W4385757151,SKG,PAR,20.109264,-34.693348
SKG_PAR_W4385671288,SKG,PAR,37.211338,-27.393948
SKG_PAR_W4366547384,SKG,PAR,1.9862517,-12.473233
SKG_PAR_W4389519598,SKG,PAR,48.338028,17.228619
SKG_PAR_W4366743045,SKG,PAR,23.575468,-21.918653
SKG_PAR_W4386304230,SKG,PAR,16.510468,-13.755078
SKG_PAR_W4315487473,SKG,PAR,-9.800863,-26.952803
SKG_PAR_W4387806579,SKG,PAR,20.66963,-29.483498
SKG_PAR_W4379410101,SKG,PAR,18.380718,-26.941328
BLOG_SA_W4386958277,BLOG,SA,11.596031,-53.45091
BLOG_SUM_W4386958277,BLOG,SUM,11.596031,-53.45091
BLOG_DIA_W4319301633,BLOG,DIA,22.322723,-18.122494
BLOG_DIA_W4316041216,BLOG,DIA,9.373786,-20.189816
SKG_PAR_W4387231489,SKG,PAR,32.22394,-47.458416
SKG_PAR_W4389520756,SKG,PAR,11.819204,9.820647
BLOG_PAR_W4386261125,BLOG,PAR,25.402678,-19.178864
SKG_PAR_W4382202531,SKG,PAR,-41.548534,1.184402
SKG_PAR_W4385422140,SKG,PAR,20.129318,-30.84117
SKG_PAR_W4387191968,SKG,PAR,11.963433,-17.346594
SKG_PAR_W4389519585,SKG,PAR,2.0189307,0.85505956
SKG_PAR_W4386724197,SKG,PAR,24.465054,-18.44468
SKG_PAR_W4365129631,SKG,PAR,-13.628499,-25.403519
BLOG_SA_W4316041216,BLOG,SA,9.373786,-20.189816
BLOG_DIA_W4382652828,BLOG,DIA,13.743545,-25.775593
BLOG_DIA_W4378771755,BLOG,DIA,11.482739,10.433314
NOVEL_DIA_W4383913712,NOVEL,DIA,18.88005,-48.245243
SKG_QA_W4383913712,SKG,QA,18.880262,-48.244873
SKG_SUM_W4383913712,SKG,SUM,18.879997,-48.245193
SKG_QA_W4319350602,SKG,QA,31.174831,-20.828579
SKG_SA_W4319350602,SKG,SA,31.1743,-20.828047
SKG_SUM_W4319350602,SKG,SUM,31.17431,-20.828012
NOVEL_DIA_W4375862891,NOVEL,DIA,26.770632,-28.978174
BLOG_DIA_W4388735708,BLOG,DIA,42.46504,-50.07104
SKG_PAR_W4386566638,SKG,PAR,-6.6342745,-3.996151
SKG_PAR_W4389520670,SKG,PAR,5.161977,-0.3014412
BLOG_MT_W4327946446,BLOG,MT,30.39619,-33.848625
BLOG_QA_W4327946446,BLOG,QA,30.396225,-33.84866
BLOG_SUM_W4327946446,BLOG,SUM,30.396225,-33.84867
NOVEL_DIA_W4327946446,NOVEL,DIA,30.39626,-33.848698
BLOG_MT_W4386958277,BLOG,MT,11.596031,-53.45091
BLOG_QA_W4386958277,BLOG,QA,11.596031,-53.45091
NOVEL_DIA_W4386251129,NOVEL,DIA,17.162945,-47.082825
NOVEL_DIA_W4387379065,NOVEL,DIA,9.911897,-42.200336
NOVEL_DIA_W4386867830,NOVEL,DIA,7.99696,-28.928444
SKG_QA_W4386867830,SKG,QA,7.99696,-28.928444
SKG_SUM_W4386867830,SKG,SUM,7.99696,-28.928444
NOVEL_DIA_W4318014888,NOVEL,DIA,35.062283,-27.151562
SKG_SA_W4379259169,SKG,SA,14.909823,1.6536719
SKG_SA_W4323043839,SKG,SA,14.753936,-19.519083
SKG_SA_W4376278471,SKG,SA,-43.670624,10.022462
SKG_SA_W4366588626,SKG,SA,17.77899,-21.225285
SKG_SA_W4389428089,SKG,SA,1.1855819,-40.562862
SKG_SUM_W4388522045,SKG,SUM,21.789482,-10.810792
NOVEL_SUM_W4388522045,NOVEL,SUM,21.789482,-10.810792
BLOG_DIA_W4378574344,BLOG,DIA,4.859512,-28.109163
BLOG_PAR_W4378574344,BLOG,PAR,4.8595123,-28.109161
BLOG_QA_W4378574344,BLOG,QA,4.8595123,-28.109158
SKG_SUM_W4387879971,SKG,SUM,44.9261,-21.18616
NOVEL_SUM_W4384937545,NOVEL,SUM,4.1745777,-64.40978
NOVEL_DIA_W4366989525,NOVEL,DIA,9.697256,-29.287287
NOVEL_SUM_W4402061574,NOVEL,SUM,-6.7876835,-37.842957
SKG_SUM_W4392172801,SKG,SUM,-16.858706,-39.050537
NOVEL_MT_306,NOVEL,MT,-11.98779,33.61674
NOVEL_DIA_W4393353064,NOVEL,DIA,12.780053,-49.78398
SKG_NLI_W4393353064,SKG,NLI,12.780053,-49.78398
SKG_SUM_W4393353064,SKG,SUM,12.781079,-49.783035
SKG_PAR_W4399245583,SKG,PAR,-0.3465789,-25.705524
SKG_PAR_W4405181600,SKG,PAR,1.0537935,-4.4972787
BLOG_DIA_W4392201174,BLOG,DIA,6.3886843,-52.03362
SKG_PAR_W4392732989,SKG,PAR,23.001987,-32.63077
SKG_PAR_W4393335480,SKG,PAR,-2.545845,-35.964634
SKG_SA_W4392051461,SKG,SA,4.398039,-20.955982
SKG_PAR_W4391494845,SKG,PAR,3.5035315,20.561613
SKG_PAR_W4390745503,SKG,PAR,10.048713,-8.311178
SKG_NLI_W4390616142,SKG,NLI,23.809908,-6.9314303
SKG_NLI_W4393160302,SKG,NLI,5.5357976,-11.989703
SKG_PAR_W4394927283,SKG,PAR,-9.858442,-26.99245
SKG_PAR_W4392394652,SKG,PAR,19.775742,-38.075485
SKG_NLI_W4392051461,SKG,NLI,4.3980384,-20.955973
BLOG_DIA_W4392941225,BLOG,DIA,26.894003,-31.222576
BLOG_DIA_W4391099296,BLOG,DIA,24.032593,-56.312008
BLOG_MT_W1637437975,BLOG,MT,35.837376,-38.075874
BLOG_DIA_W4396794085,BLOG,DIA,31.201962,-44.77125
SKG_PAR_W4394949392,SKG,PAR,23.298603,-39.397552
SKG_MT_W4400949264,SKG,MT,19.164677,-14.932563
BLOG_MT_W2035237805,BLOG,MT,46.72575,-11.365644
SKG_NLI_W4391514872,SKG,NLI,-18.356855,-39.905212
SKG_SA_W4391514872,SKG,SA,-18.356855,-39.905212
SKG_MT_W4394998532,SKG,MT,11.64987,-0.33067372
BLOG_MT_W4392817459,BLOG,MT,16.66878,-72.04867
SKG_NLI_W4390793092,SKG,NLI,25.474203,-55.632927
SKG_NLI_W4391109864,SKG,NLI,15.818932,-3.57643
SKG_MT_W4393148714,SKG,MT,-36.292675,-21.364733
BLOG_NLI_W4401386758,BLOG,NLI,-1.4780127,-34.066753
SKG_SUM_W4390793092,SKG,SUM,25.474237,-55.632484
SKG_NLI_W4393148714,SKG,NLI,-36.292675,-21.364733
SKG_SUM_W4393148714,SKG,SUM,-36.292076,-21.364767
BLOG_NLI_W4401889742,BLOG,NLI,-15.64202,-28.01897
BLOG_SA_W4401889742,BLOG,SA,-15.642275,-28.018925
BLOG_DIA_W4395049384,BLOG,DIA,6.766719,-55.21942
BLOG_DIA_W4390608362,BLOG,DIA,9.62435,-50.5552
SKG_PAR_W4392563948,SKG,PAR,4.562144,12.009921
SKG_QA_W4390946922,SKG,QA,36.225296,-56.221996
SKG_QA_W4391649568,SKG,QA,2.2253294,-55.909775
SKG_QA_W4391136507,SKG,QA,-3.2063775,-35.259033
SKG_MT_W4392773210,SKG,MT,22.607288,-43.025215
SKG_QA_W4392773210,SKG,QA,22.607494,-43.025436
SKG_SUM_W4392773210,SKG,SUM,22.607302,-43.02535
BLOG_NLI_W4391617198,BLOG,NLI,7.2414527,-52.375908
SKG_DIA_W4402713111,SKG,DIA,4.920179,17.03806
BLOG_PAR_W4390587679,BLOG,PAR,10.164638,-31.245628
BLOG_PAR_W4392358084,BLOG,PAR,-7.5799346,-26.311378
BLOG_DIA_W4392769984,BLOG,DIA,26.02306,-43.49996
BLOG_SA_W4390608362,BLOG,SA,9.62435,-50.5552
BLOG_SA_W4392769984,BLOG,SA,26.02306,-43.49996
SKG_QA_W4394857110,SKG,QA,44.975563,-32.492065
SKG_DIA_W4393147129,SKG,DIA,7.1970043,-5.1051626
BLOG_NLI_W4391130440,BLOG,NLI,7.0783176,-50.96556
BLOG_PAR_W4392168447,BLOG,PAR,-13.092532,-42.40628
BLOG_PAR_W4393118307,BLOG,PAR,-8.795195,-50.284927
SKG_DIA_W4391403992,SKG,DIA,14.758301,-47.064404
BLOG_PAR_W121702922,BLOG,PAR,32.25703,-42.774826
SKG_DIA_W4394879925,SKG,DIA,33.228455,-54.66513
SKG_SA_W4391403992,SKG,SA,14.758812,-47.064564
BLOG_DIA_W4394828356,BLOG,DIA,-14.358584,-39.52379
BLOG_NLI_W4394828356,BLOG,NLI,-14.358584,-39.52379
BLOG_QA_W4394828356,BLOG,QA,-14.358584,-39.52379
BLOG_PAR_W4391598857,BLOG,PAR,10.798428,-38.656387
BLOG_PAR_W4391947388,BLOG,PAR,-2.7813084,-40.51865
SKG_MT_W4394857110,SKG,MT,44.97627,-32.49245
SKG_NLI_W4394857110,SKG,NLI,44.97627,-32.49245
BLOG_PAR_W4391679299,BLOG,PAR,17.0833,-47.222656
BLOG_PAR_W4391105961,BLOG,PAR,9.196714,-63.166595
BLOG_PAR_W4391841769,BLOG,PAR,40.893528,-39.291855
SKG_SUM_W4390490761,SKG,SUM,-8.854471,-30.730202
BLOG_PAR_W4401730081,BLOG,PAR,27.305958,-57.327866
BLOG_PAR_W4392402185,BLOG,PAR,-0.40313053,-35.774773
SKG_MT_W4390490761,SKG,MT,-8.854072,-30.729963
SKG_DIA_W4390490761,SKG,DIA,-8.854382,-30.734695
SKG_DIA_W4392939809,SKG,DIA,16.18411,-49.146427
BLOG_QA_W4390829176,BLOG,QA,14.386155,-49.697254
BLOG_SA_W4393115925,BLOG,SA,-19.229836,-43.35247
BLOG_SA_W4392303127,BLOG,SA,-13.07031,-46.931297
SKG_NLI_W4390490761,SKG,NLI,-8.854218,-30.734467
SKG_PAR_W4390490761,SKG,PAR,-8.854218,-30.734465
SKG_SA_W4390490761,SKG,SA,-8.854218,-30.734465
SKG_QA_W2067822693,SKG,QA,31.060772,-44.074963
BLOG_DIA_W4390829176,BLOG,DIA,14.386183,-49.697872
BLOG_SA_W1534098791,BLOG,SA,31.358206,-39.100403
BLOG_SA_W4391386256,BLOG,SA,7.0161834,-58.064915
BLOG_SA_W4391164176,BLOG,SA,-11.451552,-40.454174
SKG_SUM_W4393065402,SKG,SUM,-9.008973,-33.93951
SKG_QA_W4393065402,SKG,QA,-9.009541,-33.939182
NOVEL_SA_W4390791326,NOVEL,SA,30.580782,-45.965664
BLOG_SUM_W1650569836,BLOG,SUM,45.64256,-27.630238
BLOG_SA_W4392621828,BLOG,SA,13.989703,-51.1498
SKG_SUM_W4391876619,SKG,SUM,-9.122018,-8.761676
NOVEL_SUM_W4392044798,NOVEL,SUM,9.513262,-7.70782
NOVEL_QA_W4403420208,NOVEL,QA,35.938644,-25.0529
BLOG_SA_W4394828356,BLOG,SA,-14.358584,-39.52379
BLOG_NLI_W4391855109,BLOG,NLI,-4.6430664,-33.84521
NOVEL_SA_W4396583326,NOVEL,SA,16.400328,6.6341834
NOVEL_SA_W4403939428,NOVEL,SA,38.099007,-47.538517
SKG_DIA_W4393065402,SKG,DIA,-9.01017,-33.939102
SKG_MT_W4393065402,SKG,MT,-9.008974,-33.939514
SKG_NLI_W4393065402,SKG,NLI,-9.010352,-33.939007
NOVEL_SA_W4396560090,NOVEL,SA,36.00642,-55.15618
NOVEL_DIA_W4404046121,NOVEL,DIA,23.575424,-8.338593
SKG_QA_W4402665833,SKG,QA,0.2853797,-36.35155
NOVEL_QA_W4391876619,NOVEL,QA,-9.122018,-8.761676
SKG_DIA_W4391876619,SKG,DIA,-9.121985,-8.761591
SKG_QA_W4391876619,SKG,QA,-9.121996,-8.76166
NOVEL_MT_W4403369705,NOVEL,MT,13.060548,-67.21645
BLOG_DIA_W4391855109,BLOG,DIA,-4.6401396,-33.846294
NOVEL_QA_W4392044798,NOVEL,QA,9.513202,-7.7074776
NOVEL_DIA_W4390912254,NOVEL,DIA,7.7362585,-56.507042
NOVEL_QA_W4391855109,NOVEL,QA,-4.637282,-33.84233
NOVEL_MT_W4391855109,NOVEL,MT,-4.6389294,-33.84346
BLOG_SA_W4391855109,BLOG,SA,-4.6389294,-33.84346
BLOG_QA_W4391855109,BLOG,QA,-4.6389294,-33.84346
BLOG_PAR_W4391855109,BLOG,PAR,-4.6389294,-33.84346
SKG_SUM_W4402061574,SKG,SUM,-6.7876787,-37.842968
NOVEL_MT_W4392471745,NOVEL,MT,30.832916,-44.044353
SKG_SUM_W4390692489,SKG,SUM,31.893503,-0.81862926
SKG_QA_W4390692489,SKG,QA,31.893503,-0.81862926
SKG_NLI_W4390692489,SKG,NLI,31.893503,-0.81862926
NOVEL_QA_W4390692489,NOVEL,QA,31.893503,-0.81862926
NOVEL_DIA_W4390692489,NOVEL,DIA,31.893503,-0.81862926
BLOG_DIA_W4399790131,BLOG,DIA,21.202772,-36.32023
SKG_DIA_W4394828156,SKG,DIA,22.934736,-13.574384
SKG_NLI_W4394828156,SKG,NLI,22.934729,-13.574384
NOVEL_DIA_W4392240262,NOVEL,DIA,-4.4070797,-30.888788
SKG_DIA_W4392240262,SKG,DIA,-4.407465,-30.888948
SKG_NLI_W4392240262,SKG,NLI,-4.40696,-30.8887
SKG_SA_W4392240262,SKG,SA,-4.407521,-30.88855
SKG_SA_W4399518864,SKG,SA,18.441483,-45.871014
SKG_SUM_W4391994727,SKG,SUM,7.6591125,-60.414185
NOVEL_DIA_W4399790131,NOVEL,DIA,21.202501,-36.31966
NOVEL_DIA_W4390828922,NOVEL,DIA,1.5217073,-37.383938
NOVEL_DIA_W4394828156,NOVEL,DIA,22.93473,-13.574384
NOVEL_MT_W4392757206,NOVEL,MT,12.738449,-67.225624
BLOG_MT_W2626778328,BLOG,MT,-7.1358085,30.587597
NOVEL_MT_W2626778328,NOVEL,MT,-7.1356626,30.587507
NOVEL_MT_188,NOVEL,MT,47.29728,-18.333042
NOVEL_DIA_W202708134,NOVEL,DIA,26.943659,-18.096857
SKG_NLI_W4406152279,SKG,NLI,12.868748,5.0015864
SKG_SUM_W4406152279,SKG,SUM,12.868916,5.001549
NOVEL_QA_W4406152279,NOVEL,QA,12.868747,5.001587
NOVEL_DIA_W1511604355,NOVEL,DIA,50.153767,-31.053843
SKG_NLI_W4406026056,SKG,NLI,23.824268,-41.49819
BLOG_SUM_W4394666973,BLOG,SUM,-17.270048,-27.166758
BLOG_SUM_W4411096100,BLOG,SUM,-5.5257144,-41.044376
BLOG_PAR_W4406102289,BLOG,PAR,10.464219,-53.818756
SKG_DIA_W4406026056,SKG,DIA,23.824253,-41.49821
NOVEL_MT_W1591719028,NOVEL,MT,34.185715,-42.75993
BLOG_DIA_W1994546180,BLOG,DIA,34.38517,-44.110657
BLOG_QA_W1994546180,BLOG,QA,34.38513,-44.10899
NOVEL_DIA_W1994546180,NOVEL,DIA,34.38461,-44.11058
